timestamp_ms,ra,sp,t0,t1,t2,fp,a0,a1,a2,a3,a4,a5,a6,a7,t3,t4,t5,t6,pc,fs0,fa0,fa1,fa2,fa3,fa4,fa5,dpc,mcycle,minstret,cycle,instret,hpmcounter3,hpmcounter4,hpmcounter6,hpmcounter7,hpmcounter8,hpmcounter9,hpmcounter10
1784437652746,0x0000000080005806,0x0000000080018ee0,0x0000000080007a7a,0x000000000000000f,0x00000000800191f0,0x0000000080018f20,0x00000000800194a0,0x0000000080019310,0x0000000000000003,0x0000000080019310,0x0000000000000001,0x0000000000000006,0x000000008000f201,0x3fd5b1beed861481,0x0000000000000000,0x000000007206410e,0x00000000004f83a9,0x3fedd0be65503670,0x0000000080004b58,0x0000000000000000,0x414fe4d2cbf487fd,0x4129fe751bf487fd,0x41520751e10e5604,0x3fc17a1e147b1a48,0x3fc17a1e147b1a48,0x0000000000000000,0x0000000080004b58,0x0000000000bfd26b,0x0000000000b7e35a,0x0000000000bfd26b,0x0000000000b7e35a,0x0000000000109bb4,0x0000000000000533,0x000000000000516e,0x0000000000000594,0x00000000000048dc,0x0000000000576977,0x00000000000012b7
1784437653589,0x0000000080006260,0x0000000080019230,0x402a6014655676c9,0x0000000000000000,0x0000000000000000,0x0000000080019440,0x0000000080019698,0x00000000800194a0,0x000000008000f238,0x00000000800003f0,0x0000000000000002,0x0000000000000006,0xffffffff9cdfdbfe,0xffffffffe773bd4c,0x0000000000000000,0xffffffff9cdf58b8,0x000000000056f97a,0x3fedd0be6231d53c,0x0000000080005be6,0x0000000000000000,0x4025be5eb9dcef53,0x4129fe751bf487fd,0x41520751e10e5604,0x01a56e1fc2f8f359,0x0000000000000000,0x0000000000000000,0x0000000080005be6,0x0000000000c0a54c,0x0000000000b8b48d,0x0000000000c0a54c,0x0000000000b8b48d,0x000000000010ad2b,0x000000000000053c,0x000000000000516e,0x0000000000000594,0x0000000000004941,0x000000000057cfb2,0x00000000000012ba
1784437654496,0x000000008000583a,0x0000000080018ed0,0x0000000080007a7a,0x000000000000000f,0x00000000800191f0,0x0000000080018f20,0x00000000800194a0,0x000000008000f238,0x0000000000000003,0x0000000000000006,0x00000000800191f0,0x0000000000000050,0x000000008000f201,0x3fdace0b8635f3b8,0x0000000000000000,0xffffffffeef8bf80,0x0000000000484891,0x3fedd0be6231d53c,0x0000000080004980,0x0000000000000000,0x414fe4d331fbe76d,0x4129fe7167bb2fec,0x41520751cc75f6fd,0x3ff0000000000000,0x0000000000000000,0x0000000000000000,0x0000000080004980,0x0000000000c17700,0x0000000000b980c8,0x0000000000c17700,0x0000000000b980c8,0x000000000010c257,0x000000000000053e,0x0000000000005170,0x000000000000059f,0x0000000000004965,0x000000000058339d,0x00000000000012bd
1784437655408,0x00000000800056f8,0x0000000080019060,0x0000000080007a7a,0x000000000000000f,0x0000000080019430,0x00000000800190b0,0x0000000080019548,0x000000008000f238,0x0000000000000006,0x0000000000000006,0x0000000080019548,0x00000000800195c0,0x000000008000f201,0x3fdeccc003cc5914,0x0000000000000000,0x000000006486f0de,0x00000000007f3beb,0x3fedd0be60a0cafb,0x00000000800049a4,0x0000000000000000,0x414fe4d5030be0df,0x4129fe7a89d49518,0x4152074f020902de,0x3ff0000000000000,0x3fdcf46da09bc54d,0x3fdcf46da09bc54d,0x00000000800049a4,0x0000000000c25bc8,0x0000000000ba6065,0x0000000000c25bc8,0x0000000000ba6065,0x000000000010d9c2,0x0000000000000549,0x0000000000005173,0x00000000000005ae,0x00000000000049df,0x000000000058a44f,0x00000000000012c0
1784437656310,0x0000000080005018,0x0000000080018e40,0x0000000080007a7a,0x0000000000000000,0x00000000800191f0,0x0000000080018e90,0x0000000000000000,0x00000000518c51d3,0x000000003fe00000,0x40257725518c51d3,0x0000000000000003,0x0000000000000003,0x0000000008b6f2bf,0x000000004631474c,0x0000000000000000,0x00000000088660b8,0x000000000055dc95,0x3fedd0be60a0cafb,0x000000008000513e,0x0000000000000000,0x40257725518c51d3,0x4129fe7a89d49518,0x4152074f020902de,0x01a56e1fc2f8f359,0x0000000000000000,0x0000000000000000,0x000000008000513e,0x0000000000c315ef,0x0000000000bb1a8a,0x0000000000c315ef,0x0000000000bb1a8a,0x000000000010e866,0x000000000000054f,0x0000000000005173,0x00000000000005ae,0x0000000000004a1a,0x000000000058fed2,0x00000000000012c3
1784437657235,0x0000000080005744,0x0000000080019060,0x0000000080007a7a,0x000000000000000f,0x00000000800191f0,0x00000000800190b0,0x0000000080019310,0x00000000800191f0,0x0000000000000006,0x0000000000000006,0x0000000000000003,0x0000000000000006,0x000000008000f201,0x3fdb530c6ae4c793,0x0000000000000000,0xffffffffaf7a0838,0x0000000000663093,0x3fedd0be603a78ea,0x00000000800049b0,0x0000000000000000,0x414fe4d29bfe5c92,0x4129fe74c7c84b5e,0x415207505cc63f14,0x0000000000000000,0x0000000000000000,0x0000000000000000,0x00000000800049b0,0x0000000000c404cb,0x0000000000bc027b,0x0000000000c404cb,0x0000000000bc027b,0x00000000001100ae,0x0000000000000554,0x0000000000005176,0x00000000000005bd,0x0000000000004a81,0x000000000059709c,0x00000000000012c6
1784437658120,0x00000000800057ae,0x0000000080018d90,0x0000000080007a7a,0x0000000000000000,0x00000000800191f0,0x0000000080018de0,0x0000000080018f50,0x000000008000f238,0x0000000000000006,0x0000000000000006,0x0000000000000002,0x0000000000000006,0x00000000567febea,0x00000000455b0ec8,0x0000000000000000,0x00000000567ac1e0,0x000000000055dc95,0x3fedd0be603a78ea,0x000000008000498e,0x0000000000000000,0x402577255156c3b2,0x4129fe74c7c84b5e,0x415207505cc63f14,0x8000000000000000,0x0000000000000000,0x0000000000000000,0x000000008000498e,0x0000000000c4e4ca,0x0000000000bce16e,0x0000000000c4e4ca,0x0000000000bce16e,0x00000000001112ee,0x000000000000055d,0x0000000000005176,0x00000000000005bd,0x0000000000004ad6,0x000000000059dc00,0x00000000000012c9
1784437658916,0x0000000080005744,0x0000000080019060,0x0000000080007a7a,0x000000000000000f,0x00000000800191f0,0x00000000800190b0,0x0000000080019310,0x00000000800191f0,0x0000000000000006,0x0000000000000006,0x0000000000000004,0x0000000000000016,0x000000008000f201,0x3fdb488e657bd1f8,0x0000000000000000,0xffffffffe41f1578,0x00000000004b24ed,0x3fedd0be60ac1b70,0x00000000800049e2,0x0000000000000000,0x414fe4d379581062,0x4129fe7c0902de01,0x41520752484816f0,0x0000000000000000,0x0000000000000000,0x0000000000000000,0x00000000800049e2,0x0000000000c5911d,0x0000000000bd8741,0x0000000000c5911d,0x0000000000bd8741,0x0000000000112561,0x000000000000055f,0x0000000000005178,0x00000000000005c8,0x0000000000004b2d,0x00000000005a2f1b,0x00000000000012cc
1784437659480,0x00000000800057ae,0x0000000080018d90,0x0000000080007a7a,0x0000000000000000,0x00000000800191f0,0x0000000080018de0,0x0000000080018f50,0x000000008000f238,0x0000000000000006,0x0000000000000006,0x0000000000000001,0x0000000000000006,0x000000003d79e3ef,0x0000000044bcf85a,0x0000000000000000,0x000000003d70c02e,0x000000000055dc95,0x3fedd0be60ac1b70,0x00000000800049b0,0x0000000000000000,0x40257725512f3e17,0x4129fe7c0902de01,0x41520752484816f0,0x8000000000000000,0x0000000000000000,0x0000000000000000,0x00000000800049b0,0x0000000000c647a3,0x0000000000be3d6b,0x0000000000c647a3,0x0000000000be3d6b,0x000000000011343d,0x0000000000000568,0x0000000000005178,0x00000000000005c8,0x0000000000004b75,0x00000000005a8761,0x00000000000012cf
1784437660120,0x0000000080005820,0x0000000080018ed0,0x0000000080007a7a,0x000000000000000f,0x00000000800191f0,0x0000000080018f20,0x000000008000f238,0x0000000080019310,0x0000000000000006,0x0000000000000006,0x0000000000000001,0x0000000000000003,0x000000008000f201,0x3fdf92baafc2c467,0x0000000000000000,0xffffffff9e15ed38,0x000000000061d3bc,0x3fedd0be61b18094,0x00000000800049d6,0x0000000000000000,0x414fe4d5509374bc,0x4129fe7c37dbf488,0x4152074eddeecbfb,0x3fbaec350bbc791c,0x0000000000000000,0x0000000000000000,0x00000000800049d6,0x0000000000c72d6f,0x0000000000bf1cfa,0x0000000000c72d6f,0x0000000000bf1cfa,0x0000000000114b53,0x000000000000056a,0x000000000000517a,0x00000000000005d3,0x0000000000004bcf,0x00000000005af5cb,0x00000000000012d2
1784437661021,0x0000000080006260,0x0000000080019230,0x402a6014537e8711,0x0000000000000000,0x0000000000000000,0x0000000080019440,0x0000000080019698,0x00000000800194a0,0x000000008000f238,0x00000000800003f0,0x0000000000000002,0x0000000000000004,0x000000002ba7fbf3,0xfffffffff2135068,0x0000000000000000,0x000000002ba76ae0,0x00000000004cf81e,0x3fedd0be631396b9,0x0000000080005c32,0x0000000000000000,0x40233e07bc84d41a,0x4129fe7c37dbf488,0x4152074eddeecbfb,0x01a56e1fc2f8f359,0x3fedd0be631396b9,0x3fedd0be631396b9,0x0000000080005c32,0x0000000000c8080b,0x0000000000bff4b5,0x0000000000c8080b,0x0000000000bff4b5,0x0000000000115f7c,0x0000000000000573,0x000000000000517a,0x00000000000005d3,0x0000000000004c25,0x00000000005b60a1,0x00000000000012d5
1784437661925,0x000000008000589c,0x0000000080018ed0,0x0000000080007a7a,0x0000000000000000,0x00000000800191f0,0x0000000080018f20,0x0000000080019280,0x0000000080019118,0x0000000000000006,0x0000000000000003,0x0000000000000002,0x0000000000000000,0xffffffffa925bdfe,0x000000004400b366,0x0000000000000000,0xffffffffa92419ae,0x000000000055dc95,0x3fedd0be631396b9,0x0000000080004966,0x0000000000000000,0x4025772551002cda,0x4129fe7f252bd3c3,0x4152075147b2fec5,0x0000000000000000,0x0000000000000000,0x0000000000000000,0x0000000080004966,0x0000000000c8f775,0x0000000000c0e0e8,0x0000000000c8f775,0x0000000000c0e0e8,0x0000000000117513,0x000000000000057e,0x000000000000517d,0x00000000000005e2,0x0000000000004c81,0x00000000005bd488,0x00000000000012d8
1784437662841,0x000000008000571c,0x0000000080019070,0x0000000080007a7a,0x000000000000000f,0x0000000080019310,0x00000000800190b0,0x0000000080019548,0x00000000800191f0,0x0000000000000006,0x0000000000000001,0x0000000080019598,0x0000000000000018,0x000000008000f201,0x3fdc4474d88c21e5,0x0000000000000000,0x000000004b11215e,0x00000000006e2b08,0x3fedd0be64a6e921,0x0000000080004b7e,0x0000000000000000,0x414fe4d384e075f7,0x4129fe6b3b71758e,0x41520750e306f694,0x3ff0000000000000,0x0000000000000000,0x0000000000000000,0x0000000080004b7e,0x0000000000c9cf41,0x0000000000c1b1e9,0x0000000000c9cf41,0x0000000000c1b1e9,0x0000000000118b65,0x0000000000000580,0x0000000000005180,0x00000000000005ef,0x0000000000004ce2,0x00000000005c3ba2,0x00000000000012db
1784437663719,0x00000000800057ae,0x0000000080018d90,0x0000000080007a7a,0x0000000000000000,0x00000000800191f0,0x0000000080018de0,0x0000000080018f50,0x000000008000f238,0x0000000000000006,0x0000000000000006,0x0000000080018df0,0x0000000000000005,0xffffffffea67ab7e,0x0000000043d165ee,0x0000000000000000,0xffffffffea672b5e,0x000000000055dc95,0x3fedd0be64a6e921,0x00000000800049f6,0x0000000000000000,0x4025772550f4597c,0x4129fe6b3b71758e,0x41520750e306f694,0x8000000000000000,0x0000000000000000,0x0000000000000000,0x00000000800049f6,0x0000000000caaa22,0x0000000000c28d23,0x0000000000caaa22,0x0000000000c28d23,0x0000000000119d38,0x0000000000000589,0x0000000000005180,0x00000000000005ef,0x0000000000004d17,0x00000000005ca543,0x00000000000012de
1784437664642,0x000000008000575e,0x0000000080019070,0x0000000080007a7a,0x000000000000000f,0x00000000800191f0,0x00000000800190b0,0x00000000800190d0,0x00000000800002d0,0x000000008000f238,0x0000000000000006,0x000000008000f238,0x0000000000000004,0x000000008000f201,0x3fdc4a7b829a8362,0x0000000000000000,0xffffffff9441a938,0x0000000000633de1,0x3fedd0be664a1b25,0x0000000080004c68,0x0000000000000000,0x414fe4d141581062,0x4129fe6de3c9eecc,0x41520750020ded29,0x3fc17a1e1ada22e5,0x0000000000000000,0x0000000000000000,0x0000000080004c68,0x0000000000cb8395,0x0000000000c3602d,0x0000000000cb8395,0x0000000000c3602d,0x000000000011b363,0x000000000000058b,0x0000000000005182,0x00000000000005fa,0x0000000000004d66,0x00000000005d0dcd,0x00000000000012e1
1784437665567,0x0000000080006260,0x0000000080019230,0x402a601451253ae6,0x0000000000000000,0x0000000000000000,0x0000000080019440,0x0000000080019698,0x00000000800194a0,0x000000008000f238,0x00000000800003f0,0x0000000000000000,0x0000000000000000,0xffffffffdc97affa,0xffffffff8d1a5878,0x0000000000000000,0xffffffffdc86a3e0,0x00000000005d51da,0x3fedd0be67e46f0e,0x0000000080005bbe,0x0000000000000000,0x40175476a346961e,0x4129fe6de3c9eecc,0x41520750020ded29,0x01a56e1fc2f8f359,0x0000000000000000,0x0000000000000000,0x0000000080005bbe,0x0000000000cc5a46,0x0000000000c435f2,0x0000000000cc5a46,0x0000000000c435f2,0x000000000011c52b,0x0000000000000594,0x0000000000005182,0x00000000000005fa,0x0000000000004db4,0x00000000005d7625,0x00000000000012e4
1784437666175,0x0000000080005820,0x0000000080018ed0,0x0000000080007a7a,0x000000000000000f,0x00000000800191f0,0x0000000080018f20,0x000000008000f238,0x0000000080019310,0x0000000000000006,0x0000000000000006,0x0000000000000004,0x0000000000000012,0x000000008000f201,0x3fd9f39ef33aa666,0x0000000000000000,0x000000000bc7093e,0x00000000004236c2,0x3fedd0be67e46f0e,0x0000000080004998,0x0000000000000000,0x414fe4cebfb15b57,0x4129fe7716ae7d56,0x41520754aa147ae1,0x3fbaec350bbbe120,0x0000000000000000,0x0000000000000000,0x0000000080004998,0x0000000000cd0fb5,0x0000000000c4e5e6,0x0000000000cd0fb5,0x0000000000c4e5e6,0x000000000011d807,0x0000000000000596,0x0000000000005184,0x0000000000000605,0x0000000000004de0,0x00000000005dcce2,0x00000000000012e7
1784437666737,0x00000000800057c6,0x0000000080018de0,0x402a601450ff50d2,0x0000000000000000,0x0000000000000000,0x0000000080018f20,0x000000008000f238,0x0000000080018ec8,0x0000000000000040,0x000000008000f358,0x000000008000f358,0x000000008000f310,0x0000000000000048,0x0000000000000000,0x0000000000000000,0x0000000000000000,0x0000000000000000,0x3fedd0be69646230,0x0000000080007b96,0x0000000000000000,0x4025772550eba187,0x4129fe7716ae7d56,0x41520754aa147ae1,0x3ff0000000000000,0xbf847ae1439c689f,0x3fc17a1e1b7d0843,0x0000000080007b96,0x0000000000cdc98f,0x0000000000c59eea,0x0000000000cdc98f,0x0000000000c59eea,0x000000000011e73a,0x000000000000059f,0x0000000000005184,0x0000000000000605,0x0000000000004e1c,0x00000000005e2650,0x00000000000012ea
1784437667660,0x0000000080005820,0x0000000080018ed0,0x0000000080007a7a,0x000000000000000f,0x00000000800191f0,0x0000000080018f20,0x000000008000f238,0x0000000080019310,0x0000000000000006,0x0000000000000006,0x000000008000f238,0x000000008000f278,0x000000008000f201,0x3fe1648bd8cded24,0x0000000000000000,0xffffffffe7ecbe00,0x00000000006ed529,0x3fedd0be69646230,0x00000000800049a4,0x0000000000000000,0x414fe4d05985f06f,0x4129fe76e28f5c29,0x4152074f2fb15b57,0x3fbaec350bbba818,0x3fe1aec7af36ff69,0x3fe1aec7af36ff69,0x00000000800049a4,0x0000000000ce7d10,0x0000000000c64cd0,0x0000000000ce7d10,0x0000000000c64cd0,0x000000000011fa45,0x00000000000005a1,0x0000000000005187,0x0000000000000614,0x0000000000004e6d,0x00000000005e7d77,0x00000000000012ed
1784437668538,0x0000000080006260,0x0000000080019230,0x402a60145107adb3,0x0000000000000000,0x0000000000000000,0x0000000080019440,0x0000000080019698,0x00000000800194a0,0x000000008000f238,0x00000000800003f0,0x0000000000000002,0x000000000000000c,0x000000007adc7f5f,0xffffffffbada174e,0x0000000000000000,0x000000007a84721e,0x00000000004d9a58,0x3fedd0be6abe6493,0x0000000080005bc4,0x0000000000000000,0x402366962eb685d4,0x4129fe76e28f5c29,0x4152074f2fb15b57,0x01a56e1fc2f8f359,0x0000000000000000,0x0000000000000000,0x0000000080005bc4,0x0000000000cf5659,0x0000000000c72382,0x0000000000cf5659,0x0000000000c72382,0x0000000000120df0,0x00000000000005aa,0x0000000000005187,0x0000000000000614,0x0000000000004ec4,0x00000000005ee79a,0x00000000000012f0
1784437669421,0x000000008000583a,0x0000000080018ed0,0x0000000080007a7a,0x000000000000000f,0x00000000800191f0,0x0000000080018f20,0x00000000800194a0,0x000000008000f238,0x0000000000000003,0x0000000000000006,0x000000008000f238,0x000000008000f280,0x000000008000f201,0x3fdd1056907b83f1,0x0000000000000000,0x000000007713bd38,0x00000000005beb71,0x3fedd0be6abe6493,0x00000000800049c6,0x0000000000000000,0x414fe4d36ee978d5,0x4129fe8846dc5d64,0x4152074effe5c91d,0x0000000000000000,0x0000000000000000,0x0000000000000000,0x00000000800049c6,0x0000000000d021d4,0x0000000000c7ea9d,0x0000000000d021d4,0x0000000000c7ea9d,0x00000000001220fb,0x00000000000005ac,0x000000000000518a,0x0000000000000623,0x0000000000004ef2,0x00000000005f47ca,0x00000000000012f3
1784437670301,0x00000000800056f8,0x0000000080019060,0x0000000080007a7a,0x000000000000000f,0x0000000080019430,0x00000000800190b0,0x0000000080019548,0x000000008000f238,0x0000000000000006,0x0000000000000006,0x0000000080019310,0x0000000000000001,0x000000008000f201,0x3fd7616c81cb0520,0x0000000000000000,0xffffffffb51afd38,0x00000000007e9010,0x3fedd0be6bebb065,0x00000000800049fc,0x0000000000000000,0x414fe4d0d1f212d7,0x4129fe8394f0d845,0x415207532b8ef34d,0x0000000000000000,0x0000000000000000,0x0000000000000000,0x00000000800049fc,0x0000000000d10f7b,0x0000000000c8d2f9,0x0000000000d10f7b,0x0000000000c8d2f9,0x0000000000123925,0x00000000000005b7,0x000000000000518c,0x000000000000062e,0x0000000000004f74,0x00000000005fbc93,0x00000000000012f6
1784437671177,0x00000000800058f2,0x0000000080018ed0,0x0000000080007a7a,0x0000000000000000,0x00000000800191f0,0x0000000080018f20,0x00000000800193a0,0x00000000800194a0,0x0000000000000006,0x0000000000000003,0x0000000080018f50,0x0000000080018ff8,0xffffffff93c0ddfe,0x0000000043c8aefe,0x0000000000000000,0xffffffff93c0ddfe,0x000000000055dc95,0x3fedd0be6bebb065,0x00000000800049f0,0x0000000000000000,0x4025772550f22bc0,0x4129fe8394f0d845,0x415207532b8ef34d,0x0000000000000000,0x0000000000000000,0x0000000000000000,0x00000000800049f0,0x0000000000d1e2f8,0x0000000000c9a6c5,0x0000000000d1e2f8,0x0000000000c9a6c5,0x0000000000124a5e,0x00000000000005c0,0x000000000000518c,0x000000000000062e,0x0000000000004faf,0x00000000006022d0,0x00000000000012f9
1784437672065,0x0000000080005744,0x0000000080019060,0x0000000080007a7a,0x000000000000000f,0x00000000800191f0,0x00000000800190b0,0x0000000080019310,0x00000000800191f0,0x0000000000000006,0x0000000000000006,0x0000000000000003,0x0000000000000006,0x000000008000f201,0x3fdc2d3ad158b1a4,0x0000000000000000,0x000000005282be3e,0x000000000040c020,0x3fedd0be6ce94306,0x000000008000498e,0x0000000000000000,0x414fe4d14fb15b57,0x4129fe609c84b5dd,0x415207520aae7d56,0x3fb85cd8e2c53bad,0x3fb85cd8e2c53bad,0x3fb85cd8e2c53bad,0x000000008000498e,0x0000000000d2bb4d,0x0000000000ca78d8,0x0000000000d2bb4d,0x0000000000ca78d8,0x0000000000126061,0x00000000000005c2,0x000000000000518e,0x0000000000000639,0x0000000000004ffc,0x0000000000608ab7,0x00000000000012fc
1784437672982,0x00000000800057ae,0x0000000080018d90,0x0000000080007a7a,0x0000000000000000,0x00000000800191f0,0x0000000080018de0,0x0000000080018f50,0x000000008000f238,0x0000000000000006,0x0000000000000006,0x0000000080018df0,0x0000000080018e80,0xfffffffff2576bef,0x0000000043d961fa,0x0000000000000000,0xfffffffff2564bee,0x000000000055dc95,0x3fedd0be6ce94306,0x00000000800049f0,0x0000000000000000,0x4025772550f6587f,0x4129fe609c84b5dd,0x415207520aae7d56,0x8000000000000000,0x0000000000000000,0x0000000000000000,0x00000000800049f0,0x0000000000d38883,0x0000000000cb45c3,0x0000000000d38883,0x0000000000cb45c3,0x0000000000127121,0x00000000000005cb,0x000000000000518e,0x0000000000000639,0x000000000000503b,0x000000000060eda6,0x00000000000012ff
1784437673588,0x0000000080005744,0x0000000080019060,0x0000000080007a7a,0x000000000000000f,0x00000000800191f0,0x00000000800190b0,0x0000000080019310,0x00000000800191f0,0x0000000000000006,0x0000000000000006,0x0000000000000005,0x000000000000001d,0x000000008000f201,0x3fdd62dee000bbc0,0x0000000000000000,0x000000002e181ee0,0x000000000052be5c,0x3fedd0be6db6f839,0x00000000800049e4,0x0000000000000000,0x414fe4d2f4432ca5,0x4129fe831bb2fec5,0x41520754301a36e3,0x0000000000000000,0x0000000000000000,0x0000000000000000,0x00000000800049e4,0x0000000000d43ddc,0x0000000000cbf4ce,0x0000000000d43ddc,0x0000000000cbf4ce,0x000000000012845d,0x00000000000005cd,0x0000000000005191,0x0000000000000648,0x000000000000508c,0x0000000000614515,0x0000000000001302
1784437674177,0x00000000800057ae,0x0000000080018d90,0x0000000080007a7a,0x0000000000000000,0x00000000800191f0,0x0000000080018de0,0x0000000080018f50,0x000000008000f238,0x0000000000000006,0x0000000000000006,0x0000000000000000,0x0000000000000006,0xffffffffccbe3938,0x0000000043eaab2c,0x0000000000000000,0xffffffffcc8e1838,0x000000000055dc95,0x3fedd0be6db6f839,0x000000008000496c,0x0000000000000000,0x4025772550faaacb,0x4129fe831bb2fec5,0x41520754301a36e3,0x8000000000000000,0x0000000000000000,0x0000000000000000,0x000000008000496c,0x0000000000d4eae4,0x0000000000cca1a4,0x0000000000d4eae4,0x0000000000cca1a4,0x0000000000129277,0x00000000000005d6,0x0000000000005191,0x0000000000000648,0x00000000000050ca,0x00000000006198e5,0x0000000000001305
1784437675073,0x0000000080005820,0x0000000080018ed0,0x0000000080007a7a,0x000000000000000f,0x00000000800191f0,0x0000000080018f20,0x000000008000f238,0x0000000080019310,0x0000000000000006,0x0000000000000006,0x0000000000000001,0x0000000000000003,0x000000008000f201,0x3fe1a40a4ca56538,0x0000000000000000,0xffffffffcf8519b8,0x00000000005552a4,0x3fedd0be6e56c69f,0x0000000080004a22,0x0000000000000000,0x414fe4ced82de00d,0x4129fe6d9566cf42,0x4152074e342f837b,0x0000000000000000,0x3fe1aec7af36bb47,0x3fe1aec7af36bb47,0x0000000080004a22,0x0000000000d5ce43,0x0000000000cd7f0b,0x0000000000d5ce43,0x0000000000cd7f0b,0x000000000012a968,0x00000000000005d8,0x0000000000005194,0x0000000000000655,0x0000000000005117,0x000000000062064e,0x0000000000001308
1784437675963,0x0000000080006260,0x0000000080019230,0x402a60145235c3b6,0x0000000000000000,0x0000000000000000,0x0000000080019440,0x0000000080019698,0x00000000800194a0,0x000000008000f238,0x00000000800003f0,0x0000000000000002,0x0000000080019470,0xffffffffd89be67e,0x0000000059e7ede2,0x0000000000000000,0xffffffffd88be23e,0x0000000000439ef8,0x3fedd0be6ecc1bbb,0x0000000080005d56,0x0000000000000000,0x4030e7be1679fb79,0x4129fe6d9566cf42,0x4152074e342f837b,0x01a56e1fc2f8f359,0x4059000000000000,0x405c4c028a46b877,0x0000000080005d56,0x0000000000d6b55b,0x0000000000ce61a2,0x0000000000d6b55b,0x0000000000ce61a2,0x000000000012bfb9,0x00000000000005e1,0x0000000000005194,0x0000000000000656,0x000000000000517e,0x00000000006277c7,0x000000000000130b
1784437676846,0x0000000080005018,0x0000000080018e40,0x0000000080007a7a,0x0000000000000000,0x00000000800191f0,0x0000000080018e90,0x0000000000000000,0x000000005102984d,0x000000003fe00000,0x402577255102984d,0x0000000080019118,0x0000000000000038,0x00000000519ffebc,0x00000000440a6134,0x0000000000000000,0x000000005183c6b8,0x000000000055dc95,0x3fedd0be6ecc1bbb,0x00000000800050a0,0x0000000000000000,0x402577255102984d,0x4129fe7f60418937,0x41520752a1e83e42,0x01a56e1fc2f8f359,0x3ff0000000000000,0x0000000000000000,0x00000000800050a0,0x0000000000d793da,0x0000000000cf3e34,0x0000000000d793da,0x0000000000cf3e34,0x000000000012d2a5,0x00000000000005ea,0x0000000000005196,0x0000000000000662,0x00000000000051e0,0x000000000062e318,0x000000000000130e
1784437677748,0x000000008000571c,0x0000000080019070,0x0000000080007a7a,0x000000000000000f,0x0000000080019310,0x00000000800190b0,0x0000000080019548,0x00000000800191f0,0x0000000000000006,0x0000000000000000,0x0000000080019548,0x0000000000000006,0x000000008000f201,0x3fdbe305f8c46cdc,0x0000000000000000,0xfffffffff6baeb78,0x00000000007db440,0x3fedd0be6f1b5529,0x0000000080004b74,0x0000000000000000,0x414fe4cc377318fc,0x4129fe810bfb15b5,0x4152074ee7645a1d,0x3ff0000000000000,0x0000000000000000,0x3fc17a1e1ad8aa56,0x0000000080004b74,0x0000000000d87054,0x0000000000d01387,0x0000000000d87054,0x0000000000d01387,0x000000000012e967,0x00000000000005ee,0x0000000000005198,0x000000000000066d,0x0000000000005230,0x0000000000634c23,0x0000000000001311
1784437678588,0x000000008000578a,0x0000000080018db0,0x0000000080007a7a,0x0000000000000000,0x00000000800191f0,0x0000000080018de0,0x0000000080018f50,0x0000000000000006,0x0000000000000006,0x0000000000000003,0x0000000080018f50,0x0000000080019060,0x0000000050bf1aff,0x0000000044176a82,0x0000000000000000,0x00000000502a0afe,0x000000000055dc95,0x3fedd0be6f1b5529,0x0000000080004cea,0x0000000000000000,0x402577255105daa1,0x4129fe810bfb15b5,0x4152074ee7645a1d,0x3f8314f4c21a735e,0x0000000000000000,0x8000000000000000,0x0000000080004cea,0x0000000000d944f6,0x0000000000d0e896,0x0000000000d944f6,0x0000000000d0e896,0x000000000012faa6,0x00000000000005f7,0x0000000000005198,0x000000000000066d,0x0000000000005269,0x000000000063b2c5,0x0000000000001314
1784437679481,0x0000000080005744,0x0000000080019060,0x0000000080007a7a,0x000000000000000f,0x00000000800191f0,0x00000000800190b0,0x0000000080019310,0x00000000800191f0,0x0000000000000006,0x0000000000000006,0x00000000800190d0,0x00000000800191a8,0x000000008000f201,0x3fd48c1ef24abd84,0x0000000000000000,0x000000003f641de0,0x00000000004cbf65,0x3fedd0be6f495447,0x00000000800049f0,0x0000000000000000,0x414fe4d259b3d07d,0x4129fe7053d07c85,0x4152075419f212d7,0x0000000000000000,0x0000000000000000,0x0000000000000000,0x00000000800049f0,0x0000000000da1525,0x0000000000d1b23c,0x0000000000da1525,0x0000000000d1b23c,0x000000000013101b,0x00000000000005f9,0x000000000000519b,0x000000000000067c,0x00000000000052ac,0x00000000006416d4,0x0000000000001317
1784437680355,0x0000000080006260,0x0000000080019230,0x402a601452d2cd24,0x0000000000000000,0x0000000000000000,0x0000000080019440,0x0000000080019698,0x00000000800194a0,0x000000008000f238,0x00000000800003f0,0x000000008000f238,0x000000008000f268,0xffffffffc5ffefff,0x0000000058ae59e6,0x0000000000000000,0xffffffffc5e322ae,0x000000000070175f,0x3fedd0be6f5b2958,0x0000000080005bfc,0x0000000000000000,0x402c05d7d62b967a,0x4129fe7053d07c85,0x4152075419f212d7,0x01a56e1fc2f8f359,0x0000000000000000,0x4012207dfca40344,0x0000000080005bfc,0x0000000000daf93b,0x0000000000d295a7,0x0000000000daf93b,0x0000000000d295a7,0x000000000013228d,0x0000000000000602,0x000000000000519b,0x000000000000067c,0x0000000000005300,0x000000000064856d,0x000000000000131a
1784437680975,0x0000000080005820,0x0000000080018ed0,0x0000000080007a7a,0x000000000000000f,0x00000000800191f0,0x0000000080018f20,0x000000008000f238,0x0000000080019310,0x0000000000000006,0x0000000000000006,0x0000000000000003,0x0000000000000006,0x000000008000f201,0x3fda61abca6dd56e,0x0000000000000000,0x000000002f5c868e,0x0000000000756cd0,0x3fedd0be6f5b2958,0x0000000080004a0a,0x0000000000000000,0x414fe4d0884b5dcc,0x4129fe75e226809d,0x41520756994af4f1,0x0000000000000000,0x0000000000000000,0x0000000000000000,0x0000000080004a0a,0x0000000000dba6ef,0x0000000000d33da3,0x0000000000dba6ef,0x0000000000d33da3,0x000000000013352f,0x0000000000000604,0x000000000000519e,0x000000000000068b,0x0000000000005332,0x000000000064d8b6,0x000000000000131d
1784437681534,0x00000000800057ae,0x0000000080018d90,0x0000000080007a7a,0x0000000000000000,0x00000000800191f0,0x0000000080018de0,0x0000000080018f50,0x000000008000f238,0x0000000000000006,0x0000000000000006,0x0000000080018df0,0x0000000080018ea8,0xffffffff8db0f97f,0x00000000442a645a,0x0000000000000000,0xffffffff8d90c82e,0x000000000055dc95,0x3fedd0be6f5b2958,0x0000000080004984,0x0000000000000000,0x40257725510a9917,0x4129fe75e226809d,0x41520756994af4f1,0x8000000000000000,0x0000000000000000,0x0000000000000000,0x0000000080004984,0x0000000000dc57ae,0x0000000000d3edfe,0x0000000000dc57ae,0x0000000000d3edfe,0x00000000001343ac,0x000000000000060d,0x000000000000519e,0x000000000000068b,0x0000000000005370,0x0000000000652e23,0x0000000000001320
1784437682425,0x0000000080005744,0x0000000080019060,0x0000000080007a7a,0x000000000000000f,0x00000000800191f0,0x00000000800190b0,0x0000000080019310,0x00000000800191f0,0x0000000000000006,0x0000000000000006,0x0000000000000005,0x0000000000000006,0x000000008000f201,0x3fe294294b321f4c,0x0000000000000000,0xffffffffbdaa163e,0x000000000069d0ad,0x3fedd0be6f55d326,0x000000008000498e,0x0000000000000000,0x414fe4ce822339c1,0x4129fe6fb1a9fbe7,0x41520751eeab367a,0x3fc17a1e1a0a6d12,0x0000000000000000,0x0000000000000000,0x000000008000498e,0x0000000000dd0a3d,0x0000000000d49a8d,0x0000000000dd0a3d,0x0000000000d49a8d,0x00000000001356a6,0x000000000000060f,0x00000000000051a1,0x000000000000069a,0x00000000000053c1,0x0000000000658471,0x0000000000001323
1784437683291,0x0000000080009fc2,0x0000000080019420,0x402a6014530c2ee3,0x000000000053e840,0x0000000000000000,0x0000000080019700,0x000000000053e800,0x0000000000000040,0x0000000000a497e4,0x0000000000000002,0x000000000029f400,0x0000000039be0000,0x0000000000000000,0x0000000000000007,0x0000000000000000,0x0000000000000000,0x0000000000000000,0x3fedd0be6f3e1017,0x000000008000a0be,0x403b80e6d7e439be,0x403b80e6d7e439be,0x4129fe6fb1a9fbe7,0x41520751eeab367a,0x3ff0000000000000,0x402dae15219f2213,0x403b80e6d7e439be,0x000000008000a0be,0x0000000000dde3ab,0x0000000000d57388,0x0000000000dde3ab,0x0000000000d57388,0x0000000000136869,0x0000000000000618,0x00000000000051a1,0x000000000000069a,0x00000000000053ff,0x000000000065ed38,0x0000000000001326
1784437684189,0x0000000080009fc2,0x0000000080018dc0,0x0000000080007a7a,0x0000000000588000,0x00000000800191f0,0x0000000080018e40,0x0000000000580000,0x0000000000004000,0x000000000048fa39,0x0000000000000002,0x00000000002c0000,0x000000001e4fad00,0x0000000000000001,0x000000000000000f,0x0000000000000000,0xffffffffef2b1f80,0x00000000006d1589,0x3fedd0be6f3e1017,0x000000008000a0b6,0x403e88fa391e4fad,0x403e88fa391e4fad,0x4129fe6bb7a786c2,0x4152075635a1cac1,0x3ff12c1ddc1f984b,0x0000000000000000,0x403e88fa391e4fad,0x000000008000a0b6,0x0000000000ded966,0x0000000000d66357,0x0000000000ded966,0x0000000000d66357,0x00000000001380b3,0x000000000000061a,0x00000000000051a3,0x00000000000006a5,0x0000000000005440,0x0000000000666330,0x0000000000001329
1784437685107,0x00000000800056f8,0x0000000080019060,0x0000000080007a7a,0x000000000000000f,0x0000000080019430,0x00000000800190b0,0x0000000080019548,0x000000008000f238,0x0000000000000006,0x0000000000000006,0x0000000080019310,0x00000000800193e0,0x000000008000f201,0x3fe588d547c41c21,0x0000000000000000,0xffffffff80171838,0x0000000000656ccc,0x3fedd0be6f183dfc,0x0000000080004982,0x0000000000000000,0x414fe4cfcd460aa6,0x4129fe8048a71de7,0x4152075abd99999a,0x0000000000000000,0x0000000000000000,0x0000000000000000,0x0000000080004982,0x0000000000dfb161,0x0000000000d73667,0x0000000000dfb161,0x0000000000d73667,0x0000000000139733,0x0000000000000625,0x00000000000051a6,0x00000000000006b4,0x00000000000054a8,0x000000000066cde4,0x000000000000132c
1784437686041,0x00000000800057ae,0x0000000080018d90,0x0000000080007a7a,0x0000000000000000,0x00000000800191f0,0x0000000080018de0,0x0000000080018f50,0x000000008000f238,0x0000000000000006,0x0000000000000006,0x0000000080018f50,0x0000000080018f78,0xffffffff81fddffb,0x000000004435bbf4,0x0000000000000000,0xffffffff817ccfb8,0x000000000055dc95,0x3fedd0be6f183dfc,0x00000000800049a4,0x0000000000000000,0x40257725510d6efd,0x4129fe8048a71de7,0x4152075abd99999a,0x8000000000000000,0x0000000000000000,0x0000000000000000,0x00000000800049a4,0x0000000000e09a82,0x0000000000d82071,0x0000000000e09a82,0x0000000000d82071,0x000000000013aa20,0x000000000000062e,0x00000000000051a6,0x00000000000006b4,0x00000000000054d4,0x0000000000673e8d,0x000000000000132f
1784437686943,0x0000000080005744,0x0000000080019060,0x0000000080007a7a,0x000000000000000f,0x00000000800191f0,0x00000000800190b0,0x0000000080019310,0x00000000800191f0,0x0000000000000006,0x0000000000000006,0x00000000800190d0,0x00000000800191e0,0x000000008000f201,0x3fee398c10ad7630,0x0000000000000000,0x0000000054bf11f8,0x000000000071cfb6,0x3fedd0be6ee845f1,0x000000008000495c,0x0000000000000000,0x414fe4cf281d7dbf,0x4129fe7714a2339c,0x41520750ccf9096c,0x3fc17a1e194ab145,0x0000000000000000,0x0000000000000000,0x000000008000495c,0x0000000000e16f08,0x0000000000d8ee8d,0x0000000000e16f08,0x0000000000d8ee8d,0x000000000013bfee,0x0000000000000630,0x00000000000051a9,0x00000000000006c1,0x0000000000005523,0x000000000067a4ab,0x0000000000001332
1784437687676,0x00000000800057ae,0x0000000080018d90,0x0000000080007a7a,0x0000000000000000,0x00000000800191f0,0x0000000080018de0,0x0000000080018f50,0x000000008000f238,0x0000000000000006,0x0000000000000006,0x000000008000f238,0x000000008000f2a0,0xffffffff8be7bdf6,0x000000004435bdd8,0x0000000000000000,0xffffffff8be3ace0,0x000000000055dc95,0x3fedd0be6ee845f1,0x00000000800049c8,0x0000000000000000,0x40257725510d6f76,0x4129fe7714a2339c,0x41520750ccf9096c,0x8000000000000000,0x3fb85cd8e2c4284b,0x0000000000000000,0x00000000800049c8,0x0000000000e21812,0x0000000000d997e0,0x0000000000e21812,0x0000000000d997e0,0x000000000013cdb4,0x0000000000000639,0x00000000000051a9,0x00000000000006c1,0x0000000000005559,0x000000000067f6e9,0x0000000000001335
1784437688232,0x0000000080005744,0x0000000080019060,0x0000000080007a7a,0x000000000000000f,0x00000000800191f0,0x00000000800190b0,0x0000000080019310,0x00000000800191f0,0x0000000000000006,0x0000000000000006,0x00000000800190d0,0x0000000080019150,0x000000008000f201,0x3fe9a2044420bc8e,0x0000000000000000,0xffffffffb30b2f9e,0x00000000006ed2f5,0x3fedd0be6eb191e3,0x00000000800049f0,0x0000000000000000,0x414fe4cc66bb98c8,0x4129fe87bafb7e91,0x41520755944d013b,0x4013efc4d6adad3e,0x0000000000000000,0x0000000000000000,0x00000000800049f0,0x0000000000e2caa9,0x0000000000da448b,0x0000000000e2caa9,0x0000000000da448b,0x000000000013e0be,0x000000000000063b,0x00000000000051ab,0x00000000000006cc,0x00000000000055a8,0x0000000000684d41,0x0000000000001338
1784437688990,0x00000000800057ae,0x0000000080018d90,0x0000000080007a7a,0x0000000000000000,0x00000000800191f0,0x0000000080018de0,0x0000000080018f50,0x000000008000f238,0x0000000000000006,0x0000000000000006,0x0000000000000004,0x0000000000000001,0x0000000059fdd67e,0x0000000044344fba,0x0000000000000000,0x0000000059cdd66e,0x000000000055dc95,0x3fedd0be6eb191e3,0x000000008000493a,0x0000000000000000,0x40257725510d13ef,0x4129fe87bafb7e91,0x41520755944d013b,0x8000000000000000,0x0000000000000000,0x0000000000000000,0x000000008000493a,0x0000000000e3926a,0x0000000000db0c27,0x0000000000e3926a,0x0000000000db0c27,0x000000000013f108,0x0000000000000644,0x00000000000051ab,0x00000000000006cc,0x00000000000055df,0x000000000068adbb,0x000000000000133b
1784437689888,0x0000000080005820,0x0000000080018ed0,0x0000000080007a7a,0x000000000000000f,0x00000000800191f0,0x0000000080018f20,0x000000008000f238,0x0000000080019310,0x0000000000000006,0x0000000000000006,0x0000000000000000,0x0000000000000006,0x000000008000f201,0x3feb1b54e10bc1b0,0x0000000000000000,0x0000000017200678,0x00000000006200a4,0x3fedd0be6e7709b2,0x0000000080004a06,0x0000000000000000,0x414fe4cc4c56d5d0,0x4129fe7491de69ad,0x4152074faecf41f2,0x0000000000000000,0x0000000000000000,0x0000000000000000,0x0000000080004a06,0x0000000000e46d43,0x0000000000dbe11d,0x0000000000e46d43,0x0000000000dbe11d,0x0000000000140744,0x0000000000000646,0x00000000000051ad,0x00000000000006d7,0x0000000000005625,0x0000000000691728,0x000000000000133e
1784437690767,0x0000000080006260,0x0000000080019230,0x402a60145311ecd1,0x0000000000000000,0x0000000000000000,0x0000000080019440,0x0000000080019698,0x00000000800194a0,0x000000008000f238,0x00000000800003f0,0x000000008000f238,0x0000000000000005,0xffffffffc9fff7f9,0xfffffffff1918abc,0x0000000000000000,0xffffffffc9ec62f8,0x000000000051454f,0x3fedd0be6e3b1613,0x0000000080005c1c,0x0000000000000000,0x40345153fc6462af,0x4129fe7491de69ad,0x4152074faecf41f2,0x01a56e1fc2f8f359,0x0000000000000000,0x0000000000000000,0x0000000080005c1c,0x0000000000e54450,0x0000000000dcb5ad,0x0000000000e54450,0x0000000000dcb5ad,0x0000000000141a66,0x000000000000064f,0x00000000000051ad,0x00000000000006d7,0x0000000000005681,0x0000000000697ffe,0x0000000000001341
1784437691691,0x0000000080005850,0x0000000080018ed0,0x0000000080007a7a,0x000000000000000f,0x00000000800191f0,0x0000000080018f20,0x00000000800191f0,0x0000000080019310,0x0000000000000003,0x0000000000000006,0x0000000000000003,0x0000000000000009,0x000000008000f201,0x3fe519fce2676d86,0x0000000000000000,0x000000000bc6335e,0x00000000004c2159,0x3fedd0be6e3b1613,0x000000008000499a,0x0000000000000000,0x414fe4ca31446738,0x4129fe641532617c,0x4152074f3e7ef9db,0x401623e8e4791b9b,0x401623e8e4791b9b,0x401623e8e4791b9b,0x000000008000499a,0x0000000000e61e0e,0x0000000000dd8abb,0x0000000000e61e0e,0x0000000000dd8abb,0x0000000000142ef0,0x0000000000000651,0x00000000000051b0,0x00000000000006e5,0x00000000000056b0,0x000000000069e714,0x0000000000001344
1784437692561,0x0000000080005744,0x0000000080019060,0x0000000080007a7a,0x000000000000000f,0x00000000800191f0,0x00000000800190b0,0x0000000080019310,0x00000000800191f0,0x0000000000000006,0x0000000000000006,0x0000000000000005,0x0000000000000003,0x000000008000f201,0x3fde56359480a41c,0x0000000000000000,0xfffffffff91ed238,0x00000000005afbaa,0x3fedd0be6dffa78a,0x0000000080004966,0x0000000000000000,0x414fe4cdd5cc63f1,0x4129fe7a89446738,0x415207545089a027,0x0000000000000000,0x3fe185d1eca6d534,0x3fe185d1eca6d534,0x0000000080004966,0x0000000000e7347f,0x0000000000de9c74,0x0000000000e7347f,0x0000000000de9c74,0x0000000000144a4d,0x000000000000065c,0x00000000000051b3,0x00000000000006f8,0x0000000000005738,0x00000000006a6f5b,0x0000000000001347
1784437693363,0x00000000800057ae,0x0000000080018d90,0x0000000080007a7a,0x0000000000000000,0x00000000800191f0,0x0000000080018de0,0x0000000080018f50,0x000000008000f238,0x0000000000000006,0x0000000000000006,0x0000000000000003,0x000000000000000f,0xffffffffd35ff6aa,0x00000000442a1f80,0x0000000000000000,0xffffffffd30fe000,0x000000000055dc95,0x3fedd0be6dffa78a,0x0000000080004978,0x0000000000000000,0x40257725510a87e0,0x4129fe7a89446738,0x415207545089a027,0x8000000000000000,0x3fdcf46da09c9ef6,0x3fdcf46da09c9ef6,0x0000000080004978,0x0000000000e7fe14,0x0000000000df65f9,0x0000000000e7fe14,0x0000000000df65f9,0x0000000000145ac5,0x0000000000000665,0x00000000000051b3,0x00000000000006f8,0x0000000000005771,0x00000000006ad0b1,0x000000000000134a
1784437694262,0x0000000080005820,0x0000000080018ed0,0x0000000080007a7a,0x000000000000000f,0x00000000800191f0,0x0000000080018f20,0x000000008000f238,0x0000000080019310,0x0000000000000006,0x0000000000000006,0x0000000000000001,0x0000000000000003,0x000000008000f201,0x3fdfd8d2e6603ae5,0x0000000000000000,0x000000004fab75ee,0x000000000066b606,0x3fedd0be6dc64044,0x000000008000496c,0x0000000000000000,0x414fe4d259b3d07d,0x4129fe7053d07c85,0x4152075419f212d7,0x0000000000000000,0x3fe1aec7af362f61,0x3fe1aec7af362f61,0x000000008000496c,0x0000000000e8d17c,0x0000000000e03345,0x0000000000e8d17c,0x0000000000e03345,0x000000000014705f,0x0000000000000667,0x00000000000051b5,0x0000000000000703,0x00000000000057bb,0x00000000006b3672,0x000000000000134d
1784437694893,0x00000000800061b2,0x0000000080019440,0x402a601452e0cdd5,0x0000000000000000,0x0000000000000000,0x0000000080019700,0x0000000000000001,0x0000000080018f10,0x0000000000000000,0x000000008000f358,0x0000000000000002,0x0000000080019700,0x000000008000f351,0x3fedd0be6d8fffb2,0x0000000000000000,0x0000000000000000,0x0000000000000000,0x3fedd0be6d8fffb2,0x000000008000620c,0x0000000000000000,0x40257725510964fa,0x4129fe7053d07c85,0x4152075419f212d7,0x3ff0000000000000,0x3feb22db7f800000,0x3feb22db7f800000,0x000000008000620c,0x0000000000e9952b,0x0000000000e0f5d3,0x0000000000e9952b,0x0000000000e0f5d3,0x0000000000148069,0x0000000000000670,0x00000000000051b5,0x0000000000000703,0x00000000000057f7,0x00000000006b945c,0x0000000000001350
1784437695497,0x000000008000583a,0x0000000080018ed0,0x0000000080007a7a,0x000000000000000f,0x00000000800191f0,0x0000000080018f20,0x00000000800194a0,0x000000008000f238,0x0000000000000003,0x0000000000000006,0x00000000800191f0,0x0000000000000048,0x000000008000f201,0x3fe02d2351d97bd2,0x0000000000000000,0x0000000013e61b5e,0x00000000006ff9b1,0x3fedd0be6d8fffb2,0x00000000800049ea,0x0000000000000000,0x414fe4d0884b5dcc,0x4129fe75e226809d,0x41520756994af4f1,0x0000000000000000,0x3fe1aec7af362e09,0x0000000000000000,0x00000000800049ea,0x0000000000ea6d46,0x0000000000e1c8b5,0x0000000000ea6d46,0x0000000000e1c8b5,0x0000000000149659,0x0000000000000672,0x00000000000051b7,0x000000000000070e,0x0000000000005831,0x00000000006bfd02,0x0000000000001353
1784437696405,0x0000000080006260,0x0000000080019230,0x402a601452cd7c1a,0x0000000000000000,0x0000000000000000,0x0000000080019440,0x0000000080019698,0x00000000800194a0,0x000000008000f238,0x00000000800003f0,0x00000000800194a0,0x0000000000000003,0x000000002e7fffc0,0xffffffffa7498a40,0x0000000000000000,0x000000002e6b7800,0x000000000065a462,0x3fedd0be6d5daef7,0x0000000080005cfa,0x0000000000000000,0x40296918a9d26290,0x4129fe75e226809d,0x41520756994af4f1,0x01a56e1fc2f8f359,0x0000000000000000,0x0000000000000000,0x0000000080005cfa,0x0000000000eb2769,0x0000000000e27fa8,0x0000000000eb2769,0x0000000000e27fa8,0x000000000014a830,0x000000000000067b,0x00000000000051b7,0x000000000000070f,0x0000000000005892,0x00000000006c58e4,0x0000000000001356
1784437697310,0x0000000080005850,0x0000000080018ed0,0x0000000080007a7a,0x000000000000000f,0x00000000800191f0,0x0000000080018f20,0x00000000800191f0,0x0000000080019310,0x0000000000000003,0x0000000000000006,0x0000000080019310,0x0000000000000080,0x000000008000f201,0x3fe3393d5f3f2857,0x0000000000000000,0xfffffffff7bd3800,0x000000000064c963,0x3fedd0be6d5daef7,0x00000000800049c4,0x0000000000000000,0x414fe4ce822339c1,0x4129fe6fb1a9fbe7,0x41520751eeab367a,0x3ff12c1ddafca757,0x0000000000000000,0x0000000000000000,0x00000000800049c4,0x0000000000ebfcea,0x0000000000e35150,0x0000000000ebfcea,0x0000000000e35150,0x000000000014bb59,0x000000000000067d,0x00000000000051ba,0x000000000000071d,0x00000000000058bc,0x00000000006cbd5f,0x0000000000001359
1784437698239,0x00000000800056f8,0x0000000080019060,0x0000000080007a7a,0x000000000000000f,0x0000000080019430,0x00000000800190b0,0x0000000080019548,0x000000008000f238,0x0000000000000006,0x0000000000000006,0x000000008000f238,0x0000000000000003,0x000000008000f201,0x3fe01fe237f447e4,0x0000000000000000,0x00000000458a6e8e,0x000000000079b108,0x3fedd0be6d2fcd83,0x00000000800049d0,0x0000000000000000,0x414fe4ca7dc28f5c,0x4129fe6bb7a786c2,0x4152075635a1cac1,0x0000000000000000,0x0000000000000000,0x0000000000000000,0x00000000800049d0,0x0000000000ecd654,0x0000000000e425cf,0x0000000000ecd654,0x0000000000e425cf,0x000000000014d1d4,0x0000000000000688,0x00000000000051bd,0x000000000000072a,0x000000000000593c,0x00000000006d28f5,0x000000000000135c
1784437699150,0x00000000800058f2,0x0000000080018ed0,0x0000000080007a7a,0x0000000000000000,0x00000000800191f0,0x0000000080018f20,0x00000000800193a0,0x00000000800194a0,0x0000000000000006,0x0000000000000003,0x0000000000000000,0x0000000000000012,0x000000002c5ef5ef,0x0000000044172b7a,0x0000000000000000,0x000000002c58e4ee,0x000000000055dc95,0x3fedd0be6d2fcd83,0x00000000800049e0,0x0000000000000000,0x402577255105cadf,0x4129fe6bb7a786c2,0x4152075635a1cac1,0x3f9287f43dd4dd04,0x0000000000000000,0x0000000000000000,0x00000000800049e0,0x0000000000edabad,0x0000000000e4fb87,0x0000000000edabad,0x0000000000e4fb87,0x000000000014e336,0x0000000000000691,0x00000000000051bd,0x000000000000072a,0x0000000000005970,0x00000000006d9017,0x000000000000135f
1784437700052,0x0000000080005744,0x0000000080019060,0x0000000080007a7a,0x000000000000000f,0x00000000800191f0,0x00000000800190b0,0x0000000080019310,0x00000000800191f0,0x0000000000000006,0x0000000000000006,0x00000000800190d0,0x00000000800190d0,0x000000008000f201,0x3fe26290106ade02,0x0000000000000000,0x000000001851a7ce,0x000000000076f0a0,0x3fedd0be6d069d66,0x0000000080004984,0x0000000000000000,0x414fe4cfcd460aa6,0x4129fe8048a71de7,0x4152075abd99999a,0x0000000000000000,0x4016207f144270fc,0x4016207f144270fc,0x0000000080004984,0x0000000000ee6689,0x0000000000e5b04e,0x0000000000ee6689,0x0000000000e5b04e,0x000000000014f6ce,0x0000000000000693,0x00000000000051bf,0x0000000000000735,0x00000000000059c1,0x00000000006dea2f,0x0000000000001362
1784437700902,0x00000000800058f2,0x0000000080018ed0,0x0000000080007a7a,0x0000000000000000,0x00000000800191f0,0x0000000080018f20,0x00000000800193a0,0x00000000800194a0,0x0000000000000006,0x0000000000000003,0x0000000000000002,0x0000000000000009,0x000000005dfffdff,0x0000000044128d82,0x0000000000000000,0x000000005dbfc4fe,0x000000000055dc95,0x3fedd0be6d069d66,0x0000000080004998,0x0000000000000000,0x402577255104a361,0x4129fe8048a71de7,0x4152075abd99999a,0x3f9287f43dd4dce4,0x3f9287f43dd4dce4,0x3f9287f43dd4dce4,0x0000000080004998,0x0000000000ef23b8,0x0000000000e66d6b,0x0000000000ef23b8,0x0000000000e66d6b,0x000000000015065e,0x000000000000069c,0x00000000000051bf,0x0000000000000735,0x00000000000059ef,0x00000000006e45bc,0x0000000000001365
1784437701637,0x00000000800056f8,0x0000000080019060,0x0000000080007a7a,0x000000000000000f,0x0000000080019430,0x00000000800190b0,0x0000000080019548,0x000000008000f238,0x0000000000000006,0x0000000000000006,0x000000008000f238,0x000000008000f2e0,0x000000008000f201,0x3fe99478c5c4f3ce,0x0000000000000000,0x000000005b421380,0x000000000064183c,0x3fedd0be6ce22ee5,0x00000000800049c6,0x0000000000000000,0x414fe4cf281d7dbf,0x4129fe7714a2339c,0x41520750ccf9096c,0x0000000000000000,0x0000000000000000,0x0000000000000000,0x00000000800049c6,0x0000000000efd283,0x0000000000e71596,0x0000000000efd283,0x0000000000e71596,0x0000000000151916,0x000000000000069e,0x00000000000051c1,0x0000000000000740,0x0000000000005a34,0x00000000006e99f9,0x0000000000001368
1784437702224,0x00000000800058f2,0x0000000080018ed0,0x0000000080007a7a,0x0000000000000000,0x00000000800191f0,0x0000000080018f20,0x00000000800193a0,0x00000000800194a0,0x0000000000000006,0x0000000000000003,0x00000000800193a0,0x0000000000000001,0x000000000f72fee3,0x00000000440e2e98,0x0000000000000000,0x000000000f7282e0,0x000000000055dc95,0x3fedd0be6ce22ee5,0x00000000800049aa,0x0000000000000000,0x4025772551038ba6,0x4129fe7714a2339c,0x41520750ccf9096c,0x0000000000000000,0x0000000000000000,0x0000000000000000,0x00000000800049aa,0x0000000000f090b8,0x0000000000e7d468,0x0000000000f090b8,0x0000000000e7d468,0x0000000000152897,0x00000000000006a7,0x00000000000051c1,0x0000000000000740,0x0000000000005a65,0x00000000006ef652,0x000000000000136b
1784437703011,0x0000000080005744,0x0000000080019060,0x0000000080007a7a,0x000000000000000f,0x00000000800191f0,0x00000000800190b0,0x0000000080019310,0x00000000800191f0,0x0000000000000006,0x0000000000000006,0x0000000080019310,0x0000000000000003,0x000000008000f201,0x3fe3bbb2c5101445,0x0000000000000000,0x0000000079214ef8,0x00000000005bda94,0x3fedd0be6cc26b14,0x00000000800049aa,0x0000000000000000,0x414fe4cc66bb98c8,0x4129fe87bafb7e91,0x41520755944d013b,0x3fe185d1eca6d02a,0x0000000000000000,0x0000000000000000,0x00000000800049aa,0x0000000000f164dd,0x0000000000e8a27a,0x0000000000f164dd,0x0000000000e8a27a,0x0000000000153e39,0x00000000000006a9,0x00000000000051c4,0x000000000000074f,0x0000000000005ab0,0x00000000006f5c54,0x000000000000136e
1784437703896,0x00000000800057ae,0x0000000080018d90,0x0000000080007a7a,0x0000000000000000,0x00000000800191f0,0x0000000080018de0,0x0000000080018f50,0x000000008000f238,0x0000000000000006,0x0000000000000006,0x0000000000000001,0x000000000000000d,0x000000004aff6b7b,0x00000000440a1d24,0x0000000000000000,0x000000004aef6978,0x000000000055dc95,0x3fedd0be6cc26b14,0x0000000080004978,0x0000000000000000,0x4025772551028749,0x4129fe87bafb7e91,0x41520755944d013b,0x8000000000000000,0x0000000000000000,0x0000000000000000,0x0000000080004978,0x0000000000f2370c,0x0000000000e9749a,0x0000000000f2370c,0x0000000000e9749a,0x0000000000154f6c,0x00000000000006b2,0x00000000000051c4,0x000000000000074f,0x0000000000005ae4,0x00000000006fc1a9,0x0000000000001371
1784437704793,0x000000008000575e,0x0000000080019070,0x0000000080007a7a,0x000000000000000f,0x00000000800191f0,0x00000000800190b0,0x00000000800190d0,0x00000000800002d0,0x000000008000f238,0x0000000000000006,0x00000000800002d0,0x0000000000000004,0x000000008000f201,0x3fe42c34edb628e5,0x0000000000000000,0x000000007e571b80,0x00000000006f8a34,0x3fedd0be6ca71d5f,0x0000000080004c42,0x0000000000000000,0x414fe4cc4c56d5d0,0x4129fe7491de69ad,0x4152074faecf41f2,0x3fc17a1e17e5ebb7,0x3ff117a2f9504c26,0x3f747ae147ae147c,0x0000000080004c42,0x0000000000f3048e,0x0000000000ea3b9a,0x0000000000f3048e,0x0000000000ea3b9a,0x000000000015649a,0x00000000000006b4,0x00000000000051c7,0x000000000000075e,0x0000000000005b34,0x000000000070246a,0x0000000000001374
1784437705502,0x0000000080006260,0x0000000080019230,0x402a60145262a6b2,0x0000000000000000,0x0000000000000000,0x0000000080019440,0x0000000080019698,0x00000000800194a0,0x000000008000f238,0x00000000800003f0,0x000000008000f238,0x000000008000f2d8,0x000000006abbdffe,0xffffffffd7564186,0x0000000000000000,0x000000006a9956ee,0x00000000005c51b3,0x3fedd0be6c8ffbd6,0x0000000080005c06,0x0000000000000000,0x4037146cf5d59062,0x4129fe7491de69ad,0x4152074faecf41f2,0x01a56e1fc2f8f359,0x0000000000000000,0x0000000000000000,0x0000000080005c06,0x0000000000f3d824,0x0000000000eb0e6b,0x0000000000f3d824,0x0000000000eb0e6b,0x0000000000157611,0x00000000000006bd,0x00000000000051c7,0x000000000000075e,0x0000000000005b8b,0x0000000000708b54,0x0000000000001377
1784437706353,0x000000008000583a,0x0000000080018ed0,0x0000000080007a7a,0x000000000000000f,0x00000000800191f0,0x0000000080018f20,0x00000000800194a0,0x000000008000f238,0x0000000000000003,0x0000000000000006,0x0000000000000002,0x0000000000000002,0x000000008000f201,0x3fdaab0913660c62,0x0000000000000000,0x000000002393929e,0x00000000006a9a23,0x3fedd0be6c8ffbd6,0x00000000800049be,0x0000000000000000,0x414fe4ca31446738,0x4129fe641532617c,0x4152074f3e7ef9db,0x3ff0000000000000,0x0000000000000000,0x0000000000000000,0x00000000800049be,0x0000000000f49e25,0x0000000000ebcefd,0x0000000000f49e25,0x0000000000ebcefd,0x0000000000158a5d,0x00000000000006bf,0x00000000000051c9,0x0000000000000769,0x0000000000005bbc,0x000000000070e9eb,0x000000000000137a
1784437707244,0x0000000080005a7c,0x00000000800193f0,0x0000000080007a7a,0x000000000000000f,0x0000000080007a96,0x0000000080019440,0x0000000080019548,0x0000000000000000,0x0000000000000008,0x000000008000f208,0x0000000080003cf8,0x0000000080019628,0xffffffffd67bbfef,0xffffffff9423d3b8,0x0000000000000000,0xffffffffd64b95e0,0x000000000072bd9b,0x3fedd0be6c7cae55,0x0000000080005aa4,0x0000000000000000,0x414fe4cdd5cc63f1,0x4129fe7a89446738,0x415207545089a027,0x414fe4c843295e9e,0x415207540971f1e2,0x3ff0000000000000,0x0000000080005aa4,0x0000000000f57659,0x0000000000eca24d,0x0000000000f57659,0x0000000000eca24d,0x000000000015a0cf,0x00000000000006ca,0x00000000000051cb,0x0000000000000774,0x0000000000005c2d,0x00000000007154e8,0x000000000000137d
1784437708156,0x0000000080005018,0x0000000080018e40,0x0000000080007a7a,0x0000000000000000,0x00000000800191f0,0x0000000080018e90,0x0000000000000000,0x000000005100009d,0x000000003fe00000,0x402577255100009d,0x0000000080018ef8,0x0000000080018f00,0xffffffffb7ff9aff,0x0000000044000272,0x0000000000000000,0xffffffffb7fd029e,0x000000000055dc95,0x3fedd0be6c7cae55,0x00000000800050fe,0x0000000000000000,0x402577255100009d,0x4129fe7a89446738,0x415207545089a027,0x01a56e1fc2f8f359,0x0000000000000000,0x0000000000000000,0x00000000800050fe,0x0000000000f648bd,0x0000000000ed74c5,0x0000000000f648bd,0x0000000000ed74c5,0x000000000015b15a,0x00000000000006ce,0x00000000000051cb,0x0000000000000774,0x0000000000005c57,0x000000000071bacb,0x0000000000001380
1784437708818,0x00000000800056f8,0x0000000080019060,0x0000000080007a7a,0x000000000000000f,0x0000000080019430,0x00000000800190b0,0x0000000080019548,0x000000008000f238,0x0000000000000006,0x0000000000000006,0x0000000000000002,0x0000000000000006,0x000000008000f201,0x3fcc128d3430fa29,0x0000000000000000,0x000000006b0cafe0,0x00000000007ac316,0x3fedd0be6c6cd46a,0x00000000800049d6,0x0000000000000000,0x414fe4cc69f212d7,0x4129fe66828240b8,0x415207560e31f8a1,0x0000000000000000,0x0000000000000000,0x0000000000000000,0x00000000800049d6,0x0000000000f70313,0x0000000000ee27e5,0x0000000000f70313,0x0000000000ee27e5,0x000000000015c58e,0x00000000000006d5,0x00000000000051ce,0x0000000000000784,0x0000000000005cb4,0x00000000007213bf,0x0000000000001383
1784437709377,0x000000008000589c,0x0000000080018ed0,0x0000000080007a7a,0x0000000000000000,0x00000000800191f0,0x0000000080018f20,0x0000000080019280,0x0000000080019118,0x0000000000000006,0x0000000000000003,0x0000000000000002,0x0000000000000000,0xfffffffff67aed7a,0x0000000043fd5d24,0x0000000000000000,0xfffffffff67a6978,0x000000000055dc95,0x3fedd0be6c6cd46a,0x00000000800049ba,0x0000000000000000,0x4025772550ff5749,0x4129fe66828240b8,0x415207560e31f8a1,0x3fe1aec7af362ca4,0x0000000000000000,0x0000000000000000,0x00000000800049ba,0x0000000000f7c9de,0x0000000000eeeecf,0x0000000000f7c9de,0x0000000000eeeecf,0x000000000015d565,0x00000000000006de,0x00000000000051ce,0x0000000000000784,0x0000000000005ce9,0x0000000000727445,0x0000000000001386
1784437710214,0x0000000080005744,0x0000000080019060,0x0000000080007a7a,0x000000000000000f,0x00000000800191f0,0x00000000800190b0,0x0000000080019310,0x00000000800191f0,0x0000000000000006,0x0000000000000006,0x00000000800190d0,0x0000000000000004,0x000000008000f201,0x3fd2860c9e0635c8,0x0000000000000000,0xffffffffc1bd34b8,0x00000000004f86f8,0x3fedd0be6c600a3c,0x0000000080004a00,0x0000000000000000,0x414fe4cd17381d7e,0x4129fe7fa1f212d7,0x41520758fded288d,0x0000000000000000,0x3fe185d1eca6d088,0x3fe185d1eca6d088,0x0000000080004a00,0x0000000000f8a45f,0x0000000000efc345,0x0000000000f8a45f,0x0000000000efc345,0x000000000015ebed,0x00000000000006e0,0x00000000000051d1,0x0000000000000791,0x0000000000005d47,0x000000000072dcf3,0x0000000000001389
1784437711064,0x00000000800057ae,0x0000000080018d90,0x0000000080007a7a,0x0000000000000000,0x00000000800191f0,0x0000000080018de0,0x0000000080018f50,0x000000008000f238,0x0000000000000006,0x0000000000000006,0x000000008000f238,0x000000008000f2f8,0x00000000099cd7fe,0x0000000043fb1052,0x0000000000000000,0x000000000914d2de,0x000000000055dc95,0x3fedd0be6c600a3c,0x00000000800049c6,0x0000000000000000,0x4025772550fec415,0x4129fe7fa1f212d7,0x41520758fded288d,0x8000000000000000,0x4012207dfca3cb91,0x4012207dfca3cb91,0x00000000800049c6,0x0000000000f97470,0x0000000000f0935e,0x0000000000f97470,0x0000000000f0935e,0x000000000015fceb,0x00000000000006e9,0x00000000000051d1,0x0000000000000791,0x0000000000005d77,0x0000000000734173,0x000000000000138c
1784437711987,0x0000000080005744,0x0000000080019060,0x0000000080007a7a,0x000000000000000f,0x00000000800191f0,0x00000000800190b0,0x0000000080019310,0x00000000800191f0,0x0000000000000006,0x0000000000000006,0x00000000800191f0,0x0000000080019210,0x000000008000f201,0x3fdd40326daeadd8,0x0000000000000000,0xffffffffeecf94fe,0x000000000043c935,0x3fedd0be6c55ec5e,0x00000000800049c8,0x0000000000000000,0x414fe4cc0961e4f7,0x4129fe6eb77318fc,0x415207533123a29c,0x0000000000000000,0x0000000000000000,0x0000000000000000,0x00000000800049c8,0x0000000000fa4307,0x0000000000f15b7f,0x0000000000fa4307,0x0000000000f15b7f,0x000000000016123b,0x00000000000006eb,0x00000000000051d3,0x000000000000079e,0x0000000000005dc4,0x000000000073a4af,0x000000000000138f
1784437712856,0x00000000800057ae,0x0000000080018d90,0x0000000080007a7a,0x0000000000000000,0x00000000800191f0,0x0000000080018de0,0x0000000080018f50,0x000000008000f238,0x0000000000000006,0x0000000000000006,0x0000000000000001,0x000000000000001e,0xffffffffbee7fefe,0x0000000043f916d8,0x0000000000000000,0xffffffffbee314e0,0x000000000055dc95,0x3fedd0be6c55ec5e,0x0000000080004976,0x0000000000000000,0x4025772550fe45b6,0x4129fe6eb77318fc,0x415207533123a29c,0x8000000000000000,0x0000000000000000,0x0000000000000000,0x0000000080004976,0x0000000000fb194f,0x0000000000f231a8,0x0000000000fb194f,0x0000000000f231a8,0x00000000001623bc,0x00000000000006f4,0x00000000000051d3,0x000000000000079e,0x0000000000005dfa,0x0000000000740c09,0x0000000000001392
1784437713714,0x0000000080005820,0x0000000080018ed0,0x0000000080007a7a,0x000000000000000f,0x00000000800191f0,0x0000000080018f20,0x000000008000f238,0x0000000080019310,0x0000000000000006,0x0000000000000006,0x0000000080019280,0x0000000000000088,0x000000008000f201,0x3fd874dc159ce97b,0x0000000000000000,0xffffffffb4567df8,0x0000000000476d18,0x3fedd0be6c4e1ac5,0x00000000800049ea,0x0000000000000000,0x414fe4c8f051eb85,0x4129fe75dbe76c8b,0x41520756d6944674,0x3fc2c1cc2c4a5346,0x3ff12c1dda68a9b4,0x0000000000000000,0x00000000800049ea,0x0000000000fbea58,0x0000000000f2fcfa,0x0000000000fbea58,0x0000000000f2fcfa,0x000000000016392e,0x00000000000006f6,0x00000000000051d5,0x00000000000007a9,0x0000000000005e45,0x00000000007470d5,0x0000000000001395
1784437714634,0x0000000080005a7c,0x00000000800193f0,0x0000000080007a7a,0x000000000000000f,0x0000000080007a96,0x0000000080019440,0x0000000080019548,0x0000000000000000,0x0000000000000008,0x000000008000f208,0x0000000000000003,0x0000000000000018,0xffffffff82bffdfe,0xffffffffdb3aaed2,0x0000000000000000,0xffffffff82baedde,0x0000000000657895,0x3fedd0be6c483ae9,0x0000000080005a8e,0x0000000000000000,0x414fe4ca2264c2f8,0x4129fe80083126e9,0x415207573688ce70,0x414fe4c66fdf3b64,0x41520755454248e3,0x3ff0000000000000,0x0000000080005a8e,0x0000000000fcc662,0x0000000000f3d429,0x0000000000fcc662,0x0000000000f3d429,0x0000000000164fe5,0x0000000000000701,0x00000000000051d8,0x00000000000007b8,0x0000000000005ec1,0x000000000074ddcc,0x0000000000001398
1784437715514,0x00000000800058f2,0x0000000080018ed0,0x0000000080007a7a,0x0000000000000000,0x00000000800191f0,0x0000000080018f20,0x00000000800193a0,0x00000000800194a0,0x0000000000000006,0x0000000000000003,0x0000000000000001,0x0000000000000006,0x0000000060fbf77f,0x0000000043f60412,0x0000000000000000,0x0000000060abb75e,0x000000000055dc95,0x3fedd0be6c483ae9,0x00000000800049b0,0x0000000000000000,0x4025772550fd8105,0x4129fe80083126e9,0x415207573688ce70,0x0000000000000000,0x3fc733d4769437c7,0x3fc733d4769437c7,0x00000000800049b0,0x0000000000fdb2e0,0x0000000000f4c015,0x0000000000fdb2e0,0x0000000000f4c015,0x000000000016631a,0x000000000000070a,0x00000000000051d8,0x00000000000007b8,0x0000000000005efe,0x0000000000754f66,0x000000000000139b
1784437716092,0x00000000800056f8,0x0000000080019060,0x0000000080007a7a,0x000000000000000f,0x0000000080019430,0x00000000800190b0,0x0000000080019548,0x000000008000f238,0x0000000000000006,0x0000000000000006,0x0000000000000005,0x0000000000000017,0x000000008000f201,0x3fe090834de6c852,0x0000000000000000,0xffffffff93204780,0x00000000006246c7,0x3fedd0be6c43f94b,0x000000008000499a,0x0000000000000000,0x414fe4c9c374bc6a,0x4129fe6d2ee631f9,0x41520755f3aacd9f,0x0000000000000000,0x0000000000000000,0x0000000000000000,0x000000008000499a,0x0000000000fe6346,0x0000000000f56a85,0x0000000000fe6346,0x0000000000f56a85,0x00000000001675ff,0x000000000000070c,0x00000000000051db,0x00000000000007c8,0x0000000000005f49,0x000000000075a4b7,0x000000000000139e
1784437716705,0x000000008000589c,0x0000000080018ed0,0x0000000080007a7a,0x0000000000000000,0x00000000800191f0,0x0000000080018f20,0x0000000080019280,0x0000000080019118,0x0000000000000006,0x0000000000000003,0x0000000000000001,0x0000000000000003,0x0000000006dd51fd,0x0000000043f4dc7c,0x0000000000000000,0x0000000006dd51f8,0x000000000055dc95,0x3fedd0be6c43f94b,0x0000000080004a06,0x0000000000000000,0x4025772550fd371f,0x4129fe6d2ee631f9,0x41520755f3aacd9f,0x0000000000000000,0x0000000000000000,0x0000000000000000,0x0000000080004a06,0x0000000000ff1c62,0x0000000000f623e9,0x0000000000ff1c62,0x0000000000f623e9,0x00000000001684b4,0x0000000000000715,0x00000000000051db,0x00000000000007c8,0x0000000000005f82,0x000000000075fedc,0x00000000000013a1
1784437717464,0x00000000800056f8,0x0000000080019060,0x0000000080007a7a,0x000000000000000f,0x0000000080019430,0x00000000800190b0,0x0000000080019548,0x000000008000f238,0x0000000000000006,0x0000000000000006,0x0000000000000004,0x0000000000000018,0x000000008000f201,0x3fe0cd039cfc262f,0x0000000000000000,0x0000000006838000,0x00000000004bc3bb,0x3fedd0be6c410a4f,0x00000000800049da,0x0000000000000000,0x414fe4c6fc1205bc,0x4129fe64ffbe76c9,0x41520756cb559b3d,0x3ff0000000000000,0x0000000000000000,0x0000000000000000,0x00000000800049da,0x0000000000ffdd1d,0x0000000000f6de1c,0x0000000000ffdd1d,0x0000000000f6de1c,0x0000000000169944,0x0000000000000717,0x00000000000051dd,0x00000000000007d3,0x0000000000005fd8,0x0000000000765b30,0x00000000000013a4
1784437718377,0x00000000800057ae,0x0000000080018d90,0x0000000080007a7a,0x0000000000000000,0x00000000800191f0,0x0000000080018de0,0x0000000080018f50,0x000000008000f238,0x0000000000000006,0x0000000000000006,0x0000000080018df0,0x0000000080018df8,0x000000005aefaf9e,0x0000000043f3ec4e,0x0000000000000000,0x000000005ae60c1e,0x000000000055dc95,0x3fedd0be6c410a4f,0x0000000080004982,0x0000000000000000,0x4025772550fcfb14,0x4129fe64ffbe76c9,0x41520756cb559b3d,0x8000000000000000,0x3fdcf46da09c9a07,0x3fdcf46da09c9a07,0x0000000080004982,0x000000000100c54e,0x0000000000f7c76e,0x000000000100c54e,0x0000000000f7c76e,0x000000000016ac23,0x0000000000000720,0x00000000000051dd,0x00000000000007d3,0x0000000000006001,0x000000000076cb90,0x00000000000013a7
1784437719279,0x0000000080005744,0x0000000080019060,0x0000000080007a7a,0x000000000000000f,0x00000000800191f0,0x00000000800190b0,0x0000000080019310,0x00000000800191f0,0x0000000000000006,0x0000000000000006,0x0000000000000003,0x0000000000000006,0x000000008000f201,0x3fe1daabc2365946,0x0000000000000000,0x00000000461150de,0x00000000005555ad,0x3fedd0be6c3f2abd,0x00000000800049d6,0x0000000000000000,0x414fe4c787c1bda5,0x4129fe6bc9eecbfb,0x4152075924d35a86,0x0000000000000000,0x0000000000000000,0x0000000000000000,0x00000000800049d6,0x0000000001018a82,0x0000000000f886a8,0x0000000001018a82,0x0000000000f886a8,0x000000000016c0b0,0x0000000000000722,0x00000000000051df,0x00000000000007de,0x0000000000006045,0x0000000000772ab6,0x00000000000013aa
1784437720148,0x00000000800057ae,0x0000000080018d90,0x0000000080007a7a,0x0000000000000000,0x00000000800191f0,0x0000000080018de0,0x0000000080018f50,0x000000008000f238,0x0000000000000006,0x0000000000000006,0x0000000000000001,0x0000000000000006,0xffffffffe4cfb9de,0x0000000043f32c56,0x0000000000000000,0xffffffffe487298e,0x000000000055dc95,0x3fedd0be6c3f2abd,0x0000000080004a06,0x0000000000000000,0x4025772550fccb16,0x4129fe6bc9eecbfb,0x4152075924d35a86,0x8000000000000000,0x0000000000000000,0x0000000000000000,0x0000000080004a06,0x0000000001024e77,0x0000000000f94afe,0x0000000001024e77,0x0000000000f94afe,0x000000000016d0b8,0x000000000000072b,0x00000000000051df,0x00000000000007de,0x0000000000006072,0x00000000007789ad,0x00000000000013ad
1784437721040,0x0000000080005744,0x0000000080019060,0x0000000080007a7a,0x000000000000000f,0x00000000800191f0,0x00000000800190b0,0x0000000080019310,0x00000000800191f0,0x0000000000000006,0x0000000000000006,0x0000000080019310,0x0000000000000000,0x000000008000f201,0x3fe567873346e1b1,0x0000000000000000,0xffffffff8ae273e0,0x000000000070ca33,0x3fedd0be6c3e1fcc,0x00000000800049aa,0x0000000000000000,0x414fe4c825119ce0,0x4129fe7b56388659,0x415207563d0b0f28,0x0000000000000000,0x0000000000000000,0x0000000000000000,0x00000000800049aa,0x000000000103107a,0x0000000000fa0686,0x000000000103107a,0x0000000000fa0686,0x000000000016e4fa,0x000000000000072d,0x00000000000051e2,0x00000000000007ed,0x00000000000060c4,0x000000000077e702,0x00000000000013b0
1784437721936,0x0000000080006260,0x0000000080019230,0x402a601452129310,0x0000000000000000,0x0000000000000000,0x0000000080019440,0x0000000080019698,0x00000000800194a0,0x000000008000f238,0x00000000800003f0,0x00000000800194a0,0x00000000800194d0,0x00000000753f56af,0xffffffffed22291a,0x0000000000000000,0x00000000753f54ae,0x000000000064e39a,0x3fedd0be6c3db6ea,0x0000000080005bd6,0x0000000000000000,0x401938e6bb488a47,0x4129fe7b56388659,0x415207563d0b0f28,0x01a56e1fc2f8f359,0x0000000000000000,0x0000000000000000,0x0000000080005bd6,0x000000000103f491,0x0000000000fae952,0x000000000103f491,0x0000000000fae952,0x000000000016f87d,0x0000000000000736,0x00000000000051e2,0x00000000000007ed,0x000000000000611b,0x000000000078562e,0x00000000000013b3
1784437722677,0x0000000080005820,0x0000000080018ed0,0x0000000080007a7a,0x000000000000000f,0x00000000800191f0,0x0000000080018f20,0x000000008000f238,0x0000000080019310,0x0000000000000006,0x0000000000000006,0x0000000080019280,0x00000000800192c8,0x000000008000f201,0x3fe4d26d4af690df,0x0000000000000000,0x0000000044d01638,0x0000000000623db1,0x3fedd0be6c3db6ea,0x0000000080004982,0x0000000000000000,0x414fe4cc0dfa43fe,0x4129fe728c2f837b,0x4152075207da511a,0x0000000000000000,0x0000000000000000,0x0000000000000000,0x0000000080004982,0x000000000104a463,0x0000000000fb9454,0x000000000104a463,0x0000000000fb9454,0x0000000000170a43,0x0000000000000738,0x00000000000051e5,0x00000000000007f9,0x0000000000006144,0x000000000078aa02,0x00000000000013b6
1784437723250,0x0000000080006260,0x0000000080019230,0x402a60145210bf8d,0x0000000000000000,0x0000000000000000,0x0000000080019440,0x0000000080019698,0x00000000800194a0,0x000000008000f238,0x00000000800003f0,0x000000008000f238,0x000000008000f340,0xffffffff8796f77d,0xffffffffe70666a4,0x0000000000000000,0xffffffff87947378,0x00000000005202d6,0x3fedd0be6c3dc559,0x0000000080005bfc,0x0000000000000000,0x403480b5b9c199a9,0x4129fe728c2f837b,0x4152075207da511a,0x01a56e1fc2f8f359,0x0000000000000000,0x0000000000000000,0x0000000080005bfc,0x0000000001056665,0x0000000000fc554d,0x0000000001056665,0x0000000000fc554d,0x0000000000171a83,0x0000000000000741,0x00000000000051e5,0x00000000000007f9,0x000000000000618e,0x000000000079089e,0x00000000000013b9
1784437724005,0x000000008000583a,0x0000000080018ed0,0x0000000080007a7a,0x000000000000000f,0x00000000800191f0,0x0000000080018f20,0x00000000800194a0,0x000000008000f238,0x0000000000000003,0x0000000000000006,0x00000000800191f0,0x0000000000000050,0x000000008000f201,0x3fde354c1dd18eac,0x0000000000000000,0x00000000270a0838,0x000000000072e1f5,0x3fedd0be6c3dc559,0x00000000800049ea,0x0000000000000000,0x414fe4cafe48e8a7,0x4129fe6b88e8a71e,0x41520751aebd3c36,0x3ff0000000000000,0x0000000000000000,0x0000000000000000,0x00000000800049ea,0x0000000001063795,0x0000000000fd2102,0x0000000001063795,0x0000000000fd2102,0x0000000000172f92,0x0000000000000743,0x00000000000051e7,0x0000000000000803,0x00000000000061bd,0x0000000000796c4d,0x00000000000013bc
1784437724891,0x00000000800056f8,0x0000000080019060,0x0000000080007a7a,0x000000000000000f,0x0000000080019430,0x00000000800190b0,0x0000000080019548,0x000000008000f238,0x0000000000000006,0x0000000000000006,0x0000000000000000,0x0000000000000006,0x000000008000f201,0x3fd32b34e73003b6,0x0000000000000000,0x0000000043945c8e,0x0000000000765761,0x3fedd0be6c3e2798,0x00000000800049d6,0x0000000000000000,0x414fe4c7d0ef34d7,0x4129fe6edcfaacda,0x41520753888e8a72,0x0000000000000000,0x0000000000000000,0x0000000000000000,0x00000000800049d6,0x0000000001070b98,0x0000000000fdf0c2,0x0000000001070b98,0x0000000000fdf0c2,0x00000000001745a1,0x000000000000074e,0x00000000000051e9,0x000000000000080d,0x000000000000622e,0x000000000079d5c9,0x00000000000013bf
1784437725808,0x000000008000589c,0x0000000080018ed0,0x0000000080007a7a,0x0000000000000000,0x00000000800191f0,0x0000000080018f20,0x0000000080019280,0x0000000080019118,0x0000000000000006,0x0000000000000003,0x0000000000000001,0x0000000000000003,0xffffffffdeff6ba6,0x0000000043f18d30,0x0000000000000000,0xffffffffdee10b80,0x000000000055dc95,0x3fedd0be6c3e2798,0x00000000800049b0,0x0000000000000000,0x4025772550fc634c,0x4129fe6edcfaacda,0x41520753888e8a72,0x3fe1aec7af362c88,0x0000000000000000,0x0000000000000000,0x00000000800049b0,0x000000000107e497,0x0000000000fec9e8,0x000000000107e497,0x0000000000fec9e8,0x00000000001756f7,0x0000000000000757,0x00000000000051e9,0x000000000000080d,0x000000000000625b,0x00000000007a3ed2,0x00000000000013c2
1784437726697,0x0000000080005744,0x0000000080019060,0x0000000080007a7a,0x000000000000000f,0x00000000800191f0,0x00000000800190b0,0x0000000080019310,0x00000000800191f0,0x0000000000000006,0x0000000000000006,0x0000000000000003,0x0000000000000006,0x000000008000f201,0x3fcba4822595eae8,0x0000000000000000,0x000000002f872d9e,0x000000000054ee07,0x3fedd0be6c3ec0b8,0x00000000800049e0,0x0000000000000000,0x414fe4c5a628240b,0x4129fe727c1bda51,0x4152075a754fdf3b,0x3fdcf46da09c99c3,0x0000000000000000,0x0000000000000000,0x00000000800049e0,0x000000000108c56a,0x0000000000ffa4b6,0x000000000108c56a,0x0000000000ffa4b6,0x0000000000176e02,0x0000000000000759,0x00000000000051ec,0x000000000000081c,0x00000000000062af,0x00000000007aaa91,0x00000000000013c5
1784437727546,0x00000000800057ae,0x0000000080018d90,0x0000000080007a7a,0x0000000000000000,0x00000000800191f0,0x0000000080018de0,0x0000000080018f50,0x000000008000f238,0x0000000000000006,0x0000000000000006,0x0000000080018df0,0x0000000080018e48,0x0000000001feef6f,0x0000000043f161ea,0x0000000000000000,0x0000000001fc6b0e,0x000000000055dc95,0x3fedd0be6c3ec0b8,0x00000000800049f0,0x0000000000000000,0x4025772550fc587b,0x4129fe727c1bda51,0x4152075a754fdf3b,0x8000000000000000,0x0000000000000000,0x0000000000000000,0x00000000800049f0,0x0000000001099a45,0x00000000010079a2,0x0000000001099a45,0x00000000010079a2,0x0000000000177f6b,0x0000000000000762,0x00000000000051ec,0x000000000000081c,0x00000000000062df,0x00000000007b1156,0x00000000000013c8
1784437728393,0x0000000080005820,0x0000000080018ed0,0x0000000080007a7a,0x000000000000000f,0x00000000800191f0,0x0000000080018f20,0x000000008000f238,0x0000000080019310,0x0000000000000006,0x0000000000000006,0x0000000000000001,0x0000000000000003,0x000000008000f201,0x3fd9914cf8473d69,0x0000000000000000,0xffffffffa50e0000,0x00000000004c7c57,0x3fedd0be6c3f79a7,0x00000000800049d6,0x0000000000000000,0x414fe4c9a76c8b44,0x4129fe78f0ff9724,0x41520759e56f0069,0x0000000000000000,0x3fe1aec7af362c79,0x0000000000000000,0x00000000800049d6,0x00000000010a7428,0x0000000001014d65,0x00000000010a7428,0x0000000001014d65,0x000000000017958e,0x0000000000000764,0x00000000000051ef,0x000000000000082b,0x0000000000006334,0x00000000007b7a25,0x00000000000013cb
1784437729280,0x0000000080006260,0x0000000080019230,0x402a6014520d44b7,0x0000000000000000,0x0000000000000000,0x0000000080019440,0x0000000080019698,0x00000000800194a0,0x000000008000f238,0x00000000800003f0,0x0000000000000003,0x0000000000000002,0xfffffffffe3f7832,0xffffffffebb21a40,0x0000000000000000,0xfffffffffe277800,0x00000000007d4337,0x3fedd0be6c404079,0x0000000080005e26,0x0000000000000000,0x402f50cdfaec8690,0x4129fe78f0ff9724,0x41520759e56f0069,0x403d881f7f28f2e0,0x0000000000000000,0x0000000000000000,0x0000000080005e26,0x00000000010b5b5f,0x000000000102307b,0x00000000010b5b5f,0x000000000102307b,0x000000000017ac1b,0x000000000000076d,0x00000000000051ef,0x000000000000082c,0x0000000000006383,0x00000000007bebb7,0x00000000000013ce
1784437730017,0x000000008000583a,0x0000000080018ed0,0x0000000080007a7a,0x000000000000000f,0x00000000800191f0,0x0000000080018f20,0x00000000800194a0,0x000000008000f238,0x0000000000000003,0x0000000000000006,0x0000000000000005,0x0000000000000005,0x000000008000f201,0x3fe117cf61a23cc8,0x0000000000000000,0x000000004e3375b8,0x00000000007dd449,0x3fedd0be6c404079,0x00000000800049e4,0x0000000000000000,0x414fe4c039b089a0,0x4129fe65263f1412,0x41520757bacf41f2,0x0000000000000000,0x0000000000000000,0x0000000000000000,0x00000000800049e4,0x00000000010c09ed,0x000000000102dca9,0x00000000010c09ed,0x000000000102dca9,0x000000000017bb12,0x000000000000076f,0x00000000000051f1,0x0000000000000836,0x00000000000063ac,0x00000000007c3dc0,0x00000000000013d1
1784437730586,0x0000000080006260,0x0000000080019230,0x402a6014520d02cd,0x0000000000000000,0x0000000000000000,0x0000000080019440,0x0000000080019698,0x00000000800194a0,0x000000008000f238,0x00000000800003f0,0x000000008000f238,0x000000008000f308,0x0000000018bbefdf,0xffffffffa6b79512,0x0000000000000000,0x0000000018bb055e,0x0000000000428647,0x3fedd0be6c4107ab,0x0000000080005bfc,0x0000000000000000,0x4030a191e9ade545,0x4129fe65263f1412,0x41520757bacf41f2,0x01a56e1fc2f8f359,0x0000000000000000,0x4012207dfca3cb7b,0x0000000080005bfc,0x00000000010cbc3b,0x0000000001038d44,0x00000000010cbc3b,0x0000000001038d44,0x000000000017caab,0x0000000000000778,0x00000000000051f1,0x0000000000000836,0x0000000000006407,0x00000000007c9537,0x00000000000013d4
1784437731350,0x000000008000583a,0x0000000080018ed0,0x0000000080007a7a,0x000000000000000f,0x00000000800191f0,0x0000000080018f20,0x00000000800194a0,0x000000008000f238,0x0000000000000003,0x0000000000000006,0x00000000800191f0,0x0000000000000006,0x000000008000f201,0x3fe21743b9d04179,0x0000000000000000,0x000000001528ce2e,0x0000000000758a4b,0x3fedd0be6c4107ab,0x0000000080004a00,0x0000000000000000,0x414fe4bf59d14e3c,0x4129fe73d21ff2e5,0x41520759a8418937,0x0000000000000000,0x0000000000000000,0x0000000000000000,0x0000000080004a00,0x00000000010d9013,0x0000000001045c2a,0x00000000010d9013,0x0000000001045c2a,0x000000000017df52,0x000000000000077a,0x00000000000051f3,0x0000000000000840,0x0000000000006427,0x00000000007cf9d2,0x00000000000013d7
1784437732246,0x00000000800056f8,0x0000000080019060,0x0000000080007a7a,0x000000000000000f,0x0000000080019430,0x00000000800190b0,0x0000000080019548,0x000000008000f238,0x0000000000000006,0x0000000000000006,0x0000000000000001,0x0000000000000006,0x000000008000f201,0x3fe5165f2ea860c0,0x0000000000000000,0x0000000020a25e00,0x000000000043805d,0x3fedd0be6c41c575,0x0000000080004940,0x0000000000000000,0x414fe4c3c4bfb15b,0x4129fe6804c2f838,0x415207553f573eab,0x0000000000000000,0x0000000000000000,0x0000000000000000,0x0000000080004940,0x00000000010e62b0,0x00000000010529df,0x00000000010e62b0,0x00000000010529df,0x000000000017f53f,0x0000000000000785,0x00000000000051f6,0x000000000000084e,0x00000000000064aa,0x00000000007d622a,0x00000000000013da
1784437733168,0x00000000800058f2,0x0000000080018ed0,0x0000000080007a7a,0x0000000000000000,0x00000000800191f0,0x0000000080018f20,0x00000000800193a0,0x00000000800194a0,0x0000000000000006,0x0000000000000003,0x0000000000000003,0x0000000000000005,0x000000002ed833fb,0x0000000043f12cfc,0x0000000000000000,0x000000002ed033f8,0x000000000055dc95,0x3fedd0be6c41c575,0x0000000080004a18,0x0000000000000000,0x4025772550fc4b3f,0x4129fe6804c2f838,0x415207553f573eab,0x3fc0e154af64666b,0x0000000000000000,0x3fc0e154af64666b,0x0000000080004a18,0x00000000010f5680,0x0000000001061ded,0x00000000010f5680,0x0000000001061ded,0x000000000018091f,0x000000000000078e,0x00000000000051f6,0x000000000000084e,0x00000000000064dd,0x00000000007dd797,0x00000000000013dd
1784437734095,0x0000000080005744,0x0000000080019060,0x0000000080007a7a,0x000000000000000f,0x00000000800191f0,0x00000000800190b0,0x0000000080019310,0x00000000800191f0,0x0000000000000006,0x0000000000000006,0x0000000000000001,0x0000000000000018,0x000000008000f201,0x3fe23ba799acbcbc,0x0000000000000000,0x0000000071893bf8,0x000000000041c326,0x3fedd0be6c42732b,0x00000000800049e0,0x0000000000000000,0x414fe4c54c0b7803,0x4129fe6b1e90ff97,0x41520757be9ad42c,0x402c3d2038d1073a,0x0000000000000000,0x0000000000000000,0x00000000800049e0,0x0000000001102ead,0x000000000106f008,0x0000000001102ead,0x000000000106f008,0x0000000000181f20,0x0000000000000790,0x00000000000051f9,0x000000000000085a,0x0000000000006528,0x00000000007e3f7e,0x00000000000013e0
1784437734985,0x0000000080006260,0x0000000080019230,0x402a6014520ced46,0x0000000000000000,0x0000000000000000,0x0000000080019440,0x0000000080019698,0x00000000800194a0,0x000000008000f238,0x00000000800003f0,0x0000000000000000,0x0000000000000000,0xffffffffb19aeec3,0x000000003c036860,0x0000000000000000,0xffffffffb198ee00,0x000000000076b1e2,0x3fedd0be6c430ca6,0x0000000080005bc0,0x0000000000000000,0x400dac788f00da18,0x4129fe6b1e90ff97,0x41520757be9ad42c,0x01a56e1fc2f8f359,0x4012207dfca3cb72,0x4012207dfca3cb72,0x0000000080005bc0,0x0000000001111585,0x000000000107d5f1,0x0000000001111585,0x000000000107d5f1,0x00000000001831eb,0x0000000000000799,0x00000000000051f9,0x000000000000085a,0x000000000000657e,0x00000000007eaf2d,0x00000000000013e3
1784437735910,0x000000008000583a,0x0000000080018ed0,0x0000000080007a7a,0x000000000000000f,0x00000000800191f0,0x0000000080018f20,0x00000000800194a0,0x000000008000f238,0x0000000000000003,0x0000000000000006,0x00000000800191f0,0x0000000000000002,0x000000008000f201,0x3fe29035693d6e98,0x0000000000000000,0xffffffffb3f1aaae,0x00000000004fb68e,0x3fedd0be6c430ca6,0x0000000080004988,0x0000000000000000,0x414fe4c26c22680a,0x4129fe6f19db22d1,0x4152075713e28241,0x0000000000000000,0x0000000000000000,0x0000000000000000,0x0000000080004988,0x000000000111eda4,0x000000000108a846,0x000000000111eda4,0x000000000108a846,0x00000000001847f2,0x000000000000079b,0x00000000000051fb,0x0000000000000864,0x00000000000065af,0x00000000007f1651,0x00000000000013e6
1784437736770,0x0000000080006260,0x0000000080019230,0x402a6014520d05d3,0x0000000000000000,0x0000000000000000,0x0000000080019440,0x0000000080019698,0x00000000800194a0,0x000000008000f238,0x00000000800003f0,0x000000008000f238,0x0000000000000004,0x0000000074b8bdec,0xffffffffe88b2cb8,0x0000000000000000,0x0000000074301de0,0x000000000068cd3d,0x3fedd0be6c438fbd,0x0000000080005c12,0x0000000000000000,0x400a334f7a22cb2e,0x4129fe6f19db22d1,0x4152075713e28241,0x01a56e1fc2f8f359,0x0000000000000000,0x3fedd0be6c438fbd,0x0000000080005c12,0x0000000001129fe3,0x0000000001095801,0x0000000001129fe3,0x0000000001095801,0x00000000001858c6,0x00000000000007a4,0x00000000000051fb,0x0000000000000864,0x00000000000065ff,0x00000000007f6e70,0x00000000000013e9
1784437737334,0x0000000080005820,0x0000000080018ed0,0x0000000080007a7a,0x000000000000000f,0x00000000800191f0,0x0000000080018f20,0x000000008000f238,0x0000000080019310,0x0000000000000006,0x0000000000000006,0x0000000080019280,0x00000000800192f0,0x000000008000f201,0x3fe1e1bb0b2ed901,0x0000000000000000,0x000000000776403e,0x000000000057075f,0x3fedd0be6c438fbd,0x00000000800049f0,0x0000000000000000,0x414fe4c6fcea4a8c,0x4129fe6e0f34d6a1,0x4152075463055326,0x0000000000000000,0x0000000000000000,0x0000000000000000,0x00000000800049f0,0x0000000001134b5f,0x000000000109ffaf,0x0000000001134b5f,0x000000000109ffaf,0x00000000001868e3,0x00000000000007a6,0x00000000000051fd,0x000000000000086e,0x0000000000006629,0x00000000007fbf94,0x00000000000013ec
1784437737999,0x0000000080006260,0x0000000080019230,0x402a6014520d24a8,0x0000000000000000,0x0000000000000000,0x0000000080019440,0x0000000080019698,0x00000000800194a0,0x000000008000f238,0x00000000800003f0,0x0000000000000002,0x0000000000000004,0x0000000054df8cf8,0x0000000073b0aac4,0x0000000000000000,0x00000000544b8cf8,0x00000000007e77eb,0x3fedd0be6c43fbd4,0x0000000080005d3c,0x0000000000000000,0x402f9dfadcec2ab1,0x4129fe6e0f34d6a1,0x4152075463055326,0x01a56e1fc2f8f359,0x0000000000000000,0x0000000000000000,0x0000000080005d3c,0x000000000114214b,0x00000000010ad1af,0x000000000114214b,0x00000000010ad1af,0x0000000000187dad,0x00000000000007af,0x00000000000051fd,0x000000000000086f,0x0000000000006681,0x0000000000802919,0x00000000000013ef
1784437738905,0x0000000080004ede,0x0000000080018de0,0x0000000080007a7a,0x0000000000000000,0x00000000800191f0,0x0000000080018e40,0x0000000000000001,0x000000001b03b772,0x000000003fe00000,0x40161a799b03b772,0x0000000080019118,0x0000000080019130,0x000000001efff9f1,0x000000006c0eddc8,0x0000000000000000,0x000000001efe89e0,0x00000000005869e6,0x3fedd0be6c43fbd4,0x0000000080004e88,0x0000000000000000,0x40161a799b03b772,0x4129fe6b547ae148,0x415207570d0cb296,0x01a56e1fc2f8f359,0x403e88fa391e4304,0x0000000000000000,0x0000000080004e88,0x000000000114f931,0x00000000010ba72c,0x000000000114f931,0x00000000010ba72c,0x0000000000189020,0x00000000000007b3,0x0000000000005200,0x000000000000087d,0x00000000000066b6,0x0000000000808f96,0x00000000000013f2
1784437739797,0x0000000080005744,0x0000000080019060,0x0000000080007a7a,0x000000000000000f,0x00000000800191f0,0x00000000800190b0,0x0000000080019310,0x00000000800191f0,0x0000000000000006,0x0000000000000006,0x0000000080019310,0x0000000080019328,0x000000008000f201,0x3fdb0915530af20e,0x0000000000000000,0x0000000038c9e1f8,0x00000000005d6e01,0x3fedd0be6c445178,0x00000000800049a6,0x0000000000000000,0x414fe4c50e594af5,0x4129fe72657a786c,0x415207587ae147ae,0x0000000000000000,0x0000000000000000,0x0000000000000000,0x00000000800049a6,0x000000000115e5fd,0x00000000010c8ed3,0x000000000115e5fd,0x00000000010c8ed3,0x000000000018a842,0x00000000000007bc,0x0000000000005203,0x000000000000088c,0x0000000000006720,0x0000000000810339,0x00000000000013f5
1784437740670,0x00000000800057ae,0x0000000080018d90,0x0000000080007a7a,0x0000000000000000,0x00000000800191f0,0x0000000080018de0,0x0000000080018f50,0x000000008000f238,0x0000000000000006,0x0000000000000006,0x0000000000000005,0x0000000000000018,0x0000000042d2ffde,0x0000000043f14e52,0x0000000000000000,0x0000000042d2f6de,0x000000000055dc95,0x3fedd0be6c445178,0x00000000800049ba,0x0000000000000000,0x4025772550fc5395,0x4129fe72657a786c,0x415207587ae147ae,0x8000000000000000,0x0000000000000000,0x0000000000000000,0x00000000800049ba,0x000000000116bc05,0x00000000010d64ee,0x000000000116bc05,0x00000000010d64ee,0x000000000018b9c6,0x00000000000007c5,0x0000000000005203,0x000000000000088c,0x0000000000006743,0x0000000000816a82,0x00000000000013f8
1784437741563,0x0000000080005806,0x0000000080018ee0,0x0000000080007a7a,0x000000000000000f,0x00000000800191f0,0x0000000080018f20,0x00000000800194a0,0x0000000080019310,0x0000000000000003,0x0000000080019310,0x00000000800194d0,0x0000000000000001,0x000000008000f201,0x3fdd80ed77308447,0x0000000000000000,0x000000001535a53e,0x000000000066f64d,0x3fedd0be6c449209,0x0000000080004b98,0x0000000000000000,0x414fe4bf4d97f62b,0x4129fe5e16113405,0x4152075a07694467,0x3fc17a1e17d21477,0x3fc17a1e17d21477,0x0000000000000000,0x0000000080004b98,0x0000000001179719,0x00000000010e39c6,0x0000000001179719,0x00000000010e39c6,0x000000000018d015,0x00000000000007c7,0x0000000000005205,0x0000000000000899,0x0000000000006789,0x000000000081d3d6,0x00000000000013fb
1784437742483,0x0000000080006260,0x0000000080019230,0x402a6014520d8579,0x0000000000000000,0x0000000000000000,0x0000000080019440,0x0000000080019698,0x00000000800194a0,0x000000008000f238,0x00000000800003f0,0x0000000000000002,0x0000000000000020,0x000000003197e2ff,0x0000000058fde62a,0x0000000000000000,0x000000003106408e,0x00000000006a13ba,0x3fedd0be6c44bf72,0x0000000080005bf2,0x0000000000000000,0x402a84ee963f798b,0x4129fe5e16113405,0x4152075a07694467,0x01a56e1fc2f8f359,0x0000000000000000,0x4012207dfca3cb6a,0x0000000080005bf2,0x0000000001186f9d,0x00000000010f10c7,0x0000000001186f9d,0x00000000010f10c7,0x000000000018e2cb,0x00000000000007d0,0x0000000000005205,0x0000000000000899,0x00000000000067d4,0x0000000000823d86,0x00000000000013fe
1784437743336,0x000000008000583a,0x0000000080018ed0,0x0000000080007a7a,0x000000000000000f,0x00000000800191f0,0x0000000080018f20,0x00000000800194a0,0x000000008000f238,0x0000000000000003,0x0000000000000006,0x0000000000000004,0x0000000000000010,0x000000008000f201,0x3fe188723ec25742,0x0000000000000000,0xffffffffec13bcce,0x00000000004b96ef,0x3fedd0be6c44bf72,0x0000000080004978,0x0000000000000000,0x414fe4c0869ad42c,0x4129fe74d4538ef3,0x4152075889cfaace,0x0000000000000000,0x0000000000000000,0x0000000000000000,0x0000000080004978,0x00000000011943b5,0x00000000010fdfcb,0x00000000011943b5,0x00000000010fdfcb,0x000000000018f76b,0x00000000000007d2,0x0000000000005207,0x00000000000008a3,0x0000000000006802,0x000000000082a22b,0x0000000000001401
1784437743999,0x0000000080006260,0x0000000080019230,0x402a6014520da079,0x0000000000000000,0x0000000000000000,0x0000000080019440,0x0000000080019698,0x00000000800194a0,0x000000008000f238,0x00000000800003f0,0x00000000800194a0,0x00000000800194c0,0x00000000741eafef,0x000000007b9d3dc6,0x0000000000000000,0x00000000741e056e,0x00000000005f77a6,0x3fedd0be6c44dbf3,0x0000000080005cee,0x0000000000000000,0x4017dde99ee74f72,0x4129fe74d4538ef3,0x4152075889cfaace,0x01a56e1fc2f8f359,0x4012207dfca3cb69,0x0000000000000000,0x0000000080005cee,0x000000000119f1b0,0x0000000001108bae,0x000000000119f1b0,0x0000000001108bae,0x0000000000190809,0x00000000000007db,0x0000000000005207,0x00000000000008a3,0x0000000000006841,0x000000000082f8b7,0x0000000000001404
1784437744566,0x000000008000583a,0x0000000080018ed0,0x0000000080007a7a,0x000000000000000f,0x00000000800191f0,0x0000000080018f20,0x00000000800194a0,0x000000008000f238,0x0000000000000003,0x0000000000000006,0x0000000000000000,0x0000000000000000,0x000000008000f201,0x3fe2019cc1d10936,0x0000000000000000,0xffffffff8d7758b8,0x00000000005460bc,0x3fedd0be6c44dbf3,0x0000000080004944,0x0000000000000000,0x414fe4c415f6fd22,0x4129fe6099c0ebee,0x41520758aea30553,0x3fc2c1cc2c4cb93d,0x3ff12c1dda64570e,0x3ff12c1dda64570e,0x0000000080004944,0x00000000011aa202,0x000000000111381f,0x00000000011aa202,0x000000000111381f,0x0000000000191866,0x00000000000007dd,0x000000000000520a,0x00000000000008b1,0x0000000000006877,0x0000000000834bf4,0x0000000000001407
1784437745400,0x00000000800056de,0x00000000800190b0,0x0000000080007a7a,0x000000000000000f,0x0000000080019430,0x0000000080019440,0x0000000080019310,0x0000000000000000,0x0000000000000000,0x000000008000f238,0x00000000800193d0,0x0000000000000000,0x000000008000f201,0x3fe26bc4df64374a,0x0000000000000000,0x000000007e70abee,0x000000000066f3c3,0x3fedd0be6c44e9f4,0x0000000080007a6c,0x0000000000000000,0x414fe4bb04a8c155,0x4129fe670fc50481,0x4152075a890b0f28,0x414fe4bec542c3ca,0x41520758615d1d27,0x3ff0000000000000,0x0000000080007a6c,0x00000000011b7e5c,0x0000000001120fcc,0x00000000011b7e5c,0x0000000001120fcc,0x0000000000192f30,0x00000000000007e8,0x000000000000520d,0x00000000000008bd,0x00000000000068dd,0x000000000083b8f9,0x000000000000140a
1784437746266,0x000000008000519e,0x0000000080018e90,0x0000000080007a7a,0x0000000000000000,0x00000000800191f0,0x0000000080018ee0,0x0000000000000000,0x0000000050fc59a8,0x000000003fe00000,0x0000000080019118,0x0000000080019120,0x0000000000000001,0xffffffffeeefaf32,0x0000000043f166a0,0x0000000000000000,0xffffffffeece0e00,0x000000000055dc95,0x3fedd0be6c44e9f4,0x000000008000548e,0x0000000000000000,0x4025772550fc59a8,0x4129fe670fc50481,0x4152075a890b0f28,0x0000000000000000,0x3fb7da31f035ed57,0x0000000000000000,0x000000008000548e,0x00000000011c549f,0x000000000112e5b8,0x00000000011c549f,0x000000000112e5b8,0x000000000019404d,0x00000000000007f1,0x000000000000520d,0x00000000000008bd,0x000000000000690e,0x0000000000842075,0x000000000000140d
1784437747083,0x000000008000571c,0x0000000080019070,0x0000000080007a7a,0x000000000000000f,0x0000000080019310,0x00000000800190b0,0x0000000080019548,0x00000000800191f0,0x0000000000000006,0x0000000000000005,0x00000000800195d0,0x0000000000000006,0x000000008000f201,0x3fe4d1c5caa237f1,0x0000000000000000,0x000000003d5b3800,0x000000000079377a,0x3fedd0be6c44ebde,0x0000000080004b74,0x0000000000000000,0x414fe4bfd06c2268,0x4129fe606bc6a7f0,0x4152075922027525,0x3ff0000000000000,0x0000000000000000,0x0000000000000000,0x0000000080004b74,0x00000000011d2f07,0x000000000113b96c,0x00000000011d2f07,0x000000000113b96c,0x00000000001956d7,0x00000000000007f3,0x000000000000520f,0x00000000000008c7,0x0000000000006965,0x00000000008488d3,0x0000000000001410
1784437747980,0x00000000800057ae,0x0000000080018d90,0x0000000080007a7a,0x0000000000000000,0x00000000800191f0,0x0000000080018de0,0x0000000080018f50,0x000000008000f238,0x0000000000000006,0x0000000000000006,0x0000000080018df0,0x0000000080018df8,0xffffffffeefe6f3e,0x0000000043f169ec,0x0000000000000000,0xffffffffeeea4738,0x000000000055dc95,0x3fedd0be6c44ebde,0x0000000080004982,0x0000000000000000,0x4025772550fc5a7b,0x4129fe606bc6a7f0,0x4152075922027525,0x8000000000000000,0x3fdcf46da09c9984,0x3fdcf46da09c9984,0x0000000080004982,0x00000000011e055a,0x000000000114900e,0x00000000011e055a,0x000000000114900e,0x0000000000196848,0x00000000000007fc,0x000000000000520f,0x00000000000008c7,0x0000000000006999,0x000000000084f05c,0x0000000000001413
1784437748831,0x0000000080005744,0x0000000080019060,0x0000000080007a7a,0x000000000000000f,0x00000000800191f0,0x00000000800190b0,0x0000000080019310,0x00000000800191f0,0x0000000000000006,0x0000000000000006,0x00000000800190d0,0x0000000000000002,0x000000008000f201,0x3fe508f47fbf840b,0x0000000000000000,0xfffffffff228f8e0,0x000000000041ae9d,0x3fedd0be6c44e406,0x0000000080004a00,0x0000000000000000,0x414fe4c1da752546,0x4129fe60778d4fdf,0x4152075b1f5dcc64,0x0000000000000000,0x0000000000000000,0x0000000000000000,0x0000000080004a00,0x00000000011ed04e,0x000000000115548b,0x00000000011ed04e,0x000000000115548b,0x0000000000197d51,0x00000000000007fe,0x0000000000005211,0x00000000000008d1,0x00000000000069f0,0x00000000008551d6,0x0000000000001416
1784437749710,0x00000000800057ae,0x0000000080018d90,0x0000000080007a7a,0x0000000000000000,0x00000000800191f0,0x0000000080018de0,0x0000000080018f50,0x000000008000f238,0x0000000000000006,0x0000000000000006,0x0000000080018df0,0x0000000080018ec0,0x000000002f54fdf8,0x0000000043f16c24,0x0000000000000000,0x000000002f44cd78,0x000000000055dc95,0x3fedd0be6c44e406,0x0000000080004982,0x0000000000000000,0x4025772550fc5b09,0x4129fe60778d4fdf,0x4152075b1f5dcc64,0x8000000000000000,0x0000000000000000,0x0000000000000000,0x0000000080004982,0x00000000011fa1ee,0x0000000001162628,0x00000000011fa1ee,0x0000000001162628,0x0000000000198e73,0x0000000000000807,0x0000000000005211,0x00000000000008d1,0x0000000000006a1e,0x000000000085b700,0x0000000000001419
1784437750567,0x0000000080005820,0x0000000080018ed0,0x0000000080007a7a,0x000000000000000f,0x00000000800191f0,0x0000000080018f20,0x000000008000f238,0x0000000080019310,0x0000000000000006,0x0000000000000006,0x0000000000000004,0x0000000000000003,0x000000008000f201,0x3fe76627745ef279,0x0000000000000000,0xffffffff80106ef8,0x00000000004056ae,0x3fedd0be6c44d495,0x000000008000496c,0x0000000000000000,0x414fe4bd364c2f83,0x4129fe73657a786c,0x415207561771758e,0x0000000000000000,0x0000000000000000,0x0000000000000000,0x000000008000496c,0x0000000001207365,0x000000000116f190,0x0000000001207365,0x000000000116f190,0x000000000019a3eb,0x0000000000000809,0x0000000000005214,0x00000000000008df,0x0000000000006a79,0x0000000000861bd7,0x000000000000141c
1784437751162,0x00000000800057ae,0x0000000080018d90,0x0000000080007a7a,0x0000000000000000,0x00000000800191f0,0x0000000080018de0,0x0000000080018f50,0x000000008000f238,0x0000000000000006,0x0000000000000006,0x0000000000000005,0x0000000000000006,0xffffffffe8fbff2f,0x0000000043f16d5a,0x0000000000000000,0xffffffffe8eb1e2e,0x000000000055dc95,0x3fedd0be6c44d495,0x000000008000498e,0x0000000000000000,0x4025772550fc5b57,0x4129fe73657a786c,0x415207561771758e,0x8000000000000000,0x0000000000000000,0x0000000000000000,0x000000008000498e,0x0000000001211dc6,0x0000000001179be0,0x0000000001211dc6,0x0000000001179be0,0x000000000019b1ea,0x0000000000000812,0x0000000000005214,0x00000000000008df,0x0000000000006aa7,0x0000000000866e77,0x000000000000141f
1784437751768,0x0000000080005820,0x0000000080018ed0,0x0000000080007a7a,0x000000000000000f,0x00000000800191f0,0x0000000080018f20,0x000000008000f238,0x0000000080019310,0x0000000000000006,0x0000000000000006,0x0000000000000005,0x0000000000000006,0x000000008000f201,0x3fe33bbb39b16e5c,0x0000000000000000,0xffffffff91dfdabe,0x0000000000579f07,0x3fedd0be6c44bf84,0x000000008000498e,0x0000000000000000,0x414fe4bee72b020c,0x4129fe75457a786c,0x4152075747dd97f6,0x0000000000000000,0x0000000000000000,0x0000000000000000,0x000000008000498e,0x000000000121ec54,0x00000000011864e0,0x000000000121ec54,0x00000000011864e0,0x000000000019c72c,0x0000000000000814,0x0000000000005217,0x00000000000008ed,0x0000000000006aee,0x000000000086d235,0x0000000000001422
1784437752650,0x0000000080006260,0x0000000080019230,0x402a6014520de5c1,0x0000000000000000,0x0000000000000000,0x0000000080019440,0x0000000080019698,0x00000000800194a0,0x000000008000f238,0x00000000800003f0,0x00000000800194a0,0x00000000800194a8,0xffffffffa6e5eaff,0xffffffff9b46507e,0x0000000000000000,0xffffffffa6e480fe,0x0000000000588013,0x3fedd0be6c44a690,0x0000000080005bd6,0x0000000000000000,0x40262004e6d19420,0x4129fe75457a786c,0x4152075747dd97f6,0x01a56e1fc2f8f359,0x0000000000000000,0x0000000000000000,0x0000000080005bd6,0x000000000122a45f,0x0000000001191c00,0x000000000122a45f,0x0000000001191c00,0x000000000019d663,0x000000000000081d,0x0000000000005217,0x00000000000008ed,0x0000000000006b37,0x0000000000872c01,0x0000000000001425
1784437753446,0x000000008000583a,0x0000000080018ed0,0x0000000080007a7a,0x000000000000000f,0x00000000800191f0,0x0000000080018f20,0x00000000800194a0,0x000000008000f238,0x0000000000000003,0x0000000000000006,0x00000000800191f0,0x0000000080019228,0x000000008000f201,0x3fe0db20bc7c7346,0x0000000000000000,0x0000000058cdb32e,0x00000000004b269f,0x3fedd0be6c44a690,0x0000000080004984,0x0000000000000000,0x414fe4bc7676c8b4,0x4129fe686a305532,0x41520757a2a30553,0x0000000000000000,0x0000000000000000,0x0000000000000000,0x0000000080004984,0x0000000001237302,0x000000000119e528,0x0000000001237302,0x000000000119e528,0x000000000019eb77,0x000000000000081f,0x0000000000005219,0x00000000000008f7,0x0000000000006b5e,0x0000000000878ea7,0x0000000000001428
1784437754290,0x00000000800056f8,0x0000000080019060,0x0000000080007a7a,0x000000000000000f,0x0000000080019430,0x00000000800190b0,0x0000000080019548,0x000000008000f238,0x0000000000000006,0x0000000000000006,0x0000000080019548,0x0000000080019550,0x000000008000f201,0x3fde1dab621f1241,0x0000000000000000,0x0000000044431780,0x0000000000400fdc,0x3fedd0be6c448b37,0x00000000800049a6,0x0000000000000000,0x414fe4bd7072b021,0x4129fe60585f06f7,0x415207583de353f8,0x3ff0000000000000,0x0000000000000000,0x0000000000000000,0x00000000800049a6,0x00000000012448f4,0x00000000011ab678,0x00000000012448f4,0x00000000011ab678,0x00000000001a01b5,0x000000000000082a,0x000000000000521b,0x0000000000000901,0x0000000000006bc5,0x000000000087f8ae,0x000000000000142b
1784437755156,0x000000008000589c,0x0000000080018ed0,0x0000000080007a7a,0x0000000000000000,0x00000000800191f0,0x0000000080018f20,0x0000000080019280,0x0000000080019118,0x0000000000000006,0x0000000000000003,0x0000000080019118,0x0000000080019138,0x00000000293dfe7f,0x0000000043f16c46,0x0000000000000000,0x0000000029346e6e,0x000000000055dc95,0x3fedd0be6c448b37,0x00000000800049c6,0x0000000000000000,0x4025772550fc5b12,0x4129fe60585f06f7,0x415207583de353f8,0x401623e8e4790c0a,0x0000000000000000,0x0000000000000000,0x00000000800049c6,0x00000000012520dd,0x00000000011b8e1c,0x00000000012520dd,0x00000000011b8e1c,0x00000000001a12f0,0x0000000000000833,0x000000000000521b,0x0000000000000901,0x0000000000006bf5,0x0000000000886102,0x000000000000142e
1784437755914,0x00000000800056f8,0x0000000080019060,0x0000000080007a7a,0x000000000000000f,0x0000000080019430,0x00000000800190b0,0x0000000080019548,0x000000008000f238,0x0000000000000006,0x0000000000000006,0x0000000000000004,0x0000000000000006,0x000000008000f201,0x3fdc28f6b5b9350c,0x0000000000000000,0x000000001b65e000,0x000000000072eda8,0x3fedd0be6c446eb7,0x000000008000498e,0x0000000000000000,0x414fe4bd6da1cac1,0x4129fe5cc63f1412,0x4152075e4c6dc5d6,0x3ff0000000000000,0x3fedd0be6c446eb7,0x3fedd0be6c446eb7,0x000000008000498e,0x000000000125e810,0x00000000011c4ed6,0x000000000125e810,0x00000000011c4ed6,0x00000000001a280e,0x0000000000000835,0x000000000000521e,0x000000000000090f,0x0000000000006c45,0x000000000088c06d,0x0000000000001431
1784437756841,0x00000000800058f2,0x0000000080018ed0,0x0000000080007a7a,0x0000000000000000,0x00000000800191f0,0x0000000080018f20,0x00000000800193a0,0x00000000800194a0,0x0000000000000006,0x0000000000000003,0x0000000080018f50,0x0000000080019058,0x00000000137db7ff,0x0000000043f16ac6,0x0000000000000000,0x000000001355b76e,0x000000000055dc95,0x3fedd0be6c446eb7,0x0000000080004982,0x0000000000000000,0x4025772550fc5ab2,0x4129fe5cc63f1412,0x4152075e4c6dc5d6,0x3f8314f4c02bb9aa,0x0000000000000000,0x0000000000000000,0x0000000080004982,0x000000000126bfd0,0x00000000011d26c5,0x000000000126bfd0,0x00000000011d26c5,0x00000000001a399d,0x000000000000083e,0x000000000000521e,0x000000000000090f,0x0000000000006c7f,0x000000000089288f,0x0000000000001434
1784437757710,0x0000000080005744,0x0000000080019060,0x0000000080007a7a,0x000000000000000f,0x00000000800191f0,0x00000000800190b0,0x0000000080019310,0x00000000800191f0,0x0000000000000006,0x0000000000000006,0x0000000000000002,0x0000000000000006,0x000000008000f201,0x3fe452c2bbb2c82e,0x0000000000000000,0x00000000622afc38,0x00000000005346c2,0x3fedd0be6c445218,0x000000008000496c,0x0000000000000000,0x414fe4bdd1e83e42,0x4129fe707a0f9097,0x41520756ec3126e9,0x0000000000000000,0x0000000000000000,0x0000000000000000,0x000000008000496c,0x0000000001277fd4,0x00000000011de0e7,0x0000000001277fd4,0x00000000011de0e7,0x00000000001a4da3,0x0000000000000840,0x0000000000005221,0x000000000000091c,0x0000000000006cd0,0x000000000089853b,0x0000000000001437
1784437758252,0x00000000800058f2,0x0000000080018ed0,0x0000000080007a7a,0x0000000000000000,0x00000000800191f0,0x0000000080018f20,0x00000000800193a0,0x00000000800194a0,0x0000000000000006,0x0000000000000003,0x0000000080018f50,0x0000000080019000,0xffffffffe073ff7a,0x0000000043f168ec,0x0000000000000000,0xffffffffe053b338,0x000000000055dc95,0x3fedd0be6c445218,0x00000000800049f0,0x0000000000000000,0x4025772550fc5a3b,0x4129fe707a0f9097,0x41520756ec3126e9,0x3f9287f43dd4dd22,0x0000000000000000,0x0000000000000000,0x00000000800049f0,0x0000000001282d62,0x00000000011e8ea0,0x0000000001282d62,0x00000000011e8ea0,0x00000000001a5bf1,0x0000000000000849,0x0000000000005221,0x000000000000091c,0x0000000000006cf3,0x000000000089d98f,0x000000000000143a
1784437758859,0x0000000080005744,0x0000000080019060,0x0000000080007a7a,0x000000000000000f,0x00000000800191f0,0x00000000800190b0,0x0000000080019310,0x00000000800191f0,0x0000000000000006,0x0000000000000006,0x00000000800190d0,0x0000000080019170,0x000000008000f201,0x3fe0c1d8adad29ee,0x0000000000000000,0xffffffffdeaee53e,0x0000000000582512,0x3fedd0be6c443628,0x00000000800049f0,0x0000000000000000,0x414fe4c07f03afb8,0x4129fe59f5cfaace,0x4152075974af4f0e,0x0000000000000000,0x3fe185d1eca6d032,0x3fe185d1eca6d032,0x00000000800049f0,0x000000000129032a,0x00000000011f5e8b,0x000000000129032a,0x00000000011f5e8b,0x00000000001a71bf,0x000000000000084b,0x0000000000005223,0x0000000000000929,0x0000000000006d37,0x00000000008a4080,0x000000000000143d
1784437759733,0x00000000800057ae,0x0000000080018d90,0x0000000080007a7a,0x0000000000000000,0x00000000800191f0,0x0000000080018de0,0x0000000080018f50,0x000000008000f238,0x0000000000000006,0x0000000000000006,0x0000000080018f50,0x0000000080018fe8,0x0000000021fdf6f9,0x0000000043f166d4,0x0000000000000000,0x0000000021c53038,0x000000000055dc95,0x3fedd0be6c443628,0x00000000800049a4,0x0000000000000000,0x4025772550fc59b5,0x4129fe59f5cfaace,0x4152075974af4f0e,0x8000000000000000,0x0000000000000000,0x0000000000000000,0x00000000800049a4,0x000000000129d4cd,0x000000000120309d,0x000000000129d4cd,0x000000000120309d,0x00000000001a82e8,0x0000000000000854,0x0000000000005223,0x0000000000000929,0x0000000000006d5a,0x00000000008aa5e3,0x0000000000001440
1784437760511,0x0000000080005744,0x0000000080019060,0x0000000080007a7a,0x000000000000000f,0x00000000800191f0,0x00000000800190b0,0x0000000080019310,0x00000000800191f0,0x0000000000000006,0x0000000000000006,0x0000000000000004,0x000000000000001e,0x000000008000f201,0x3fe086c1de3c00ff,0x0000000000000000,0x000000005cdf3780,0x00000000007e851e,0x3fedd0be6c441b86,0x0000000080004998,0x0000000000000000,0x414fe4c05c32ca58,0x4129fe60dcb923a3,0x41520755db7b4a23,0x0000000000000000,0x0000000000000000,0x0000000000000000,0x0000000080004998,0x00000000012a8f74,0x000000000120e51c,0x00000000012a8f74,0x000000000120e51c,0x00000000001a969e,0x0000000000000856,0x0000000000005225,0x0000000000000934,0x0000000000006da2,0x00000000008affd3,0x0000000000001443
1784437761424,0x0000000080006260,0x0000000080019230,0x402a6014520dc0e3,0x0000000000000000,0x0000000000000000,0x0000000080019440,0x0000000080019698,0x00000000800194a0,0x000000008000f238,0x00000000800003f0,0x0000000000000004,0x000000000000001c,0x000000006dff7bdf,0xffffffffb017d1ea,0x0000000000000000,0x000000006dea0b0e,0x000000000045cce0,0x3fedd0be6c44029f,0x0000000080005bf2,0x0000000000000000,0x403173382c05f47b,0x4129fe60dcb923a3,0x41520755db7b4a23,0x01a56e1fc2f8f359,0x0000000000000000,0x0000000000000000,0x0000000080005bf2,0x00000000012b71da,0x000000000121c684,0x00000000012b71da,0x000000000121c684,0x00000000001aaa65,0x000000000000085f,0x0000000000005225,0x0000000000000934,0x0000000000006de4,0x00000000008b6e8f,0x0000000000001446
1784437762344,0x000000008000519e,0x0000000080018e40,0x0000000080007a7a,0x000000000000000f,0x00000000800191f0,0x0000000080018e90,0x0000000080019160,0x0000000080019118,0x0000000080018ef8,0x0000000000000001,0x0000000080019180,0x0000000000000003,0x000000008000f201,0x3fd7c2cc891722bc,0x0000000000000000,0x000000002a168d2e,0x000000000071736c,0x3fedd0be6c44029f,0x0000000080004fb8,0x0000000000000000,0x414fe4bd064f7660,0x4129fe644b6ae7d5,0x4152075c5eb020c5,0x3ff12c1dda63c4ae,0x402e61c98010d262,0x0000000000000000,0x0000000080004fb8,0x00000000012c57c8,0x000000000122a718,0x00000000012c57c8,0x000000000122a718,0x00000000001ac026,0x0000000000000861,0x0000000000005228,0x0000000000000942,0x0000000000006e14,0x00000000008bdb43,0x0000000000001449
1784437763229,0x00000000800056f8,0x0000000080019060,0x0000000080007a7a,0x000000000000000f,0x0000000080019430,0x00000000800190b0,0x0000000080019548,0x000000008000f238,0x0000000000000006,0x0000000000000006,0x0000000080019310,0x00000000800193b0,0x000000008000f201,0x3fdf01c7944ddebd,0x0000000000000000,0x00000000639c938e,0x00000000004b0a9f,0x3fedd0be6c43ebc1,0x00000000800049f2,0x0000000000000000,0x414fe4bb8b6ae7d5,0x4129fe62971758e2,0x4152075b4283e426,0x0000000000000000,0x0000000000000000,0x0000000000000000,0x00000000800049f2,0x00000000012d278a,0x0000000001237235,0x00000000012d278a,0x0000000001237235,0x00000000001ad5f1,0x000000000000086c,0x000000000000522b,0x0000000000000951,0x0000000000006e7f,0x00000000008c425a,0x000000000000144c
1784437764134,0x00000000800058f2,0x0000000080018ed0,0x0000000080007a7a,0x0000000000000000,0x00000000800191f0,0x0000000080018f20,0x00000000800193a0,0x00000000800194a0,0x0000000000000006,0x0000000000000003,0x0000000000000004,0x0000000000000006,0xffffffffb57dbfef,0x0000000043f15ff6,0x0000000000000000,0xffffffffb56dbfce,0x000000000055dc95,0x3fedd0be6c43ebc1,0x00000000800049d6,0x0000000000000000,0x4025772550fc57fe,0x4129fe62971758e2,0x4152075b4283e426,0x3fc0e154af64ea5f,0x0000000000000000,0x0000000000000000,0x00000000800049d6,0x00000000012e0650,0x00000000012451d5,0x00000000012e0650,0x00000000012451d5,0x00000000001ae81f,0x0000000000000875,0x000000000000522b,0x0000000000000951,0x0000000000006ea2,0x00000000008cae2c,0x000000000000144f
1784437765037,0x0000000080005744,0x0000000080019060,0x0000000080007a7a,0x000000000000000f,0x00000000800191f0,0x00000000800190b0,0x0000000080019310,0x00000000800191f0,0x0000000000000006,0x0000000000000006,0x00000000800190d0,0x00000000800191a8,0x000000008000f201,0x3fe12e2d6affc25c,0x0000000000000000,0xffffffff9d027e00,0x000000000067b39c,0x3fedd0be6c43d719,0x00000000800049f0,0x0000000000000000,0x414fe4b98d70a3d7,0x4129fe6435810625,0x4152075933381d7e,0x402c3d2038d1eba8,0x0000000000000000,0x0000000000000000,0x00000000800049f0,0x00000000012ee502,0x0000000001252a47,0x00000000012ee502,0x0000000001252a47,0x00000000001afeae,0x0000000000000877,0x000000000000522d,0x000000000000095c,0x0000000000006ef1,0x00000000008d191a,0x0000000000001452
1784437765617,0x00000000800057ae,0x0000000080018d90,0x0000000080007a7a,0x0000000000000000,0x00000000800191f0,0x0000000080018de0,0x0000000080018f50,0x000000008000f238,0x0000000000000006,0x0000000000000006,0x0000000080018f50,0x0000000080018f50,0xffffffff948befce,0x0000000043f15db6,0x0000000000000000,0xffffffff9483214e,0x000000000055dc95,0x3fedd0be6c43d719,0x00000000800049a4,0x0000000000000000,0x4025772550fc576e,0x4129fe6435810625,0x4152075933381d7e,0x8000000000000000,0x0000000000000000,0x0000000000000000,0x00000000800049a4,0x00000000012f8db5,0x000000000125d36a,0x00000000012f8db5,0x000000000125d36a,0x00000000001b0c72,0x0000000000000880,0x000000000000522d,0x000000000000095c,0x0000000000006f19,0x00000000008d6b3c,0x0000000000001455
1784437766227,0x0000000080005744,0x0000000080019060,0x0000000080007a7a,0x000000000000000f,0x00000000800191f0,0x00000000800190b0,0x0000000080019310,0x00000000800191f0,0x0000000000000006,0x0000000000000006,0x0000000000000000,0x000000000000001e,0x000000008000f201,0x3fe00502d6bedc54,0x0000000000000000,0xffffffff9f8e5ab8,0x0000000000782f1e,0x3fedd0be6c43c4b4,0x000000008000494e,0x0000000000000000,0x414fe4be67a43fe6,0x4129fe63e0000000,0x4152075b0578d4fe,0x3ff117a2f91bf424,0x0000000000000000,0x3ff117a2f91bf424,0x000000008000494e,0x0000000001305ed2,0x0000000001269ea8,0x0000000001305ed2,0x0000000001269ea8,0x00000000001b21f8,0x0000000000000882,0x000000000000522f,0x0000000000000967,0x0000000000006f62,0x00000000008dd01f,0x0000000000001458
1784437767144,0x00000000800057ae,0x0000000080018d90,0x0000000080007a7a,0x0000000000000000,0x00000000800191f0,0x0000000080018de0,0x0000000080018f50,0x000000008000f238,0x0000000000000006,0x0000000000000006,0x0000000000000000,0x0000000000000006,0x00000000057f7f5e,0x0000000043f15b92,0x0000000000000000,0x00000000052d705e,0x000000000055dc95,0x3fedd0be6c43c4b4,0x0000000080004976,0x0000000000000000,0x4025772550fc56e5,0x4129fe63e0000000,0x4152075b0578d4fe,0x8000000000000000,0x3fdcf46da09c9983,0x3fdcf46da09c9983,0x0000000080004976,0x0000000001310cc2,0x0000000001274cfc,0x0000000001310cc2,0x0000000001274cfc,0x00000000001b3030,0x000000000000088b,0x000000000000522f,0x0000000000000967,0x0000000000006f8c,0x00000000008e24ad,0x000000000000145b
1784437768054,0x0000000080005820,0x0000000080018ed0,0x0000000080007a7a,0x000000000000000f,0x00000000800191f0,0x0000000080018f20,0x000000008000f238,0x0000000080019310,0x0000000000000006,0x0000000000000006,0x0000000080019280,0x0000000000000003,0x000000008000f201,0x3fe108e2602436ce,0x0000000000000000,0xffffffffb90dafe0,0x000000000065620d,0x3fedd0be6c43b492,0x0000000080004988,0x0000000000000000,0x414fe4b6e89d4952,0x4129fe6397dbf488,0x4152075aad94af4f,0x3fe1aec7af362c5b,0x0000000000000000,0x0000000000000000,0x0000000080004988,0x000000000131f639,0x000000000128303c,0x000000000131f639,0x000000000128303c,0x00000000001b47a3,0x000000000000088d,0x0000000000005232,0x0000000000000976,0x0000000000006fdc,0x00000000008e94b8,0x000000000000145e
1784437768943,0x0000000080006260,0x0000000080019230,0x402a6014520d9454,0x0000000000000000,0x0000000000000000,0x0000000080019440,0x0000000080019698,0x00000000800194a0,0x000000008000f238,0x00000000800003f0,0x00000000800194a0,0x00000000800194c0,0xffffffffce9edff9,0x0000000067b42c08,0x0000000000000000,0xffffffffce969fe0,0x00000000004a9271,0x3fedd0be6c43a69f,0x0000000080005ce6,0x0000000000000000,0x4022a49c59ed0b02,0x4129fe6397dbf488,0x4152075aad94af4f,0x01a56e1fc2f8f359,0x402a6014520d9454,0x0000000000000000,0x0000000080005ce6,0x000000000132d160,0x000000000129079e,0x000000000132d160,0x000000000129079e,0x00000000001b5cb8,0x0000000000000896,0x0000000000005232,0x0000000000000977,0x000000000000702a,0x00000000008f0078,0x0000000000001461
1784437769818,0x0000000080009fc2,0x0000000080018dc0,0x0000000080007a7a,0x0000000002000000,0x00000000800191f0,0x0000000080018e40,0x00000000005869e6,0x0000000034000000,0x000000000059b27e,0x0000000000000002,0x00000000002c34f3,0xfffffffff8000000,0x000000006a000000,0x0000000068000000,0x000000000000001a,0x000000006a000000,0x00000000005869e6,0x3fedd0be6c43a69f,0x000000008000a0fc,0x403e88fa391e4302,0x403e88fa391e4302,0x4129fe5f476c8b44,0x415207589cb295ea,0x3ff12c1dda6391ca,0x0000000000000000,0x403e88fa391e4302,0x000000008000a0fc,0x000000000133a89b,0x000000000129dbbe,0x000000000133a89b,0x000000000129dbbe,0x00000000001b6f4f,0x0000000000000898,0x0000000000005235,0x0000000000000984,0x0000000000007060,0x00000000008f65f1,0x0000000000001464
1784437770730,0x00000000800056f8,0x0000000080019060,0x0000000080007a7a,0x000000000000000f,0x0000000080019430,0x00000000800190b0,0x0000000080019548,0x000000008000f238,0x0000000000000006,0x0000000000000006,0x0000000000000005,0x000000000000001d,0x000000008000f201,0x3fddfcf62e7b1180,0x0000000000000000,0xffffffffab33f800,0x00000000004e1491,0x3fedd0be6c439abc,0x000000008000499a,0x0000000000000000,0x414fe4bca69e1b09,0x4129fe6aaee631f9,0x4152075d6e88ce70,0x3ff0000000000000,0x0000000000000000,0x0000000000000000,0x000000008000499a,0x0000000001347ec7,0x00000000012aacb8,0x0000000001347ec7,0x00000000012aacb8,0x00000000001b85bb,0x00000000000008a3,0x0000000000005237,0x000000000000098f,0x00000000000070ce,0x00000000008fcf58,0x0000000000001467
1784437771579,0x00000000800058f2,0x0000000080018ed0,0x0000000080007a7a,0x0000000000000000,0x00000000800191f0,0x0000000080018f20,0x00000000800193a0,0x00000000800194a0,0x0000000000000006,0x0000000000000003,0x0000000080018f50,0x0000000080019008,0xffffffffe3fdfbfe,0x0000000043f15606,0x0000000000000000,0xffffffffe3e5fbee,0x000000000055dc95,0x3fedd0be6c439abc,0x0000000080004982,0x0000000000000000,0x4025772550fc5582,0x4129fe6aaee631f9,0x4152075d6e88ce70,0x3f9287f43dd4dd22,0x0000000000000000,0x0000000000000000,0x0000000080004982,0x0000000001355432,0x00000000012b82d0,0x0000000001355432,0x00000000012b82d0,0x00000000001b9728,0x00000000000008ac,0x0000000000005237,0x000000000000098f,0x00000000000070f6,0x000000000090369d,0x000000000000146a
1784437772403,0x000000008000571c,0x0000000080019070,0x0000000080007a7a,0x000000000000000f,0x0000000080019310,0x00000000800190b0,0x0000000080019548,0x00000000800191f0,0x0000000000000006,0x00000000800191f0,0x0000000000000003,0x0000000000000006,0x000000008000f201,0x3fe28f1ea1e5ba0c,0x0000000000000000,0x00000000194f34f8,0x00000000004bfbc5,0x3fedd0be6c4390be,0x0000000080004b54,0x0000000000000000,0x414fe4ba8cf41f21,0x4129fe74962b6ae8,0x4152075e3ddcc63f,0x3ff0000000000000,0x0000000000000000,0x0000000000000000,0x0000000080004b54,0x00000000013606c8,0x00000000012c2f57,0x00000000013606c8,0x00000000012c2f57,0x00000000001baa2a,0x00000000000008ae,0x0000000000005239,0x000000000000099a,0x000000000000713e,0x0000000000908ccf,0x000000000000146d
1784437772952,0x00000000800058f2,0x0000000080018ed0,0x0000000080007a7a,0x0000000000000000,0x00000000800191f0,0x0000000080018f20,0x00000000800193a0,0x00000000800194a0,0x0000000000000006,0x0000000000000003,0x0000000000000002,0x0000000000000008,0x0000000055d8cdfd,0x0000000043f15484,0x0000000000000000,0x0000000055c88df8,0x000000000055dc95,0x3fedd0be6c4390be,0x00000000800049be,0x0000000000000000,0x4025772550fc5521,0x4129fe74962b6ae8,0x4152075e3ddcc63f,0x0000000000000000,0x0000000000000000,0x0000000000000000,0x00000000800049be,0x000000000136b91d,0x00000000012ce19f,0x000000000136b91d,0x00000000012ce19f,0x00000000001bb8c4,0x00000000000008b7,0x0000000000005239,0x000000000000099a,0x000000000000716c,0x000000000090e346,0x0000000000001470
1784437773605,0x0000000080005744,0x0000000080019060,0x0000000080007a7a,0x000000000000000f,0x00000000800191f0,0x00000000800190b0,0x0000000080019310,0x00000000800191f0,0x0000000000000006,0x0000000000000006,0x0000000000000002,0x0000000000000006,0x000000008000f201,0x3fe67265dc4fbd70,0x0000000000000000,0xffffffff85f7cd1e,0x000000000058d851,0x3fedd0be6c43887b,0x00000000800049b0,0x0000000000000000,0x414fe4b91d4fdf3b,0x4129fe62193dd97f,0x4152075832f34d6a,0x0000000000000000,0x0000000000000000,0x0000000000000000,0x00000000800049b0,0x0000000001379108,0x00000000012db38c,0x0000000001379108,0x00000000012db38c,0x00000000001bcec2,0x00000000000008b9,0x000000000000523c,0x00000000000009a9,0x00000000000071c3,0x0000000000914b01,0x0000000000001473
1784437774489,0x00000000800057ae,0x0000000080018d90,0x0000000080007a7a,0x0000000000000000,0x00000000800191f0,0x0000000080018de0,0x0000000080018f50,0x000000008000f238,0x0000000000000006,0x0000000000000006,0x0000000000000001,0x0000000000000007,0xffffffffa271bcf8,0x0000000043f1532c,0x0000000000000000,0xffffffffa2113838,0x000000000055dc95,0x3fedd0be6c43887b,0x000000008000499c,0x0000000000000000,0x4025772550fc54cb,0x4129fe62193dd97f,0x4152075832f34d6a,0xbf9287f43dd4dd22,0x0000000000000000,0x0000000000000000,0x000000008000499c,0x0000000001385f41,0x00000000012e81a4,0x0000000001385f41,0x00000000012e81a4,0x00000000001bdf9c,0x00000000000008c2,0x000000000000523c,0x00000000000009a9,0x00000000000071fa,0x000000000091ae84,0x0000000000001476
1784437775401,0x000000008000575e,0x0000000080019070,0x0000000080007a7a,0x000000000000000f,0x00000000800191f0,0x00000000800190b0,0x00000000800190d0,0x00000000800002d0,0x000000008000f238,0x0000000000000006,0x0000000000000004,0x0000000000000006,0x000000008000f201,0x3fe2680248c735ab,0x0000000000000000,0x00000000317c23de,0x00000000005c86db,0x3fedd0be6c4381c2,0x0000000080004c48,0x0000000000000000,0x414fe4bad3126e98,0x4129fe6a5182a993,0x4152075f9c84b5dd,0x3fc17a1e17d078a1,0x402e601497f52c99,0x3f6b4e81b4e81b50,0x0000000080004c48,0x0000000001393290,0x00000000012f4ec7,0x0000000001393290,0x00000000012f4ec7,0x00000000001bf54c,0x00000000000008c4,0x000000000000523f,0x00000000000009b8,0x000000000000723d,0x0000000000921432,0x0000000000001479
1784437776295,0x0000000080006260,0x0000000080019230,0x402a6014520d75c3,0x0000000000000000,0x0000000000000000,0x0000000080019440,0x0000000080019698,0x00000000800194a0,0x000000008000f238,0x00000000800003f0,0x00000000800194a0,0x0000000000000018,0x0000000015f56ffa,0x0000000052a8a934,0x0000000000000000,0x0000000015f526b8,0x00000000004726f3,0x3fedd0be6c437c65,0x0000000080005bd4,0x0000000000000000,0x4031c9bcd4aa2a4d,0x4129fe6a5182a993,0x4152075f9c84b5dd,0x01a56e1fc2f8f359,0x0000000000000000,0x0000000000000000,0x0000000080005bd4,0x00000000013a0846,0x0000000001302388,0x00000000013a0846,0x0000000001302388,0x00000000001c0736,0x00000000000008cd,0x000000000000523f,0x00000000000009b8,0x000000000000728c,0x0000000000927c32,0x000000000000147c
1784437777166,0x000000008000583a,0x0000000080018ed0,0x0000000080007a7a,0x000000000000000f,0x00000000800191f0,0x0000000080018f20,0x00000000800194a0,0x000000008000f238,0x0000000000000003,0x0000000000000006,0x00000000800191f0,0x00000000800191f8,0x000000008000f201,0x3fe79132df3d32b3,0x0000000000000000,0x000000004c21fcfe,0x0000000000529986,0x3fedd0be6c437c65,0x0000000080004982,0x0000000000000000,0x414fe4b9b57dbf48,0x4129fe5101e4f766,0x4152075c2e9c779a,0x0000000000000000,0x3fe1aec7af362c5b,0x3fe1aec7af362c5b,0x0000000080004982,0x00000000013acabf,0x000000000130e0cc,0x00000000013acabf,0x000000000130e0cc,0x00000000001c1afc,0x00000000000008cf,0x000000000000523f,0x00000000000009b9,0x00000000000072b6,0x000000000092d8fb,0x000000000000147f
1784437778026,0x0000000080006260,0x0000000080019230,0x402a6014520d71ae,0x0000000000000000,0x0000000000000000,0x0000000080019440,0x0000000080019698,0x00000000800194a0,0x000000008000f238,0x00000000800003f0,0x0000000000000000,0x0000000000000000,0xffffffffdd4fffff,0xffffffff81c0e622,0x0000000000000000,0xffffffffdd0f71be,0x000000000053e035,0x3fedd0be6c437834,0x0000000080005bf0,0x0000000000000000,0x4024f80d60703989,0x4129fe5101e4f766,0x4152075c2e9c779a,0x01a56e1fc2f8f359,0x0000000000000000,0x0000000000000000,0x0000000080005bf0,0x00000000013b8787,0x0000000001319baa,0x00000000013b8787,0x0000000001319baa,0x00000000001c2beb,0x00000000000008d8,0x000000000000523f,0x00000000000009b9,0x0000000000007301,0x00000000009335a3,0x0000000000001482
1784437778945,0x000000008000583a,0x0000000080018ed0,0x0000000080007a7a,0x000000000000000f,0x00000000800191f0,0x0000000080018f20,0x00000000800194a0,0x000000008000f238,0x0000000000000003,0x0000000000000006,0x00000000800191f0,0x0000000000000002,0x000000008000f201,0x3fe7bcef5b0ae34c,0x0000000000000000,0xffffffffff7c25fe,0x000000000062f148,0x3fedd0be6c437834,0x00000000800049fc,0x0000000000000000,0x414fe4bdcae147ae,0x4129fe640978d4fe,0x4152075ff62eb1c4,0x0000000000000000,0x0000000000000000,0x0000000000000000,0x00000000800049fc,0x00000000013c54e5,0x000000000132648e,0x00000000013c54e5,0x000000000132648e,0x00000000001c3f9a,0x00000000000008da,0x0000000000005240,0x00000000000009bd,0x0000000000007325,0x00000000009396fb,0x0000000000001485
1784437779675,0x0000000080006260,0x0000000080019230,0x402a6014520d6e34,0x0000000000000000,0x0000000000000000,0x0000000080019440,0x0000000080019698,0x00000000800194a0,0x000000008000f238,0x00000000800003f0,0x00000000800194a0,0x0000000000000088,0x00000000257f7fcf,0x000000005965440a,0x0000000000000000,0x00000000250357ce,0x000000000046cda1,0x3fedd0be6c437505,0x0000000080005bd4,0x0000000000000000,0x4031b36856595103,0x4129fe640978d4fe,0x4152075ff62eb1c4,0x01a56e1fc2f8f359,0x0000000000000000,0x3fedd0be6c437505,0x0000000080005bd4,0x00000000013d044d,0x0000000001331196,0x00000000013d044d,0x0000000001331196,0x00000000001c5038,0x00000000000008e3,0x0000000000005240,0x00000000000009bd,0x0000000000007369,0x000000000093edc3,0x0000000000001488
1784437780237,0x000000008000583a,0x0000000080018ed0,0x0000000080007a7a,0x000000000000000f,0x00000000800191f0,0x0000000080018f20,0x00000000800194a0,0x000000008000f238,0x0000000000000003,0x0000000000000006,0x0000000000000001,0x0000000000000006,0x000000008000f201,0x3fec2c394ec76591,0x0000000000000000,0x000000006e808078,0x00000000007c1f76,0x3fedd0be6c437505,0x0000000080004a0a,0x0000000000000000,0x414fe4bc1810624e,0x4129fe71e6c22681,0x4152075e6ffe5c92,0x0000000000000000,0x0000000000000000,0x0000000000000000,0x0000000080004a0a,0x00000000013dc51e,0x000000000133ce79,0x00000000013dc51e,0x000000000133ce79,0x00000000001c6213,0x00000000000008e5,0x0000000000005241,0x00000000000009c1,0x0000000000007396,0x00000000009448dc,0x000000000000148b
1784437781018,0x00000000800056f8,0x0000000080019060,0x0000000080007a7a,0x000000000000000f,0x0000000080019430,0x00000000800190b0,0x0000000080019548,0x000000008000f238,0x0000000000000006,0x0000000000000006,0x0000000000000001,0x0000000000000006,0x000000008000f201,0x3fedf1402e17adf8,0x0000000000000000,0x0000000038a923b8,0x00000000007604c9,0x3fedd0be6c4372ac,0x0000000080004970,0x0000000000000000,0x414fe4b7ff9a6b51,0x4129fe6676041893,0x41520763737e9100,0x3ff0000000000000,0x0000000000000000,0x3fb85cd8e2c41b82,0x0000000080004970,0x00000000013e9d60,0x000000000134a239,0x00000000013e9d60,0x000000000134a239,0x00000000001c7887,0x00000000000008f0,0x0000000000005242,0x00000000000009c6,0x00000000000073fd,0x000000000094b403,0x000000000000148e
1784437781910,0x000000008000589c,0x0000000080018ed0,0x0000000080007a7a,0x0000000000000000,0x00000000800191f0,0x0000000080018f20,0x0000000080019280,0x0000000080019118,0x0000000000000006,0x0000000000000003,0x0000000000000000,0x0000000000000009,0xffffffffd23e4f94,0x0000000043f14ed0,0x0000000000000000,0xffffffffd20e4b80,0x000000000055dc95,0x3fedd0be6c4372ac,0x000000008000499a,0x0000000000000000,0x4025772550fc53b4,0x4129fe6676041893,0x41520763737e9100,0x0000000000000000,0x0000000000000000,0x0000000000000000,0x000000008000499a,0x00000000013f7088,0x00000000013575d6,0x00000000013f7088,0x00000000013575d6,0x00000000001c896c,0x00000000000008f9,0x0000000000005242,0x00000000000009c6,0x0000000000007420,0x0000000000951a6e,0x0000000000001491
1784437782804,0x0000000080005744,0x0000000080019060,0x0000000080007a7a,0x000000000000000f,0x00000000800191f0,0x00000000800190b0,0x0000000080019310,0x00000000800191f0,0x0000000000000006,0x0000000000000006,0x0000000000000000,0x0000000000000000,0x000000008000f201,0x3ff296eb4c19ad78,0x0000000000000000,0x000000003fbb5ff8,0x00000000004de017,0x3fedd0be6c437103,0x0000000080004992,0x0000000000000000,0x414fe4b7ffec56d6,0x4129fe4f25119ce0,0x4152076288d1b717,0x0000000000000000,0x0000000000000000,0x0000000000000000,0x0000000080004992,0x00000000014045ea,0x000000000136459b,0x00000000014045ea,0x000000000136459b,0x00000000001c9f8d,0x00000000000008fb,0x0000000000005242,0x00000000000009c7,0x000000000000746e,0x00000000009580fe,0x0000000000001494
1784437783733,0x00000000800057ae,0x0000000080018d90,0x0000000080007a7a,0x0000000000000000,0x00000000800191f0,0x0000000080018de0,0x0000000080018f50,0x000000008000f238,0x0000000000000006,0x0000000000000006,0x0000000080018df0,0x0000000080018e08,0x0000000042d2ffde,0x0000000043f14e52,0x0000000000000000,0x0000000042d2f6de,0x000000000055dc95,0x3fedd0be6c437103,0x0000000080004982,0x0000000000000000,0x4025772550fc5395,0x4129fe4f25119ce0,0x4152076288d1b717,0x8000000000000000,0x0000000000000000,0x0000000000000000,0x0000000080004982,0x00000000014119cf,0x00000000013719ee,0x00000000014119cf,0x00000000013719ee,0x00000000001cb0ea,0x0000000000000904,0x0000000000005242,0x00000000000009c7,0x0000000000007488,0x000000000095e771,0x0000000000001497
1784437784633,0x0000000080005744,0x0000000080019060,0x0000000080007a7a,0x000000000000000f,0x00000000800191f0,0x00000000800190b0,0x0000000080019310,0x00000000800191f0,0x0000000000000006,0x0000000000000006,0x0000000000000002,0x0000000000000006,0x000000008000f201,0x3ff502c7044f9618,0x0000000000000000,0xffffffffbd2689e0,0x000000000044017a,0x3fedd0be6c436fe9,0x00000000800049b0,0x0000000000000000,0x414fe4b9f3780347,0x4129fe5b240b7803,0x4152075becadab9f,0x0000000000000000,0x0000000000000000,0x0000000000000000,0x00000000800049b0,0x000000000141eff9,0x000000000137e9b9,0x000000000141eff9,0x000000000137e9b9,0x00000000001cc6dd,0x0000000000000906,0x0000000000005243,0x00000000000009cc,0x00000000000074d5,0x0000000000964e4d,0x000000000000149a
1784437785526,0x0000000080009fc2,0x0000000080019420,0x402a6014520d6543,0x0000000000400000,0x0000000000000000,0x0000000080019700,0x000000000070ef09,0xffffffffd9000000,0x00000000006f5ebc,0x0000000000000003,0x0000000000387784,0x000000003c000000,0xffffffffb2400000,0xffffffffb2000000,0x0000000000000017,0xffffffffb2400000,0x000000000070ef09,0x3fedd0be6c436f41,0x000000008000a0f4,0x4068e903d7a50c5e,0x4068e903d7a50c5e,0x4129fe5b240b7803,0x4152075becadab9f,0x3ff0000000000000,0x4029c4be5aaa5480,0x4068e903d7a50c5e,0x000000008000a0f4,0x000000000142c574,0x000000000138bec1,0x000000000142c574,0x000000000138bec1,0x00000000001cd838,0x000000000000090f,0x0000000000005243,0x00000000000009cc,0x0000000000007519,0x000000000096b58f,0x000000000000149d
1784437786417,0x000000008000583a,0x0000000080018ed0,0x0000000080007a7a,0x000000000000000f,0x00000000800191f0,0x0000000080018f20,0x00000000800194a0,0x000000008000f238,0x0000000000000003,0x0000000000000006,0x00000000800191f0,0x0000000080019248,0x000000008000f201,0x3ff2f9bce52715b0,0x0000000000000000,0xffffffffeeae7578,0x00000000007f26a3,0x3fedd0be6c436f41,0x00000000800049f0,0x0000000000000000,0x414fe4b4b6cbfb16,0x4129fe6826666666,0x4152075df78bac71,0x0000000000000000,0x0000000000000000,0x0000000000000000,0x00000000800049f0,0x0000000001439dd5,0x000000000139918e,0x0000000001439dd5,0x000000000139918e,0x00000000001cee4a,0x0000000000000911,0x0000000000005244,0x00000000000009d1,0x000000000000754b,0x0000000000971d93,0x00000000000014a0
1784437787130,0x0000000080006260,0x0000000080019230,0x402a6014520d63ff,0x0000000000000000,0x0000000000000000,0x0000000080019440,0x0000000080019698,0x00000000800194a0,0x000000008000f238,0x00000000800003f0,0x000000008000f238,0x000000008000f340,0x0000000032bea7fc,0xffffffffd9249c44,0x0000000000000000,0x0000000032be86f8,0x0000000000544332,0x3fedd0be6c436ef0,0x0000000080005bfe,0x0000000000000000,0x402510ccb6492711,0x4129fe6826666666,0x4152075df78bac71,0x01a56e1fc2f8f359,0x0000000000000000,0x0000000000000000,0x0000000080005bfe,0x0000000001444fb5,0x00000000013a4191,0x0000000001444fb5,0x00000000013a4191,0x00000000001cfed9,0x000000000000091a,0x0000000000005244,0x00000000000009d1,0x000000000000758b,0x0000000000977591,0x00000000000014a3
1784437787694,0x0000000080005820,0x0000000080018ed0,0x0000000080007a7a,0x000000000000000f,0x00000000800191f0,0x0000000080018f20,0x000000008000f238,0x0000000080019310,0x0000000000000006,0x0000000000000006,0x0000000080019280,0x00000000800192f0,0x000000008000f201,0x3ff23ff0ab432c72,0x0000000000000000,0xfffffffffe9d5eb8,0x000000000074400f,0x3fedd0be6c436ef0,0x0000000080004982,0x0000000000000000,0x414fe4b69de69ad4,0x4129fe5c94c985f0,0x4152075cb4cb295f,0x402e61c98010623a,0x0000000000000000,0x402e61c98010623a,0x0000000080004982,0x000000000144fe52,0x00000000013aebf8,0x000000000144fe52,0x00000000013aebf8,0x00000000001d0f7a,0x000000000000091c,0x0000000000005245,0x00000000000009d7,0x00000000000075b6,0x000000000097c829,0x00000000000014a6
1784437788528,0x0000000080006260,0x0000000080019230,0x402a6014520d6304,0x0000000000000000,0x0000000000000000,0x0000000080019440,0x0000000080019698,0x00000000800194a0,0x000000008000f238,0x00000000800003f0,0x0000000000000003,0x00000000800194a8,0x000000005c9ffded,0x000000006d6b7e40,0x0000000000000000,0x000000005c1e7800,0x000000000056eab3,0x3fedd0be6c436ee2,0x0000000080005cbc,0x0000000000000000,0x4025baacdb5adf90,0x4129fe5c94c985f0,0x4152075cb4cb295f,0x01a56e1fc2f8f359,0x0000000000000000,0x0000000000000000,0x0000000080005cbc,0x000000000145d11f,0x00000000013bbb62,0x000000000145d11f,0x00000000013bbb62,0x00000000001d23d9,0x0000000000000925,0x0000000000005245,0x00000000000009d8,0x0000000000007608,0x000000000098303b,0x00000000000014a9
1784437789389,0x0000000080004ede,0x0000000080018de0,0x0000000080007a7a,0x0000000000000000,0x00000000800191f0,0x0000000080018e40,0x0000000000000001,0x0000000050fc534c,0x000000003fe00000,0x4025772550fc534c,0xffffffff80000000,0x0000000000000003,0x000000003a6dbba3,0x0000000043f14d30,0x0000000000000000,0x000000003a2d0b80,0x000000000055dc95,0x3fedd0be6c436ee2,0x0000000080004f2c,0x0000000000000000,0x4025772550fc534c,0x4129fe5eb0be0ded,0x415207616475f6fd,0x01a56e1fc2f8f359,0x3ff0000000000000,0x4025772550fc534c,0x0000000080004f2c,0x000000000146b068,0x00000000013c99cb,0x000000000146b068,0x00000000013c99cb,0x00000000001d36f2,0x000000000000092a,0x0000000000005245,0x00000000000009d9,0x000000000000764f,0x0000000000989cfe,0x00000000000014ac
1784437790248,0x00000000800056f8,0x0000000080019060,0x0000000080007a7a,0x000000000000000f,0x0000000080019430,0x00000000800190b0,0x0000000080019548,0x000000008000f238,0x0000000000000006,0x0000000000000006,0x0000000000000001,0x000000000000001f,0x000000008000f201,0x3ff1fd4e44f2db68,0x0000000000000000,0xfffffffff31b95e0,0x0000000000741f47,0x3fedd0be6c436f02,0x000000008000499a,0x0000000000000000,0x414fe4b55fdf3b64,0x4129fe5a18bac711,0x4152075ce74d6a16,0x0000000000000000,0x0000000000000000,0x0000000000000000,0x000000008000499a,0x00000000014786e4,0x00000000013d68da,0x00000000014786e4,0x00000000013d68da,0x00000000001d4d92,0x0000000000000932,0x0000000000005247,0x00000000000009e4,0x00000000000076a2,0x0000000000990323,0x00000000000014af
1784437791167,0x00000000800058f2,0x0000000080018ed0,0x0000000080007a7a,0x0000000000000000,0x00000000800191f0,0x0000000080018f20,0x00000000800193a0,0x00000000800194a0,0x0000000000000006,0x0000000000000003,0x0000000080018f50,0x0000000080018ff0,0xffffffffc85fffb8,0x0000000043f14d0c,0x0000000000000000,0xffffffffc81be3b8,0x000000000055dc95,0x3fedd0be6c436f02,0x0000000080004982,0x0000000000000000,0x4025772550fc5343,0x4129fe5a18bac711,0x4152075ce74d6a16,0x0000000000000000,0x0000000000000000,0x0000000000000000,0x0000000080004982,0x0000000001485171,0x00000000013e33eb,0x0000000001485171,0x00000000013e33eb,0x00000000001d5e18,0x000000000000093b,0x0000000000005247,0x00000000000009e4,0x00000000000076d2,0x0000000000996539,0x00000000000014b2
1784437792018,0x0000000080005744,0x0000000080019060,0x0000000080007a7a,0x000000000000000f,0x00000000800191f0,0x00000000800190b0,0x0000000080019310,0x00000000800191f0,0x0000000000000006,0x0000000000000006,0x0000000000000002,0x0000000000000012,0x000000008000f201,0x3ff0443090e37f44,0x0000000000000000,0x0000000067054e00,0x000000000060316b,0x3fedd0be6c436f41,0x0000000080004976,0x0000000000000000,0x414fe4b5c1e1b08a,0x4129fe5f02f837b5,0x41520760d74bc6a8,0x0000000000000000,0x0000000000000000,0x0000000000000000,0x0000000080004976,0x000000000149287a,0x00000000013f0500,0x000000000149287a,0x00000000013f0500,0x00000000001d73fb,0x000000000000093d,0x000000000000524a,0x00000000000009f3,0x0000000000007725,0x000000000099cccc,0x00000000000014b5
1784437792735,0x00000000800057ae,0x0000000080018d90,0x0000000080007a7a,0x0000000000000000,0x00000000800191f0,0x0000000080018de0,0x0000000080018f50,0x000000008000f238,0x0000000000000006,0x0000000000000006,0x0000000080018df0,0x0000000000000002,0x0000000026ff7fbf,0x0000000043f14cf4,0x0000000000000000,0x0000000026bb1bb8,0x000000000055dc95,0x3fedd0be6c436f41,0x00000000800049f6,0x0000000000000000,0x4025772550fc533d,0x4129fe5f02f837b5,0x41520760d74bc6a8,0x8000000000000000,0x0000000000000000,0x0000000000000000,0x00000000800049f6,0x000000000149eaff,0x00000000013fc7e4,0x000000000149eaff,0x00000000013fc7e4,0x00000000001d83e7,0x0000000000000946,0x000000000000524a,0x00000000000009f3,0x000000000000774e,0x00000000009a2b0e,0x00000000000014b8
1784437793536,0x000000008000575e,0x0000000080019070,0x0000000080007a7a,0x000000000000000f,0x00000000800191f0,0x00000000800190b0,0x00000000800190d0,0x00000000800002d0,0x000000008000f238,0x0000000000000006,0x0000000000000004,0x0000000000000022,0x000000008000f201,0x3ff0f785b17578d6,0x0000000000000000,0xffffffffe556df78,0x00000000005ec34a,0x3fedd0be6c436f93,0x0000000080004c10,0x0000000000000000,0x414fe4b9c38ef34d,0x4129fe54e6594af5,0x41520761a3c1bda5,0x3fc17a1e17d0779c,0x0000000000000000,0x0000000000000000,0x0000000080004c10,0x00000000014abdb3,0x0000000001409430,0x00000000014abdb3,0x0000000001409430,0x00000000001d9985,0x0000000000000948,0x000000000000524d,0x0000000000000a00,0x0000000000007797,0x00000000009a905c,0x00000000000014bb
1784437794174,0x00000000800057ae,0x0000000080018d90,0x0000000080007a7a,0x0000000000000000,0x00000000800191f0,0x0000000080018de0,0x0000000080018f50,0x000000008000f238,0x0000000000000006,0x0000000000000006,0x0000000000000000,0x0000000000000006,0x0000000065cffe7b,0x0000000043f14ce4,0x0000000000000000,0x0000000065cfea78,0x000000000055dc95,0x3fedd0be6c436f93,0x00000000800049be,0x0000000000000000,0x4025772550fc5339,0x4129fe54e6594af5,0x41520761a3c1bda5,0x8000000000000000,0x0000000000000000,0x0000000000000000,0x00000000800049be,0x00000000014b769d,0x0000000001414d41,0x00000000014b769d,0x0000000001414d41,0x00000000001da8a1,0x0000000000000951,0x000000000000524d,0x0000000000000a00,0x00000000000077c7,0x00000000009ae9f2,0x00000000000014be
1784437794764,0x0000000080005820,0x0000000080018ed0,0x0000000080007a7a,0x000000000000000f,0x00000000800191f0,0x0000000080018f20,0x000000008000f238,0x0000000080019310,0x0000000000000006,0x0000000000000006,0x0000000080019310,0x0000000080019320,0x000000008000f201,0x3ff1e4a81c735262,0x0000000000000000,0xfffffffface49d9e,0x0000000000797401,0x3fedd0be6c436ff0,0x00000000800049c8,0x0000000000000000,0x414fe4b69c87fcb9,0x4129fe6f361e4f76,0x4152075e30ea4a8c,0x0000000000000000,0x0000000000000000,0x0000000000000000,0x00000000800049c8,0x00000000014c4374,0x0000000001421437,0x00000000014c4374,0x0000000001421437,0x00000000001dbdb8,0x0000000000000953,0x000000000000524f,0x0000000000000a0b,0x000000000000781b,0x00000000009b4cc2,0x00000000000014c1
1784437795682,0x00000000800057ae,0x0000000080018d90,0x0000000080007a7a,0x0000000000000000,0x00000000800191f0,0x0000000080018de0,0x0000000080018f50,0x000000008000f238,0x0000000000000006,0x0000000000000006,0x0000000000000006,0x0000000000000006,0x000000000d3cff6e,0x0000000043f14cda,0x0000000000000000,0x000000000d3ceb2e,0x000000000055dc95,0x3fedd0be6c436ff0,0x0000000080004a1c,0x0000000000000000,0x4025772550fc5337,0x4129fe6f361e4f76,0x4152075e30ea4a8c,0x8000000000000000,0x3fedd0be6c437050,0x3fedd0be6c437050,0x0000000080004a1c,0x00000000014cf576,0x000000000142c63c,0x00000000014cf576,0x000000000142c63c,0x00000000001dcc5e,0x000000000000095c,0x000000000000524f,0x0000000000000a0b,0x0000000000007842,0x00000000009ba2ff,0x00000000000014c4
1784437796543,0x000000008000583a,0x0000000080018ed0,0x0000000080007a7a,0x000000000000000f,0x00000000800191f0,0x0000000080018f20,0x00000000800194a0,0x000000008000f238,0x0000000000000003,0x0000000000000006,0x00000000800191f0,0x0000000000000010,0x000000008000f201,0x3ff07964c4fac719,0x0000000000000000,0x0000000002b4d80e,0x0000000000767a9b,0x3fedd0be6c437050,0x0000000080004954,0x0000000000000000,0x414fe4b3ea786c22,0x4129fe66ebd3c361,0x41520760562d0e56,0x0000000000000000,0x3fe1aec7af362c5b,0x3fe1aec7af362c5b,0x0000000080004954,0x00000000014dcc4f,0x00000000014396ea,0x00000000014dcc4f,0x00000000014396ea,0x00000000001de23b,0x000000000000095e,0x0000000000005251,0x0000000000000a16,0x00000000000078a2,0x00000000009c0a5f,0x00000000000014c7
1784437797430,0x0000000080006260,0x0000000080019230,0x402a6014520d60d7,0x0000000000000000,0x0000000000000000,0x0000000080019440,0x0000000080019698,0x00000000800194a0,0x000000008000f238,0x00000000800003f0,0x00000000800194a0,0x00000000800194c8,0x00000000103ddfe2,0x0000000015b77c08,0x0000000000000000,0x00000000103c1fe0,0x000000000068bd26,0x3fedd0be6c4370ae,0x0000000080005ce6,0x0000000000000000,0x401a2f49856ddf02,0x4129fe66ebd3c361,0x41520760562d0e56,0x01a56e1fc2f8f359,0x3fedd0be6c4370ae,0x0000000000000000,0x0000000080005ce6,0x00000000014e9722,0x0000000001445e7b,0x00000000014e9722,0x0000000001445e7b,0x00000000001df609,0x0000000000000967,0x0000000000005251,0x0000000000000a17,0x00000000000078da,0x00000000009c6ebb,0x00000000000014ca
1784437798291,0x000000008000589c,0x0000000080018ed0,0x0000000080007a7a,0x0000000000000000,0x00000000800191f0,0x0000000080018f20,0x0000000080019280,0x0000000080019118,0x0000000000000006,0x0000000000000003,0x0000000000000001,0x0000000000000004,0xffffffffa4ffffff,0x0000000043f14cd4,0x0000000000000000,0xffffffffa4e4b838,0x000000000055dc95,0x3fedd0be6c4370ae,0x00000000800049bc,0x0000000000000000,0x4025772550fc5335,0x4129fe5ef3404ea5,0x4152075f458adaba,0x0000000000000000,0x0000000000000000,0x0000000000000000,0x00000000800049bc,0x00000000014f871f,0x0000000001454db6,0x00000000014f871f,0x0000000001454db6,0x00000000001e0ac9,0x0000000000000972,0x0000000000005252,0x0000000000000a1c,0x0000000000007918,0x00000000009ce349,0x00000000000014cd
1784437799223,0x0000000080005744,0x0000000080019060,0x0000000080007a7a,0x000000000000000f,0x00000000800191f0,0x00000000800190b0,0x0000000080019310,0x00000000800191f0,0x0000000000000006,0x0000000000000006,0x00000000800191f0,0x0000000080019270,0x000000008000f201,0x3feefa3771eabb33,0x0000000000000000,0x00000000107e2f38,0x0000000000784f5f,0x3fedd0be6c437104,0x00000000800049c6,0x0000000000000000,0x414fe4b60e7d566d,0x4129fe4d4872b021,0x4152075c19374bc7,0x0000000000000000,0x0000000000000000,0x0000000000000000,0x00000000800049c6,0x000000000150681a,0x00000000014628af,0x000000000150681a,0x00000000014628af,0x00000000001e21db,0x0000000000000974,0x0000000000005253,0x0000000000000a23,0x0000000000007968,0x00000000009d4f20,0x00000000000014d0
1784437800113,0x00000000800057ae,0x0000000080018d90,0x0000000080007a7a,0x0000000000000000,0x00000000800191f0,0x0000000080018de0,0x0000000080018f50,0x000000008000f238,0x0000000000000006,0x0000000000000006,0x0000000000000004,0x0000000000000006,0xffffffffa4ffffff,0x0000000043f14cd4,0x0000000000000000,0xffffffffa4e4b838,0x000000000055dc95,0x3fedd0be6c437104,0x0000000080004a0a,0x0000000000000000,0x4025772550fc5335,0x4129fe4d4872b021,0x4152075c19374bc7,0x8000000000000000,0x4012207dfca3cb69,0x4012207dfca3cb69,0x0000000080004a0a,0x0000000001513f8a,0x000000000147006c,0x0000000001513f8a,0x000000000147006c,0x00000000001e3381,0x000000000000097d,0x0000000000005253,0x0000000000000a23,0x0000000000007982,0x00000000009db72d,0x00000000000014d3
1784437800877,0x0000000080005744,0x0000000080019060,0x0000000080007a7a,0x000000000000000f,0x00000000800191f0,0x00000000800190b0,0x0000000080019310,0x00000000800191f0,0x0000000000000006,0x0000000000000006,0x0000000000000004,0x0000000000000006,0x000000008000f201,0x3fe9609902dcae3c,0x0000000000000000,0x0000000079d9cb38,0x0000000000579c30,0x3fedd0be6c437152,0x0000000080004934,0x0000000000000000,0x414fe4b50d604189,0x4129fe60bc0ebee0,0x4152075df7e5c91d,0x0000000000000000,0x0000000000000000,0x0000000000000000,0x0000000080004934,0x000000000151f264,0x000000000147ad45,0x000000000151f264,0x000000000147ad45,0x00000000001e4694,0x000000000000097f,0x0000000000005253,0x0000000000000a24,0x00000000000079cc,0x00000000009e0d85,0x00000000000014d6
1784437801453,0x00000000800057ae,0x0000000080018d90,0x0000000080007a7a,0x0000000000000000,0x00000000800191f0,0x0000000080018de0,0x0000000080018f50,0x000000008000f238,0x0000000000000006,0x0000000000000006,0x0000000000000002,0x0000000000000006,0x000000001d765e9f,0x0000000043f14cd6,0x0000000000000000,0x000000001d021e8e,0x000000000055dc95,0x3fedd0be6c437152,0x00000000800049d6,0x0000000000000000,0x4025772550fc5336,0x4129fe60bc0ebee0,0x4152075df7e5c91d,0x8000000000000000,0x0000000000000000,0x8000000000000000,0x00000000800049d6,0x000000000152b93e,0x0000000001487484,0x000000000152b93e,0x0000000001487484,0x00000000001e56d9,0x0000000000000988,0x0000000000005253,0x0000000000000a24,0x00000000000079eb,0x00000000009e6dd2,0x00000000000014d9
1784437802241,0x0000000080005820,0x0000000080018ed0,0x0000000080007a7a,0x000000000000000f,0x00000000800191f0,0x0000000080018f20,0x000000008000f238,0x0000000080019310,0x0000000000000006,0x0000000000000006,0x000000008000f238,0x000000008000f2c8,0x000000008000f201,0x3fe6826462afec03,0x0000000000000000,0x0000000029a519ce,0x00000000007336f8,0x3fedd0be6c437195,0x00000000800049a4,0x0000000000000000,0x414fe4b025cc63f1,0x4129fe6b456d5cfb,0x4152075ead14e3bd,0x0000000000000000,0x0000000000000000,0x0000000000000000,0x00000000800049a4,0x000000000153921d,0x000000000149476e,0x000000000153921d,0x000000000149476e,0x00000000001e6cf0,0x000000000000098a,0x0000000000005254,0x0000000000000a29,0x0000000000007a35,0x00000000009ed637,0x00000000000014dc
1784437803151,0x0000000080006260,0x0000000080019230,0x402a6014520d60e9,0x0000000000000000,0x0000000000000000,0x0000000080019440,0x0000000080019698,0x00000000800194a0,0x000000008000f238,0x00000000800003f0,0x00000000800194a0,0x00000000800194f8,0x0000000050dcdcfe,0x00000000141caa3e,0x0000000000000000,0x00000000509ccc7e,0x00000000006a17f9,0x3fedd0be6c4371ce,0x0000000080005cf2,0x0000000000000000,0x402a85fe45072a90,0x4129fe6b456d5cfb,0x4152075ead14e3bd,0x01a56e1fc2f8f359,0x0000000000000000,0x0000000000000000,0x0000000080005cf2,0x00000000015467c2,0x00000000014a1a40,0x00000000015467c2,0x00000000014a1a40,0x00000000001e80f7,0x0000000000000993,0x0000000000005254,0x0000000000000a2a,0x0000000000007a77,0x00000000009f3f2a,0x00000000000014df
1784437804085,0x0000000080005850,0x0000000080018ed0,0x0000000080007a7a,0x000000000000000f,0x00000000800191f0,0x0000000080018f20,0x00000000800191f0,0x0000000080019310,0x0000000000000003,0x0000000000000006,0x0000000000000002,0x0000000000000003,0x000000008000f201,0x3fe4a7676dcdd9b6,0x0000000000000000,0xffffffffbc56c780,0x000000000066b84a,0x3fedd0be6c4371ce,0x000000008000496c,0x0000000000000000,0x414fe4b19113404f,0x4129fe6d7c9eecc0,0x4152076271c28f5c,0x0000000000000000,0x0000000000000000,0x0000000000000000,0x000000008000496c,0x0000000001553eeb,0x00000000014aedcf,0x0000000001553eeb,0x00000000014aedcf,0x00000000001e9461,0x0000000000000995,0x0000000000005255,0x0000000000000a2e,0x0000000000007a9e,0x00000000009fa4aa,0x00000000000014e2
1784437805007,0x00000000800056f8,0x0000000080019060,0x0000000080007a7a,0x000000000000000f,0x0000000080019430,0x00000000800190b0,0x0000000080019548,0x000000008000f238,0x0000000000000006,0x0000000000000006,0x0000000000000003,0x0000000000000021,0x000000008000f201,0x3fe758484be43e19,0x0000000000000000,0x0000000078204d0e,0x000000000055eb77,0x3fedd0be6c4371fd,0x00000000800049be,0x0000000000000000,0x414fe4b669ba5e35,0x4129fe6596fd21ff,0x4152076133fb15b5,0x0000000000000000,0x3fb85cd8e2c41b82,0x3fb85cd8e2c41b82,0x00000000800049be,0x0000000001561453,0x00000000014bbebc,0x0000000001561453,0x00000000014bbebc,0x00000000001eaa93,0x00000000000009a0,0x0000000000005256,0x0000000000000a33,0x0000000000007b08,0x0000000000a00e8c,0x00000000000014e5
1784437805905,0x00000000800058f2,0x0000000080018ed0,0x0000000080007a7a,0x0000000000000000,0x00000000800191f0,0x0000000080018f20,0x00000000800193a0,0x00000000800194a0,0x0000000000000006,0x0000000000000003,0x0000000000000001,0x000000000000000d,0xffffffffedffefbf,0x0000000043f14ce2,0x0000000000000000,0xffffffffedb2843e,0x000000000055dc95,0x3fedd0be6c4371fd,0x00000000800049be,0x0000000000000000,0x4025772550fc5339,0x4129fe6596fd21ff,0x4152076133fb15b5,0x0000000000000000,0x0000000000000000,0x0000000000000000,0x00000000800049be,0x000000000156e802,0x00000000014c92cf,0x000000000156e802,0x00000000014c92cf,0x00000000001ebbd6,0x00000000000009a9,0x0000000000005256,0x0000000000000a33,0x0000000000007b39,0x0000000000a074e6,0x00000000000014e8
1784437806820,0x0000000080005744,0x0000000080019060,0x0000000080007a7a,0x000000000000000f,0x00000000800191f0,0x00000000800190b0,0x0000000080019310,0x00000000800191f0,0x0000000000000006,0x0000000000000006,0x0000000000000001,0x0000000000000007,0x000000008000f201,0x3fe7fba471b6310e,0x0000000000000000,0x000000005d40b83e,0x00000000006dfefd,0x3fedd0be6c437220,0x00000000800049bc,0x0000000000000000,0x414fe4b104cccccd,0x4129fe5d3fd8adac,0x41520760d5fbe76d,0x0000000000000000,0x0000000000000000,0x0000000000000000,0x00000000800049bc,0x000000000157b985,0x00000000014d5eb8,0x000000000157b985,0x00000000014d5eb8,0x00000000001ed14b,0x00000000000009ab,0x0000000000005256,0x0000000000000a34,0x0000000000007b8a,0x0000000000a0d9f4,0x00000000000014eb
1784437807744,0x00000000800057ae,0x0000000080018d90,0x0000000080007a7a,0x0000000000000000,0x00000000800191f0,0x0000000080018de0,0x0000000080018f50,0x000000008000f238,0x0000000000000006,0x0000000000000006,0x0000000000000004,0x0000000000000006,0xffffffffddff7dee,0x0000000043f14ce6,0x0000000000000000,0xffffffffdded50ae,0x000000000055dc95,0x3fedd0be6c437220,0x0000000080004940,0x0000000000000000,0x4025772550fc533a,0x4129fe5d3fd8adac,0x41520760d5fbe76d,0x8000000000000000,0x0000000000000000,0x0000000000000000,0x0000000080004940,0x000000000158a114,0x00000000014e464e,0x000000000158a114,0x00000000014e464e,0x00000000001ee43f,0x00000000000009b4,0x0000000000005256,0x0000000000000a34,0x0000000000007bae,0x0000000000a1497b,0x00000000000014ee
1784437808318,0x0000000080005820,0x0000000080018ed0,0x0000000080007a7a,0x000000000000000f,0x00000000800191f0,0x0000000080018f20,0x000000008000f238,0x0000000080019310,0x0000000000000006,0x0000000000000006,0x0000000080019310,0x0000000080019390,0x000000008000f201,0x3fe7e026e18fcfa5,0x0000000000000000,0xffffffff95039738,0x0000000000449b45,0x3fedd0be6c437238,0x00000000800049c8,0x0000000000000000,0x414fe4b4abd3c361,0x4129fe6166cf41f2,0x4152075d983afb7f,0x0000000000000000,0x0000000000000000,0x0000000000000000,0x00000000800049c8,0x0000000001595e9d,0x00000000014efe35,0x0000000001595e9d,0x00000000014efe35,0x00000000001ef818,0x00000000000009b6,0x0000000000005257,0x0000000000000a39,0x0000000000007bff,0x0000000000a1a536,0x00000000000014f1
1784437808940,0x0000000080006260,0x0000000080019230,0x402a6014520d6128,0x0000000000000000,0x0000000000000000,0x0000000080019440,0x0000000080019698,0x00000000800194a0,0x000000008000f238,0x00000000800003f0,0x000000008000f238,0x000000008000f328,0xffffffff943fddfd,0x0000000049052cc8,0x0000000000000000,0xffffffff942d51e0,0x000000000076aeba,0x3fedd0be6c437249,0x0000000080005c0a,0x0000000000000000,0x402dabae92414b32,0x4129fe6166cf41f2,0x4152075d983afb7f,0x01a56e1fc2f8f359,0x0000000000000000,0x0000000000000000,0x0000000080005c0a,0x00000000015a372a,0x00000000014fd493,0x00000000015a372a,0x00000000014fd493,0x00000000001f0b6d,0x00000000000009bf,0x0000000000005257,0x0000000000000a39,0x0000000000007c4c,0x0000000000a20eee,0x00000000000014f4
1784437809845,0x0000000080005850,0x0000000080018ed0,0x0000000080007a7a,0x000000000000000f,0x00000000800191f0,0x0000000080018f20,0x00000000800191f0,0x0000000080019310,0x0000000000000003,0x0000000000000006,0x0000000080019310,0x0000000080019328,0x000000008000f201,0x3fe3b1c2a32d2548,0x0000000000000000,0x00000000788dfd78,0x0000000000508a1a,0x3fedd0be6c437249,0x00000000800049c8,0x0000000000000000,0x414fe4b13600d1b7,0x4129fe590703afb8,0x4152075fcadab9f5,0x3fe1aec7af362c5b,0x401623e8e4790c0a,0x0000000000000000,0x00000000800049c8,0x00000000015b09ef,0x000000000150a291,0x00000000015b09ef,0x000000000150a291,0x00000000001f1f63,0x00000000000009c1,0x000000000000525a,0x0000000000000a47,0x0000000000007c74,0x0000000000a2728b,0x00000000000014f7
1784437810750,0x00000000800056f8,0x0000000080019060,0x0000000080007a7a,0x000000000000000f,0x0000000080019430,0x00000000800190b0,0x0000000080019548,0x000000008000f238,0x0000000000000006,0x0000000000000006,0x000000008000f238,0x000000008000f348,0x000000008000f201,0x3fe2808c100ca25f,0x0000000000000000,0xffffffff9ca74d2e,0x00000000004d1e96,0x3fedd0be6c437251,0x00000000800049c6,0x0000000000000000,0x414fe4b02ca2339c,0x4129fe49d119ce07,0x4152075d6868db8c,0x3ff0000000000000,0x402a6014520d6134,0x402a6014520d6134,0x00000000800049c6,0x00000000015bf6dc,0x0000000001518a6c,0x00000000015bf6dc,0x0000000001518a6c,0x00000000001f3784,0x00000000000009cc,0x000000000000525d,0x0000000000000a56,0x0000000000007cd8,0x0000000000a2e72d,0x00000000000014fa
1784437811579,0x00000000800058f2,0x0000000080018ed0,0x0000000080007a7a,0x0000000000000000,0x00000000800191f0,0x0000000080018f20,0x00000000800193a0,0x00000000800194a0,0x0000000000000006,0x0000000000000003,0x0000000000000003,0x0000000000000012,0xffffffffbe67f9de,0x0000000043f14cee,0x0000000000000000,0xffffffffbe62e95e,0x000000000055dc95,0x3fedd0be6c437251,0x0000000080004976,0x0000000000000000,0x4025772550fc533c,0x4129fe49d119ce07,0x4152075d6868db8c,0x0000000000000000,0x3f9287f43dd4dd22,0x0000000000000000,0x0000000080004976,0x00000000015cc5a0,0x00000000015259f2,0x00000000015cc5a0,0x00000000015259f2,0x00000000001f4862,0x00000000000009d5,0x000000000000525d,0x0000000000000a56,0x0000000000007d00,0x0000000000a34b60,0x00000000000014fd
1784437812434,0x000000008000575e,0x0000000080019070,0x0000000080007a7a,0x000000000000000f,0x00000000800191f0,0x00000000800190b0,0x00000000800190d0,0x00000000800002d0,0x000000008000f238,0x0000000000000006,0x0000000000000002,0x0000000000000006,0x000000008000f201,0x3fdce6da2d79d6d7,0x0000000000000000,0xffffffffe0e15380,0x000000000052298f,0x3fedd0be6c437254,0x0000000080004c04,0x0000000000000000,0x414fe4b2c2fb7e91,0x4129fe5ba56d5cfb,0x4152076210af4f0e,0x3fc17a1e17d077b6,0x0000000000000000,0x0000000000000000,0x0000000080004c04,0x00000000015db690,0x0000000001534498,0x00000000015db690,0x0000000001534498,0x00000000001f6062,0x00000000000009d7,0x000000000000525f,0x0000000000000a61,0x0000000000007d56,0x0000000000a3bee7,0x0000000000001500
1784437813273,0x0000000080006260,0x0000000080019230,0x402a6014520d6144,0x0000000000000000,0x0000000000000000,0x0000000080019440,0x0000000080019698,0x00000000800194a0,0x000000008000f238,0x00000000800003f0,0x000000008000f238,0x000000008000f328,0xffffffffbcb5fedf,0x00000000096e51ae,0x0000000000000000,0xffffffffbc3436de,0x00000000007386b1,0x3fedd0be6c437253,0x0000000080005c06,0x0000000000000000,0x401ce1ac425b946c,0x4129fe5ba56d5cfb,0x4152076210af4f0e,0x01a56e1fc2f8f359,0x4012207dfca3cb69,0x0000000000000000,0x0000000080005c06,0x00000000015e8b59,0x00000000015418dd,0x00000000015e8b59,0x00000000015418dd,0x00000000001f71b8,0x00000000000009e0,0x000000000000525f,0x0000000000000a61,0x0000000000007da4,0x0000000000a42656,0x0000000000001503
1784437814045,0x000000008000583a,0x0000000080018ed0,0x0000000080007a7a,0x000000000000000f,0x00000000800191f0,0x0000000080018f20,0x00000000800194a0,0x000000008000f238,0x0000000000000003,0x0000000000000006,0x00000000800194a0,0x0000000080019520,0x000000008000f201,0x3fe05a88fcce4b02,0x0000000000000000,0xffffffffb57938e0,0x000000000047fadf,0x3fedd0be6c437253,0x00000000800049a4,0x0000000000000000,0x414fe4ace8e8a71e,0x4129fe574b9f559b,0x415207630248e8a7,0x0000000000000000,0x0000000000000000,0x0000000000000000,0x00000000800049a4,0x00000000015f6645,0x000000000154ee03,0x00000000015f6645,0x000000000154ee03,0x00000000001f87f6,0x00000000000009e2,0x0000000000005261,0x0000000000000a6c,0x0000000000007dc7,0x0000000000a48ecb,0x0000000000001506
1784437814850,0x0000000080006260,0x0000000080019230,0x402a6014520d6149,0x0000000000000000,0x0000000000000000,0x0000000080019440,0x0000000080019698,0x00000000800194a0,0x000000008000f238,0x00000000800003f0,0x0000000000000000,0x000000000000000c,0x000000007f4b7ffa,0x000000007af4ca44,0x0000000000000000,0x000000007f484ef8,0x0000000000619148,0x3fedd0be6c43724c,0x0000000080005bca,0x0000000000000000,0x402864521ebd3291,0x4129fe574b9f559b,0x415207630248e8a7,0x01a56e1fc2f8f359,0x0000000000000000,0x0000000000000000,0x0000000080005bca,0x00000000016010c7,0x00000000015596c7,0x00000000016010c7,0x00000000015596c7,0x00000000001f97ad,0x00000000000009eb,0x0000000000005261,0x0000000000000a6c,0x0000000000007e06,0x0000000000a4e330,0x0000000000001509
1784437815435,0x0000000080005820,0x0000000080018ed0,0x0000000080007a7a,0x000000000000000f,0x00000000800191f0,0x0000000080018f20,0x000000008000f238,0x0000000080019310,0x0000000000000006,0x0000000000000006,0x0000000080019280,0x00000000800192f8,0x000000008000f201,0x3fe2fa88deee3256,0x0000000000000000,0x0000000024bad1f8,0x0000000000647701,0x3fedd0be6c43724c,0x00000000800049f0,0x0000000000000000,0x414fe4ac5b81d7dc,0x4129fe5054d6a162,0x4152075cc9288ce7,0x0000000000000000,0x0000000000000000,0x0000000000000000,0x00000000800049f0,0x000000000160c1f2,0x00000000015643cb,0x000000000160c1f2,0x00000000015643cb,0x00000000001fa8c6,0x00000000000009ed,0x0000000000005264,0x0000000000000a7a,0x0000000000007e35,0x0000000000a53740,0x000000000000150c
1784437816130,0x0000000080009fc2,0x0000000080019420,0x402a6014520d614c,0x00000000005f3080,0x0000000000000000,0x0000000080019700,0x00000000005f3000,0x0000000000000080,0x00000000002709d6,0x0000000000000004,0x00000000002f9800,0xfffffffff5d50000,0x0000000000000000,0x0000000000000008,0x0000000000000000,0x000000007be48fe0,0x00000000004eff2c,0x3fedd0be6c437243,0x000000008000a0ba,0x4081b27b89d6f5d5,0x4081b27b89d6f5d5,0x4129fe5054d6a162,0x4152075cc9288ce7,0xc037562b6ae80000,0x4035b6a2d1fdc3f9,0x4081b27b89d6f5d5,0x000000008000a0ba,0x0000000001619c21,0x0000000001571922,0x0000000001619c21,0x0000000001571922,0x00000000001fbf96,0x00000000000009f8,0x0000000000005264,0x0000000000000a7b,0x0000000000007e80,0x0000000000a5a26d,0x000000000000150f
1784437817007,0x0000000080009fc2,0x0000000080018dc0,0x0000000080007a7a,0x000000000055dc80,0x00000000800191f0,0x0000000080018e40,0x000000000055dc00,0x0000000000000040,0x0000000000642002,0x0000000000000003,0x00000000002aee00,0x000000000bfe0000,0x0000000000000000,0x0000000000000007,0x0000000000000000,0xffffffffcf3a00f8,0x00000000005869e6,0x3fedd0be6c437243,0x000000008000a0b6,0x405ccc3930020bfe,0x405ccc3930020bfe,0x4129fe5b2bc6a7f0,0x4152075fae83e426,0x01a56e1fc2f8f359,0x0000000000000000,0x405ccc3930020bfe,0x000000008000a0b6,0x000000000162715b,0x000000000157eeb1,0x000000000162715b,0x000000000157eeb1,0x00000000001fd029,0x00000000000009fb,0x0000000000005266,0x0000000000000a83,0x0000000000007ea9,0x0000000000a60a00,0x0000000000001512
1784437817878,0x00000000800056f8,0x0000000080019060,0x0000000080007a7a,0x000000000000000f,0x0000000080019430,0x00000000800190b0,0x0000000080019548,0x000000008000f238,0x0000000000000006,0x0000000000000006,0x0000000000000005,0x0000000000000006,0x000000008000f201,0x3fd8bbe7b0b1abf9,0x0000000000000000,0xffffffffdf50e238,0x000000000049418f,0x3fedd0be6c437238,0x000000008000498e,0x0000000000000000,0x414fe4b0e844d014,0x4129fe59a95e9e1b,0x415207638bc1bda5,0x0000000000000000,0x0000000000000000,0x0000000000000000,0x000000008000498e,0x00000000016349c0,0x000000000158c04d,0x00000000016349c0,0x000000000158c04d,0x00000000001fe6de,0x0000000000000a03,0x0000000000005268,0x0000000000000a8e,0x0000000000007f06,0x0000000000a67202,0x0000000000001515
1784437818800,0x00000000800058f2,0x0000000080018ed0,0x0000000080007a7a,0x0000000000000000,0x00000000800191f0,0x0000000080018f20,0x00000000800193a0,0x00000000800194a0,0x0000000000000006,0x0000000000000003,0x00000000800194a0,0x0000000000000000,0xffffffffae9db7df,0x0000000043f14cf2,0x0000000000000000,0xffffffffae9db59e,0x000000000055dc95,0x3fedd0be6c437238,0x00000000800049c4,0x0000000000000000,0x4025772550fc533d,0x4129fe59a95e9e1b,0x415207638bc1bda5,0x0000000000000000,0x0000000000000000,0x0000000000000000,0x00000000800049c4,0x0000000001641704,0x0000000001598e99,0x0000000001641704,0x0000000001598e99,0x00000000001ff7a1,0x0000000000000a0c,0x0000000000005268,0x0000000000000a8e,0x0000000000007f2a,0x0000000000a6d5a0,0x0000000000001518
1784437819671,0x0000000080005744,0x0000000080019060,0x0000000080007a7a,0x000000000000000f,0x00000000800191f0,0x00000000800190b0,0x0000000080019310,0x00000000800191f0,0x0000000000000006,0x0000000000000006,0x0000000000000001,0x0000000000000006,0x000000008000f201,0x3fdf7a4be09f57b1,0x0000000000000000,0x0000000021f9cd9e,0x000000000043a450,0x3fedd0be6c43722c,0x00000000800049b4,0x0000000000000000,0x414fe4b317487fcc,0x4129fe6369eecbfb,0x415207624efd21ff,0x0000000000000000,0x0000000000000000,0x0000000000000000,0x00000000800049b4,0x000000000164ec55,0x00000000015a5dd5,0x000000000164ec55,0x00000000015a5dd5,0x0000000000200d66,0x0000000000000a0e,0x000000000000526a,0x0000000000000a99,0x0000000000007f7b,0x0000000000a73c3c,0x000000000000151b
1784437820587,0x00000000800057ae,0x0000000080018d90,0x0000000080007a7a,0x0000000000000000,0x00000000800191f0,0x0000000080018de0,0x0000000080018f50,0x000000008000f238,0x0000000000000006,0x0000000000000006,0x0000000000000005,0x0000000000000012,0xffffffffae9db7df,0x0000000043f14cf2,0x0000000000000000,0xffffffffae9db59e,0x000000000055dc95,0x3fedd0be6c43722c,0x00000000800049ba,0x0000000000000000,0x4025772550fc533d,0x4129fe6369eecbfb,0x415207624efd21ff,0x8000000000000000,0x0000000000000000,0x0000000000000000,0x00000000800049ba,0x000000000165a57d,0x00000000015b177a,0x000000000165a57d,0x00000000015b177a,0x0000000000201c8d,0x0000000000000a17,0x000000000000526a,0x0000000000000a99,0x0000000000007f9a,0x0000000000a79621,0x000000000000151e
1784437821460,0x0000000080005820,0x0000000080018ed0,0x0000000080007a7a,0x000000000000000f,0x00000000800191f0,0x0000000080018f20,0x000000008000f238,0x0000000080019310,0x0000000000000006,0x0000000000000006,0x0000000080019280,0x0000000080019280,0x000000008000f201,0x3fe10b2f637aa924,0x0000000000000000,0xffffffffb7375ab8,0x000000000076b46e,0x3fedd0be6c43721e,0x00000000800049f2,0x0000000000000000,0x414fe4b1b6041893,0x4129fe621886594b,0x4152076487df3b64,0x0000000000000000,0x401623e8e4790c0a,0x401623e8e4790c0a,0x00000000800049f2,0x0000000001668341,0x00000000015bef24,0x0000000001668341,0x00000000015bef24,0x000000000020330e,0x0000000000000a19,0x000000000000526d,0x0000000000000aa8,0x0000000000007fe0,0x0000000000a800c9,0x0000000000001521
1784437822077,0x00000000800057ae,0x0000000080018d90,0x0000000080007a7a,0x0000000000000000,0x00000000800191f0,0x0000000080018de0,0x0000000080018f50,0x000000008000f238,0x0000000000000006,0x0000000000000006,0x0000000000000002,0x0000000000000012,0xffffffffae9db7df,0x0000000043f14cf2,0x0000000000000000,0xffffffffae9db59e,0x000000000055dc95,0x3fedd0be6c43721e,0x0000000080004998,0x0000000000000000,0x4025772550fc533d,0x4129fe621886594b,0x4152076487df3b64,0x8000000000000000,0x0000000000000000,0x0000000000000000,0x0000000080004998,0x0000000001673504,0x00000000015ca11d,0x0000000001673504,0x00000000015ca11d,0x00000000002041ab,0x0000000000000a22,0x000000000000526d,0x0000000000000aa8,0x0000000000007ffc,0x0000000000a856ff,0x0000000000001524
1784437822665,0x0000000080005820,0x0000000080018ed0,0x0000000080007a7a,0x000000000000000f,0x00000000800191f0,0x0000000080018f20,0x000000008000f238,0x0000000080019310,0x0000000000000006,0x0000000000000006,0x0000000000000002,0x0000000000000003,0x000000008000f201,0x3fe4aaf9ffa3236b,0x0000000000000000,0x0000000072a7f278,0x00000000006b12d7,0x3fedd0be6c437211,0x00000000800049d6,0x0000000000000000,0x414fe4aad89a0275,0x4129fe5d20aa64c3,0x41520761fb055326,0x0000000000000000,0x0000000000000000,0x0000000000000000,0x00000000800049d6,0x00000000016805ad,0x00000000015d6c0b,0x00000000016805ad,0x00000000015d6c0b,0x0000000000205711,0x0000000000000a24,0x0000000000005270,0x0000000000000ab7,0x0000000000008048,0x0000000000a8bbb2,0x0000000000001527
1784437823557,0x0000000080009fc2,0x0000000080019420,0x402a6014520d6145,0x00000000006f9e9d,0x0000000000000000,0x0000000080019700,0x00000000006f9e9c,0x0000000000000000,0x0000000000b86de4,0x0000000000000002,0x000000000037cf4e,0xffffffffd7000000,0x0000000000000000,0x0000000000000000,0x0000000000000000,0xffffffffd66c59be,0x00000000004ddb5d,0x3fedd0be6c437204,0x000000008000a0e0,0x404855777ee56cd7,0x404855777ee56cd7,0x4129fe5d20aa64c3,0x41520761fb055326,0xc01797a786c00000,0x402bc29fd2f2c0b0,0x404855777ee56cd7,0x000000008000a0e0,0x000000000168ea31,0x00000000015e4ba3,0x000000000168ea31,0x00000000015e4ba3,0x0000000000206eae,0x0000000000000a2f,0x0000000000005270,0x0000000000000ab8,0x000000000000809e,0x0000000000a92bcd,0x000000000000152a
1784437824451,0x0000000080005018,0x0000000080018e40,0x0000000080007a7a,0x0000000000000000,0x00000000800191f0,0x0000000080018e90,0x0000000000000000,0x0000000050fc533c,0x000000003fe00000,0x4025772550fc533c,0x0000000000000000,0x0000000000000003,0xffffffffbe67f9de,0x0000000043f14cee,0x0000000000000000,0xffffffffbe62e95e,0x000000000055dc95,0x3fedd0be6c437204,0x00000000800050ba,0x0000000000000000,0x4025772550fc533c,0x4129fe56e1f212d7,0x41520761c46a7efa,0x01a56e1fc2f8f359,0x0000000000000000,0x0000000000000000,0x00000000800050ba,0x000000000169c201,0x00000000015f2443,0x000000000169c201,0x00000000015f2443,0x0000000000207f8c,0x0000000000000a34,0x0000000000005272,0x0000000000000ac2,0x00000000000080cc,0x0000000000a9956d,0x000000000000152d
1784437825373,0x00000000800056f8,0x0000000080019060,0x0000000080007a7a,0x000000000000000f,0x0000000080019430,0x00000000800190b0,0x0000000080019548,0x000000008000f238,0x0000000000000006,0x0000000000000006,0x0000000000000005,0x000000000000001e,0x000000008000f201,0x3fe40ece312242c7,0x0000000000000000,0xffffffffbfe5e3ee,0x000000000057e3e3,0x3fedd0be6c4371f7,0x00000000800049da,0x0000000000000000,0x414fe4aff17f62b7,0x4129fe5b1119ce07,0x41520762706a7efa,0x0000000000000000,0x0000000000000000,0x0000000000000000,0x00000000800049da,0x00000000016a9b4f,0x00000000015ff612,0x00000000016a9b4f,0x00000000015ff612,0x0000000000209641,0x0000000000000a3a,0x0000000000005274,0x0000000000000acd,0x0000000000008126,0x0000000000a9fcde,0x0000000000001530
1784437826215,0x000000008000589c,0x0000000080018ed0,0x0000000080007a7a,0x0000000000000000,0x00000000800191f0,0x0000000080018f20,0x0000000080019280,0x0000000080019118,0x0000000000000006,0x0000000000000003,0x0000000000000001,0x0000000000000007,0xffffffffbe67f9de,0x0000000043f14cee,0x0000000000000000,0xffffffffbe62e95e,0x000000000055dc95,0x3fedd0be6c4371f7,0x0000000080004978,0x0000000000000000,0x4025772550fc533c,0x4129fe5b1119ce07,0x41520762706a7efa,0x0000000000000000,0x0000000000000000,0x0000000000000000,0x0000000080004978,0x00000000016b440a,0x0000000001609f92,0x00000000016b440a,0x0000000001609f92,0x000000000020a3a9,0x0000000000000a43,0x0000000000005274,0x0000000000000acd,0x0000000000008148,0x0000000000aa4f7c,0x0000000000001533
1784437827068,0x00000000800056f8,0x0000000080019060,0x0000000080007a7a,0x000000000000000f,0x0000000080019430,0x00000000800190b0,0x0000000080019548,0x000000008000f238,0x0000000000000006,0x0000000000000006,0x0000000080019310,0x0000000080019410,0x000000008000f201,0x3fe438041b48647e,0x0000000000000000,0x000000004b854fee,0x00000000005b8243,0x3fedd0be6c4371ec,0x00000000800049f2,0x0000000000000000,0x414fe4aba8f27bb3,0x4129fe4c36e2eb1c,0x415207606a8240b8,0x0000000000000000,0x0000000000000000,0x0000000000000000,0x00000000800049f2,0x00000000016c0f85,0x0000000001616483,0x00000000016c0f85,0x0000000001616483,0x000000000020b919,0x0000000000000a45,0x0000000000005277,0x0000000000000adc,0x0000000000008190,0x0000000000aab112,0x0000000000001536
1784437827981,0x00000000800057ae,0x0000000080018d90,0x0000000080007a7a,0x0000000000000000,0x00000000800191f0,0x0000000080018de0,0x0000000080018f50,0x000000008000f238,0x0000000000000006,0x0000000000000006,0x0000000000000000,0x0000000000000000,0x0000000046d7d3f9,0x0000000043f14cec,0x0000000000000000,0x0000000046458338,0x000000000055dc95,0x3fedd0be6c4371ec,0x00000000800049b4,0x0000000000000000,0x4025772550fc533b,0x4129fe4c36e2eb1c,0x415207606a8240b8,0x3fea330ae25af21c,0x0000000000000000,0x0000000000000000,0x00000000800049b4,0x00000000016ced2d,0x0000000001624321,0x00000000016ced2d,0x0000000001624321,0x000000000020cb12,0x0000000000000a4e,0x0000000000005277,0x0000000000000adc,0x00000000000081ba,0x0000000000ab1c55,0x0000000000001539
1784437828798,0x0000000080005744,0x0000000080019060,0x0000000080007a7a,0x000000000000000f,0x00000000800191f0,0x00000000800190b0,0x0000000080019310,0x00000000800191f0,0x0000000000000006,0x0000000000000006,0x00000000800191f0,0x00000000800192e0,0x000000008000f201,0x3fe1c1e69d244150,0x0000000000000000,0x0000000009cc993e,0x00000000007899e0,0x3fedd0be6c4371df,0x00000000800049c8,0x0000000000000000,0x414fe4a985604189,0x4129fe53510cb296,0x4152076054902de0,0x0000000000000000,0x3fe185d1eca6d032,0x0000000000000000,0x00000000800049c8,0x00000000016d9aeb,0x000000000162eaf4,0x00000000016d9aeb,0x000000000162eaf4,0x000000000020ddb5,0x0000000000000a50,0x0000000000005278,0x0000000000000ae1,0x000000000000820c,0x0000000000ab7068,0x000000000000153c
1784437829351,0x00000000800058f2,0x0000000080018ed0,0x0000000080007a7a,0x0000000000000000,0x00000000800191f0,0x0000000080018f20,0x00000000800193a0,0x00000000800194a0,0x0000000000000006,0x0000000000000003,0x0000000000000002,0x0000000000000005,0x000000004657d3f9,0x0000000043f14cec,0x0000000000000000,0x0000000046458338,0x000000000055dc95,0x3fedd0be6c4371df,0x000000008000499a,0x0000000000000000,0x4025772550fc533b,0x4129fe53510cb296,0x4152076054902de0,0x0000000000000000,0x0000000000000000,0x0000000000000000,0x000000008000499a,0x00000000016e45f0,0x00000000016395ed,0x00000000016e45f0,0x00000000016395ed,0x000000000020ebcb,0x0000000000000a59,0x0000000000005278,0x0000000000000ae1,0x000000000000822f,0x0000000000abc375,0x000000000000153f
1784437830024,0x0000000080005744,0x0000000080019060,0x0000000080007a7a,0x000000000000000f,0x00000000800191f0,0x00000000800190b0,0x0000000080019310,0x00000000800191f0,0x0000000000000006,0x0000000000000006,0x0000000000000002,0x000000000000000e,0x000000008000f201,0x3fdeb4b5a633c4ce,0x0000000000000000,0xffffffffcc76a378,0x00000000007a5e46,0x3fedd0be6c4371d4,0x00000000800049e4,0x0000000000000000,0x414fe4a91efd21ff,0x4129fe44cbb98c7e,0x4152076171f3b646,0x4013efc4d6ad9501,0x0000000000000000,0x4013efc4d6ad9501,0x00000000800049e4,0x00000000016f1c7a,0x00000000016466e5,0x00000000016f1c7a,0x00000000016466e5,0x00000000002101ad,0x0000000000000a5b,0x000000000000527a,0x0000000000000aec,0x0000000000008279,0x0000000000ac2ad9,0x0000000000001542
1784437830937,0x00000000800057ae,0x0000000080018d90,0x0000000080007a7a,0x0000000000000000,0x00000000800191f0,0x0000000080018de0,0x0000000080018f50,0x000000008000f238,0x0000000000000006,0x0000000000000006,0x0000000000000005,0x0000000000000017,0x000000004657d3f9,0x0000000043f14cec,0x0000000000000000,0x0000000046458338,0x000000000055dc95,0x3fedd0be6c4371d4,0x00000000800049e2,0x0000000000000000,0x4025772550fc533b,0x4129fe44cbb98c7e,0x4152076171f3b646,0x8000000000000000,0x0000000000000000,0x8000000000000000,0x00000000800049e2,0x00000000016ffc1a,0x0000000001654686,0x00000000016ffc1a,0x0000000001654686,0x00000000002113f7,0x0000000000000a64,0x000000000000527a,0x0000000000000aec,0x000000000000829d,0x0000000000ac96a1,0x0000000000001545
1784437831768,0x0000000080005820,0x0000000080018ed0,0x0000000080007a7a,0x000000000000000f,0x00000000800191f0,0x0000000080018f20,0x000000008000f238,0x0000000080019310,0x0000000000000006,0x0000000000000006,0x0000000000000005,0x0000000000000003,0x000000008000f201,0x3fdce77293e27281,0x0000000000000000,0xffffffff8e0e74b8,0x0000000000710c2c,0x3fedd0be6c4371cb,0x000000008000496c,0x0000000000000000,0x414fe4abcc2c3c9f,0x4129fe6da0346dc6,0x41520764f22eb1c4,0x0000000000000000,0x0000000000000000,0x0000000000000000,0x000000008000496c,0x000000000170d5b4,0x0000000001661a19,0x000000000170d5b4,0x0000000001661a19,0x0000000000212a1f,0x0000000000000a66,0x000000000000527c,0x0000000000000af7,0x00000000000082ea,0x0000000000acff40,0x0000000000001548
1784437832680,0x0000000080006260,0x0000000080019230,0x402a6014520d612e,0x0000000000000000,0x0000000000000000,0x0000000080019440,0x0000000080019698,0x00000000800194a0,0x000000008000f238,0x00000000800003f0,0x0000000000000000,0x0000000000000002,0x0000000009e97bfd,0x000000001bc2575c,0x0000000000000000,0x0000000009602b78,0x000000000046d1a2,0x3fedd0be6c4371c3,0x0000000080005cc4,0x0000000000000000,0x4031b46886f095d7,0x4129fe6da0346dc6,0x41520764f22eb1c4,0x01a56e1fc2f8f359,0x0000000000000000,0x0000000000000000,0x0000000080005cc4,0x000000000171a47c,0x000000000166e5ab,0x000000000171a47c,0x000000000166e5ab,0x0000000000213dfb,0x0000000000000a6f,0x000000000000527c,0x0000000000000af8,0x000000000000832d,0x0000000000ad653f,0x000000000000154b
1784437833595,0x0000000080004ede,0x0000000080018de0,0x0000000080007a7a,0x0000000000000000,0x00000000800191f0,0x0000000080018e40,0x0000000000000001,0x000000001b03b771,0x000000003fe00000,0x40161a799b03b771,0x0000000080018ef8,0x0000000000000001,0xffffffffcfbb17fa,0x000000006c0eddc4,0x0000000000000000,0xffffffffcf3a00f8,0x00000000005869e6,0x3fedd0be6c4371c3,0x0000000080004ef8,0x0000000000000000,0x40161a799b03b771,0x4129fe52982a9931,0x415207606d1b7176,0x01a56e1fc2f8f359,0x3ff0000000000000,0x40161a799b03b771,0x0000000080004ef8,0x0000000001727f28,0x000000000167bd9a,0x0000000001727f28,0x000000000167bd9a,0x0000000000215106,0x0000000000000a71,0x000000000000527f,0x0000000000000b07,0x000000000000835f,0x0000000000adcd47,0x000000000000154e
1784437834473,0x00000000800056f8,0x0000000080019060,0x0000000080007a7a,0x000000000000000f,0x0000000080019430,0x00000000800190b0,0x0000000080019548,0x000000008000f238,0x0000000000000006,0x0000000000000006,0x0000000000000004,0x0000000000000006,0x000000008000f201,0x3fddf7bc8e4fac3b,0x0000000000000000,0x00000000688ccd38,0x000000000044a570,0x3fedd0be6c4371bc,0x00000000800049d6,0x0000000000000000,0x414fe4aa8c189375,0x4129fe53c89a0275,0x41520762ff80346e,0x0000000000000000,0x0000000000000000,0x0000000000000000,0x00000000800049d6,0x0000000001735354,0x0000000001688bb6,0x0000000001735354,0x0000000001688bb6,0x0000000000216756,0x0000000000000a7c,0x0000000000005282,0x0000000000000b16,0x00000000000083c3,0x0000000000ae34c8,0x0000000000001551
1784437835382,0x00000000800058f2,0x0000000080018ed0,0x0000000080007a7a,0x0000000000000000,0x00000000800191f0,0x0000000080018f20,0x00000000800193a0,0x00000000800194a0,0x0000000000000006,0x0000000000000003,0x0000000000000005,0x000000000000000b,0x00000000566af6fe,0x0000000043f14ce8,0x0000000000000000,0x00000000560ab6e0,0x000000000055dc95,0x3fedd0be6c4371bc,0x00000000800049bc,0x0000000000000000,0x4025772550fc533a,0x4129fe53c89a0275,0x41520762ff80346e,0x3f9287f43dd4dd22,0x0000000000000000,0x0000000000000000,0x00000000800049bc,0x000000000174292d,0x000000000169624c,0x000000000174292d,0x000000000169624c,0x00000000002178ca,0x0000000000000a85,0x0000000000005282,0x0000000000000b16,0x00000000000083e2,0x0000000000ae9c4c,0x0000000000001554
1784437836235,0x0000000080005744,0x0000000080019060,0x0000000080007a7a,0x000000000000000f,0x00000000800191f0,0x00000000800190b0,0x0000000080019310,0x00000000800191f0,0x0000000000000006,0x0000000000000006,0x0000000000000000,0x0000000000000006,0x000000008000f201,0x3fdf16bb46c087bd,0x0000000000000000,0x000000004e05ec2e,0x00000000007ed264,0x3fedd0be6c4371b6,0x000000008000498e,0x0000000000000000,0x414fe4aa980d1b71,0x4129fe5f37247454,0x41520764e60ded29,0x0000000000000000,0x0000000000000000,0x0000000000000000,0x000000008000498e,0x000000000174e41a,0x00000000016a177a,0x000000000174e41a,0x00000000016a177a,0x0000000000218c5a,0x0000000000000a87,0x0000000000005284,0x0000000000000b21,0x0000000000008432,0x0000000000aef6a0,0x0000000000001557
1784437836788,0x00000000800058f2,0x0000000080018ed0,0x0000000080007a7a,0x0000000000000000,0x00000000800191f0,0x0000000080018f20,0x00000000800193a0,0x00000000800194a0,0x0000000000000006,0x0000000000000003,0x0000000080018f50,0x0000000080018fb0,0xffffffffddff7dee,0x0000000043f14ce6,0x0000000000000000,0xffffffffdded50ae,0x000000000055dc95,0x3fedd0be6c4371b6,0x00000000800049f2,0x0000000000000000,0x4025772550fc533a,0x4129fe5f37247454,0x41520764e60ded29,0x0000000000000000,0x0000000000000000,0x0000000000000000,0x00000000800049f2,0x0000000001759657,0x00000000016ac9b6,0x0000000001759657,0x00000000016ac9b6,0x0000000000219b09,0x0000000000000a90,0x0000000000005284,0x0000000000000b21,0x0000000000008454,0x0000000000af4d17,0x000000000000155a
1784437837448,0x0000000080005744,0x0000000080019060,0x0000000080007a7a,0x000000000000000f,0x00000000800191f0,0x00000000800190b0,0x0000000080019310,0x00000000800191f0,0x0000000000000006,0x0000000000000006,0x0000000000000001,0x0000000000000006,0x000000008000f201,0x3fe22722502d12d8,0x0000000000000000,0x0000000021b7d238,0x00000000006fe86e,0x3fedd0be6c4371b0,0x0000000080004970,0x0000000000000000,0x414fe4b0ad7a786c,0x4129fe499a5e353f,0x41520765255182aa,0x3fb85cd8e2c41b82,0x0000000000000000,0x0000000000000000,0x0000000080004970,0x0000000001766478,0x00000000016b9202,0x0000000001766478,0x00000000016b9202,0x000000000021b031,0x0000000000000a92,0x0000000000005286,0x0000000000000b2c,0x0000000000008490,0x0000000000afb061,0x000000000000155d
1784437838203,0x00000000800057ae,0x0000000080018d90,0x0000000080007a7a,0x0000000000000000,0x00000000800191f0,0x0000000080018de0,0x0000000080018f50,0x000000008000f238,0x0000000000000006,0x0000000000000006,0x000000008000f238,0x000000008000f248,0xffffffffddff7dee,0x0000000043f14ce6,0x0000000000000000,0xffffffffdded50ae,0x000000000055dc95,0x3fedd0be6c4371b0,0x00000000800049c8,0x0000000000000000,0x4025772550fc533a,0x4129fe499a5e353f,0x41520765255182aa,0x3fea330ae25af21c,0x0000000000000000,0x0000000000000000,0x00000000800049c8,0x00000000017728c0,0x00000000016c56fb,0x00000000017728c0,0x00000000016c56fb,0x000000000021c043,0x0000000000000a9b,0x0000000000005286,0x0000000000000b2c,0x00000000000084aa,0x0000000000b00f9c,0x0000000000001560
1784437839070,0x0000000080005744,0x0000000080019060,0x0000000080007a7a,0x000000000000000f,0x00000000800191f0,0x00000000800190b0,0x0000000080019310,0x00000000800191f0,0x0000000000000006,0x0000000000000006,0x0000000000000001,0x0000000000000006,0x000000008000f201,0x3fe48afd7ced30de,0x0000000000000000,0xffffffff9b1ce79e,0x000000000047443b,0x3fedd0be6c4371ac,0x0000000080004a22,0x0000000000000000,0x414fe4aa7c56d5d0,0x4129fe4656a161e5,0x41520762de4c2f83,0x3fc17a1e17d0772a,0x0000000000000000,0x0000000000000000,0x0000000080004a22,0x000000000177f9f9,0x00000000016d21ea,0x000000000177f9f9,0x00000000016d21ea,0x000000000021d5c7,0x0000000000000a9d,0x0000000000005289,0x0000000000000b3b,0x00000000000084f6,0x0000000000b07442,0x0000000000001563
1784437839907,0x00000000800057ae,0x0000000080018d90,0x0000000080007a7a,0x0000000000000000,0x00000000800191f0,0x0000000080018de0,0x0000000080018f50,0x000000008000f238,0x0000000000000006,0x0000000000000006,0x0000000000000005,0x000000000000001e,0xffffffffddff7dee,0x0000000043f14ce6,0x0000000000000000,0xffffffffdded50ae,0x000000000055dc95,0x3fedd0be6c4371ac,0x00000000800049da,0x0000000000000000,0x4025772550fc533a,0x4129fe4656a161e5,0x41520762de4c2f83,0x8000000000000000,0x0000000000000000,0x8000000000000000,0x00000000800049da,0x000000000178d08a,0x00000000016df8bc,0x000000000178d08a,0x00000000016df8bc,0x000000000021e754,0x0000000000000aa6,0x0000000000005289,0x0000000000000b3b,0x0000000000008513,0x0000000000b0dbe4,0x0000000000001566
1784437840788,0x000000008000583a,0x0000000080018ed0,0x0000000080007a7a,0x000000000000000f,0x00000000800191f0,0x0000000080018f20,0x00000000800194a0,0x000000008000f238,0x0000000000000003,0x0000000000000006,0x000000008000f238,0x000000008000f2e8,0x000000008000f201,0x3fe3b5d64e31ab81,0x0000000000000000,0x000000007c5f10e0,0x0000000000672a8a,0x3fedd0be6c4371a8,0x00000000800049c6,0x0000000000000000,0x414fe4a6f2fec56d,0x4129fe55d4538ef3,0x4152076aa1dcc63f,0x0000000000000000,0x0000000000000000,0x0000000000000000,0x00000000800049c6,0x000000000179a3b5,0x00000000016ec5ef,0x000000000179a3b5,0x00000000016ec5ef,0x000000000021fcef,0x0000000000000aa8,0x000000000000528c,0x0000000000000b48,0x0000000000008558,0x0000000000b1418f,0x0000000000001569
1784437841681,0x00000000800056f8,0x0000000080019060,0x0000000080007a7a,0x000000000000000f,0x0000000080019430,0x00000000800190b0,0x0000000080019548,0x000000008000f238,0x0000000000000006,0x0000000000000006,0x0000000000000002,0x0000000000000006,0x000000008000f201,0x3fec102eadf7a9c2,0x0000000000000000,0xffffffff84ed77de,0x00000000005305a7,0x3fedd0be6c4371a6,0x000000008000496c,0x0000000000000000,0x414fe4adf45a1cac,0x4129fe68026809d5,0x41520766f1182a99,0x3ff0000000000000,0x0000000000000000,0x0000000000000000,0x000000008000496c,0x00000000017a927f,0x00000000016fb039,0x00000000017a927f,0x00000000016fb039,0x0000000000221539,0x0000000000000ab3,0x000000000000528e,0x0000000000000b53,0x00000000000085b0,0x0000000000b1b760,0x000000000000156c
1784437842612,0x00000000800058f2,0x0000000080018ed0,0x0000000080007a7a,0x0000000000000000,0x00000000800191f0,0x0000000080018f20,0x00000000800193a0,0x00000000800194a0,0x0000000000000006,0x0000000000000003,0x0000000080018f50,0x0000000080018f90,0xffffffffddff7dee,0x0000000043f14ce6,0x0000000000000000,0xffffffffdded50ae,0x000000000055dc95,0x3fedd0be6c4371a6,0x00000000800049fc,0x0000000000000000,0x4025772550fc533a,0x4129fe68026809d5,0x41520766f1182a99,0x0000000000000000,0x0000000000000000,0x0000000000000000,0x00000000800049fc,0x00000000017b699e,0x00000000017087be,0x00000000017b699e,0x00000000017087be,0x00000000002226c5,0x0000000000000abc,0x000000000000528e,0x0000000000000b53,0x00000000000085d5,0x0000000000b21f5f,0x000000000000156f
1784437843368,0x00000000800056f8,0x0000000080019060,0x0000000080007a7a,0x000000000000000f,0x0000000080019430,0x00000000800190b0,0x0000000080019548,0x000000008000f238,0x0000000000000006,0x0000000000000006,0x0000000000000001,0x0000000000000006,0x000000008000f201,0x3feea6d8d72d7f00,0x0000000000000000,0x00000000068e28fe,0x000000000048c6fa,0x3fedd0be6c4371a4,0x00000000800049b0,0x0000000000000000,0x414fe4a674b5dcc6,0x4129fe59a432ca58,0x415207647ab9f55a,0x0000000000000000,0x0000000000000000,0x0000000000000000,0x00000000800049b0,0x00000000017c222a,0x0000000001713a06,0x00000000017c222a,0x0000000001713a06,0x0000000000223a53,0x0000000000000abe,0x0000000000005290,0x0000000000000b5e,0x000000000000861f,0x0000000000b27850,0x0000000000001572
1784437843940,0x000000008000589c,0x0000000080018ed0,0x0000000080007a7a,0x0000000000000000,0x00000000800191f0,0x0000000080018f20,0x0000000080019280,0x0000000080019118,0x0000000000000006,0x0000000000000003,0x0000000000000001,0x0000000000000002,0x0000000065cffe7b,0x0000000043f14ce4,0x0000000000000000,0x0000000065cfea78,0x000000000055dc95,0x3fedd0be6c4371a4,0x0000000080004966,0x0000000000000000,0x4025772550fc5339,0x4129fe59a432ca58,0x415207647ab9f55a,0x0000000000000000,0x0000000000000000,0x0000000000000000,0x0000000080004966,0x00000000017ccc5c,0x000000000171e500,0x00000000017ccc5c,0x000000000171e500,0x00000000002247de,0x0000000000000ac7,0x0000000000005290,0x0000000000000b5e,0x0000000000008648,0x0000000000b2cb9a,0x0000000000001575
1784437844736,0x0000000080005744,0x0000000080019060,0x0000000080007a7a,0x000000000000000f,0x00000000800191f0,0x00000000800190b0,0x0000000080019310,0x00000000800191f0,0x0000000000000006,0x0000000000000006,0x0000000000000005,0x0000000000000006,0x000000008000f201,0x3fedad392028f303,0x0000000000000000,0xffffffffd71e39b8,0x000000000065c751,0x3fedd0be6c4371a2,0x0000000080004a06,0x0000000000000000,0x414fe4ab0c189375,0x4129fe4ad374bc6a,0x4152075f558e2196,0x0000000000000000,0x0000000000000000,0x0000000000000000,0x0000000080004a06,0x00000000017dbc8a,0x000000000172cf51,0x00000000017dbc8a,0x000000000172cf51,0x0000000000226034,0x0000000000000ac9,0x0000000000005293,0x0000000000000b6d,0x000000000000868b,0x0000000000b33ea9,0x0000000000001578
1784437845591,0x00000000800057ae,0x0000000080018d90,0x0000000080007a7a,0x0000000000000000,0x00000000800191f0,0x0000000080018de0,0x0000000080018f50,0x000000008000f238,0x0000000000000006,0x0000000000000006,0x0000000000000003,0x0000000000000006,0x0000000065cffe7b,0x0000000043f14ce4,0x0000000000000000,0x0000000065cfea78,0x000000000055dc95,0x3fedd0be6c4371a2,0x000000008000498e,0x0000000000000000,0x4025772550fc5339,0x4129fe4ad374bc6a,0x4152075f558e2196,0x8000000000000000,0x3fdcf46da09c9983,0x3fdcf46da09c9983,0x000000008000498e,0x00000000017e924f,0x000000000173a54e,0x00000000017e924f,0x000000000173a54e,0x00000000002271af,0x0000000000000ad2,0x0000000000005293,0x0000000000000b6d,0x00000000000086ad,0x0000000000b3a5e4,0x000000000000157b
1784437846521,0x0000000080005820,0x0000000080018ed0,0x0000000080007a7a,0x000000000000000f,0x00000000800191f0,0x0000000080018f20,0x000000008000f238,0x0000000080019310,0x0000000000000006,0x0000000000000006,0x0000000000000000,0x0000000000000009,0x000000008000f201,0x3fe66ada745a39c0,0x0000000000000000,0xfffffffffab5979e,0x0000000000718f55,0x3fedd0be6c4371a2,0x00000000800049e2,0x0000000000000000,0x414fe4aedb71758e,0x4129fe60d5f6fd22,0x41520765399ce076,0x0000000000000000,0x0000000000000000,0x0000000000000000,0x00000000800049e2,0x00000000017f66fc,0x0000000001747416,0x00000000017f66fc,0x0000000001747416,0x000000000022876b,0x0000000000000ad4,0x0000000000005296,0x0000000000000b7c,0x00000000000086fb,0x0000000000b40c61,0x000000000000157e
1784437847433,0x0000000080006260,0x0000000080019230,0x402a6014520d6113,0x0000000000000000,0x0000000000000000,0x0000000080019440,0x0000000080019698,0x00000000800194a0,0x000000008000f238,0x00000000800003f0,0x000000008000f238,0x000000008000f350,0x0000000077fff7b1,0x000000006b8e9090,0x0000000000000000,0x00000000774ed780,0x00000000006ea933,0x3fedd0be6c4371a2,0x0000000080005bfe,0x0000000000000000,0x402baa4cdae3a424,0x4129fe60d5f6fd22,0x41520765399ce076,0x01a56e1fc2f8f359,0x0000000000000000,0x3fc17a1e17d07729,0x0000000080005bfe,0x0000000001803204,0x0000000001753d31,0x0000000001803204,0x0000000001753d31,0x000000000022997d,0x0000000000000add,0x0000000000005296,0x0000000000000b7c,0x0000000000008747,0x0000000000b46fc6,0x0000000000001581
1784437848286,0x000000008000583a,0x0000000080018ed0,0x0000000080007a7a,0x000000000000000f,0x00000000800191f0,0x0000000080018f20,0x00000000800194a0,0x000000008000f238,0x0000000000000003,0x0000000000000006,0x0000000000000000,0x0000000000000006,0x000000008000f201,0x3fe6ee9f47dd3dec,0x0000000000000000,0x000000002bc4932e,0x00000000004e9b92,0x3fedd0be6c4371a2,0x00000000800049b0,0x0000000000000000,0x414fe4a800fc5048,0x4129fe5670624dd3,0x415207618600d1b7,0x3ff0000000000000,0x0000000000000000,0x0000000000000000,0x00000000800049b0,0x000000000180f09d,0x000000000175f71e,0x000000000180f09d,0x000000000175f71e,0x000000000022abef,0x0000000000000adf,0x0000000000005297,0x0000000000000b82,0x000000000000877c,0x0000000000b4ca26,0x0000000000001584
1784437849120,0x00000000800056f8,0x0000000080019060,0x0000000080007a7a,0x000000000000000f,0x0000000080019430,0x00000000800190b0,0x0000000080019548,0x000000008000f238,0x0000000000000006,0x0000000000000006,0x000000008000f238,0x000000008000f270,0x000000008000f201,0x3fe2c02e49416ed3,0x0000000000000000,0x000000004a21f800,0x00000000004f5835,0x3fedd0be6c4371a2,0x00000000800049c6,0x0000000000000000,0x414fe4ab4401a36e,0x4129fe55f73eab36,0x415207646a48e8a7,0x0000000000000000,0x0000000000000000,0x0000000000000000,0x00000000800049c6,0x000000000181db4d,0x000000000176dd16,0x000000000181db4d,0x000000000176dd16,0x000000000022c3e0,0x0000000000000aea,0x0000000000005298,0x0000000000000b87,0x00000000000087d9,0x0000000000b53ded,0x0000000000001587
1784437850014,0x00000000800058f2,0x0000000080018ed0,0x0000000080007a7a,0x0000000000000000,0x00000000800191f0,0x0000000080018f20,0x00000000800193a0,0x00000000800194a0,0x0000000000000006,0x0000000000000003,0x00000000800193a0,0x0000000000000002,0x0000000065cffe7b,0x0000000043f14ce4,0x0000000000000000,0x0000000065cfea78,0x000000000055dc95,0x3fedd0be6c4371a2,0x00000000800049aa,0x0000000000000000,0x4025772550fc5339,0x4129fe55f73eab36,0x415207646a48e8a7,0x0000000000000000,0x0000000000000000,0x0000000000000000,0x00000000800049aa,0x000000000182c0fa,0x000000000177c307,0x000000000182c0fa,0x000000000177c307,0x000000000022d69c,0x0000000000000af3,0x0000000000005298,0x0000000000000b87,0x0000000000008800,0x0000000000b5acad,0x000000000000158a
1784437850591,0x00000000800056f8,0x0000000080019060,0x0000000080007a7a,0x000000000000000f,0x0000000080019430,0x00000000800190b0,0x0000000080019548,0x000000008000f238,0x0000000000000006,0x0000000000000006,0x0000000000000005,0x0000000000000006,0x000000008000f201,0x3fe2650d76a3e0e0,0x0000000000000000,0x000000002ef428f8,0x0000000000765403,0x3fedd0be6c4371a2,0x00000000800049d6,0x0000000000000000,0x414fe4a76d07c84b,0x4129fe5359ce075f,0x4152076549bda512,0x0000000000000000,0x0000000000000000,0x0000000000000000,0x00000000800049d6,0x0000000001836c4a,0x00000000017867b9,0x0000000001836c4a,0x00000000017867b9,0x000000000022e915,0x0000000000000af5,0x000000000000529a,0x0000000000000b92,0x000000000000884c,0x0000000000b5ff40,0x000000000000158d
1784437851158,0x000000008000578a,0x0000000080018db0,0x0000000080007a7a,0x0000000000000000,0x00000000800191f0,0x0000000080018de0,0x0000000080018f50,0x0000000000000006,0x0000000000000006,0x0000000000000003,0x0000000000000004,0x0000000000000006,0x0000000065cffe7b,0x0000000043f14ce4,0x0000000000000000,0x0000000065cfea78,0x000000000055dc95,0x3fedd0be6c4371a2,0x0000000080004d2a,0x0000000000000000,0x4025772550fc5339,0x4129fe5359ce075f,0x4152076549bda512,0x3f8314f4c02b2a00,0x0000000000000000,0x8000000000000000,0x0000000080004d2a,0x000000000184487b,0x00000000017944ae,0x000000000184487b,0x00000000017944ae,0x000000000022faed,0x0000000000000afe,0x000000000000529a,0x0000000000000b92,0x0000000000008874,0x0000000000b669b7,0x0000000000001590
1784437852058,0x0000000080005744,0x0000000080019060,0x0000000080007a7a,0x000000000000000f,0x00000000800191f0,0x00000000800190b0,0x0000000080019310,0x00000000800191f0,0x0000000000000006,0x0000000000000006,0x0000000000000001,0x0000000000000006,0x000000008000f201,0x3fe2f49046d27721,0x0000000000000000,0xffffffffb9aef0de,0x00000000007864c6,0x3fedd0be6c4371a2,0x00000000800049d6,0x0000000000000000,0x414fe4a72141205c,0x4129fe5d57a786c2,0x41520765a676c8b4,0x3fb85cd8e2c41b82,0x0000000000000000,0x0000000000000000,0x00000000800049d6,0x000000000184ff96,0x000000000179f59b,0x000000000184ff96,0x000000000179f59b,0x0000000000230e52,0x0000000000000b00,0x000000000000529b,0x0000000000000b97,0x00000000000088c9,0x0000000000b6c213,0x0000000000001593
1784437852964,0x00000000800057ae,0x0000000080018d90,0x0000000080007a7a,0x0000000000000000,0x00000000800191f0,0x0000000080018de0,0x0000000080018f50,0x000000008000f238,0x0000000000000006,0x0000000000000006,0x0000000080018df0,0x0000000000000006,0x0000000065cffe7b,0x0000000043f14ce4,0x0000000000000000,0x0000000065cfea78,0x000000000055dc95,0x3fedd0be6c4371a2,0x0000000080004a00,0x0000000000000000,0x4025772550fc5339,0x4129fe5d57a786c2,0x41520765a676c8b4,0x8000000000000000,0x0000000000000000,0x0000000000000000,0x0000000080004a00,0x000000000185d483,0x00000000017acb00,0x000000000185d483,0x00000000017acb00,0x0000000000231fc7,0x0000000000000b09,0x000000000000529b,0x0000000000000b97,0x00000000000088e4,0x0000000000b72906,0x0000000000001596
1784437853814,0x0000000080005820,0x0000000080018ed0,0x0000000080007a7a,0x000000000000000f,0x00000000800191f0,0x0000000080018f20,0x000000008000f238,0x0000000080019310,0x0000000000000006,0x0000000000000006,0x0000000000000001,0x0000000000000003,0x000000008000f201,0x3fe3b284e83929d2,0x0000000000000000,0xffffffff9becb7fe,0x00000000004b5162,0x3fedd0be6c4371a2,0x000000008000496c,0x0000000000000000,0x414fe4a788ded289,0x4129fe4ace7d566d,0x41520768564a8c15,0x0000000000000000,0x0000000000000000,0x0000000000000000,0x000000008000496c,0x000000000186ae70,0x00000000017b9ee1,0x000000000186ae70,0x00000000017b9ee1,0x00000000002335f5,0x0000000000000b0b,0x000000000000529d,0x0000000000000ba2,0x0000000000008934,0x0000000000b791d9,0x0000000000001599
1784437854693,0x0000000080006260,0x0000000080019230,0x402a6014520d6113,0x0000000000000000,0x0000000000000000,0x0000000080019440,0x0000000080019698,0x00000000800194a0,0x000000008000f238,0x00000000800003f0,0x0000000000000003,0x0000000000000002,0x0000000020db7f7a,0x000000004e6816d4,0x0000000000000000,0x0000000020db7038,0x00000000006dd84e,0x3fedd0be6c4371a2,0x000000008000603c,0x0000000000000000,0x402b7613939a05b5,0x4129fe4ace7d566d,0x41520768564a8c15,0x0000000000000000,0x0000000000000000,0x3fbbcd404db3b2f5,0x000000008000603c,0x00000000018794be,0x00000000017c80d6,0x00000000018794be,0x00000000017c80d6,0x0000000000234d5b,0x0000000000000b15,0x000000000000529d,0x0000000000000ba3,0x000000000000896a,0x0000000000b802b7,0x000000000000159c
1784437855612,0x0000000080004ede,0x0000000080018de0,0x0000000080007a7a,0x0000000000000000,0x00000000800191f0,0x0000000080018e40,0x0000000000000001,0x000000001b03b771,0x000000003fe00000,0x40161a799b03b771,0x0000000080019118,0x0000000080019148,0xffffffffcfbb17fa,0x000000006c0eddc4,0x0000000000000000,0xffffffffcf3a00f8,0x00000000005869e6,0x3fedd0be6c4371a2,0x0000000080004e80,0x0000000000000000,0x40161a799b03b771,0x4129fe5a040b7803,0x41520760d9a6b50b,0x01a56e1fc2f8f359,0x0000000000000000,0x0000000000000000,0x0000000080004e80,0x0000000001886bea,0x00000000017d5787,0x0000000001886bea,0x00000000017d5787,0x0000000000235e7c,0x0000000000000b19,0x000000000000529f,0x0000000000000bad,0x00000000000089a0,0x0000000000b86ac7,0x000000000000159f
1784437856489,0x000000008000571c,0x0000000080019070,0x0000000080007a7a,0x000000000000000f,0x0000000080019310,0x00000000800190b0,0x0000000080019548,0x00000000800191f0,0x0000000000000006,0x00000000800191f0,0x00000000800195e8,0x0000000080019268,0x000000008000f201,0x3fe165b8299a4b1b,0x0000000000000000,0xffffffff96ad6a8e,0x0000000000744c37,0x3fedd0be6c4371a2,0x0000000080004b8c,0x0000000000000000,0x414fe4a62b74bc6a,0x4129fe5cc075f6fd,0x41520765b809d495,0x3ff0000000000000,0x0000000000000000,0x0000000000000000,0x0000000080004b8c,0x0000000001894f44,0x00000000017e3453,0x0000000001894f44,0x00000000017e3453,0x00000000002375f7,0x0000000000000b21,0x00000000000052a2,0x0000000000000bbc,0x00000000000089fd,0x0000000000b8d849,0x00000000000015a2
1784437857269,0x00000000800058f2,0x0000000080018ed0,0x0000000080007a7a,0x0000000000000000,0x00000000800191f0,0x0000000080018f20,0x00000000800193a0,0x00000000800194a0,0x0000000000000006,0x0000000000000003,0x0000000080018f50,0x0000000000000003,0x0000000065cffe7b,0x0000000043f14ce4,0x0000000000000000,0x0000000065cfea78,0x000000000055dc95,0x3fedd0be6c4371a2,0x00000000800049fc,0x0000000000000000,0x4025772550fc5339,0x4129fe5cc075f6fd,0x41520765b809d495,0x0000000000000000,0x3f9287f43dd4dd22,0x3f9287f43dd4dd22,0x00000000800049fc,0x00000000018a1000,0x00000000017ef589,0x00000000018a1000,0x00000000017ef589,0x00000000002385c7,0x0000000000000b2a,0x00000000000052a2,0x0000000000000bbc,0x0000000000008a15,0x0000000000b935c1,0x00000000000015a5
1784437857835,0x0000000080005744,0x0000000080019060,0x0000000080007a7a,0x000000000000000f,0x00000000800191f0,0x00000000800190b0,0x0000000080019310,0x00000000800191f0,0x0000000000000006,0x0000000000000006,0x00000000800191f0,0x0000000000000030,0x000000008000f201,0x3fe1dd0756de36f0,0x0000000000000000,0x00000000276885e0,0x000000000054ca75,0x3fedd0be6c4371a2,0x00000000800049c4,0x0000000000000000,0x414fe4a9dd8e2196,0x4129fe4e24f765fe,0x41520767c8f765fe,0x3fe185d1eca6d032,0x4013efc4d6ad9501,0x4013efc4d6ad9501,0x00000000800049c4,0x00000000018ac7e5,0x00000000017fa78f,0x00000000018ac7e5,0x00000000017fa78f,0x0000000000239921,0x0000000000000b2c,0x00000000000052a5,0x0000000000000bcb,0x0000000000008a68,0x0000000000b98e86,0x00000000000015a8
1784437858584,0x00000000800057ae,0x0000000080018d90,0x0000000080007a7a,0x0000000000000000,0x00000000800191f0,0x0000000080018de0,0x0000000080018f50,0x000000008000f238,0x0000000000000006,0x0000000000000006,0x0000000080018df0,0x0000000080018e10,0x0000000065cffe7b,0x0000000043f14ce4,0x0000000000000000,0x0000000065cfea78,0x000000000055dc95,0x3fedd0be6c4371a2,0x00000000800049f0,0x0000000000000000,0x4025772550fc5339,0x4129fe4e24f765fe,0x41520767c8f765fe,0x8000000000000000,0x0000000000000000,0x0000000000000000,0x00000000800049f0,0x00000000018b9f79,0x0000000001807f6e,0x00000000018b9f79,0x0000000001807f6e,0x000000000023aacc,0x0000000000000b35,0x00000000000052a5,0x0000000000000bcb,0x0000000000008a82,0x0000000000b9f6a5,0x00000000000015ab
1784437859491,0x0000000080005744,0x0000000080019060,0x0000000080007a7a,0x000000000000000f,0x00000000800191f0,0x00000000800190b0,0x0000000080019310,0x00000000800191f0,0x0000000000000006,0x0000000000000006,0x00000000800190d0,0x0000000000000005,0x000000008000f201,0x3fe490cdba72dd8c,0x0000000000000000,0xffffffff8ed26038,0x00000000006e12a1,0x3fedd0be6c4371a2,0x0000000080004988,0x0000000000000000,0x414fe4a79f525461,0x4129fe39c4a8c155,0x41520764f2027525,0x3fedd0be6c4371a1,0x0000000000000000,0x0000000000000000,0x0000000080004988,0x00000000018c711f,0x0000000001814a84,0x00000000018c711f,0x0000000001814a84,0x000000000023c057,0x0000000000000b37,0x00000000000052a7,0x0000000000000bd6,0x0000000000008ad6,0x0000000000ba5b48,0x00000000000015ae
1784437860406,0x00000000800057ae,0x0000000080018d90,0x0000000080007a7a,0x0000000000000000,0x00000000800191f0,0x0000000080018de0,0x0000000080018f50,0x000000008000f238,0x0000000000000006,0x0000000000000006,0x0000000000000005,0x0000000000000006,0x0000000065cffe7b,0x0000000043f14ce4,0x0000000000000000,0x0000000065cfea78,0x000000000055dc95,0x3fedd0be6c4371a2,0x00000000800049d6,0x0000000000000000,0x4025772550fc5339,0x4129fe39c4a8c155,0x41520764f2027525,0x8000000000000000,0x0000000000000000,0x8000000000000000,0x00000000800049d6,0x00000000018d4185,0x0000000001821b48,0x00000000018d4185,0x0000000001821b48,0x000000000023d166,0x0000000000000b40,0x00000000000052a7,0x0000000000000bd6,0x0000000000008afa,0x0000000000bac00d,0x00000000000015b1
1784437861319,0x000000008000583a,0x0000000080018ed0,0x0000000080007a7a,0x000000000000000f,0x00000000800191f0,0x0000000080018f20,0x00000000800194a0,0x000000008000f238,0x0000000000000003,0x0000000000000006,0x0000000000000000,0x0000000000000006,0x000000008000f201,0x3fe35550bcfee1fd,0x0000000000000000,0x000000007c73d638,0x000000000048974c,0x3fedd0be6c4371a2,0x00000000800049d6,0x0000000000000000,0x414fe4a55a474539,0x4129fe4baa64c2f8,0x41520763e51eb852,0x0000000000000000,0x0000000000000000,0x0000000000000000,0x00000000800049d6,0x00000000018e152e,0x000000000182e902,0x00000000018e152e,0x000000000182e902,0x000000000023e706,0x0000000000000b42,0x00000000000052a9,0x0000000000000be1,0x0000000000008b57,0x0000000000bb2603,0x00000000000015b4
1784437862199,0x0000000080006194,0x00000000800190b0,0x0000000080007a7a,0x000000000000000f,0x0000000080019530,0x0000000080019440,0x000000008000f208,0x0000000080019668,0x0000000080019548,0x00000000800002d0,0x0000000080019548,0x0000000080019668,0xffffffffde5f58ae,0xffffffffa51ec0e6,0x0000000000000000,0xffffffffde5f18ae,0x00000000004363bd,0x3fedd0be6c4371a2,0x00000000800056b6,0x0000000000000000,0x414fe4a98e0aa64c,0x4129fe5070be0ded,0x4152076844b5dcc6,0x414fe4a1ee0aa64c,0x41520765b77ae723,0x3ff0000000000000,0x00000000800056b6,0x00000000018eebc4,0x000000000183bb17,0x00000000018eebc4,0x000000000183bb17,0x000000000023fd5d,0x0000000000000b4d,0x00000000000052ac,0x0000000000000bf0,0x0000000000008bc0,0x0000000000bb9071,0x00000000000015b7
1784437863120,0x000000008000589c,0x0000000080018ed0,0x0000000080007a7a,0x0000000000000000,0x00000000800191f0,0x0000000080018f20,0x0000000080019280,0x0000000080019118,0x0000000000000006,0x0000000000000003,0x00000000800193a0,0x00000000800193a8,0x0000000065cffe7b,0x0000000043f14ce4,0x0000000000000000,0x0000000065cfea78,0x000000000055dc95,0x3fedd0be6c4371a2,0x00000000800049f0,0x0000000000000000,0x4025772550fc5339,0x4129fe5070be0ded,0x4152076844b5dcc6,0x0000000000000000,0x0000000000000000,0x0000000000000000,0x00000000800049f0,0x00000000018fc3fe,0x000000000184937b,0x00000000018fc3fe,0x000000000184937b,0x0000000000240e9b,0x0000000000000b56,0x00000000000052ac,0x0000000000000bf0,0x0000000000008bdf,0x0000000000bbf919,0x00000000000015ba
1784437863988,0x00000000800056f8,0x0000000080019060,0x0000000080007a7a,0x000000000000000f,0x0000000080019430,0x00000000800190b0,0x0000000080019548,0x000000008000f238,0x0000000000000006,0x0000000000000006,0x0000000000000005,0x0000000000000006,0x000000008000f201,0x3fe3b78b5b895219,0x0000000000000000,0xffffffff8f82a0b8,0x00000000007a979f,0x3fedd0be6c4371a2,0x000000008000496c,0x0000000000000000,0x414fe4a1de24dd2f,0x4129fe3c8f1a9fbe,0x41520765477318fc,0x0000000000000000,0x0000000000000000,0x0000000000000000,0x000000008000496c,0x00000000019096f1,0x0000000001855fe5,0x00000000019096f1,0x0000000001855fe5,0x00000000002424a6,0x0000000000000b58,0x00000000000052af,0x0000000000000bfd,0x0000000000008c2f,0x0000000000bc5e14,0x00000000000015bd
1784437864613,0x000000008000589c,0x0000000080018ed0,0x0000000080007a7a,0x0000000000000000,0x00000000800191f0,0x0000000080018f20,0x0000000080019280,0x0000000080019118,0x0000000000000006,0x0000000000000003,0x0000000000000002,0x000000000000000c,0x0000000065cffe7b,0x0000000043f14ce4,0x0000000000000000,0x0000000065cfea78,0x000000000055dc95,0x3fedd0be6c4371a2,0x0000000080004976,0x0000000000000000,0x4025772550fc5339,0x4129fe3c8f1a9fbe,0x41520765477318fc,0x402e61c980105fa6,0x0000000000000000,0x0000000000000000,0x0000000080004976,0x0000000001914443,0x0000000001860e3d,0x0000000001914443,0x0000000001860e3d,0x0000000000243270,0x0000000000000b61,0x00000000000052af,0x0000000000000bfd,0x0000000000008c4e,0x0000000000bcb2ef,0x00000000000015c0
1784437865185,0x00000000800056f8,0x0000000080019060,0x0000000080007a7a,0x000000000000000f,0x0000000080019430,0x00000000800190b0,0x0000000080019548,0x000000008000f238,0x0000000000000006,0x0000000000000006,0x000000008000f238,0x0000000000000050,0x000000008000f201,0x3fe27950dbca0a6b,0x0000000000000000,0x00000000415dd338,0x000000000073e3e9,0x3fedd0be6c4371a2,0x00000000800049c4,0x0000000000000000,0x414fe4a5de4c2f83,0x4129fe49cfc50481,0x41520767f46dc5d6,0x0000000000000000,0x0000000000000000,0x0000000000000000,0x00000000800049c4,0x000000000191fa9b,0x000000000186be56,0x000000000191fa9b,0x000000000186be56,0x000000000024462a,0x0000000000000b63,0x00000000000052b1,0x0000000000000c08,0x0000000000008c9d,0x0000000000bd0aa1,0x00000000000015c3
1784437866075,0x00000000800058f2,0x0000000080018ed0,0x0000000080007a7a,0x0000000000000000,0x00000000800191f0,0x0000000080018f20,0x00000000800193a0,0x00000000800194a0,0x0000000000000006,0x0000000000000003,0x00000000800194a0,0x0000000000000003,0x0000000065cffe7b,0x0000000043f14ce4,0x0000000000000000,0x0000000065cfea78,0x000000000055dc95,0x3fedd0be6c4371a2,0x00000000800049d0,0x0000000000000000,0x4025772550fc5339,0x4129fe49cfc50481,0x41520767f46dc5d6,0x3f9287f43dd4dd22,0x0000000000000000,0x0000000000000000,0x00000000800049d0,0x000000000192d3d5,0x0000000001879827,0x000000000192d3d5,0x0000000001879827,0x00000000002457e4,0x0000000000000b6c,0x00000000000052b1,0x0000000000000c08,0x0000000000008cc3,0x0000000000bd73aa,0x00000000000015c6
1784437866952,0x0000000080005744,0x0000000080019060,0x0000000080007a7a,0x000000000000000f,0x00000000800191f0,0x00000000800190b0,0x0000000080019310,0x00000000800191f0,0x0000000000000006,0x0000000000000006,0x0000000000000003,0x0000000000000006,0x000000008000f201,0x3fe469e8318a4875,0x0000000000000000,0x000000002b8ebab8,0x00000000004d66be,0x3fedd0be6c4371a2,0x000000008000496c,0x0000000000000000,0x414fe4a67dc5d639,0x4129fe4c42339c0f,0x41520766a5724745,0x0000000000000000,0x0000000000000000,0x0000000000000000,0x000000008000496c,0x000000000193ae6b,0x0000000001886c5a,0x000000000193ae6b,0x0000000001886c5a,0x0000000000246e1c,0x0000000000000b6e,0x00000000000052b3,0x0000000000000c13,0x0000000000008d16,0x0000000000bddc81,0x00000000000015c9
1784437867839,0x00000000800057ae,0x0000000080018d90,0x0000000080007a7a,0x0000000000000000,0x00000000800191f0,0x0000000080018de0,0x0000000080018f50,0x000000008000f238,0x0000000000000006,0x0000000000000006,0x0000000080018df0,0x00000000000000e0,0x0000000065cffe7b,0x0000000043f14ce4,0x0000000000000000,0x0000000065cfea78,0x000000000055dc95,0x3fedd0be6c4371a2,0x00000000800049ea,0x0000000000000000,0x4025772550fc5339,0x4129fe4c42339c0f,0x41520766a5724745,0x3febc7aad426d1c0,0x0000000000000000,0x402a6014520d6113,0x00000000800049ea,0x00000000019487cf,0x00000000018945e7,0x00000000019487cf,0x00000000018945e7,0x0000000000247fe6,0x0000000000000b77,0x00000000000052b3,0x0000000000000c13,0x0000000000008d3a,0x0000000000be456b,0x00000000000015cc
1784437868741,0x0000000080005744,0x0000000080019060,0x0000000080007a7a,0x000000000000000f,0x00000000800191f0,0x00000000800190b0,0x0000000080019310,0x00000000800191f0,0x0000000000000006,0x0000000000000006,0x00000000800191f0,0x0000000000000005,0x000000008000f201,0x3fe458d00461f8d8,0x0000000000000000,0xffffffffb86cb1f8,0x00000000006bcab5,0x3fedd0be6c4371a2,0x00000000800049d0,0x0000000000000000,0x414fe4a2469ad42c,0x4129fe5b3fb15b57,0x4152076b624c2f83,0x0000000000000000,0x0000000000000000,0x0000000000000000,0x00000000800049d0,0x0000000001953500,0x000000000189ece5,0x0000000001953500,0x000000000189ece5,0x000000000024927b,0x0000000000000b79,0x00000000000052b6,0x0000000000000c22,0x0000000000008d8a,0x0000000000be990f,0x00000000000015cf
1784437869636,0x00000000800057ae,0x0000000080018d90,0x0000000080007a7a,0x0000000000000000,0x00000000800191f0,0x0000000080018de0,0x0000000080018f50,0x000000008000f238,0x0000000000000006,0x0000000000000006,0x0000000000000005,0x0000000000000006,0x0000000065cffe7b,0x0000000043f14ce4,0x0000000000000000,0x0000000065cfea78,0x000000000055dc95,0x3fedd0be6c4371a2,0x0000000080004940,0x0000000000000000,0x4025772550fc5339,0x4129fe5b3fb15b57,0x4152076b624c2f83,0x3ff0000000000000,0xbfc21df5220de7cb,0x3fedd0be6c4371a1,0x0000000080004940,0x0000000001960798,0x00000000018abf87,0x0000000001960798,0x00000000018abf87,0x000000000024a3b3,0x0000000000000b82,0x00000000000052b6,0x0000000000000c22,0x0000000000008db0,0x0000000000befeb6,0x00000000000015d2
1784437870573,0x000000008000583a,0x0000000080018ed0,0x0000000080007a7a,0x000000000000000f,0x00000000800191f0,0x0000000080018f20,0x00000000800194a0,0x000000008000f238,0x0000000000000003,0x0000000000000006,0x00000000800191f0,0x0000000080019220,0x000000008000f201,0x3fe9bfe8072b0769,0x0000000000000000,0x0000000066e8605e,0x00000000006bccf1,0x3fedd0be6c4371a2,0x0000000080004982,0x0000000000000000,0x414fe4a4ff318fc5,0x4129fe4b19a6b50b,0x415207655db8bac7,0x0000000000000000,0x0000000000000000,0x0000000000000000,0x0000000080004982,0x000000000196dcb8,0x00000000018b8ee8,0x000000000196dcb8,0x00000000018b8ee8,0x000000000024b976,0x0000000000000b84,0x00000000000052b9,0x0000000000000c31,0x0000000000008df9,0x0000000000bf6578,0x00000000000015d6
1784437871378,0x0000000080006260,0x0000000080019230,0x402a6014520d6113,0x0000000000000000,0x0000000000000000,0x0000000080019440,0x0000000080019698,0x00000000800194a0,0x000000008000f238,0x00000000800003f0,0x0000000000000001,0x0000000000000006,0xffffffffb435fb7e,0xffffffffd9923dbe,0x0000000000000000,0xffffffffb431f37e,0x000000000049a1ad,0x3fedd0be6c4371a2,0x0000000080005bca,0x0000000000000000,0x4022686b76648f70,0x4129fe4b19a6b50b,0x415207655db8bac7,0x01a56e1fc2f8f359,0x0000000000000000,0x0000000000000000,0x0000000080005bca,0x0000000001978fd2,0x00000000018c40ae,0x0000000001978fd2,0x00000000018c40ae,0x000000000024c95b,0x0000000000000b8d,0x00000000000052b9,0x0000000000000c31,0x0000000000008e3f,0x0000000000bfbdb4,0x00000000000015d9
1784437871959,0x0000000080005820,0x0000000080018ed0,0x0000000080007a7a,0x000000000000000f,0x00000000800191f0,0x0000000080018f20,0x000000008000f238,0x0000000080019310,0x0000000000000006,0x0000000000000006,0x0000000000000003,0x0000000000000006,0x000000008000f201,0x3fe705de22ba309a,0x0000000000000000,0x000000007aa1f7de,0x0000000000439611,0x3fedd0be6c4371a2,0x000000008000498e,0x0000000000000000,0x414fe4a2b1724745,0x4129fe58c075f6fd,0x41520765677e9100,0x0000000000000000,0x0000000000000000,0x0000000000000000,0x000000008000498e,0x0000000001983c65,0x00000000018ce8d0,0x0000000001983c65,0x00000000018ce8d0,0x000000000024da9a,0x0000000000000b8f,0x00000000000052bb,0x0000000000000c3b,0x0000000000008e63,0x0000000000c00fdf,0x00000000000015dc
1784437872695,0x0000000080006260,0x0000000080019230,0x402a6014520d6113,0x0000000000000000,0x0000000000000000,0x0000000080019440,0x0000000080019698,0x00000000800194a0,0x000000008000f238,0x00000000800003f0,0x00000000800194a0,0x0000000000000006,0x0000000008fcdbb5,0x000000001c1aea50,0x0000000000000000,0x0000000008a4d380,0x00000000005b2684,0x3fedd0be6c4371a2,0x0000000080005cfc,0x0000000000000000,0x4026c9a10706ba94,0x4129fe58c075f6fd,0x41520765677e9100,0x01a56e1fc2f8f359,0x0000000000000000,0x0000000000000000,0x0000000080005cfc,0x0000000001991145,0x00000000018dbb18,0x0000000001991145,0x00000000018dbb18,0x000000000024ee93,0x0000000000000b98,0x00000000000052bb,0x0000000000000c3b,0x0000000000008e99,0x0000000000c07885,0x00000000000015df
1784437873609,0x000000008000589c,0x0000000080018ed0,0x0000000080007a7a,0x0000000000000000,0x00000000800191f0,0x0000000080018f20,0x0000000080019280,0x0000000080019118,0x0000000000000006,0x0000000000000003,0x0000000000000005,0x000000000000000f,0x0000000065cffe7b,0x0000000043f14ce4,0x0000000000000000,0x0000000065cfea78,0x000000000055dc95,0x3fedd0be6c4371a2,0x00000000800049da,0x0000000000000000,0x4025772550fc5339,0x4129fe43558e2196,0x41520767718c7e28,0x0000000000000000,0x0000000000000000,0x0000000000000000,0x00000000800049da,0x00000000019a0a7f,0x00000000018eb2e9,0x00000000019a0a7f,0x00000000018eb2e9,0x00000000002504be,0x0000000000000ba3,0x00000000000052bd,0x0000000000000c45,0x0000000000008ecd,0x0000000000c0f1c1,0x00000000000015e2
1784437874412,0x00000000800056f8,0x0000000080019060,0x0000000080007a7a,0x000000000000000f,0x0000000080019430,0x00000000800190b0,0x0000000080019548,0x000000008000f238,0x0000000000000006,0x0000000000000006,0x0000000080019548,0x00000000800195f8,0x000000008000f201,0x3fe486bed1b3cf34,0x0000000000000000,0xffffffff99a4b37e,0x0000000000434d5a,0x3fedd0be6c4371a2,0x00000000800049a4,0x0000000000000000,0x414fe4a5f404ea4b,0x4129fe611810624e,0x415207669cd1b717,0x3ff0000000000000,0x0000000000000000,0x0000000000000000,0x00000000800049a4,0x00000000019ab9f7,0x00000000018f5c1c,0x00000000019ab9f7,0x00000000018f5c1c,0x00000000002517e6,0x0000000000000ba5,0x00000000000052c0,0x0000000000000c53,0x0000000000008f12,0x0000000000c14629,0x00000000000015e5
1784437875294,0x00000000800057ae,0x0000000080018d90,0x0000000080007a7a,0x0000000000000000,0x00000000800191f0,0x0000000080018de0,0x0000000080018f50,0x000000008000f238,0x0000000000000006,0x0000000000000006,0x0000000080018df0,0x0000000000000030,0x0000000065cffe7b,0x0000000043f14ce4,0x0000000000000000,0x0000000065cfea78,0x000000000055dc95,0x3fedd0be6c4371a2,0x00000000800049ea,0x0000000000000000,0x4025772550fc5339,0x4129fe611810624e,0x415207669cd1b717,0x3ff0000000000000,0xbfb9a486f73efccb,0x3fe1aec7af362c5b,0x00000000800049ea,0x00000000019bb282,0x000000000190559f,0x00000000019bb282,0x000000000190559f,0x0000000000252c1f,0x0000000000000bae,0x00000000000052c0,0x0000000000000c53,0x0000000000008f2f,0x0000000000c1be14,0x00000000000015e8
1784437876175,0x0000000080005744,0x0000000080019060,0x0000000080007a7a,0x000000000000000f,0x00000000800191f0,0x00000000800190b0,0x0000000080019310,0x00000000800191f0,0x0000000000000006,0x0000000000000006,0x0000000000000003,0x0000000000000006,0x000000008000f201,0x3fe360ddf0a5067b,0x0000000000000000,0x0000000052f4b380,0x000000000051a9f2,0x3fedd0be6c4371a2,0x0000000080004a06,0x0000000000000000,0x414fe4a446978d50,0x4129fe6842d0e560,0x4152076ab7edfa44,0x0000000000000000,0x0000000000000000,0x0000000000000000,0x0000000080004a06,0x00000000019c7c5f,0x0000000001911913,0x00000000019c7c5f,0x0000000001911913,0x0000000000254111,0x0000000000000bb0,0x00000000000052c3,0x0000000000000c5f,0x0000000000008f78,0x0000000000c21f2c,0x00000000000015eb
1784437877102,0x00000000800057c6,0x0000000080018de0,0x0000000000000000,0x0000000000000000,0x0000000000000000,0x0000000080018f20,0x000000008000f238,0x0000000080018e80,0x0000000000000040,0x000000008000f358,0x000000008000f358,0x000000008000f2c8,0x0000000000000000,0x0000000000000000,0x0000000000000000,0x0000000000000000,0x3fb85cd8e2c41b82,0x3fdcf46da09c9983,0x0000000080007bb6,0x0000000000000000,0x4025772550fc5339,0x4129fe6842d0e560,0x4152076ab7edfa44,0x3ff0000000000000,0xbf847ae147ae1481,0x3fc17a1e17d07729,0x0000000080007bb6,0x00000000019d563f,0x000000000191f308,0x00000000019d563f,0x000000000191f308,0x00000000002552dd,0x0000000000000bb9,0x00000000000052c3,0x0000000000000c5f,0x0000000000008f93,0x0000000000c28837,0x00000000000015ee
1784437878013,0x000000008000583a,0x0000000080018ed0,0x0000000080007a7a,0x000000000000000f,0x00000000800191f0,0x0000000080018f20,0x00000000800194a0,0x000000008000f238,0x0000000000000003,0x0000000000000006,0x00000000800191f0,0x0000000080019230,0x000000008000f201,0x3fe71917f328cd23,0x0000000000000000,0x0000000007e74fe0,0x00000000004b054c,0x3fedd0be6c4371a2,0x0000000080004984,0x0000000000000000,0x414fe49c73923a2a,0x4129fe517930be0e,0x4152076de7d21ff3,0x0000000000000000,0x0000000000000000,0x0000000000000000,0x0000000080004984,0x00000000019e2c43,0x000000000192c32f,0x00000000019e2c43,0x000000000192c32f,0x00000000002568bc,0x0000000000000bbb,0x00000000000052c5,0x0000000000000c69,0x0000000000008fdd,0x0000000000c2ef57,0x00000000000015f1
1784437878772,0x0000000080006260,0x0000000080019230,0x402a6014520d6113,0x0000000000000000,0x0000000000000000,0x0000000080019440,0x0000000080019698,0x00000000800194a0,0x000000008000f238,0x00000000800003f0,0x000000008000f238,0x000000008000f340,0x000000000bfcf6fe,0x000000004d858052,0x0000000000000000,0x000000000b3cf2de,0x00000000006c9994,0x3fedd0be6c4371a2,0x0000000080005bfc,0x0000000000000000,0x403b266513616015,0x4129fe517930be0e,0x4152076de7d21ff3,0x01a56e1fc2f8f359,0x0000000000000000,0x0000000000000000,0x0000000080005bfc,0x00000000019ee277,0x00000000019377b7,0x00000000019ee277,0x00000000019377b7,0x00000000002579af,0x0000000000000bc4,0x00000000000052c5,0x0000000000000c69,0x000000000000900f,0x0000000000c34976,0x00000000000015f4
1784437879335,0x0000000080005820,0x0000000080018ed0,0x0000000080007a7a,0x000000000000000f,0x00000000800191f0,0x0000000080018f20,0x000000008000f238,0x0000000080019310,0x0000000000000006,0x0000000000000006,0x0000000000000003,0x0000000000000003,0x000000008000f201,0x3fede9b1d9ada24b,0x0000000000000000,0xfffffffff04d75e0,0x000000000046d2ea,0x3fedd0be6c4371a2,0x00000000800049d6,0x0000000000000000,0x414fe49ea8ef34d7,0x4129fe577f62b6ae,0x41520762e9a9fbe7,0x3fe1aec7af362c5b,0x0000000000000000,0x0000000000000000,0x00000000800049d6,0x00000000019f8bbe,0x0000000001941ce3,0x00000000019f8bbe,0x0000000001941ce3,0x00000000002589e4,0x0000000000000bc6,0x00000000000052c7,0x0000000000000c73,0x0000000000009039,0x0000000000c39987,0x00000000000015f7
1784437880080,0x0000000080006260,0x0000000080019230,0x402a6014520d6113,0x0000000000000000,0x0000000000000000,0x0000000080019440,0x0000000080019698,0x00000000800194a0,0x000000008000f238,0x00000000800003f0,0x0000000000000002,0x0000000080019440,0x000000007fdcf7df,0xffffffff92b1c8aa,0x0000000000000000,0x000000007fd0f78e,0x000000000068164f,0x3fedd0be6c4371a2,0x0000000080005cbc,0x0000000000000000,0x403a0593e4ac722b,0x4129fe577f62b6ae,0x41520762e9a9fbe7,0x01a56e1fc2f8f359,0x0000000000000000,0x0000000000000000,0x0000000080005cbc,0x0000000001a05d2f,0x000000000194ebac,0x0000000001a05d2f,0x000000000194ebac,0x0000000000259d78,0x0000000000000bcf,0x00000000000052c7,0x0000000000000c74,0x000000000000907f,0x0000000000c40078,0x00000000000015fa
1784437880967,0x0000000080009fc2,0x0000000080018dc0,0x0000000080007a7a,0x0000000000000002,0x00000000800191f0,0x0000000080018e40,0x00000000005869e6,0x0000000036076ee0,0x00000000002045fa,0x0000000000000002,0x00000000002c34f3,0x000000001fdd5e00,0x000000006c0eddc2,0x000000006c0eddc4,0x0000000000000002,0x000000006c0eddc2,0x00000000005869e6,0x3fedd0be6c4371a2,0x000000008000a116,0x403e88fa391e4302,0x403e88fa391e4302,0x4129fe45a2339c0f,0x4152076a51930be1,0x01a56e1fc2f8f359,0x0000000000000000,0x403e88fa391e4302,0x000000008000a116,0x0000000001a13f5c,0x000000000195cb79,0x0000000001a13f5c,0x000000000195cb79,0x000000000025b17e,0x0000000000000bd3,0x00000000000052ca,0x0000000000000c83,0x00000000000090ba,0x0000000000c46db3,0x00000000000015fd
1784437881838,0x00000000800056f8,0x0000000080019060,0x0000000080007a7a,0x000000000000000f,0x0000000080019430,0x00000000800190b0,0x0000000080019548,0x000000008000f238,0x0000000000000006,0x0000000000000006,0x0000000080019310,0x0000000000000003,0x000000008000f201,0x3fe8937d2f93ceaf,0x0000000000000000,0x000000006fe0ad38,0x00000000007c5e61,0x3fedd0be6c4371a2,0x00000000800049fc,0x0000000000000000,0x414fe4a31d04816f,0x4129fe31f3dd97f6,0x41520764e3a786c2,0x0000000000000000,0x0000000000000000,0x0000000000000000,0x00000000800049fc,0x0000000001a20f11,0x0000000001969499,0x0000000001a20f11,0x0000000001969499,0x000000000025c78b,0x0000000000000bdc,0x00000000000052cd,0x0000000000000c92,0x0000000000009117,0x0000000000c4d1e9,0x0000000000001600
1784437882781,0x00000000800058f2,0x0000000080018ed0,0x0000000080007a7a,0x0000000000000000,0x00000000800191f0,0x0000000080018f20,0x00000000800193a0,0x00000000800194a0,0x0000000000000006,0x0000000000000003,0x0000000000000000,0x0000000000000003,0x0000000065cffe7b,0x0000000043f14ce4,0x0000000000000000,0x0000000065cfea78,0x000000000055dc95,0x3fedd0be6c4371a2,0x0000000080004a0a,0x0000000000000000,0x4025772550fc5339,0x4129fe31f3dd97f6,0x41520764e3a786c2,0x3fc0e154af64b901,0x0000000000000000,0x0000000000000000,0x0000000080004a0a,0x0000000001a2e87d,0x0000000001976ec5,0x0000000001a2e87d,0x0000000001976ec5,0x000000000025d949,0x0000000000000be5,0x00000000000052cd,0x0000000000000c92,0x000000000000913c,0x0000000000c53b1b,0x0000000000001603
1784437883655,0x0000000080005744,0x0000000080019060,0x0000000080007a7a,0x000000000000000f,0x00000000800191f0,0x00000000800190b0,0x0000000080019310,0x00000000800191f0,0x0000000000000006,0x0000000000000006,0x0000000000000004,0x0000000000000016,0x000000008000f201,0x3fe3b9f02e9c43b7,0x0000000000000000,0xffffffffff213e4e,0x00000000006c798d,0x3fedd0be6c4371a2,0x0000000080004978,0x0000000000000000,0x414fe4a14b4a233a,0x4129fe3e3ed288ce,0x41520768954af4f1,0x3fdcf46da09c9983,0x0000000000000000,0x0000000000000000,0x0000000080004978,0x0000000001a3be1d,0x0000000001983eb0,0x0000000001a3be1d,0x0000000001983eb0,0x000000000025ef0d,0x0000000000000be7,0x00000000000052cf,0x0000000000000c9d,0x0000000000009186,0x0000000000c5a21b,0x0000000000001606
1784437884559,0x00000000800057ae,0x0000000080018d90,0x0000000080007a7a,0x0000000000000000,0x00000000800191f0,0x0000000080018de0,0x0000000080018f50,0x000000008000f238,0x0000000000000006,0x0000000000000006,0x000000008000f238,0x000000008000f2b8,0x0000000065cffe7b,0x0000000043f14ce4,0x0000000000000000,0x0000000065cfea78,0x000000000055dc95,0x3fedd0be6c4371a2,0x00000000800049c8,0x0000000000000000,0x4025772550fc5339,0x4129fe3e3ed288ce,0x41520768954af4f1,0xbf9287f43dd4dd22,0x0000000000000000,0x0000000000000000,0x00000000800049c8,0x0000000001a48f14,0x0000000001990fec,0x0000000001a48f14,0x0000000001990fec,0x0000000000260024,0x0000000000000bf0,0x00000000000052cf,0x0000000000000c9d,0x00000000000091a8,0x0000000000c6071a,0x0000000000001609
1784437885442,0x0000000080005820,0x0000000080018ed0,0x0000000080007a7a,0x000000000000000f,0x00000000800191f0,0x0000000080018f20,0x000000008000f238,0x0000000080019310,0x0000000000000006,0x0000000000000006,0x0000000080019280,0x0000000000000001,0x000000008000f201,0x3fe3bcd9c6bd30ae,0x0000000000000000,0x000000004a377d4e,0x000000000066c1c1,0x3fedd0be6c4371a2,0x00000000800049f6,0x0000000000000000,0x414fe49dbc8e8a72,0x4129fe5a9ac710cb,0x4152076786e48e8a,0x0000000000000000,0x0000000000000000,0x0000000000000000,0x00000000800049f6,0x0000000001a5652c,0x000000000199e025,0x0000000001a5652c,0x000000000199e025,0x00000000002615f6,0x0000000000000bf2,0x00000000000052d1,0x0000000000000ca8,0x00000000000091ec,0x0000000000c66e49,0x000000000000160c
1784437886079,0x0000000080006260,0x0000000080019230,0x402a6014520d6113,0x0000000000000000,0x0000000000000000,0x0000000080019440,0x0000000080019698,0x00000000800194a0,0x000000008000f238,0x00000000800003f0,0x000000008000f238,0x000000008000f350,0x000000002bea77fe,0xfffffffff6abec82,0x0000000000000000,0x000000002bea06fe,0x000000000060084e,0x3fedd0be6c4371a2,0x0000000080005bfc,0x0000000000000000,0x40280213bdaafb21,0x4129fe5a9ac710cb,0x4152076786e48e8a,0x01a56e1fc2f8f359,0x0000000000000000,0x0000000000000000,0x0000000080005bfc,0x0000000001a625c5,0x00000000019a9f7c,0x0000000001a625c5,0x00000000019a9f7c,0x000000000026265a,0x0000000000000bfb,0x00000000000052d1,0x0000000000000ca8,0x0000000000009231,0x0000000000c6cc66,0x000000000000160f
1784437886638,0x0000000080005820,0x0000000080018ed0,0x0000000080007a7a,0x000000000000000f,0x00000000800191f0,0x0000000080018f20,0x000000008000f238,0x0000000080019310,0x0000000000000006,0x0000000000000006,0x0000000000000005,0x0000000000000003,0x000000008000f201,0x3fe24dd11039aaa5,0x0000000000000000,0xffffffffb9eb75e0,0x0000000000749d80,0x3fedd0be6c4371a2,0x00000000800049b0,0x0000000000000000,0x414fe49d73d07c85,0x4129fe534ce703b0,0x4152076c0605bc02,0x0000000000000000,0x401623e8e4790c0a,0x401623e8e4790c0a,0x00000000800049b0,0x0000000001a6d4f5,0x00000000019b49ae,0x0000000001a6d4f5,0x00000000019b49ae,0x0000000000263862,0x0000000000000bfd,0x00000000000052d4,0x0000000000000cb6,0x0000000000009258,0x0000000000c71fff,0x0000000000001612
1784437887538,0x0000000080006260,0x0000000080019230,0x402a6014520d6113,0x0000000000000000,0x0000000000000000,0x0000000080019440,0x0000000080019698,0x00000000800194a0,0x000000008000f238,0x00000000800003f0,0x0000000000000001,0x0000000000000002,0xffffffffc75fed1f,0x0000000022743100,0x0000000000000000,0xffffffffc74f8000,0x0000000000755baa,0x3fedd0be6c4371a2,0x0000000080005d1a,0x0000000000000000,0x402d56ea889d0c40,0x4129fe534ce703b0,0x4152076c0605bc02,0x01a56e1fc2f8f359,0x4012207dfca3cb69,0x4012207dfca3cb69,0x0000000080005d1a,0x0000000001a7afdd,0x00000000019c2190,0x0000000001a7afdd,0x00000000019c2190,0x0000000000264d42,0x0000000000000c06,0x00000000000052d4,0x0000000000000cb6,0x0000000000009296,0x0000000000c78bb3,0x0000000000001615
1784437888425,0x000000008000589c,0x0000000080018ed0,0x0000000080007a7a,0x0000000000000000,0x00000000800191f0,0x0000000080018f20,0x0000000080019280,0x0000000080019118,0x0000000000000006,0x0000000000000003,0x0000000080019280,0x0000000000000018,0x0000000065cffe7b,0x0000000043f14ce4,0x0000000000000000,0x0000000065cfea78,0x000000000055dc95,0x3fedd0be6c4371a2,0x00000000800049a2,0x0000000000000000,0x4025772550fc5339,0x4129fe4f60ebedfa,0x4152076a5dba5e35,0x0000000000000000,0x0000000000000000,0x0000000000000000,0x00000000800049a2,0x0000000001a89b10,0x00000000019d0b19,0x0000000001a89b10,0x00000000019d0b19,0x00000000002661d6,0x0000000000000c11,0x00000000000052d7,0x0000000000000cc3,0x00000000000092db,0x0000000000c7fde9,0x0000000000001618
1784437889339,0x00000000800056f8,0x0000000080019060,0x0000000080007a7a,0x000000000000000f,0x0000000080019430,0x00000000800190b0,0x0000000080019548,0x000000008000f238,0x0000000000000006,0x0000000000000006,0x0000000080019548,0x0000000080019648,0x000000008000f201,0x3fe77e9537511b95,0x0000000000000000,0x000000005096539e,0x0000000000757bb8,0x3fedd0be6c4371a2,0x00000000800049a4,0x0000000000000000,0x414fe49dc617c1be,0x4129fe406809d495,0x4152076aa1db22d1,0x0000000000000000,0x0000000000000000,0x0000000000000000,0x00000000800049a4,0x0000000001a96d8a,0x00000000019dd6e5,0x0000000001a96d8a,0x00000000019dd6e5,0x00000000002677df,0x0000000000000c13,0x00000000000052d9,0x0000000000000ccd,0x0000000000009328,0x0000000000c8628e,0x000000000000161b
1784437890188,0x00000000800057ae,0x0000000080018d90,0x0000000080007a7a,0x0000000000000000,0x00000000800191f0,0x0000000080018de0,0x0000000080018f50,0x000000008000f238,0x0000000000000006,0x0000000000000006,0x0000000000000003,0x0000000000000006,0x0000000065cffe7b,0x0000000043f14ce4,0x0000000000000000,0x0000000065cfea78,0x000000000055dc95,0x3fedd0be6c4371a2,0x00000000800049b0,0x0000000000000000,0x4025772550fc5339,0x4129fe406809d495,0x4152076aa1db22d1,0x8000000000000000,0x4012207dfca3cb69,0x4012207dfca3cb69,0x00000000800049b0,0x0000000001aa4536,0x00000000019eb00d,0x0000000001aa4536,0x00000000019eb00d,0x0000000000268967,0x0000000000000c1c,0x00000000000052d9,0x0000000000000ccd,0x0000000000009349,0x0000000000c8cb3c,0x000000000000161e
1784437891072,0x0000000080005744,0x0000000080019060,0x0000000080007a7a,0x000000000000000f,0x00000000800191f0,0x00000000800190b0,0x0000000080019310,0x00000000800191f0,0x0000000000000006,0x0000000000000006,0x00000000800190d0,0x00000000800191a8,0x000000008000f201,0x3fe8ac07ecd820dc,0x0000000000000000,0xffffffffd6e79be0,0x00000000006b4f03,0x3fedd0be6c4371a2,0x00000000800049f0,0x0000000000000000,0x414fe49dc2ee6320,0x4129fe3e4d1b7176,0x4152076b9b1c432d,0x0000000000000000,0x0000000000000000,0x0000000000000000,0x00000000800049f0,0x0000000001ab12e3,0x00000000019f7797,0x0000000001ab12e3,0x00000000019f7797,0x0000000000269ea9,0x0000000000000c1e,0x00000000000052db,0x0000000000000cd7,0x0000000000009399,0x0000000000c92e41,0x0000000000001621
1784437891976,0x00000000800057ae,0x0000000080018d90,0x0000000080007a7a,0x0000000000000000,0x00000000800191f0,0x0000000080018de0,0x0000000080018f50,0x000000008000f238,0x0000000000000006,0x0000000000000006,0x0000000080018df0,0x0000000000000004,0x0000000065cffe7b,0x0000000043f14ce4,0x0000000000000000,0x0000000065cfea78,0x000000000055dc95,0x3fedd0be6c4371a2,0x0000000080004988,0x0000000000000000,0x4025772550fc5339,0x4129fe3e4d1b7176,0x4152076b9b1c432d,0x3febc7aad426d1c0,0x0000000000000000,0x0000000000000000,0x0000000080004988,0x0000000001abe31c,0x0000000001a04839,0x0000000001abe31c,0x0000000001a04839,0x000000000026afb3,0x0000000000000c27,0x00000000000052db,0x0000000000000cd7,0x00000000000093b5,0x0000000000c992f6,0x0000000000001624
1784437892733,0x0000000080005744,0x0000000080019060,0x0000000080007a7a,0x000000000000000f,0x00000000800191f0,0x00000000800190b0,0x0000000080019310,0x00000000800191f0,0x0000000000000006,0x0000000000000006,0x00000000800191f0,0x0000000080019268,0x000000008000f201,0x3feaa024398d1292,0x0000000000000000,0x000000007498ed2e,0x00000000007ecdfb,0x3fedd0be6c4371a2,0x00000000800049c8,0x0000000000000000,0x414fe49f5da5119d,0x4129fe4d1a5e353f,0x41520767c032ca58,0x0000000000000000,0x0000000000000000,0x0000000000000000,0x00000000800049c8,0x0000000001ac920c,0x0000000001a0f140,0x0000000001ac920c,0x0000000001a0f140,0x000000000026c26c,0x0000000000000c29,0x00000000000052de,0x0000000000000ce5,0x0000000000009406,0x0000000000c9e79f,0x0000000000001627
1784437893294,0x00000000800057ae,0x0000000080018d90,0x0000000080007a7a,0x0000000000000000,0x00000000800191f0,0x0000000080018de0,0x0000000080018f50,0x000000008000f238,0x0000000000000006,0x0000000000000006,0x0000000080018df0,0x0000000080018e30,0x0000000065cffe7b,0x0000000043f14ce4,0x0000000000000000,0x0000000065cfea78,0x000000000055dc95,0x3fedd0be6c4371a2,0x00000000800049f0,0x0000000000000000,0x4025772550fc5339,0x4129fe4d1a5e353f,0x41520767c032ca58,0x3ff0000000000000,0x0000000000000000,0x0000000000000000,0x00000000800049f0,0x0000000001ad3ca5,0x0000000001a19ca8,0x0000000001ad3ca5,0x0000000001a19ca8,0x000000000026d067,0x0000000000000c32,0x00000000000052de,0x0000000000000ce5,0x0000000000009422,0x0000000000ca3acc,0x000000000000162a
1784437894068,0x0000000080005806,0x0000000080018ee0,0x0000000080007a7a,0x000000000000000f,0x00000000800191f0,0x0000000080018f20,0x00000000800194a0,0x0000000080019310,0x0000000000000003,0x0000000080019310,0x0000000080019510,0x0000000080019350,0x000000008000f201,0x3fe779c8a70c30d6,0x0000000000000000,0xffffffffbed22bf8,0x000000000044e894,0x3fedd0be6c4371a2,0x0000000080004b8e,0x0000000000000000,0x414fe49d5b81d7dc,0x4129fe517c84b5dd,0x4152076b03b645a2,0x3fc17a1e17d07729,0x3fc17a1e17d07729,0x0000000000000000,0x0000000080004b8e,0x0000000001ae149f,0x0000000001a26e6d,0x0000000001ae149f,0x0000000001a26e6d,0x000000000026e672,0x0000000000000c34,0x00000000000052e1,0x0000000000000cf3,0x000000000000946e,0x0000000000caa29a,0x000000000000162d
1784437894969,0x0000000080006260,0x0000000080019230,0x402a6014520d6113,0x0000000000000000,0x0000000000000000,0x0000000080019440,0x0000000080019698,0x00000000800194a0,0x000000008000f238,0x00000000800003f0,0x0000000000000001,0x0000000000000001,0xffffffffa2f2fdbe,0xffffffffa1c6e50e,0x0000000000000000,0xffffffffa2b2f99e,0x00000000005ae365,0x3fedd0be6c4371a2,0x0000000080005c2c,0x0000000000000000,0x4016b8d96871b944,0x4129fe517c84b5dd,0x4152076b03b645a2,0x01a56e1fc2f8f359,0x0000000000000000,0x0000000000000000,0x0000000080005c2c,0x0000000001aeeade,0x0000000001a34351,0x0000000001aeeade,0x0000000001a34351,0x000000000026f8e3,0x0000000000000c3d,0x00000000000052e1,0x0000000000000cf3,0x00000000000094ad,0x0000000000cb0b16,0x0000000000001630
1784437895874,0x0000000080005850,0x0000000080018ed0,0x0000000080007a7a,0x000000000000000f,0x00000000800191f0,0x0000000080018f20,0x00000000800191f0,0x0000000080019310,0x0000000000000003,0x0000000000000006,0x00000000800191a8,0x0000000000000000,0x000000008000f201,0x3fe86a37c1a13589,0x0000000000000000,0xfffffffffda8e780,0x00000000007e376b,0x3fedd0be6c4371a2,0x0000000080004980,0x0000000000000000,0x414fe49b7ca2339c,0x4129fe4211758e22,0x4152076ad3559b3d,0x0000000000000000,0x401623e8e4790c0a,0x401623e8e4790c0a,0x0000000080004980,0x0000000001afc436,0x0000000001a417a5,0x0000000001afc436,0x0000000001a417a5,0x0000000000270e0e,0x0000000000000c3f,0x00000000000052e3,0x0000000000000cfd,0x00000000000094d7,0x0000000000cb725f,0x0000000000001633
1784437896800,0x00000000800056f8,0x0000000080019060,0x0000000080007a7a,0x000000000000000f,0x0000000080019430,0x00000000800190b0,0x0000000080019548,0x000000008000f238,0x0000000000000006,0x0000000000000006,0x0000000080019310,0x0000000080019378,0x000000008000f201,0x3fe8c7035667780a,0x0000000000000000,0x000000000796bc6e,0x00000000005768ba,0x3fedd0be6c4371a2,0x0000000080004982,0x0000000000000000,0x414fe49da4e3bcd3,0x4129fe534793dd98,0x415207673da5119d,0x0000000000000000,0x0000000000000000,0x0000000000000000,0x0000000080004982,0x0000000001b097f1,0x0000000001a4e723,0x0000000001b097f1,0x0000000001a4e723,0x0000000000272424,0x0000000000000c4a,0x00000000000052e5,0x0000000000000d07,0x0000000000009538,0x0000000000cbdb90,0x0000000000001636
1784437897687,0x000000008000589c,0x0000000080018ed0,0x0000000080007a7a,0x0000000000000000,0x00000000800191f0,0x0000000080018f20,0x0000000080019280,0x0000000080019118,0x0000000000000006,0x0000000000000003,0x0000000000000001,0x0000000000000003,0x0000000065cffe7b,0x0000000043f14ce4,0x0000000000000000,0x0000000065cfea78,0x000000000055dc95,0x3fedd0be6c4371a2,0x00000000800049b0,0x0000000000000000,0x4025772550fc5339,0x4129fe534793dd98,0x415207673da5119d,0x3fe1aec7af362c5b,0x0000000000000000,0x0000000000000000,0x00000000800049b0,0x0000000001b16353,0x0000000001a5b2f8,0x0000000001b16353,0x0000000001a5b2f8,0x0000000000273462,0x0000000000000c53,0x00000000000052e5,0x0000000000000d07,0x000000000000955f,0x0000000000cc3e51,0x0000000000001639
1784437898588,0x0000000080005744,0x0000000080019060,0x0000000080007a7a,0x000000000000000f,0x00000000800191f0,0x00000000800190b0,0x0000000080019310,0x00000000800191f0,0x0000000000000006,0x0000000000000006,0x0000000080019310,0x0000000080019338,0x000000008000f201,0x3fe49604f7e91061,0x0000000000000000,0x00000000070f8a38,0x0000000000535445,0x3fedd0be6c4371a2,0x00000000800049a4,0x0000000000000000,0x414fe49f1f4f0d84,0x4129fe5c219652bd,0x4152076cad1b7176,0x0000000000000000,0x0000000000000000,0x0000000000000000,0x00000000800049a4,0x0000000001b23d4f,0x0000000001a68746,0x0000000001b23d4f,0x0000000001a68746,0x0000000000274ae4,0x0000000000000c55,0x00000000000052e8,0x0000000000000d16,0x00000000000095ab,0x0000000000cca6f8,0x000000000000163c
1784437899452,0x000000008000578a,0x0000000080018db0,0x0000000080007a7a,0x0000000000000000,0x00000000800191f0,0x0000000080018de0,0x0000000080018f50,0x0000000000000006,0x0000000000000006,0x0000000000000003,0x0000000000000002,0x0000000000000000,0x0000000065cffe7b,0x0000000043f14ce4,0x0000000000000000,0x0000000065cfea78,0x000000000055dc95,0x3fedd0be6c4371a2,0x0000000080004cce,0x0000000000000000,0x4025772550fc5339,0x4129fe5c219652bd,0x4152076cad1b7176,0x3f8314f4c02b2a00,0x0000000000000000,0x8000000000000000,0x0000000080004cce,0x0000000001b30178,0x0000000001a74b4c,0x0000000001b30178,0x0000000001a74b4c,0x0000000000275afc,0x0000000000000c5e,0x00000000000052e8,0x0000000000000d16,0x00000000000095ce,0x0000000000cd05bc,0x000000000000163f
1784437900009,0x0000000080005744,0x0000000080019060,0x0000000080007a7a,0x000000000000000f,0x00000000800191f0,0x00000000800190b0,0x0000000080019310,0x00000000800191f0,0x0000000000000006,0x0000000000000006,0x00000000800190d0,0x0000000000000005,0x000000008000f201,0x3fe73ce81c79051a,0x0000000000000000,0xffffffffd53b4ce0,0x00000000007ff95f,0x3fedd0be6c4371a2,0x00000000800049fc,0x0000000000000000,0x414fe49cc813a92a,0x4129fe5342d0e560,0x4152076740af4f0e,0x0000000000000000,0x4016207f14426f07,0x4016207f14426f07,0x00000000800049fc,0x0000000001b3ad65,0x0000000001a7f1bd,0x0000000001b3ad65,0x0000000001a7f1bd,0x0000000000276d66,0x0000000000000c60,0x00000000000052e9,0x0000000000000d1a,0x000000000000961d,0x0000000000cd593b,0x0000000000001642
1784437900633,0x00000000800057ae,0x0000000080018d90,0x0000000080007a7a,0x0000000000000000,0x00000000800191f0,0x0000000080018de0,0x0000000080018f50,0x000000008000f238,0x0000000000000006,0x0000000000000006,0x0000000080018df0,0x0000000000000018,0x0000000065cffe7b,0x0000000043f14ce4,0x0000000000000000,0x0000000065cfea78,0x000000000055dc95,0x3fedd0be6c4371a2,0x0000000080004954,0x0000000000000000,0x4025772550fc5339,0x4129fe5342d0e560,0x4152076740af4f0e,0x8000000000000000,0x0000000000000000,0x0000000000000000,0x0000000080004954,0x0000000001b481fd,0x0000000001a8c66b,0x0000000001b481fd,0x0000000001a8c66b,0x0000000000277ec8,0x0000000000000c69,0x00000000000052e9,0x0000000000000d1a,0x0000000000009642,0x0000000000cdbfd9,0x0000000000001645
1784437901534,0x0000000080005744,0x0000000080019060,0x0000000080007a7a,0x000000000000000f,0x00000000800191f0,0x00000000800190b0,0x0000000080019310,0x00000000800191f0,0x0000000000000006,0x0000000000000006,0x0000000000000005,0x000000000000001e,0x000000008000f201,0x3fe2dafb52f6c1f3,0x0000000000000000,0x000000007336e000,0x000000000057cd2e,0x3fedd0be6c4371a2,0x0000000080004992,0x0000000000000000,0x414fe49afae7d567,0x4129fe5e7f212d77,0x415207668d0624dd,0x0000000000000000,0x0000000000000000,0x0000000000000000,0x0000000080004992,0x0000000001b55321,0x0000000001a99179,0x0000000001b55321,0x0000000001a99179,0x0000000000279458,0x0000000000000c6b,0x00000000000052e9,0x0000000000000d1a,0x000000000000968b,0x0000000000ce247a,0x0000000000001648
1784437902445,0x0000000080009fc2,0x0000000080019420,0x402a6014520d6113,0x0000000040000000,0x0000000000000000,0x0000000080019700,0x000000000048c731,0xffffffff80000000,0x0000000000532ca5,0x0000000000000004,0x0000000000246398,0xffffffffef000000,0x0000000040000000,0x0000000000000000,0x000000000000001f,0x0000000040000000,0x000000000048c731,0x3fedd0be6c4371a2,0x000000008000a0fc,0x4074b0a6e06406ef,0x4074b0a6e06406ef,0x4129fe5e7f212d77,0x415207668d0624dd,0x3ff0000000000000,0x40517fd2e17c21f0,0x4074b0a6e06406ef,0x000000008000a0fc,0x0000000001b62c72,0x0000000001aa6aa2,0x0000000001b62c72,0x0000000001aa6aa2,0x000000000027a614,0x0000000000000c74,0x00000000000052e9,0x0000000000000d1a,0x00000000000096b8,0x0000000000ce8d7a,0x000000000000164b
1784437903373,0x0000000080005850,0x0000000080018ed0,0x0000000080007a7a,0x000000000000000f,0x00000000800191f0,0x0000000080018f20,0x00000000800191f0,0x0000000080019310,0x0000000000000003,0x0000000000000006,0x00000000800191a8,0x0000000000000006,0x000000008000f201,0x3fdc138b003bee92,0x0000000000000000,0xffffffffe055a0ae,0x0000000000697388,0x3fedd0be6c4371a2,0x0000000080004a00,0x0000000000000000,0x414fe498d449ba5e,0x4129fe51d532617c,0x4152076929a36e2f,0x0000000000000000,0x0000000000000000,0x0000000000000000,0x0000000080004a00,0x0000000001b712a3,0x0000000001ab4b12,0x0000000001b712a3,0x0000000001ab4b12,0x000000000027bd40,0x0000000000000c76,0x00000000000052ea,0x0000000000000d1e,0x00000000000096f7,0x0000000000cefbf8,0x000000000000164e
1784437904273,0x00000000800056f8,0x0000000080019060,0x0000000080007a7a,0x000000000000000f,0x0000000080019430,0x00000000800190b0,0x0000000080019548,0x000000008000f238,0x0000000000000006,0x0000000000000006,0x000000008000f238,0x000000008000f2e8,0x000000008000f201,0x3fd9ae37b9273f6f,0x0000000000000000,0xffffffffbc6c2c8e,0x000000000073b4fc,0x3fedd0be6c4371a2,0x00000000800049c6,0x0000000000000000,0x414fe499f21cac08,0x4129fe3e1cac0831,0x4152076f2d54c986,0x3ff0000000000000,0x0000000000000000,0x0000000000000000,0x00000000800049c6,0x0000000001b7e9f9,0x0000000001ac1e16,0x0000000001b7e9f9,0x0000000001ac1e16,0x000000000027d39c,0x0000000000000c81,0x00000000000052eb,0x0000000000000d22,0x0000000000009758,0x0000000000cf66e5,0x0000000000001651
1784437905088,0x00000000800058f2,0x0000000080018ed0,0x0000000080007a7a,0x0000000000000000,0x00000000800191f0,0x0000000080018f20,0x00000000800193a0,0x00000000800194a0,0x0000000000000006,0x0000000000000003,0x0000000080018f50,0x0000000080019060,0x0000000065cffe7b,0x0000000043f14ce4,0x0000000000000000,0x0000000065cfea78,0x000000000055dc95,0x3fedd0be6c4371a2,0x00000000800049f0,0x0000000000000000,0x4025772550fc5339,0x4129fe3e1cac0831,0x4152076f2d54c986,0x3f8314f4c02b2a00,0x0000000000000000,0x3f8314f4c02b2a00,0x00000000800049f0,0x0000000001b8d6d2,0x0000000001ad0b6c,0x0000000001b8d6d2,0x0000000001ad0b6c,0x000000000027e6f0,0x0000000000000c8a,0x00000000000052eb,0x0000000000000d22,0x0000000000009783,0x0000000000cfd917,0x0000000000001654
1784437905947,0x0000000080005744,0x0000000080019060,0x0000000080007a7a,0x000000000000000f,0x00000000800191f0,0x00000000800190b0,0x0000000080019310,0x00000000800191f0,0x0000000000000006,0x0000000000000006,0x00000000800191f0,0x0000000080019218,0x000000008000f201,0x3fe2da85fc7f42bc,0x0000000000000000,0xffffffffc5b949de,0x00000000005e9442,0x3fedd0be6c4371a2,0x00000000800049c6,0x0000000000000000,0x414fe49978adab9f,0x4129fe463bc01a37,0x415207669b141206,0x0000000000000000,0x0000000000000000,0x0000000000000000,0x00000000800049c6,0x0000000001b9a5ff,0x0000000001add4ab,0x0000000001b9a5ff,0x0000000001add4ab,0x000000000027fc37,0x0000000000000c8c,0x00000000000052ee,0x0000000000000d30,0x00000000000097cb,0x0000000000d03cdf,0x0000000000001657
1784437906844,0x0000000080005794,0x0000000080018db0,0x0000000080007a7a,0x0000000000000000,0x00000000800191f0,0x0000000080018de0,0x0000000080018f50,0x0000000000000006,0x0000000000000006,0x0000000000000003,0x0000000080018f50,0x00000000000000a8,0x0000000065cffe7b,0x0000000043f14ce4,0x0000000000000000,0x0000000065cfea78,0x000000000055dc95,0x3fedd0be6c4371a2,0x0000000080004daa,0x0000000000000000,0x4025772550fc5339,0x4129fe463bc01a37,0x415207669b141206,0x3f8314f4c02b2a00,0x8000000000000000,0x3fea330ae25af21c,0x0000000080004daa,0x0000000001ba538a,0x0000000001ae8295,0x0000000001ba538a,0x0000000001ae8295,0x0000000000280a5d,0x0000000000000c95,0x00000000000052ee,0x0000000000000d30,0x00000000000097f3,0x0000000000d09137,0x000000000000165a
1784437907399,0x0000000080005744,0x0000000080019060,0x0000000080007a7a,0x000000000000000f,0x00000000800191f0,0x00000000800190b0,0x0000000080019310,0x00000000800191f0,0x0000000000000006,0x0000000000000006,0x0000000080019310,0x0000000080019340,0x000000008000f201,0x3fdb5a1b67edc9d0,0x0000000000000000,0xffffffffe8cf70e0,0x000000000064b31d,0x3fedd0be6c4371a2,0x00000000800049a4,0x0000000000000000,0x414fe49c8da1cac1,0x4129fe489f6fd220,0x4152076c8d59b3d0,0x0000000000000000,0x0000000000000000,0x0000000000000000,0x00000000800049a4,0x0000000001bb03ec,0x0000000001af2cef,0x0000000001bb03ec,0x0000000001af2cef,0x0000000000281d3a,0x0000000000000c97,0x00000000000052f0,0x0000000000000d3a,0x0000000000009847,0x0000000000d0e683,0x000000000000165d
1784437908023,0x00000000800057ae,0x0000000080018d90,0x0000000080007a7a,0x0000000000000000,0x00000000800191f0,0x0000000080018de0,0x0000000080018f50,0x000000008000f238,0x0000000000000006,0x0000000000000006,0x0000000000000002,0x0000000000000006,0x0000000065cffe7b,0x0000000043f14ce4,0x0000000000000000,0x0000000065cfea78,0x000000000055dc95,0x3fedd0be6c4371a2,0x0000000080004976,0x0000000000000000,0x4025772550fc5339,0x4129fe489f6fd220,0x4152076c8d59b3d0,0x3ff0000000000000,0x0000000000000000,0x0000000000000000,0x0000000080004976,0x0000000001bbd6e0,0x0000000001b0002e,0x0000000001bbd6e0,0x0000000001b0002e,0x0000000000282e7f,0x0000000000000ca0,0x00000000000052f0,0x0000000000000d3a,0x0000000000009869,0x0000000000d14c72,0x0000000000001660
1784437908926,0x0000000080005820,0x0000000080018ed0,0x0000000080007a7a,0x000000000000000f,0x00000000800191f0,0x0000000080018f20,0x000000008000f238,0x0000000080019310,0x0000000000000006,0x0000000000000006,0x0000000000000000,0x0000000000000006,0x000000008000f201,0x3fe0253f7884da52,0x0000000000000000,0x000000006b5ccb80,0x00000000005af868,0x3fedd0be6c4371a2,0x000000008000494c,0x0000000000000000,0x414fe49e36fd21ff,0x4129fe49f212d773,0x415207687e1cac08,0x0000000000000000,0x0000000000000000,0x0000000000000000,0x000000008000494c,0x0000000001bcb8b9,0x0000000001b0dc0f,0x0000000001bcb8b9,0x0000000001b0dc0f,0x0000000000284550,0x0000000000000ca2,0x00000000000052f2,0x0000000000000d44,0x00000000000098ba,0x0000000000d1b922,0x0000000000001663
1784437909797,0x0000000080006260,0x0000000080019230,0x402a6014520d6113,0x0000000000000000,0x0000000000000000,0x0000000080019440,0x0000000080019698,0x00000000800194a0,0x000000008000f238,0x00000000800003f0,0x0000000000000002,0x000000000000000c,0xffffffffb9fbef7b,0xffffffffae7ba05c,0x0000000000000000,0xffffffffb9926f78,0x00000000006af6d1,0x3fedd0be6c4371a2,0x0000000080005bc4,0x0000000000000000,0x402abdb46b9ee817,0x4129fe49f212d773,0x415207687e1cac08,0x01a56e1fc2f8f359,0x0000000000000000,0x0000000000000000,0x0000000080005bc4,0x0000000001bd8ee3,0x0000000001b1b023,0x0000000001bd8ee3,0x0000000001b1b023,0x00000000002858ee,0x0000000000000cab,0x00000000000052f2,0x0000000000000d44,0x00000000000098f5,0x0000000000d22240,0x0000000000001666
1784437910687,0x0000000080005850,0x0000000080018ed0,0x0000000080007a7a,0x000000000000000f,0x00000000800191f0,0x0000000080018f20,0x00000000800191f0,0x0000000080019310,0x0000000000000003,0x0000000000000006,0x0000000000000003,0x000000000000000f,0x000000008000f201,0x3fda984b748b18a9,0x0000000000000000,0xffffffffd98c71fe,0x0000000000608511,0x3fedd0be6c4371a2,0x000000008000499c,0x0000000000000000,0x414fe4975d3c3611,0x4129fe48f119ce07,0x4152076ef104816f,0x0000000000000000,0x0000000000000000,0x0000000000000000,0x000000008000499c,0x0000000001be68b6,0x0000000001b285a4,0x0000000001be68b6,0x0000000001b285a4,0x0000000000286d02,0x0000000000000cad,0x00000000000052f5,0x0000000000000d53,0x0000000000009917,0x0000000000d2890f,0x0000000000001669
1784437911585,0x00000000800056f8,0x0000000080019060,0x0000000080007a7a,0x000000000000000f,0x0000000080019430,0x00000000800190b0,0x0000000080019548,0x000000008000f238,0x0000000000000006,0x0000000000000006,0x0000000000000002,0x000000000000000e,0x000000008000f201,0x3fe264609b9cb118,0x0000000000000000,0xffffffff88ddd378,0x0000000000727a43,0x3fedd0be6c4371a2,0x000000008000497a,0x0000000000000000,0x414fe496893dd97f,0x4129fe455a36e2eb,0x4152076b71a9fbe7,0x0000000000000000,0x0000000000000000,0x0000000000000000,0x000000008000497a,0x0000000001bf33d3,0x0000000001b34c8a,0x0000000001bf33d3,0x0000000001b34c8a,0x0000000000288264,0x0000000000000cb8,0x00000000000052f8,0x0000000000000d60,0x0000000000009970,0x0000000000d2ee37,0x000000000000166c
1784437912483,0x00000000800058f2,0x0000000080018ed0,0x0000000080007a7a,0x0000000000000000,0x00000000800191f0,0x0000000080018f20,0x00000000800193a0,0x00000000800194a0,0x0000000000000006,0x0000000000000003,0x0000000000000000,0x0000000000000000,0x0000000065cffe7b,0x0000000043f14ce4,0x0000000000000000,0x0000000065cfea78,0x000000000055dc95,0x3fedd0be6c4371a2,0x000000008000499c,0x0000000000000000,0x4025772550fc5339,0x4129fe455a36e2eb,0x4152076b71a9fbe7,0x0000000000000000,0x0000000000000000,0x0000000000000000,0x000000008000499c,0x0000000001c0085f,0x0000000001b421da,0x0000000001c0085f,0x0000000001b421da,0x00000000002893c5,0x0000000000000cc1,0x00000000000052f8,0x0000000000000d60,0x0000000000009987,0x0000000000d3552f,0x000000000000166f
1784437913395,0x0000000080005744,0x0000000080019060,0x0000000080007a7a,0x000000000000000f,0x00000000800191f0,0x00000000800190b0,0x0000000080019310,0x00000000800191f0,0x0000000000000006,0x0000000000000006,0x0000000000000003,0x0000000000000001,0x000000008000f201,0x3fe278ed6776c851,0x0000000000000000,0xffffffff93c1ad7e,0x000000000041ebaa,0x3fedd0be6c4371a2,0x0000000080004966,0x0000000000000000,0x414fe49acfc1bda5,0x4129fe3e9bc01a37,0x4152076cc0be0ded,0x0000000000000000,0x0000000000000000,0x0000000000000000,0x0000000080004966,0x0000000001c0dd28,0x0000000001b4f0de,0x0000000001c0dd28,0x0000000001b4f0de,0x000000000028a97a,0x0000000000000cc3,0x00000000000052fa,0x0000000000000d6b,0x00000000000099e1,0x0000000000d3bbb0,0x0000000000001672
1784437914266,0x00000000800058f2,0x0000000080018ed0,0x0000000080007a7a,0x0000000000000000,0x00000000800191f0,0x0000000080018f20,0x00000000800193a0,0x00000000800194a0,0x0000000000000006,0x0000000000000003,0x0000000000000001,0x0000000000000006,0x0000000065cffe7b,0x0000000043f14ce4,0x0000000000000000,0x0000000065cfea78,0x000000000055dc95,0x3fedd0be6c4371a2,0x00000000800049b0,0x0000000000000000,0x4025772550fc5339,0x4129fe3e9bc01a37,0x4152076cc0be0ded,0x3fc733d476943792,0x0000000000000000,0x0000000000000000,0x00000000800049b0,0x0000000001c1887e,0x0000000001b59c84,0x0000000001c1887e,0x0000000001b59c84,0x000000000028b798,0x0000000000000ccc,0x00000000000052fa,0x0000000000000d6b,0x00000000000099fb,0x0000000000d40f0b,0x0000000000001675
1784437914831,0x00000000800056f8,0x0000000080019060,0x0000000080007a7a,0x000000000000000f,0x0000000080019430,0x00000000800190b0,0x0000000080019548,0x000000008000f238,0x0000000000000006,0x0000000000000006,0x0000000000000004,0x0000000000000018,0x000000008000f201,0x3fe3ee53899bdcb7,0x0000000000000000,0xffffffffb6abac0e,0x00000000005c7afc,0x3fedd0be6c4371a2,0x00000000800049da,0x0000000000000000,0x414fe49ac3333333,0x4129fe46d8793dd9,0x4152076be5460aa6,0x0000000000000000,0x0000000000000000,0x0000000000000000,0x00000000800049da,0x0000000001c236fc,0x0000000001b644b9,0x0000000001c236fc,0x0000000001b644b9,0x000000000028ca50,0x0000000000000cce,0x00000000000052fc,0x0000000000000d76,0x0000000000009a4e,0x0000000000d46354,0x0000000000001678
1784437915459,0x00000000800058f2,0x0000000080018ed0,0x0000000080007a7a,0x0000000000000000,0x00000000800191f0,0x0000000080018f20,0x00000000800193a0,0x00000000800194a0,0x0000000000000006,0x0000000000000003,0x0000000080018f50,0x0000000000000000,0x0000000065cffe7b,0x0000000043f14ce4,0x0000000000000000,0x0000000065cfea78,0x000000000055dc95,0x3fedd0be6c4371a2,0x0000000080004a00,0x0000000000000000,0x4025772550fc5339,0x4129fe46d8793dd9,0x4152076be5460aa6,0x3fc0e154af64b901,0x0000000000000000,0x0000000000000000,0x0000000080004a00,0x0000000001c30a70,0x0000000001b7190b,0x0000000001c30a70,0x0000000001b7190b,0x000000000028db94,0x0000000000000cd7,0x00000000000052fc,0x0000000000000d76,0x0000000000009a6c,0x0000000000d4c9c2,0x000000000000167b
1784437916358,0x00000000800066d4,0x0000000080019700,0x402a6014520d6113,0x0000000000000000,0x0000000000000000,0x00000000800199a0,0x0000000020000004,0x000000000000000a,0x000000008000f3a8,0x000000008000f3a8,0x00000000000008eb,0x0000000004c4b3ff,0x000000007fa8fefe,0xffffffffbfa8145e,0x0000000000000000,0x000000007f8096be,0x00000000006d307b,0x3fedd0be6c4371a2,0x00000000800066dc,0x0000000000000000,0x402b4c1eefea0518,0x4129fe46d8793dd9,0x4152076be5460aa6,0x01a56e1fc2f8f359,0x3ff0000000000000,0x402b4c1eefea0518,0x00000000800066dc,0x0000000001c3d7af,0x0000000001b7f159,0x0000000001c3d7af,0x0000000001b7f159,0x000000000028e971,0x0000000000000cd9,0x000000000000530c,0x0000000000000d89,0x0000000000009ab4,0x0000000000d549be,0x0000000000001684
