timestamp_ms,label,ra,sp,gp,tp,t0,t1,t2,fp,s1,a0,a1,a2,a3,a4,a5,a6,a7,s2,s6,s7,s8,s9,t3,t4,t5,t6,pc,ft0,ft1,ft2,ft3,ft4,fs0,fa0,fa1,fa2,fa3,fa4,fa5,fflags,fcsr,sstatus,mstatus,misa,mtvec,mepc,mcause,mtval,mip,tdata1,tinfo,dcsr,dpc,dscratch0,mcycle,minstret,cycle,instret,hpmcounter3,hpmcounter4,hpmcounter5,hpmcounter6,hpmcounter7,hpmcounter8,hpmcounter9,hpmcounter10,vtype,vlenb,mvendorid,marchid,mimpid,priv
1783626839121,b,0x00000000800056f8,0x0000000080019060,0x000000008000f190,0x000000008000f1c0,0x0000000080007a7a,0x000000000000000f,0x0000000080019430,0x00000000800190b0,0x0000000080019530,0x0000000080019548,0x000000008000f238,0x0000000000000006,0x0000000000000006,0x0000000080019310,0x0000000080019368,0x000000008000f201,0x3fe182e3f07a9a0a,0x0000000000000006,0x000000008000f200,0x0000000000000001,0x0000000000000006,0x0000000000000038,0x0000000000000000,0xffffffffd9a80eb8,0x00000000004c1ba7,0x3fedd0be6231d53c,0x00000000800049f0,0x4152076dcf9c0ebf,0x40863c66112e3f1f,0x4023c597250c1a0c,0x40069f556bca4913,0x4003c0cac56ffd70,0x4152076dcf9c0ebf,0x414fe4d5dd73eab3,0x4129fe855b4a233a,0x415207509f27bb30,0x0000000000000000,0x0000000000000000,0x0000000000000000,0x00000001,0x00000001,0x8000000200006600,0x8000000a00007e00,0x800000000094112d,0x000000008000af80,0x00000000800000e4,0x0000000000000002,0x000000007c201073,0x0000000000000080,0x6000000000000000,0x00000000000000c0,0x4000b4c3,0x00000000800049f0,0x000000004000b4c3,0x0000000000c09468,0x0000000000b8c243,0x0000000000c09468,0x0000000000b8c243,0x00000000000002c9,0x0000000000006a2c,0x00000000000049b9,0x00000000005a2143,0x0000000000005c34,0x00000000004c3b4d,0x000000000000fb64,0x00000000002e2759,0x00000000000000c0,0x0000000000000040,0x00000489,0x8000000000000907,0x0000000007240701,0x03
1783626840655,b,0x00000000800057ae,0x0000000080018d90,0x000000008000f190,0x000000008000f1c0,0x0000000080007a7a,0x0000000000000000,0x00000000800191f0,0x0000000080018de0,0x0000000080019530,0x0000000080018f50,0x000000008000f238,0x0000000000000006,0x0000000000000006,0x0000000080018df0,0x0000000080018e00,0x000000003297ffe3,0x00000000474b5208,0x0000000000000006,0x000000008000f200,0x0000000000000001,0x0000000000000006,0x0000000000000038,0x0000000000000000,0x0000000032836fe0,0x000000000055dc95,0x3fedd0be6231d53c,0x00000000800049f0,0x4152076dcf9c0ebf,0x40863c66112e3f1f,0x4023c597250c1a0c,0x40069f556bca4913,0x4003c0cac56ffd70,0x4152076dcf9c0ebf,0x4025772551d2d482,0x4129fe855b4a233a,0x415207509f27bb30,0x8000000000000000,0x0000000000000000,0x0000000000000000,0x00000001,0x00000001,0x8000000200006600,0x8000000a00007e00,0x800000000094112d,0x000000008000af80,0x00000000800000e4,0x0000000000000002,0x000000007c201073,0x0000000000000080,0x6000000000000000,0x00000000000000c0,0x4000b4c3,0x00000000800049f0,0x000000004000b4c3,0x0000000000c193ca,0x0000000000b9c1b4,0x0000000000c193ca,0x0000000000b9c1b4,0x00000000000002cb,0x0000000000006a2f,0x0000000000004a02,0x00000000005a9bdd,0x0000000000005c51,0x00000000004caa0d,0x000000000000fca5,0x00000000002e6df0,0x00000000000000c0,0x0000000000000040,0x00000489,0x8000000000000907,0x0000000007240701,0x03
1783626842089,b,0x000000008000583a,0x0000000080018ed0,0x000000008000f190,0x000000008000f1c0,0x0000000080007a7a,0x000000000000000f,0x00000000800191f0,0x0000000080018f20,0x0000000080019530,0x00000000800194a0,0x000000008000f238,0x0000000000000003,0x0000000000000006,0x000000008000f238,0x0000000000000001,0x000000008000f201,0x3fe172deb6679f66,0x0000000000000006,0x000000008000f200,0x0000000000000001,0x0000000000000006,0x0000000000000038,0x0000000000000000,0x0000000048dee138,0x000000000067d8d7,0x3fedd0be60a0cafb,0x00000000800049d0,0x4152076dcf9c0ebf,0x40863c66112e3f1f,0x4023c597250c1a0c,0x40069f556bca4913,0x4003c0cac56ffd70,0x4152076dcf9c0ebf,0x414fe4d7607c84b6,0x4129fe7658a0902e,0x4152074e32219653,0x0000000000000000,0x0000000000000000,0x0000000000000000,0x00000001,0x00000001,0x8000000200006600,0x8000000a00007e00,0x800000000094112d,0x000000008000af80,0x00000000800000e4,0x0000000000000002,0x000000007c201073,0x0000000000000080,0x6000000000000000,0x00000000000000c0,0x4000b4c3,0x00000000800049d0,0x000000004000b4c3,0x0000000000c2a036,0x0000000000bac7d7,0x0000000000c2a036,0x0000000000bac7d7,0x00000000000002ce,0x0000000000006a32,0x0000000000004a4a,0x00000000005b1c6a,0x0000000000005c73,0x00000000004d2004,0x000000000000fdb1,0x00000000002eb3d2,0x00000000000000c0,0x0000000000000040,0x00000489,0x8000000000000907,0x0000000007240701,0x03
1783626843408,b,0x0000000080005744,0x0000000080019060,0x000000008000f190,0x000000008000f1c0,0x0000000080007a7a,0x000000000000000f,0x00000000800191f0,0x00000000800190b0,0x0000000080019530,0x0000000080019310,0x00000000800191f0,0x0000000000000006,0x0000000000000006,0x00000000800190d0,0x0000000000000006,0x000000008000f201,0x3fdcad6646ef5713,0x0000000000000006,0x000000008000f200,0x0000000000000001,0x0000000000000006,0x0000000000000038,0x0000000000000000,0xffffffff9414ed4e,0x00000000005556c6,0x3fedd0be603a78ea,0x0000000080004a00,0x4152076dcf9c0ebf,0x40863c66112e3f1f,0x4023c597250c1a0c,0x40069f556bca4913,0x4003c0cac56ffd70,0x4152076dcf9c0ebf,0x414fe4d418240b78,0x4129fe6517e90ff9,0x41520752866e978d,0x0000000000000000,0x0000000000000000,0x0000000000000000,0x00000001,0x00000001,0x8000000200006600,0x8000000a00007e00,0x800000000094112d,0x000000008000af80,0x00000000800000e4,0x0000000000000002,0x000000007c201073,0x0000000000000080,0x6000000000000000,0x00000000000000c0,0x4000b4c3,0x0000000080004a00,0x000000004000b4c3,0x0000000000c3c723,0x0000000000bbe99b,0x0000000000c3c723,0x0000000000bbe99b,0x00000000000002d0,0x0000000000006a35,0x0000000000004ada,0x00000000005bac42,0x0000000000005ca4,0x00000000004d9cce,0x000000000000ff2b,0x00000000002efd28,0x00000000000000c0,0x0000000000000040,0x00000489,0x8000000000000907,0x0000000007240701,0x03
1783626844797,b,0x0000000080009fc2,0x0000000080019420,0x000000008000f190,0x000000008000f1c0,0x402a601457c46e4c,0x00000000005f2200,0x0000000000000000,0x0000000080019700,0x0000000080019530,0x00000000005f2400,0x0000000000000200,0x0000000000aee6a6,0x0000000000000003,0x00000000002f9200,0x000000001e038000,0x0000000000000000,0x0000000000000009,0x0000000000000006,0x000000008000f200,0x0000000000000001,0x0000000000000006,0x0000000000000038,0x0000000000000000,0xffffffffac57945e,0x00000000006c8bb1,0x3fedd0be60ac1b70,0x000000008000a0d6,0x4152076dcf9c0ebf,0x40863c66112e3f1f,0x4023c597250c1a0c,0x40069f556bca4913,0x4003c0cac56ffd70,0x4061af3c554c780e,0x4061af3c554c780e,0x4129fe6517e90ff9,0x41520752866e978d,0x401c71de69b00000,0x4056ba0b75b4ccb9,0x4061af3c554c780e,0x00000001,0x00000001,0x8000000200006600,0x8000000a00007e00,0x800000000094112d,0x000000008000af80,0x00000000800000e4,0x0000000000000002,0x000000007c201073,0x0000000000000080,0x6000000000000000,0x00000000000000c0,0x4000b4c3,0x000000008000a0d6,0x000000004000b4c3,0x0000000000c4dccd,0x0000000000bcf97f,0x0000000000c4dccd,0x0000000000bcf97f,0x00000000000002d2,0x0000000000006a38,0x0000000000004b53,0x00000000005c3300,0x0000000000005cc6,0x00000000004e1442,0x000000000001008a,0x00000000002f432c,0x00000000000000c0,0x0000000000000040,0x00000489,0x8000000000000907,0x0000000007240701,0x03
1783626846234,b,0x00000000800057ae,0x0000000080018d90,0x000000008000f190,0x000000008000f1c0,0x0000000080007a7a,0x0000000000000000,0x00000000800191f0,0x0000000080018de0,0x0000000080019530,0x0000000080018f50,0x000000008000f238,0x0000000000000006,0x0000000000000006,0x0000000000000002,0x0000000000000006,0x000000003d79e3ef,0x0000000044bcf85a,0x0000000000000006,0x000000008000f200,0x0000000000000001,0x0000000000000006,0x0000000000000038,0x0000000000000000,0x000000003d70c02e,0x000000000055dc95,0x3fedd0be60ac1b70,0x0000000080004940,0x4152076dcf9c0ebf,0x40863c66112e3f1f,0x4023c597250c1a0c,0x40069f556bca4913,0x4003c0cac56ffd70,0x4152076dcf9c0ebf,0x40257725512f3e17,0x4129fe853afb7e91,0x4152074dd2388659,0x8000000000000000,0x0000000000000000,0x0000000000000000,0x00000001,0x00000001,0x8000000200006600,0x8000000a00007e00,0x800000000094112d,0x000000008000af80,0x00000000800000e4,0x0000000000000002,0x000000007c201073,0x0000000000000080,0x6000000000000000,0x00000000000000c0,0x4000b4c3,0x0000000080004940,0x000000004000b4c3,0x0000000000c605cf,0x0000000000be225c,0x0000000000c605cf,0x0000000000be225c,0x00000000000002d5,0x0000000000006a3b,0x0000000000004bb1,0x00000000005cc21e,0x0000000000005cf3,0x00000000004e9426,0x00000000000101fd,0x00000000002f9461,0x00000000000000c0,0x0000000000000040,0x00000489,0x8000000000000907,0x0000000007240701,0x03
1783626847862,b,0x0000000080009fc2,0x0000000080018dc0,0x000000008000f190,0x000000008000f1c0,0x0000000080007a7a,0x0000000004000000,0x00000000800191f0,0x0000000080018e40,0x0000000080018ef8,0x00000000005869e6,0x0000000030000000,0x00000000008545e6,0x0000000000000002,0x00000000002c34f3,0x0000000030000000,0x00000000008545e6,0x0000000060000000,0x0000000000000006,0x000000008000f200,0x0000000000000001,0x0000000000000006,0x0000000000000038,0x000000000000001b,0x0000000030000000,0x00000000005869e6,0x3fedd0be61b18094,0x000000008000a0ea,0x4152076dcf9c0ebf,0x40863c66112e3f1f,0x4023c597250c1a0c,0x40069f556bca4913,0x4003c0cac56ffd70,0x403e88fa391e6f07,0x403e88fa391e6f07,0x4129fe7adc5d6388,0x415207509243fe5d,0x3ff12c1dd53d6879,0x0000000000000000,0x403e88fa391e6f07,0x00000001,0x00000001,0x8000000200006600,0x8000000a00007e00,0x800000000094112d,0x000000008000af80,0x00000000800000e4,0x0000000000000002,0x000000007c201073,0x0000000000000080,0x6000000000000000,0x00000000000000c0,0x4000b4c3,0x000000008000a0ea,0x000000004000b4c3,0x0000000000c72159,0x0000000000bf3776,0x0000000000c72159,0x0000000000bf3776,0x00000000000002d8,0x0000000000006a3e,0x0000000000004c0e,0x00000000005d4a1c,0x0000000000005d18,0x00000000004f1026,0x0000000000010325,0x00000000002fddfa,0x00000000000000c0,0x0000000000000040,0x00000489,0x8000000000000907,0x0000000007240701,0x03
1783626849546,b,0x0000000080005820,0x0000000080018ed0,0x000000008000f190,0x000000008000f1c0,0x0000000080007a7a,0x000000000000000f,0x00000000800191f0,0x0000000080018f20,0x0000000080019530,0x000000008000f238,0x0000000080019310,0x0000000000000006,0x0000000000000006,0x0000000000000000,0x0000000000000000,0x000000008000f201,0x3fd9abe616c152b0,0x0000000000000006,0x000000008000f200,0x0000000000000001,0x0000000000000006,0x0000000000000038,0x0000000000000000,0x000000000b42ecae,0x000000000057b565,0x3fedd0be631396b9,0x00000000800049e0,0x4152076dcf9c0ebf,0x40863c66112e3f1f,0x4023c597250c1a0c,0x40069f556bca4913,0x4003c0cac56ffd70,0x4152076dcf9c0ebf,0x414fe4d489de69ad,0x4129fe6f864c2f83,0x4152074e8bc84b5e,0x3fe1aec7af36ac07,0x401623e8e47997e1,0x0000000000000000,0x00000001,0x00000001,0x8000000200006600,0x8000000a00007e00,0x800000000094112d,0x000000008000af80,0x00000000800000e4,0x0000000000000002,0x000000007c201073,0x0000000000000080,0x6000000000000000,0x00000000000000c0,0x4000b4c3,0x00000000800049e0,0x000000004000b4c3,0x0000000000c84da9,0x0000000000c05e63,0x0000000000c84da9,0x0000000000c05e63,0x00000000000002da,0x0000000000006a41,0x0000000000004c99,0x00000000005ddbfd,0x0000000000005d4a,0x00000000004f9028,0x000000000001049c,0x0000000000302934,0x00000000000000c0,0x0000000000000040,0x00000489,0x8000000000000907,0x0000000007240701,0x03
1783626851104,b,0x0000000080005744,0x0000000080019060,0x000000008000f190,0x000000008000f1c0,0x0000000080007a7a,0x000000000000000f,0x00000000800191f0,0x00000000800190b0,0x0000000080019530,0x0000000080019310,0x00000000800191f0,0x0000000000000006,0x0000000000000006,0x0000000000000004,0x0000000000000018,0x000000008000f201,0x3fd4720ebe571acc,0x0000000000000006,0x000000008000f200,0x0000000000000001,0x0000000000000006,0x0000000000000038,0x0000000000000000,0xffffffff94a9bde0,0x00000000005cf1d5,0x3fedd0be64a6e921,0x00000000800049da,0x4152076dcf9c0ebf,0x40863c66112e3f1f,0x4023c597250c1a0c,0x40069f556bca4913,0x4003c0cac56ffd70,0x4152076dcf9c0ebf,0x414fe4cfabb2fec5,0x4129fe7121cac083,0x4152074f5d16872b,0x0000000000000000,0x0000000000000000,0x0000000000000000,0x00000001,0x00000001,0x8000000200006600,0x8000000a00007e00,0x800000000094112d,0x000000008000af80,0x00000000800000e4,0x0000000000000002,0x000000007c201073,0x0000000000000080,0x6000000000000000,0x00000000000000c0,0x4000b4c3,0x00000000800049da,0x000000004000b4c3,0x0000000000c9ac9c,0x0000000000c1b7b1,0x0000000000c9ac9c,0x0000000000c1b7b1,0x00000000000002dd,0x0000000000006a44,0x0000000000004d31,0x00000000005e85f3,0x0000000000005d7c,0x00000000005026e6,0x0000000000010645,0x0000000000308365,0x00000000000000c0,0x0000000000000040,0x00000489,0x8000000000000907,0x0000000007240701,0x03
1783626852494,b,0x00000000800056f8,0x0000000080019060,0x000000008000f190,0x000000008000f1c0,0x0000000080007a7a,0x000000000000000f,0x0000000080019430,0x00000000800190b0,0x0000000080019530,0x0000000080019548,0x000000008000f238,0x0000000000000006,0x0000000000000006,0x0000000000000003,0x0000000000000006,0x000000008000f201,0x3fd1ab1f1571e38e,0x0000000000000006,0x000000008000f200,0x0000000000000001,0x0000000000000006,0x0000000000000038,0x0000000000000000,0xffffffffc8ba3438,0x000000000059b253,0x3fedd0be664a1b25,0x00000000800049d6,0x4152076dcf9c0ebf,0x40863c66112e3f1f,0x4023c597250c1a0c,0x40069f556bca4913,0x4003c0cac56ffd70,0x4152076dcf9c0ebf,0x414fe4d371f559b4,0x4129fe72d0624dd3,0x4152074fea7a0f91,0x0000000000000000,0x3fb85cd8e2c6533e,0x0000000000000000,0x00000001,0x00000001,0x8000000200006600,0x8000000a00007e00,0x800000000094112d,0x000000008000af80,0x00000000800000e4,0x0000000000000002,0x000000007c201073,0x0000000000000080,0x6000000000000000,0x00000000000000c0,0x4000b4c3,0x00000000800049d6,0x000000004000b4c3,0x0000000000cadd56,0x0000000000c2e2e4,0x0000000000cadd56,0x0000000000c2e2e4,0x00000000000002e1,0x0000000000006a47,0x0000000000004dbc,0x00000000005f1a47,0x0000000000005dae,0x000000000050a8bf,0x00000000000107cc,0x000000000030cfea,0x00000000000000c0,0x0000000000000040,0x00000489,0x8000000000000907,0x0000000007240701,0x03
1783626853985,b,0x0000000080006260,0x0000000080019230,0x000000008000f190,0x000000008000f1c0,0x402a601451253ae6,0x0000000000000000,0x0000000000000000,0x0000000080019440,0x0000000080019530,0x0000000080019698,0x00000000800194a0,0x000000008000f238,0x00000000800003f0,0x0000000000000002,0x0000000000000002,0x000000004eff7bbe,0xffffffffcf4a529e,0x0000000000000006,0x000000008000f200,0x0000000000000001,0x0000000000000006,0x0000000000000038,0x0000000000000000,0x000000004eff333e,0x000000000060013f,0x3fedd0be67e46f0e,0x0000000080005ca2,0x4152076dcf9c0ebf,0x40863c66112e3f1f,0x4023c597250c1a0c,0x40069f556bca4913,0x4003c0cac56ffd70,0x4152076dcf9c0ebf,0x4008004ff3d294a8,0x4129fe72d0624dd3,0x4152074fea7a0f91,0x01a56e1fc2f8f359,0x0000000000000000,0x0000000000000000,0x00000001,0x00000001,0x8000000200006600,0x8000000a00007e00,0x800000000094112d,0x000000008000af80,0x00000000800000e4,0x0000000000000002,0x000000007c201073,0x0000000000000080,0x6000000000000000,0x00000000000000c0,0x4000b4c3,0x0000000080005ca2,0x000000004000b4c3,0x0000000000cc217e,0x0000000000c423f8,0x0000000000cc217e,0x0000000000c423f8,0x00000000000002e3,0x0000000000006a4a,0x0000000000004e15,0x00000000005fb7bf,0x0000000000005dd1,0x0000000000513511,0x0000000000010950,0x000000000031251d,0x00000000000000c0,0x0000000000000040,0x00000489,0x8000000000000907,0x0000000007240701,0x03
1783626855370,b,0x00000000800057ae,0x0000000080018d90,0x000000008000f190,0x000000008000f1c0,0x0000000080007a7a,0x0000000000000000,0x00000000800191f0,0x0000000080018de0,0x0000000080019530,0x0000000080018f50,0x000000008000f238,0x0000000000000006,0x0000000000000006,0x000000008000f238,0x000000008000f348,0xffffffffe9bd72ef,0x0000000043ae861a,0x0000000000000006,0x000000008000f200,0x0000000000000001,0x0000000000000006,0x0000000000000038,0x0000000000000000,0xffffffffe93462ae,0x000000000055dc95,0x3fedd0be67e46f0e,0x00000000800049c6,0x4152076dcf9c0ebf,0x40863c66112e3f1f,0x4023c597250c1a0c,0x40069f556bca4913,0x4003c0cac56ffd70,0x4152076dcf9c0ebf,0x4025772550eba187,0x4129fe6314a2339c,0x41520750d24f7660,0x8000000000000000,0x0000000000000000,0x0000000000000000,0x00000001,0x00000001,0x8000000200006600,0x8000000a00007e00,0x800000000094112d,0x000000008000af80,0x00000000800000e4,0x0000000000000002,0x000000007c201073,0x0000000000000080,0x6000000000000000,0x00000000000000c0,0x4000b4c3,0x00000000800049c6,0x000000004000b4c3,0x0000000000cd45cd,0x0000000000c5476b,0x0000000000cd45cd,0x0000000000c5476b,0x00000000000002e6,0x0000000000006a4d,0x0000000000004e62,0x00000000006044a6,0x0000000000005e01,0x000000000051b2c8,0x0000000000010ac7,0x0000000000317381,0x00000000000000c0,0x0000000000000040,0x00000489,0x8000000000000907,0x0000000007240701,0x03
1783626856946,b,0x000000008000583a,0x0000000080018ed0,0x000000008000f190,0x000000008000f1c0,0x0000000080007a7a,0x000000000000000f,0x00000000800191f0,0x0000000080018f20,0x0000000080019530,0x00000000800194a0,0x000000008000f238,0x0000000000000003,0x0000000000000006,0x000000008000f238,0x000000008000f300,0x000000008000f201,0x3fd15346045ba1cf,0x0000000000000006,0x000000008000f200,0x0000000000000001,0x0000000000000006,0x0000000000000038,0x0000000000000000,0xffffffff9c86c178,0x0000000000575815,0x3fedd0be69646230,0x00000000800049c6,0x4152076dcf9c0ebf,0x40863c66112e3f1f,0x4023c597250c1a0c,0x40069f556bca4913,0x4003c0cac56ffd70,0x4152076dcf9c0ebf,0x414fe4d329724745,0x4129fe687d97f62b,0x4152075144504817,0x0000000000000000,0x0000000000000000,0x0000000000000000,0x00000001,0x00000001,0x8000000200006600,0x8000000a00007e00,0x800000000094112d,0x000000008000af80,0x00000000800000e4,0x0000000000000002,0x000000007c201073,0x0000000000000080,0x6000000000000000,0x00000000000000c0,0x4000b4c3,0x00000000800049c6,0x000000004000b4c3,0x0000000000ce4b81,0x0000000000c6467a,0x0000000000ce4b81,0x0000000000c6467a,0x00000000000002ec,0x0000000000006a51,0x0000000000004ebd,0x000000000060c1d4,0x0000000000005e23,0x000000000052253f,0x0000000000010bce,0x000000000031b73e,0x00000000000000c0,0x0000000000000040,0x00000489,0x8000000000000907,0x0000000007240701,0x03
1783626858471,b,0x0000000080005744,0x0000000080019060,0x000000008000f190,0x000000008000f1c0,0x0000000080007a7a,0x000000000000000f,0x00000000800191f0,0x00000000800190b0,0x0000000080019530,0x0000000080019310,0x00000000800191f0,0x0000000000000006,0x0000000000000006,0x00000000800190d0,0x0000000000000002,0x000000008000f201,0x3fd30536c2bcde40,0x0000000000000006,0x000000008000f200,0x0000000000000001,0x0000000000000006,0x0000000000000038,0x0000000000000000,0x000000000260581e,0x000000000078105f,0x3fedd0be6abe6493,0x0000000080004988,0x4152076dcf9c0ebf,0x40863c66112e3f1f,0x4023c597250c1a0c,0x40069f556bca4913,0x4003c0cac56ffd70,0x4152076dcf9c0ebf,0x414fe4d3746dc5d6,0x4129fe6ea12d7732,0x415207529009d495,0x0000000000000000,0x0000000000000000,0x0000000000000000,0x00000001,0x00000001,0x8000000200006600,0x8000000a00007e00,0x800000000094112d,0x000000008000af80,0x00000000800000e4,0x0000000000000002,0x000000007c201073,0x0000000000000080,0x6000000000000000,0x00000000000000c0,0x4000b4c3,0x0000000080004988,0x000000004000b4c3,0x0000000000cf6f94,0x0000000000c7664e,0x0000000000cf6f94,0x0000000000c7664e,0x00000000000002f2,0x0000000000006a54,0x0000000000004f2a,0x00000000006150c9,0x0000000000005e54,0x000000000052a141,0x0000000000010d47,0x000000000031ffeb,0x00000000000000c0,0x0000000000000040,0x00000489,0x8000000000000907,0x0000000007240701,0x03
1783626860024,b,0x0000000080006260,0x0000000080019230,0x000000008000f190,0x000000008000f1c0,0x402a6014512efe2c,0x0000000000000000,0x0000000000000000,0x0000000080019440,0x0000000080019530,0x0000000080019698,0x00000000800194a0,0x000000008000f238,0x00000000800003f0,0x0000000000000003,0x0000000000000001,0x0000000063fffcfb,0xffffffffbf08fab4,0x0000000000000006,0x000000008000f200,0x0000000000000001,0x0000000000000006,0x0000000000000038,0x0000000000000000,0x00000000639df8b8,0x000000000041c52e,0x3fedd0be6bebb065,0x0000000080005d78,0x4152076dcf9c0ebf,0x40863c66112e3f1f,0x4023c597250c1a0c,0x40069f556bca4913,0x4003c0cac56ffd70,0x4152076dcf9c0ebf,0x4020714bafc23ead,0x4129fe6ea12d7732,0x415207529009d495,0x01a56e1fc2f8f359,0x0000000000000000,0x0000000000000000,0x00000001,0x00000001,0x8000000200006600,0x8000000a00007e00,0x800000000094112d,0x000000008000af80,0x00000000800000e4,0x0000000000000002,0x000000007c201073,0x0000000000000080,0x6000000000000000,0x00000000000000c0,0x4000b4c3,0x0000000080005d78,0x000000004000b4c3,0x0000000000d07d89,0x0000000000c87170,0x0000000000d07d89,0x0000000000c87170,0x00000000000002f5,0x0000000000006a57,0x0000000000004f77,0x000000000061d466,0x0000000000005e73,0x0000000000531560,0x0000000000010e96,0x0000000000324645,0x00000000000000c0,0x0000000000000040,0x00000489,0x8000000000000907,0x0000000007240701,0x03
1783626861704,b,0x00000000800057ae,0x0000000080018d90,0x000000008000f190,0x000000008000f1c0,0x0000000080007a7a,0x0000000000000000,0x00000000800191f0,0x0000000080018de0,0x0000000080019530,0x0000000080018f50,0x000000008000f238,0x0000000000000006,0x0000000000000006,0x0000000000000002,0x0000000000000006,0xffffffff93c0ddfe,0x0000000043c8aefe,0x0000000000000006,0x000000008000f200,0x0000000000000001,0x0000000000000006,0x0000000000000038,0x0000000000000000,0xffffffff93c0ddfe,0x000000000055dc95,0x3fedd0be6bebb065,0x000000008000498e,0x4152076dcf9c0ebf,0x40863c66112e3f1f,0x4023c597250c1a0c,0x40069f556bca4913,0x4003c0cac56ffd70,0x4152076dcf9c0ebf,0x4025772550f22bc0,0x4129fe8e200d1b71,0x41520755c5fa43fe,0x8000000000000000,0x0000000000000000,0x0000000000000000,0x00000001,0x00000001,0x8000000200006600,0x8000000a00007e00,0x800000000094112d,0x000000008000af80,0x00000000800000e4,0x0000000000000002,0x000000007c201073,0x0000000000000080,0x6000000000000000,0x00000000000000c0,0x4000b4c3,0x000000008000498e,0x000000004000b4c3,0x0000000000d1b142,0x0000000000c9a3bd,0x0000000000d1b142,0x0000000000c9a3bd,0x00000000000002f7,0x0000000000006a5a,0x0000000000004fc5,0x00000000006268bb,0x0000000000005ea3,0x0000000000539a4f,0x000000000001101d,0x0000000000329898,0x00000000000000c0,0x0000000000000040,0x00000489,0x8000000000000907,0x0000000007240701,0x03
1783626863191,b,0x000000008000589c,0x0000000080018ed0,0x000000008000f190,0x000000008000f1c0,0x0000000080007a7a,0x0000000000000000,0x00000000800191f0,0x0000000080018f20,0x0000000080019530,0x0000000080019280,0x0000000080019118,0x0000000000000006,0x0000000000000003,0x00000000800193a0,0x00000000800193e0,0xfffffffff2576bef,0x0000000043d961fa,0x0000000000000006,0x000000008000f200,0x0000000000000001,0x0000000000000006,0x0000000000000038,0x0000000000000000,0xfffffffff2564bee,0x000000000055dc95,0x3fedd0be6ce94306,0x0000000080004982,0x4152076dcf9c0ebf,0x40863c66112e3f1f,0x4023c597250c1a0c,0x40069f556bca4913,0x4003c0cac56ffd70,0x4152076dcf9c0ebf,0x4025772550f6587f,0x4129fe6e228f5c29,0x415207540e5c91d1,0x0000000000000000,0x3fc733d47694a6ff,0x0000000000000000,0x00000001,0x00000001,0x8000000200006600,0x8000000a00007e00,0x800000000094112d,0x000000008000af80,0x00000000800000e4,0x0000000000000002,0x000000007c201073,0x0000000000000080,0x6000000000000000,0x00000000000000c0,0x4000b4c3,0x0000000080004982,0x000000004000b4c3,0x0000000000d2e2c7,0x0000000000cad0ae,0x0000000000d2e2c7,0x0000000000cad0ae,0x00000000000002fc,0x0000000000006a5e,0x0000000000005038,0x000000000062fe45,0x0000000000005ed2,0x0000000000541c7f,0x0000000000011180,0x000000000032e5d6,0x00000000000000c0,0x0000000000000040,0x00000489,0x8000000000000907,0x0000000007240701,0x03
1783626864612,b,0x0000000080005744,0x0000000080019060,0x000000008000f190,0x000000008000f1c0,0x0000000080007a7a,0x000000000000000f,0x00000000800191f0,0x00000000800190b0,0x0000000080019530,0x0000000080019310,0x00000000800191f0,0x0000000000000006,0x0000000000000006,0x00000000800190d0,0x00000000800191a8,0x000000008000f201,0x3fe3ffa9230c00ba,0x0000000000000006,0x000000008000f200,0x0000000000000001,0x0000000000000006,0x0000000000000038,0x0000000000000000,0x00000000108ea11e,0x00000000004c2699,0x3fedd0be6db6f839,0x00000000800049f2,0x4152076dcf9c0ebf,0x40863c66112e3f1f,0x4023c597250c1a0c,0x40069f556bca4913,0x4003c0cac56ffd70,0x4152076dcf9c0ebf,0x414fe4d03dab9f56,0x4129fe78657a786c,0x41520751213404ea,0x0000000000000000,0x0000000000000000,0x0000000000000000,0x00000001,0x00000001,0x8000000200006600,0x8000000a00007e00,0x800000000094112d,0x000000008000af80,0x00000000800000e4,0x0000000000000002,0x000000007c201073,0x0000000000000080,0x6000000000000000,0x00000000000000c0,0x4000b4c3,0x00000000800049f2,0x000000004000b4c3,0x0000000000d3e1d8,0x0000000000cbc954,0x0000000000d3e1d8,0x0000000000cbc954,0x0000000000000300,0x0000000000006a61,0x000000000000508c,0x0000000000637800,0x0000000000005ef6,0x0000000000548bfc,0x00000000000112a1,0x0000000000332725,0x00000000000000c0,0x0000000000000040,0x00000489,0x8000000000000907,0x0000000007240701,0x03
1783626866103,b,0x00000000800056f8,0x0000000080019060,0x000000008000f190,0x000000008000f1c0,0x0000000080007a7a,0x000000000000000f,0x0000000080019430,0x00000000800190b0,0x0000000080019530,0x0000000080019548,0x000000008000f238,0x0000000000000006,0x0000000000000006,0x0000000000000001,0x0000000000000006,0x000000008000f201,0x3fe2a46c2405b7fc,0x0000000000000006,0x000000008000f200,0x0000000000000001,0x0000000000000006,0x0000000000000038,0x0000000000000000,0x000000006b9b077e,0x000000000062806d,0x3fedd0be6e56c69f,0x0000000080004976,0x4152076dcf9c0ebf,0x40863c66112e3f1f,0x4023c597250c1a0c,0x40069f556bca4913,0x4003c0cac56ffd70,0x4152076dcf9c0ebf,0x414fe4d0b16f0069,0x4129fe6caf837b4a,0x415207537dfa43fe,0x3ff0000000000000,0x0000000000000000,0x3fb85cd8e2c4dd48,0x00000001,0x00000001,0x8000000200006600,0x8000000a00007e00,0x800000000094112d,0x000000008000af80,0x00000000800000e4,0x0000000000000002,0x000000007c201073,0x0000000000000080,0x6000000000000000,0x00000000000000c0,0x4000b4c3,0x0000000080004976,0x000000004000b4c3,0x0000000000d4fcf7,0x0000000000ccdf49,0x0000000000d4fcf7,0x0000000000ccdf49,0x0000000000000304,0x0000000000006a64,0x0000000000005110,0x000000000064025f,0x0000000000005f28,0x00000000005503a9,0x0000000000011418,0x0000000000336d23,0x00000000000000c0,0x0000000000000040,0x00000489,0x8000000000000907,0x0000000007240701,0x03
1783626867658,b,0x00000000800057ae,0x0000000080018d90,0x000000008000f190,0x000000008000f1c0,0x0000000080007a7a,0x0000000000000000,0x00000000800191f0,0x0000000080018de0,0x0000000080019530,0x0000000080018f50,0x000000008000f238,0x0000000000000006,0x0000000000000006,0x0000000080018df0,0x0000000000000002,0x000000006bbbdf7e,0x0000000043fb493e,0x0000000000000006,0x000000008000f200,0x0000000000000001,0x0000000000000006,0x0000000000000038,0x0000000000000000,0x000000006bbbca7e,0x000000000055dc95,0x3fedd0be6e56c69f,0x0000000080004988,0x4152076dcf9c0ebf,0x40863c66112e3f1f,0x4023c597250c1a0c,0x40069f556bca4913,0x4003c0cac56ffd70,0x4152076dcf9c0ebf,0x4025772550fed250,0x4129fe6caf837b4a,0x415207537dfa43fe,0x8000000000000000,0x0000000000000000,0x0000000000000000,0x00000001,0x00000001,0x8000000200006600,0x8000000a00007e00,0x800000000094112d,0x000000008000af80,0x00000000800000e4,0x0000000000000002,0x000000007c201073,0x0000000000000080,0x6000000000000000,0x00000000000000c0,0x4000b4c3,0x0000000080004988,0x000000004000b4c3,0x0000000000d6149e,0x0000000000cdf6d6,0x0000000000d6149e,0x0000000000cdf6d6,0x0000000000000306,0x0000000000006a67,0x0000000000005155,0x0000000000648874,0x0000000000005f45,0x0000000000557d5b,0x000000000001156a,0x000000000033bb06,0x00000000000000c0,0x0000000000000040,0x00000489,0x8000000000000907,0x0000000007240701,0x03
1783626868989,b,0x000000008000589c,0x0000000080018ed0,0x000000008000f190,0x000000008000f1c0,0x0000000080007a7a,0x0000000000000000,0x00000000800191f0,0x0000000080018f20,0x0000000080019530,0x0000000080019280,0x0000000080019118,0x0000000000000006,0x0000000000000003,0x00000000800193a0,0x00000000800193b0,0x00000000519ffebc,0x00000000440a6134,0x0000000000000006,0x000000008000f200,0x0000000000000001,0x0000000000000006,0x0000000000000038,0x0000000000000000,0x000000005183c6b8,0x000000000055dc95,0x3fedd0be6ecc1bbb,0x00000000800049f2,0x4152076dcf9c0ebf,0x40863c66112e3f1f,0x4023c597250c1a0c,0x40069f556bca4913,0x4003c0cac56ffd70,0x4152076dcf9c0ebf,0x402577255102984d,0x4129fe664504816f,0x4152074f94e56042,0x0000000000000000,0x0000000000000000,0x0000000000000000,0x00000001,0x00000001,0x8000000200006600,0x8000000a00007e00,0x800000000094112d,0x000000008000af80,0x00000000800000e4,0x0000000000000002,0x000000007c201073,0x0000000000000080,0x6000000000000000,0x00000000000000c0,0x4000b4c3,0x00000000800049f2,0x000000004000b4c3,0x0000000000d73fa0,0x0000000000cf1ce5,0x0000000000d73fa0,0x0000000000cf1ce5,0x0000000000000309,0x0000000000006a6a,0x00000000000051d5,0x0000000000651aa5,0x0000000000005f74,0x000000000055fca5,0x00000000000116c4,0x000000000034065e,0x00000000000000c0,0x0000000000000040,0x00000489,0x8000000000000907,0x0000000007240701,0x03
1783626870588,b,0x0000000080005850,0x0000000080018ed0,0x000000008000f190,0x000000008000f1c0,0x0000000080007a7a,0x000000000000000f,0x00000000800191f0,0x0000000080018f20,0x0000000080019530,0x00000000800191f0,0x0000000080019310,0x0000000000000003,0x0000000000000006,0x0000000000000000,0x0000000000000000,0x000000008000f201,0x3fe087c1add5c14e,0x0000000000000006,0x000000008000f200,0x0000000000000001,0x0000000000000006,0x0000000000000038,0x0000000000000000,0x0000000041476b80,0x000000000045ec2a,0x3fedd0be6f1b5529,0x00000000800049e0,0x4152076dcf9c0ebf,0x40863c66112e3f1f,0x4023c597250c1a0c,0x40069f556bca4913,0x4003c0cac56ffd70,0x4152076dcf9c0ebf,0x414fe4d0d6388659,0x4129fe7be32ca57a,0x4152075222a7ef9e,0x0000000000000000,0x401623e8e4796ae5,0x0000000000000000,0x00000001,0x00000001,0x8000000200006600,0x8000000a00007e00,0x800000000094112d,0x000000008000af80,0x00000000800000e4,0x0000000000000002,0x000000007c201073,0x0000000000000080,0x6000000000000000,0x00000000000000c0,0x4000b4c3,0x00000000800049e0,0x000000004000b4c3,0x0000000000d8922e,0x0000000000d06931,0x0000000000d8922e,0x0000000000d06931,0x000000000000030e,0x0000000000006a6d,0x0000000000005228,0x000000000065bbe4,0x0000000000005f9e,0x00000000005691a2,0x0000000000011839,0x0000000000346043,0x00000000000000c0,0x0000000000000040,0x00000489,0x8000000000000907,0x0000000007240701,0x03
1783626872218,b,0x0000000080005744,0x0000000080019060,0x000000008000f190,0x000000008000f1c0,0x0000000080007a7a,0x000000000000000f,0x00000000800191f0,0x00000000800190b0,0x0000000080019530,0x0000000080019310,0x00000000800191f0,0x0000000000000006,0x0000000000000006,0x00000000800190d0,0x0000000000000003,0x000000008000f201,0x3fe050cbd4df92b6,0x0000000000000006,0x000000008000f200,0x0000000000000001,0x0000000000000006,0x0000000000000038,0x0000000000000000,0xffffffff8f274c7e,0x00000000006168fe,0x3fedd0be6f495447,0x00000000800049fc,0x4152076dcf9c0ebf,0x40863c66112e3f1f,0x4023c597250c1a0c,0x40069f556bca4913,0x4003c0cac56ffd70,0x4152076dcf9c0ebf,0x414fe4d0b13dd97f,0x4129fe77df7ced91,0x41520754a6339c0f,0x0000000000000000,0x3fb85cd8e2c47932,0x3fb85cd8e2c47932,0x00000001,0x00000001,0x8000000200006600,0x8000000a00007e00,0x800000000094112d,0x000000008000af80,0x00000000800000e4,0x0000000000000002,0x000000007c201073,0x0000000000000080,0x6000000000000000,0x00000000000000c0,0x4000b4c3,0x00000000800049fc,0x000000004000b4c3,0x0000000000d999d4,0x0000000000d16c29,0x0000000000d999d4,0x0000000000d16c29,0x0000000000000314,0x0000000000006a70,0x00000000000052a3,0x0000000000663d1c,0x0000000000005fce,0x0000000000570054,0x000000000001199a,0x000000000034a058,0x00000000000000c0,0x0000000000000040,0x00000489,0x8000000000000907,0x0000000007240701,0x03
1783626873765,b,0x0000000080006260,0x0000000080019230,0x000000008000f190,0x000000008000f1c0,0x402a601452d2cd24,0x0000000000000000,0x0000000000000000,0x0000000080019440,0x0000000080019530,0x0000000080019698,0x00000000800194a0,0x000000008000f238,0x00000000800003f0,0x00000000800194a0,0x00000000800194c0,0x00000000597ffffc,0xffffffffa412b9f4,0x0000000000000006,0x000000008000f200,0x0000000000000001,0x0000000000000006,0x0000000000000038,0x0000000000000000,0x00000000594eb7b8,0x00000000004d0f17,0x3fedd0be6f5b2958,0x0000000080005cf2,0x4152076dcf9c0ebf,0x40863c66112e3f1f,0x4023c597250c1a0c,0x40069f556bca4913,0x4003c0cac56ffd70,0x4152076dcf9c0ebf,0x402343c5e904ae7d,0x4129fe77df7ced91,0x41520754a6339c0f,0x01a56e1fc2f8f359,0x0000000000000000,0x0000000000000000,0x00000001,0x00000001,0x8000000200006600,0x8000000a00007e00,0x800000000094112d,0x000000008000af80,0x00000000800000e4,0x0000000000000002,0x000000007c201073,0x0000000000000080,0x6000000000000000,0x00000000000000c0,0x4000b4c3,0x0000000080005cf2,0x000000004000b4c3,0x0000000000dab526,0x0000000000d28403,0x0000000000dab526,0x0000000000d28403,0x0000000000000316,0x0000000000006a73,0x00000000000052ff,0x000000000066c6ea,0x0000000000005fed,0x0000000000577ab0,0x0000000000011af4,0x000000000034ea5f,0x00000000000000c0,0x0000000000000040,0x00000489,0x8000000000000907,0x0000000007240701,0x03
1783626875398,b,0x00000000800058f2,0x0000000080018ed0,0x000000008000f190,0x000000008000f1c0,0x0000000080007a7a,0x0000000000000000,0x00000000800191f0,0x0000000080018f20,0x0000000080019530,0x00000000800193a0,0x00000000800194a0,0x0000000000000006,0x0000000000000003,0x0000000000000004,0x0000000000000006,0xffffffff8db0f97f,0x00000000442a645a,0x0000000000000006,0x000000008000f200,0x0000000000000001,0x0000000000000006,0x0000000000000038,0x0000000000000000,0xffffffff8d90c82e,0x000000000055dc95,0x3fedd0be6f5b2958,0x000000008000496c,0x4152076dcf9c0ebf,0x40863c66112e3f1f,0x4023c597250c1a0c,0x40069f556bca4913,0x4003c0cac56ffd70,0x4152076dcf9c0ebf,0x40257725510a9917,0x4129fe6cad0e5604,0x4152075517573eab,0x3fc0e154aff87ee1,0x0000000000000000,0x0000000000000000,0x00000001,0x00000001,0x8000000200006600,0x8000000a00007e00,0x800000000094112d,0x000000008000af80,0x00000000800000e4,0x0000000000000002,0x000000007c201073,0x0000000000000080,0x6000000000000000,0x00000000000000c0,0x4000b4c3,0x000000008000496c,0x000000004000b4c3,0x0000000000dbc787,0x0000000000d394cb,0x0000000000dbc787,0x0000000000d394cb,0x000000000000031a,0x0000000000006a76,0x000000000000534c,0x0000000000674b4b,0x000000000000601a,0x000000000057f07d,0x0000000000011c53,0x000000000035334c,0x00000000000000c0,0x0000000000000040,0x00000489,0x8000000000000907,0x0000000007240701,0x03
1783626876941,b,0x000000008000583a,0x0000000080018ed0,0x000000008000f190,0x000000008000f1c0,0x0000000080007a7a,0x000000000000000f,0x00000000800191f0,0x0000000080018f20,0x0000000080019530,0x00000000800194a0,0x000000008000f238,0x0000000000000003,0x0000000000000006,0x0000000000000002,0x0000000000000006,0x000000008000f201,0x3fe5a26c97bdd806,0x0000000000000006,0x000000008000f200,0x0000000000000001,0x0000000000000006,0x0000000000000038,0x0000000000000000,0xffffffffc32ca5ae,0x000000000051c3ed,0x3fedd0be6f55d326,0x000000008000498e,0x4152076dcf9c0ebf,0x40863c66112e3f1f,0x4023c597250c1a0c,0x40069f556bca4913,0x4003c0cac56ffd70,0x4152076dcf9c0ebf,0x414fe4cefa5460aa,0x4129fe6bf758e219,0x41520754dc09d495,0x0000000000000000,0x0000000000000000,0x0000000000000000,0x00000001,0x00000001,0x8000000200006600,0x8000000a00007e00,0x800000000094112d,0x000000008000af80,0x00000000800000e4,0x0000000000000002,0x000000007c201073,0x0000000000000080,0x6000000000000000,0x00000000000000c0,0x4000b4c3,0x000000008000498e,0x000000004000b4c3,0x0000000000dcf135,0x0000000000d4b79f,0x0000000000dcf135,0x0000000000d4b79f,0x0000000000000322,0x0000000000006a7a,0x00000000000053ac,0x000000000067d943,0x000000000000603f,0x0000000000587337,0x0000000000011d81,0x000000000035816a,0x00000000000000c0,0x0000000000000040,0x00000489,0x8000000000000907,0x0000000007240701,0x03
1783626878471,b,0x000000008000583a,0x0000000080018ed0,0x000000008000f190,0x000000008000f1c0,0x0000000080007a7a,0x000000000000000f,0x00000000800191f0,0x0000000080018f20,0x0000000080019530,0x00000000800194a0,0x000000008000f238,0x0000000000000003,0x0000000000000006,0x0000000000000000,0x0000000000000000,0x000000008000f201,0x3fe777130b9c520f,0x0000000000000006,0x000000008000f200,0x0000000000000001,0x0000000000000006,0x0000000000000038,0x0000000000000000,0x0000000060ee320e,0x00000000006428de,0x3fedd0be6f3e1017,0x00000000800049e0,0x4152076dcf9c0ebf,0x40863c66112e3f1f,0x4023c597250c1a0c,0x40069f556bca4913,0x4003c0cac56ffd70,0x4152076dcf9c0ebf,0x414fe4cacd04816f,0x4129fe63942c3c9f,0x415207567c189375,0x0000000000000000,0x401623e8e4793eb4,0x0000000000000000,0x00000001,0x00000001,0x8000000200006600,0x8000000a00007e00,0x800000000094112d,0x000000008000af80,0x00000000800000e4,0x0000000000000002,0x000000007c201073,0x0000000000000080,0x6000000000000000,0x00000000000000c0,0x4000b4c3,0x00000000800049e0,0x000000004000b4c3,0x0000000000de4c62,0x0000000000d60e55,0x0000000000de4c62,0x0000000000d60e55,0x0000000000000325,0x0000000000006a7d,0x000000000000542b,0x0000000000688217,0x0000000000006075,0x00000000005907e8,0x0000000000011f32,0x000000000035da32,0x00000000000000c0,0x0000000000000040,0x00000489,0x8000000000000907,0x0000000007240701,0x03
1783626880109,b,0x0000000080005744,0x0000000080019060,0x000000008000f190,0x000000008000f1c0,0x0000000080007a7a,0x000000000000000f,0x00000000800191f0,0x00000000800190b0,0x0000000080019530,0x0000000080019310,0x00000000800191f0,0x0000000000000006,0x0000000000000006,0x0000000000000003,0x0000000000000018,0x000000008000f201,0x3feac625db2d0145,0x0000000000000006,0x000000008000f200,0x0000000000000001,0x0000000000000006,0x0000000000000038,0x0000000000000000,0x0000000079b8c2fe,0x0000000000769dee,0x3fedd0be6f183dfc,0x00000000800049ba,0x4152076dcf9c0ebf,0x40863c66112e3f1f,0x4023c597250c1a0c,0x40069f556bca4913,0x4003c0cac56ffd70,0x4152076dcf9c0ebf,0x414fe4caed2bd3c3,0x4129fe838c710cb3,0x415207568fb2fec5,0x0000000000000000,0x0000000000000000,0x0000000000000000,0x00000001,0x00000001,0x8000000200006600,0x8000000a00007e00,0x800000000094112d,0x000000008000af80,0x00000000800000e4,0x0000000000000002,0x000000007c201073,0x0000000000000080,0x6000000000000000,0x00000000000000c0,0x4000b4c3,0x00000000800049ba,0x000000004000b4c3,0x0000000000df7289,0x0000000000d73067,0x0000000000df7289,0x0000000000d73067,0x0000000000000328,0x0000000000006a80,0x0000000000005498,0x0000000000691209,0x00000000000060a6,0x00000000005984ee,0x00000000000120ac,0x00000000003623a4,0x00000000000000c0,0x0000000000000040,0x00000489,0x8000000000000907,0x0000000007240701,0x03
1783626881718,b,0x00000000800056f8,0x0000000080019060,0x000000008000f190,0x000000008000f1c0,0x0000000080007a7a,0x000000000000000f,0x0000000080019430,0x00000000800190b0,0x0000000080019530,0x0000000080019548,0x000000008000f238,0x0000000000000006,0x0000000000000006,0x0000000080019548,0x0000000000000003,0x000000008000f201,0x3fed7d07712f82a6,0x0000000000000006,0x000000008000f200,0x0000000000000001,0x0000000000000006,0x0000000000000038,0x0000000000000000,0x000000002a4b8380,0x000000000075d6ae,0x3fedd0be6ee845f1,0x00000000800049aa,0x4152076dcf9c0ebf,0x40863c66112e3f1f,0x4023c597250c1a0c,0x40069f556bca4913,0x4003c0cac56ffd70,0x4152076dcf9c0ebf,0x414fe4cc0c1bda51,0x4129fe6917ced917,0x4152074e6be90ff9,0x0000000000000000,0x3fe185d1eca6e78b,0x3fe185d1eca6e78b,0x00000001,0x00000001,0x8000000200006600,0x8000000a00007e00,0x800000000094112d,0x000000008000af80,0x00000000800000e4,0x0000000000000002,0x000000007c201073,0x0000000000000080,0x6000000000000000,0x00000000000000c0,0x4000b4c3,0x00000000800049aa,0x000000004000b4c3,0x0000000000e09f2a,0x0000000000d85806,0x0000000000e09f2a,0x0000000000d85806,0x000000000000032b,0x0000000000006a83,0x0000000000005517,0x000000000069a4c4,0x00000000000060d8,0x00000000005a04d2,0x0000000000012231,0x0000000000366f00,0x00000000000000c0,0x0000000000000040,0x00000489,0x8000000000000907,0x0000000007240701,0x03
1783626883260,b,0x00000000800057ae,0x0000000080018d90,0x000000008000f190,0x000000008000f1c0,0x0000000080007a7a,0x0000000000000000,0x00000000800191f0,0x0000000080018de0,0x0000000080019530,0x0000000080018f50,0x000000008000f238,0x0000000000000006,0x0000000000000006,0x0000000080018df0,0x0000000080018e30,0xffffffff8be7bdf6,0x000000004435bdd8,0x0000000000000006,0x000000008000f200,0x0000000000000001,0x0000000000000006,0x0000000000000038,0x0000000000000000,0xffffffff8be3ace0,0x000000000055dc95,0x3fedd0be6ee845f1,0x00000000800049f0,0x4152076dcf9c0ebf,0x40863c66112e3f1f,0x4023c597250c1a0c,0x40069f556bca4913,0x4003c0cac56ffd70,0x4152076dcf9c0ebf,0x40257725510d6f76,0x4129fe6917ced917,0x4152074e6be90ff9,0x3ff0000000000000,0x0000000000000000,0x0000000000000000,0x00000001,0x00000001,0x8000000200006600,0x8000000a00007e00,0x800000000094112d,0x000000008000af80,0x00000000800000e4,0x0000000000000002,0x000000007c201073,0x0000000000000080,0x6000000000000000,0x00000000000000c0,0x4000b4c3,0x00000000800049f0,0x000000004000b4c3,0x0000000000e1b6a1,0x0000000000d97012,0x0000000000e1b6a1,0x0000000000d97012,0x000000000000032c,0x0000000000006a86,0x0000000000005545,0x00000000006a2b1d,0x00000000000060f5,0x00000000005a7e60,0x0000000000012384,0x000000000036bcfc,0x00000000000000c0,0x0000000000000040,0x00000489,0x8000000000000907,0x0000000007240701,0x03
1783626884907,b,0x0000000080009fc2,0x0000000080018dc0,0x000000008000f190,0x000000008000f1c0,0x0000000080007a7a,0x0000000000000002,0x00000000800191f0,0x0000000080018e40,0x0000000080018f08,0x000000000055dc95,0xffffffffa21a27dc,0x00000000006ec7b1,0x0000000000000003,0x00000000002aee4a,0xffffffffb88d9d78,0x00000000006ec7b1,0x0000000044344fb8,0x0000000000000006,0x000000008000f200,0x0000000000000001,0x0000000000000006,0x0000000000000038,0x0000000000000001,0x00000000711b3af0,0x000000000055dc95,0x3fedd0be6eb191e3,0x000000008000a136,0x4152076dcf9c0ebf,0x40863c66112e3f1f,0x4023c597250c1a0c,0x40069f556bca4913,0x4003c0cac56ffd70,0x405ccc39302eff52,0x405ccc39302eff52,0x4129fe611d7dbf48,0x415207583e8c154d,0x01a56e1fc2f8f359,0x0000000000000000,0x405ccc39302eff52,0x00000001,0x00000001,0x8000000200006600,0x8000000a00007e00,0x800000000094112d,0x000000008000af80,0x00000000800000e4,0x0000000000000002,0x000000007c201073,0x0000000000000080,0x6000000000000000,0x00000000000000c0,0x4000b4c3,0x000000008000a136,0x000000004000b4c3,0x0000000000e2e172,0x0000000000da966a,0x0000000000e2e172,0x0000000000da966a,0x0000000000000330,0x0000000000006a89,0x00000000000055b3,0x00000000006abdb4,0x000000000000611e,0x00000000005afe2e,0x00000000000124c2,0x000000000037090f,0x00000000000000c0,0x0000000000000040,0x00000489,0x8000000000000907,0x0000000007240701,0x03
1783626886612,b,0x0000000080005744,0x0000000080019060,0x000000008000f190,0x000000008000f1c0,0x0000000080007a7a,0x000000000000000f,0x00000000800191f0,0x00000000800190b0,0x0000000080019530,0x0000000080019310,0x00000000800191f0,0x0000000000000006,0x0000000000000006,0x0000000000000006,0x0000000000000006,0x000000008000f201,0x3feac0d3a0ced850,0x0000000000000006,0x000000008000f200,0x0000000000000001,0x0000000000000006,0x0000000000000038,0x0000000000000000,0xffffffffae49813e,0x0000000000480429,0x3fedd0be6e7709b2,0x0000000080004a0a,0x4152076dcf9c0ebf,0x40863c66112e3f1f,0x4023c597250c1a0c,0x40069f556bca4913,0x4003c0cac56ffd70,0x4152076dcf9c0ebf,0x414fe4c85ba29c78,0x4129fe7217a786c2,0x4152074d78c154ca,0x3ff117a2fa579fec,0x402c3d203a03d4ce,0x402e6014994ec8cc,0x00000001,0x00000001,0x8000000200006600,0x8000000a00007e00,0x800000000094112d,0x000000008000af80,0x00000000800000e4,0x0000000000000002,0x000000007c201073,0x0000000000000080,0x6000000000000000,0x00000000000000c0,0x4000b4c3,0x0000000080004a0a,0x000000004000b4c3,0x0000000000e3f0a3,0x0000000000db9ea1,0x0000000000e3f0a3,0x0000000000db9ea1,0x0000000000000336,0x0000000000006a8c,0x0000000000005609,0x00000000006b3eb9,0x0000000000006148,0x00000000005b7456,0x000000000001260e,0x0000000000374e27,0x00000000000000c0,0x0000000000000040,0x00000489,0x8000000000000907,0x0000000007240701,0x03
1783626888198,b,0x00000000800056f8,0x0000000080019060,0x000000008000f190,0x000000008000f1c0,0x0000000080007a7a,0x000000000000000f,0x0000000080019430,0x00000000800190b0,0x0000000080019530,0x0000000080019548,0x000000008000f238,0x0000000000000006,0x0000000000000006,0x0000000080019310,0x0000000000000003,0x000000008000f201,0x3fe1e6f650f45801,0x0000000000000006,0x000000008000f200,0x0000000000000001,0x0000000000000006,0x0000000000000038,0x0000000000000000,0xffffffffe6cb91e0,0x000000000074608d,0x3fedd0be6e3b1613,0x00000000800049fc,0x4152076dcf9c0ebf,0x40863c66112e3f1f,0x4023c597250c1a0c,0x40069f556bca4913,0x4003c0cac56ffd70,0x4152076dcf9c0ebf,0x414fe4cb6051eb85,0x4129fe7ea9446738,0x4152075371f559b4,0x0000000000000000,0x0000000000000000,0x0000000000000000,0x00000001,0x00000001,0x8000000200006600,0x8000000a00007e00,0x800000000094112d,0x000000008000af80,0x00000000800000e4,0x0000000000000002,0x000000007c201073,0x0000000000000080,0x6000000000000000,0x00000000000000c0,0x4000b4c3,0x00000000800049fc,0x000000004000b4c3,0x0000000000e52c3a,0x0000000000dcd4d0,0x0000000000e52c3a,0x0000000000dcd4d0,0x000000000000033d,0x0000000000006a8f,0x000000000000568d,0x00000000006bd83d,0x000000000000617a,0x00000000005bfac2,0x000000000001279f,0x0000000000379df7,0x00000000000000c0,0x0000000000000040,0x00000489,0x8000000000000907,0x0000000007240701,0x03
1783626889692,b,0x0000000080006260,0x0000000080019230,0x000000008000f190,0x000000008000f1c0,0x402a60145303db90,0x0000000000000000,0x0000000000000000,0x0000000080019440,0x0000000080019530,0x0000000080019698,0x00000000800194a0,0x000000008000f238,0x00000000800003f0,0x00000000800194a0,0x00000000800194a0,0xfffffffff27ffffb,0x000000001fe7cf9c,0x0000000000000006,0x000000008000f200,0x0000000000000001,0x0000000000000006,0x0000000000000038,0x0000000000000000,0xfffffffff20d2c78,0x00000000004b7707,0x3fedd0be6dffa78a,0x0000000080005bd6,0x4152076dcf9c0ebf,0x40863c66112e3f1f,0x4023c597250c1a0c,0x40069f556bca4913,0x4003c0cac56ffd70,0x4152076dcf9c0ebf,0x4022ddc1c7f9f3e7,0x4129fe7ea9446738,0x4152075371f559b4,0x01a56e1fc2f8f359,0x0000000000000000,0x0000000000000000,0x00000001,0x00000001,0x8000000200006600,0x8000000a00007e00,0x800000000094112d,0x000000008000af80,0x00000000800000e4,0x0000000000000002,0x000000007c201073,0x0000000000000080,0x6000000000000000,0x00000000000000c0,0x4000b4c3,0x0000000080005bd6,0x000000004000b4c3,0x0000000000e64d05,0x0000000000ddf49e,0x0000000000e64d05,0x0000000000ddf49e,0x000000000000033f,0x0000000000006a92,0x00000000000056f1,0x00000000006c63ba,0x000000000000619d,0x00000000005c7722,0x00000000000128ff,0x000000000037ec54,0x00000000000000c0,0x0000000000000040,0x00000489,0x8000000000000907,0x0000000007240701,0x03
1783626891186,b,0x00000000800058f2,0x0000000080018ed0,0x000000008000f190,0x000000008000f1c0,0x0000000080007a7a,0x0000000000000000,0x00000000800191f0,0x0000000080018f20,0x0000000080019530,0x00000000800193a0,0x00000000800194a0,0x0000000000000006,0x0000000000000003,0x0000000080018f50,0x0000000000000001,0xffffffffd35ff6aa,0x00000000442a1f80,0x0000000000000006,0x000000008000f200,0x0000000000000001,0x0000000000000006,0x0000000000000038,0x0000000000000000,0xffffffffd30fe000,0x000000000055dc95,0x3fedd0be6dffa78a,0x00000000800049f6,0x4152076dcf9c0ebf,0x40863c66112e3f1f,0x4023c597250c1a0c,0x40069f556bca4913,0x4003c0cac56ffd70,0x4152076dcf9c0ebf,0x40257725510a87e0,0x4129fe6bfa5119ce,0x41520755b45d6388,0x0000000000000000,0x0000000000000000,0x0000000000000000,0x00000001,0x00000001,0x8000000200006600,0x8000000a00007e00,0x800000000094112d,0x000000008000af80,0x00000000800000e4,0x0000000000000002,0x000000007c201073,0x0000000000000080,0x6000000000000000,0x00000000000000c0,0x4000b4c3,0x00000000800049f6,0x000000004000b4c3,0x0000000000e77321,0x0000000000df167a,0x0000000000e77321,0x0000000000df167a,0x0000000000000342,0x0000000000006a95,0x0000000000005752,0x00000000006cf22b,0x00000000000061ca,0x00000000005cf540,0x0000000000012a72,0x00000000003837b0,0x00000000000000c0,0x0000000000000040,0x00000489,0x8000000000000907,0x0000000007240701,0x03
1783626892808,b,0x0000000080005820,0x0000000080018ed0,0x000000008000f190,0x000000008000f1c0,0x0000000080007a7a,0x000000000000000f,0x00000000800191f0,0x0000000080018f20,0x0000000080019530,0x000000008000f238,0x0000000080019310,0x0000000000000006,0x0000000000000006,0x0000000080019280,0x0000000000000088,0x000000008000f201,0x3fe31457d3b45758,0x0000000000000006,0x000000008000f200,0x0000000000000001,0x0000000000000006,0x0000000000000038,0x0000000000000000,0xffffffffb1964a38,0x000000000062b5e3,0x3fedd0be6dc64044,0x00000000800049ea,0x4152076dcf9c0ebf,0x40863c66112e3f1f,0x4023c597250c1a0c,0x40069f556bca4913,0x4003c0cac56ffd70,0x4152076dcf9c0ebf,0x414fe4ce4d94af4f,0x4129fe6e209d4952,0x4152074fb037b4a2,0x0000000000000000,0x0000000000000000,0x0000000000000000,0x00000001,0x00000001,0x8000000200006600,0x8000000a00007e00,0x800000000094112d,0x000000008000af80,0x00000000800000e4,0x0000000000000002,0x000000007c201073,0x0000000000000080,0x6000000000000000,0x00000000000000c0,0x4000b4c3,0x00000000800049ea,0x000000004000b4c3,0x0000000000e880ce,0x0000000000e01e22,0x0000000000e880ce,0x0000000000e01e22,0x0000000000000345,0x0000000000006a98,0x00000000000057a0,0x00000000006d7385,0x00000000000061ee,0x00000000005d6b3a,0x0000000000012b8a,0x0000000000387d6a,0x00000000000000c0,0x0000000000000040,0x00000489,0x8000000000000907,0x0000000007240701,0x03
1783626894389,b,0x0000000080005744,0x0000000080019060,0x000000008000f190,0x000000008000f1c0,0x0000000080007a7a,0x000000000000000f,0x00000000800191f0,0x00000000800190b0,0x0000000080019530,0x0000000080019310,0x00000000800191f0,0x0000000000000006,0x0000000000000006,0x00000000800190d0,0x00000000000000f8,0x000000008000f201,0x3fdac245207d50e8,0x0000000000000006,0x000000008000f200,0x0000000000000001,0x0000000000000006,0x0000000000000038,0x0000000000000000,0xffffffffe3930bae,0x000000000056bf7e,0x3fedd0be6d8fffb2,0x00000000800049ea,0x4152076dcf9c0ebf,0x40863c66112e3f1f,0x4023c597250c1a0c,0x40069f556bca4913,0x4003c0cac56ffd70,0x4152076dcf9c0ebf,0x414fe4ccf4fdf3b6,0x4129fe7a2cb295ea,0x4152075af3212d77,0x0000000000000000,0x0000000000000000,0x0000000000000000,0x00000001,0x00000001,0x8000000200006600,0x8000000a00007e00,0x800000000094112d,0x000000008000af80,0x00000000800000e4,0x0000000000000002,0x000000007c201073,0x0000000000000080,0x6000000000000000,0x00000000000000c0,0x4000b4c3,0x00000000800049ea,0x000000004000b4c3,0x0000000000e9cae2,0x0000000000e162d5,0x0000000000e9cae2,0x0000000000e162d5,0x0000000000000349,0x0000000000006a9b,0x0000000000005825,0x00000000006e13c4,0x0000000000006220,0x00000000005df895,0x0000000000012d22,0x000000000038d176,0x00000000000000c0,0x0000000000000040,0x00000489,0x8000000000000907,0x0000000007240701,0x03
1783626896017,b,0x0000000080009fc2,0x0000000080019420,0x000000008000f190,0x000000008000f1c0,0x402a601452cd7c1a,0x000000000060dd00,0x0000000000000000,0x0000000080019700,0x0000000080019530,0x000000000060dc00,0x0000000000000100,0x0000000000188242,0x0000000000000004,0x0000000000306e00,0xfffffffff08a0000,0x0000000000000000,0x0000000000000009,0x0000000000000006,0x000000008000f200,0x0000000000000001,0x0000000000000006,0x0000000000000038,0x0000000000000000,0xffffffff8f56d6b8,0x00000000007466ef,0x3fedd0be6d5daef7,0x000000008000a0c8,0x4152076dcf9c0ebf,0x40863c66112e3f1f,0x4023c597250c1a0c,0x40069f556bca4913,0x4003c0cac56ffd70,0x4082530f8c85e114,0x4082530f8c85e114,0x4129fe7a2cb295ea,0x4152075af3212d77,0x40377020c49c0000,0x40428578c63cf23c,0x4082530f8c85e114,0x00000001,0x00000001,0x8000000200006600,0x8000000a00007e00,0x800000000094112d,0x000000008000af80,0x00000000800000e4,0x0000000000000002,0x000000007c201073,0x0000000000000080,0x6000000000000000,0x00000000000000c0,0x4000b4c3,0x000000008000a0c8,0x000000004000b4c3,0x0000000000eacdcc,0x0000000000e26097,0x0000000000eacdcc,0x0000000000e26097,0x000000000000034e,0x0000000000006a9e,0x0000000000005893,0x00000000006e920b,0x0000000000006242,0x00000000005e66dc,0x0000000000012e72,0x00000000003911de,0x00000000000000c0,0x0000000000000040,0x00000489,0x8000000000000907,0x0000000007240701,0x03
1783626897708,b,0x00000000800058f2,0x0000000080018ed0,0x000000008000f190,0x000000008000f1c0,0x0000000080007a7a,0x0000000000000000,0x00000000800191f0,0x0000000080018f20,0x0000000080019530,0x00000000800193a0,0x00000000800194a0,0x0000000000000006,0x0000000000000003,0x0000000000000002,0x0000000000000018,0xffffffffe1e7b3ff,0x00000000441bf43a,0x0000000000000006,0x000000008000f200,0x0000000000000001,0x0000000000000006,0x0000000000000038,0x0000000000000000,0xffffffffe162b16e,0x000000000055dc95,0x3fedd0be6d5daef7,0x00000000800049e0,0x4152076dcf9c0ebf,0x40863c66112e3f1f,0x4023c597250c1a0c,0x40069f556bca4913,0x4003c0cac56ffd70,0x4152076dcf9c0ebf,0x402577255106fd0f,0x4129fe71b1de69ad,0x41520753dc95182b,0x3fc0e154afd32009,0x0000000000000000,0x0000000000000000,0x00000001,0x00000001,0x8000000200006600,0x8000000a00007e00,0x800000000094112d,0x000000008000af80,0x00000000800000e4,0x0000000000000002,0x000000007c201073,0x0000000000000080,0x6000000000000000,0x00000000000000c0,0x4000b4c3,0x00000000800049e0,0x000000004000b4c3,0x0000000000ebd50f,0x0000000000e367ec,0x0000000000ebd50f,0x0000000000e367ec,0x0000000000000351,0x0000000000006aa1,0x00000000000058e3,0x00000000006f115c,0x000000000000626c,0x00000000005ed7b7,0x0000000000012fbe,0x000000000039597f,0x00000000000000c0,0x0000000000000040,0x00000489,0x8000000000000907,0x0000000007240701,0x03
1783626899347,b,0x0000000080005820,0x0000000080018ed0,0x000000008000f190,0x000000008000f1c0,0x0000000080007a7a,0x000000000000000f,0x00000000800191f0,0x0000000080018f20,0x0000000080019530,0x000000008000f238,0x0000000080019310,0x0000000000000006,0x0000000000000006,0x0000000000000001,0x0000000000000019,0x000000008000f201,0x3fe4561eaddbb71f,0x0000000000000006,0x000000008000f200,0x0000000000000001,0x0000000000000006,0x0000000000000038,0x0000000000000000,0x0000000044a7b2de,0x00000000006d327e,0x3fedd0be6d2fcd83,0x000000008000499c,0x4152076dcf9c0ebf,0x40863c66112e3f1f,0x4023c597250c1a0c,0x40069f556bca4913,0x4003c0cac56ffd70,0x4152076dcf9c0ebf,0x414fe4ce5a9fbe77,0x4129fe81b318fc50,0x41520752dc8ce704,0x0000000000000000,0x0000000000000000,0x0000000000000000,0x00000001,0x00000001,0x8000000200006600,0x8000000a00007e00,0x800000000094112d,0x000000008000af80,0x00000000800000e4,0x0000000000000002,0x000000007c201073,0x0000000000000080,0x6000000000000000,0x00000000000000c0,0x4000b4c3,0x000000008000499c,0x000000004000b4c3,0x0000000000ecdc7c,0x0000000000e4694d,0x0000000000ecdc7c,0x0000000000e4694d,0x0000000000000354,0x0000000000006aa4,0x0000000000005935,0x00000000006f8faa,0x0000000000006290,0x00000000005f4aa6,0x00000000000130d1,0x0000000000399d5a,0x00000000000000c0,0x0000000000000040,0x00000489,0x8000000000000907,0x0000000007240701,0x03
1783626900972,b,0x0000000080005744,0x0000000080019060,0x000000008000f190,0x000000008000f1c0,0x0000000080007a7a,0x000000000000000f,0x00000000800191f0,0x00000000800190b0,0x0000000080019530,0x0000000080019310,0x00000000800191f0,0x0000000000000006,0x0000000000000006,0x0000000000000002,0x0000000000000006,0x000000008000f201,0x3fe1bd02aec830e9,0x0000000000000006,0x000000008000f200,0x0000000000000001,0x0000000000000006,0x0000000000000038,0x0000000000000000,0x000000002e7b1c3e,0x00000000007dbe5e,0x3fedd0be6d069d66,0x0000000080004a06,0x4152076dcf9c0ebf,0x40863c66112e3f1f,0x4023c597250c1a0c,0x40069f556bca4913,0x4003c0cac56ffd70,0x4152076dcf9c0ebf,0x414fe4ccc83126e9,0x4129fe64b5f6fd22,0x41520753d1ba5e35,0x0000000000000000,0x0000000000000000,0x0000000000000000,0x00000001,0x00000001,0x8000000200006600,0x8000000a00007e00,0x800000000094112d,0x000000008000af80,0x00000000800000e4,0x0000000000000002,0x000000007c201073,0x0000000000000080,0x6000000000000000,0x00000000000000c0,0x4000b4c3,0x0000000080004a06,0x000000004000b4c3,0x0000000000ee2597,0x0000000000e5ad6d,0x0000000000ee2597,0x0000000000e5ad6d,0x000000000000035b,0x0000000000006aa7,0x00000000000059b7,0x0000000000702fe0,0x00000000000062c2,0x00000000005fd736,0x0000000000013268,0x000000000039f0f8,0x00000000000000c0,0x0000000000000040,0x00000489,0x8000000000000907,0x0000000007240701,0x03
1783626902445,b,0x00000000800056f8,0x0000000080019060,0x000000008000f190,0x000000008000f1c0,0x0000000080007a7a,0x000000000000000f,0x0000000080019430,0x00000000800190b0,0x0000000080019530,0x0000000080019548,0x000000008000f238,0x0000000000000006,0x0000000000000006,0x0000000000000002,0x0000000000000018,0x000000008000f201,0x3fe075b4ca21644c,0x0000000000000006,0x000000008000f200,0x0000000000000001,0x0000000000000006,0x0000000000000038,0x0000000000000000,0xffffffff9ae08e7e,0x0000000000531005,0x3fedd0be6ce22ee5,0x00000000800049ba,0x4152076dcf9c0ebf,0x40863c66112e3f1f,0x4023c597250c1a0c,0x40069f556bca4913,0x4003c0cac56ffd70,0x4152076dcf9c0ebf,0x414fe4cc3c504817,0x4129fe741367a0f9,0x415207539b886595,0x0000000000000000,0x0000000000000000,0x0000000000000000,0x00000001,0x00000001,0x8000000200006600,0x8000000a00007e00,0x800000000094112d,0x000000008000af80,0x00000000800000e4,0x0000000000000002,0x000000007c201073,0x0000000000000080,0x6000000000000000,0x00000000000000c0,0x4000b4c3,0x00000000800049ba,0x000000004000b4c3,0x0000000000ef3a7d,0x0000000000e6bd79,0x0000000000ef3a7d,0x0000000000e6bd79,0x000000000000035e,0x0000000000006aaa,0x0000000000005a37,0x000000000070b76e,0x00000000000062f4,0x0000000000604c53,0x00000000000133da,0x00000000003a3537,0x00000000000000c0,0x0000000000000040,0x00000489,0x8000000000000907,0x0000000007240701,0x03
1783626903922,b,0x0000000080006260,0x0000000080019230,0x000000008000f190,0x000000008000f1c0,0x402a601452822f57,0x0000000000000000,0x0000000000000000,0x0000000080019440,0x0000000080019530,0x0000000080019698,0x00000000800194a0,0x000000008000f238,0x00000000800003f0,0x0000000000000003,0x0000000000000009,0x0000000040794f37,0x00000000108d4ca0,0x0000000000000006,0x000000008000f200,0x0000000000000001,0x0000000000000006,0x0000000000000038,0x0000000000000000,0x0000000040684e00,0x00000000005ceb68,0x3fedd0be6cc26b14,0x0000000080005bce,0x4152076dcf9c0ebf,0x40863c66112e3f1f,0x4023c597250c1a0c,0x40069f556bca4913,0x4003c0cac56ffd70,0x4152076dcf9c0ebf,0x40173ada04235328,0x4129fe741367a0f9,0x415207539b886595,0x01a56e1fc2f8f359,0x0000000000000000,0x4012207dfca3cc45,0x00000001,0x00000001,0x8000000200006600,0x8000000a00007e00,0x800000000094112d,0x000000008000af80,0x00000000800000e4,0x0000000000000002,0x000000007c201073,0x0000000000000080,0x6000000000000000,0x00000000000000c0,0x4000b4c3,0x0000000080005bce,0x000000004000b4c3,0x0000000000f088c1,0x0000000000e80a98,0x0000000000f088c1,0x0000000000e80a98,0x0000000000000360,0x0000000000006aad,0x0000000000005a81,0x0000000000715892,0x0000000000006317,0x000000000060ddd0,0x000000000001355f,0x00000000003a90de,0x00000000000000c0,0x0000000000000040,0x00000489,0x8000000000000907,0x0000000007240701,0x03
1783626905541,b,0x00000000800057ae,0x0000000080018d90,0x000000008000f190,0x000000008000f1c0,0x0000000080007a7a,0x0000000000000000,0x00000000800191f0,0x0000000080018de0,0x0000000080019530,0x0000000080018f50,0x000000008000f238,0x0000000000000006,0x0000000000000006,0x0000000080018df0,0x0000000080018e50,0x000000004aff6b7b,0x00000000440a1d24,0x0000000000000006,0x000000008000f200,0x0000000000000001,0x0000000000000006,0x0000000000000038,0x0000000000000000,0x000000004aef6978,0x000000000055dc95,0x3fedd0be6cc26b14,0x00000000800049f0,0x4152076dcf9c0ebf,0x40863c66112e3f1f,0x4023c597250c1a0c,0x40069f556bca4913,0x4003c0cac56ffd70,0x4152076dcf9c0ebf,0x4025772551028749,0x4129fe7cb65fd8ae,0x4152075733573eab,0x3fea330ae25af1ee,0x0000000000000000,0x0000000000000000,0x00000001,0x00000001,0x8000000200006600,0x8000000a00007e00,0x800000000094112d,0x000000008000af80,0x00000000800000e4,0x0000000000000002,0x000000007c201073,0x0000000000000080,0x6000000000000000,0x00000000000000c0,0x4000b4c3,0x00000000800049f0,0x000000004000b4c3,0x0000000000f1cad4,0x0000000000e949ff,0x0000000000f1cad4,0x0000000000e949ff,0x0000000000000362,0x0000000000006ab0,0x0000000000005acb,0x000000000071f484,0x0000000000006347,0x0000000000616915,0x00000000000136f5,0x00000000003ae521,0x00000000000000c0,0x0000000000000040,0x00000489,0x8000000000000907,0x0000000007240701,0x03
1783626907126,b,0x00000000800058f2,0x0000000080018ed0,0x000000008000f190,0x000000008000f1c0,0x0000000080007a7a,0x0000000000000000,0x00000000800191f0,0x0000000080018f20,0x0000000080019530,0x00000000800193a0,0x00000000800194a0,0x0000000000000006,0x0000000000000003,0x0000000000000004,0x000000000000001e,0x000000007dfbdff7,0x0000000044066288,0x0000000000000006,0x000000008000f200,0x0000000000000001,0x0000000000000006,0x0000000000000038,0x0000000000000000,0x000000007dd9cbe0,0x000000000055dc95,0x3fedd0be6ca71d5f,0x000000008000494a,0x4152076dcf9c0ebf,0x40863c66112e3f1f,0x4023c597250c1a0c,0x40069f556bca4913,0x4003c0cac56ffd70,0x4152076dcf9c0ebf,0x40257725510198a2,0x4129fe727f141206,0x4152075597b2fec5,0x3f8314f4c05c264c,0x0000000000000000,0x0000000000000000,0x00000001,0x00000001,0x8000000200006600,0x8000000a00007e00,0x800000000094112d,0x000000008000af80,0x00000000800000e4,0x0000000000000002,0x000000007c201073,0x0000000000000080,0x6000000000000000,0x00000000000000c0,0x4000b4c3,0x000000008000494a,0x000000004000b4c3,0x0000000000f324b2,0x0000000000ea9f6b,0x0000000000f324b2,0x0000000000ea9f6b,0x0000000000000366,0x0000000000006ab3,0x0000000000005b43,0x0000000000729cdb,0x000000000000637a,0x000000000061fd2d,0x000000000001389a,0x00000000003b3e00,0x00000000000000c0,0x0000000000000040,0x00000489,0x8000000000000907,0x0000000007240701,0x03
1783626908776,b,0x0000000080005820,0x0000000080018ed0,0x000000008000f190,0x000000008000f1c0,0x0000000080007a7a,0x000000000000000f,0x00000000800191f0,0x0000000080018f20,0x0000000080019530,0x000000008000f238,0x0000000080019310,0x0000000000000006,0x0000000000000006,0x0000000000000003,0x0000000000000003,0x000000008000f201,0x3fe225bf0d2a153a,0x0000000000000006,0x000000008000f200,0x0000000000000001,0x0000000000000006,0x0000000000000038,0x0000000000000000,0x00000000015460e0,0x00000000005f072f,0x3fedd0be6c8ffbd6,0x00000000800049d6,0x4152076dcf9c0ebf,0x40863c66112e3f1f,0x4023c597250c1a0c,0x40069f556bca4913,0x4003c0cac56ffd70,0x4152076dcf9c0ebf,0x414fe4ce2fd21ff3,0x4129fe737886594b,0x415207563e4f7660,0x3fe1aec7af362c7a,0x0000000000000000,0x0000000000000000,0x00000001,0x00000001,0x8000000200006600,0x8000000a00007e00,0x800000000094112d,0x000000008000af80,0x00000000800000e4,0x0000000000000002,0x000000007c201073,0x0000000000000080,0x6000000000000000,0x00000000000000c0,0x4000b4c3,0x00000000800049d6,0x000000004000b4c3,0x0000000000f423d9,0x0000000000eb987e,0x0000000000f423d9,0x0000000000eb987e,0x000000000000036b,0x0000000000006ab6,0x0000000000005b9c,0x0000000000731756,0x000000000000639e,0x0000000000626c90,0x00000000000139a2,0x00000000003b7f58,0x00000000000000c0,0x0000000000000040,0x00000489,0x8000000000000907,0x0000000007240701,0x03
1783626910376,b,0x0000000080005744,0x0000000080019060,0x000000008000f190,0x000000008000f1c0,0x0000000080007a7a,0x000000000000000f,0x00000000800191f0,0x00000000800190b0,0x0000000080019530,0x0000000080019310,0x00000000800191f0,0x0000000000000006,0x0000000000000006,0x00000000800190d0,0x00000000000000c0,0x000000008000f201,0x3fe31428fb09b329,0x0000000000000006,0x000000008000f200,0x0000000000000001,0x0000000000000006,0x0000000000000038,0x0000000000000000,0x00000000180615b8,0x00000000005b69e6,0x3fedd0be6c7cae55,0x0000000080004980,0x4152076dcf9c0ebf,0x40863c66112e3f1f,0x4023c597250c1a0c,0x40069f556bca4913,0x4003c0cac56ffd70,0x4152076dcf9c0ebf,0x414fe4cfdf972474,0x4129fe6de4ea4a8c,0x41520758b779a6b5,0x402c3d20391cd072,0x0000000000000000,0x0000000000000000,0x00000001,0x00000001,0x8000000200006600,0x8000000a00007e00,0x800000000094112d,0x000000008000af80,0x00000000800000e4,0x0000000000000002,0x000000007c201073,0x0000000000000080,0x6000000000000000,0x00000000000000c0,0x4000b4c3,0x0000000080004980,0x000000004000b4c3,0x0000000000f56c08,0x0000000000ecdc9a,0x0000000000f56c08,0x0000000000ecdc9a,0x0000000000000370,0x0000000000006ab9,0x0000000000005bfb,0x000000000073b751,0x00000000000063d0,0x000000000062f970,0x0000000000013b3a,0x00000000003bd314,0x00000000000000c0,0x0000000000000040,0x00000489,0x8000000000000907,0x0000000007240701,0x03
1783626911887,b,0x0000000080005744,0x0000000080019060,0x000000008000f190,0x000000008000f1c0,0x0000000080007a7a,0x000000000000000f,0x00000000800191f0,0x00000000800190b0,0x0000000080019530,0x0000000080019310,0x00000000800191f0,0x0000000000000006,0x0000000000000006,0x0000000000000001,0x0000000000000006,0x000000008000f201,0x3fe6a8bf7f6d2b24,0x0000000000000006,0x000000008000f200,0x0000000000000001,0x0000000000000006,0x0000000000000038,0x0000000000000000,0xffffffff8ae3ede0,0x000000000047106f,0x3fedd0be6c6cd46a,0x0000000080004940,0x4152076dcf9c0ebf,0x40863c66112e3f1f,0x4023c597250c1a0c,0x40069f556bca4913,0x4003c0cac56ffd70,0x4152076dcf9c0ebf,0x414fe4cd703126e9,0x4129fe7503e425af,0x41520754dab851ec,0x0000000000000000,0x0000000000000000,0x0000000000000000,0x00000001,0x00000001,0x8000000200006600,0x8000000a00007e00,0x800000000094112d,0x000000008000af80,0x00000000800000e4,0x0000000000000002,0x000000007c201073,0x0000000000000080,0x6000000000000000,0x00000000000000c0,0x4000b4c3,0x0000000080004940,0x000000004000b4c3,0x0000000000f6c7ff,0x0000000000ee3518,0x0000000000f6c7ff,0x0000000000ee3518,0x0000000000000373,0x0000000000006abc,0x0000000000005c64,0x0000000000746112,0x0000000000006406,0x0000000000638e9c,0x0000000000013ceb,0x00000000003c2c50,0x00000000000000c0,0x0000000000000040,0x00000489,0x8000000000000907,0x0000000007240701,0x03
1783626913306,b,0x00000000800056f8,0x0000000080019060,0x000000008000f190,0x000000008000f1c0,0x0000000080007a7a,0x000000000000000f,0x0000000080019430,0x00000000800190b0,0x0000000080019530,0x0000000080019548,0x000000008000f238,0x0000000000000006,0x0000000000000006,0x0000000080019310,0x00000000000000c0,0x000000008000f201,0x3fe4f334e7148316,0x0000000000000006,0x000000008000f200,0x0000000000000001,0x0000000000000006,0x0000000000000038,0x0000000000000000,0x000000000501575e,0x00000000006cca2f,0x3fedd0be6c600a3c,0x00000000800049ea,0x4152076dcf9c0ebf,0x40863c66112e3f1f,0x4023c597250c1a0c,0x40069f556bca4913,0x4003c0cac56ffd70,0x4152076dcf9c0ebf,0x414fe4cc15119ce0,0x4129fe6164f765fe,0x41520759d2c08312,0x0000000000000000,0x0000000000000000,0x0000000000000000,0x00000001,0x00000001,0x8000000200006600,0x8000000a00007e00,0x800000000094112d,0x000000008000af80,0x00000000800000e4,0x0000000000000002,0x000000007c201073,0x0000000000000080,0x6000000000000000,0x00000000000000c0,0x4000b4c3,0x00000000800049ea,0x000000004000b4c3,0x0000000000f81891,0x0000000000ef8032,0x0000000000f81891,0x0000000000ef8032,0x0000000000000377,0x0000000000006abf,0x0000000000005ce1,0x000000000075049b,0x0000000000006438,0x0000000000641f2f,0x0000000000013e8c,0x00000000003c8268,0x00000000000000c0,0x0000000000000040,0x00000489,0x8000000000000907,0x0000000007240701,0x03
1783626914686,b,0x00000000800057ae,0x0000000080018d90,0x000000008000f190,0x000000008000f1c0,0x0000000080007a7a,0x0000000000000000,0x00000000800191f0,0x0000000080018de0,0x0000000080019530,0x0000000080018f50,0x000000008000f238,0x0000000000000006,0x0000000000000006,0x0000000080018df0,0x0000000000000006,0x00000000099cd7fe,0x0000000043fb1052,0x0000000000000006,0x000000008000f200,0x0000000000000001,0x0000000000000006,0x0000000000000038,0x0000000000000000,0x000000000914d2de,0x000000000055dc95,0x3fedd0be6c600a3c,0x00000000800049f8,0x4152076dcf9c0ebf,0x40863c66112e3f1f,0x4023c597250c1a0c,0x40069f556bca4913,0x4003c0cac56ffd70,0x4152076dcf9c0ebf,0x4025772550fec415,0x4129fe6164f765fe,0x41520759d2c08312,0x3ff0000000000000,0xbfc21df522386093,0x3fedd0be6c55ec5b,0x00000001,0x00000001,0x8000000200006600,0x8000000a00007e00,0x800000000094112d,0x000000008000af80,0x00000000800000e4,0x0000000000000002,0x000000007c201073,0x0000000000000080,0x6000000000000000,0x00000000000000c0,0x4000b4c3,0x00000000800049f8,0x000000004000b4c3,0x0000000000f9369d,0x0000000000f09e44,0x0000000000f9369d,0x0000000000f09e44,0x0000000000000378,0x0000000000006ac2,0x0000000000005d1f,0x0000000000758dc9,0x0000000000006455,0x0000000000649c07,0x0000000000013fe2,0x00000000003cd245,0x00000000000000c0,0x0000000000000040,0x00000489,0x8000000000000907,0x0000000007240701,0x03
1783626916144,b,0x000000008000578a,0x0000000080018db0,0x000000008000f190,0x000000008000f1c0,0x0000000080007a7a,0x0000000000000000,0x00000000800191f0,0x0000000080018de0,0x0000000080019530,0x0000000080018f50,0x0000000000000006,0x0000000000000006,0x0000000000000003,0x0000000000000002,0x0000000000000020,0xffffffffbee7fefe,0x0000000043f916d8,0x0000000000000006,0x000000008000f200,0x0000000000000001,0x0000000000000006,0x0000000000000038,0x0000000000000000,0xffffffffbee314e0,0x000000000055dc95,0x3fedd0be6c55ec5e,0x0000000080004ce2,0x4152076dcf9c0ebf,0x40863c66112e3f1f,0x4023c597250c1a0c,0x40069f556bca4913,0x4003c0cac56ffd70,0x4152076dcf9c0ebf,0x4025772550fe45b6,0x4129fe6f1eab367a,0x415207587f089a02,0x3f8314f4c031fca6,0x0000000000000000,0x8000000000000000,0x00000001,0x00000001,0x8000000200006600,0x8000000a00007e00,0x800000000094112d,0x000000008000af80,0x00000000800000e4,0x0000000000000002,0x000000007c201073,0x0000000000000080,0x6000000000000000,0x00000000000000c0,0x4000b4c3,0x0000000080004ce2,0x000000004000b4c3,0x0000000000fa74c0,0x0000000000f1d87e,0x0000000000fa74c0,0x0000000000f1d87e,0x000000000000037c,0x0000000000006ac5,0x0000000000005da0,0x0000000000762956,0x0000000000006489,0x000000000065232d,0x0000000000014179,0x00000000003d2268,0x00000000000000c0,0x0000000000000040,0x00000489,0x8000000000000907,0x0000000007240701,0x03
1783626917554,b,0x000000008000583a,0x0000000080018ed0,0x000000008000f190,0x000000008000f1c0,0x0000000080007a7a,0x000000000000000f,0x00000000800191f0,0x0000000080018f20,0x0000000080019530,0x00000000800194a0,0x000000008000f238,0x0000000000000003,0x0000000000000006,0x0000000000000002,0x0000000000000006,0x000000008000f201,0x3feb110ac686720f,0x0000000000000006,0x000000008000f200,0x0000000000000001,0x0000000000000006,0x0000000000000038,0x0000000000000000,0x000000005809e87e,0x00000000004352a5,0x3fedd0be6c4e1ac5,0x000000008000498e,0x4152076dcf9c0ebf,0x40863c66112e3f1f,0x4023c597250c1a0c,0x40069f556bca4913,0x4003c0cac56ffd70,0x4152076dcf9c0ebf,0x414fe4cbaa9930be,0x4129fe6daccccccd,0x41520755c82a9931,0x3ff0000000000000,0x0000000000000000,0x0000000000000000,0x00000001,0x00000001,0x8000000200006600,0x8000000a00007e00,0x800000000094112d,0x000000008000af80,0x00000000800000e4,0x0000000000000002,0x000000007c201073,0x0000000000000080,0x6000000000000000,0x00000000000000c0,0x4000b4c3,0x000000008000498e,0x000000004000b4c3,0x0000000000fb8f93,0x0000000000f2ecb6,0x0000000000fb8f93,0x0000000000f2ecb6,0x0000000000000381,0x0000000000006ac8,0x0000000000005dea,0x000000000076b083,0x00000000000064ad,0x0000000000659f8c,0x0000000000014293,0x00000000003d6c6a,0x00000000000000c0,0x0000000000000040,0x00000489,0x8000000000000907,0x0000000007240701,0x03
1783626919204,b,0x0000000080005744,0x0000000080019060,0x000000008000f190,0x000000008000f1c0,0x0000000080007a7a,0x000000000000000f,0x00000000800191f0,0x00000000800190b0,0x0000000080019530,0x0000000080019310,0x00000000800191f0,0x0000000000000006,0x0000000000000006,0x0000000000000002,0x0000000000000020,0x000000008000f201,0x3fe933418d900181,0x0000000000000006,0x000000008000f200,0x0000000000000001,0x0000000000000006,0x0000000000000038,0x0000000000000000,0x0000000014cb802e,0x0000000000588687,0x3fedd0be6c483ae9,0x000000008000497a,0x4152076dcf9c0ebf,0x40863c66112e3f1f,0x4023c597250c1a0c,0x40069f556bca4913,0x4003c0cac56ffd70,0x4152076dcf9c0ebf,0x414fe4c92820c49c,0x4129fe69a29c779a,0x41520755040b7803,0x3fedd0be6c483ae6,0x0000000000000000,0x0000000000000000,0x00000001,0x00000001,0x8000000200006600,0x8000000a00007e00,0x800000000094112d,0x000000008000af80,0x00000000800000e4,0x0000000000000002,0x000000007c201073,0x0000000000000080,0x6000000000000000,0x00000000000000c0,0x4000b4c3,0x000000008000497a,0x000000004000b4c3,0x0000000000fcc29f,0x0000000000f41b3d,0x0000000000fcc29f,0x0000000000f41b3d,0x0000000000000386,0x0000000000006acb,0x0000000000005e52,0x0000000000774692,0x00000000000064de,0x0000000000662242,0x0000000000014417,0x00000000003db985,0x00000000000000c0,0x0000000000000040,0x00000489,0x8000000000000907,0x0000000007240701,0x03
1783626920565,b,0x0000000080009fc2,0x0000000080019420,0x000000008000f190,0x000000008000f1c0,0x402a601452207345,0x0000000000000020,0x0000000000000000,0x0000000080019700,0x0000000080019530,0x000000000054bfcd,0xffffffff82f474c0,0x000000000092d437,0x0000000000000003,0x00000000002a5fe6,0xfffffffff1e60b80,0x0000000005e8e9a0,0x0000000005e8e9c0,0x0000000000000006,0x000000008000f200,0x0000000000000001,0x0000000000000006,0x0000000000000038,0x0000000000000006,0x0000000005e8e9a0,0x000000000054bfcd,0x3fedd0be6c43f94b,0x000000008000a100,0x4152076dcf9c0ebf,0x40863c66112e3f1f,0x4023c597250c1a0c,0x40069f556bca4913,0x4003c0cac56ffd70,0x405c0e6e3f73dd89,0x405c0e6e3f73dd89,0x4129fe69a29c779a,0x41520755040b7803,0xc021f78d4fe00000,0x403f85af5756a0b9,0x405c0e6e3f73dd89,0x00000001,0x00000001,0x8000000200006600,0x8000000a00007e00,0x800000000094112d,0x000000008000af80,0x00000000800000e4,0x0000000000000002,0x000000007c201073,0x0000000000000080,0x6000000000000000,0x00000000000000c0,0x4000b4c3,0x000000008000a100,0x000000004000b4c3,0x0000000000fdc41d,0x0000000000f5184f,0x0000000000fdc41d,0x0000000000f5184f,0x000000000000038a,0x0000000000006ace,0x0000000000005ebb,0x000000000077c520,0x0000000000006500,0x0000000000668fb2,0x0000000000014566,0x00000000003df92a,0x00000000000000c0,0x0000000000000040,0x00000489,0x8000000000000907,0x0000000007240701,0x03
1783626922107,b,0x00000000800057ae,0x0000000080018d90,0x000000008000f190,0x000000008000f1c0,0x0000000080007a7a,0x0000000000000000,0x00000000800191f0,0x0000000080018de0,0x0000000080019530,0x0000000080018f50,0x000000008000f238,0x0000000000000006,0x0000000000000006,0x0000000080018f50,0x0000000080019018,0x0000000006dd51fd,0x0000000043f4dc7c,0x0000000000000006,0x000000008000f200,0x0000000000000001,0x0000000000000006,0x0000000000000038,0x0000000000000000,0x0000000006dd51f8,0x000000000055dc95,0x3fedd0be6c43f94b,0x00000000800049a4,0x4152076dcf9c0ebf,0x40863c66112e3f1f,0x4023c597250c1a0c,0x40069f556bca4913,0x4003c0cac56ffd70,0x4152076dcf9c0ebf,0x4025772550fd371f,0x4129fe646a4a8c15,0x41520755d3e425af,0x8000000000000000,0x0000000000000000,0x0000000000000000,0x00000001,0x00000001,0x8000000200006600,0x8000000a00007e00,0x800000000094112d,0x000000008000af80,0x00000000800000e4,0x0000000000000002,0x000000007c201073,0x0000000000000080,0x6000000000000000,0x00000000000000c0,0x4000b4c3,0x00000000800049a4,0x000000004000b4c3,0x0000000000ff039a,0x0000000000f657af,0x0000000000ff039a,0x0000000000f657af,0x000000000000038e,0x0000000000006ad2,0x0000000000005ef1,0x0000000000785e35,0x000000000000652d,0x0000000000671ad2,0x00000000000146ec,0x00000000003e51dc,0x00000000000000c0,0x0000000000000040,0x00000489,0x8000000000000907,0x0000000007240701,0x03
1783626923529,b,0x0000000080009fc2,0x0000000080018dc0,0x000000008000f190,0x000000008000f1c0,0x0000000080007a7a,0x0000000000000008,0x00000000800191f0,0x0000000080018e40,0x0000000080018f00,0x00000000005869e6,0x0000000036076ee0,0x000000000045c212,0x0000000000000002,0x00000000002c34f3,0x0000000047f75780,0x000000006c0eddc8,0x000000006c0eddd0,0x0000000000000006,0x000000008000f200,0x0000000000000001,0x0000000000000006,0x0000000000000038,0x0000000000000004,0x000000006c0eddc8,0x00000000005869e6,0x3fedd0be6c410a4f,0x000000008000a110,0x4152076dcf9c0ebf,0x40863c66112e3f1f,0x4023c597250c1a0c,0x40069f556bca4913,0x4003c0cac56ffd70,0x403e88fa391e4312,0x403e88fa391e4312,0x4129fe6ba7d566cf,0x415207542adc5d64,0x01a56e1fc2f8f359,0x0000000000000000,0x403e88fa391e4312,0x00000001,0x00000001,0x8000000200006600,0x8000000a00007e00,0x800000000094112d,0x000000008000af80,0x00000000800000e4,0x0000000000000002,0x000000007c201073,0x0000000000000080,0x6000000000000000,0x00000000000000c0,0x4000b4c3,0x000000008000a110,0x000000004000b4c3,0x0000000001000acc,0x0000000000f759f5,0x0000000001000acc,0x0000000000f759f5,0x0000000000000392,0x0000000000006ad5,0x0000000000005f54,0x000000000078debd,0x0000000000006554,0x0000000000678b92,0x000000000001480a,0x00000000003e941f,0x00000000000000c0,0x0000000000000040,0x00000489,0x8000000000000907,0x0000000007240701,0x03
1783626925048,b,0x0000000080005744,0x0000000080019060,0x000000008000f190,0x000000008000f1c0,0x0000000080007a7a,0x000000000000000f,0x00000000800191f0,0x00000000800190b0,0x0000000080019530,0x0000000080019310,0x00000000800191f0,0x0000000000000006,0x0000000000000006,0x0000000000000000,0x0000000000000018,0x000000008000f201,0x3fe12fa232890493,0x0000000000000006,0x000000008000f200,0x0000000000000001,0x0000000000000006,0x0000000000000038,0x0000000000000000,0x000000007a0626e0,0x000000000067a94a,0x3fedd0be6c3f2abd,0x00000000800049e4,0x4152076dcf9c0ebf,0x40863c66112e3f1f,0x4023c597250c1a0c,0x40069f556bca4913,0x4003c0cac56ffd70,0x4152076dcf9c0ebf,0x414fe4cee9581062,0x4129fe63bfe5c91d,0x4152075c1d930be1,0x0000000000000000,0x0000000000000000,0x0000000000000000,0x00000001,0x00000001,0x8000000200006600,0x8000000a00007e00,0x800000000094112d,0x000000008000af80,0x00000000800000e4,0x0000000000000002,0x000000007c201073,0x0000000000000080,0x6000000000000000,0x00000000000000c0,0x4000b4c3,0x00000000800049e4,0x000000004000b4c3,0x0000000001011670,0x0000000000f85f73,0x0000000001011670,0x0000000000f85f73,0x0000000000000397,0x0000000000006ad8,0x0000000000005fb5,0x0000000000795f74,0x0000000000006580,0x000000000067fedf,0x000000000001495a,0x00000000003ed745,0x00000000000000c0,0x0000000000000040,0x00000489,0x8000000000000907,0x0000000007240701,0x03
1783626926320,b,0x0000000080009fc2,0x0000000080019420,0x000000008000f190,0x000000008000f1c0,0x402a60145214f41a,0x0000000000000100,0x0000000000000000,0x0000000080019700,0x0000000080019530,0x000000000068a83a,0x00000000553bd600,0x000000000080a0b9,0x0000000000000004,0x000000000034541d,0xffffffffe7a91c00,0xffffffffaa77ad00,0xffffffffaa77ae00,0x0000000000000006,0x000000008000f200,0x0000000000000001,0x0000000000000006,0x0000000000000038,0x0000000000000009,0xffffffffaa77ad00,0x000000000068a83a,0x3fedd0be6c3e1fcc,0x000000008000a100,0x4152076dcf9c0ebf,0x40863c66112e3f1f,0x4023c597250c1a0c,0x40069f556bca4913,0x4003c0cac56ffd70,0x4085648f1bc73642,0x4085648f1bc73642,0x4129fe63bfe5c91d,0x4152075c1d930be1,0x403169374bc80000,0x4077d6d4d003b11f,0x4085648f1bc73642,0x00000001,0x00000001,0x8000000200006600,0x8000000a00007e00,0x800000000094112d,0x000000008000af80,0x00000000800000e4,0x0000000000000002,0x000000007c201073,0x0000000000000080,0x6000000000000000,0x00000000000000c0,0x4000b4c3,0x000000008000a100,0x000000004000b4c3,0x00000000010224c7,0x0000000000f9696d,0x00000000010224c7,0x0000000000f9696d,0x0000000000000399,0x0000000000006adb,0x000000000000601e,0x000000000079e417,0x00000000000065a2,0x0000000000687218,0x0000000000014ab2,0x00000000003f1ada,0x00000000000000c0,0x0000000000000040,0x00000489,0x8000000000000907,0x0000000007240701,0x03
1783626927765,b,0x00000000800057ae,0x0000000080018d90,0x000000008000f190,0x000000008000f1c0,0x0000000080007a7a,0x0000000000000000,0x00000000800191f0,0x0000000080018de0,0x0000000080019530,0x0000000080018f50,0x000000008000f238,0x0000000000000006,0x0000000000000006,0x0000000000000001,0x0000000000000006,0xffffffff8c9da37f,0x0000000043f295be,0x0000000000000006,0x000000008000f200,0x0000000000000001,0x0000000000000006,0x0000000000000038,0x0000000000000000,0xffffffff8c98a37e,0x000000000055dc95,0x3fedd0be6c3e1fcc,0x00000000800049d6,0x4152076dcf9c0ebf,0x40863c66112e3f1f,0x4023c597250c1a0c,0x40069f556bca4913,0x4003c0cac56ffd70,0x4152076dcf9c0ebf,0x4025772550fca570,0x4129fe63910cb296,0x41520750e664c2f8,0xbf9287f43dd4dd64,0x0000000000000000,0x8000000000000000,0x00000001,0x00000001,0x8000000200006600,0x8000000a00007e00,0x800000000094112d,0x000000008000af80,0x00000000800000e4,0x0000000000000002,0x000000007c201073,0x0000000000000080,0x6000000000000000,0x00000000000000c0,0x4000b4c3,0x00000000800049d6,0x000000004000b4c3,0x0000000001034841,0x0000000000fa8da2,0x0000000001034841,0x0000000000fa8da2,0x000000000000039c,0x0000000000006ade,0x0000000000006045,0x00000000007a706c,0x00000000000065cf,0x000000000068f09d,0x0000000000014c23,0x00000000003f6b33,0x00000000000000c0,0x0000000000000040,0x00000489,0x8000000000000907,0x0000000007240701,0x03
1783626929063,b,0x00000000800058f2,0x0000000080018ed0,0x000000008000f190,0x000000008000f1c0,0x0000000080007a7a,0x0000000000000000,0x00000000800191f0,0x0000000080018f20,0x0000000080019530,0x00000000800193a0,0x00000000800194a0,0x0000000000000006,0x0000000000000003,0x00000000800194a0,0x0000000000000088,0xffffffffc3dff76f,0x0000000043f22226,0x0000000000000006,0x000000008000f200,0x0000000000000001,0x0000000000000006,0x0000000000000038,0x0000000000000000,0xffffffffc3ccf12e,0x000000000055dc95,0x3fedd0be6c3db6ea,0x00000000800049c4,0x4152076dcf9c0ebf,0x40863c66112e3f1f,0x4023c597250c1a0c,0x40069f556bca4913,0x4003c0cac56ffd70,0x4152076dcf9c0ebf,0x4025772550fc888a,0x4129fe7e0d9e83e4,0x41520757c386c227,0x0000000000000000,0x0000000000000000,0x0000000000000000,0x00000001,0x00000001,0x8000000200006600,0x8000000a00007e00,0x800000000094112d,0x000000008000af80,0x00000000800000e4,0x0000000000000002,0x000000007c201073,0x0000000000000080,0x6000000000000000,0x00000000000000c0,0x4000b4c3,0x00000000800049c4,0x000000004000b4c3,0x00000000010496ab,0x0000000000fbd7be,0x00000000010496ab,0x0000000000fbd7be,0x00000000000003a1,0x0000000000006ae1,0x00000000000060ae,0x00000000007b1367,0x0000000000006602,0x0000000000697ff9,0x0000000000014db7,0x00000000003fc0dc,0x00000000000000c0,0x0000000000000040,0x00000489,0x8000000000000907,0x0000000007240701,0x03
1783626930629,b,0x0000000080005820,0x0000000080018ed0,0x000000008000f190,0x000000008000f1c0,0x0000000080007a7a,0x000000000000000f,0x00000000800191f0,0x0000000080018f20,0x0000000080019530,0x000000008000f238,0x0000000080019310,0x0000000000000006,0x0000000000000006,0x0000000000000002,0x0000000000000003,0x000000008000f201,0x3fe012562299d540,0x0000000000000006,0x000000008000f200,0x0000000000000001,0x0000000000000006,0x0000000000000038,0x0000000000000000,0xffffffff9812fa2e,0x00000000004c8c06,0x3fedd0be6c3dc559,0x000000008000496c,0x4152076dcf9c0ebf,0x40863c66112e3f1f,0x4023c597250c1a0c,0x40069f556bca4913,0x4003c0cac56ffd70,0x4152076dcf9c0ebf,0x414fe4cc4676c8b4,0x4129fe6d883126e9,0x41520757812d7732,0x3fe1aec7af362c90,0x0000000000000000,0x0000000000000000,0x00000001,0x00000001,0x8000000200006600,0x8000000a00007e00,0x800000000094112d,0x000000008000af80,0x00000000800000e4,0x0000000000000002,0x000000007c201073,0x0000000000000080,0x6000000000000000,0x00000000000000c0,0x4000b4c3,0x000000008000496c,0x000000004000b4c3,0x0000000001059e03,0x0000000000fcd9d3,0x0000000001059e03,0x0000000000fcd9d3,0x00000000000003a5,0x0000000000006ae4,0x00000000000060f5,0x00000000007b9209,0x0000000000006626,0x000000000069f30e,0x0000000000014ece,0x00000000004004c1,0x00000000000000c0,0x0000000000000040,0x00000489,0x8000000000000907,0x0000000007240701,0x03
1783626932138,b,0x00000000800056f8,0x0000000080019060,0x000000008000f190,0x000000008000f1c0,0x0000000080007a7a,0x000000000000000f,0x0000000080019430,0x00000000800190b0,0x0000000080019530,0x0000000080019548,0x000000008000f238,0x0000000000000006,0x0000000000000006,0x000000008000f238,0x0000000000000050,0x000000008000f201,0x3fe06740a5a645ca,0x0000000000000006,0x000000008000f200,0x0000000000000001,0x0000000000000006,0x0000000000000038,0x0000000000000000,0x0000000050678878,0x0000000000419ff9,0x3fedd0be6c3e2798,0x00000000800049c4,0x4152076dcf9c0ebf,0x40863c66112e3f1f,0x4023c597250c1a0c,0x40069f556bca4913,0x4003c0cac56ffd70,0x4152076dcf9c0ebf,0x414fe4cec32ca57a,0x4129fe83c4a8c155,0x4152075d9322d0e5,0x0000000000000000,0x0000000000000000,0x0000000000000000,0x00000001,0x00000001,0x8000000200006600,0x8000000a00007e00,0x800000000094112d,0x000000008000af80,0x00000000800000e4,0x0000000000000002,0x000000007c201073,0x0000000000000080,0x6000000000000000,0x00000000000000c0,0x4000b4c3,0x00000000800049c4,0x000000004000b4c3,0x000000000106b40a,0x0000000000fdeb18,0x000000000106b40a,0x0000000000fdeb18,0x00000000000003a9,0x0000000000006ae7,0x000000000000615c,0x00000000007c1a32,0x0000000000006654,0x00000000006a69bc,0x0000000000015038,0x00000000004049e8,0x00000000000000c0,0x0000000000000040,0x00000489,0x8000000000000907,0x0000000007240701,0x03
1783626933521,b,0x0000000080006260,0x0000000080019230,0x000000008000f190,0x000000008000f1c0,0x402a6014520e6518,0x0000000000000000,0x0000000000000000,0x0000000080019440,0x0000000080019530,0x0000000080019698,0x00000000800194a0,0x000000008000f238,0x00000000800003f0,0x0000000000000000,0x0000000000000000,0xffffffffa0ffdaf9,0x000000001c36a8bc,0x0000000000000006,0x000000008000f200,0x0000000000000001,0x0000000000000006,0x0000000000000038,0x0000000000000000,0xffffffffa0bc5af8,0x00000000006ed4c3,0x3fedd0be6c3ec0b8,0x0000000080005bb8,0x4152076dcf9c0ebf,0x40863c66112e3f1f,0x4023c597250c1a0c,0x40069f556bca4913,0x4003c0cac56ffd70,0x4152076dcf9c0ebf,0x403bb530c70daa2f,0x4129fe83c4a8c155,0x4152075d9322d0e5,0x01a56e1fc2f8f359,0x0000000000000000,0x0000000000000000,0x00000001,0x00000001,0x8000000200006600,0x8000000a00007e00,0x800000000094112d,0x000000008000af80,0x00000000800000e4,0x0000000000000002,0x000000007c201073,0x0000000000000080,0x6000000000000000,0x00000000000000c0,0x4000b4c3,0x0000000080005bb8,0x000000004000b4c3,0x000000000107d581,0x0000000000ff0c21,0x000000000107d581,0x0000000000ff0c21,0x00000000000003ab,0x0000000000006aea,0x00000000000061a9,0x00000000007ca600,0x0000000000006677,0x00000000006ae6a2,0x0000000000015199,0x00000000004098f3,0x00000000000000c0,0x0000000000000040,0x00000489,0x8000000000000907,0x0000000007240701,0x03
1783626935148,b,0x00000000800057ae,0x0000000080018d90,0x000000008000f190,0x000000008000f1c0,0x0000000080007a7a,0x0000000000000000,0x00000000800191f0,0x0000000080018de0,0x0000000080019530,0x0000000080018f50,0x000000008000f238,0x0000000000000006,0x0000000000000006,0x0000000000000001,0x0000000000000007,0x0000000001feef6f,0x0000000043f161ea,0x0000000000000006,0x000000008000f200,0x0000000000000001,0x0000000000000006,0x0000000000000038,0x0000000000000000,0x0000000001fc6b0e,0x000000000055dc95,0x3fedd0be6c3ec0b8,0x00000000800049be,0x4152076dcf9c0ebf,0x40863c66112e3f1f,0x4023c597250c1a0c,0x40069f556bca4913,0x4003c0cac56ffd70,0x4152076dcf9c0ebf,0x4025772550fc587b,0x4129fe7b03afb7e9,0x4152075639b22d0e,0x8000000000000000,0x0000000000000000,0x0000000000000000,0x00000001,0x00000001,0x8000000200006600,0x8000000a00007e00,0x800000000094112d,0x000000008000af80,0x00000000800000e4,0x0000000000000002,0x000000007c201073,0x0000000000000080,0x6000000000000000,0x00000000000000c0,0x4000b4c3,0x00000000800049be,0x000000004000b4c3,0x00000000010928c5,0x0000000001005b9a,0x00000000010928c5,0x0000000001005b9a,0x00000000000003ae,0x0000000000006aed,0x00000000000061f9,0x00000000007d4a3d,0x00000000000066a7,0x00000000006b7934,0x000000000001533d,0x000000000040f12c,0x00000000000000c0,0x0000000000000040,0x00000489,0x8000000000000907,0x0000000007240701,0x03
1783626936676,b,0x0000000080009fc2,0x0000000080018dc0,0x000000008000f190,0x000000008000f1c0,0x0000000080007a7a,0x0000000000000000,0x00000000800191f0,0x0000000080018e40,0x0000000080018f08,0x000000007ff00000,0x00000000405ccc39,0x0000000040500000,0x405ccc3930020741,0x00000000405ccc39,0x0000000030020741,0xffffffffe66bdfde,0x000000006c0eddd2,0x0000000000000006,0x000000008000f200,0x0000000000000001,0x0000000000000006,0x0000000000000038,0x0000000000000000,0xffffffffe669dfde,0x00000000005869e6,0x3fedd0be6c3f79a7,0x000000008000a032,0x4152076dcf9c0ebf,0x40863c66112e3f1f,0x4023c597250c1a0c,0x40069f556bca4913,0x4003c0cac56ffd70,0x405ccc3930020741,0x405ccc3930020741,0x4129fe714b439581,0x41520759c3367a10,0x01a56e1fc2f8f359,0x0000000000000000,0x405ccc3930020741,0x00000001,0x00000001,0x8000000200006600,0x8000000a00007e00,0x800000000094112d,0x000000008000af80,0x00000000800000e4,0x0000000000000002,0x000000007c201073,0x0000000000000080,0x6000000000000000,0x00000000000000c0,0x4000b4c3,0x000000008000a032,0x000000004000b4c3,0x00000000010a4056,0x0000000001016e5d,0x00000000010a4056,0x0000000001016e5d,0x00000000000003b1,0x0000000000006af0,0x0000000000006254,0x00000000007dd2a0,0x00000000000066d0,0x00000000006bf121,0x000000000001546e,0x0000000000413830,0x00000000000000c0,0x0000000000000040,0x00000489,0x8000000000000907,0x0000000007240701,0x03
1783626937992,b,0x0000000080005744,0x0000000080019060,0x000000008000f190,0x000000008000f1c0,0x0000000080007a7a,0x000000000000000f,0x00000000800191f0,0x00000000800190b0,0x0000000080019530,0x0000000080019310,0x00000000800191f0,0x0000000000000006,0x0000000000000006,0x0000000000000004,0x000000000000001c,0x000000008000f201,0x3fe6f8761cadae33,0x0000000000000006,0x000000008000f200,0x0000000000000001,0x0000000000000006,0x0000000000000038,0x0000000000000000,0x0000000004c8d6f8,0x0000000000780607,0x3fedd0be6c404079,0x00000000800049e2,0x4152076dcf9c0ebf,0x40863c66112e3f1f,0x4023c597250c1a0c,0x40069f556bca4913,0x4003c0cac56ffd70,0x4152076dcf9c0ebf,0x414fe4cf629930be,0x4129fe682b0f27bb,0x4152075ac25119ce,0x3ff117a2f91a5a78,0x402c3d2038d148bf,0x3ff117a2f91a5a78,0x00000001,0x00000001,0x8000000200006600,0x8000000a00007e00,0x800000000094112d,0x000000008000af80,0x00000000800000e4,0x0000000000000002,0x000000007c201073,0x0000000000000080,0x6000000000000000,0x00000000000000c0,0x4000b4c3,0x00000000800049e2,0x000000004000b4c3,0x00000000010b51d3,0x000000000102795c,0x00000000010b51d3,0x000000000102795c,0x00000000000003b6,0x0000000000006af3,0x00000000000062ba,0x00000000007e55ef,0x00000000000066fa,0x00000000006c676a,0x00000000000155ba,0x0000000000417d4d,0x00000000000000c0,0x0000000000000040,0x00000489,0x8000000000000907,0x0000000007240701,0x03
1783626939459,b,0x0000000080005744,0x0000000080019060,0x000000008000f190,0x000000008000f1c0,0x0000000080007a7a,0x000000000000000f,0x00000000800191f0,0x00000000800190b0,0x0000000080019530,0x0000000080019310,0x00000000800191f0,0x0000000000000006,0x0000000000000006,0x00000000800191f0,0x0000000080019228,0x000000008000f201,0x3fe97ce666e593d4,0x0000000000000006,0x000000008000f200,0x0000000000000001,0x0000000000000006,0x0000000000000038,0x0000000000000000,0x0000000043b8ab80,0x000000000068f9a9,0x3fedd0be6c4107ab,0x00000000800049c6,0x4152076dcf9c0ebf,0x40863c66112e3f1f,0x4023c597250c1a0c,0x40069f556bca4913,0x4003c0cac56ffd70,0x4152076dcf9c0ebf,0x414fe4d0db2fec57,0x4129fe6bc2de00d2,0x4152075a58d1b717,0x3fb85cd8e2c41b90,0x0000000000000000,0x0000000000000000,0x00000001,0x00000001,0x8000000200006600,0x8000000a00007e00,0x800000000094112d,0x000000008000af80,0x00000000800000e4,0x0000000000000002,0x000000007c201073,0x0000000000000080,0x6000000000000000,0x00000000000000c0,0x4000b4c3,0x00000000800049c6,0x000000004000b4c3,0x00000000010ca5bc,0x000000000103c931,0x00000000010ca5bc,0x000000000103c931,0x00000000000003ba,0x0000000000006af6,0x0000000000006331,0x00000000007efba1,0x0000000000006730,0x00000000006cf88b,0x0000000000015766,0x000000000041d3e1,0x00000000000000c0,0x0000000000000040,0x00000489,0x8000000000000907,0x0000000007240701,0x03
1783626941042,b,0x0000000080006260,0x0000000080019230,0x000000008000f190,0x000000008000f1c0,0x402a6014520ce486,0x0000000000000000,0x0000000000000000,0x0000000080019440,0x0000000080019530,0x0000000080019698,0x00000000800194a0,0x000000008000f238,0x00000000800003f0,0x0000000000000003,0x0000000000000005,0x0000000040f59f60,0x000000005f0790e0,0x0000000000000006,0x000000008000f200,0x0000000000000001,0x0000000000000006,0x0000000000000038,0x0000000000000000,0x0000000040e19e00,0x000000000075ad22,0x3fedd0be6c41c575,0x0000000080005d0a,0x4152076dcf9c0ebf,0x40863c66112e3f1f,0x4023c597250c1a0c,0x40069f556bca4913,0x4003c0cac56ffd70,0x4152076dcf9c0ebf,0x401d6b4897c1e438,0x4129fe6bc2de00d2,0x4152075a58d1b717,0x01a56e1fc2f8f359,0x0000000000000000,0x0000000000000000,0x00000001,0x00000001,0x8000000200006600,0x8000000a00007e00,0x800000000094112d,0x000000008000af80,0x00000000800000e4,0x0000000000000002,0x000000007c201073,0x0000000000000080,0x6000000000000000,0x00000000000000c0,0x4000b4c3,0x0000000080005d0a,0x000000004000b4c3,0x00000000010dc0a1,0x000000000104e0ed,0x00000000010dc0a1,0x000000000104e0ed,0x00000000000003bd,0x0000000000006af9,0x000000000000637c,0x00000000007f8553,0x000000000000674f,0x00000000006d72a8,0x00000000000158c0,0x0000000000421df2,0x00000000000000c0,0x0000000000000040,0x00000489,0x8000000000000907,0x0000000007240701,0x03
1783626942755,b,0x00000000800058f2,0x0000000080018ed0,0x000000008000f190,0x000000008000f1c0,0x0000000080007a7a,0x0000000000000000,0x00000000800191f0,0x0000000080018f20,0x0000000080019530,0x00000000800193a0,0x00000000800194a0,0x0000000000000006,0x0000000000000003,0x0000000080018f50,0x0000000000000002,0x000000002ed833fb,0x0000000043f12cfc,0x0000000000000006,0x000000008000f200,0x0000000000000001,0x0000000000000006,0x0000000000000038,0x0000000000000000,0x000000002ed033f8,0x000000000055dc95,0x3fedd0be6c41c575,0x00000000800049f8,0x4152076dcf9c0ebf,0x40863c66112e3f1f,0x4023c597250c1a0c,0x40069f556bca4913,0x4003c0cac56ffd70,0x4152076dcf9c0ebf,0x4025772550fc4b3f,0x4129fe6500418937,0x4152075cd3df3b64,0x3fc733d4769437a0,0x0000000000000000,0x3fc733d4769437a0,0x00000001,0x00000001,0x8000000200006600,0x8000000a00007e00,0x800000000094112d,0x000000008000af80,0x00000000800000e4,0x0000000000000002,0x000000007c201073,0x0000000000000080,0x6000000000000000,0x00000000000000c0,0x4000b4c3,0x00000000800049f8,0x000000004000b4c3,0x00000000010ec956,0x000000000105e807,0x00000000010ec956,0x000000000105e807,0x00000000000003c0,0x0000000000006afc,0x00000000000063ce,0x0000000000800553,0x000000000000677c,0x00000000006de40d,0x0000000000015a10,0x00000000004263f5,0x00000000000000c0,0x0000000000000040,0x00000489,0x8000000000000907,0x0000000007240701,0x03
1783626944130,b,0x000000008000583a,0x0000000080018ed0,0x000000008000f190,0x000000008000f1c0,0x0000000080007a7a,0x000000000000000f,0x00000000800191f0,0x0000000080018f20,0x0000000080019530,0x00000000800194a0,0x000000008000f238,0x0000000000000003,0x0000000000000006,0x00000000800191f0,0x0000000080019210,0x000000008000f201,0x3feeea8429e12c3c,0x0000000000000006,0x000000008000f200,0x0000000000000001,0x0000000000000006,0x0000000000000038,0x0000000000000000,0xffffffff9236b25e,0x000000000076a014,0x3fedd0be6c42732b,0x00000000800049f0,0x4152076dcf9c0ebf,0x40863c66112e3f1f,0x4023c597250c1a0c,0x40069f556bca4913,0x4003c0cac56ffd70,0x4152076dcf9c0ebf,0x414fe4cf0beab368,0x4129fe7ce9446738,0x4152075b14346dc6,0x0000000000000000,0x0000000000000000,0x0000000000000000,0x00000001,0x00000001,0x8000000200006600,0x8000000a00007e00,0x800000000094112d,0x000000008000af80,0x00000000800000e4,0x0000000000000002,0x000000007c201073,0x0000000000000080,0x6000000000000000,0x00000000000000c0,0x4000b4c3,0x00000000800049f0,0x000000004000b4c3,0x00000000010fe98b,0x0000000001070201,0x00000000010fe98b,0x0000000001070201,0x00000000000003c5,0x0000000000006aff,0x0000000000006429,0x0000000000808f23,0x00000000000067a1,0x00000000006e6246,0x0000000000015b3e,0x000000000042af23,0x00000000000000c0,0x0000000000000040,0x00000489,0x8000000000000907,0x0000000007240701,0x03
1783626945750,b,0x00000000800056f8,0x0000000080019060,0x000000008000f190,0x000000008000f1c0,0x0000000080007a7a,0x000000000000000f,0x0000000080019430,0x00000000800190b0,0x0000000080019530,0x0000000080019548,0x000000008000f238,0x0000000000000006,0x0000000000000006,0x0000000080019548,0x0000000000000003,0x000000008000f201,0x3feffd9114e94c0d,0x0000000000000006,0x000000008000f200,0x0000000000000001,0x0000000000000006,0x0000000000000038,0x0000000000000000,0xffffffffab6641e0,0x00000000007555bc,0x3fedd0be6c430ca6,0x00000000800049aa,0x4152076dcf9c0ebf,0x40863c66112e3f1f,0x4023c597250c1a0c,0x40069f556bca4913,0x4003c0cac56ffd70,0x4152076dcf9c0ebf,0x414fe4cffa7ef9db,0x4129fe73b212d773,0x41520758538ef34d,0x3ff0000000000000,0x0000000000000000,0x0000000000000000,0x00000001,0x00000001,0x8000000200006600,0x8000000a00007e00,0x800000000094112d,0x000000008000af80,0x00000000800000e4,0x0000000000000002,0x000000007c201073,0x0000000000000080,0x6000000000000000,0x00000000000000c0,0x4000b4c3,0x00000000800049aa,0x000000004000b4c3,0x000000000110e185,0x000000000107f4e8,0x000000000110e185,0x000000000107f4e8,0x00000000000003c7,0x0000000000006b02,0x00000000000064a6,0x00000000008108e6,0x00000000000067ce,0x00000000006eca84,0x0000000000015c8d,0x000000000042eb36,0x00000000000000c0,0x0000000000000040,0x00000489,0x8000000000000907,0x0000000007240701,0x03
1783626947219,b,0x00000000800057ae,0x0000000080018d90,0x000000008000f190,0x000000008000f1c0,0x0000000080007a7a,0x0000000000000000,0x00000000800191f0,0x0000000080018de0,0x0000000080019530,0x0000000080018f50,0x000000008000f238,0x0000000000000006,0x0000000000000006,0x0000000000000002,0x0000000000000006,0x00000000592b3e78,0x0000000043f13654,0x0000000000000006,0x000000008000f200,0x0000000000000001,0x0000000000000006,0x0000000000000038,0x0000000000000000,0x0000000059283a38,0x000000000055dc95,0x3fedd0be6c430ca6,0x0000000080004a42,0x4152076dcf9c0ebf,0x40863c66112e3f1f,0x4023c597250c1a0c,0x40069f556bca4913,0x4003c0cac56ffd70,0x4152076dcf9c0ebf,0x4025772550fc4d95,0x4129fe73b212d773,0x41520758538ef34d,0x8000000000000000,0x0000000000000000,0x0000000000000000,0x00000001,0x00000001,0x8000000200006600,0x8000000a00007e00,0x800000000094112d,0x000000008000af80,0x00000000800000e4,0x0000000000000002,0x000000007c201073,0x0000000000000080,0x6000000000000000,0x00000000000000c0,0x4000b4c3,0x0000000080004a42,0x000000004000b4c3,0x000000000111deab,0x000000000108f2ad,0x000000000111deab,0x000000000108f2ad,0x00000000000003c8,0x0000000000006b05,0x00000000000064d6,0x00000000008182d4,0x00000000000067eb,0x00000000006f386a,0x0000000000015dcb,0x0000000000433139,0x00000000000000c0,0x0000000000000040,0x00000489,0x8000000000000907,0x0000000007240701,0x03
1783626948713,b,0x00000000800058f2,0x0000000080018ed0,0x000000008000f190,0x000000008000f1c0,0x0000000080007a7a,0x0000000000000000,0x00000000800191f0,0x0000000080018f20,0x0000000080019530,0x00000000800193a0,0x00000000800194a0,0x0000000000000006,0x0000000000000003,0x0000000000000000,0x0000000000000006,0x0000000049ddefba,0x0000000043f13df4,0x0000000000000006,0x000000008000f200,0x0000000000000001,0x0000000000000006,0x0000000000000038,0x0000000000000000,0x0000000049cce7b8,0x000000000055dc95,0x3fedd0be6c438fbd,0x0000000080004940,0x4152076dcf9c0ebf,0x40863c66112e3f1f,0x4023c597250c1a0c,0x40069f556bca4913,0x4003c0cac56ffd70,0x4152076dcf9c0ebf,0x4025772550fc4f7d,0x4129fe646d42c3ca,0x41520759c1566cf4,0xc0074b7ea1800000,0x3fed57aabf7b094e,0x3fec796976d1d714,0x00000001,0x00000001,0x8000000200006600,0x8000000a00007e00,0x800000000094112d,0x000000008000af80,0x00000000800000e4,0x0000000000000002,0x000000007c201073,0x0000000000000080,0x6000000000000000,0x00000000000000c0,0x4000b4c3,0x0000000080004940,0x000000004000b4c3,0x0000000001131dc7,0x00000000010a2d57,0x0000000001131dc7,0x00000000010a2d57,0x00000000000003cb,0x0000000000006b08,0x0000000000006546,0x0000000000821eb7,0x000000000000681e,0x00000000006fc072,0x0000000000015f4b,0x000000000043823e,0x00000000000000c0,0x0000000000000040,0x00000489,0x8000000000000907,0x0000000007240701,0x03
1783626950066,b,0x0000000080005820,0x0000000080018ed0,0x000000008000f190,0x000000008000f1c0,0x0000000080007a7a,0x000000000000000f,0x00000000800191f0,0x0000000080018f20,0x0000000080019530,0x000000008000f238,0x0000000080019310,0x0000000000000006,0x0000000000000006,0x0000000000000003,0x0000000000000003,0x000000008000f201,0x3fec796976d1d714,0x0000000000000006,0x000000008000f200,0x0000000000000001,0x0000000000000006,0x0000000000000038,0x0000000000000000,0xffffffff875b4fe0,0x0000000000744567,0x3fedd0be6c43fbd4,0x00000000800049b0,0x4152076dcf9c0ebf,0x40863c66112e3f1f,0x4023c597250c1a0c,0x40069f556bca4913,0x4003c0cac56ffd70,0x4152076dcf9c0ebf,0x414fe4d1d6dc5d64,0x4129fe7cf07c84b6,0x4152075b43b4a234,0x3fe1aec7af362c5d,0x401623e8e4790c11,0x401623e8e4790c11,0x00000001,0x00000001,0x8000000200006600,0x8000000a00007e00,0x800000000094112d,0x000000008000af80,0x00000000800000e4,0x0000000000000002,0x000000007c201073,0x0000000000000080,0x6000000000000000,0x00000000000000c0,0x4000b4c3,0x00000000800049b0,0x000000004000b4c3,0x000000000114324f,0x00000000010b3c00,0x000000000114324f,0x00000000010b3c00,0x00000000000003cf,0x0000000000006b0b,0x0000000000006596,0x000000000082a339,0x0000000000006842,0x0000000000703939,0x0000000000016075,0x000000000043c9e8,0x00000000000000c0,0x0000000000000040,0x00000489,0x8000000000000907,0x0000000007240701,0x03
1783626951494,b,0x0000000080005744,0x0000000080019060,0x000000008000f190,0x000000008000f1c0,0x0000000080007a7a,0x000000000000000f,0x00000000800191f0,0x00000000800190b0,0x0000000080019530,0x0000000080019310,0x00000000800191f0,0x0000000000000006,0x0000000000000006,0x0000000000000006,0x0000000000000006,0x000000008000f201,0x3fed4156932162e7,0x0000000000000006,0x000000008000f200,0x0000000000000001,0x0000000000000006,0x0000000000000038,0x0000000000000000,0x00000000235ea44e,0x000000000048f684,0x3fedd0be6c445178,0x0000000080004a0a,0x4152076dcf9c0ebf,0x40863c66112e3f1f,0x4023c597250c1a0c,0x40069f556bca4913,0x4003c0cac56ffd70,0x4152076dcf9c0ebf,0x414fe4cd7eecbfb1,0x4129fe5ee1bda512,0x4152075575724745,0x0000000000000000,0x3fe185d1eca6d033,0x3fe185d1eca6d033,0x00000001,0x00000001,0x8000000200006600,0x8000000a00007e00,0x800000000094112d,0x000000008000af80,0x00000000800000e4,0x0000000000000002,0x000000007c201073,0x0000000000000080,0x6000000000000000,0x00000000000000c0,0x4000b4c3,0x0000000080004a0a,0x000000004000b4c3,0x0000000001157b34,0x00000000010c801f,0x0000000001157b34,0x00000000010c801f,0x00000000000003d3,0x0000000000006b0e,0x0000000000006605,0x000000000083433b,0x0000000000006874,0x000000000070c641,0x000000000001620d,0x0000000000441da8,0x00000000000000c0,0x0000000000000040,0x00000489,0x8000000000000907,0x0000000007240701,0x03
1783626953043,b,0x0000000080006260,0x0000000080019230,0x000000008000f190,0x000000008000f1c0,0x402a6014520d66de,0x0000000000000000,0x0000000000000000,0x0000000080019440,0x0000000080019530,0x0000000080019698,0x00000000800194a0,0x000000008000f238,0x00000000800003f0,0x0000000000000000,0x0000000000000000,0x000000006ab59df7,0xffffffffcf92fc48,0x0000000000000006,0x000000008000f200,0x0000000000000001,0x0000000000000006,0x0000000000000038,0x0000000000000000,0x000000006aa115e0,0x000000000061bbb7,0x3fedd0be6c449209,0x0000000080005fe6,0x4152076dcf9c0ebf,0x40863c66112e3f1f,0x4023c597250c1a0c,0x40069f556bca4913,0x4003c0cac56ffd70,0x4152076dcf9c0ebf,0x40386eedf3e4bf12,0x4129fe5ee1bda512,0x4152075575724745,0x0000000000000000,0x408b40fc22521496,0x0000000000000000,0x00000001,0x00000001,0x8000000200006600,0x8000000a00007e00,0x800000000094112d,0x000000008000af80,0x00000000800000e4,0x0000000000000002,0x000000007c201073,0x0000000000000080,0x6000000000000000,0x00000000000000c0,0x4000b4c3,0x0000000080005fe6,0x000000004000b4c3,0x000000000116896c,0x00000000010d8a15,0x000000000116896c,0x00000000010d8a15,0x00000000000003d6,0x0000000000006b11,0x0000000000006650,0x000000000083c703,0x0000000000006893,0x0000000000713ac0,0x0000000000016360,0x0000000000446254,0x00000000000000c0,0x0000000000000040,0x00000489,0x8000000000000907,0x0000000007240701,0x03
1783626954516,b,0x00000000800057ae,0x0000000080018d90,0x000000008000f190,0x000000008000f1c0,0x0000000080007a7a,0x0000000000000000,0x00000000800191f0,0x0000000080018de0,0x0000000080019530,0x0000000080018f50,0x000000008000f238,0x0000000000000006,0x0000000000000006,0x0000000000000001,0x0000000000000006,0xffffffffe9f3f77f,0x0000000043f155e4,0x0000000000000006,0x000000008000f200,0x0000000000000001,0x0000000000000006,0x0000000000000038,0x0000000000000000,0xffffffffe9f36678,0x000000000055dc95,0x3fedd0be6c449209,0x000000008000496c,0x4152076dcf9c0ebf,0x40863c66112e3f1f,0x4023c597250c1a0c,0x40069f556bca4913,0x4003c0cac56ffd70,0x4152076dcf9c0ebf,0x4025772550fc5579,0x4129fe70074538ef,0x4152075b1c2c3c9f,0x8000000000000000,0x3fdcf46da09c9983,0x3fdcf46da09c9983,0x00000001,0x00000001,0x8000000200006600,0x8000000a00007e00,0x800000000094112d,0x000000008000af80,0x00000000800000e4,0x0000000000000002,0x000000007c201073,0x0000000000000080,0x6000000000000000,0x00000000000000c0,0x4000b4c3,0x000000008000496c,0x000000004000b4c3,0x000000000117abe0,0x00000000010eacde,0x000000000117abe0,0x00000000010eacde,0x00000000000003da,0x0000000000006b14,0x0000000000006698,0x0000000000845374,0x00000000000068c3,0x000000000071b785,0x00000000000164d6,0x000000000044b116,0x00000000000000c0,0x0000000000000040,0x00000489,0x8000000000000907,0x0000000007240701,0x03
1783626956245,b,0x000000008000589c,0x0000000080018ed0,0x000000008000f190,0x000000008000f1c0,0x0000000080007a7a,0x0000000000000000,0x00000000800191f0,0x0000000080018f20,0x0000000080019530,0x0000000080019280,0x0000000080019118,0x0000000000000006,0x0000000000000003,0x0000000000000000,0x0000000000000003,0xffffffff9bb557ae,0x0000000043f15c90,0x0000000000000006,0x000000008000f200,0x0000000000000001,0x0000000000000006,0x0000000000000038,0x0000000000000000,0xffffffff9bb41780,0x000000000055dc95,0x3fedd0be6c44bf72,0x0000000080004a0a,0x4152076dcf9c0ebf,0x40863c66112e3f1f,0x4023c597250c1a0c,0x40069f556bca4913,0x4003c0cac56ffd70,0x4152076dcf9c0ebf,0x4025772550fc5724,0x4129fe6c20b78034,0x4152075b8519ce07,0x0000000000000000,0x0000000000000000,0x0000000000000000,0x00000001,0x00000001,0x8000000200006600,0x8000000a00007e00,0x800000000094112d,0x000000008000af80,0x00000000800000e4,0x0000000000000002,0x000000007c201073,0x0000000000000080,0x6000000000000000,0x00000000000000c0,0x4000b4c3,0x0000000080004a0a,0x000000004000b4c3,0x000000000118e3bd,0x00000000010fe08f,0x000000000118e3bd,0x00000000010fe08f,0x00000000000003dd,0x0000000000006b17,0x0000000000006704,0x000000000084ec2e,0x00000000000068f2,0x0000000000723cf3,0x000000000001663e,0x0000000000450064,0x00000000000000c0,0x0000000000000040,0x00000489,0x8000000000000907,0x0000000007240701,0x03
1783626957916,b,0x000000008000583a,0x0000000080018ed0,0x000000008000f190,0x000000008000f1c0,0x0000000080007a7a,0x000000000000000f,0x00000000800191f0,0x0000000080018f20,0x0000000080019530,0x00000000800194a0,0x000000008000f238,0x0000000000000003,0x0000000000000006,0x0000000000000004,0x0000000000000006,0x000000008000f201,0x3fe8a10471fab4eb,0x0000000000000006,0x000000008000f200,0x0000000000000001,0x0000000000000006,0x0000000000000038,0x0000000000000000,0x0000000033ac55f8,0x000000000048636d,0x3fedd0be6c44dbf3,0x00000000800049b0,0x4152076dcf9c0ebf,0x40863c66112e3f1f,0x4023c597250c1a0c,0x40069f556bca4913,0x4003c0cac56ffd70,0x4152076dcf9c0ebf,0x414fe4d247aacd9f,0x4129fe68bf8a0903,0x41520758122b6ae8,0x0000000000000000,0x0000000000000000,0x0000000000000000,0x00000001,0x00000001,0x8000000200006600,0x8000000a00007e00,0x800000000094112d,0x000000008000af80,0x00000000800000e4,0x0000000000000002,0x000000007c201073,0x0000000000000080,0x6000000000000000,0x00000000000000c0,0x4000b4c3,0x00000000800049b0,0x000000004000b4c3,0x00000000011a1b2a,0x00000000011111e7,0x00000000011a1b2a,0x00000000011111e7,0x00000000000003e3,0x0000000000006b1a,0x0000000000006751,0x00000000008580b5,0x000000000000691b,0x000000000072c574,0x0000000000016798,0x0000000000455235,0x00000000000000c0,0x0000000000000040,0x00000489,0x8000000000000907,0x0000000007240701,0x03
1783626959540,b,0x0000000080005744,0x0000000080019060,0x000000008000f190,0x000000008000f1c0,0x0000000080007a7a,0x000000000000000f,0x00000000800191f0,0x00000000800190b0,0x0000000080019530,0x0000000080019310,0x00000000800191f0,0x0000000000000006,0x0000000000000006,0x0000000000000002,0x0000000000000020,0x000000008000f201,0x3fe52cb1204bd383,0x0000000000000006,0x000000008000f200,0x0000000000000001,0x0000000000000006,0x0000000000000038,0x0000000000000000,0x000000005dea52ae,0x00000000004f3e23,0x3fedd0be6c44e9f4,0x000000008000499a,0x4152076dcf9c0ebf,0x40863c66112e3f1f,0x4023c597250c1a0c,0x40069f556bca4913,0x4003c0cac56ffd70,0x4152076dcf9c0ebf,0x414fe4d32c7e2824,0x4129fe73d3b645a2,0x41520756913f7cee,0x0000000000000000,0x0000000000000000,0x0000000000000000,0x00000001,0x00000001,0x8000000200006600,0x8000000a00007e00,0x800000000094112d,0x000000008000af80,0x00000000800000e4,0x0000000000000002,0x000000007c201073,0x0000000000000080,0x6000000000000000,0x00000000000000c0,0x4000b4c3,0x000000008000499a,0x000000004000b4c3,0x00000000011b5f92,0x0000000001125186,0x00000000011b5f92,0x0000000001125186,0x00000000000003e6,0x0000000000006b1d,0x00000000000067c2,0x0000000000861e95,0x000000000000694c,0x000000000073507b,0x000000000001692a,0x000000000045a4af,0x00000000000000c0,0x0000000000000040,0x00000489,0x8000000000000907,0x0000000007240701,0x03
1783626960902,b,0x00000000800056f8,0x0000000080019060,0x000000008000f190,0x000000008000f1c0,0x0000000080007a7a,0x000000000000000f,0x0000000080019430,0x00000000800190b0,0x0000000080019530,0x0000000080019548,0x000000008000f238,0x0000000000000006,0x0000000000000006,0x0000000000000001,0x0000000000000006,0x000000008000f201,0x3fe02f6b0e832890,0x0000000000000006,0x000000008000f200,0x0000000000000001,0x0000000000000006,0x0000000000000038,0x0000000000000000,0xffffffffc319067e,0x00000000005950ca,0x3fedd0be6c44ebde,0x000000008000496c,0x4152076dcf9c0ebf,0x40863c66112e3f1f,0x4023c597250c1a0c,0x40069f556bca4913,0x4003c0cac56ffd70,0x4152076dcf9c0ebf,0x414fe4d04dd2f1aa,0x4129fe5a38d4fdf4,0x4152075c3abd3c36,0x0000000000000000,0x0000000000000000,0x0000000000000000,0x00000001,0x00000001,0x8000000200006600,0x8000000a00007e00,0x800000000094112d,0x000000008000af80,0x00000000800000e4,0x0000000000000002,0x000000007c201073,0x0000000000000080,0x6000000000000000,0x00000000000000c0,0x4000b4c3,0x000000008000496c,0x000000004000b4c3,0x00000000011c7552,0x00000000011362ce,0x00000000011c7552,0x00000000011362ce,0x00000000000003ed,0x0000000000006b20,0x000000000000682b,0x000000000086a6c2,0x000000000000697e,0x000000000073c5d5,0x0000000000016a9d,0x000000000045e94a,0x00000000000000c0,0x0000000000000040,0x00000489,0x8000000000000907,0x0000000007240701,0x03
1783626962335,b,0x00000000800057ae,0x0000000080018d90,0x000000008000f190,0x000000008000f1c0,0x0000000080007a7a,0x0000000000000000,0x00000000800191f0,0x0000000080018de0,0x0000000080019530,0x0000000080018f50,0x000000008000f238,0x0000000000000006,0x0000000000000006,0x000000008000f238,0x000000008000f278,0xffffffffeefe6f3e,0x0000000043f169ec,0x0000000000000006,0x000000008000f200,0x0000000000000001,0x0000000000000006,0x0000000000000038,0x0000000000000000,0xffffffffeeea4738,0x000000000055dc95,0x3fedd0be6c44ebde,0x00000000800049c6,0x4152076dcf9c0ebf,0x40863c66112e3f1f,0x4023c597250c1a0c,0x40069f556bca4913,0x4003c0cac56ffd70,0x4152076dcf9c0ebf,0x4025772550fc5a7b,0x4129fe5a38d4fdf4,0x4152075c3abd3c36,0x3ff0000000000000,0x0000000000000000,0x0000000000000000,0x00000001,0x00000001,0x8000000200006600,0x8000000a00007e00,0x800000000094112d,0x000000008000af80,0x00000000800000e4,0x0000000000000002,0x000000007c201073,0x0000000000000080,0x6000000000000000,0x00000000000000c0,0x4000b4c3,0x00000000800049c6,0x000000004000b4c3,0x00000000011d825a,0x0000000001147042,0x00000000011d825a,0x0000000001147042,0x00000000000003f0,0x0000000000006b23,0x0000000000006859,0x0000000000872818,0x000000000000699b,0x0000000000743ae8,0x0000000000016be8,0x0000000000463416,0x00000000000000c0,0x0000000000000040,0x00000489,0x8000000000000907,0x0000000007240701,0x03
1783626963771,b,0x000000008000589c,0x0000000080018ed0,0x000000008000f190,0x000000008000f1c0,0x0000000080007a7a,0x0000000000000000,0x00000000800191f0,0x0000000080018f20,0x0000000080019530,0x0000000080019280,0x0000000080019118,0x0000000000000006,0x0000000000000003,0x0000000080019118,0x0000000000000001,0x000000002f54fdf8,0x0000000043f16c24,0x0000000000000006,0x000000008000f200,0x0000000000000001,0x0000000000000006,0x0000000000000038,0x0000000000000000,0x000000002f44cd78,0x000000000055dc95,0x3fedd0be6c44e406,0x00000000800049d0,0x4152076dcf9c0ebf,0x40863c66112e3f1f,0x4023c597250c1a0c,0x40069f556bca4913,0x4003c0cac56ffd70,0x4152076dcf9c0ebf,0x4025772550fc5b09,0x4129fe741f7ced91,0x4152075df0f5c28f,0x0000000000000000,0x0000000000000000,0x0000000000000000,0x00000001,0x00000001,0x8000000200006600,0x8000000a00007e00,0x800000000094112d,0x000000008000af80,0x00000000800000e4,0x0000000000000002,0x000000007c201073,0x0000000000000080,0x6000000000000000,0x00000000000000c0,0x4000b4c3,0x00000000800049d0,0x000000004000b4c3,0x00000000011eb813,0x000000000115a145,0x00000000011eb813,0x000000000115a145,0x00000000000003f4,0x0000000000006b26,0x00000000000068c3,0x000000000087bf8e,0x00000000000069ca,0x000000000074bf57,0x0000000000016d4c,0x00000000004682aa,0x00000000000000c0,0x0000000000000040,0x00000489,0x8000000000000907,0x0000000007240701,0x03
1783626965274,b,0x0000000080005820,0x0000000080018ed0,0x000000008000f190,0x000000008000f1c0,0x0000000080007a7a,0x000000000000000f,0x00000000800191f0,0x0000000080018f20,0x0000000080019530,0x000000008000f238,0x0000000080019310,0x0000000000000006,0x0000000000000006,0x0000000000000001,0x0000000000000004,0x000000008000f201,0x3fe64bdf72a10032,0x0000000000000006,0x000000008000f200,0x0000000000000001,0x0000000000000006,0x0000000000000038,0x0000000000000000,0x0000000003842cee,0x00000000004dd8d2,0x3fedd0be6c44d495,0x00000000800049be,0x4152076dcf9c0ebf,0x40863c66112e3f1f,0x4023c597250c1a0c,0x40069f556bca4913,0x4003c0cac56ffd70,0x4152076dcf9c0ebf,0x414fe4cffa161e4f,0x4129fe605a1cac08,0x41520759c39096bc,0x0000000000000000,0x0000000000000000,0x0000000000000000,0x00000001,0x00000001,0x8000000200006600,0x8000000a00007e00,0x800000000094112d,0x000000008000af80,0x00000000800000e4,0x0000000000000002,0x000000007c201073,0x0000000000000080,0x6000000000000000,0x00000000000000c0,0x4000b4c3,0x00000000800049be,0x000000004000b4c3,0x00000000011fe415,0x000000000116c735,0x00000000011fe415,0x000000000116c735,0x00000000000003f9,0x0000000000006b2a,0x0000000000006916,0x0000000000884eb3,0x00000000000069f2,0x00000000007542df,0x0000000000016e9d,0x000000000046d112,0x00000000000000c0,0x0000000000000040,0x00000489,0x8000000000000907,0x0000000007240701,0x03
1783626966857,b,0x00000000800056f8,0x0000000080019060,0x000000008000f190,0x000000008000f1c0,0x0000000080007a7a,0x000000000000000f,0x0000000080019430,0x00000000800190b0,0x0000000080019530,0x0000000080019548,0x000000008000f238,0x0000000000000006,0x0000000000000006,0x0000000000000001,0x0000000000000006,0x000000008000f201,0x3fe470db15df53bd,0x0000000000000006,0x000000008000f200,0x0000000000000001,0x0000000000000006,0x0000000000000038,0x0000000000000000,0x00000000480f910e,0x00000000004a5adb,0x3fedd0be6c44bf84,0x00000000800049b0,0x4152076dcf9c0ebf,0x40863c66112e3f1f,0x4023c597250c1a0c,0x40069f556bca4913,0x4003c0cac56ffd70,0x4152076dcf9c0ebf,0x414fe4d2c61e4f76,0x4129fe5b64dd2f1b,0x4152075c8c96bb99,0x0000000000000000,0x0000000000000000,0x0000000000000000,0x00000001,0x00000001,0x8000000200006600,0x8000000a00007e00,0x800000000094112d,0x000000008000af80,0x00000000800000e4,0x0000000000000002,0x000000007c201073,0x0000000000000080,0x6000000000000000,0x00000000000000c0,0x4000b4c3,0x00000000800049b0,0x000000004000b4c3,0x000000000120f5fe,0x000000000117d432,0x000000000120f5fe,0x000000000117d432,0x00000000000003fc,0x0000000000006b2d,0x0000000000006971,0x000000000088d4c5,0x0000000000006a20,0x000000000075b75e,0x0000000000017003,0x000000000047150c,0x00000000000000c0,0x0000000000000040,0x00000489,0x8000000000000907,0x0000000007240701,0x03
1783626968494,b,0x00000000800057ae,0x0000000080018d90,0x000000008000f190,0x000000008000f1c0,0x0000000080007a7a,0x0000000000000000,0x00000000800191f0,0x0000000080018de0,0x0000000080019530,0x0000000080018f50,0x000000008000f238,0x0000000000000006,0x0000000000000006,0x0000000000000002,0x0000000000000006,0xffffffff8dfd7dde,0x0000000043f16db2,0x0000000000000006,0x000000008000f200,0x0000000000000001,0x0000000000000006,0x0000000000000038,0x0000000000000000,0xffffffff8ded781e,0x000000000055dc95,0x3fedd0be6c44bf84,0x00000000800049b0,0x4152076dcf9c0ebf,0x40863c66112e3f1f,0x4023c597250c1a0c,0x40069f556bca4913,0x4003c0cac56ffd70,0x4152076dcf9c0ebf,0x4025772550fc5b6d,0x4129fe5b64dd2f1b,0x4152075c8c96bb99,0x8000000000000000,0x0000000000000000,0x0000000000000000,0x00000001,0x00000001,0x8000000200006600,0x8000000a00007e00,0x800000000094112d,0x000000008000af80,0x00000000800000e4,0x0000000000000002,0x000000007c201073,0x0000000000000080,0x6000000000000000,0x00000000000000c0,0x4000b4c3,0x00000000800049b0,0x000000004000b4c3,0x0000000001220027,0x000000000118df26,0x0000000001220027,0x000000000118df26,0x00000000000003fe,0x0000000000006b30,0x0000000000006999,0x00000000008954ed,0x0000000000006a3d,0x0000000000762b04,0x000000000001714b,0x0000000000475f15,0x00000000000000c0,0x0000000000000040,0x00000489,0x8000000000000907,0x0000000007240701,0x03
1783626970172,b,0x000000008000583a,0x0000000080018ed0,0x000000008000f190,0x000000008000f1c0,0x0000000080007a7a,0x000000000000000f,0x00000000800191f0,0x0000000080018f20,0x0000000080019530,0x00000000800194a0,0x000000008000f238,0x0000000000000003,0x0000000000000006,0x00000000800191f0,0x0000000000000040,0x000000008000f201,0x3fe5f61717582e55,0x0000000000000006,0x000000008000f200,0x0000000000000001,0x0000000000000006,0x0000000000000038,0x0000000000000000,0xffffffffca675dce,0x000000000056d82d,0x3fedd0be6c44a690,0x00000000800049ea,0x4152076dcf9c0ebf,0x40863c66112e3f1f,0x4023c597250c1a0c,0x40069f556bca4913,0x4003c0cac56ffd70,0x4152076dcf9c0ebf,0x414fe4cddc22680a,0x4129fe6f5b3d07c8,0x4152075cd0e8a71e,0x0000000000000000,0x0000000000000000,0x0000000000000000,0x00000001,0x00000001,0x8000000200006600,0x8000000a00007e00,0x800000000094112d,0x000000008000af80,0x00000000800000e4,0x0000000000000002,0x000000007c201073,0x0000000000000080,0x6000000000000000,0x00000000000000c0,0x4000b4c3,0x00000000800049ea,0x000000004000b4c3,0x000000000122e219,0x000000000119bb56,0x000000000122e219,0x000000000119bb56,0x0000000000000401,0x0000000000006b33,0x00000000000069e7,0x000000000089c1a8,0x0000000000006a5f,0x0000000000768d19,0x0000000000017237,0x000000000047982f,0x00000000000000c0,0x0000000000000040,0x00000489,0x8000000000000907,0x0000000007240701,0x03
1783626971654,b,0x0000000080005744,0x0000000080019060,0x000000008000f190,0x000000008000f1c0,0x0000000080007a7a,0x000000000000000f,0x00000000800191f0,0x00000000800190b0,0x0000000080019530,0x0000000080019310,0x00000000800191f0,0x0000000000000006,0x0000000000000006,0x0000000000000000,0x0000000000000006,0x000000008000f201,0x3fe7651728da145b,0x0000000000000006,0x000000008000f200,0x0000000000000001,0x0000000000000006,0x0000000000000038,0x0000000000000000,0xffffffffd5442e00,0x0000000000452d9b,0x3fedd0be6c448b37,0x00000000800049d6,0x4152076dcf9c0ebf,0x40863c66112e3f1f,0x4023c597250c1a0c,0x40069f556bca4913,0x4003c0cac56ffd70,0x4152076dcf9c0ebf,0x414fe4ce9a4dd2f2,0x4129fe5c5212d773,0x4152075c1ea64c30,0x0000000000000000,0x3fe185d1eca6d032,0x0000000000000000,0x00000001,0x00000001,0x8000000200006600,0x8000000a00007e00,0x800000000094112d,0x000000008000af80,0x00000000800000e4,0x0000000000000002,0x000000007c201073,0x0000000000000080,0x6000000000000000,0x00000000000000c0,0x4000b4c3,0x00000000800049d6,0x000000004000b4c3,0x000000000123f0c0,0x00000000011ac5e6,0x000000000123f0c0,0x00000000011ac5e6,0x0000000000000405,0x0000000000006b36,0x0000000000006a52,0x00000000008a4694,0x0000000000006a90,0x000000000076feff,0x000000000001739f,0x000000000047da76,0x00000000000000c0,0x0000000000000040,0x00000489,0x8000000000000907,0x0000000007240701,0x03
1783626973069,b,0x0000000080006260,0x0000000080019230,0x000000008000f190,0x000000008000f1c0,0x402a6014520de000,0x0000000000000000,0x0000000000000000,0x0000000080019440,0x0000000080019530,0x0000000080019698,0x00000000800194a0,0x000000008000f238,0x00000000800003f0,0x0000000000000000,0x0000000000000000,0x000000004e9ebbe1,0xfffffffff0bb2488,0x0000000000000006,0x000000008000f200,0x0000000000000001,0x0000000000000006,0x0000000000000038,0x0000000000000000,0x000000004e0cbbe0,0x00000000007b1933,0x3fedd0be6c446eb7,0x0000000080005cac,0x4152076dcf9c0ebf,0x40863c66112e3f1f,0x4023c597250c1a0c,0x40069f556bca4913,0x4003c0cac56ffd70,0x4152076dcf9c0ebf,0x401ec64cfc2ec922,0x4129fe5c5212d773,0x4152075c1ea64c30,0x01a56e1fc2f8f359,0x3fedd0be6c446eb7,0x0000000000000000,0x00000001,0x00000001,0x8000000200006600,0x8000000a00007e00,0x800000000094112d,0x000000008000af80,0x00000000800000e4,0x0000000000000002,0x000000007c201073,0x0000000000000080,0x6000000000000000,0x00000000000000c0,0x4000b4c3,0x0000000080005cac,0x000000004000b4c3,0x0000000001250fd3,0x00000000011be286,0x0000000001250fd3,0x00000000011be286,0x0000000000000407,0x0000000000006b39,0x0000000000006a8f,0x00000000008ad20e,0x0000000000006aaf,0x0000000000777b4a,0x00000000000174fc,0x0000000000482699,0x00000000000000c0,0x0000000000000040,0x00000489,0x8000000000000907,0x0000000007240701,0x03
1783626974334,b,0x00000000800058dc,0x0000000080018ee0,0x000000008000f190,0x000000008000f1c0,0x0000000080007a7a,0x0000000000000000,0x00000000800191f0,0x0000000080018f20,0x0000000080019530,0x000000008000f208,0x0000000080019070,0x000000008000f208,0x0000000000000006,0x000000008000f208,0x000000008000f208,0x00000000137db7ff,0x0000000043f16ac6,0x0000000000000006,0x000000008000f200,0x0000000000000001,0x0000000000000006,0x0000000000000038,0x0000000000000000,0x000000001355b76e,0x000000000055dc95,0x3fedd0be6c446eb7,0x0000000080005518,0x4152076dcf9c0ebf,0x40863c66112e3f1f,0x4023c597250c1a0c,0x40069f556bca4913,0x4003c0cac56ffd70,0x4152076dcf9c0ebf,0x4025772550fc5ab2,0x4129fe46c7e28241,0x4152075c72de00d2,0x3ff265223f400000,0x414fe4d0eb6de9fa,0x414fe4d1313db912,0x00000001,0x00000001,0x8000000200006600,0x8000000a00007e00,0x800000000094112d,0x000000008000af80,0x00000000800000e4,0x0000000000000002,0x000000007c201073,0x0000000000000080,0x6000000000000000,0x00000000000000c0,0x4000b4c3,0x0000000080005518,0x000000004000b4c3,0x000000000126101f,0x00000000011ce0a7,0x000000000126101f,0x00000000011ce0a7,0x000000000000040b,0x0000000000006b3c,0x0000000000006adb,0x00000000008b4e68,0x0000000000006adb,0x000000000077e8e3,0x000000000001763c,0x0000000000486985,0x00000000000000c0,0x0000000000000040,0x00000489,0x8000000000000907,0x0000000007240701,0x03
1783626975901,b,0x000000008000583a,0x0000000080018ed0,0x000000008000f190,0x000000008000f1c0,0x0000000080007a7a,0x000000000000000f,0x00000000800191f0,0x0000000080018f20,0x0000000080019530,0x00000000800194a0,0x000000008000f238,0x0000000000000003,0x0000000000000006,0x0000000000000000,0x0000000000000012,0x000000008000f201,0x3fe7ef0c43ecf36b,0x0000000000000006,0x000000008000f200,0x0000000000000001,0x0000000000000006,0x0000000000000038,0x0000000000000000,0x000000001de5d7ee,0x00000000005da235,0x3fedd0be6c445218,0x00000000800049bc,0x4152076dcf9c0ebf,0x40863c66112e3f1f,0x4023c597250c1a0c,0x40069f556bca4913,0x4003c0cac56ffd70,0x4152076dcf9c0ebf,0x414fe4d5b6666666,0x4129fe5f2d6a161e,0x41520758a0db8bac,0x0000000000000000,0x401623e8e4790c0a,0x401623e8e4790c0a,0x00000001,0x00000001,0x8000000200006600,0x8000000a00007e00,0x800000000094112d,0x000000008000af80,0x00000000800000e4,0x0000000000000002,0x000000007c201073,0x0000000000000080,0x6000000000000000,0x00000000000000c0,0x4000b4c3,0x00000000800049bc,0x000000004000b4c3,0x00000000012736b1,0x00000000011e0119,0x00000000012736b1,0x00000000011e0119,0x0000000000000410,0x0000000000006b40,0x0000000000006b31,0x00000000008bdb48,0x0000000000006b01,0x0000000000786a04,0x000000000001777a,0x000000000048b665,0x00000000000000c0,0x0000000000000040,0x00000489,0x8000000000000907,0x0000000007240701,0x03
1783626977459,b,0x0000000080005744,0x0000000080019060,0x000000008000f190,0x000000008000f1c0,0x0000000080007a7a,0x000000000000000f,0x00000000800191f0,0x00000000800190b0,0x0000000080019530,0x0000000080019310,0x00000000800191f0,0x0000000000000006,0x0000000000000006,0x00000000800190d0,0x00000000800191a8,0x000000008000f201,0x3fe373c024ff6ff2,0x0000000000000006,0x000000008000f200,0x0000000000000001,0x0000000000000006,0x0000000000000038,0x0000000000000000,0xffffffff9cf3e000,0x00000000006b3963,0x3fedd0be6c443628,0x00000000800049f0,0x4152076dcf9c0ebf,0x40863c66112e3f1f,0x4023c597250c1a0c,0x40069f556bca4913,0x4003c0cac56ffd70,0x4152076dcf9c0ebf,0x414fe4d517e90ff9,0x4129fe65e9930be1,0x4152075cc2c08312,0x402c3d2038d215d8,0x0000000000000000,0x0000000000000000,0x00000001,0x00000001,0x8000000200006600,0x8000000a00007e00,0x800000000094112d,0x000000008000af80,0x00000000800000e4,0x0000000000000002,0x000000007c201073,0x0000000000000080,0x6000000000000000,0x00000000000000c0,0x4000b4c3,0x00000000800049f0,0x000000004000b4c3,0x000000000128787f,0x00000000011f3ed6,0x000000000128787f,0x00000000011f3ed6,0x0000000000000413,0x0000000000006b43,0x0000000000006b91,0x00000000008c7862,0x0000000000006b32,0x000000000078f3ec,0x0000000000017909,0x000000000049083a,0x00000000000000c0,0x0000000000000040,0x00000489,0x8000000000000907,0x0000000007240701,0x03
1783626978970,b,0x0000000080006260,0x0000000080019230,0x000000008000f190,0x000000008000f1c0,0x402a6014520dc9fa,0x0000000000000000,0x0000000000000000,0x0000000080019440,0x0000000080019530,0x0000000080019698,0x00000000800194a0,0x000000008000f238,0x00000000800003f0,0x000000008000f238,0x000000008000f308,0xffffffffebf7beff,0x000000000965bbb2,0x0000000000000006,0x000000008000f200,0x0000000000000001,0x0000000000000006,0x0000000000000038,0x0000000000000000,0xffffffffebf73c1e,0x00000000007dbdfc,0x3fedd0be6c441b86,0x0000000080005c06,0x4152076dcf9c0ebf,0x40863c66112e3f1f,0x4023c597250c1a0c,0x40069f556bca4913,0x4003c0cac56ffd70,0x4152076dcf9c0ebf,0x401f6f7f02596eed,0x4129fe65e9930be1,0x4152075cc2c08312,0x01a56e1fc2f8f359,0x0000000000000000,0x0000000000000000,0x00000001,0x00000001,0x8000000200006600,0x8000000a00007e00,0x800000000094112d,0x000000008000af80,0x00000000800000e4,0x0000000000000002,0x000000007c201073,0x0000000000000080,0x6000000000000000,0x00000000000000c0,0x4000b4c3,0x0000000080005c06,0x000000004000b4c3,0x0000000001296c38,0x0000000001203072,0x0000000001296c38,0x0000000001203072,0x0000000000000415,0x0000000000006b46,0x0000000000006bd9,0x00000000008cef48,0x0000000000006b51,0x0000000000795c41,0x0000000000017a42,0x00000000004947d3,0x00000000000000c0,0x0000000000000040,0x00000489,0x8000000000000907,0x0000000007240701,0x03
1783626980724,b,0x00000000800058f2,0x0000000080018ed0,0x000000008000f190,0x000000008000f1c0,0x0000000080007a7a,0x0000000000000000,0x00000000800191f0,0x0000000080018f20,0x0000000080019530,0x00000000800193a0,0x00000000800194a0,0x0000000000000006,0x0000000000000003,0x0000000000000003,0x0000000000000001,0x0000000000eb27ba,0x0000000043f16494,0x0000000000000006,0x000000008000f200,0x0000000000000001,0x0000000000000006,0x0000000000000038,0x0000000000000000,0x0000000000ea0538,0x000000000055dc95,0x3fedd0be6c441b86,0x0000000080004a18,0x4152076dcf9c0ebf,0x40863c66112e3f1f,0x4023c597250c1a0c,0x40069f556bca4913,0x4003c0cac56ffd70,0x4152076dcf9c0ebf,0x4025772550fc5925,0x4129fe5691f8a090,0x4152075ab5e00d1b,0x0000000000000000,0x0000000000000000,0x0000000000000000,0x00000001,0x00000001,0x8000000200006600,0x8000000a00007e00,0x800000000094112d,0x000000008000af80,0x00000000800000e4,0x0000000000000002,0x000000007c201073,0x0000000000000080,0x6000000000000000,0x00000000000000c0,0x4000b4c3,0x0000000080004a18,0x000000004000b4c3,0x00000000012a7ba8,0x0000000001213d56,0x00000000012a7ba8,0x0000000001213d56,0x0000000000000418,0x0000000000006b49,0x0000000000006c25,0x00000000008d72d5,0x0000000000006b7e,0x000000000079d0ef,0x0000000000017b9a,0x0000000000498e76,0x00000000000000c0,0x0000000000000040,0x00000489,0x8000000000000907,0x0000000007240701,0x03
1783626982182,b,0x0000000080005820,0x0000000080018ed0,0x000000008000f190,0x000000008000f1c0,0x0000000080007a7a,0x000000000000000f,0x00000000800191f0,0x0000000080018f20,0x0000000080019530,0x000000008000f238,0x0000000080019310,0x0000000000000006,0x0000000000000006,0x0000000080019280,0x00000000800192a8,0x000000008000f201,0x3fe26af4195f4808,0x0000000000000006,0x000000008000f200,0x0000000000000001,0x0000000000000006,0x0000000000000038,0x0000000000000000,0x0000000053306c78,0x0000000000640bc8,0x3fedd0be6c44029f,0x0000000080004982,0x4152076dcf9c0ebf,0x40863c66112e3f1f,0x4023c597250c1a0c,0x40069f556bca4913,0x4003c0cac56ffd70,0x4152076dcf9c0ebf,0x414fe4cf5a19652c,0x4129fe57389374bc,0x4152075bc645a1cb,0x3fe1aec7af362c5b,0x0000000000000000,0x0000000000000000,0x00000001,0x00000001,0x8000000200006600,0x8000000a00007e00,0x800000000094112d,0x000000008000af80,0x00000000800000e4,0x0000000000000002,0x000000007c201073,0x0000000000000080,0x6000000000000000,0x00000000000000c0,0x4000b4c3,0x0000000080004982,0x000000004000b4c3,0x00000000012b8228,0x0000000001223dc7,0x00000000012b8228,0x0000000001223dc7,0x000000000000041b,0x0000000000006b4c,0x0000000000006c7c,0x00000000008df09f,0x0000000000006ba2,0x00000000007a434d,0x0000000000017cb2,0x000000000049d1f0,0x00000000000000c0,0x0000000000000040,0x00000489,0x8000000000000907,0x0000000007240701,0x03
1783626983814,b,0x00000000800056f8,0x0000000080019060,0x000000008000f190,0x000000008000f1c0,0x0000000080007a7a,0x000000000000000f,0x0000000080019430,0x00000000800190b0,0x0000000080019530,0x0000000080019548,0x000000008000f238,0x0000000000000006,0x0000000000000006,0x000000008000f238,0x000000008000f258,0x000000008000f201,0x3fe1dfa8b9e5db96,0x0000000000000006,0x000000008000f200,0x0000000000000001,0x0000000000000006,0x0000000000000038,0x0000000000000000,0x0000000034c94c0e,0x0000000000537a4d,0x3fedd0be6c43ebc1,0x00000000800049c8,0x4152076dcf9c0ebf,0x40863c66112e3f1f,0x4023c597250c1a0c,0x40069f556bca4913,0x4003c0cac56ffd70,0x4152076dcf9c0ebf,0x414fe4cfacfdf3b6,0x4129fe730786c227,0x4152075e0bb645a2,0x0000000000000000,0x0000000000000000,0x0000000000000000,0x00000001,0x00000001,0x8000000200006600,0x8000000a00007e00,0x800000000094112d,0x000000008000af80,0x00000000800000e4,0x0000000000000002,0x000000007c201073,0x0000000000000080,0x6000000000000000,0x00000000000000c0,0x4000b4c3,0x00000000800049c8,0x000000004000b4c3,0x00000000012c8209,0x00000000012338f1,0x00000000012c8209,0x00000000012338f1,0x000000000000041e,0x0000000000006b4f,0x0000000000006ce0,0x00000000008e6e59,0x0000000000006bd0,0x00000000007aafa4,0x0000000000017e0b,0x00000000004a1059,0x00000000000000c0,0x0000000000000040,0x00000489,0x8000000000000907,0x0000000007240701,0x03
1783626985161,b,0x00000000800058f2,0x0000000080018ed0,0x000000008000f190,0x000000008000f1c0,0x0000000080007a7a,0x0000000000000000,0x00000000800191f0,0x0000000080018f20,0x0000000080019530,0x00000000800193a0,0x00000000800194a0,0x0000000000000006,0x0000000000000003,0x0000000000000002,0x0000000000000006,0xffffffffb57dbfef,0x0000000043f15ff6,0x0000000000000006,0x000000008000f200,0x0000000000000001,0x0000000000000006,0x0000000000000038,0x0000000000000000,0xffffffffb56dbfce,0x000000000055dc95,0x3fedd0be6c43ebc1,0x00000000800049b0,0x4152076dcf9c0ebf,0x40863c66112e3f1f,0x4023c597250c1a0c,0x40069f556bca4913,0x4003c0cac56ffd70,0x4152076dcf9c0ebf,0x4025772550fc57fe,0x4129fe730786c227,0x4152075e0bb645a2,0x3f8314f4c02b6af0,0x0000000000000000,0x0000000000000000,0x00000001,0x00000001,0x8000000200006600,0x8000000a00007e00,0x800000000094112d,0x000000008000af80,0x00000000800000e4,0x0000000000000002,0x000000007c201073,0x0000000000000080,0x6000000000000000,0x00000000000000c0,0x4000b4c3,0x00000000800049b0,0x000000004000b4c3,0x00000000012d7591,0x0000000001242cda,0x00000000012d7591,0x0000000001242cda,0x0000000000000420,0x0000000000006b52,0x0000000000006d12,0x00000000008ee3b4,0x0000000000006bea,0x00000000007b18f1,0x0000000000017f37,0x00000000004a53e5,0x00000000000000c0,0x0000000000000040,0x00000489,0x8000000000000907,0x0000000007240701,0x03
1783626986514,b,0x0000000080005820,0x0000000080018ed0,0x000000008000f190,0x000000008000f1c0,0x0000000080007a7a,0x000000000000000f,0x00000000800191f0,0x0000000080018f20,0x0000000080019530,0x000000008000f238,0x0000000080019310,0x0000000000000006,0x0000000000000006,0x0000000000000001,0x0000000000000006,0x000000008000f201,0x3fe3f18947e864a5,0x0000000000000006,0x000000008000f200,0x0000000000000001,0x0000000000000006,0x0000000000000038,0x0000000000000000,0x000000003bbd401e,0x0000000000574f69,0x3fedd0be6c43d719,0x0000000080004a0a,0x4152076dcf9c0ebf,0x40863c66112e3f1f,0x4023c597250c1a0c,0x40069f556bca4913,0x4003c0cac56ffd70,0x4152076dcf9c0ebf,0x414fe4d4a1374bc7,0x4129fe51451eb852,0x4152075c5f27bb30,0x0000000000000000,0x0000000000000000,0x0000000000000000,0x00000001,0x00000001,0x8000000200006600,0x8000000a00007e00,0x800000000094112d,0x000000008000af80,0x00000000800000e4,0x0000000000000002,0x000000007c201073,0x0000000000000080,0x6000000000000000,0x00000000000000c0,0x4000b4c3,0x0000000080004a0a,0x000000004000b4c3,0x00000000012e6ef8,0x000000000125204b,0x00000000012e6ef8,0x000000000125204b,0x0000000000000423,0x0000000000006b55,0x0000000000006d62,0x00000000008f5b71,0x0000000000006c0e,0x00000000007b85af,0x000000000001803c,0x00000000004a938f,0x00000000000000c0,0x0000000000000040,0x00000489,0x8000000000000907,0x0000000007240701,0x03
1783626987716,b,0x0000000080005744,0x0000000080019060,0x000000008000f190,0x000000008000f1c0,0x0000000080007a7a,0x000000000000000f,0x00000000800191f0,0x00000000800190b0,0x0000000080019530,0x0000000080019310,0x00000000800191f0,0x0000000000000006,0x0000000000000006,0x00000000800190d0,0x00000000800190d8,0x000000008000f201,0x3fe38edc82a9e744,0x0000000000000006,0x000000008000f200,0x0000000000000001,0x0000000000000006,0x0000000000000038,0x0000000000000000,0xffffffff95fdc66e,0x00000000006bdede,0x3fedd0be6c43c4b4,0x00000000800049f0,0x4152076dcf9c0ebf,0x40863c66112e3f1f,0x4023c597250c1a0c,0x40069f556bca4913,0x4003c0cac56ffd70,0x4152076dcf9c0ebf,0x414fe4d241a02752,0x4129fe639999999a,0x4152075e3c8e8a72,0x0000000000000000,0x3fe185d1eca6d032,0x3fe185d1eca6d032,0x00000001,0x00000001,0x8000000200006600,0x8000000a00007e00,0x800000000094112d,0x000000008000af80,0x00000000800000e4,0x0000000000000002,0x000000007c201073,0x0000000000000080,0x6000000000000000,0x00000000000000c0,0x4000b4c3,0x00000000800049f0,0x000000004000b4c3,0x00000000012f9cce,0x00000000012649f4,0x00000000012f9cce,0x00000000012649f4,0x0000000000000428,0x0000000000006b58,0x0000000000006dd6,0x00000000008fef34,0x0000000000006c40,0x00000000007c05e4,0x00000000000181bf,0x00000000004adf0b,0x00000000000000c0,0x0000000000000040,0x00000489,0x8000000000000907,0x0000000007240701,0x03
1783626989281,b,0x00000000800057ae,0x0000000080018d90,0x000000008000f190,0x000000008000f1c0,0x0000000080007a7a,0x0000000000000000,0x00000000800191f0,0x0000000080018de0,0x0000000080019530,0x0000000080018f50,0x000000008000f238,0x0000000000000006,0x0000000000000006,0x0000000000000004,0x0000000000000006,0x00000000057f7f5e,0x0000000043f15b92,0x0000000000000006,0x000000008000f200,0x0000000000000001,0x0000000000000006,0x0000000000000038,0x0000000000000000,0x00000000052d705e,0x000000000055dc95,0x3fedd0be6c43c4b4,0x0000000080004a06,0x4152076dcf9c0ebf,0x40863c66112e3f1f,0x4023c597250c1a0c,0x40069f556bca4913,0x4003c0cac56ffd70,0x4152076dcf9c0ebf,0x4025772550fc56e5,0x4129fe639999999a,0x4152075e3c8e8a72,0x8000000000000000,0x3fdcf46da09c9984,0x3fdcf46da09c9984,0x00000001,0x00000001,0x8000000200006600,0x8000000a00007e00,0x800000000094112d,0x000000008000af80,0x00000000800000e4,0x0000000000000002,0x000000007c201073,0x0000000000000080,0x6000000000000000,0x00000000000000c0,0x4000b4c3,0x0000000080004a06,0x000000004000b4c3,0x000000000130833f,0x000000000127307b,0x000000000130833f,0x000000000127307b,0x0000000000000429,0x0000000000006b5b,0x0000000000006dfc,0x0000000000905e39,0x0000000000006c59,0x00000000007c6a47,0x00000000000182e4,0x00000000004b1eee,0x00000000000000c0,0x0000000000000040,0x00000489,0x8000000000000907,0x0000000007240701,0x03
1783626990577,b,0x00000000800058f2,0x0000000080018ed0,0x000000008000f190,0x000000008000f1c0,0x0000000080007a7a,0x0000000000000000,0x00000000800191f0,0x0000000080018f20,0x0000000080019530,0x00000000800193a0,0x00000000800194a0,0x0000000000000006,0x0000000000000003,0x0000000000000001,0x0000000000000003,0x000000006fff47fa,0x0000000043f15990,0x0000000000000006,0x000000008000f200,0x0000000000000001,0x0000000000000006,0x0000000000000038,0x0000000000000000,0x000000006fc54780,0x000000000055dc95,0x3fedd0be6c43b492,0x0000000080004a06,0x4152076dcf9c0ebf,0x40863c66112e3f1f,0x4023c597250c1a0c,0x40069f556bca4913,0x4003c0cac56ffd70,0x4152076dcf9c0ebf,0x4025772550fc5664,0x4129fe5841f212d7,0x4152075fb39db22d,0x0000000000000000,0x0000000000000000,0x0000000000000000,0x00000001,0x00000001,0x8000000200006600,0x8000000a00007e00,0x800000000094112d,0x000000008000af80,0x00000000800000e4,0x0000000000000002,0x000000007c201073,0x0000000000000080,0x6000000000000000,0x00000000000000c0,0x4000b4c3,0x0000000080004a06,0x000000004000b4c3,0x000000000131d05f,0x000000000128791b,0x000000000131d05f,0x000000000128791b,0x000000000000042f,0x0000000000006b5f,0x0000000000006e6c,0x0000000000910069,0x0000000000006c8c,0x00000000007cf8bf,0x000000000001847c,0x00000000004b7414,0x00000000000000c0,0x0000000000000040,0x00000489,0x8000000000000907,0x0000000007240701,0x03
1783626992171,b,0x00000000800055d4,0x0000000080018e90,0x000000008000f190,0x000000008000f1c0,0x0000000080007a7a,0x000000000000000f,0x00000000800191f0,0x0000000080018ee0,0x0000000080019530,0x0000000080019160,0x0000000080019118,0x0000000080018ef8,0x0000000000000003,0x0000000080019118,0x0000000080018ef8,0x000000008000f201,0x3fe84be4b52c4c34,0x0000000000000006,0x000000008000f200,0x0000000000000001,0x0000000000000006,0x0000000000000038,0x0000000000000000,0xffffffff83c284b8,0x0000000000603671,0x3fedd0be6c43a69f,0x000000008000517e,0x4152076dcf9c0ebf,0x40863c66112e3f1f,0x4023c597250c1a0c,0x40069f556bca4913,0x4003c0cac56ffd70,0x4152076dcf9c0ebf,0x414fe4d8aee2eb1c,0x4129fe76a0f9096c,0x4152075cb3fb15b5,0x3ff12c1dda6391ca,0x402e61c9801099b7,0x405ccc3930021337,0x00000001,0x00000001,0x8000000200006600,0x8000000a00007e00,0x800000000094112d,0x000000008000af80,0x00000000800000e4,0x0000000000000002,0x000000007c201073,0x0000000000000080,0x6000000000000000,0x00000000000000c0,0x4000b4c3,0x000000008000517e,0x000000004000b4c3,0x0000000001330cf1,0x000000000129aee7,0x0000000001330cf1,0x000000000129aee7,0x0000000000000434,0x0000000000006b62,0x0000000000006ec2,0x0000000000919770,0x0000000000006cb4,0x00000000007d83b6,0x00000000000185c2,0x00000000004bc7a6,0x00000000000000c0,0x0000000000000040,0x00000489,0x8000000000000907,0x0000000007240701,0x03
1783626993806,b,0x0000000080005820,0x0000000080018ed0,0x000000008000f190,0x000000008000f1c0,0x0000000080007a7a,0x000000000000000f,0x00000000800191f0,0x0000000080018f20,0x0000000080019530,0x000000008000f238,0x0000000080019310,0x0000000000000006,0x0000000000000006,0x000000008000f238,0x0000000000000040,0x000000008000f201,0x3fe720197b096349,0x0000000000000006,0x000000008000f200,0x0000000000000001,0x0000000000000006,0x0000000000000038,0x0000000000000000,0x0000000011b9651e,0x000000000040749f,0x3fedd0be6c439abc,0x00000000800049a2,0x4152076dcf9c0ebf,0x40863c66112e3f1f,0x4023c597250c1a0c,0x40069f556bca4913,0x4003c0cac56ffd70,0x4152076dcf9c0ebf,0x414fe4d10a786c22,0x4129fe62faacd9e8,0x4152075eccd9e83e,0x3fbaec350bb9de12,0x0000000000000000,0x0000000000000000,0x00000001,0x00000001,0x8000000200006600,0x8000000a00007e00,0x800000000094112d,0x000000008000af80,0x00000000800000e4,0x0000000000000002,0x000000007c201073,0x0000000000000080,0x6000000000000000,0x00000000000000c0,0x4000b4c3,0x00000000800049a2,0x000000004000b4c3,0x0000000001344182,0x00000000012adf69,0x0000000001344182,0x00000000012adf69,0x0000000000000439,0x0000000000006b65,0x0000000000006f31,0x0000000000922e52,0x0000000000006ce6,0x00000000007e0700,0x0000000000018749,0x00000000004c1502,0x00000000000000c0,0x0000000000000040,0x00000489,0x8000000000000907,0x0000000007240701,0x03
1783626995311,b,0x0000000080005744,0x0000000080019060,0x000000008000f190,0x000000008000f1c0,0x0000000080007a7a,0x000000000000000f,0x00000000800191f0,0x00000000800190b0,0x0000000080019530,0x0000000080019310,0x00000000800191f0,0x0000000000000006,0x0000000000000006,0x00000000800190d0,0x0000000000000006,0x000000008000f201,0x3fe864f65e7ce5eb,0x0000000000000006,0x000000008000f200,0x0000000000000001,0x0000000000000006,0x0000000000000038,0x0000000000000000,0xffffffffa023cbe0,0x00000000006262fd,0x3fedd0be6c4390be,0x00000000800049f8,0x4152076dcf9c0ebf,0x40863c66112e3f1f,0x4023c597250c1a0c,0x40069f556bca4913,0x4003c0cac56ffd70,0x4152076dcf9c0ebf,0x414fe4d7b495182b,0x4129fe5e5e00d1b7,0x4152075bdb212d77,0x0000000000000000,0x4016207f14426f07,0x4016207f14426f07,0x00000001,0x00000001,0x8000000200006600,0x8000000a00007e00,0x800000000094112d,0x000000008000af80,0x00000000800000e4,0x0000000000000002,0x000000007c201073,0x0000000000000080,0x6000000000000000,0x00000000000000c0,0x4000b4c3,0x00000000800049f8,0x000000004000b4c3,0x00000000013570b1,0x00000000012c0a8e,0x00000000013570b1,0x00000000012c0a8e,0x000000000000043d,0x0000000000006b68,0x0000000000006f9b,0x000000000092c2b9,0x0000000000006d18,0x00000000007e881a,0x00000000000188ce,0x00000000004c60fb,0x00000000000000c0,0x0000000000000040,0x00000489,0x8000000000000907,0x0000000007240701,0x03
1783626996867,b,0x0000000080006260,0x0000000080019230,0x000000008000f190,0x000000008000f1c0,0x402a6014520d7fe8,0x0000000000000000,0x0000000000000000,0x0000000080019440,0x0000000080019530,0x0000000080019698,0x00000000800194a0,0x000000008000f238,0x00000000800003f0,0x0000000000000005,0x0000000000000011,0xffffffff942ff73e,0x0000000000a9fc1e,0x0000000000000006,0x000000008000f200,0x0000000000000001,0x0000000000000006,0x0000000000000038,0x0000000000000000,0xffffffff940c763e,0x0000000000612b47,0x3fedd0be6c43887b,0x0000000080005bf2,0x4152076dcf9c0ebf,0x40863c66112e3f1f,0x4023c597250c1a0c,0x40069f556bca4913,0x4003c0cac56ffd70,0x4152076dcf9c0ebf,0x40284ad1c02a7f08,0x4129fe5e5e00d1b7,0x4152075bdb212d77,0x01a56e1fc2f8f359,0x0000000000000000,0x0000000000000000,0x00000001,0x00000001,0x8000000200006600,0x8000000a00007e00,0x800000000094112d,0x000000008000af80,0x00000000800000e4,0x0000000000000002,0x000000007c201073,0x0000000000000080,0x6000000000000000,0x00000000000000c0,0x4000b4c3,0x0000000080005bf2,0x000000004000b4c3,0x0000000001368fc7,0x00000000012d2740,0x0000000001368fc7,0x00000000012d2740,0x000000000000043f,0x0000000000006b6b,0x0000000000006fd7,0x0000000000934e22,0x0000000000006d37,0x00000000007f04ac,0x0000000000018a29,0x00000000004cad59,0x00000000000000c0,0x0000000000000040,0x00000489,0x8000000000000907,0x0000000007240701,0x03
1783626998158,b,0x0000000080005018,0x0000000080018e40,0x000000008000f190,0x000000008000f1c0,0x0000000080007a7a,0x0000000000000000,0x00000000800191f0,0x0000000080018e90,0x0000000080019530,0x0000000000000000,0x0000000050fc54cb,0x000000003fe00000,0x4025772550fc54cb,0x0000000080018ef8,0x0000000080018f00,0xffffffffa271bcf8,0x0000000043f1532c,0x0000000000000006,0x000000008000f200,0x0000000000000001,0x0000000000000006,0x0000000000000038,0x0000000000000000,0xffffffffa2113838,0x000000000055dc95,0x3fedd0be6c43887b,0x00000000800050fe,0x4152076dcf9c0ebf,0x40863c66112e3f1f,0x4023c597250c1a0c,0x40069f556bca4913,0x4003c0cac56ffd70,0x4152076dcf9c0ebf,0x4025772550fc54cb,0x4129fe590d844d01,0x4152075bbb86c227,0x01a56e1fc2f8f359,0x0000000000000000,0x0000000000000000,0x00000001,0x00000001,0x8000000200006600,0x8000000a00007e00,0x800000000094112d,0x000000008000af80,0x00000000800000e4,0x0000000000000002,0x000000007c201073,0x0000000000000080,0x6000000000000000,0x00000000000000c0,0x4000b4c3,0x00000000800050fe,0x000000004000b4c3,0x0000000001377884,0x00000000012e0e1c,0x0000000001377884,0x00000000012e0e1c,0x0000000000000441,0x0000000000006b6e,0x0000000000007016,0x000000000093bff0,0x0000000000006d5d,0x00000000007f6855,0x0000000000018b30,0x00000000004ce9f4,0x00000000000000c0,0x0000000000000040,0x00000489,0x8000000000000907,0x0000000007240701,0x03
1783626999648,b,0x000000008000583a,0x0000000080018ed0,0x000000008000f190,0x000000008000f1c0,0x0000000080007a7a,0x000000000000000f,0x00000000800191f0,0x0000000080018f20,0x0000000080019530,0x00000000800194a0,0x000000008000f238,0x0000000000000003,0x0000000000000006,0x0000000000000001,0x0000000000000006,0x000000008000f201,0x3fe31e44e3ed388b,0x0000000000000006,0x000000008000f200,0x0000000000000001,0x0000000000000006,0x0000000000000038,0x0000000000000000,0x000000004c0985e0,0x00000000007a2125,0x3fedd0be6c4381c2,0x00000000800049d6,0x4152076dcf9c0ebf,0x40863c66112e3f1f,0x4023c597250c1a0c,0x40069f556bca4913,0x4003c0cac56ffd70,0x4152076dcf9c0ebf,0x414fe4d4d1f559b4,0x4129fe5e2ee631f9,0x4152075b66c22681,0x3ff0000000000000,0x0000000000000000,0x0000000000000000,0x00000001,0x00000001,0x8000000200006600,0x8000000a00007e00,0x800000000094112d,0x000000008000af80,0x00000000800000e4,0x0000000000000002,0x000000007c201073,0x0000000000000080,0x6000000000000000,0x00000000000000c0,0x4000b4c3,0x00000000800049d6,0x000000004000b4c3,0x000000000138c701,0x00000000012f5569,0x000000000138c701,0x00000000012f5569,0x0000000000000448,0x0000000000006b72,0x0000000000007074,0x0000000000945ebe,0x0000000000006d89,0x00000000007ffb12,0x0000000000018cb5,0x00000000004d41c5,0x00000000000000c0,0x0000000000000040,0x00000489,0x8000000000000907,0x0000000007240701,0x03
1783627001092,b,0x00000000800056f8,0x0000000080019060,0x000000008000f190,0x000000008000f1c0,0x0000000080007a7a,0x000000000000000f,0x0000000080019430,0x00000000800190b0,0x0000000080019530,0x0000000080019548,0x000000008000f238,0x0000000000000006,0x0000000000000006,0x0000000000000003,0x0000000000000006,0x000000008000f201,0x3fe0410b3fa25594,0x0000000000000006,0x000000008000f200,0x0000000000000001,0x0000000000000006,0x0000000000000038,0x0000000000000000,0xffffffffce71f4e0,0x0000000000776781,0x3fedd0be6c437c65,0x000000008000498e,0x4152076dcf9c0ebf,0x40863c66112e3f1f,0x4023c597250c1a0c,0x40069f556bca4913,0x4003c0cac56ffd70,0x4152076dcf9c0ebf,0x414fe4d2ea64c2f8,0x4129fe5ba00d1b71,0x4152075db056d5d0,0x0000000000000000,0x0000000000000000,0x0000000000000000,0x00000001,0x00000001,0x8000000200006600,0x8000000a00007e00,0x800000000094112d,0x000000008000af80,0x00000000800000e4,0x0000000000000002,0x000000007c201073,0x0000000000000080,0x6000000000000000,0x00000000000000c0,0x4000b4c3,0x000000008000498e,0x000000004000b4c3,0x000000000139b05d,0x0000000001303a48,0x000000000139b05d,0x0000000001303a48,0x000000000000044b,0x0000000000006b75,0x00000000000070da,0x000000000094d1ef,0x0000000000006db6,0x0000000000805ce9,0x0000000000018df9,0x00000000004d7975,0x00000000000000c0,0x0000000000000040,0x00000489,0x8000000000000907,0x0000000007240701,0x03
1783627002516,b,0x0000000080006260,0x0000000080019230,0x000000008000f190,0x000000008000f1c0,0x402a6014520d71ae,0x0000000000000000,0x0000000000000000,0x0000000080019440,0x0000000080019530,0x0000000080019698,0x00000000800194a0,0x000000008000f238,0x00000000800003f0,0x0000000080019698,0x0000000080019438,0x0000000063775479,0xffffffffa00d599c,0x0000000000000006,0x000000008000f200,0x0000000000000001,0x0000000000000006,0x0000000000000038,0x0000000000000000,0x0000000063651478,0x00000000004bdd77,0x3fedd0be6c437834,0x0000000080006098,0x4152076dcf9c0ebf,0x40863c66112e3f1f,0x4023c597250c1a0c,0x40069f556bca4913,0x4003c0cac56ffd70,0x4152076dcf9c0ebf,0x4012f75de8035667,0x4129fe5ba00d1b71,0x4152075db056d5d0,0x0000000000000000,0x3fe7bc732a97c472,0x3fe8433665f55deb,0x00000001,0x00000001,0x8000000200006600,0x8000000a00007e00,0x800000000094112d,0x000000008000af80,0x00000000800000e4,0x0000000000000002,0x000000007c201073,0x0000000000000080,0x6000000000000000,0x00000000000000c0,0x4000b4c3,0x0000000080006098,0x000000004000b4c3,0x00000000013aff12,0x0000000001318513,0x00000000013aff12,0x0000000001318513,0x000000000000044d,0x0000000000006b78,0x000000000000711f,0x0000000000957430,0x0000000000006dd9,0x000000000080ee58,0x0000000000018f87,0x00000000004dd0d3,0x00000000000000c0,0x0000000000000040,0x00000489,0x8000000000000907,0x0000000007240701,0x03
1783627003874,b,0x00000000800058f2,0x0000000080018ed0,0x000000008000f190,0x000000008000f1c0,0x0000000080007a7a,0x0000000000000000,0x00000000800191f0,0x0000000080018f20,0x0000000080019530,0x00000000800193a0,0x00000000800194a0,0x0000000000000006,0x0000000000000003,0x00000000800193a0,0x0000000080019420,0x000000001d735fbf,0x0000000043f15022,0x0000000000000006,0x000000008000f200,0x0000000000000001,0x0000000000000006,0x0000000000000038,0x0000000000000000,0x000000001d735dbe,0x000000000055dc95,0x3fedd0be6c437834,0x00000000800049a4,0x4152076dcf9c0ebf,0x40863c66112e3f1f,0x4023c597250c1a0c,0x40069f556bca4913,0x4003c0cac56ffd70,0x4152076dcf9c0ebf,0x4025772550fc5409,0x4129fe657fd8adac,0x4152075d849a0275,0x0000000000000000,0x0000000000000000,0x0000000000000000,0x00000001,0x00000001,0x8000000200006600,0x8000000a00007e00,0x800000000094112d,0x000000008000af80,0x00000000800000e4,0x0000000000000002,0x000000007c201073,0x0000000000000080,0x6000000000000000,0x00000000000000c0,0x4000b4c3,0x00000000800049a4,0x000000004000b4c3,0x00000000013c0d04,0x000000000132938e,0x00000000013c0d04,0x000000000132938e,0x0000000000000450,0x0000000000006b7b,0x000000000000715f,0x000000000095f70b,0x0000000000006e06,0x0000000000816266,0x00000000000190e2,0x00000000004e1a23,0x00000000000000c0,0x0000000000000040,0x00000489,0x8000000000000907,0x0000000007240701,0x03
1783627005296,b,0x000000008000589c,0x0000000080018ed0,0x000000008000f190,0x000000008000f1c0,0x0000000080007a7a,0x0000000000000000,0x00000000800191f0,0x0000000080018f20,0x0000000080019530,0x0000000080019280,0x0000000080019118,0x0000000000000006,0x0000000000000003,0x0000000000000001,0x000000000000000a,0xfffffffff2f7b5cf,0x0000000043f14f6a,0x0000000000000006,0x000000008000f200,0x0000000000000001,0x0000000000000006,0x0000000000000038,0x0000000000000000,0xfffffffff2e4b40e,0x000000000055dc95,0x3fedd0be6c437505,0x000000008000497a,0x4152076dcf9c0ebf,0x40863c66112e3f1f,0x4023c597250c1a0c,0x40069f556bca4913,0x4003c0cac56ffd70,0x4152076dcf9c0ebf,0x4025772550fc53db,0x4129fe6a178d4fdf,0x4152075c3ae631f9,0x0000000000000000,0x0000000000000000,0x0000000000000000,0x00000001,0x00000001,0x8000000200006600,0x8000000a00007e00,0x800000000094112d,0x000000008000af80,0x00000000800000e4,0x0000000000000002,0x000000007c201073,0x0000000000000080,0x6000000000000000,0x00000000000000c0,0x4000b4c3,0x000000008000497a,0x000000004000b4c3,0x00000000013d5b67,0x000000000133dd8c,0x00000000013d5b67,0x000000000133dd8c,0x0000000000000455,0x0000000000006b7e,0x00000000000071c8,0x0000000000969a57,0x0000000000006e38,0x000000000081f1a0,0x0000000000019267,0x00000000004e6f99,0x00000000000000c0,0x0000000000000040,0x00000489,0x8000000000000907,0x0000000007240701,0x03
1783627006906,b,0x000000008000583a,0x0000000080018ed0,0x000000008000f190,0x000000008000f1c0,0x0000000080007a7a,0x000000000000000f,0x00000000800191f0,0x0000000080018f20,0x0000000080019530,0x00000000800194a0,0x000000008000f238,0x0000000000000003,0x0000000000000006,0x00000000800191f0,0x0000000080019250,0x000000008000f201,0x3fdc47773193060e,0x0000000000000006,0x000000008000f200,0x0000000000000001,0x0000000000000006,0x0000000000000038,0x0000000000000000,0xffffffffc9916a38,0x000000000071ea4b,0x3fedd0be6c4372ac,0x00000000800049f2,0x4152076dcf9c0ebf,0x40863c66112e3f1f,0x4023c597250c1a0c,0x40069f556bca4913,0x4003c0cac56ffd70,0x4152076dcf9c0ebf,0x414fe4d5eb39c0ec,0x4129fe64f9e83e42,0x4152075e019e83e4,0x0000000000000000,0x0000000000000000,0x0000000000000000,0x00000001,0x00000001,0x8000000200006600,0x8000000a00007e00,0x800000000094112d,0x000000008000af80,0x00000000800000e4,0x0000000000000002,0x000000007c201073,0x0000000000000080,0x6000000000000000,0x00000000000000c0,0x4000b4c3,0x00000000800049f2,0x000000004000b4c3,0x00000000013e9e26,0x00000000013519ee,0x00000000013e9e26,0x00000000013519ee,0x0000000000000459,0x0000000000006b81,0x000000000000721b,0x000000000097341a,0x0000000000006e61,0x0000000000827f96,0x00000000000193c8,0x00000000004ec4d8,0x00000000000000c0,0x0000000000000040,0x00000489,0x8000000000000907,0x0000000007240701,0x03
1783627008323,b,0x0000000080005744,0x0000000080019060,0x000000008000f190,0x000000008000f1c0,0x0000000080007a7a,0x000000000000000f,0x00000000800191f0,0x00000000800190b0,0x0000000080019530,0x0000000080019310,0x00000000800191f0,0x0000000000000006,0x0000000000000006,0x0000000000000002,0x0000000000000006,0x000000008000f201,0x3fdce830ca8bf941,0x0000000000000006,0x000000008000f200,0x0000000000000001,0x0000000000000006,0x0000000000000038,0x0000000000000000,0xffffffffd677bb0e,0x00000000007fed7b,0x3fedd0be6c437103,0x0000000080004a06,0x4152076dcf9c0ebf,0x40863c66112e3f1f,0x4023c597250c1a0c,0x40069f556bca4913,0x4003c0cac56ffd70,0x4152076dcf9c0ebf,0x414fe4d4ad810625,0x4129fe4f81205bc0,0x4152075f8f611340,0x3fb85cd8e2c41b82,0x0000000000000000,0x0000000000000000,0x00000001,0x00000001,0x8000000200006600,0x8000000a00007e00,0x800000000094112d,0x000000008000af80,0x00000000800000e4,0x0000000000000002,0x000000007c201073,0x0000000000000080,0x6000000000000000,0x00000000000000c0,0x4000b4c3,0x0000000080004a06,0x000000004000b4c3,0x00000000013fb124,0x00000000013628ad,0x00000000013fb124,0x00000000013628ad,0x000000000000045c,0x0000000000006b84,0x0000000000007290,0x000000000097bb1e,0x0000000000006e92,0x000000000082f381,0x0000000000019533,0x00000000004f0841,0x00000000000000c0,0x0000000000000040,0x00000489,0x8000000000000907,0x0000000007240701,0x03
1783627009640,b,0x00000000800056f8,0x0000000080019060,0x000000008000f190,0x000000008000f1c0,0x0000000080007a7a,0x000000000000000f,0x0000000080019430,0x00000000800190b0,0x0000000080019530,0x0000000080019548,0x000000008000f238,0x0000000000000006,0x0000000000000006,0x0000000080019310,0x0000000080019350,0x000000008000f201,0x3fe071c28b7a99c7,0x0000000000000006,0x000000008000f200,0x0000000000000001,0x0000000000000006,0x0000000000000038,0x0000000000000000,0xffffffffad69afb8,0x00000000007d29a9,0x3fedd0be6c436fe9,0x0000000080004982,0x4152076dcf9c0ebf,0x40863c66112e3f1f,0x4023c597250c1a0c,0x40069f556bca4913,0x4003c0cac56ffd70,0x4152076dcf9c0ebf,0x414fe4d1a0000000,0x4129fe5597c1bda5,0x4152075fc2f69446,0x0000000000000000,0x3fb85cd8e2c41b82,0x0000000000000000,0x00000001,0x00000001,0x8000000200006600,0x8000000a00007e00,0x800000000094112d,0x000000008000af80,0x00000000800000e4,0x0000000000000002,0x000000007c201073,0x0000000000000080,0x6000000000000000,0x00000000000000c0,0x4000b4c3,0x0000000080004982,0x000000004000b4c3,0x000000000140e96e,0x0000000001375c3c,0x000000000140e96e,0x0000000001375c3c,0x000000000000045f,0x0000000000006b87,0x00000000000072f7,0x000000000098537d,0x0000000000006ec4,0x000000000083790d,0x00000000000196c1,0x00000000004f573c,0x00000000000000c0,0x0000000000000040,0x00000489,0x8000000000000907,0x0000000007240701,0x03
1783627011028,b,0x00000000800057ae,0x0000000080018d90,0x000000008000f190,0x000000008000f1c0,0x0000000080007a7a,0x0000000000000000,0x00000000800191f0,0x0000000080018de0,0x0000000080019530,0x0000000080018f50,0x000000008000f238,0x0000000000000006,0x0000000000000006,0x0000000000000004,0x0000000000000016,0xffffffffcd1f7b5e,0x0000000043f14dee,0x0000000000000006,0x000000008000f200,0x0000000000000001,0x0000000000000006,0x0000000000000038,0x0000000000000000,0xffffffffcd157b5e,0x000000000055dc95,0x3fedd0be6c436fe9,0x00000000800049bc,0x4152076dcf9c0ebf,0x40863c66112e3f1f,0x4023c597250c1a0c,0x40069f556bca4913,0x4003c0cac56ffd70,0x4152076dcf9c0ebf,0x4025772550fc537c,0x4129fe5597c1bda5,0x4152075fc2f69446,0x8000000000000000,0x0000000000000000,0x0000000000000000,0x00000001,0x00000001,0x8000000200006600,0x8000000a00007e00,0x800000000094112d,0x000000008000af80,0x00000000800000e4,0x0000000000000002,0x000000007c201073,0x0000000000000080,0x6000000000000000,0x00000000000000c0,0x4000b4c3,0x00000000800049bc,0x000000004000b4c3,0x000000000141f16c,0x00000000013864c2,0x000000000141f16c,0x00000000013864c2,0x0000000000000462,0x0000000000006b8b,0x0000000000007320,0x000000000098d283,0x0000000000006ee1,0x000000000083ec07,0x0000000000019807,0x00000000004fa08a,0x00000000000000c0,0x0000000000000040,0x00000489,0x8000000000000907,0x0000000007240701,0x03
1783627012535,b,0x000000008000589c,0x0000000080018ed0,0x000000008000f190,0x000000008000f1c0,0x0000000080007a7a,0x0000000000000000,0x00000000800191f0,0x0000000080018f20,0x0000000080019530,0x0000000080019280,0x0000000080019118,0x0000000000000006,0x0000000000000003,0x0000000000000000,0x0000000000000003,0xffffffff90ebef7a,0x0000000043f14d9c,0x0000000000000006,0x000000008000f200,0x0000000000000001,0x0000000000000006,0x0000000000000038,0x0000000000000000,0xffffffff90606478,0x000000000055dc95,0x3fedd0be6c436f41,0x00000000800049d6,0x4152076dcf9c0ebf,0x40863c66112e3f1f,0x4023c597250c1a0c,0x40069f556bca4913,0x4003c0cac56ffd70,0x4152076dcf9c0ebf,0x4025772550fc5367,0x4129fe5f6ae7d567,0x415207604fc84b5e,0x0000000000000000,0x3fc733d476943792,0x0000000000000000,0x00000001,0x00000001,0x8000000200006600,0x8000000a00007e00,0x800000000094112d,0x000000008000af80,0x00000000800000e4,0x0000000000000002,0x000000007c201073,0x0000000000000080,0x6000000000000000,0x00000000000000c0,0x4000b4c3,0x00000000800049d6,0x000000004000b4c3,0x00000000014328f7,0x000000000139973b,0x00000000014328f7,0x000000000139973b,0x0000000000000466,0x0000000000006b8e,0x0000000000007391,0x0000000000996abf,0x0000000000006f10,0x000000000084711e,0x000000000001996a,0x00000000004fef98,0x00000000000000c0,0x0000000000000040,0x00000489,0x8000000000000907,0x0000000007240701,0x03
1783627014174,b,0x0000000080005850,0x0000000080018ed0,0x000000008000f190,0x000000008000f1c0,0x0000000080007a7a,0x000000000000000f,0x00000000800191f0,0x0000000080018f20,0x0000000080019530,0x00000000800191f0,0x0000000080019310,0x00000000800191a8,0x0000000000000003,0x0000000000000006,0x0000000000000003,0x000000008000f201,0x3fe4525b2c70f827,0x0000000000000006,0x000000008000f200,0x0000000000000001,0x0000000000000006,0x0000000000000038,0x0000000000000000,0xffffffffa419ecb8,0x000000000076bca7,0x3fedd0be6c436ef0,0x000000008000490e,0x4152076dcf9c0ebf,0x40863c66112e3f1f,0x4023c597250c1a0c,0x40069f556bca4913,0x4003c0cac56ffd70,0x4152076dcf9c0ebf,0x414fe4d732786c22,0x4129fe61d74bc6a8,0x41520762139f559b,0x0000000000000000,0x3ff12c1dda637466,0x3ff12c1dda637466,0x00000001,0x00000001,0x8000000200006600,0x8000000a00007e00,0x800000000094112d,0x000000008000af80,0x00000000800000e4,0x0000000000000002,0x000000007c201073,0x0000000000000080,0x6000000000000000,0x00000000000000c0,0x4000b4c3,0x000000008000490e,0x000000004000b4c3,0x0000000001447bfb,0x00000000013ae41e,0x0000000001447bfb,0x00000000013ae41e,0x000000000000046c,0x0000000000006b91,0x00000000000073da,0x00000000009a0c35,0x0000000000006f3a,0x000000000085064a,0x0000000000019ade,0x00000000005049b5,0x00000000000000c0,0x0000000000000040,0x00000489,0x8000000000000907,0x0000000007240701,0x03
1783627015775,b,0x0000000080005744,0x0000000080019060,0x000000008000f190,0x000000008000f1c0,0x0000000080007a7a,0x000000000000000f,0x00000000800191f0,0x00000000800190b0,0x0000000080019530,0x0000000080019310,0x00000000800191f0,0x0000000000000006,0x0000000000000006,0x0000000000000002,0x0000000000000006,0x000000008000f201,0x3fe806fe428b3774,0x0000000000000006,0x000000008000f200,0x0000000000000001,0x0000000000000006,0x0000000000000038,0x0000000000000000,0x00000000319a385e,0x0000000000461eb5,0x3fedd0be6c436ee2,0x00000000800049b0,0x4152076dcf9c0ebf,0x40863c66112e3f1f,0x4023c597250c1a0c,0x40069f556bca4913,0x4003c0cac56ffd70,0x4152076dcf9c0ebf,0x414fe4d2c19ce076,0x4129fe59b6f0068e,0x415207613f404ea5,0x3fdcf46da09c9983,0x0000000000000000,0x0000000000000000,0x00000001,0x00000001,0x8000000200006600,0x8000000a00007e00,0x800000000094112d,0x000000008000af80,0x00000000800000e4,0x0000000000000002,0x000000007c201073,0x0000000000000080,0x6000000000000000,0x00000000000000c0,0x4000b4c3,0x00000000800049b0,0x000000004000b4c3,0x00000000014598ab,0x00000000013bfc77,0x00000000014598ab,0x00000000013bfc77,0x0000000000000470,0x0000000000006b94,0x0000000000007449,0x00000000009a97b5,0x0000000000006f6a,0x0000000000857ec3,0x0000000000019c51,0x0000000000509017,0x00000000000000c0,0x0000000000000040,0x00000489,0x8000000000000907,0x0000000007240701,0x03
1783627017313,b,0x0000000080006260,0x0000000080019230,0x000000008000f190,0x000000008000f1c0,0x402a6014520d6245,0x0000000000000000,0x0000000000000000,0x0000000080019440,0x0000000080019530,0x0000000080019698,0x00000000800194a0,0x000000008000f238,0x00000000800003f0,0x0000000000000003,0x0000000000000002,0x000000006aff7fde,0xffffffffff308812,0x0000000000000006,0x000000008000f200,0x0000000000000001,0x0000000000000006,0x0000000000000038,0x0000000000000000,0x000000006a766f5e,0x00000000007f8a0f,0x3fedd0be6c436f02,0x0000000080005e2e,0x4152076dcf9c0ebf,0x40863c66112e3f1f,0x4023c597250c1a0c,0x40069f556bca4913,0x4003c0cac56ffd70,0x4152076dcf9c0ebf,0x401fe283ffcc2205,0x4129fe59b6f0068e,0x415207613f404ea5,0x403d881f7f28f2da,0x0000000000000000,0x0000000000000000,0x00000001,0x00000001,0x8000000200006600,0x8000000a00007e00,0x800000000094112d,0x000000008000af80,0x00000000800000e4,0x0000000000000002,0x000000007c201073,0x0000000000000080,0x6000000000000000,0x00000000000000c0,0x4000b4c3,0x0000000080005e2e,0x000000004000b4c3,0x000000000146a699,0x00000000013d06a1,0x000000000146a699,0x00000000013d06a1,0x0000000000000473,0x0000000000006b97,0x0000000000007491,0x00000000009b1bb8,0x0000000000006f89,0x000000000085f329,0x0000000000019da2,0x000000000050d50d,0x00000000000000c0,0x0000000000000040,0x00000489,0x8000000000000907,0x0000000007240701,0x03
1783627018900,b,0x00000000800057ae,0x0000000080018d90,0x000000008000f190,0x000000008000f1c0,0x0000000080007a7a,0x0000000000000000,0x00000000800191f0,0x0000000080018de0,0x0000000080019530,0x0000000080018f50,0x000000008000f238,0x0000000080018df0,0x0000000000000006,0x0000000000000006,0x0000000000000006,0xffffffffc85fffb8,0x0000000043f14d0c,0x0000000000000006,0x000000008000f200,0x0000000000000001,0x0000000000000006,0x0000000000000038,0x0000000000000000,0xffffffffc81be3b8,0x000000000055dc95,0x3fedd0be6c436f02,0x000000008000490a,0x4152076dcf9c0ebf,0x40863c66112e3f1f,0x4023c597250c1a0c,0x40069f556bca4913,0x4003c0cac56ffd70,0x4152076dcf9c0ebf,0x4025772550fc5343,0x4129fe61c48e8a72,0x4152075e6a752546,0x3f8314f4c02b287c,0x8000000000000000,0x3ff0000000000000,0x00000001,0x00000001,0x8000000200006600,0x8000000a00007e00,0x800000000094112d,0x000000008000af80,0x00000000800000e4,0x0000000000000002,0x000000007c201073,0x0000000000000080,0x6000000000000000,0x00000000000000c0,0x4000b4c3,0x000000008000490a,0x000000004000b4c3,0x000000000147bf32,0x00000000013e1f24,0x000000000147bf32,0x00000000013e1f24,0x0000000000000476,0x0000000000006b9a,0x00000000000074d2,0x00000000009ba315,0x0000000000006fb9,0x0000000000866b7f,0x0000000000019f10,0x00000000005120ac,0x00000000000000c0,0x0000000000000040,0x00000489,0x8000000000000907,0x0000000007240701,0x03
1783627020374,b,0x0000000080005820,0x0000000080018ed0,0x000000008000f190,0x000000008000f1c0,0x0000000080007a7a,0x000000000000000f,0x00000000800191f0,0x0000000080018f20,0x0000000080019530,0x000000008000f238,0x0000000080019310,0x0000000000000006,0x0000000000000006,0x0000000000000004,0x0000000000000006,0x000000008000f201,0x3fe826bfc043dffa,0x0000000000000006,0x000000008000f200,0x0000000000000001,0x0000000000000006,0x0000000000000038,0x0000000000000000,0xffffffff9122bace,0x0000000000483936,0x3fedd0be6c436f41,0x000000008000498e,0x4152076dcf9c0ebf,0x40863c66112e3f1f,0x4023c597250c1a0c,0x40069f556bca4913,0x4003c0cac56ffd70,0x4152076dcf9c0ebf,0x414fe4d236d91687,0x4129fe53335a8588,0x41520762c8c2f838,0x0000000000000000,0x0000000000000000,0x0000000000000000,0x00000001,0x00000001,0x8000000200006600,0x8000000a00007e00,0x800000000094112d,0x000000008000af80,0x00000000800000e4,0x0000000000000002,0x000000007c201073,0x0000000000000080,0x6000000000000000,0x00000000000000c0,0x4000b4c3,0x000000008000498e,0x000000004000b4c3,0x000000000148b786,0x00000000013f1134,0x000000000148b786,0x00000000013f1134,0x0000000000000478,0x0000000000006b9d,0x000000000000751e,0x00000000009c1a12,0x0000000000006fda,0x000000000086d828,0x000000000001a00c,0x0000000000516081,0x00000000000000c0,0x0000000000000040,0x00000489,0x8000000000000907,0x0000000007240701,0x03
1783627021806,b,0x0000000080005744,0x0000000080019060,0x000000008000f190,0x000000008000f1c0,0x0000000080007a7a,0x000000000000000f,0x00000000800191f0,0x00000000800190b0,0x0000000080019530,0x0000000080019310,0x00000000800191f0,0x0000000000000006,0x0000000000000006,0x0000000000000000,0x0000000000000000,0x000000008000f201,0x3feb811e101a910a,0x0000000000000006,0x000000008000f200,0x0000000000000001,0x0000000000000006,0x0000000000000038,0x0000000000000000,0x0000000054b66ae0,0x00000000007d7f75,0x3fedd0be6c436f93,0x00000000800049b4,0x4152076dcf9c0ebf,0x40863c66112e3f1f,0x4023c597250c1a0c,0x40069f556bca4913,0x4003c0cac56ffd70,0x4152076dcf9c0ebf,0x414fe4d29514e3bd,0x4129fe5a398c7e28,0x41520761b5119ce0,0x0000000000000000,0x0000000000000000,0x0000000000000000,0x00000001,0x00000001,0x8000000200006600,0x8000000a00007e00,0x800000000094112d,0x000000008000af80,0x00000000800000e4,0x0000000000000002,0x000000007c201073,0x0000000000000080,0x6000000000000000,0x00000000000000c0,0x4000b4c3,0x00000000800049b4,0x000000004000b4c3,0x000000000149f2d7,0x0000000001404857,0x000000000149f2d7,0x0000000001404857,0x000000000000047e,0x0000000000006ba0,0x000000000000758a,0x00000000009cb412,0x000000000000700c,0x0000000000875f01,0x000000000001a199,0x000000000051b042,0x00000000000000c0,0x0000000000000040,0x00000489,0x8000000000000907,0x0000000007240701,0x03
1783627023198,b,0x00000000800056f8,0x0000000080019060,0x000000008000f190,0x000000008000f1c0,0x0000000080007a7a,0x000000000000000f,0x0000000080019430,0x00000000800190b0,0x0000000080019530,0x0000000080019548,0x000000008000f238,0x0000000000000006,0x0000000000000006,0x0000000000000001,0x000000000000000c,0x000000008000f201,0x3fecdfe31d34ef45,0x0000000000000006,0x000000008000f200,0x0000000000000001,0x0000000000000006,0x0000000000000038,0x0000000000000000,0x000000000d999fe0,0x00000000007ea469,0x3fedd0be6c436ff0,0x00000000800049e0,0x4152076dcf9c0ebf,0x40863c66112e3f1f,0x4023c597250c1a0c,0x40069f556bca4913,0x4003c0cac56ffd70,0x4152076dcf9c0ebf,0x414fe4d651446738,0x4129fe5524816f00,0x4152076551e4f766,0x0000000000000000,0x0000000000000000,0x0000000000000000,0x00000001,0x00000001,0x8000000200006600,0x8000000a00007e00,0x800000000094112d,0x000000008000af80,0x00000000800000e4,0x0000000000000002,0x000000007c201073,0x0000000000000080,0x6000000000000000,0x00000000000000c0,0x4000b4c3,0x00000000800049e0,0x000000004000b4c3,0x00000000014b266b,0x000000000141776e,0x00000000014b266b,0x000000000141776e,0x0000000000000480,0x0000000000006ba3,0x00000000000075e9,0x00000000009d4a64,0x000000000000703e,0x000000000087e291,0x000000000001a323,0x000000000051fddc,0x00000000000000c0,0x0000000000000040,0x00000489,0x8000000000000907,0x0000000007240701,0x03
1783627024559,b,0x00000000800057ae,0x0000000080018d90,0x000000008000f190,0x000000008000f1c0,0x0000000080007a7a,0x0000000000000000,0x00000000800191f0,0x0000000080018de0,0x0000000080019530,0x0000000080018f50,0x000000008000f238,0x0000000000000006,0x0000000000000006,0x0000000000000005,0x0000000000000006,0x000000000d3cff6e,0x0000000043f14cda,0x0000000000000006,0x000000008000f200,0x0000000000000001,0x0000000000000006,0x0000000000000038,0x0000000000000000,0x000000000d3ceb2e,0x000000000055dc95,0x3fedd0be6c436ff0,0x0000000080004a0a,0x4152076dcf9c0ebf,0x40863c66112e3f1f,0x4023c597250c1a0c,0x40069f556bca4913,0x4003c0cac56ffd70,0x4152076dcf9c0ebf,0x4025772550fc5337,0x4129fe5524816f00,0x4152076551e4f766,0x8000000000000000,0x3fdcf46da09c9983,0x3fdcf46da09c9983,0x00000001,0x00000001,0x8000000200006600,0x8000000a00007e00,0x800000000094112d,0x000000008000af80,0x00000000800000e4,0x0000000000000002,0x000000007c201073,0x0000000000000080,0x6000000000000000,0x00000000000000c0,0x4000b4c3,0x0000000080004a0a,0x000000004000b4c3,0x00000000014c3e22,0x0000000001428fd2,0x00000000014c3e22,0x0000000001428fd2,0x0000000000000482,0x0000000000006ba6,0x000000000000760c,0x00000000009dd0de,0x000000000000705b,0x0000000000885ca8,0x000000000001a476,0x0000000000524bf9,0x00000000000000c0,0x0000000000000040,0x00000489,0x8000000000000907,0x0000000007240701,0x03
1783627026047,b,0x000000008000583a,0x0000000080018ed0,0x000000008000f190,0x000000008000f1c0,0x0000000080007a7a,0x000000000000000f,0x00000000800191f0,0x0000000080018f20,0x0000000080019530,0x00000000800194a0,0x000000008000f238,0x0000000000000003,0x0000000000000006,0x00000000800191f0,0x0000000080019268,0x000000008000f201,0x3ff10d3e7932d83a,0x0000000000000006,0x000000008000f200,0x0000000000000001,0x0000000000000006,0x0000000000000038,0x0000000000000000,0xfffffffff9f47b5e,0x00000000004a12f2,0x3fedd0be6c437050,0x0000000080004982,0x4152076dcf9c0ebf,0x40863c66112e3f1f,0x4023c597250c1a0c,0x40069f556bca4913,0x4003c0cac56ffd70,0x4152076dcf9c0ebf,0x414fe4d5c236e2eb,0x4129fe5ed6a161e5,0x4152076280068db9,0x0000000000000000,0x0000000000000000,0x0000000000000000,0x00000001,0x00000001,0x8000000200006600,0x8000000a00007e00,0x800000000094112d,0x000000008000af80,0x00000000800000e4,0x0000000000000002,0x000000007c201073,0x0000000000000080,0x6000000000000000,0x00000000000000c0,0x4000b4c3,0x0000000080004982,0x000000004000b4c3,0x00000000014d3739,0x00000000014382bc,0x00000000014d3739,0x00000000014382bc,0x0000000000000485,0x0000000000006ba9,0x000000000000765a,0x00000000009e484f,0x000000000000707d,0x000000000088c935,0x000000000001a573,0x0000000000528c07,0x00000000000000c0,0x0000000000000040,0x00000489,0x8000000000000907,0x0000000007240701,0x03
1783627027584,b,0x0000000080005744,0x0000000080019060,0x000000008000f190,0x000000008000f1c0,0x0000000080007a7a,0x000000000000000f,0x00000000800191f0,0x00000000800190b0,0x0000000080019530,0x0000000080019310,0x00000000800191f0,0x0000000000000006,0x0000000000000006,0x00000000800190d0,0x00000000800191c0,0x000000008000f201,0x3ff17b26a05ac85a,0x0000000000000006,0x000000008000f200,0x0000000000000001,0x0000000000000006,0x0000000000000038,0x0000000000000000,0xffffffff8824eece,0x00000000004749e3,0x3fedd0be6c4370ae,0x00000000800049f0,0x4152076dcf9c0ebf,0x40863c66112e3f1f,0x4023c597250c1a0c,0x40069f556bca4913,0x4003c0cac56ffd70,0x4152076dcf9c0ebf,0x414fe4d4afb15b57,0x4129fe62bbb2fec5,0x415207603eb851ec,0x0000000000000000,0x0000000000000000,0x0000000000000000,0x00000001,0x00000001,0x8000000200006600,0x8000000a00007e00,0x800000000094112d,0x000000008000af80,0x00000000800000e4,0x0000000000000002,0x000000007c201073,0x0000000000000080,0x6000000000000000,0x00000000000000c0,0x4000b4c3,0x00000000800049f0,0x000000004000b4c3,0x00000000014e6579,0x000000000144ad39,0x00000000014e6579,0x000000000144ad39,0x0000000000000488,0x0000000000006bac,0x00000000000076ac,0x00000000009edc4a,0x00000000000070ae,0x0000000000894a29,0x000000000001a6f5,0x000000000052d7fd,0x00000000000000c0,0x0000000000000040,0x00000489,0x8000000000000907,0x0000000007240701,0x03
1783627028996,b,0x00000000800056f8,0x0000000080019060,0x000000008000f190,0x000000008000f1c0,0x0000000080007a7a,0x000000000000000f,0x0000000080019430,0x00000000800190b0,0x0000000080019530,0x0000000080019548,0x000000008000f238,0x0000000000000006,0x0000000000000006,0x0000000080019310,0x0000000000000002,0x000000008000f201,0x3ff0589d7d7dfa56,0x0000000000000006,0x000000008000f200,0x0000000000000001,0x0000000000000006,0x0000000000000038,0x0000000000000000,0xfffffffff3eecebe,0x0000000000457d6f,0x3fedd0be6c437104,0x00000000800049fc,0x4152076dcf9c0ebf,0x40863c66112e3f1f,0x4023c597250c1a0c,0x40069f556bca4913,0x4003c0cac56ffd70,0x4152076dcf9c0ebf,0x414fe4d35e0aa64c,0x4129fe51bfa43fe6,0x41520761bbc50481,0x0000000000000000,0x0000000000000000,0x0000000000000000,0x00000001,0x00000001,0x8000000200006600,0x8000000a00007e00,0x800000000094112d,0x000000008000af80,0x00000000800000e4,0x0000000000000002,0x000000007c201073,0x0000000000000080,0x6000000000000000,0x00000000000000c0,0x4000b4c3,0x00000000800049fc,0x000000004000b4c3,0x00000000014f8d9a,0x000000000145d0d0,0x00000000014f8d9a,0x000000000145d0d0,0x000000000000048c,0x0000000000006baf,0x0000000000007714,0x00000000009f6d27,0x00000000000070e0,0x000000000089c84e,0x000000000001a876,0x000000000053221b,0x00000000000000c0,0x0000000000000040,0x00000489,0x8000000000000907,0x0000000007240701,0x03
1783627030579,b,0x0000000080006260,0x0000000080019230,0x000000008000f190,0x000000008000f1c0,0x402a6014520d60d3,0x0000000000000000,0x0000000000000000,0x0000000080019440,0x0000000080019530,0x0000000080019698,0x00000000800194a0,0x000000008000f238,0x00000000800003f0,0x0000000000000002,0x0000000000000002,0xffffffff857fffdf,0xffffffffa019dfb6,0x0000000000000006,0x000000008000f200,0x0000000000000001,0x0000000000000006,0x0000000000000038,0x0000000000000000,0xffffffff857ab54e,0x000000000060f359,0x3fedd0be6c437152,0x0000000080005bba,0x4152076dcf9c0ebf,0x40863c66112e3f1f,0x4023c597250c1a0c,0x40069f556bca4913,0x4003c0cac56ffd70,0x4152076dcf9c0ebf,0x40183cd6680677ee,0x4129fe51bfa43fe6,0x41520761bbc50481,0x01a56e1fc2f8f359,0x0000000000000000,0x0000000000000000,0x00000001,0x00000001,0x8000000200006600,0x8000000a00007e00,0x800000000094112d,0x000000008000af80,0x00000000800000e4,0x0000000000000002,0x000000007c201073,0x0000000000000080,0x6000000000000000,0x00000000000000c0,0x4000b4c3,0x0000000080005bba,0x000000004000b4c3,0x000000000150cb87,0x0000000001470d1c,0x000000000150cb87,0x0000000001470d1c,0x000000000000048f,0x0000000000006bb2,0x000000000000775e,0x0000000000a0074f,0x0000000000007103,0x00000000008a51e4,0x000000000001a9f0,0x000000000053773d,0x00000000000000c0,0x0000000000000040,0x00000489,0x8000000000000907,0x0000000007240701,0x03
1783627031944,b,0x00000000800058f2,0x0000000080018ed0,0x000000008000f190,0x000000008000f1c0,0x0000000080007a7a,0x0000000000000000,0x00000000800191f0,0x0000000080018f20,0x0000000080019530,0x00000000800193a0,0x00000000800194a0,0x0000000000000006,0x0000000000000003,0x0000000000000001,0x0000000000000005,0x000000001d765e9f,0x0000000043f14cd6,0x0000000000000006,0x000000008000f200,0x0000000000000001,0x0000000000000006,0x0000000000000038,0x0000000000000000,0x000000001d021e8e,0x000000000055dc95,0x3fedd0be6c437152,0x0000000080004966,0x4152076dcf9c0ebf,0x40863c66112e3f1f,0x4023c597250c1a0c,0x40069f556bca4913,0x4003c0cac56ffd70,0x4152076dcf9c0ebf,0x4025772550fc5336,0x4129fe597f7ced91,0x4152075fc8a57a78,0x0000000000000000,0x0000000000000000,0x0000000000000000,0x00000001,0x00000001,0x8000000200006600,0x8000000a00007e00,0x800000000094112d,0x000000008000af80,0x00000000800000e4,0x0000000000000002,0x000000007c201073,0x0000000000000080,0x6000000000000000,0x00000000000000c0,0x4000b4c3,0x0000000080004966,0x000000004000b4c3,0x000000000151eb6e,0x0000000001482af5,0x000000000151eb6e,0x0000000001482af5,0x0000000000000492,0x0000000000006bb5,0x00000000000077a2,0x0000000000a092ab,0x0000000000007130,0x00000000008ace02,0x000000000001ab60,0x000000000053c2ff,0x00000000000000c0,0x0000000000000040,0x00000489,0x8000000000000907,0x0000000007240701,0x03
1783627033214,b,0x0000000080005820,0x0000000080018ed0,0x000000008000f190,0x000000008000f1c0,0x0000000080007a7a,0x000000000000000f,0x00000000800191f0,0x0000000080018f20,0x0000000080019530,0x000000008000f238,0x0000000080019310,0x0000000000000006,0x0000000000000006,0x0000000080019280,0x0000000000000070,0x000000008000f201,0x3fed221c035da305,0x0000000000000006,0x000000008000f200,0x0000000000000001,0x0000000000000006,0x0000000000000038,0x0000000000000000,0x000000003dc761ae,0x000000000049a220,0x3fedd0be6c437195,0x0000000080004980,0x4152076dcf9c0ebf,0x40863c66112e3f1f,0x4023c597250c1a0c,0x40069f556bca4913,0x4003c0cac56ffd70,0x4152076dcf9c0ebf,0x414fe4d54243fe5d,0x4129fe62db573eab,0x41520763e315b574,0x0000000000000000,0x0000000000000000,0x0000000000000000,0x00000001,0x00000001,0x8000000200006600,0x8000000a00007e00,0x800000000094112d,0x000000008000af80,0x00000000800000e4,0x0000000000000002,0x000000007c201073,0x0000000000000080,0x6000000000000000,0x00000000000000c0,0x4000b4c3,0x0000000080004980,0x000000004000b4c3,0x000000000152ed4f,0x00000000014926e5,0x000000000152ed4f,0x00000000014926e5,0x0000000000000497,0x0000000000006bb8,0x00000000000077f2,0x0000000000a10e4e,0x0000000000007154,0x00000000008b3ebb,0x000000000001ac6a,0x0000000000540554,0x00000000000000c0,0x0000000000000040,0x00000489,0x8000000000000907,0x0000000007240701,0x03
1783627034620,b,0x0000000080005744,0x0000000080019060,0x000000008000f190,0x000000008000f1c0,0x0000000080007a7a,0x000000000000000f,0x00000000800191f0,0x00000000800190b0,0x0000000080019530,0x0000000080019310,0x00000000800191f0,0x0000000000000006,0x0000000000000006,0x0000000000000001,0x0000000000000006,0x000000008000f201,0x3fef19859e488afc,0x0000000000000006,0x000000008000f200,0x0000000000000001,0x0000000000000006,0x0000000000000038,0x0000000000000000,0xffffffff9f3ab83e,0x000000000049ab86,0x3fedd0be6c4371ce,0x00000000800049d6,0x4152076dcf9c0ebf,0x40863c66112e3f1f,0x4023c597250c1a0c,0x40069f556bca4913,0x4003c0cac56ffd70,0x4152076dcf9c0ebf,0x414fe4d561eecbfb,0x4129fe5d2474538f,0x4152075c92027525,0x0000000000000000,0x0000000000000000,0x0000000000000000,0x00000001,0x00000001,0x8000000200006600,0x8000000a00007e00,0x800000000094112d,0x000000008000af80,0x00000000800000e4,0x0000000000000002,0x000000007c201073,0x0000000000000080,0x6000000000000000,0x00000000000000c0,0x4000b4c3,0x00000000800049d6,0x000000004000b4c3,0x0000000001541d57,0x00000000014a52ba,0x0000000001541d57,0x00000000014a52ba,0x000000000000049d,0x0000000000006bbb,0x0000000000007856,0x0000000000a1a2e0,0x0000000000007186,0x00000000008bc055,0x000000000001adee,0x00000000005451b2,0x00000000000000c0,0x0000000000000040,0x00000489,0x8000000000000907,0x0000000007240701,0x03
1783627036180,b,0x0000000080006260,0x0000000080019230,0x000000008000f190,0x000000008000f1c0,0x402a6014520d60fa,0x0000000000000000,0x0000000000000000,0x0000000080019440,0x0000000080019530,0x0000000080019698,0x00000000800194a0,0x000000008000f238,0x00000000800003f0,0x0000000000000005,0x0000000000000048,0xffffffffff69f9be,0xffffffffe3b38174,0x0000000000000006,0x000000008000f200,0x0000000000000001,0x0000000000000006,0x0000000000000038,0x0000000000000000,0xffffffffff28f1b8,0x00000000006233d2,0x3fedd0be6c4371fd,0x0000000080005cba,0x4152076dcf9c0ebf,0x40863c66112e3f1f,0x4023c597250c1a0c,0x40069f556bca4913,0x4003c0cac56ffd70,0x4152076dcf9c0ebf,0x40388cf4b8ece05d,0x4129fe5d2474538f,0x4152075c92027525,0x01a56e1fc2f8f359,0x4012207dfca3cb69,0x4012207dfca3cb69,0x00000001,0x00000001,0x8000000200006600,0x8000000a00007e00,0x800000000094112d,0x000000008000af80,0x00000000800000e4,0x0000000000000002,0x000000007c201073,0x0000000000000080,0x6000000000000000,0x00000000000000c0,0x4000b4c3,0x0000000080005cba,0x000000004000b4c3,0x0000000001553305,0x00000000014b654e,0x0000000001553305,0x00000000014b654e,0x000000000000049f,0x0000000000006bbe,0x000000000000789d,0x0000000000a22a59,0x00000000000071a5,0x00000000008c3837,0x000000000001af45,0x00000000005499ea,0x00000000000000c0,0x0000000000000040,0x00000489,0x8000000000000907,0x0000000007240701,0x03
1783627037791,b,0x00000000800057ae,0x0000000080018d90,0x000000008000f190,0x000000008000f1c0,0x0000000080007a7a,0x0000000000000000,0x00000000800191f0,0x0000000080018de0,0x0000000080019530,0x0000000080018f50,0x000000008000f238,0x0000000000000006,0x0000000000000006,0x0000000000000003,0x0000000000000003,0xffffffffedffefbf,0x0000000043f14ce2,0x0000000000000006,0x000000008000f200,0x0000000000000001,0x0000000000000006,0x0000000000000038,0x0000000000000000,0xffffffffedb2843e,0x000000000055dc95,0x3fedd0be6c4371fd,0x000000008000499c,0x4152076dcf9c0ebf,0x40863c66112e3f1f,0x4023c597250c1a0c,0x40069f556bca4913,0x4003c0cac56ffd70,0x4152076dcf9c0ebf,0x4025772550fc5339,0x4129fe531a6b50b1,0x4152075f237ced91,0x8000000000000000,0x0000000000000000,0x0000000000000000,0x00000001,0x00000001,0x8000000200006600,0x8000000a00007e00,0x800000000094112d,0x000000008000af80,0x00000000800000e4,0x0000000000000002,0x000000007c201073,0x0000000000000080,0x6000000000000000,0x00000000000000c0,0x4000b4c3,0x000000008000499c,0x000000004000b4c3,0x0000000001565706,0x00000000014c87fb,0x0000000001565706,0x00000000014c87fb,0x00000000000004a3,0x0000000000006bc1,0x00000000000078ea,0x0000000000a2b6fd,0x00000000000071d5,0x00000000008cb5aa,0x000000000001b0be,0x000000000054e7df,0x00000000000000c0,0x0000000000000040,0x00000489,0x8000000000000907,0x0000000007240701,0x03
1783627039428,b,0x0000000080005850,0x0000000080018ed0,0x000000008000f190,0x000000008000f1c0,0x0000000080007a7a,0x000000000000000f,0x00000000800191f0,0x0000000080018f20,0x0000000080019530,0x00000000800191f0,0x0000000080019310,0x0000000000000003,0x0000000000000006,0x0000000000000000,0x0000000000000006,0x000000008000f201,0x3fe4499b2021189e,0x0000000000000006,0x000000008000f200,0x0000000000000001,0x0000000000000006,0x0000000000000038,0x0000000000000000,0xffffffffe216f2e0,0x000000000046dd45,0x3fedd0be6c437220,0x0000000080004978,0x4152076dcf9c0ebf,0x40863c66112e3f1f,0x4023c597250c1a0c,0x40069f556bca4913,0x4003c0cac56ffd70,0x4152076dcf9c0ebf,0x414fe4d80c395810,0x4129fe44d780346e,0x41520762d7ec56d6,0x0000000000000000,0x0000000000000000,0x0000000000000000,0x00000001,0x00000001,0x8000000200006600,0x8000000a00007e00,0x800000000094112d,0x000000008000af80,0x00000000800000e4,0x0000000000000002,0x000000007c201073,0x0000000000000080,0x6000000000000000,0x00000000000000c0,0x4000b4c3,0x0000000080004978,0x000000004000b4c3,0x000000000157781e,0x00000000014da28a,0x000000000157781e,0x00000000014da28a,0x00000000000004a7,0x0000000000006bc4,0x000000000000793b,0x0000000000a34119,0x00000000000071f8,0x00000000008d3501,0x000000000001b1dd,0x00000000005533f3,0x00000000000000c0,0x0000000000000040,0x00000489,0x8000000000000907,0x0000000007240701,0x03
1783627040906,b,0x0000000080005820,0x0000000080018ed0,0x000000008000f190,0x000000008000f1c0,0x0000000080007a7a,0x000000000000000f,0x00000000800191f0,0x0000000080018f20,0x0000000080019530,0x000000008000f238,0x0000000080019310,0x0000000000000006,0x0000000000000006,0x0000000000000002,0x0000000000000009,0x000000008000f201,0x3fe579b6e9ba4c1b,0x0000000000000006,0x000000008000f200,0x0000000000000001,0x0000000000000006,0x0000000000000038,0x0000000000000000,0xffffffffc548e40e,0x000000000051540f,0x3fedd0be6c437238,0x00000000800049ba,0x4152076dcf9c0ebf,0x40863c66112e3f1f,0x4023c597250c1a0c,0x40069f556bca4913,0x4003c0cac56ffd70,0x4152076dcf9c0ebf,0x414fe4d8273eab36,0x4129fe6feed91687,0x4152076088710cb3,0x0000000000000000,0x0000000000000000,0x0000000000000000,0x00000001,0x00000001,0x8000000200006600,0x8000000a00007e00,0x800000000094112d,0x000000008000af80,0x00000000800000e4,0x0000000000000002,0x000000007c201073,0x0000000000000080,0x6000000000000000,0x00000000000000c0,0x4000b4c3,0x00000000800049ba,0x000000004000b4c3,0x000000000158b3fe,0x00000000014edad7,0x000000000158b3fe,0x00000000014edad7,0x00000000000004aa,0x0000000000006bc7,0x00000000000079a4,0x0000000000a3dbb5,0x000000000000722c,0x00000000008dbb56,0x000000000001b36e,0x000000000055837e,0x00000000000000c0,0x0000000000000040,0x00000489,0x8000000000000907,0x0000000007240701,0x03
1783627042342,b,0x0000000080005744,0x0000000080019060,0x000000008000f190,0x000000008000f1c0,0x0000000080007a7a,0x000000000000000f,0x00000000800191f0,0x00000000800190b0,0x0000000080019530,0x0000000080019310,0x00000000800191f0,0x0000000000000006,0x0000000000000006,0x0000000000000005,0x0000000000000006,0x000000008000f201,0x3fe38d15725e6ddc,0x0000000000000006,0x000000008000f200,0x0000000000000001,0x0000000000000006,0x0000000000000038,0x0000000000000000,0xffffffffc916be3e,0x000000000052574f,0x3fedd0be6c437249,0x0000000080004a0a,0x4152076dcf9c0ebf,0x40863c66112e3f1f,0x4023c597250c1a0c,0x40069f556bca4913,0x4003c0cac56ffd70,0x4152076dcf9c0ebf,0x414fe4d7b5916873,0x4129fe684af4f0d8,0x415207644e6cf41f,0x0000000000000000,0x0000000000000000,0x0000000000000000,0x00000001,0x00000001,0x8000000200006600,0x8000000a00007e00,0x800000000094112d,0x000000008000af80,0x00000000800000e4,0x0000000000000002,0x000000007c201073,0x0000000000000080,0x6000000000000000,0x00000000000000c0,0x4000b4c3,0x0000000080004a0a,0x000000004000b4c3,0x000000000159f518,0x000000000150175a,0x000000000159f518,0x000000000150175a,0x00000000000004af,0x0000000000006bca,0x0000000000007a11,0x0000000000a47833,0x000000000000725e,0x00000000008e44ab,0x000000000001b501,0x000000000055d4e3,0x00000000000000c0,0x0000000000000040,0x00000489,0x8000000000000907,0x0000000007240701,0x03
1783627043603,b,0x00000000800056f8,0x0000000080019060,0x000000008000f190,0x000000008000f1c0,0x0000000080007a7a,0x000000000000000f,0x0000000080019430,0x00000000800190b0,0x0000000080019530,0x0000000080019548,0x000000008000f238,0x0000000000000006,0x0000000000000006,0x0000000000000003,0x0000000000000006,0x000000008000f201,0x3fe632d57029a66c,0x0000000000000006,0x000000008000f200,0x0000000000000001,0x0000000000000006,0x0000000000000038,0x0000000000000000,0xffffffff93061ebe,0x000000000052281f,0x3fedd0be6c437251,0x000000008000496c,0x4152076dcf9c0ebf,0x40863c66112e3f1f,0x4023c597250c1a0c,0x40069f556bca4913,0x4003c0cac56ffd70,0x4152076dcf9c0ebf,0x414fe4d4550e5604,0x4129fe5579581062,0x4152075f357a786c,0x0000000000000000,0x0000000000000000,0x0000000000000000,0x00000001,0x00000001,0x8000000200006600,0x8000000a00007e00,0x800000000094112d,0x000000008000af80,0x00000000800000e4,0x0000000000000002,0x000000007c201073,0x0000000000000080,0x6000000000000000,0x00000000000000c0,0x4000b4c3,0x000000008000496c,0x000000004000b4c3,0x00000000015b3b95,0x0000000001515933,0x00000000015b3b95,0x0000000001515933,0x00000000000004b5,0x0000000000006bcd,0x0000000000007a75,0x0000000000a51765,0x0000000000007290,0x00000000008ed091,0x000000000001b699,0x000000000056282b,0x00000000000000c0,0x0000000000000040,0x00000489,0x8000000000000907,0x0000000007240701,0x03
1783627045038,b,0x0000000080009fc2,0x0000000080019420,0x000000008000f190,0x000000008000f1c0,0x402a6014520d613d,0x0000000000000100,0x0000000000000000,0x0000000080019700,0x0000000080019530,0x000000000074bb7a,0x000000004e027800,0x0000000000da654e,0x0000000000000003,0x00000000003a5dbd,0xffffffffd9e7c000,0xffffffff9c04f100,0xffffffff9c04f200,0x0000000000000006,0x000000008000f200,0x0000000000000001,0x0000000000000006,0x0000000000000038,0x0000000000000009,0xffffffff9c04f100,0x000000000074bb7a,0x3fedd0be6c437254,0x000000008000a10e,0x4152076dcf9c0ebf,0x40863c66112e3f1f,0x4023c597250c1a0c,0x40069f556bca4913,0x4003c0cac56ffd70,0x406a9d3834df929a,0x406a9d3834df929a,0x4129fe5579581062,0x4152075f357a786c,0x3ff0000000000000,0x404102e2d925c77a,0x406a9d3834df929a,0x00000001,0x00000001,0x8000000200006600,0x8000000a00007e00,0x800000000094112d,0x000000008000af80,0x00000000800000e4,0x0000000000000002,0x000000007c201073,0x0000000000000080,0x6000000000000000,0x00000000000000c0,0x4000b4c3,0x000000008000a10e,0x000000004000b4c3,0x00000000015c6036,0x0000000001527e8d,0x00000000015c6036,0x0000000001527e8d,0x00000000000004b8,0x0000000000006bd0,0x0000000000007aa7,0x0000000000a5a4b7,0x00000000000072b1,0x00000000008f4f95,0x000000000001b7f8,0x000000000056794b,0x00000000000000c0,0x0000000000000040,0x00000489,0x8000000000000907,0x0000000007240701,0x03
1783627046393,b,0x0000000080009fc2,0x0000000080018dc0,0x000000008000f190,0x000000008000f1c0,0x0000000080007a7a,0x0000000000000008,0x00000000800191f0,0x0000000080018e40,0x0000000080018f08,0x000000000055dc95,0xffffffffa1f8a670,0x0000000000599a8c,0x0000000000000003,0x00000000002aee4a,0xffffffff875951e0,0x0000000000599a8c,0x0000000043f14ce0,0x0000000000000006,0x000000008000f200,0x0000000000000001,0x0000000000000006,0x0000000000000038,0x0000000000000004,0xffffffff875951e0,0x000000000055dc95,0x3fedd0be6c437254,0x000000008000a0ea,0x4152076dcf9c0ebf,0x40863c66112e3f1f,0x4023c597250c1a0c,0x40069f556bca4913,0x4003c0cac56ffd70,0x405ccc3930020bfd,0x405ccc3930020bfd,0x4129fe5fab6ae7d5,0x41520765b5c91d15,0x01a56e1fc2f8f359,0x0000000000000000,0x405ccc3930020bfd,0x00000001,0x00000001,0x8000000200006600,0x8000000a00007e00,0x800000000094112d,0x000000008000af80,0x00000000800000e4,0x0000000000000002,0x000000007c201073,0x0000000000000080,0x6000000000000000,0x00000000000000c0,0x4000b4c3,0x000000008000a0ea,0x000000004000b4c3,0x00000000015d5c73,0x000000000153779e,0x00000000015d5c73,0x000000000153779e,0x00000000000004bb,0x0000000000006bd3,0x0000000000007add,0x0000000000a6213b,0x00000000000072d6,0x00000000008fbb65,0x000000000001b912,0x000000000056b86f,0x00000000000000c0,0x0000000000000040,0x00000489,0x8000000000000907,0x0000000007240701,0x03
1783627047981,b,0x0000000080005744,0x0000000080019060,0x000000008000f190,0x000000008000f1c0,0x0000000080007a7a,0x000000000000000f,0x00000000800191f0,0x00000000800190b0,0x0000000080019530,0x0000000080019310,0x00000000800191f0,0x0000000000000006,0x0000000000000006,0x0000000000000004,0x0000000000000018,0x000000008000f201,0x3fe65525e5a4d714,0x0000000000000006,0x000000008000f200,0x0000000000000001,0x0000000000000006,0x0000000000000038,0x0000000000000000,0xffffffffef003800,0x0000000000528cbf,0x3fedd0be6c437253,0x0000000080004944,0x4152076dcf9c0ebf,0x40863c66112e3f1f,0x4023c597250c1a0c,0x40069f556bca4913,0x4003c0cac56ffd70,0x4152076dcf9c0ebf,0x414fe4d86161e4f7,0x4129fe617a0f9097,0x415207651d604189,0x3ff117a2f91bc81e,0x0000000000000000,0x0000000000000000,0x00000001,0x00000001,0x8000000200006600,0x8000000a00007e00,0x800000000094112d,0x000000008000af80,0x00000000800000e4,0x0000000000000002,0x000000007c201073,0x0000000000000080,0x6000000000000000,0x00000000000000c0,0x4000b4c3,0x0000000080004944,0x000000004000b4c3,0x00000000015e66c7,0x0000000001547b7d,0x00000000015e66c7,0x0000000001547b7d,0x00000000000004bf,0x0000000000006bd6,0x0000000000007b2d,0x0000000000a6a034,0x0000000000007300,0x0000000000902fad,0x000000000001ba5b,0x000000000056fc2a,0x00000000000000c0,0x0000000000000040,0x00000489,0x8000000000000907,0x0000000007240701,0x03
1783627049371,b,0x0000000080006260,0x0000000080019230,0x000000008000f190,0x000000008000f1c0,0x402a6014520d6149,0x0000000000000000,0x0000000000000000,0x0000000080019440,0x0000000080019530,0x0000000080019698,0x00000000800194a0,0x000000008000f238,0x00000000800003f0,0x0000000000000000,0x000000000000000c,0xfffffffff877bfa8,0x0000000038c238c0,0x0000000000000006,0x000000008000f200,0x0000000000000001,0x0000000000000006,0x0000000000000038,0x0000000000000000,0xfffffffff835b800,0x00000000004faa83,0x3fedd0be6c43724c,0x0000000080005cda,0x4152076dcf9c0ebf,0x40863c66112e3f1f,0x4023c597250c1a0c,0x40069f556bca4913,0x4003c0cac56ffd70,0x4152076dcf9c0ebf,0x4023eaa0ce308e30,0x4129fe617a0f9097,0x415207651d604189,0x01a56e1fc2f8f359,0x0000000000000000,0x0000000000000000,0x00000001,0x00000001,0x8000000200006600,0x8000000a00007e00,0x800000000094112d,0x000000008000af80,0x00000000800000e4,0x0000000000000002,0x000000007c201073,0x0000000000000080,0x6000000000000000,0x00000000000000c0,0x4000b4c3,0x0000000080005cda,0x000000004000b4c3,0x00000000015f6a90,0x0000000001557beb,0x00000000015f6a90,0x0000000001557beb,0x00000000000004c2,0x0000000000006bd9,0x0000000000007b76,0x0000000000a71f8f,0x000000000000731f,0x0000000000909f43,0x000000000001bba6,0x0000000000573e60,0x00000000000000c0,0x0000000000000040,0x00000489,0x8000000000000907,0x0000000007240701,0x03
1783627050794,b,0x00000000800058f2,0x0000000080018ed0,0x000000008000f190,0x000000008000f1c0,0x0000000080007a7a,0x0000000000000000,0x00000000800191f0,0x0000000080018f20,0x0000000080019530,0x00000000800193a0,0x00000000800194a0,0x0000000000000006,0x0000000000000003,0x0000000000000000,0x0000000000000012,0xffffffffae9db7df,0x0000000043f14cf2,0x0000000000000006,0x000000008000f200,0x0000000000000001,0x0000000000000006,0x0000000000000038,0x0000000000000000,0xffffffffae9db59e,0x000000000055dc95,0x3fedd0be6c43724c,0x000000008000497a,0x4152076dcf9c0ebf,0x40863c66112e3f1f,0x4023c597250c1a0c,0x40069f556bca4913,0x4003c0cac56ffd70,0x4152076dcf9c0ebf,0x4025772550fc533d,0x4129fe5ef15b573f,0x4152076511f8a090,0x0000000000000000,0x0000000000000000,0x0000000000000000,0x00000001,0x00000001,0x8000000200006600,0x8000000a00007e00,0x800000000094112d,0x000000008000af80,0x00000000800000e4,0x0000000000000002,0x000000007c201073,0x0000000000000080,0x6000000000000000,0x00000000000000c0,0x4000b4c3,0x000000008000497a,0x000000004000b4c3,0x000000000160706f,0x00000000015680cc,0x000000000160706f,0x00000000015680cc,0x00000000000004c7,0x0000000000006bdd,0x0000000000007bb5,0x0000000000a79dd6,0x000000000000734c,0x0000000000910f5a,0x000000000001bcf5,0x000000000057846e,0x00000000000000c0,0x0000000000000040,0x00000489,0x8000000000000907,0x0000000007240701,0x03
1783627052259,b,0x00000000800055d4,0x0000000080018e90,0x000000008000f190,0x000000008000f1c0,0x0000000080007a7a,0x000000000000000f,0x00000000800191f0,0x0000000080018ee0,0x0000000080019530,0x0000000080019160,0x0000000080019118,0x0000000080018ef8,0x0000000000000003,0x0000000080019118,0x0000000000000003,0x000000008000f201,0x3feb0421c0f25ac6,0x0000000000000006,0x000000008000f200,0x0000000000000001,0x0000000000000006,0x0000000000000038,0x0000000000000000,0x00000000171df28e,0x00000000004f8741,0x3fedd0be6c437243,0x0000000080005188,0x4152076dcf9c0ebf,0x40863c66112e3f1f,0x4023c597250c1a0c,0x40069f556bca4913,0x4003c0cac56ffd70,0x4152076dcf9c0ebf,0x414fe4d6c96bb98c,0x4129fe4e3b7e9100,0x415207632c432ca5,0x3ff12c1dda637627,0x402e61c980105ff4,0x405ccc3930020bfe,0x00000001,0x00000001,0x8000000200006600,0x8000000a00007e00,0x800000000094112d,0x000000008000af80,0x00000000800000e4,0x0000000000000002,0x000000007c201073,0x0000000000000080,0x6000000000000000,0x00000000000000c0,0x4000b4c3,0x0000000080005188,0x000000004000b4c3,0x000000000161b1ae,0x000000000157bbd8,0x000000000161b1ae,0x000000000157bbd8,0x00000000000004cb,0x0000000000006be0,0x0000000000007c04,0x0000000000a83753,0x0000000000007374,0x0000000000919cf6,0x000000000001be42,0x000000000057d97d,0x00000000000000c0,0x0000000000000040,0x00000489,0x8000000000000907,0x0000000007240701,0x03
1783627053834,b,0x0000000080005744,0x0000000080019060,0x000000008000f190,0x000000008000f1c0,0x0000000080007a7a,0x000000000000000f,0x00000000800191f0,0x00000000800190b0,0x0000000080019530,0x0000000080019310,0x00000000800191f0,0x0000000000000006,0x0000000000000006,0x0000000000000005,0x0000000000000006,0x000000008000f201,0x3fea42193c61b8a4,0x0000000000000006,0x000000008000f200,0x0000000000000001,0x0000000000000006,0x0000000000000038,0x0000000000000000,0xffffffff807c253e,0x0000000000533bdc,0x3fedd0be6c437238,0x000000008000496c,0x4152076dcf9c0ebf,0x40863c66112e3f1f,0x4023c597250c1a0c,0x40069f556bca4913,0x4003c0cac56ffd70,0x4152076dcf9c0ebf,0x414fe4d7c4f0d845,0x4129fe5e8ab367a1,0x4152075e709a0275,0x0000000000000000,0x0000000000000000,0x0000000000000000,0x00000001,0x00000001,0x8000000200006600,0x8000000a00007e00,0x800000000094112d,0x000000008000af80,0x00000000800000e4,0x0000000000000002,0x000000007c201073,0x0000000000000080,0x6000000000000000,0x00000000000000c0,0x4000b4c3,0x000000008000496c,0x000000004000b4c3,0x000000000162d10f,0x000000000158d6b8,0x000000000162d10f,0x000000000158d6b8,0x00000000000004d1,0x0000000000006be5,0x0000000000007c65,0x0000000000a8c401,0x00000000000073a2,0x000000000092170f,0x000000000001bfaf,0x00000000005820e3,0x00000000000000c0,0x0000000000000040,0x00000489,0x8000000000000907,0x0000000007240701,0x03
1783627055263,b,0x0000000080005744,0x0000000080019060,0x000000008000f190,0x000000008000f1c0,0x0000000080007a7a,0x000000000000000f,0x00000000800191f0,0x00000000800190b0,0x0000000080019530,0x0000000080019310,0x00000000800191f0,0x0000000000000006,0x0000000000000006,0x0000000000000004,0x0000000000000010,0x000000008000f201,0x3fe3b5f9bafbdef7,0x0000000000000006,0x000000008000f200,0x0000000000000001,0x0000000000000006,0x0000000000000038,0x0000000000000000,0x0000000055f3664e,0x000000000057b92d,0x3fedd0be6c43722c,0x00000000800049bc,0x4152076dcf9c0ebf,0x40863c66112e3f1f,0x4023c597250c1a0c,0x40069f556bca4913,0x4003c0cac56ffd70,0x4152076dcf9c0ebf,0x414fe4d6943fe5c9,0x4129fe6ba0902de0,0x415207665eb367a1,0x0000000000000000,0x0000000000000000,0x0000000000000000,0x00000001,0x00000001,0x8000000200006600,0x8000000a00007e00,0x800000000094112d,0x000000008000af80,0x00000000800000e4,0x0000000000000002,0x000000007c201073,0x0000000000000080,0x6000000000000000,0x00000000000000c0,0x4000b4c3,0x00000000800049bc,0x000000004000b4c3,0x0000000001641a74,0x00000000015a1ca4,0x0000000001641a74,0x00000000015a1ca4,0x00000000000004d5,0x0000000000006be8,0x0000000000007ccd,0x0000000000a96507,0x00000000000073d8,0x000000000092a34a,0x000000000001c152,0x0000000000587471,0x00000000000000c0,0x0000000000000040,0x00000489,0x8000000000000907,0x0000000007240701,0x03
1783627056537,b,0x00000000800056f8,0x0000000080019060,0x000000008000f190,0x000000008000f1c0,0x0000000080007a7a,0x000000000000000f,0x0000000080019430,0x00000000800190b0,0x0000000080019530,0x0000000080019548,0x000000008000f238,0x0000000000000006,0x0000000000000006,0x0000000000000001,0x0000000000000006,0x000000008000f201,0x3fe74d021121d393,0x0000000000000006,0x000000008000f200,0x0000000000000001,0x0000000000000006,0x0000000000000038,0x0000000000000000,0xffffffff9124dcfe,0x000000000055ba31,0x3fedd0be6c43721e,0x00000000800049d6,0x4152076dcf9c0ebf,0x40863c66112e3f1f,0x4023c597250c1a0c,0x40069f556bca4913,0x4003c0cac56ffd70,0x4152076dcf9c0ebf,0x414fe4d745ab9f56,0x4129fe5408db8bac,0x415207629cded289,0x0000000000000000,0x0000000000000000,0x0000000000000000,0x00000001,0x00000001,0x8000000200006600,0x8000000a00007e00,0x800000000094112d,0x000000008000af80,0x00000000800000e4,0x0000000000000002,0x000000007c201073,0x0000000000000080,0x6000000000000000,0x00000000000000c0,0x4000b4c3,0x00000000800049d6,0x000000004000b4c3,0x000000000165577d,0x00000000015b54bd,0x000000000165577d,0x00000000015b54bd,0x00000000000004d8,0x0000000000006beb,0x0000000000007d3a,0x0000000000a9ff84,0x000000000000740a,0x0000000000932b04,0x000000000001c2e4,0x000000000058c4d2,0x00000000000000c0,0x0000000000000040,0x00000489,0x8000000000000907,0x0000000007240701,0x03
1783627057807,b,0x0000000080006260,0x0000000080019230,0x000000008000f190,0x000000008000f1c0,0x402a6014520d6148,0x0000000000000000,0x0000000000000000,0x0000000080019440,0x0000000080019530,0x0000000080019698,0x00000000800194a0,0x000000008000f238,0x00000000800003f0,0x000000008000f238,0x000000008000f290,0x0000000030c7bdfa,0xffffffffc9c5367c,0x0000000000000006,0x000000008000f200,0x0000000000000001,0x0000000000000006,0x0000000000000038,0x0000000000000000,0x0000000030c7b9f8,0x000000000078b0e4,0x3fedd0be6c437211,0x0000000080005bfc,0x4152076dcf9c0ebf,0x40863c66112e3f1f,0x4023c597250c1a0c,0x40069f556bca4913,0x4003c0cac56ffd70,0x4152076dcf9c0ebf,0x401e2c3932714d9f,0x4129fe5408db8bac,0x415207629cded289,0x01a56e1fc2f8f359,0x0000000000000000,0x0000000000000000,0x00000001,0x00000001,0x8000000200006600,0x8000000a00007e00,0x800000000094112d,0x000000008000af80,0x00000000800000e4,0x0000000000000002,0x000000007c201073,0x0000000000000080,0x6000000000000000,0x00000000000000c0,0x4000b4c3,0x0000000080005bfc,0x000000004000b4c3,0x000000000166a288,0x00000000015c9e58,0x000000000166a288,0x00000000015c9e58,0x00000000000004db,0x0000000000006bee,0x0000000000007d85,0x0000000000aa9f66,0x000000000000742d,0x000000000093bac2,0x000000000001c466,0x0000000000591edb,0x00000000000000c0,0x0000000000000040,0x00000489,0x8000000000000907,0x0000000007240701,0x03
1783627059418,b,0x00000000800058f2,0x0000000080018ed0,0x000000008000f190,0x000000008000f1c0,0x0000000080007a7a,0x0000000000000000,0x00000000800191f0,0x0000000080018f20,0x0000000080019530,0x00000000800193a0,0x00000000800194a0,0x0000000000000006,0x0000000000000003,0x0000000000000002,0x0000000000000006,0x0000000036bbdff4,0x0000000043f14cf0,0x0000000000000006,0x000000008000f200,0x0000000000000001,0x0000000000000006,0x0000000000000038,0x0000000000000000,0x0000000036804f80,0x000000000055dc95,0x3fedd0be6c437211,0x0000000080004a42,0x4152076dcf9c0ebf,0x40863c66112e3f1f,0x4023c597250c1a0c,0x40069f556bca4913,0x4003c0cac56ffd70,0x4152076dcf9c0ebf,0x4025772550fc533c,0x4129fe521a1cac08,0x41520763594c985f,0x0000000000000000,0x0000000000000000,0x0000000000000000,0x00000001,0x00000001,0x8000000200006600,0x8000000a00007e00,0x800000000094112d,0x000000008000af80,0x00000000800000e4,0x0000000000000002,0x000000007c201073,0x0000000000000080,0x6000000000000000,0x00000000000000c0,0x4000b4c3,0x0000000080004a42,0x000000004000b4c3,0x000000000167b54f,0x00000000015dae04,0x000000000167b54f,0x00000000015dae04,0x00000000000004de,0x0000000000006bf1,0x0000000000007dce,0x0000000000ab24b3,0x000000000000745a,0x0000000000943094,0x000000000001c5c0,0x00000000005965c8,0x00000000000000c0,0x0000000000000040,0x00000489,0x8000000000000907,0x0000000007240701,0x03
1783627060965,b,0x0000000080005850,0x0000000080018ed0,0x000000008000f190,0x000000008000f1c0,0x0000000080007a7a,0x000000000000000f,0x00000000800191f0,0x0000000080018f20,0x0000000080019530,0x00000000800191f0,0x0000000080019310,0x0000000000000003,0x0000000000000006,0x0000000000000005,0x0000000000000003,0x000000008000f201,0x3fe505a3089b19ae,0x0000000000000006,0x000000008000f200,0x0000000000000001,0x0000000000000006,0x0000000000000038,0x0000000000000000,0x0000000037fdd478,0x000000000053264d,0x3fedd0be6c437204,0x00000000800049b0,0x4152076dcf9c0ebf,0x40863c66112e3f1f,0x4023c597250c1a0c,0x40069f556bca4913,0x4003c0cac56ffd70,0x4152076dcf9c0ebf,0x414fe4d4e6425aee,0x4129fe559da5119d,0x415207644a2d0e56,0x3ff12c1dda637600,0x402e61c980105fe4,0x402e61c980105fe4,0x00000001,0x00000001,0x8000000200006600,0x8000000a00007e00,0x800000000094112d,0x000000008000af80,0x00000000800000e4,0x0000000000000002,0x000000007c201073,0x0000000000000080,0x6000000000000000,0x00000000000000c0,0x4000b4c3,0x00000000800049b0,0x000000004000b4c3,0x000000000168f96a,0x00000000015eebc7,0x000000000168f96a,0x00000000015eebc7,0x00000000000004e3,0x0000000000006bf4,0x0000000000007e1f,0x0000000000abbf63,0x0000000000007480,0x000000000094bf75,0x000000000001c70f,0x000000000059bbc9,0x00000000000000c0,0x0000000000000040,0x00000489,0x8000000000000907,0x0000000007240701,0x03
1783627062451,b,0x0000000080005744,0x0000000080019060,0x000000008000f190,0x000000008000f1c0,0x0000000080007a7a,0x000000000000000f,0x00000000800191f0,0x00000000800190b0,0x0000000080019530,0x0000000080019310,0x00000000800191f0,0x0000000000000006,0x0000000000000006,0x0000000080019310,0x0000000000000018,0x000000008000f201,0x3fe557c79cc9f9f8,0x0000000000000006,0x000000008000f200,0x0000000000000001,0x0000000000000006,0x0000000000000038,0x0000000000000000,0x0000000002ba947e,0x000000000052ffd2,0x3fedd0be6c4371f7,0x00000000800049a2,0x4152076dcf9c0ebf,0x40863c66112e3f1f,0x4023c597250c1a0c,0x40069f556bca4913,0x4003c0cac56ffd70,0x4152076dcf9c0ebf,0x414fe4d4d3f7ced9,0x4129fe518a3d70a4,0x4152075fe161e4f7,0x0000000000000000,0x3fe185d1eca6d032,0x3fe185d1eca6d032,0x00000001,0x00000001,0x8000000200006600,0x8000000a00007e00,0x800000000094112d,0x000000008000af80,0x00000000800000e4,0x0000000000000002,0x000000007c201073,0x0000000000000080,0x6000000000000000,0x00000000000000c0,0x4000b4c3,0x00000000800049a2,0x000000004000b4c3,0x000000000169eade,0x00000000015fda35,0x000000000169eade,0x00000000015fda35,0x00000000000004e5,0x0000000000006bf7,0x0000000000007e77,0x0000000000ac3733,0x00000000000074b0,0x000000000095248a,0x000000000001c85f,0x000000000059f55f,0x00000000000000c0,0x0000000000000040,0x00000489,0x8000000000000907,0x0000000007240701,0x03
1783627063940,b,0x0000000080006260,0x0000000080019230,0x000000008000f190,0x000000008000f1c0,0x402a6014520d613d,0x0000000000000000,0x0000000000000000,0x0000000080019440,0x0000000080019530,0x0000000080019698,0x00000000800194a0,0x000000008000f238,0x00000000800003f0,0x0000000000000000,0x0000000000000000,0x000000006b7efbff,0xffffffff85ace786,0x0000000000000006,0x000000008000f200,0x0000000000000001,0x0000000000000006,0x0000000000000038,0x0000000000000000,0x000000006b4672ee,0x00000000004910ef,0x3fedd0be6c4371ec,0x0000000080005bbe,0x4152076dcf9c0ebf,0x40863c66112e3f1f,0x4023c597250c1a0c,0x40069f556bca4913,0x4003c0cac56ffd70,0x4152076dcf9c0ebf,0x4032443be16b39e2,0x4129fe518a3d70a4,0x4152075fe161e4f7,0x01a56e1fc2f8f359,0x0000000000000000,0x0000000000000000,0x00000001,0x00000001,0x8000000200006600,0x8000000a00007e00,0x800000000094112d,0x000000008000af80,0x00000000800000e4,0x0000000000000002,0x000000007c201073,0x0000000000000080,0x6000000000000000,0x00000000000000c0,0x4000b4c3,0x0000000080005bbe,0x000000004000b4c3,0x00000000016afa1a,0x000000000160e8a7,0x00000000016afa1a,0x000000000160e8a7,0x00000000000004e7,0x0000000000006bfa,0x0000000000007eae,0x0000000000acba6f,0x00000000000074cf,0x0000000000959a25,0x000000000001c9aa,0x00000000005a3f7f,0x00000000000000c0,0x0000000000000040,0x00000489,0x8000000000000907,0x0000000007240701,0x03
1783627065435,b,0x000000008000578a,0x0000000080018db0,0x000000008000f190,0x000000008000f1c0,0x0000000080007a7a,0x0000000000000000,0x00000000800191f0,0x0000000080018de0,0x0000000080019530,0x0000000080018f50,0x0000000000000006,0x0000000000000006,0x0000000000000003,0x0000000000000005,0x000000000000001d,0x0000000046d7d3f9,0x0000000043f14cec,0x0000000000000006,0x000000008000f200,0x0000000000000001,0x0000000000000006,0x0000000000000038,0x0000000000000000,0x0000000046458338,0x000000000055dc95,0x3fedd0be6c4371ec,0x0000000080004d04,0x4152076dcf9c0ebf,0x40863c66112e3f1f,0x4023c597250c1a0c,0x40069f556bca4913,0x4003c0cac56ffd70,0x4152076dcf9c0ebf,0x4025772550fc533b,0x4129fe5801a36e2f,0x41520762a703afb8,0x3f8314f4c02b2a29,0x0000000000000000,0x0000000000000000,0x00000001,0x00000001,0x8000000200006600,0x8000000a00007e00,0x800000000094112d,0x000000008000af80,0x00000000800000e4,0x0000000000000002,0x000000007c201073,0x0000000000000080,0x6000000000000000,0x00000000000000c0,0x4000b4c3,0x0000000080004d04,0x000000004000b4c3,0x00000000016c2c66,0x000000000162179d,0x00000000016c2c66,0x000000000162179d,0x00000000000004e9,0x0000000000006bfd,0x0000000000007ef4,0x0000000000ad4f37,0x00000000000074fd,0x0000000000961dcf,0x000000000001cb30,0x00000000005a8e39,0x00000000000000c0,0x0000000000000040,0x00000489,0x8000000000000907,0x0000000007240701,0x03
1783627066728,b,0x0000000080005850,0x0000000080018ed0,0x000000008000f190,0x000000008000f1c0,0x0000000080007a7a,0x000000000000000f,0x00000000800191f0,0x0000000080018f20,0x0000000080019530,0x00000000800191f0,0x0000000080019310,0x0000000000000003,0x0000000000000006,0x0000000000000000,0x0000000000000006,0x000000008000f201,0x3fdda583bb0ea571,0x0000000000000006,0x000000008000f200,0x0000000000000001,0x0000000000000006,0x0000000000000038,0x0000000000000000,0x0000000008a48e00,0x00000000005b5b8d,0x3fedd0be6c4371df,0x000000008000498e,0x4152076dcf9c0ebf,0x40863c66112e3f1f,0x4023c597250c1a0c,0x40069f556bca4913,0x4003c0cac56ffd70,0x4152076dcf9c0ebf,0x414fe4d880e21965,0x4129fe5b0bc6a7f0,0x41520765d6027525,0x3fe1aec7af362c5b,0x0000000000000000,0x0000000000000000,0x00000001,0x00000001,0x8000000200006600,0x8000000a00007e00,0x800000000094112d,0x000000008000af80,0x00000000800000e4,0x0000000000000002,0x000000007c201073,0x0000000000000080,0x6000000000000000,0x00000000000000c0,0x4000b4c3,0x000000008000498e,0x000000004000b4c3,0x00000000016d4e83,0x000000000163336d,0x00000000016d4e83,0x000000000163336d,0x00000000000004ec,0x0000000000006c00,0x0000000000007f3a,0x0000000000adda00,0x0000000000007522,0x0000000000969d65,0x000000000001cc53,0x00000000005ada66,0x00000000000000c0,0x0000000000000040,0x00000489,0x8000000000000907,0x0000000007240701,0x03
1783627068229,b,0x0000000080005744,0x0000000080019060,0x000000008000f190,0x000000008000f1c0,0x0000000080007a7a,0x000000000000000f,0x00000000800191f0,0x00000000800190b0,0x0000000080019530,0x0000000080019310,0x00000000800191f0,0x0000000000000006,0x0000000000000006,0x0000000000000000,0x0000000000000006,0x000000008000f201,0x3fe1516e3770c6ce,0x0000000000000006,0x000000008000f200,0x0000000000000001,0x0000000000000006,0x0000000000000038,0x0000000000000000,0x000000002cc88a0e,0x00000000005ca623,0x3fedd0be6c4371d4,0x00000000800049d6,0x4152076dcf9c0ebf,0x40863c66112e3f1f,0x4023c597250c1a0c,0x40069f556bca4913,0x4003c0cac56ffd70,0x4152076dcf9c0ebf,0x414fe4d519ad42c4,0x4129fe51f6ae7d56,0x41520760aac710cb,0x0000000000000000,0x0000000000000000,0x0000000000000000,0x00000001,0x00000001,0x8000000200006600,0x8000000a00007e00,0x800000000094112d,0x000000008000af80,0x00000000800000e4,0x0000000000000002,0x000000007c201073,0x0000000000000080,0x6000000000000000,0x00000000000000c0,0x4000b4c3,0x00000000800049d6,0x000000004000b4c3,0x00000000016e4edd,0x0000000001643001,0x00000000016e4edd,0x0000000001643001,0x00000000000004ef,0x0000000000006c03,0x0000000000007f9e,0x0000000000ae585f,0x0000000000007552,0x0000000000970942,0x000000000001cdae,0x00000000005b1867,0x00000000000000c0,0x0000000000000040,0x00000489,0x8000000000000907,0x0000000007240701,0x03
1783627069491,b,0x0000000080006260,0x0000000080019230,0x000000008000f190,0x000000008000f1c0,0x402a6014520d6131,0x0000000000000000,0x0000000000000000,0x0000000080019440,0x0000000080019530,0x0000000080019698,0x00000000800194a0,0x000000008000f238,0x00000000800003f0,0x0000000000000002,0x0000000000000000,0xffffffffd5fbfbdf,0x000000005bb64ed6,0x0000000000000006,0x000000008000f200,0x0000000000000001,0x0000000000000006,0x0000000000000038,0x0000000000000000,0xffffffffd5b8728e,0x000000000077110e,0x3fedd0be6c4371cb,0x0000000080005cc4,0x4152076dcf9c0ebf,0x40863c66112e3f1f,0x4023c597250c1a0c,0x40069f556bca4913,0x4003c0cac56ffd70,0x4152076dcf9c0ebf,0x402dc44396ed93b6,0x4129fe51f6ae7d56,0x41520760aac710cb,0x01a56e1fc2f8f359,0x0000000000000000,0x4012207dfca3cb69,0x00000001,0x00000001,0x8000000200006600,0x8000000a00007e00,0x800000000094112d,0x000000008000af80,0x00000000800000e4,0x0000000000000002,0x000000007c201073,0x0000000000000080,0x6000000000000000,0x00000000000000c0,0x4000b4c3,0x0000000080005cc4,0x000000004000b4c3,0x00000000016f69e0,0x0000000001654883,0x00000000016f69e0,0x0000000001654883,0x00000000000004f0,0x0000000000006c06,0x0000000000007fd8,0x0000000000aee204,0x0000000000007571,0x00000000009783e5,0x000000000001cf08,0x00000000005b6331,0x00000000000000c0,0x0000000000000040,0x00000489,0x8000000000000907,0x0000000007240701,0x03
1783627071160,b,0x00000000800058f2,0x0000000080018ed0,0x000000008000f190,0x000000008000f1c0,0x0000000080007a7a,0x0000000000000000,0x00000000800191f0,0x0000000080018f20,0x0000000080019530,0x00000000800193a0,0x00000000800194a0,0x0000000000000006,0x0000000000000003,0x0000000000000004,0x0000000000000010,0xffffffffce3f1fff,0x0000000043f14cea,0x0000000000000006,0x000000008000f200,0x0000000000000001,0x0000000000000006,0x0000000000000038,0x0000000000000000,0xffffffffce281d0e,0x000000000055dc95,0x3fedd0be6c4371cb,0x00000000800049be,0x4152076dcf9c0ebf,0x40863c66112e3f1f,0x4023c597250c1a0c,0x40069f556bca4913,0x4003c0cac56ffd70,0x4152076dcf9c0ebf,0x4025772550fc533b,0x4129fe5f2631f8a1,0x415207665e5aee63,0x0000000000000000,0x0000000000000000,0x0000000000000000,0x00000001,0x00000001,0x8000000200006600,0x8000000a00007e00,0x800000000094112d,0x000000008000af80,0x00000000800000e4,0x0000000000000002,0x000000007c201073,0x0000000000000080,0x6000000000000000,0x00000000000000c0,0x4000b4c3,0x00000000800049be,0x000000004000b4c3,0x0000000001706e3f,0x0000000001664aa7,0x0000000001706e3f,0x0000000001664aa7,0x00000000000004f5,0x0000000000006c09,0x000000000000801f,0x0000000000af6013,0x000000000000759e,0x000000000097f379,0x000000000001d050,0x00000000005ba75b,0x00000000000000c0,0x0000000000000040,0x00000489,0x8000000000000907,0x0000000007240701,0x03
1783627072668,b,0x000000008000583a,0x0000000080018ed0,0x000000008000f190,0x000000008000f1c0,0x0000000080007a7a,0x000000000000000f,0x00000000800191f0,0x0000000080018f20,0x0000000080019530,0x00000000800194a0,0x000000008000f238,0x0000000000000003,0x0000000000000006,0x000000008000f238,0x000000008000f248,0x000000008000f201,0x3fe03944ddaa84ea,0x0000000000000006,0x000000008000f200,0x0000000000000001,0x0000000000000006,0x0000000000000038,0x0000000000000000,0xffffffffdc5d4ade,0x000000000054fd96,0x3fedd0be6c4371c3,0x00000000800049c6,0x4152076dcf9c0ebf,0x40863c66112e3f1f,0x4023c597250c1a0c,0x40069f556bca4913,0x4003c0cac56ffd70,0x4152076dcf9c0ebf,0x414fe4dbea9c779a,0x4129fe5c5288ce70,0x415207635af69446,0x0000000000000000,0x0000000000000000,0x0000000000000000,0x00000001,0x00000001,0x8000000200006600,0x8000000a00007e00,0x800000000094112d,0x000000008000af80,0x00000000800000e4,0x0000000000000002,0x000000007c201073,0x0000000000000080,0x6000000000000000,0x00000000000000c0,0x4000b4c3,0x00000000800049c6,0x000000004000b4c3,0x000000000171a483,0x0000000001677b2c,0x000000000171a483,0x0000000001677b2c,0x00000000000004fa,0x0000000000006c0c,0x000000000000806f,0x0000000000aff494,0x00000000000075c3,0x0000000000987be1,0x000000000001d196,0x00000000005bf92d,0x00000000000000c0,0x0000000000000040,0x00000489,0x8000000000000907,0x0000000007240701,0x03
1783627074356,b,0x000000008000575e,0x0000000080019070,0x000000008000f190,0x000000008000f1c0,0x0000000080007a7a,0x000000000000000f,0x00000000800191f0,0x00000000800190b0,0x0000000080019530,0x00000000800190d0,0x00000000800002d0,0x000000008000f238,0x0000000000000006,0x00000000800002d0,0x0000000080000370,0x000000008000f201,0x3fde47d00a0fe712,0x0000000000000006,0x000000008000f200,0x0000000000000001,0x0000000000000006,0x0000000000000038,0x0000000000000000,0xffffffffd958604e,0x0000000000659209,0x3fedd0be6c4371bc,0x0000000080004c3c,0x4152076dcf9c0ebf,0x40863c66112e3f1f,0x4023c597250c1a0c,0x40069f556bca4913,0x4003c0cac56ffd70,0x4152076dcf9c0ebf,0x414fe4d96495182b,0x4129fe4edbe76c8b,0x41520768341bda51,0x3fc17a1e17d0772e,0x3fe185d1eca6d032,0x0000000000000000,0x00000001,0x00000001,0x8000000200006600,0x8000000a00007e00,0x800000000094112d,0x000000008000af80,0x00000000800000e4,0x0000000000000002,0x000000007c201073,0x0000000000000080,0x6000000000000000,0x00000000000000c0,0x4000b4c3,0x0000000080004c3c,0x000000004000b4c3,0x000000000172e282,0x000000000168b50a,0x000000000172e282,0x000000000168b50a,0x00000000000004fd,0x0000000000006c0f,0x00000000000080d9,0x0000000000b08fe2,0x00000000000075f5,0x00000000009903aa,0x000000000001d324,0x00000000005c49a1,0x00000000000000c0,0x0000000000000040,0x00000489,0x8000000000000907,0x0000000007240701,0x03
1783627075708,b,0x000000008000571c,0x0000000080019070,0x000000008000f190,0x000000008000f1c0,0x0000000080007a7a,0x000000000000000f,0x0000000080019310,0x00000000800190b0,0x0000000080019530,0x0000000080019548,0x00000000800191f0,0x0000000000000006,0x0000000000000000,0x00000000800195d8,0x0000000000000006,0x000000008000f201,0x3fe3d737f7a53324,0x0000000000000006,0x000000008000f200,0x0000000000000001,0x0000000000000006,0x0000000000000038,0x0000000000000000,0x000000002d7268b8,0x0000000000620bdb,0x3fedd0be6c4371b6,0x0000000080004b74,0x4152076dcf9c0ebf,0x40863c66112e3f1f,0x4023c597250c1a0c,0x40069f556bca4913,0x4003c0cac56ffd70,0x4152076dcf9c0ebf,0x414fe4d31374bc6a,0x4129fe580b6ae7d5,0x415207638f318fc5,0x3ff0000000000000,0x0000000000000000,0x0000000000000000,0x00000001,0x00000001,0x8000000200006600,0x8000000a00007e00,0x800000000094112d,0x000000008000af80,0x00000000800000e4,0x0000000000000002,0x000000007c201073,0x0000000000000080,0x6000000000000000,0x00000000000000c0,0x4000b4c3,0x0000000080004b74,0x000000004000b4c3,0x00000000017419de,0x000000000169e7cb,0x00000000017419de,0x000000000169e7cb,0x0000000000000503,0x0000000000006c12,0x000000000000814a,0x0000000000b127c7,0x0000000000007628,0x0000000000998832,0x000000000001d4b3,0x00000000005c980d,0x00000000000000c0,0x0000000000000040,0x00000489,0x8000000000000907,0x0000000007240701,0x03
1783627077205,b,0x00000000800056f8,0x0000000080019060,0x000000008000f190,0x000000008000f1c0,0x0000000080007a7a,0x000000000000000f,0x0000000080019430,0x00000000800190b0,0x0000000080019530,0x0000000080019548,0x000000008000f238,0x0000000000000006,0x0000000000000006,0x0000000000000004,0x0000000000000006,0x000000008000f201,0x3fe232991730ede4,0x0000000000000006,0x000000008000f200,0x0000000000000001,0x0000000000000006,0x0000000000000038,0x0000000000000000,0x000000000e7dd26e,0x0000000000555b6c,0x3fedd0be6c4371b0,0x00000000800049b0,0x4152076dcf9c0ebf,0x40863c66112e3f1f,0x4023c597250c1a0c,0x40069f556bca4913,0x4003c0cac56ffd70,0x4152076dcf9c0ebf,0x414fe4daef80346e,0x4129fe5fc92a3055,0x4152076387c50481,0x0000000000000000,0x0000000000000000,0x0000000000000000,0x00000001,0x00000001,0x8000000200006600,0x8000000a00007e00,0x800000000094112d,0x000000008000af80,0x00000000800000e4,0x0000000000000002,0x000000007c201073,0x0000000000000080,0x6000000000000000,0x00000000000000c0,0x4000b4c3,0x00000000800049b0,0x000000004000b4c3,0x0000000001756a6b,0x00000000016b33b2,0x0000000001756a6b,0x00000000016b33b2,0x0000000000000506,0x0000000000006c15,0x00000000000081c5,0x0000000000b1cba2,0x000000000000765c,0x00000000009a1880,0x000000000001d657,0x00000000005cedeb,0x00000000000000c0,0x0000000000000040,0x00000489,0x8000000000000907,0x0000000007240701,0x03
1783627078520,b,0x0000000080006260,0x0000000080019230,0x000000008000f190,0x000000008000f1c0,0x402a6014520d611f,0x0000000000000000,0x0000000000000000,0x0000000080019440,0x0000000080019530,0x0000000080019698,0x00000000800194a0,0x000000008000f238,0x00000000800003f0,0x0000000000000001,0x0000000000000003,0x000000000ecffdfd,0x000000002986bbc4,0x0000000000000006,0x000000008000f200,0x0000000000000001,0x0000000000000006,0x0000000000000038,0x0000000000000000,0x000000000e8c08f8,0x00000000005480b1,0x3fedd0be6c4371ac,0x0000000080005ca8,0x4152076dcf9c0ebf,0x40863c66112e3f1f,0x4023c597250c1a0c,0x40069f556bca4913,0x4003c0cac56ffd70,0x4152076dcf9c0ebf,0x4025202c4a61aef1,0x4129fe5fc92a3055,0x4152076387c50481,0x01a56e1fc2f8f359,0x0000000000000000,0x0000000000000000,0x00000001,0x00000001,0x8000000200006600,0x8000000a00007e00,0x800000000094112d,0x000000008000af80,0x00000000800000e4,0x0000000000000002,0x000000007c201073,0x0000000000000080,0x6000000000000000,0x00000000000000c0,0x4000b4c3,0x0000000080005ca8,0x000000004000b4c3,0x000000000176b840,0x00000000016c7ef8,0x000000000176b840,0x00000000016c7ef8,0x0000000000000508,0x0000000000006c18,0x0000000000008209,0x0000000000b26da6,0x000000000000767f,0x00000000009aa96e,0x000000000001d7e1,0x00000000005d469e,0x00000000000000c0,0x0000000000000040,0x00000489,0x8000000000000907,0x0000000007240701,0x03
1783627079878,b,0x00000000800058f2,0x0000000080018ed0,0x000000008000f190,0x000000008000f1c0,0x0000000080007a7a,0x0000000000000000,0x00000000800191f0,0x0000000080018f20,0x0000000080019530,0x00000000800193a0,0x00000000800194a0,0x0000000000000006,0x0000000000000003,0x0000000000000002,0x0000000000000011,0xffffffffddff7dee,0x0000000043f14ce6,0x0000000000000006,0x000000008000f200,0x0000000000000001,0x0000000000000006,0x0000000000000038,0x0000000000000000,0xffffffffdded50ae,0x000000000055dc95,0x3fedd0be6c4371ac,0x000000008000499c,0x4152076dcf9c0ebf,0x40863c66112e3f1f,0x4023c597250c1a0c,0x40069f556bca4913,0x4003c0cac56ffd70,0x4152076dcf9c0ebf,0x4025772550fc533a,0x4129fe5e5566cf42,0x4152076153141206,0x0000000000000000,0x0000000000000000,0x0000000000000000,0x00000001,0x00000001,0x8000000200006600,0x8000000a00007e00,0x800000000094112d,0x000000008000af80,0x00000000800000e4,0x0000000000000002,0x000000007c201073,0x0000000000000080,0x6000000000000000,0x00000000000000c0,0x4000b4c3,0x000000008000499c,0x000000004000b4c3,0x000000000177cec4,0x00000000016d93ee,0x000000000177cec4,0x00000000016d93ee,0x000000000000050d,0x0000000000006c1c,0x0000000000008258,0x0000000000b2f3fb,0x00000000000076ac,0x00000000009b20f1,0x000000000001d945,0x00000000005d90d7,0x00000000000000c0,0x0000000000000040,0x00000489,0x8000000000000907,0x0000000007240701,0x03
1783627081175,b,0x0000000080009fc2,0x0000000080018dc0,0x000000008000f190,0x000000008000f1c0,0x0000000080007a7a,0x0000000000020000,0x00000000800191f0,0x0000000080018e40,0x0000000080018f00,0x00000000005869e6,0x0000000036040000,0x00000000003f5ada,0x0000000000000002,0x00000000002c34f3,0x0000000027f80000,0x000000006c0a0000,0x000000006c0c0000,0x0000000000000006,0x000000008000f200,0x0000000000000001,0x0000000000000006,0x0000000000000038,0x0000000000000012,0x000000006c0a0000,0x00000000005869e6,0x3fedd0be6c4371a8,0x000000008000a116,0x4152076dcf9c0ebf,0x40863c66112e3f1f,0x4023c597250c1a0c,0x40069f556bca4913,0x4003c0cac56ffd70,0x403e88fa391e4302,0x403e88fa391e4302,0x4129fe473e83e426,0x415207620d8793de,0x01a56e1fc2f8f359,0x0000000000000000,0x403e88fa391e4302,0x00000001,0x00000001,0x8000000200006600,0x8000000a00007e00,0x800000000094112d,0x000000008000af80,0x00000000800000e4,0x0000000000000002,0x000000007c201073,0x0000000000000080,0x6000000000000000,0x00000000000000c0,0x4000b4c3,0x000000008000a116,0x000000004000b4c3,0x0000000001790aef,0x00000000016ecaae,0x0000000001790aef,0x00000000016ecaae,0x0000000000000512,0x0000000000006c1f,0x00000000000082be,0x0000000000b38d02,0x00000000000076d6,0x00000000009baa13,0x000000000001da96,0x00000000005de2ce,0x00000000000000c0,0x0000000000000040,0x00000489,0x8000000000000907,0x0000000007240701,0x03
1783627082795,b,0x0000000080005744,0x0000000080019060,0x000000008000f190,0x000000008000f1c0,0x0000000080007a7a,0x000000000000000f,0x00000000800191f0,0x00000000800190b0,0x0000000080019530,0x0000000080019310,0x00000000800191f0,0x0000000000000006,0x0000000000000006,0x0000000080019310,0x0000000080019368,0x000000008000f201,0x3fd2f26000ac46f5,0x0000000000000006,0x000000008000f200,0x0000000000000001,0x0000000000000006,0x0000000000000038,0x0000000000000000,0xffffffffaf30b8f8,0x00000000006e3111,0x3fedd0be6c4371a6,0x00000000800049a6,0x4152076dcf9c0ebf,0x40863c66112e3f1f,0x4023c597250c1a0c,0x40069f556bca4913,0x4003c0cac56ffd70,0x4152076dcf9c0ebf,0x414fe4dbe8b43958,0x4129fe4b922d0e56,0x415207662efec56d,0x0000000000000000,0x0000000000000000,0x0000000000000000,0x00000001,0x00000001,0x8000000200006600,0x8000000a00007e00,0x800000000094112d,0x000000008000af80,0x00000000800000e4,0x0000000000000002,0x000000007c201073,0x0000000000000080,0x6000000000000000,0x00000000000000c0,0x4000b4c3,0x00000000800049a6,0x000000004000b4c3,0x00000000017a0303,0x00000000016fbccc,0x00000000017a0303,0x00000000016fbccc,0x0000000000000517,0x0000000000006c22,0x0000000000008332,0x0000000000b404e1,0x0000000000007702,0x00000000009c144e,0x000000000001dbd5,0x00000000005e1fc5,0x00000000000000c0,0x0000000000000040,0x00000489,0x8000000000000907,0x0000000007240701,0x03
1783627084142,b,0x00000000800056de,0x00000000800190b0,0x000000008000f190,0x000000008000f1c0,0x0000000080007a7a,0x000000000000000f,0x0000000080019430,0x0000000080019440,0x0000000080019530,0x0000000080019310,0x0000000000000000,0x0000000000000000,0x000000008000f238,0x0000000080019430,0x0000000000000000,0x000000008000f201,0x3fd79983bec2e575,0x0000000000000006,0x000000008000f200,0x0000000000000001,0x0000000000000006,0x0000000000000038,0x0000000000000000,0xffffffffa7e73578,0x000000000069d26f,0x3fedd0be6c4371a4,0x0000000080007a72,0x4152076dcf9c0ebf,0x40863c66112e3f1f,0x4023c597250c1a0c,0x40069f556bca4913,0x4003c0cac56ffd70,0x4152076dcf9c0ebf,0x414fe4d98f3eab36,0x4129fe48458793de,0x41520769d0275254,0x414fe4a6ad013a93,0x415207647d788cb4,0x3ff0000000000000,0x00000001,0x00000001,0x8000000200006600,0x8000000a00007e00,0x800000000094112d,0x000000008000af80,0x00000000800000e4,0x0000000000000002,0x000000007c201073,0x0000000000000080,0x6000000000000000,0x00000000000000c0,0x4000b4c3,0x0000000080007a72,0x000000004000b4c3,0x00000000017b2ac4,0x000000000170e07f,0x00000000017b2ac4,0x000000000170e07f,0x000000000000051b,0x0000000000006c25,0x000000000000838c,0x0000000000b495df,0x0000000000007733,0x00000000009c927e,0x000000000001dd54,0x00000000005e69da,0x00000000000000c0,0x0000000000000040,0x00000489,0x8000000000000907,0x0000000007240701,0x03
1783627085708,b,0x00000000800057ae,0x0000000080018d90,0x000000008000f190,0x000000008000f1c0,0x0000000080007a7a,0x0000000000000000,0x00000000800191f0,0x0000000080018de0,0x0000000080019530,0x0000000080018f50,0x000000008000f238,0x0000000000000006,0x0000000000000006,0x0000000000000001,0x0000000000000007,0x0000000065cffe7b,0x0000000043f14ce4,0x0000000000000006,0x000000008000f200,0x0000000000000001,0x0000000000000006,0x0000000000000038,0x0000000000000000,0x0000000065cfea78,0x000000000055dc95,0x3fedd0be6c4371a4,0x00000000800049be,0x4152076dcf9c0ebf,0x40863c66112e3f1f,0x4023c597250c1a0c,0x40069f556bca4913,0x4003c0cac56ffd70,0x4152076dcf9c0ebf,0x4025772550fc5339,0x4129fe48458793de,0x41520769d0275254,0x8000000000000000,0x0000000000000000,0x0000000000000000,0x00000001,0x00000001,0x8000000200006600,0x8000000a00007e00,0x800000000094112d,0x000000008000af80,0x00000000800000e4,0x0000000000000002,0x000000007c201073,0x0000000000000080,0x6000000000000000,0x00000000000000c0,0x4000b4c3,0x00000000800049be,0x000000004000b4c3,0x00000000017c6796,0x0000000001721daa,0x00000000017c6796,0x0000000001721daa,0x000000000000051c,0x0000000000006c28,0x00000000000083ab,0x0000000000b52da8,0x0000000000007751,0x00000000009d1dec,0x000000000001dec7,0x00000000005ec324,0x00000000000000c0,0x0000000000000040,0x00000489,0x8000000000000907,0x0000000007240701,0x03
1783627087030,b,0x00000000800057ae,0x0000000080018d90,0x000000008000f190,0x000000008000f1c0,0x0000000080007a7a,0x0000000000000000,0x00000000800191f0,0x0000000080018de0,0x0000000080019530,0x0000000080018f50,0x000000008000f238,0x0000000000000006,0x0000000000000006,0x0000000000000004,0x0000000000000000,0x0000000065cffe7b,0x0000000043f14ce4,0x0000000000000006,0x000000008000f200,0x0000000000000001,0x0000000000000006,0x0000000000000038,0x0000000000000000,0x0000000065cfea78,0x000000000055dc95,0x3fedd0be6c4371a2,0x00000000800049e0,0x4152076dcf9c0ebf,0x40863c66112e3f1f,0x4023c597250c1a0c,0x40069f556bca4913,0x4003c0cac56ffd70,0x4152076dcf9c0ebf,0x4025772550fc5339,0x4129fe5301205bc0,0x41520769ec6c2268,0x8000000000000000,0x0000000000000000,0x8000000000000000,0x00000001,0x00000001,0x8000000200006600,0x8000000a00007e00,0x800000000094112d,0x000000008000af80,0x00000000800000e4,0x0000000000000002,0x000000007c201073,0x0000000000000080,0x6000000000000000,0x00000000000000c0,0x4000b4c3,0x00000000800049e0,0x000000004000b4c3,0x00000000017db276,0x0000000001736574,0x00000000017db276,0x0000000001736574,0x000000000000051f,0x0000000000006c2b,0x0000000000008400,0x0000000000b5cf8c,0x0000000000007787,0x00000000009dab23,0x000000000001e06b,0x00000000005f1755,0x00000000000000c0,0x0000000000000040,0x00000489,0x8000000000000907,0x0000000007240701,0x03
1783627088498,b,0x000000008000583a,0x0000000080018ed0,0x000000008000f190,0x000000008000f1c0,0x0000000080007a7a,0x000000000000000f,0x00000000800191f0,0x0000000080018f20,0x0000000080019530,0x00000000800194a0,0x000000008000f238,0x0000000000000003,0x0000000000000006,0x00000000800191f0,0x0000000000000000,0x000000008000f201,0x3fe76adc9e7208c1,0x0000000000000006,0x000000008000f200,0x0000000000000001,0x0000000000000006,0x0000000000000038,0x0000000000000000,0x000000005be2384e,0x00000000006f97c1,0x3fedd0be6c4371a2,0x00000000800049f6,0x4152076dcf9c0ebf,0x40863c66112e3f1f,0x4023c597250c1a0c,0x40069f556bca4913,0x4003c0cac56ffd70,0x4152076dcf9c0ebf,0x414fe4d9ece3bcd3,0x4129fe548631f8a1,0x415207655dd7dbf5,0x0000000000000000,0x0000000000000000,0x0000000000000000,0x00000001,0x00000001,0x8000000200006600,0x8000000a00007e00,0x800000000094112d,0x000000008000af80,0x00000000800000e4,0x0000000000000002,0x000000007c201073,0x0000000000000080,0x6000000000000000,0x00000000000000c0,0x4000b4c3,0x00000000800049f6,0x000000004000b4c3,0x00000000017eba9b,0x0000000001746776,0x00000000017eba9b,0x0000000001746776,0x0000000000000523,0x0000000000006c2e,0x000000000000844f,0x0000000000b64e24,0x00000000000077a9,0x00000000009e1eb3,0x000000000001e174,0x00000000005f5be6,0x00000000000000c0,0x0000000000000040,0x00000489,0x8000000000000907,0x0000000007240701,0x03
1783627089716,b,0x00000000800056f8,0x0000000080019060,0x000000008000f190,0x000000008000f1c0,0x0000000080007a7a,0x000000000000000f,0x0000000080019430,0x00000000800190b0,0x0000000080019530,0x0000000080019548,0x000000008000f238,0x0000000000000006,0x0000000000000006,0x0000000000000002,0x0000000000000002,0x000000008000f201,0x3fe66f35ec4ffb6a,0x0000000000000006,0x000000008000f200,0x0000000000000001,0x0000000000000006,0x0000000000000038,0x0000000000000000,0x0000000009ca83fe,0x0000000000680312,0x3fedd0be6c4371a2,0x00000000800049bc,0x4152076dcf9c0ebf,0x40863c66112e3f1f,0x4023c597250c1a0c,0x40069f556bca4913,0x4003c0cac56ffd70,0x4152076dcf9c0ebf,0x414fe4d6c2d42c3d,0x4129fe4e335a8588,0x41520763e6041893,0x0000000000000000,0x0000000000000000,0x0000000000000000,0x00000001,0x00000001,0x8000000200006600,0x8000000a00007e00,0x800000000094112d,0x000000008000af80,0x00000000800000e4,0x0000000000000002,0x000000007c201073,0x0000000000000080,0x6000000000000000,0x00000000000000c0,0x4000b4c3,0x00000000800049bc,0x000000004000b4c3,0x00000000017fb9c5,0x000000000175626a,0x00000000017fb9c5,0x000000000175626a,0x0000000000000525,0x0000000000006c31,0x00000000000084a4,0x0000000000b6cbcf,0x00000000000077d6,0x00000000009e8ad6,0x000000000001e2c9,0x00000000005f9a51,0x00000000000000c0,0x0000000000000040,0x00000489,0x8000000000000907,0x0000000007240701,0x03
1783627091293,b,0x00000000800057ae,0x0000000080018d90,0x000000008000f190,0x000000008000f1c0,0x0000000080007a7a,0x0000000000000000,0x00000000800191f0,0x0000000080018de0,0x0000000080019530,0x0000000080018f50,0x000000008000f238,0x0000000000000006,0x0000000000000006,0x000000008000f238,0x000000008000f260,0x0000000065cffe7b,0x0000000043f14ce4,0x0000000000000006,0x000000008000f200,0x0000000000000001,0x0000000000000006,0x0000000000000038,0x0000000000000000,0x0000000065cfea78,0x000000000055dc95,0x3fedd0be6c4371a2,0x00000000800049c6,0x4152076dcf9c0ebf,0x40863c66112e3f1f,0x4023c597250c1a0c,0x40069f556bca4913,0x4003c0cac56ffd70,0x4152076dcf9c0ebf,0x4025772550fc5339,0x4129fe4e335a8588,0x41520763e6041893,0x8000000000000000,0x0000000000000000,0x0000000000000000,0x00000001,0x00000001,0x8000000200006600,0x8000000a00007e00,0x800000000094112d,0x000000008000af80,0x00000000800000e4,0x0000000000000002,0x000000007c201073,0x0000000000000080,0x6000000000000000,0x00000000000000c0,0x4000b4c3,0x00000000800049c6,0x000000004000b4c3,0x000000000180b8b7,0x000000000176628a,0x000000000180b8b7,0x000000000176628a,0x0000000000000526,0x0000000000006c34,0x00000000000084bf,0x0000000000b746da,0x00000000000077f3,0x00000000009ef999,0x000000000001e409,0x00000000005fe110,0x00000000000000c0,0x0000000000000040,0x00000489,0x8000000000000907,0x0000000007240701,0x03
1783627092609,b,0x0000000080005018,0x0000000080018e40,0x000000008000f190,0x000000008000f1c0,0x0000000080007a7a,0x0000000000000000,0x00000000800191f0,0x0000000080018e90,0x0000000080019530,0x0000000000000000,0x0000000050fc5339,0x000000003fe00000,0x4025772550fc5339,0x0000000080003cf8,0x0000000080019158,0x0000000065cffe7b,0x0000000043f14ce4,0x0000000000000006,0x000000008000f200,0x0000000000000001,0x0000000000000006,0x0000000000000038,0x0000000000000000,0x0000000065cfea78,0x000000000055dc95,0x3fedd0be6c4371a2,0x0000000080005062,0x4152076dcf9c0ebf,0x40863c66112e3f1f,0x4023c597250c1a0c,0x40069f556bca4913,0x4003c0cac56ffd70,0x4152076dcf9c0ebf,0x4025772550fc5339,0x4129fe52d7dbf488,0x41520765053dd97f,0x01a56e1fc2f8f359,0x3ff0000000000000,0x3fb7da31f035f47d,0x00000001,0x00000001,0x8000000200006600,0x8000000a00007e00,0x800000000094112d,0x000000008000af80,0x00000000800000e4,0x0000000000000002,0x000000007c201073,0x0000000000000080,0x6000000000000000,0x00000000000000c0,0x4000b4c3,0x0000000080005062,0x000000004000b4c3,0x000000000181cee9,0x0000000001777460,0x000000000181cee9,0x0000000001777460,0x0000000000000529,0x0000000000006c37,0x0000000000008527,0x0000000000b7cfb3,0x000000000000781f,0x00000000009f6fe4,0x000000000001e53f,0x0000000000602699,0x00000000000000c0,0x0000000000000040,0x00000489,0x8000000000000907,0x0000000007240701,0x03
1783627094070,b,0x0000000080005744,0x0000000080019060,0x000000008000f190,0x000000008000f1c0,0x0000000080007a7a,0x000000000000000f,0x00000000800191f0,0x00000000800190b0,0x0000000080019530,0x0000000080019310,0x00000000800191f0,0x0000000000000006,0x0000000000000006,0x0000000080019310,0x0000000000000000,0x000000008000f201,0x3fe2558cbbc25e49,0x0000000000000006,0x000000008000f200,0x0000000000000001,0x0000000000000006,0x0000000000000038,0x0000000000000000,0x000000000f11c5f8,0x00000000006c35ee,0x3fedd0be6c4371a2,0x00000000800049aa,0x4152076dcf9c0ebf,0x40863c66112e3f1f,0x4023c597250c1a0c,0x40069f556bca4913,0x4003c0cac56ffd70,0x4152076dcf9c0ebf,0x414fe4dd91e4f766,0x4129fe54c872b021,0x4152076b358adaba,0x0000000000000000,0x0000000000000000,0x0000000000000000,0x00000001,0x00000001,0x8000000200006600,0x8000000a00007e00,0x800000000094112d,0x000000008000af80,0x00000000800000e4,0x0000000000000002,0x000000007c201073,0x0000000000000080,0x6000000000000000,0x00000000000000c0,0x4000b4c3,0x00000000800049aa,0x000000004000b4c3,0x000000000182e05d,0x0000000001787fc0,0x000000000182e05d,0x0000000001787fc0,0x000000000000052c,0x0000000000006c3a,0x0000000000008576,0x0000000000b8524e,0x0000000000007846,0x00000000009fe775,0x000000000001e687,0x0000000000606cdc,0x00000000000000c0,0x0000000000000040,0x00000489,0x8000000000000907,0x0000000007240701,0x03
1783627095657,b,0x00000000800056f8,0x0000000080019060,0x000000008000f190,0x000000008000f1c0,0x0000000080007a7a,0x000000000000000f,0x0000000080019430,0x00000000800190b0,0x0000000080019530,0x0000000080019548,0x000000008000f238,0x0000000000000006,0x0000000000000006,0x0000000000000003,0x0000000000000009,0x000000008000f201,0x3fe86d433d4871c8,0x0000000000000006,0x000000008000f200,0x0000000000000001,0x0000000000000006,0x0000000000000038,0x0000000000000000,0x00000000367003f8,0x000000000072ec98,0x3fedd0be6c4371a2,0x0000000080004978,0x4152076dcf9c0ebf,0x40863c66112e3f1f,0x4023c597250c1a0c,0x40069f556bca4913,0x4003c0cac56ffd70,0x4152076dcf9c0ebf,0x414fe4d9817f62b7,0x4129fe4cdd97f62b,0x41520764f1f8a090,0x3ff0000000000000,0x0000000000000000,0x0000000000000000,0x00000001,0x00000001,0x8000000200006600,0x8000000a00007e00,0x800000000094112d,0x000000008000af80,0x00000000800000e4,0x0000000000000002,0x000000007c201073,0x0000000000000080,0x6000000000000000,0x00000000000000c0,0x4000b4c3,0x0000000080004978,0x000000004000b4c3,0x000000000183f631,0x0000000001799151,0x000000000183f631,0x0000000001799151,0x000000000000052e,0x0000000000006c3d,0x00000000000085da,0x0000000000b8daa8,0x0000000000007878,0x0000000000a05d3e,0x000000000001e7fa,0x000000000060b17e,0x00000000000000c0,0x0000000000000040,0x00000489,0x8000000000000907,0x0000000007240701,0x03
1783627097229,b,0x0000000080006260,0x0000000080019230,0x000000008000f190,0x000000008000f1c0,0x402a6014520d6113,0x0000000000000000,0x0000000000000000,0x0000000080019440,0x0000000080019530,0x0000000080019698,0x00000000800194a0,0x000000008000f238,0x00000000800003f0,0x00000000800194a0,0x0000000080019528,0xffffffffa55bb5ce,0x000000006df77f36,0x0000000000000006,0x000000008000f200,0x0000000000000001,0x0000000000000006,0x0000000000000038,0x0000000000000000,0xffffffffa54ab04e,0x00000000004cbd75,0x3fedd0be6c4371a2,0x0000000080005bd6,0x4152076dcf9c0ebf,0x40863c66112e3f1f,0x4023c597250c1a0c,0x40069f556bca4913,0x4003c0cac56ffd70,0x4152076dcf9c0ebf,0x40232f5d5b7ddfce,0x4129fe4cdd97f62b,0x41520764f1f8a090,0x01a56e1fc2f8f359,0x0000000000000000,0x0000000000000000,0x00000001,0x00000001,0x8000000200006600,0x8000000a00007e00,0x800000000094112d,0x000000008000af80,0x00000000800000e4,0x0000000000000002,0x000000007c201073,0x0000000000000080,0x6000000000000000,0x00000000000000c0,0x4000b4c3,0x0000000080005bd6,0x000000004000b4c3,0x0000000001854301,0x00000000017adc6e,0x0000000001854301,0x00000000017adc6e,0x0000000000000530,0x0000000000006c40,0x000000000000861f,0x0000000000b97bdc,0x000000000000789b,0x0000000000a0edc7,0x000000000001e97f,0x0000000000610b2f,0x00000000000000c0,0x0000000000000040,0x00000489,0x8000000000000907,0x0000000007240701,0x03
1783627098686,b,0x00000000800058f2,0x0000000080018ed0,0x000000008000f190,0x000000008000f1c0,0x0000000080007a7a,0x0000000000000000,0x00000000800191f0,0x0000000080018f20,0x0000000080019530,0x00000000800193a0,0x00000000800194a0,0x0000000000000006,0x0000000000000003,0x0000000080018f50,0x0000000000000003,0x0000000065cffe7b,0x0000000043f14ce4,0x0000000000000006,0x000000008000f200,0x0000000000000001,0x0000000000000006,0x0000000000000038,0x0000000000000000,0x0000000065cfea78,0x000000000055dc95,0x3fedd0be6c4371a2,0x00000000800049f8,0x4152076dcf9c0ebf,0x40863c66112e3f1f,0x4023c597250c1a0c,0x40069f556bca4913,0x4003c0cac56ffd70,0x4152076dcf9c0ebf,0x4025772550fc5339,0x4129fe4ed3f7ced9,0x415207670e560419,0x0000000000000000,0x0000000000000000,0x0000000000000000,0x00000001,0x00000001,0x8000000200006600,0x8000000a00007e00,0x800000000094112d,0x000000008000af80,0x00000000800000e4,0x0000000000000002,0x000000007c201073,0x0000000000000080,0x6000000000000000,0x00000000000000c0,0x4000b4c3,0x00000000800049f8,0x000000004000b4c3,0x00000000018653c4,0x00000000017bea7e,0x00000000018653c4,0x00000000017bea7e,0x0000000000000533,0x0000000000006c43,0x0000000000008668,0x0000000000b9ffd6,0x00000000000078c8,0x0000000000a162da,0x000000000001ead9,0x0000000000615266,0x00000000000000c0,0x0000000000000040,0x00000489,0x8000000000000907,0x0000000007240701,0x03
1783627100181,b,0x0000000080005820,0x0000000080018ed0,0x000000008000f190,0x000000008000f1c0,0x0000000080007a7a,0x000000000000000f,0x00000000800191f0,0x0000000080018f20,0x0000000080019530,0x000000008000f238,0x0000000080019310,0x0000000000000006,0x0000000000000006,0x0000000000000000,0x0000000000000009,0x000000008000f201,0x3fe63d26021e050c,0x0000000000000006,0x000000008000f200,0x0000000000000001,0x0000000000000006,0x0000000000000038,0x0000000000000000,0xffffffffc58bbb80,0x00000000006e2f63,0x3fedd0be6c4371a2,0x00000000800049e4,0x4152076dcf9c0ebf,0x40863c66112e3f1f,0x4023c597250c1a0c,0x40069f556bca4913,0x4003c0cac56ffd70,0x4152076dcf9c0ebf,0x414fe4df2875f6fd,0x4129fe5829930be1,0x4152076591ed288d,0x0000000000000000,0x0000000000000000,0x0000000000000000,0x00000001,0x00000001,0x8000000200006600,0x8000000a00007e00,0x800000000094112d,0x000000008000af80,0x00000000800000e4,0x0000000000000002,0x000000007c201073,0x0000000000000080,0x6000000000000000,0x00000000000000c0,0x4000b4c3,0x00000000800049e4,0x000000004000b4c3,0x0000000001875ec4,0x00000000017cef84,0x0000000001875ec4,0x00000000017cef84,0x0000000000000536,0x0000000000006c46,0x00000000000086b7,0x0000000000ba7fd6,0x00000000000078ec,0x0000000000a1d76d,0x000000000001ebf4,0x0000000000619747,0x00000000000000c0,0x0000000000000040,0x00000489,0x8000000000000907,0x0000000007240701,0x03
1783627101738,b,0x00000000800056f8,0x0000000080019060,0x000000008000f190,0x000000008000f1c0,0x0000000080007a7a,0x000000000000000f,0x0000000080019430,0x00000000800190b0,0x0000000080019530,0x0000000080019548,0x000000008000f238,0x0000000000000006,0x0000000000000006,0x0000000000000003,0x0000000000000006,0x000000008000f201,0x3fe473881abe3a38,0x0000000000000006,0x000000008000f200,0x0000000000000001,0x0000000000000006,0x0000000000000038,0x0000000000000000,0xffffffff88412138,0x000000000077096d,0x3fedd0be6c4371a2,0x000000008000496c,0x4152076dcf9c0ebf,0x40863c66112e3f1f,0x4023c597250c1a0c,0x40069f556bca4913,0x4003c0cac56ffd70,0x4152076dcf9c0ebf,0x414fe4dbe8f5c28f,0x4129fe4d3bf487fd,0x415207668798c7e3,0x0000000000000000,0x3fb85cd8e2c41b82,0x3fb85cd8e2c41b82,0x00000001,0x00000001,0x8000000200006600,0x8000000a00007e00,0x800000000094112d,0x000000008000af80,0x00000000800000e4,0x0000000000000002,0x000000007c201073,0x0000000000000080,0x6000000000000000,0x00000000000000c0,0x4000b4c3,0x000000008000496c,0x000000004000b4c3,0x00000000018869cb,0x00000000017df558,0x00000000018869cb,0x00000000017df558,0x0000000000000539,0x0000000000006c49,0x000000000000871d,0x0000000000bb02a0,0x000000000000791a,0x0000000000a248bb,0x000000000001ed54,0x000000000061d8fb,0x00000000000000c0,0x0000000000000040,0x00000489,0x8000000000000907,0x0000000007240701,0x03
1783627103284,b,0x00000000800057ae,0x0000000080018d90,0x000000008000f190,0x000000008000f1c0,0x0000000080007a7a,0x0000000000000000,0x00000000800191f0,0x0000000080018de0,0x0000000080019530,0x0000000080018f50,0x000000008000f238,0x0000000000000006,0x0000000000000006,0x0000000000000000,0x000000000000001e,0x0000000065cffe7b,0x0000000043f14ce4,0x0000000000000006,0x000000008000f200,0x0000000000000001,0x0000000000000006,0x0000000000000038,0x0000000000000000,0x0000000065cfea78,0x000000000055dc95,0x3fedd0be6c4371a2,0x000000008000499a,0x4152076dcf9c0ebf,0x40863c66112e3f1f,0x4023c597250c1a0c,0x40069f556bca4913,0x4003c0cac56ffd70,0x4152076dcf9c0ebf,0x4025772550fc5339,0x4129fe4d3bf487fd,0x415207668798c7e3,0x3ff0000000000000,0x0000000000000000,0x0000000000000000,0x00000001,0x00000001,0x8000000200006600,0x8000000a00007e00,0x800000000094112d,0x000000008000af80,0x00000000800000e4,0x0000000000000002,0x000000007c201073,0x0000000000000080,0x6000000000000000,0x00000000000000c0,0x4000b4c3,0x000000008000499a,0x000000004000b4c3,0x000000000189869e,0x00000000017f12a1,0x000000000189869e,0x00000000017f12a1,0x000000000000053a,0x0000000000006c4c,0x0000000000008745,0x0000000000bb8b64,0x0000000000007937,0x0000000000a2c4f7,0x000000000001eeac,0x0000000000622896,0x00000000000000c0,0x0000000000000040,0x00000489,0x8000000000000907,0x0000000007240701,0x03
1783627104925,b,0x0000000080009fc2,0x0000000080018dc0,0x000000008000f190,0x000000008000f1c0,0x0000000080007a7a,0x00000000005869e4,0x00000000800191f0,0x0000000080018e40,0x0000000080018f00,0x00000000005869e0,0x0000000000000004,0x00000000008df348,0x0000000000000002,0x00000000002c34f0,0x0000000030200000,0x0000000000000000,0x0000000000000002,0x0000000000000006,0x000000008000f200,0x0000000000000001,0x0000000000000006,0x0000000000000038,0x0000000000000000,0xffffffffcf3a00f8,0x00000000005869e6,0x3fedd0be6c4371a2,0x000000008000a0d2,0x4152076dcf9c0ebf,0x40863c66112e3f1f,0x4023c597250c1a0c,0x40069f556bca4913,0x4003c0cac56ffd70,0x403e88fa391e4302,0x403e88fa391e4302,0x4129fe503b98c7e3,0x4152076913da511a,0x01a56e1fc2f8f359,0x0000000000000000,0x403e88fa391e4302,0x00000001,0x00000001,0x8000000200006600,0x8000000a00007e00,0x800000000094112d,0x000000008000af80,0x00000000800000e4,0x0000000000000002,0x000000007c201073,0x0000000000000080,0x6000000000000000,0x00000000000000c0,0x4000b4c3,0x000000008000a0d2,0x000000004000b4c3,0x00000000018a87c9,0x0000000001800ea9,0x00000000018a87c9,0x0000000001800ea9,0x000000000000053e,0x0000000000006c4f,0x0000000000008798,0x0000000000bc0860,0x000000000000795e,0x0000000000a33389,0x000000000001efc6,0x0000000000626988,0x00000000000000c0,0x0000000000000040,0x00000489,0x8000000000000907,0x0000000007240701,0x03
1783627106429,b,0x000000008000583a,0x0000000080018ed0,0x000000008000f190,0x000000008000f1c0,0x0000000080007a7a,0x000000000000000f,0x00000000800191f0,0x0000000080018f20,0x0000000080019530,0x00000000800194a0,0x000000008000f238,0x0000000000000003,0x0000000000000006,0x000000008000f238,0x000000008000f268,0x000000008000f201,0x3fe63022b8250fad,0x0000000000000006,0x000000008000f200,0x0000000000000001,0x0000000000000006,0x0000000000000038,0x0000000000000000,0xffffffffac4a02f8,0x00000000006f1e25,0x3fedd0be6c4371a2,0x00000000800049c6,0x4152076dcf9c0ebf,0x40863c66112e3f1f,0x4023c597250c1a0c,0x40069f556bca4913,0x4003c0cac56ffd70,0x4152076dcf9c0ebf,0x414fe4ddb4f0d845,0x4129fe4fa8f5c28f,0x4152076599a02752,0x0000000000000000,0x0000000000000000,0x0000000000000000,0x00000001,0x00000001,0x8000000200006600,0x8000000a00007e00,0x800000000094112d,0x000000008000af80,0x00000000800000e4,0x0000000000000002,0x000000007c201073,0x0000000000000080,0x6000000000000000,0x00000000000000c0,0x4000b4c3,0x00000000800049c6,0x000000004000b4c3,0x00000000018bd584,0x00000000018156c1,0x00000000018bd584,0x00000000018156c1,0x0000000000000542,0x0000000000006c52,0x00000000000087f8,0x0000000000bca92d,0x000000000000798f,0x0000000000a3c438,0x000000000001f155,0x000000000062bfab,0x00000000000000c0,0x0000000000000040,0x00000489,0x8000000000000907,0x0000000007240701,0x03
1783627108115,b,0x000000008000571c,0x0000000080019070,0x000000008000f190,0x000000008000f1c0,0x0000000080007a7a,0x000000000000000f,0x0000000080019310,0x00000000800190b0,0x0000000080019530,0x0000000080019548,0x00000000800191f0,0x0000000000000006,0x00000000800191f0,0x0000000000000004,0x0000000000000006,0x000000008000f201,0x3fe3dc5b7dd320bd,0x0000000000000006,0x000000008000f200,0x0000000000000001,0x0000000000000006,0x0000000000000038,0x0000000000000000,0xffffffff99dfab80,0x0000000000765f70,0x3fedd0be6c4371a2,0x0000000080004bbe,0x4152076dcf9c0ebf,0x40863c66112e3f1f,0x4023c597250c1a0c,0x40069f556bca4913,0x4003c0cac56ffd70,0x4152076dcf9c0ebf,0x414fe4db4ad77319,0x4129fe4d0f0d844d,0x4152076721119ce0,0x3ff0000000000000,0x0000000000000000,0x0000000000000000,0x00000001,0x00000001,0x8000000200006600,0x8000000a00007e00,0x800000000094112d,0x000000008000af80,0x00000000800000e4,0x0000000000000002,0x000000007c201073,0x0000000000000080,0x6000000000000000,0x00000000000000c0,0x4000b4c3,0x0000000080004bbe,0x000000004000b4c3,0x00000000018ce295,0x0000000001825fa4,0x00000000018ce295,0x0000000001825fa4,0x0000000000000544,0x0000000000006c55,0x0000000000008854,0x0000000000bd2d65,0x00000000000079be,0x0000000000a435f8,0x000000000001f2b7,0x00000000006301c1,0x00000000000000c0,0x0000000000000040,0x00000489,0x8000000000000907,0x0000000007240701,0x03
1783627109713,b,0x0000000080009fc2,0x0000000080019420,0x000000008000f190,0x000000008000f1c0,0x402a6014520d6113,0x00000000007207bd,0x0000000000000000,0x0000000080019700,0x0000000080019530,0x00000000007207bc,0x0000000000000000,0x0000000000df0466,0x0000000000000006,0x00000000003903de,0x0000000055000000,0x0000000000000000,0x0000000000000000,0x0000000000000006,0x000000008000f200,0x0000000000000001,0x0000000000000006,0x0000000000000038,0x0000000000000000,0xffffffffa20d585e,0x00000000007b3cec,0x3fedd0be6c4371a2,0x000000008000a0e0,0x4152076dcf9c0ebf,0x40863c66112e3f1f,0x4023c597250c1a0c,0x40069f556bca4913,0x4003c0cac56ffd70,0x40c96572b4ed6e55,0x40c96572b4ed6e55,0x4129fe4d0f0d844d,0x4152076721119ce0,0xc0056631f8a00000,0x40c961dedaf02214,0x40c96572b4ed6e55,0x00000001,0x00000001,0x8000000200006600,0x8000000a00007e00,0x800000000094112d,0x000000008000af80,0x00000000800000e4,0x0000000000000002,0x000000007c201073,0x0000000000000080,0x6000000000000000,0x00000000000000c0,0x4000b4c3,0x000000008000a0e0,0x000000004000b4c3,0x00000000018e161d,0x0000000001838ed8,0x00000000018e161d,0x0000000001838ed8,0x0000000000000546,0x0000000000006c58,0x000000000000888b,0x0000000000bdc306,0x00000000000079e2,0x0000000000a4bb39,0x000000000001f432,0x00000000006350cf,0x00000000000000c0,0x0000000000000040,0x00000489,0x8000000000000907,0x0000000007240701,0x03
1783627111215,b,0x00000000800057ae,0x0000000080018d90,0x000000008000f190,0x000000008000f1c0,0x0000000080007a7a,0x0000000000000000,0x00000000800191f0,0x0000000080018de0,0x0000000080019530,0x0000000080018f50,0x000000008000f238,0x0000000000000006,0x0000000000000006,0x0000000080018f50,0x00000000000000b0,0x0000000065cffe7b,0x0000000043f14ce4,0x0000000000000006,0x000000008000f200,0x0000000000000001,0x0000000000000006,0x0000000000000038,0x0000000000000000,0x0000000065cfea78,0x000000000055dc95,0x3fedd0be6c4371a2,0x00000000800049a2,0x4152076dcf9c0ebf,0x40863c66112e3f1f,0x4023c597250c1a0c,0x40069f556bca4913,0x4003c0cac56ffd70,0x4152076dcf9c0ebf,0x4025772550fc5339,0x4129fe4d52bd3c36,0x41520763699b3d08,0x3ff0000000000000,0x0000000000000000,0x0000000000000000,0x00000001,0x00000001,0x8000000200006600,0x8000000a00007e00,0x800000000094112d,0x000000008000af80,0x00000000800000e4,0x0000000000000002,0x000000007c201073,0x0000000000000080,0x6000000000000000,0x00000000000000c0,0x4000b4c3,0x00000000800049a2,0x000000004000b4c3,0x00000000018f4df3,0x000000000184c76b,0x00000000018f4df3,0x000000000184c76b,0x0000000000000548,0x0000000000006c5b,0x00000000000088bb,0x0000000000be595b,0x0000000000007a0f,0x0000000000a542e3,0x000000000001f5b1,0x000000000063a6f7,0x00000000000000c0,0x0000000000000040,0x00000489,0x8000000000000907,0x0000000007240701,0x03
1783627112733,b,0x0000000080005850,0x0000000080018ed0,0x000000008000f190,0x000000008000f1c0,0x0000000080007a7a,0x000000000000000f,0x00000000800191f0,0x0000000080018f20,0x0000000080019530,0x00000000800191f0,0x0000000080019310,0x0000000000000003,0x0000000000000006,0x00000000800191f0,0x0000000000000004,0x000000008000f201,0x3fdd1126a02a94c3,0x0000000000000006,0x000000008000f200,0x0000000000000001,0x0000000000000006,0x0000000000000038,0x0000000000000000,0x0000000032aa9678,0x00000000006e6d02,0x3fedd0be6c4371a2,0x00000000800049aa,0x4152076dcf9c0ebf,0x40863c66112e3f1f,0x4023c597250c1a0c,0x40069f556bca4913,0x4003c0cac56ffd70,0x4152076dcf9c0ebf,0x414fe4debca2339c,0x4129fe55bfd8adac,0x4152076a04275254,0x0000000000000000,0x401623e8e4790c0a,0x401623e8e4790c0a,0x00000001,0x00000001,0x8000000200006600,0x8000000a00007e00,0x800000000094112d,0x000000008000af80,0x00000000800000e4,0x0000000000000002,0x000000007c201073,0x0000000000000080,0x6000000000000000,0x00000000000000c0,0x4000b4c3,0x00000000800049aa,0x000000004000b4c3,0x0000000001904d98,0x000000000185c0d2,0x0000000001904d98,0x000000000185c0d2,0x000000000000054c,0x0000000000006c5e,0x000000000000890b,0x0000000000bed3d7,0x0000000000007a32,0x0000000000a5b2cf,0x000000000001f6b6,0x000000000063e8ed,0x00000000000000c0,0x0000000000000040,0x00000489,0x8000000000000907,0x0000000007240701,0x03
1783627114217,b,0x0000000080005744,0x0000000080019060,0x000000008000f190,0x000000008000f1c0,0x0000000080007a7a,0x000000000000000f,0x00000000800191f0,0x00000000800190b0,0x0000000080019530,0x0000000080019310,0x00000000800191f0,0x0000000000000006,0x0000000000000006,0x0000000000000002,0x0000000000000006,0x000000008000f201,0x3fe1fb00c963b62f,0x0000000000000006,0x000000008000f200,0x0000000000000001,0x0000000000000006,0x0000000000000038,0x0000000000000000,0xffffffffcb11a938,0x00000000007aa1b9,0x3fedd0be6c4371a2,0x000000008000496c,0x4152076dcf9c0ebf,0x40863c66112e3f1f,0x4023c597250c1a0c,0x40069f556bca4913,0x4003c0cac56ffd70,0x4152076dcf9c0ebf,0x414fe4d95c8b4396,0x4129fe507b2fec57,0x4152076b82cbfb16,0x0000000000000000,0x0000000000000000,0x0000000000000000,0x00000001,0x00000001,0x8000000200006600,0x8000000a00007e00,0x800000000094112d,0x000000008000af80,0x00000000800000e4,0x0000000000000002,0x000000007c201073,0x0000000000000080,0x6000000000000000,0x00000000000000c0,0x4000b4c3,0x000000008000496c,0x000000004000b4c3,0x0000000001915d68,0x000000000186ccff,0x0000000001915d68,0x000000000186ccff,0x000000000000054f,0x0000000000006c61,0x0000000000008961,0x0000000000bf5987,0x0000000000007a62,0x0000000000a625cf,0x000000000001f81d,0x0000000000642bb9,0x00000000000000c0,0x0000000000000040,0x00000489,0x8000000000000907,0x0000000007240701,0x03
1783627115571,b,0x0000000080006260,0x0000000080019230,0x000000008000f190,0x000000008000f1c0,0x402a6014520d6113,0x0000000000000000,0x0000000000000000,0x0000000080019440,0x0000000080019530,0x0000000080019698,0x00000000800194a0,0x000000008000f238,0x00000000800003f0,0x00000000800194a0,0x0000000000000005,0x000000000debfdfa,0x000000003608c6a8,0x0000000000000006,0x000000008000f200,0x0000000000000001,0x0000000000000006,0x0000000000000038,0x0000000000000000,0x000000000dabd8e0,0x000000000043f66b,0x3fedd0be6c4371a2,0x0000000080005bdc,0x4152076dcf9c0ebf,0x40863c66112e3f1f,0x4023c597250c1a0c,0x40069f556bca4913,0x4003c0cac56ffd70,0x4152076dcf9c0ebf,0x4030fd9acd8231aa,0x4129fe507b2fec57,0x4152076b82cbfb16,0x01a56e1fc2f8f359,0x0000000000000000,0x0000000000000000,0x00000001,0x00000001,0x8000000200006600,0x8000000a00007e00,0x800000000094112d,0x000000008000af80,0x00000000800000e4,0x0000000000000002,0x000000007c201073,0x0000000000000080,0x6000000000000000,0x00000000000000c0,0x4000b4c3,0x0000000080005bdc,0x000000004000b4c3,0x0000000001925e47,0x000000000187cc40,0x0000000001925e47,0x000000000187cc40,0x0000000000000550,0x0000000000006c64,0x000000000000899b,0x0000000000bfd68f,0x0000000000007a81,0x0000000000a694ae,0x000000000001f960,0x0000000000646fd7,0x00000000000000c0,0x0000000000000040,0x00000489,0x8000000000000907,0x0000000007240701,0x03
1783627117066,b,0x00000000800057ae,0x0000000080018d90,0x000000008000f190,0x000000008000f1c0,0x0000000080007a7a,0x0000000000000000,0x00000000800191f0,0x0000000080018de0,0x0000000080019530,0x0000000080018f50,0x000000008000f238,0x0000000000000006,0x0000000000000006,0x0000000000000001,0x0000000000000006,0x0000000065cffe7b,0x0000000043f14ce4,0x0000000000000006,0x000000008000f200,0x0000000000000001,0x0000000000000006,0x0000000000000038,0x0000000000000000,0x0000000065cfea78,0x000000000055dc95,0x3fedd0be6c4371a2,0x00000000800049b0,0x4152076dcf9c0ebf,0x40863c66112e3f1f,0x4023c597250c1a0c,0x40069f556bca4913,0x4003c0cac56ffd70,0x4152076dcf9c0ebf,0x4025772550fc5339,0x4129fe430f0d844d,0x4152076830624dd3,0x8000000000000000,0x0000000000000000,0x0000000000000000,0x00000001,0x00000001,0x8000000200006600,0x8000000a00007e00,0x800000000094112d,0x000000008000af80,0x00000000800000e4,0x0000000000000002,0x000000007c201073,0x0000000000000080,0x6000000000000000,0x00000000000000c0,0x4000b4c3,0x00000000800049b0,0x000000004000b4c3,0x000000000193a036,0x0000000001890b7c,0x000000000193a036,0x0000000001890b7c,0x0000000000000553,0x0000000000006c67,0x00000000000089e6,0x0000000000c071ff,0x0000000000007ab1,0x0000000000a71ff6,0x000000000001faf4,0x000000000064c4bc,0x00000000000000c0,0x0000000000000040,0x00000489,0x8000000000000907,0x0000000007240701,0x03
1783627118506,b,0x000000008000519e,0x0000000080018e90,0x000000008000f190,0x000000008000f1c0,0x0000000080007a7a,0x0000000000000000,0x00000000800191f0,0x0000000080018ee0,0x0000000080019530,0x0000000000000000,0x0000000050fc5339,0x000000003fe00000,0x4025772550fc5339,0x0000000000000003,0x0000000000000003,0x0000000065cffe7b,0x0000000043f14ce4,0x0000000000000006,0x000000008000f200,0x0000000000000001,0x0000000000000006,0x0000000000000038,0x0000000000000000,0x0000000065cfea78,0x000000000055dc95,0x3fedd0be6c4371a2,0x00000000800054ae,0x4152076dcf9c0ebf,0x40863c66112e3f1f,0x4023c597250c1a0c,0x40069f556bca4913,0x4003c0cac56ffd70,0x4152076dcf9c0ebf,0x4025772550fc5339,0x4129fe56e0346dc6,0x41520769bb089a02,0x0000000000000000,0x3fb7da31f035f47d,0x3f81c77792045d47,0x00000001,0x00000001,0x8000000200006600,0x8000000a00007e00,0x800000000094112d,0x000000008000af80,0x00000000800000e4,0x0000000000000002,0x000000007c201073,0x0000000000000080,0x6000000000000000,0x00000000000000c0,0x4000b4c3,0x00000000800054ae,0x000000004000b4c3,0x000000000194c656,0x00000000018a2c91,0x000000000194c656,0x00000000018a2c91,0x0000000000000559,0x0000000000006c6b,0x0000000000008a53,0x0000000000c10201,0x0000000000007ade,0x0000000000a79cfe,0x000000000001fc43,0x0000000000650eab,0x00000000000000c0,0x0000000000000040,0x00000489,0x8000000000000907,0x0000000007240701,0x03
1783627119769,b,0x0000000080005820,0x0000000080018ed0,0x000000008000f190,0x000000008000f1c0,0x0000000080007a7a,0x000000000000000f,0x00000000800191f0,0x0000000080018f20,0x0000000080019530,0x000000008000f238,0x0000000080019310,0x0000000000000006,0x0000000000000006,0x0000000000000000,0x0000000000000000,0x000000008000f201,0x3fe7e5475ae663b4,0x0000000000000006,0x000000008000f200,0x0000000000000001,0x0000000000000006,0x0000000000000038,0x0000000000000000,0xfffffffff0a8e638,0x00000000006bd90a,0x3fedd0be6c4371a2,0x0000000080004992,0x4152076dcf9c0ebf,0x40863c66112e3f1f,0x4023c597250c1a0c,0x40069f556bca4913,0x4003c0cac56ffd70,0x4152076dcf9c0ebf,0x414fe4d8aa305532,0x4129fe543404ea4b,0x4152076ba9ba5e35,0x401623e8e4790c0a,0x401623e8e4790c0a,0x401623e8e4790c0a,0x00000001,0x00000001,0x8000000200006600,0x8000000a00007e00,0x800000000094112d,0x000000008000af80,0x00000000800000e4,0x0000000000000002,0x000000007c201073,0x0000000000000080,0x6000000000000000,0x00000000000000c0,0x4000b4c3,0x0000000080004992,0x000000004000b4c3,0x000000000195e422,0x00000000018b447d,0x000000000195e422,0x00000000018b447d,0x000000000000055c,0x0000000000006c6e,0x0000000000008aa3,0x0000000000c18a95,0x0000000000007b08,0x0000000000a8197d,0x000000000001fd90,0x000000000065588a,0x00000000000000c0,0x0000000000000040,0x00000489,0x8000000000000907,0x0000000007240701,0x03
1783627121278,b,0x00000000800056f8,0x0000000080019060,0x000000008000f190,0x000000008000f1c0,0x0000000080007a7a,0x000000000000000f,0x0000000080019430,0x00000000800190b0,0x0000000080019530,0x0000000080019548,0x000000008000f238,0x0000000000000006,0x0000000000000006,0x0000000000000004,0x0000000000000006,0x000000008000f201,0x3feb432f8b9c7066,0x0000000000000006,0x000000008000f200,0x0000000000000001,0x0000000000000006,0x0000000000000038,0x0000000000000000,0x000000006f6f1638,0x000000000071c0cf,0x3fedd0be6c4371a2,0x00000000800049b0,0x4152076dcf9c0ebf,0x40863c66112e3f1f,0x4023c597250c1a0c,0x40069f556bca4913,0x4003c0cac56ffd70,0x4152076dcf9c0ebf,0x414fe4ddda7ef9db,0x4129fe5391758e22,0x4152076cd566cf42,0x0000000000000000,0x0000000000000000,0x0000000000000000,0x00000001,0x00000001,0x8000000200006600,0x8000000a00007e00,0x800000000094112d,0x000000008000af80,0x00000000800000e4,0x0000000000000002,0x000000007c201073,0x0000000000000080,0x6000000000000000,0x00000000000000c0,0x4000b4c3,0x00000000800049b0,0x000000004000b4c3,0x000000000196e1dc,0x00000000018c3d72,0x000000000196e1dc,0x00000000018c3d72,0x000000000000055e,0x0000000000006c71,0x0000000000008b01,0x0000000000c20750,0x0000000000007b36,0x0000000000a884c5,0x000000000001fee7,0x0000000000659657,0x00000000000000c0,0x0000000000000040,0x00000489,0x8000000000000907,0x0000000007240701,0x03
1783627122768,b,0x00000000800057ae,0x0000000080018d90,0x000000008000f190,0x000000008000f1c0,0x0000000080007a7a,0x0000000000000000,0x00000000800191f0,0x0000000080018de0,0x0000000080019530,0x0000000080018f50,0x000000008000f238,0x0000000000000006,0x0000000000000006,0x0000000000000003,0x0000000000000003,0x0000000065cffe7b,0x0000000043f14ce4,0x0000000000000006,0x000000008000f200,0x0000000000000001,0x0000000000000006,0x0000000000000038,0x0000000000000000,0x0000000065cfea78,0x000000000055dc95,0x3fedd0be6c4371a2,0x0000000080004978,0x4152076dcf9c0ebf,0x40863c66112e3f1f,0x4023c597250c1a0c,0x40069f556bca4913,0x4003c0cac56ffd70,0x4152076dcf9c0ebf,0x4025772550fc5339,0x4129fe5391758e22,0x4152076cd566cf42,0x8000000000000000,0x0000000000000000,0x0000000000000000,0x00000001,0x00000001,0x8000000200006600,0x8000000a00007e00,0x800000000094112d,0x000000008000af80,0x00000000800000e4,0x0000000000000002,0x000000007c201073,0x0000000000000080,0x6000000000000000,0x00000000000000c0,0x4000b4c3,0x0000000080004978,0x000000004000b4c3,0x000000000197ee9b,0x00000000018d4ae1,0x000000000197ee9b,0x00000000018d4ae1,0x000000000000055f,0x0000000000006c74,0x0000000000008b28,0x0000000000c2889d,0x0000000000007b53,0x0000000000a8f9dc,0x0000000000020032,0x000000000065e124,0x00000000000000c0,0x0000000000000040,0x00000489,0x8000000000000907,0x0000000007240701,0x03
1783627124135,b,0x0000000080005018,0x0000000080018e40,0x000000008000f190,0x000000008000f1c0,0x0000000080007a7a,0x0000000000000000,0x00000000800191f0,0x0000000080018e90,0x0000000080019530,0x0000000000000000,0x0000000050fc5339,0x000000003fe00000,0x4025772550fc5339,0x0000000080019118,0x0000000000000003,0x0000000065cffe7b,0x0000000043f14ce4,0x0000000000000006,0x000000008000f200,0x0000000000000001,0x0000000000000006,0x0000000000000038,0x0000000000000000,0x0000000065cfea78,0x000000000055dc95,0x3fedd0be6c4371a2,0x0000000080005138,0x4152076dcf9c0ebf,0x40863c66112e3f1f,0x4023c597250c1a0c,0x40069f556bca4913,0x4003c0cac56ffd70,0x4152076dcf9c0ebf,0x4025772550fc5339,0x4129fe5ab089a027,0x41520768a1916873,0x01a56e1fc2f8f359,0x0000000000000000,0x0000000000000000,0x00000001,0x00000001,0x8000000200006600,0x8000000a00007e00,0x800000000094112d,0x000000008000af80,0x00000000800000e4,0x0000000000000002,0x000000007c201073,0x0000000000000080,0x6000000000000000,0x00000000000000c0,0x4000b4c3,0x0000000080005138,0x000000004000b4c3,0x00000000019921e1,0x00000000018e79b6,0x00000000019921e1,0x00000000018e79b6,0x0000000000000563,0x0000000000006c77,0x0000000000008b8c,0x0000000000c31f2b,0x0000000000007b7f,0x0000000000a97d93,0x000000000002017d,0x0000000000662f9f,0x00000000000000c0,0x0000000000000040,0x00000489,0x8000000000000907,0x0000000007240701,0x03
1783627125508,b,0x0000000080005820,0x0000000080018ed0,0x000000008000f190,0x000000008000f1c0,0x0000000080007a7a,0x000000000000000f,0x00000000800191f0,0x0000000080018f20,0x0000000080019530,0x000000008000f238,0x0000000080019310,0x0000000000000006,0x0000000000000006,0x0000000000000001,0x0000000000000003,0x000000008000f201,0x3fed8d64e4581e5a,0x0000000000000006,0x000000008000f200,0x0000000000000001,0x0000000000000006,0x0000000000000038,0x0000000000000000,0xffffffff882e1380,0x00000000007b5869,0x3fedd0be6c4371a2,0x000000008000496c,0x4152076dcf9c0ebf,0x40863c66112e3f1f,0x4023c597250c1a0c,0x40069f556bca4913,0x4003c0cac56ffd70,0x4152076dcf9c0ebf,0x414fe4daca6809d5,0x4129fe490f34d6a1,0x41520766b03fe5c9,0x0000000000000000,0x0000000000000000,0x0000000000000000,0x00000001,0x00000001,0x8000000200006600,0x8000000a00007e00,0x800000000094112d,0x000000008000af80,0x00000000800000e4,0x0000000000000002,0x000000007c201073,0x0000000000000080,0x6000000000000000,0x00000000000000c0,0x4000b4c3,0x000000008000496c,0x000000004000b4c3,0x00000000019a4888,0x00000000018f99ad,0x00000000019a4888,0x00000000018f99ad,0x0000000000000566,0x0000000000006c7a,0x0000000000008be1,0x0000000000c3ab75,0x0000000000007baa,0x0000000000a9fe6f,0x00000000000202e0,0x0000000000667b96,0x00000000000000c0,0x0000000000000040,0x00000489,0x8000000000000907,0x0000000007240701,0x03
1783627126797,b,0x00000000800056f8,0x0000000080019060,0x000000008000f190,0x000000008000f1c0,0x0000000080007a7a,0x000000000000000f,0x0000000080019430,0x00000000800190b0,0x0000000080019530,0x0000000080019548,0x000000008000f238,0x0000000000000006,0x0000000000000006,0x0000000000000000,0x000000000000000c,0x000000008000f201,0x3fe96b51799bb510,0x0000000000000006,0x000000008000f200,0x0000000000000001,0x0000000000000006,0x0000000000000038,0x0000000000000000,0x000000004f5d550e,0x000000000078078c,0x3fedd0be6c4371a2,0x0000000080004978,0x4152076dcf9c0ebf,0x40863c66112e3f1f,0x4023c597250c1a0c,0x40069f556bca4913,0x4003c0cac56ffd70,0x4152076dcf9c0ebf,0x414fe4dda236e2eb,0x4129fe44f89374bc,0x4152076a63c50481,0x0000000000000000,0x0000000000000000,0x0000000000000000,0x00000001,0x00000001,0x8000000200006600,0x8000000a00007e00,0x800000000094112d,0x000000008000af80,0x00000000800000e4,0x0000000000000002,0x000000007c201073,0x0000000000000080,0x6000000000000000,0x00000000000000c0,0x4000b4c3,0x0000000080004978,0x000000004000b4c3,0x00000000019b4fea,0x0000000001909c52,0x00000000019b4fea,0x0000000001909c52,0x000000000000056a,0x0000000000006c7d,0x0000000000008c44,0x0000000000c42cc5,0x0000000000007bd8,0x0000000000aa6e10,0x000000000002043e,0x000000000066bc40,0x00000000000000c0,0x0000000000000040,0x00000489,0x8000000000000907,0x0000000007240701,0x03
1783627128311,b,0x00000000800057ae,0x0000000080018d90,0x000000008000f190,0x000000008000f1c0,0x0000000080007a7a,0x0000000000000000,0x00000000800191f0,0x0000000080018de0,0x0000000080019530,0x0000000080018f50,0x000000008000f238,0x0000000000000006,0x0000000000000006,0x0000000080018df0,0x0000000000000003,0x0000000065cffe7b,0x0000000043f14ce4,0x0000000000000006,0x000000008000f200,0x0000000000000001,0x0000000000000006,0x0000000000000038,0x0000000000000000,0x0000000065cfea78,0x000000000055dc95,0x3fedd0be6c4371a2,0x0000000080004a00,0x4152076dcf9c0ebf,0x40863c66112e3f1f,0x4023c597250c1a0c,0x40069f556bca4913,0x4003c0cac56ffd70,0x4152076dcf9c0ebf,0x4025772550fc5339,0x4129fe44f89374bc,0x4152076a63c50481,0x8000000000000000,0x0000000000000000,0x0000000000000000,0x00000001,0x00000001,0x8000000200006600,0x8000000a00007e00,0x800000000094112d,0x000000008000af80,0x00000000800000e4,0x0000000000000002,0x000000007c201073,0x0000000000000080,0x6000000000000000,0x00000000000000c0,0x4000b4c3,0x0000000080004a00,0x000000004000b4c3,0x00000000019c5abe,0x000000000191a7fd,0x00000000019c5abe,0x000000000191a7fd,0x000000000000056b,0x0000000000006c80,0x0000000000008c69,0x0000000000c4ad3e,0x0000000000007bf5,0x0000000000aae23e,0x0000000000020587,0x0000000000670683,0x00000000000000c0,0x0000000000000040,0x00000489,0x8000000000000907,0x0000000007240701,0x03
1783627129964,b,0x00000000800058f2,0x0000000080018ed0,0x000000008000f190,0x000000008000f1c0,0x0000000080007a7a,0x0000000000000000,0x00000000800191f0,0x0000000080018f20,0x0000000080019530,0x00000000800193a0,0x00000000800194a0,0x0000000000000006,0x0000000000000003,0x0000000000000000,0x0000000000000000,0x0000000065cffe7b,0x0000000043f14ce4,0x0000000000000006,0x000000008000f200,0x0000000000000001,0x0000000000000006,0x0000000000000038,0x0000000000000000,0x0000000065cfea78,0x000000000055dc95,0x3fedd0be6c4371a2,0x00000000800049b4,0x4152076dcf9c0ebf,0x40863c66112e3f1f,0x4023c597250c1a0c,0x40069f556bca4913,0x4003c0cac56ffd70,0x4152076dcf9c0ebf,0x4025772550fc5339,0x4129fe5c0bfb15b5,0x4152076e11ab9f56,0x3f9287f43dd4dd22,0x0000000000000000,0x0000000000000000,0x00000001,0x00000001,0x8000000200006600,0x8000000a00007e00,0x800000000094112d,0x000000008000af80,0x00000000800000e4,0x0000000000000002,0x000000007c201073,0x0000000000000080,0x6000000000000000,0x00000000000000c0,0x4000b4c3,0x00000000800049b4,0x000000004000b4c3,0x00000000019da00b,0x000000000192e8f6,0x00000000019da00b,0x000000000192e8f6,0x000000000000056e,0x0000000000006c83,0x0000000000008cc4,0x0000000000c54bff,0x0000000000007c28,0x0000000000ab6d7d,0x0000000000020710,0x000000000067597d,0x00000000000000c0,0x0000000000000040,0x00000489,0x8000000000000907,0x0000000007240701,0x03
1783627131557,b,0x0000000080005744,0x0000000080019060,0x000000008000f190,0x000000008000f1c0,0x0000000080007a7a,0x000000000000000f,0x00000000800191f0,0x00000000800190b0,0x0000000080019530,0x0000000080019310,0x00000000800191f0,0x0000000000000006,0x0000000000000006,0x0000000000000005,0x0000000000000006,0x000000008000f201,0x3feeaa6d410f41e2,0x0000000000000006,0x000000008000f200,0x0000000000000001,0x0000000000000006,0x0000000000000038,0x0000000000000000,0xffffffff97aaa99e,0x0000000000400bc3,0x3fedd0be6c4371a2,0x00000000800049d6,0x4152076dcf9c0ebf,0x40863c66112e3f1f,0x4023c597250c1a0c,0x40069f556bca4913,0x4003c0cac56ffd70,0x4152076dcf9c0ebf,0x414fe4db8c74538f,0x4129fe49abd3c361,0x415207696413a92a,0x0000000000000000,0x0000000000000000,0x0000000000000000,0x00000001,0x00000001,0x8000000200006600,0x8000000a00007e00,0x800000000094112d,0x000000008000af80,0x00000000800000e4,0x0000000000000002,0x000000007c201073,0x0000000000000080,0x6000000000000000,0x00000000000000c0,0x4000b4c3,0x00000000800049d6,0x000000004000b4c3,0x00000000019e9846,0x000000000193daf0,0x00000000019e9846,0x000000000193daf0,0x0000000000000571,0x0000000000006c86,0x0000000000008d13,0x0000000000c5c2dd,0x0000000000007c48,0x0000000000abda18,0x0000000000020816,0x0000000000679924,0x00000000000000c0,0x0000000000000040,0x00000489,0x8000000000000907,0x0000000007240701,0x03
1783627133160,b,0x00000000800056f8,0x0000000080019060,0x000000008000f190,0x000000008000f1c0,0x0000000080007a7a,0x000000000000000f,0x0000000080019430,0x00000000800190b0,0x0000000080019530,0x0000000080019548,0x000000008000f238,0x0000000000000006,0x0000000000000006,0x000000008000f238,0x000000008000f310,0x000000008000f201,0x3fecd808c261967d,0x0000000000000006,0x000000008000f200,0x0000000000000001,0x0000000000000006,0x0000000000000038,0x0000000000000000,0xffffffffe383030e,0x00000000007b4884,0x3fedd0be6c4371a2,0x00000000800049c8,0x4152076dcf9c0ebf,0x40863c66112e3f1f,0x4023c597250c1a0c,0x40069f556bca4913,0x4003c0cac56ffd70,0x4152076dcf9c0ebf,0x414fe4db817f62b7,0x4129fe5d36e2eb1c,0x4152076d12b020c5,0x0000000000000000,0x3fb85cd8e2c41b82,0x0000000000000000,0x00000001,0x00000001,0x8000000200006600,0x8000000a00007e00,0x800000000094112d,0x000000008000af80,0x00000000800000e4,0x0000000000000002,0x000000007c201073,0x0000000000000080,0x6000000000000000,0x00000000000000c0,0x4000b4c3,0x00000000800049c8,0x000000004000b4c3,0x00000000019fbca0,0x000000000194faa6,0x00000000019fbca0,0x000000000194faa6,0x0000000000000576,0x0000000000006c89,0x0000000000008d7a,0x0000000000c651e2,0x0000000000007c7a,0x0000000000ac5660,0x0000000000020994,0x000000000067e21b,0x00000000000000c0,0x0000000000000040,0x00000489,0x8000000000000907,0x0000000007240701,0x03
1783627134653,b,0x0000000080006260,0x0000000080019230,0x000000008000f190,0x000000008000f1c0,0x402a6014520d6113,0x0000000000000000,0x0000000000000000,0x0000000080019440,0x0000000080019530,0x0000000080019698,0x00000000800194a0,0x000000008000f238,0x00000000800003f0,0x000000008000f238,0x000000008000f2b0,0x000000002c55ba7e,0x0000000016791292,0x0000000000000006,0x000000008000f200,0x0000000000000001,0x0000000000000006,0x0000000000000038,0x0000000000000000,0x000000002c51925e,0x000000000058b85e,0x3fedd0be6c4371a2,0x0000000080005c0a,0x4152076dcf9c0ebf,0x40863c66112e3f1f,0x4023c597250c1a0c,0x40069f556bca4913,0x4003c0cac56ffd70,0x4152076dcf9c0ebf,0x40262e17859e44a5,0x4129fe5d36e2eb1c,0x4152076d12b020c5,0x01a56e1fc2f8f359,0x0000000000000000,0x3fdcf46da09c9984,0x00000001,0x00000001,0x8000000200006600,0x8000000a00007e00,0x800000000094112d,0x000000008000af80,0x00000000800000e4,0x0000000000000002,0x000000007c201073,0x0000000000000080,0x6000000000000000,0x00000000000000c0,0x4000b4c3,0x0000000080005c0a,0x000000004000b4c3,0x0000000001a0eeb1,0x0000000001962c12,0x0000000001a0eeb1,0x0000000001962c12,0x0000000000000578,0x0000000000006c8c,0x0000000000008db4,0x0000000000c6e619,0x0000000000007c9d,0x0000000000acdb0c,0x0000000000020b04,0x0000000000683519,0x00000000000000c0,0x0000000000000040,0x00000489,0x8000000000000907,0x0000000007240701,0x03
1783627136060,b,0x000000008000589c,0x0000000080018ed0,0x000000008000f190,0x000000008000f1c0,0x0000000080007a7a,0x0000000000000000,0x00000000800191f0,0x0000000080018f20,0x0000000080019530,0x0000000080019280,0x0000000080019118,0x0000000000000006,0x0000000000000003,0x0000000000000002,0x0000000000000006,0x0000000065cffe7b,0x0000000043f14ce4,0x0000000000000006,0x000000008000f200,0x0000000000000001,0x0000000000000006,0x0000000000000038,0x0000000000000000,0x0000000065cfea78,0x000000000055dc95,0x3fedd0be6c4371a2,0x00000000800049b4,0x4152076dcf9c0ebf,0x40863c66112e3f1f,0x4023c597250c1a0c,0x40069f556bca4913,0x4003c0cac56ffd70,0x4152076dcf9c0ebf,0x4025772550fc5339,0x4129fe3cf8c7e282,0x4152076889e9e1b1,0x0000000000000000,0x0000000000000000,0x0000000000000000,0x00000001,0x00000001,0x8000000200006600,0x8000000a00007e00,0x800000000094112d,0x000000008000af80,0x00000000800000e4,0x0000000000000002,0x000000007c201073,0x0000000000000080,0x6000000000000000,0x00000000000000c0,0x4000b4c3,0x00000000800049b4,0x000000004000b4c3,0x0000000001a1ef8d,0x0000000001972a29,0x0000000001a1ef8d,0x0000000001972a29,0x000000000000057b,0x0000000000006c8f,0x0000000000008df1,0x0000000000c7639a,0x0000000000007cc6,0x0000000000ad4903,0x0000000000020c3c,0x00000000006876bb,0x00000000000000c0,0x0000000000000040,0x00000489,0x8000000000000907,0x0000000007240701,0x03
1783627137393,b,0x0000000080005744,0x0000000080019060,0x000000008000f190,0x000000008000f1c0,0x0000000080007a7a,0x000000000000000f,0x00000000800191f0,0x00000000800190b0,0x0000000080019530,0x0000000080019310,0x00000000800191f0,0x0000000000000006,0x0000000000000006,0x00000000800190d0,0x0000000080019188,0x000000008000f201,0x3febe401cda9075c,0x0000000000000006,0x000000008000f200,0x0000000000000001,0x0000000000000006,0x0000000000000038,0x0000000000000000,0xffffffff90f164fe,0x00000000007f4622,0x3fedd0be6c4371a2,0x00000000800049f2,0x4152076dcf9c0ebf,0x40863c66112e3f1f,0x4023c597250c1a0c,0x40069f556bca4913,0x4003c0cac56ffd70,0x4152076dcf9c0ebf,0x414fe4dd63d70a3d,0x4129fe5a469ad42c,0x41520767193a92a3,0x0000000000000000,0x0000000000000000,0x0000000000000000,0x00000001,0x00000001,0x8000000200006600,0x8000000a00007e00,0x800000000094112d,0x000000008000af80,0x00000000800000e4,0x0000000000000002,0x000000007c201073,0x0000000000000080,0x6000000000000000,0x00000000000000c0,0x4000b4c3,0x00000000800049f2,0x000000004000b4c3,0x0000000001a2e663,0x0000000001981b0d,0x0000000001a2e663,0x0000000001981b0d,0x000000000000057f,0x0000000000006c92,0x0000000000008e3c,0x0000000000c7d9c5,0x0000000000007cea,0x0000000000adb4b6,0x0000000000020d54,0x000000000068b5a3,0x00000000000000c0,0x0000000000000040,0x00000489,0x8000000000000907,0x0000000007240701,0x03
1783627139049,b,0x00000000800056f8,0x0000000080019060,0x000000008000f190,0x000000008000f1c0,0x0000000080007a7a,0x000000000000000f,0x0000000080019430,0x00000000800190b0,0x0000000080019530,0x0000000080019548,0x000000008000f238,0x0000000000000006,0x0000000000000006,0x0000000000000004,0x0000000000000006,0x000000008000f201,0x3fe6e13b867a1fe6,0x0000000000000006,0x000000008000f200,0x0000000000000001,0x0000000000000006,0x0000000000000038,0x0000000000000000,0xfffffffff0407be0,0x0000000000410221,0x3fedd0be6c4371a2,0x00000000800049b0,0x4152076dcf9c0ebf,0x40863c66112e3f1f,0x4023c597250c1a0c,0x40069f556bca4913,0x4003c0cac56ffd70,0x4152076dcf9c0ebf,0x414fe4e11645a1cb,0x4129fe3bde0ded29,0x4152076b595e9e1b,0x0000000000000000,0x0000000000000000,0x0000000000000000,0x00000001,0x00000001,0x8000000200006600,0x8000000a00007e00,0x800000000094112d,0x000000008000af80,0x00000000800000e4,0x0000000000000002,0x000000007c201073,0x0000000000000080,0x6000000000000000,0x00000000000000c0,0x4000b4c3,0x00000000800049b0,0x000000004000b4c3,0x0000000001a40f74,0x0000000001993faf,0x0000000001a40f74,0x0000000001993faf,0x0000000000000582,0x0000000000006c95,0x0000000000008ea5,0x0000000000c86b0e,0x0000000000007d1c,0x0000000000ae3327,0x0000000000020ed7,0x000000000069000f,0x00000000000000c0,0x0000000000000040,0x00000489,0x8000000000000907,0x0000000007240701,0x03
1783627140677,b,0x00000000800057ae,0x0000000080018d90,0x000000008000f190,0x000000008000f1c0,0x0000000080007a7a,0x0000000000000000,0x00000000800191f0,0x0000000080018de0,0x0000000080019530,0x0000000080018f50,0x000000008000f238,0x0000000000000006,0x0000000000000006,0x0000000000000004,0x0000000000000018,0x0000000065cffe7b,0x0000000043f14ce4,0x0000000000000006,0x000000008000f200,0x0000000000000001,0x0000000000000006,0x0000000000000038,0x0000000000000000,0x0000000065cfea78,0x000000000055dc95,0x3fedd0be6c4371a2,0x0000000080004970,0x4152076dcf9c0ebf,0x40863c66112e3f1f,0x4023c597250c1a0c,0x40069f556bca4913,0x4003c0cac56ffd70,0x4152076dcf9c0ebf,0x4025772550fc5339,0x4129fe3bde0ded29,0x4152076b595e9e1b,0x8000000000000000,0x0000000000000000,0x0000000000000000,0x00000001,0x00000001,0x8000000200006600,0x8000000a00007e00,0x800000000094112d,0x000000008000af80,0x00000000800000e4,0x0000000000000002,0x000000007c201073,0x0000000000000080,0x6000000000000000,0x00000000000000c0,0x4000b4c3,0x0000000080004970,0x000000004000b4c3,0x0000000001a531c3,0x00000000019a6278,0x0000000001a531c3,0x00000000019a6278,0x0000000000000583,0x0000000000006c98,0x0000000000008ec8,0x0000000000c8f669,0x0000000000007d39,0x0000000000aeb24a,0x0000000000021032,0x000000000069515d,0x00000000000000c0,0x0000000000000040,0x00000489,0x8000000000000907,0x0000000007240701,0x03
1783627142331,b,0x00000000800058f2,0x0000000080018ed0,0x000000008000f190,0x000000008000f1c0,0x0000000080007a7a,0x0000000000000000,0x00000000800191f0,0x0000000080018f20,0x0000000080019530,0x00000000800193a0,0x00000000800194a0,0x0000000000000006,0x0000000000000003,0x00000000800194a0,0x0000000000000004,0x0000000065cffe7b,0x0000000043f14ce4,0x0000000000000006,0x000000008000f200,0x0000000000000001,0x0000000000000006,0x0000000000000038,0x0000000000000000,0x0000000065cfea78,0x000000000055dc95,0x3fedd0be6c4371a2,0x00000000800049d0,0x4152076dcf9c0ebf,0x40863c66112e3f1f,0x4023c597250c1a0c,0x40069f556bca4913,0x4003c0cac56ffd70,0x4152076dcf9c0ebf,0x4025772550fc5339,0x4129fe45a1cac083,0x41520764a8553261,0x3fc0e154af64b901,0x0000000000000000,0x0000000000000000,0x00000001,0x00000001,0x8000000200006600,0x8000000a00007e00,0x800000000094112d,0x000000008000af80,0x00000000800000e4,0x0000000000000002,0x000000007c201073,0x0000000000000080,0x6000000000000000,0x00000000000000c0,0x4000b4c3,0x00000000800049d0,0x000000004000b4c3,0x0000000001a66da2,0x00000000019b9a17,0x0000000001a66da2,0x00000000019b9a17,0x0000000000000586,0x0000000000006c9b,0x0000000000008f33,0x0000000000c990a0,0x0000000000007d6c,0x0000000000af3916,0x00000000000211bd,0x000000000069a15b,0x00000000000000c0,0x0000000000000040,0x00000489,0x8000000000000907,0x0000000007240701,0x03
1783627143705,b,0x0000000080009fc2,0x0000000080018dc0,0x000000008000f190,0x000000008000f1c0,0x0000000080007a7a,0x000000000055d400,0x00000000800191f0,0x0000000080018e40,0x0000000080018f08,0x000000000055d000,0x0000000000000400,0x0000000000870300,0x0000000000000003,0x00000000002ae800,0x0000000020bf5000,0x0000000000000000,0x000000000000000b,0x0000000000000006,0x000000008000f200,0x0000000000000001,0x0000000000000006,0x0000000000000038,0x0000000000000000,0xffffffffcf3a00f8,0x00000000005869e6,0x3fedd0be6c4371a2,0x000000008000a0ba,0x4152076dcf9c0ebf,0x40863c66112e3f1f,0x4023c597250c1a0c,0x40069f556bca4913,0x4003c0cac56ffd70,0x405ccc3930020bf5,0x405ccc3930020bf5,0x4129fe49eb5dcc64,0x41520768326b50b1,0x01a56e1fc2f8f359,0x0000000000000000,0x405ccc3930020bf5,0x00000001,0x00000001,0x8000000200006600,0x8000000a00007e00,0x800000000094112d,0x000000008000af80,0x00000000800000e4,0x0000000000000002,0x000000007c201073,0x0000000000000080,0x6000000000000000,0x00000000000000c0,0x4000b4c3,0x000000008000a0ba,0x000000004000b4c3,0x0000000001a7b188,0x00000000019cd933,0x0000000001a7b188,0x00000000019cd933,0x000000000000058b,0x0000000000006c9e,0x0000000000008f93,0x0000000000ca2e08,0x0000000000007d98,0x0000000000afc500,0x000000000002131e,0x000000000069f525,0x00000000000000c0,0x0000000000000040,0x00000489,0x8000000000000907,0x0000000007240701,0x03
1783627145306,b,0x0000000080005806,0x0000000080018ee0,0x000000008000f190,0x000000008000f1c0,0x0000000080007a7a,0x000000000000000f,0x00000000800191f0,0x0000000080018f20,0x0000000080019530,0x00000000800194a0,0x0000000080019310,0x0000000000000003,0x0000000080019310,0x00000000800194b0,0x0000000000000003,0x000000008000f201,0x3fd9eeeaf0b2d8dd,0x0000000000000006,0x000000008000f200,0x0000000000000001,0x0000000000000006,0x0000000000000038,0x0000000000000000,0x0000000077ef12e0,0x000000000043b3a2,0x3fedd0be6c4371a2,0x0000000080004b98,0x4152076dcf9c0ebf,0x40863c66112e3f1f,0x4023c597250c1a0c,0x40069f556bca4913,0x4003c0cac56ffd70,0x4152076dcf9c0ebf,0x414fe4d885810625,0x4129fe4895e9e1b1,0x4152076ae7404ea5,0x3fc17a1e17d07729,0x3fc17a1e17d07729,0x0000000000000000,0x00000001,0x00000001,0x8000000200006600,0x8000000a00007e00,0x800000000094112d,0x000000008000af80,0x00000000800000e4,0x0000000000000002,0x000000007c201073,0x0000000000000080,0x6000000000000000,0x00000000000000c0,0x4000b4c3,0x0000000080004b98,0x000000004000b4c3,0x0000000001a8d4fd,0x00000000019df639,0x0000000001a8d4fd,0x00000000019df639,0x000000000000058f,0x0000000000006ca1,0x0000000000008ff4,0x0000000000cab9ba,0x0000000000007dc5,0x0000000000b0438d,0x000000000002147e,0x00000000006a3f85,0x00000000000000c0,0x0000000000000040,0x00000489,0x8000000000000907,0x0000000007240701,0x03
1783627146636,b,0x0000000080005744,0x0000000080019060,0x000000008000f190,0x000000008000f1c0,0x0000000080007a7a,0x000000000000000f,0x00000000800191f0,0x00000000800190b0,0x0000000080019530,0x0000000080019310,0x00000000800191f0,0x0000000000000006,0x0000000000000006,0x0000000000000004,0x0000000000000022,0x000000008000f201,0x3fdb8734ec1f02bd,0x0000000000000006,0x000000008000f200,0x0000000000000001,0x0000000000000006,0x0000000000000038,0x0000000000000000,0x0000000034ea8be0,0x00000000007a53ab,0x3fedd0be6c4371a2,0x00000000800049bc,0x4152076dcf9c0ebf,0x40863c66112e3f1f,0x4023c597250c1a0c,0x40069f556bca4913,0x4003c0cac56ffd70,0x4152076dcf9c0ebf,0x414fe4da5b39c0ec,0x4129fe4dd5f6fd22,0x4152076ad1bda512,0x0000000000000000,0x0000000000000000,0x0000000000000000,0x00000001,0x00000001,0x8000000200006600,0x8000000a00007e00,0x800000000094112d,0x000000008000af80,0x00000000800000e4,0x0000000000000002,0x000000007c201073,0x0000000000000080,0x6000000000000000,0x00000000000000c0,0x4000b4c3,0x00000000800049bc,0x000000004000b4c3,0x0000000001aa1314,0x00000000019f302c,0x0000000001aa1314,0x00000000019f302c,0x0000000000000592,0x0000000000006ca4,0x0000000000009063,0x0000000000cb551b,0x0000000000007df8,0x0000000000b0cb25,0x0000000000021612,0x00000000006a8fb7,0x00000000000000c0,0x0000000000000040,0x00000489,0x8000000000000907,0x0000000007240701,0x03
1783627148047,b,0x0000000080006260,0x0000000080019230,0x000000008000f190,0x000000008000f1c0,0x402a6014520d6113,0x0000000000000000,0x0000000000000000,0x0000000080019440,0x0000000080019530,0x0000000080019698,0x00000000800194a0,0x000000008000f238,0x00000000800003f0,0x000000008000f238,0x0000000000000001,0xffffffff9e6fdfef,0xfffffffff5858476,0x0000000000000006,0x000000008000f200,0x0000000000000001,0x0000000000000006,0x0000000000000038,0x0000000000000000,0xffffffff9e6d0cce,0x00000000005a294d,0x3fedd0be6c4371a2,0x0000000080005c1c,0x4152076dcf9c0ebf,0x40863c66112e3f1f,0x4023c597250c1a0c,0x40069f556bca4913,0x4003c0cac56ffd70,0x4152076dcf9c0ebf,0x40168a537d61611e,0x4129fe4dd5f6fd22,0x4152076ad1bda512,0x01a56e1fc2f8f359,0x0000000000000000,0x0000000000000000,0x00000001,0x00000001,0x8000000200006600,0x8000000a00007e00,0x800000000094112d,0x000000008000af80,0x00000000800000e4,0x0000000000000002,0x000000007c201073,0x0000000000000080,0x6000000000000000,0x00000000000000c0,0x4000b4c3,0x0000000080005c1c,0x000000004000b4c3,0x0000000001ab27ca,0x0000000001a042ca,0x0000000001ab27ca,0x0000000001a042ca,0x0000000000000594,0x0000000000006ca7,0x00000000000090aa,0x0000000000cbdb4d,0x0000000000007e17,0x0000000000b142d9,0x0000000000021765,0x00000000006ad99d,0x00000000000000c0,0x0000000000000040,0x00000489,0x8000000000000907,0x0000000007240701,0x03
1783627149591,b,0x00000000800058f2,0x0000000080018ed0,0x000000008000f190,0x000000008000f1c0,0x0000000080007a7a,0x0000000000000000,0x00000000800191f0,0x0000000080018f20,0x0000000080019530,0x00000000800193a0,0x00000000800194a0,0x0000000000000006,0x0000000000000003,0x0000000000000003,0x0000000000000003,0x0000000065cffe7b,0x0000000043f14ce4,0x0000000000000006,0x000000008000f200,0x0000000000000001,0x0000000000000006,0x0000000000000038,0x0000000000000000,0x0000000065cfea78,0x000000000055dc95,0x3fedd0be6c4371a2,0x0000000080004a06,0x4152076dcf9c0ebf,0x40863c66112e3f1f,0x4023c597250c1a0c,0x40069f556bca4913,0x4003c0cac56ffd70,0x4152076dcf9c0ebf,0x4025772550fc5339,0x4129fe40a189374c,0x4152076523e425af,0x0000000000000000,0x0000000000000000,0x0000000000000000,0x00000001,0x00000001,0x8000000200006600,0x8000000a00007e00,0x800000000094112d,0x000000008000af80,0x00000000800000e4,0x0000000000000002,0x000000007c201073,0x0000000000000080,0x6000000000000000,0x00000000000000c0,0x4000b4c3,0x0000000080004a06,0x000000004000b4c3,0x0000000001ac4096,0x0000000001a158c6,0x0000000001ac4096,0x0000000001a158c6,0x0000000000000598,0x0000000000006cab,0x00000000000090fa,0x0000000000cc635d,0x0000000000007e44,0x0000000000b1bb7b,0x00000000000218c8,0x00000000006b22a7,0x00000000000000c0,0x0000000000000040,0x00000489,0x8000000000000907,0x0000000007240701,0x03
1783627151219,b,0x000000008000583a,0x0000000080018ed0,0x000000008000f190,0x000000008000f1c0,0x0000000080007a7a,0x000000000000000f,0x00000000800191f0,0x0000000080018f20,0x0000000080019530,0x00000000800194a0,0x000000008000f238,0x0000000000000003,0x0000000000000006,0x0000000000000006,0x0000000000000006,0x000000008000f201,0x3fcee66662de9d10,0x0000000000000006,0x000000008000f200,0x0000000000000001,0x0000000000000006,0x0000000000000038,0x0000000000000000,0xfffffffff39df9ae,0x000000000041d752,0x3fedd0be6c4371a2,0x0000000080004a06,0x4152076dcf9c0ebf,0x40863c66112e3f1f,0x4023c597250c1a0c,0x40069f556bca4913,0x4003c0cac56ffd70,0x4152076dcf9c0ebf,0x414fe4e01205bc02,0x4129fe5228ce703b,0x4152076af7b4a234,0x0000000000000000,0x3fe1aec7af362c5b,0x3fe1aec7af362c5b,0x00000001,0x00000001,0x8000000200006600,0x8000000a00007e00,0x800000000094112d,0x000000008000af80,0x00000000800000e4,0x0000000000000002,0x000000007c201073,0x0000000000000080,0x6000000000000000,0x00000000000000c0,0x4000b4c3,0x0000000080004a06,0x000000004000b4c3,0x0000000001ad569d,0x0000000001a26885,0x0000000001ad569d,0x0000000001a26885,0x000000000000059e,0x0000000000006cae,0x0000000000009150,0x0000000000cce865,0x0000000000007e69,0x0000000000b2352e,0x00000000000219eb,0x00000000006b6ac6,0x00000000000000c0,0x0000000000000040,0x00000489,0x8000000000000907,0x0000000007240701,0x03
1783627152854,b,0x00000000800056f8,0x0000000080019060,0x000000008000f190,0x000000008000f1c0,0x0000000080007a7a,0x000000000000000f,0x0000000080019430,0x00000000800190b0,0x0000000080019530,0x0000000080019548,0x000000008000f238,0x0000000000000006,0x0000000000000006,0x0000000080019310,0x0000000080019428,0x000000008000f201,0x3fd1ea44f7e6029d,0x0000000000000006,0x000000008000f200,0x0000000000000001,0x0000000000000006,0x0000000000000038,0x0000000000000000,0xffffffffcf98154e,0x000000000045db61,0x3fedd0be6c4371a2,0x0000000080004984,0x4152076dcf9c0ebf,0x40863c66112e3f1f,0x4023c597250c1a0c,0x40069f556bca4913,0x4003c0cac56ffd70,0x4152076dcf9c0ebf,0x414fe4db39eecbfb,0x4129fe3cbf2e48e9,0x4152076ad9f06f69,0x0000000000000000,0x0000000000000000,0x0000000000000000,0x00000001,0x00000001,0x8000000200006600,0x8000000a00007e00,0x800000000094112d,0x000000008000af80,0x00000000800000e4,0x0000000000000002,0x000000007c201073,0x0000000000000080,0x6000000000000000,0x00000000000000c0,0x4000b4c3,0x0000000080004984,0x000000004000b4c3,0x0000000001ae6686,0x0000000001a37348,0x0000000001ae6686,0x0000000001a37348,0x00000000000005a0,0x0000000000006cb1,0x00000000000091af,0x0000000000cd6d7f,0x0000000000007e96,0x0000000000b2a8bc,0x0000000000021b4c,0x00000000006bae18,0x00000000000000c0,0x0000000000000040,0x00000489,0x8000000000000907,0x0000000007240701,0x03
1783627154476,b,0x00000000800057ae,0x0000000080018d90,0x000000008000f190,0x000000008000f1c0,0x0000000080007a7a,0x0000000000000000,0x00000000800191f0,0x0000000080018de0,0x0000000080019530,0x0000000080018f50,0x000000008000f238,0x0000000000000006,0x0000000000000006,0x0000000000000000,0x0000000000000000,0x0000000065cffe7b,0x0000000043f14ce4,0x0000000000000006,0x000000008000f200,0x0000000000000001,0x0000000000000006,0x0000000000000038,0x0000000000000000,0x0000000065cfea78,0x000000000055dc95,0x3fedd0be6c4371a2,0x00000000800049b4,0x4152076dcf9c0ebf,0x40863c66112e3f1f,0x4023c597250c1a0c,0x40069f556bca4913,0x4003c0cac56ffd70,0x4152076dcf9c0ebf,0x4025772550fc5339,0x4129fe3cbf2e48e9,0x4152076ad9f06f69,0x8000000000000000,0x0000000000000000,0x0000000000000000,0x00000001,0x00000001,0x8000000200006600,0x8000000a00007e00,0x800000000094112d,0x000000008000af80,0x00000000800000e4,0x0000000000000002,0x000000007c201073,0x0000000000000080,0x6000000000000000,0x00000000000000c0,0x4000b4c3,0x00000000800049b4,0x000000004000b4c3,0x0000000001af6fd9,0x0000000001a47d65,0x0000000001af6fd9,0x0000000001a47d65,0x00000000000005a4,0x0000000000006cb4,0x00000000000091cf,0x0000000000cded3b,0x0000000000007eb3,0x0000000000b31c0e,0x0000000000021c95,0x00000000006bf7e2,0x00000000000000c0,0x0000000000000040,0x00000489,0x8000000000000907,0x0000000007240701,0x03
1783627155906,b,0x0000000080009fc2,0x0000000080018dc0,0x000000008000f190,0x000000008000f1c0,0x0000000080007a7a,0x0000000000586800,0x00000000800191f0,0x0000000080018e40,0x0000000080018f00,0x0000000000586000,0x0000000000000800,0x000000000036b1c8,0x0000000000000002,0x00000000002c3000,0xfffffffff2181000,0x0000000000000001,0x000000000000000c,0x0000000000000006,0x000000008000f200,0x0000000000000001,0x0000000000000006,0x0000000000000038,0x0000000000000000,0xffffffffcf3a00f8,0x00000000005869e6,0x3fedd0be6c4371a2,0x000000008000a0cc,0x4152076dcf9c0ebf,0x40863c66112e3f1f,0x4023c597250c1a0c,0x40069f556bca4913,0x4003c0cac56ffd70,0x403e88fa391e4302,0x403e88fa391e4302,0x4129fe4a9525460b,0x4152076998b5dcc6,0x01a56e1fc2f8f359,0x0000000000000000,0x403e88fa391e4302,0x00000001,0x00000001,0x8000000200006600,0x8000000a00007e00,0x800000000094112d,0x000000008000af80,0x00000000800000e4,0x0000000000000002,0x000000007c201073,0x0000000000000080,0x6000000000000000,0x00000000000000c0,0x4000b4c3,0x000000008000a0cc,0x000000004000b4c3,0x0000000001b06f3e,0x0000000001a577b1,0x0000000001b06f3e,0x0000000001a577b1,0x00000000000005a7,0x0000000000006cb7,0x0000000000009227,0x0000000000ce6949,0x0000000000007eda,0x0000000000b389fe,0x0000000000021dae,0x00000000006c385f,0x00000000000000c0,0x0000000000000040,0x00000489,0x8000000000000907,0x0000000007240701,0x03
1783627157315,b,0x0000000080005820,0x0000000080018ed0,0x000000008000f190,0x000000008000f1c0,0x0000000080007a7a,0x000000000000000f,0x00000000800191f0,0x0000000080018f20,0x0000000080019530,0x000000008000f238,0x0000000080019310,0x0000000000000006,0x0000000000000006,0x0000000080019280,0x00000000800192f8,0x000000008000f201,0x3fd1e84471ed248f,0x0000000000000006,0x000000008000f200,0x0000000000000001,0x0000000000000006,0x0000000000000038,0x0000000000000000,0xfffffffff63df77e,0x000000000042e946,0x3fedd0be6c4371a2,0x0000000080004984,0x4152076dcf9c0ebf,0x40863c66112e3f1f,0x4023c597250c1a0c,0x40069f556bca4913,0x4003c0cac56ffd70,0x4152076dcf9c0ebf,0x414fe4e0e5cfaace,0x4129fe534ef34d6a,0x4152076a753a92a3,0x0000000000000000,0x0000000000000000,0x0000000000000000,0x00000001,0x00000001,0x8000000200006600,0x8000000a00007e00,0x800000000094112d,0x000000008000af80,0x00000000800000e4,0x0000000000000002,0x000000007c201073,0x0000000000000080,0x6000000000000000,0x00000000000000c0,0x4000b4c3,0x0000000080004984,0x000000004000b4c3,0x0000000001b1af2a,0x0000000001a6b244,0x0000000001b1af2a,0x0000000001a6b244,0x00000000000005aa,0x0000000000006cba,0x0000000000009284,0x0000000000cf03ab,0x0000000000007f0a,0x0000000000b41447,0x0000000000021f30,0x00000000006c8a77,0x00000000000000c0,0x0000000000000040,0x00000489,0x8000000000000907,0x0000000007240701,0x03
1783627158846,b,0x0000000080005744,0x0000000080019060,0x000000008000f190,0x000000008000f1c0,0x0000000080007a7a,0x000000000000000f,0x00000000800191f0,0x00000000800190b0,0x0000000080019530,0x0000000080019310,0x00000000800191f0,0x0000000000000006,0x0000000000000006,0x0000000000000000,0x0000000000000006,0x000000008000f201,0x3fd250f054cd3c6d,0x0000000000000006,0x000000008000f200,0x0000000000000001,0x0000000000000006,0x0000000000000038,0x0000000000000000,0x000000002cda5d5e,0x000000000047daa7,0x3fedd0be6c4371a2,0x000000008000498e,0x4152076dcf9c0ebf,0x40863c66112e3f1f,0x4023c597250c1a0c,0x40069f556bca4913,0x4003c0cac56ffd70,0x4152076dcf9c0ebf,0x414fe4dcbcc985f0,0x4129fe2980ded289,0x4152076c31cc63f1,0x4013efc4d6ad9501,0x0000000000000000,0x0000000000000000,0x00000001,0x00000001,0x8000000200006600,0x8000000a00007e00,0x800000000094112d,0x000000008000af80,0x00000000800000e4,0x0000000000000002,0x000000007c201073,0x0000000000000080,0x6000000000000000,0x00000000000000c0,0x4000b4c3,0x000000008000498e,0x000000004000b4c3,0x0000000001b2d226,0x0000000001a7d13a,0x0000000001b2d226,0x0000000001a7d13a,0x00000000000005ae,0x0000000000006cbd,0x00000000000092ee,0x0000000000cf9249,0x0000000000007f3c,0x0000000000b4901b,0x00000000000220aa,0x00000000006cd2d7,0x00000000000000c0,0x0000000000000040,0x00000489,0x8000000000000907,0x0000000007240701,0x03
1783627160422,b,0x0000000080009fc2,0x0000000080019420,0x000000008000f190,0x000000008000f1c0,0x402a6014520d6113,0x0000000000445640,0x0000000000000000,0x0000000080019700,0x0000000080019530,0x0000000000445680,0x0000000000000020,0x00000000007f3700,0x0000000000000007,0x0000000000222b40,0x0000000058da0000,0x0000000000000000,0x0000000000000006,0x0000000000000006,0x000000008000f200,0x0000000000000001,0x0000000000000006,0x0000000000000038,0x0000000000000000,0x0000000074db21ae,0x000000000044a685,0x3fedd0be6c4371a2,0x000000008000a0b6,0x4152076dcf9c0ebf,0x40863c66112e3f1f,0x4023c597250c1a0c,0x40069f556bca4913,0x4003c0cac56ffd70,0x40d23e50d5c02c6d,0x40d23e50d5c02c6d,0x4129fe2980ded289,0x4152076c31cc63f1,0x3fcb923a2a000000,0x40d23e4ddd94612c,0x40d23e50d5c02c6d,0x00000001,0x00000001,0x8000000200006600,0x8000000a00007e00,0x800000000094112d,0x000000008000af80,0x00000000800000e4,0x0000000000000002,0x000000007c201073,0x0000000000000080,0x6000000000000000,0x00000000000000c0,0x4000b4c3,0x000000008000a0b6,0x000000004000b4c3,0x0000000001b3fd4d,0x0000000001a8f765,0x0000000001b3fd4d,0x0000000001a8f765,0x00000000000005b1,0x0000000000006cc0,0x0000000000009336,0x0000000000d0237f,0x0000000000007f5e,0x0000000000b511d3,0x000000000002221a,0x00000000006d1fae,0x00000000000000c0,0x0000000000000040,0x00000489,0x8000000000000907,0x0000000007240701,0x03
1783627162053,b,0x00000000800057ae,0x0000000080018d90,0x000000008000f190,0x000000008000f1c0,0x0000000080007a7a,0x0000000000000000,0x00000000800191f0,0x0000000080018de0,0x0000000080019530,0x0000000080018f50,0x000000008000f238,0x0000000000000006,0x0000000000000006,0x0000000000000000,0x0000000000000006,0x0000000065cffe7b,0x0000000043f14ce4,0x0000000000000006,0x000000008000f200,0x0000000000000001,0x0000000000000006,0x0000000000000038,0x0000000000000000,0x0000000065cfea78,0x000000000055dc95,0x3fedd0be6c4371a2,0x00000000800049d6,0x4152076dcf9c0ebf,0x40863c66112e3f1f,0x4023c597250c1a0c,0x40069f556bca4913,0x4003c0cac56ffd70,0x4152076dcf9c0ebf,0x4025772550fc5339,0x4129fe3d605bc01a,0x4152076f11e83e42,0x8000000000000000,0x0000000000000000,0x8000000000000000,0x00000001,0x00000001,0x8000000200006600,0x8000000a00007e00,0x800000000094112d,0x000000008000af80,0x00000000800000e4,0x0000000000000002,0x000000007c201073,0x0000000000000080,0x6000000000000000,0x00000000000000c0,0x4000b4c3,0x00000000800049d6,0x000000004000b4c3,0x0000000001b51644,0x0000000001aa118e,0x0000000001b51644,0x0000000001aa118e,0x00000000000005b4,0x0000000000006cc3,0x0000000000009360,0x0000000000d0ab9a,0x0000000000007f8b,0x0000000000b58b22,0x0000000000022382,0x00000000006d6c7b,0x00000000000000c0,0x0000000000000040,0x00000489,0x8000000000000907,0x0000000007240701,0x03
1783627163445,b,0x0000000080005850,0x0000000080018ed0,0x000000008000f190,0x000000008000f1c0,0x0000000080007a7a,0x000000000000000f,0x00000000800191f0,0x0000000080018f20,0x0000000080019530,0x00000000800191f0,0x0000000080019310,0x0000000000000003,0x0000000000000006,0x0000000000000006,0x0000000000000001,0x000000008000f201,0x3fe085e8f1f9bfab,0x0000000000000006,0x000000008000f200,0x0000000000000001,0x0000000000000006,0x0000000000000038,0x0000000000000000,0xffffffffff35dd8e,0x000000000047aa40,0x3fedd0be6c4371a2,0x0000000080004a18,0x4152076dcf9c0ebf,0x40863c66112e3f1f,0x4023c597250c1a0c,0x40069f556bca4913,0x4003c0cac56ffd70,0x4152076dcf9c0ebf,0x414fe4dd5c779a6b,0x4129fe3ab3333333,0x4152076e80ef34d7,0x0000000000000000,0x401623e8e4790c0a,0x401623e8e4790c0a,0x00000001,0x00000001,0x8000000200006600,0x8000000a00007e00,0x800000000094112d,0x000000008000af80,0x00000000800000e4,0x0000000000000002,0x000000007c201073,0x0000000000000080,0x6000000000000000,0x00000000000000c0,0x4000b4c3,0x0000000080004a18,0x000000004000b4c3,0x0000000001b62f31,0x0000000001ab23ce,0x0000000001b62f31,0x0000000001ab23ce,0x00000000000005b7,0x0000000000006cc6,0x00000000000093b5,0x0000000000d131ce,0x0000000000007fae,0x0000000000b606b2,0x0000000000022499,0x00000000006db60b,0x00000000000000c0,0x0000000000000040,0x00000489,0x8000000000000907,0x0000000007240701,0x03
1783627164933,b,0x00000000800056f8,0x0000000080019060,0x000000008000f190,0x000000008000f1c0,0x0000000080007a7a,0x000000000000000f,0x0000000080019430,0x00000000800190b0,0x0000000080019530,0x0000000080019548,0x000000008000f238,0x0000000000000006,0x0000000000000006,0x000000008000f238,0x000000008000f340,0x000000008000f201,0x3fe435a35e11a79d,0x0000000000000006,0x000000008000f200,0x0000000000000001,0x0000000000000006,0x0000000000000038,0x0000000000000000,0xffffffffb6874238,0x000000000045789e,0x3fedd0be6c4371a2,0x00000000800049c6,0x4152076dcf9c0ebf,0x40863c66112e3f1f,0x4023c597250c1a0c,0x40069f556bca4913,0x4003c0cac56ffd70,0x4152076dcf9c0ebf,0x414fe4e0528240b8,0x4129fe3183bcd35b,0x4152076adc6594af,0x3ff0000000000000,0x0000000000000000,0x0000000000000000,0x00000001,0x00000001,0x8000000200006600,0x8000000a00007e00,0x800000000094112d,0x000000008000af80,0x00000000800000e4,0x0000000000000002,0x000000007c201073,0x0000000000000080,0x6000000000000000,0x00000000000000c0,0x4000b4c3,0x00000000800049c6,0x000000004000b4c3,0x0000000001b7228f,0x0000000001ac1212,0x0000000001b7228f,0x0000000001ac1212,0x00000000000005b9,0x0000000000006cc9,0x0000000000009419,0x0000000000d1a967,0x0000000000007fda,0x0000000000b66d5f,0x00000000000225e2,0x00000000006df0c6,0x00000000000000c0,0x0000000000000040,0x00000489,0x8000000000000907,0x0000000007240701,0x03
1783627166552,b,0x0000000080006260,0x0000000080019230,0x000000008000f190,0x000000008000f1c0,0x402a6014520d6113,0x0000000000000000,0x0000000000000000,0x0000000080019440,0x0000000080019530,0x0000000080019698,0x00000000800194a0,0x000000008000f238,0x00000000800003f0,0x00000000800194a0,0x0000000080019518,0xffffffffc1fdf2fc,0x00000000359b5498,0x0000000000000006,0x000000008000f200,0x0000000000000001,0x0000000000000006,0x0000000000000038,0x0000000000000000,0xffffffffc1fdf2e0,0x0000000000480e94,0x3fedd0be6c4371a2,0x0000000080005cee,0x4152076dcf9c0ebf,0x40863c66112e3f1f,0x4023c597250c1a0c,0x40069f556bca4913,0x4003c0cac56ffd70,0x4152076dcf9c0ebf,0x402203a50d66d526,0x4129fe3183bcd35b,0x4152076adc6594af,0x01a56e1fc2f8f359,0x0000000000000000,0x0000000000000000,0x00000001,0x00000001,0x8000000200006600,0x8000000a00007e00,0x800000000094112d,0x000000008000af80,0x00000000800000e4,0x0000000000000002,0x000000007c201073,0x0000000000000080,0x6000000000000000,0x00000000000000c0,0x4000b4c3,0x0000000080005cee,0x000000004000b4c3,0x0000000001b84fbf,0x0000000001ad3cdf,0x0000000001b84fbf,0x0000000001ad3cdf,0x00000000000005ba,0x0000000000006ccc,0x0000000000009460,0x0000000000d23bdc,0x0000000000007ffd,0x0000000000b6ef3e,0x0000000000022752,0x00000000006e3fe7,0x00000000000000c0,0x0000000000000040,0x00000489,0x8000000000000907,0x0000000007240701,0x03
1783627168247,b,0x00000000800057ae,0x0000000080018d90,0x000000008000f190,0x000000008000f1c0,0x0000000080007a7a,0x0000000000000000,0x00000000800191f0,0x0000000080018de0,0x0000000080019530,0x0000000080018f50,0x000000008000f238,0x0000000000000006,0x0000000000000006,0x0000000000000003,0x0000000000000006,0x0000000065cffe7b,0x0000000043f14ce4,0x0000000000000006,0x000000008000f200,0x0000000000000001,0x0000000000000006,0x0000000000000038,0x0000000000000000,0x0000000065cfea78,0x000000000055dc95,0x3fedd0be6c4371a2,0x0000000080004a0a,0x4152076dcf9c0ebf,0x40863c66112e3f1f,0x4023c597250c1a0c,0x40069f556bca4913,0x4003c0cac56ffd70,0x4152076dcf9c0ebf,0x4025772550fc5339,0x4129fe43b4a2339c,0x4152076d3a2339c1,0x8000000000000000,0x0000000000000000,0x0000000000000000,0x00000001,0x00000001,0x8000000200006600,0x8000000a00007e00,0x800000000094112d,0x000000008000af80,0x00000000800000e4,0x0000000000000002,0x000000007c201073,0x0000000000000080,0x6000000000000000,0x00000000000000c0,0x4000b4c3,0x0000000080004a0a,0x000000004000b4c3,0x0000000001b99e05,0x0000000001ae8969,0x0000000001b99e05,0x0000000001ae8969,0x00000000000005bc,0x0000000000006ccf,0x000000000000949e,0x0000000000d2dc96,0x000000000000802d,0x0000000000b78081,0x00000000000228ec,0x00000000006e9a30,0x00000000000000c0,0x0000000000000040,0x00000489,0x8000000000000907,0x0000000007240701,0x03
1783627169630,b,0x000000008000519e,0x0000000080018e90,0x000000008000f190,0x000000008000f1c0,0x0000000080007a7a,0x0000000000000000,0x00000000800191f0,0x0000000080018ee0,0x0000000080019530,0x0000000000000000,0x0000000050fc5339,0x000000003fe00000,0x4025772550fc5339,0x0000000080019118,0x0000000080019158,0x0000000065cffe7b,0x0000000043f14ce4,0x0000000000000006,0x000000008000f200,0x0000000000000001,0x0000000000000006,0x0000000000000038,0x0000000000000000,0x0000000065cfea78,0x000000000055dc95,0x3fedd0be6c4371a2,0x00000000800053b8,0x4152076dcf9c0ebf,0x40863c66112e3f1f,0x4023c597250c1a0c,0x40069f556bca4913,0x4003c0cac56ffd70,0x4152076dcf9c0ebf,0x4025772550fc5339,0x4129fe471e83e426,0x4152076f318c7e28,0x0000000000000000,0x0000000000000000,0x0000000000000000,0x00000001,0x00000001,0x8000000200006600,0x8000000a00007e00,0x800000000094112d,0x000000008000af80,0x00000000800000e4,0x0000000000000002,0x000000007c201073,0x0000000000000080,0x6000000000000000,0x00000000000000c0,0x4000b4c3,0x00000000800053b8,0x000000004000b4c3,0x0000000001baacb1,0x0000000001af93a4,0x0000000001baacb1,0x0000000001af93a4,0x00000000000005c0,0x0000000000006cd2,0x00000000000094ff,0x0000000000d361d6,0x000000000000805a,0x0000000000b7f2c4,0x0000000000022a25,0x00000000006edd42,0x00000000000000c0,0x0000000000000040,0x00000489,0x8000000000000907,0x0000000007240701,0x03
1783627171055,b,0x0000000080005744,0x0000000080019060,0x000000008000f190,0x000000008000f1c0,0x0000000080007a7a,0x000000000000000f,0x00000000800191f0,0x00000000800190b0,0x0000000080019530,0x0000000080019310,0x00000000800191f0,0x0000000000000006,0x0000000000000006,0x0000000000000002,0x0000000000000014,0x000000008000f201,0x3fe7d09fa31296d2,0x0000000000000006,0x000000008000f200,0x0000000000000001,0x0000000000000006,0x0000000000000038,0x0000000000000000,0x0000000059e8ebfe,0x00000000004774d2,0x3fedd0be6c4371a2,0x000000008000499c,0x4152076dcf9c0ebf,0x40863c66112e3f1f,0x4023c597250c1a0c,0x40069f556bca4913,0x4003c0cac56ffd70,0x4152076dcf9c0ebf,0x414fe4dec559b3d0,0x4129fe389886594b,0x4152076aa6e48e8a,0x0000000000000000,0x0000000000000000,0x0000000000000000,0x00000001,0x00000001,0x8000000200006600,0x8000000a00007e00,0x800000000094112d,0x000000008000af80,0x00000000800000e4,0x0000000000000002,0x000000007c201073,0x0000000000000080,0x6000000000000000,0x00000000000000c0,0x4000b4c3,0x000000008000499c,0x000000004000b4c3,0x0000000001bbad23,0x0000000001b08dbc,0x0000000001bbad23,0x0000000001b08dbc,0x00000000000005c3,0x0000000000006cd5,0x000000000000955b,0x0000000000d3dc2d,0x0000000000008080,0x0000000000b862bc,0x0000000000022b57,0x00000000006f1e9e,0x00000000000000c0,0x0000000000000040,0x00000489,0x8000000000000907,0x0000000007240701,0x03
1783627172540,b,0x00000000800056f8,0x0000000080019060,0x000000008000f190,0x000000008000f1c0,0x0000000080007a7a,0x000000000000000f,0x0000000080019430,0x00000000800190b0,0x0000000080019530,0x0000000080019548,0x000000008000f238,0x0000000000000006,0x0000000000000006,0x0000000000000003,0x0000000000000012,0x000000008000f201,0x3fe52b97d0e2011c,0x0000000000000006,0x000000008000f200,0x0000000000000001,0x0000000000000006,0x0000000000000038,0x0000000000000000,0x000000000979362e,0x00000000004866c2,0x3fedd0be6c4371a2,0x00000000800049da,0x4152076dcf9c0ebf,0x40863c66112e3f1f,0x4023c597250c1a0c,0x40069f556bca4913,0x4003c0cac56ffd70,0x4152076dcf9c0ebf,0x414fe4e1ccc2f838,0x4129fe563487fcb9,0x4152076cd762b6ae,0x0000000000000000,0x0000000000000000,0x0000000000000000,0x00000001,0x00000001,0x8000000200006600,0x8000000a00007e00,0x800000000094112d,0x000000008000af80,0x00000000800000e4,0x0000000000000002,0x000000007c201073,0x0000000000000080,0x6000000000000000,0x00000000000000c0,0x4000b4c3,0x00000000800049da,0x000000004000b4c3,0x0000000001bce78f,0x0000000001b1c34d,0x0000000001bce78f,0x0000000001b1c34d,0x00000000000005c6,0x0000000000006cd8,0x00000000000095bc,0x0000000000d4757b,0x00000000000080b2,0x0000000000b8e8ea,0x0000000000022ce6,0x00000000006f6e46,0x00000000000000c0,0x0000000000000040,0x00000489,0x8000000000000907,0x0000000007240701,0x03
1783627174197,b,0x00000000800057ae,0x0000000080018d90,0x000000008000f190,0x000000008000f1c0,0x0000000080007a7a,0x0000000000000000,0x00000000800191f0,0x0000000080018de0,0x0000000080019530,0x0000000080018f50,0x000000008000f238,0x0000000000000006,0x0000000000000006,0x0000000000000005,0x0000000000000003,0x0000000065cffe7b,0x0000000043f14ce4,0x0000000000000006,0x000000008000f200,0x0000000000000001,0x0000000000000006,0x0000000000000038,0x0000000000000000,0x0000000065cfea78,0x000000000055dc95,0x3fedd0be6c4371a2,0x0000000080004966,0x4152076dcf9c0ebf,0x40863c66112e3f1f,0x4023c597250c1a0c,0x40069f556bca4913,0x4003c0cac56ffd70,0x4152076dcf9c0ebf,0x4025772550fc5339,0x4129fe563487fcb9,0x4152076cd762b6ae,0x8000000000000000,0x0000000000000000,0x0000000000000000,0x00000001,0x00000001,0x8000000200006600,0x8000000a00007e00,0x800000000094112d,0x000000008000af80,0x00000000800000e4,0x0000000000000002,0x000000007c201073,0x0000000000000080,0x6000000000000000,0x00000000000000c0,0x4000b4c3,0x0000000080004966,0x000000004000b4c3,0x0000000001bdf3ba,0x0000000001b2d014,0x0000000001bdf3ba,0x0000000001b2d014,0x00000000000005c7,0x0000000000006cdb,0x00000000000095e6,0x0000000000d4f67a,0x00000000000080cf,0x0000000000b95d9b,0x0000000000022e30,0x00000000006fb8de,0x00000000000000c0,0x0000000000000040,0x00000489,0x8000000000000907,0x0000000007240701,0x03
1783627175807,b,0x000000008000578a,0x0000000080018db0,0x000000008000f190,0x000000008000f1c0,0x0000000080007a7a,0x0000000000000000,0x00000000800191f0,0x0000000080018de0,0x0000000080019530,0x0000000080018f50,0x0000000000000006,0x0000000000000006,0x0000000000000003,0x0000000000000001,0x0000000000000018,0x0000000065cffe7b,0x0000000043f14ce4,0x0000000000000006,0x000000008000f200,0x0000000000000001,0x0000000000000006,0x0000000000000038,0x0000000000000000,0x0000000065cfea78,0x000000000055dc95,0x3fedd0be6c4371a2,0x0000000080004cde,0x4152076dcf9c0ebf,0x40863c66112e3f1f,0x4023c597250c1a0c,0x40069f556bca4913,0x4003c0cac56ffd70,0x4152076dcf9c0ebf,0x4025772550fc5339,0x4129fe3ca075f6fd,0x4152076bfd2a3055,0x3f8314f4c02b2a00,0x0000000000000000,0x8000000000000000,0x00000001,0x00000001,0x8000000200006600,0x8000000a00007e00,0x800000000094112d,0x000000008000af80,0x00000000800000e4,0x0000000000000002,0x000000007c201073,0x0000000000000080,0x6000000000000000,0x00000000000000c0,0x4000b4c3,0x0000000080004cde,0x000000004000b4c3,0x0000000001bf4330,0x0000000001b41b95,0x0000000001bf4330,0x0000000001b41b95,0x00000000000005ce,0x0000000000006cdf,0x0000000000009652,0x0000000000d59a29,0x0000000000008103,0x0000000000b9ecac,0x0000000000022fd4,0x0000000000700e5d,0x00000000000000c0,0x0000000000000040,0x00000489,0x8000000000000907,0x0000000007240701,0x03
1783627177455,b,0x0000000080009fc2,0x0000000080018dc0,0x000000008000f190,0x000000008000f1c0,0x0000000080007a7a,0x0000000040000000,0x00000000800191f0,0x0000000080018e40,0x0000000080018f00,0x00000000005869e6,0x0000000000000000,0x00000000004aa39f,0x0000000000000002,0x00000000002c34f3,0x0000000002000000,0x00000000004aa39f,0x0000000000000000,0x0000000000000006,0x000000008000f200,0x0000000000000001,0x0000000000000006,0x0000000000000038,0x000000000000001f,0x0000000040000000,0x00000000005869e6,0x3fedd0be6c4371a2,0x000000008000a0ee,0x4152076dcf9c0ebf,0x40863c66112e3f1f,0x4023c597250c1a0c,0x40069f556bca4913,0x4003c0cac56ffd70,0x403e88fa391e4302,0x403e88fa391e4302,0x4129fe3f44a8c155,0x4152076e0b381d7e,0x01a56e1fc2f8f359,0x0000000000000000,0x403e88fa391e4302,0x00000001,0x00000001,0x8000000200006600,0x8000000a00007e00,0x800000000094112d,0x000000008000af80,0x00000000800000e4,0x0000000000000002,0x000000007c201073,0x0000000000000080,0x6000000000000000,0x00000000000000c0,0x4000b4c3,0x000000008000a0ee,0x000000004000b4c3,0x0000000001c07883,0x0000000001b54b2e,0x0000000001c07883,0x0000000001b54b2e,0x00000000000005d2,0x0000000000006ce2,0x00000000000096ab,0x0000000000d62f94,0x000000000000812c,0x0000000000ba7359,0x000000000002311a,0x0000000000705eab,0x00000000000000c0,0x0000000000000040,0x00000489,0x8000000000000907,0x0000000007240701,0x03
1783627179067,b,0x0000000080005744,0x0000000080019060,0x000000008000f190,0x000000008000f1c0,0x0000000080007a7a,0x000000000000000f,0x00000000800191f0,0x00000000800190b0,0x0000000080019530,0x0000000080019310,0x00000000800191f0,0x0000000000000006,0x0000000000000006,0x0000000000000003,0x0000000000000005,0x000000008000f201,0x3fe57902b6536c72,0x0000000000000006,0x000000008000f200,0x0000000000000001,0x0000000000000006,0x0000000000000038,0x0000000000000000,0x000000001223c238,0x00000000004ce260,0x3fedd0be6c4371a2,0x0000000080004966,0x4152076dcf9c0ebf,0x40863c66112e3f1f,0x4023c597250c1a0c,0x40069f556bca4913,0x4003c0cac56ffd70,0x4152076dcf9c0ebf,0x414fe4e06c04ea4b,0x4129fe4fb3404ea5,0x4152076e5d3a92a3,0x0000000000000000,0x0000000000000000,0x0000000000000000,0x00000001,0x00000001,0x8000000200006600,0x8000000a00007e00,0x800000000094112d,0x000000008000af80,0x00000000800000e4,0x0000000000000002,0x000000007c201073,0x0000000000000080,0x6000000000000000,0x00000000000000c0,0x4000b4c3,0x0000000080004966,0x000000004000b4c3,0x0000000001c191cf,0x0000000001b65ec0,0x0000000001c191cf,0x0000000001b65ec0,0x00000000000005d4,0x0000000000006ce5,0x0000000000009712,0x0000000000d6b777,0x0000000000008158,0x0000000000baeca3,0x0000000000023273,0x000000000070a595,0x00000000000000c0,0x0000000000000040,0x00000489,0x8000000000000907,0x0000000007240701,0x03
1783627180470,b,0x00000000800066d4,0x0000000080019700,0x000000008000f190,0x000000008000f1c0,0x402a6014520d6113,0x0000000000000000,0x0000000000000000,0x00000000800199a0,0x0000000080019530,0x0000000020000004,0x000000000000000a,0x000000008000f3a8,0x000000008000f3a8,0x0000000000000158,0x0000000000000159,0xffffffffc9ee6e3e,0xffffffff8eb8dde2,0x0000000000000006,0x000000008000f200,0x0000000000000001,0x0000000000000006,0x0000000000000038,0x0000000000000000,0xffffffffc968023e,0x00000000004b5511,0x3fedd0be6c4371a2,0x00000000800066ea,0x4152076dcf9c0ebf,0x40863c66112e3f1f,0x4023c597250c1a0c,0x40069f556bca4913,0x4003c0cac56ffd70,0x4152076dcf9c0ebf,0x4062d54463ae3779,0x4129fe4fb3404ea5,0x4152076e5d3a92a3,0x01a56e1fc2f8f359,0x3ff0000000000000,0x4062d54463ae3779,0x00000001,0x00000001,0x8000000200006600,0x8000000a00007e00,0x800000000094112d,0x000000008000af80,0x00000000800000e4,0x0000000000000002,0x000000007c201073,0x0000000000000080,0x6000000000000000,0x00000000000000c0,0x4000b4c3,0x00000000800066ea,0x000000004000b4c3,0x0000000001c2a499,0x0000000001b76f8b,0x0000000001c2a499,0x0000000001b76f8b,0x00000000000005dd,0x0000000000006cee,0x0000000000009770,0x0000000000d742c3,0x0000000000008190,0x0000000000bb5e66,0x00000000000233e0,0x000000000070e5ab,0x00000000000000c0,0x0000000000000040,0x00000489,0x8000000000000907,0x0000000007240701,0x03
