timestamp_ms,label,ra,sp,gp,tp,t0,t1,t2,fp,s1,a0,a1,a2,a3,a4,a5,a6,a7,s2,s6,s7,s8,s9,t3,t4,t5,t6,pc,ft0,ft1,ft2,ft3,ft4,fs0,fa0,fa1,fa2,fa3,fa4,fa5,fflags,fcsr,sstatus,mstatus,misa,mtvec,mepc,mcause,mtval,mip,tdata1,tinfo,dcsr,dpc,dscratch0,mcycle,minstret,cycle,instret,hpmcounter3,hpmcounter4,hpmcounter5,hpmcounter6,hpmcounter7,hpmcounter8,hpmcounter9,hpmcounter10,vtype,vlenb,mvendorid,marchid,mimpid,priv
1783622700893,b,0x0000000080006260,0x0000000080019230,0x000000008000f190,0x000000008000f1c0,0x402a6014655676c9,0x0000000000000000,0x0000000000000000,0x0000000080019440,0x0000000080019530,0x0000000080019698,0x00000000800194a0,0x000000008000f238,0x00000000800003f0,0x00000000800194a0,0x0000000080019518,0x0000000073ebaffe,0xffffffffba24a17a,0x0000000000000006,0x000000008000f200,0x0000000000000001,0x0000000000000006,0x0000000000000038,0x0000000000000000,0x0000000073eaa8ee,0x0000000000611f07,0x3fedd0be6231d53c,0x0000000080005bd6,0x4152076dcf9c0ebf,0x402b4c1eefea0518,0x4012c0f69383dfd8,0x3fe7c9cc9f4e9642,0x4007af1d04ab4dcd,0x4152076dcf9c0ebf,0x402847c1ee89285f,0x4129fe81469ad42c,0x4152074e353dd97f,0x01a56e1fc2f8f359,0x0000000000000000,0x0000000000000000,0x00000001,0x00000001,0x8000000200006600,0x8000000a00007e00,0x800000000094112d,0x000000008000af80,0x00000000800000e4,0x0000000000000002,0x000000007c201073,0x0000000000000080,0x6000000000000000,0x00000000000000c0,0x4000b4c3,0x0000000080005bd6,0x000000004000b4c3,0x0000000000c07d43,0x0000000000b8a1f2,0x0000000000c07d43,0x0000000000b8a1f2,0x00000000000002d4,0x0000000000006aa2,0x0000000000004aa1,0x00000000005a0cba,0x0000000000005c25,0x00000000004c2966,0x000000000000fb26,0x00000000002e2003,0x00000000000000c0,0x0000000000000040,0x00000489,0x8000000000000907,0x0000000007240701,0x03
1783622702430,b,0x00000000800057ae,0x0000000080018d90,0x000000008000f190,0x000000008000f1c0,0x0000000080007a7a,0x0000000000000000,0x00000000800191f0,0x0000000080018de0,0x0000000080019530,0x0000000080018f50,0x000000008000f238,0x0000000000000006,0x0000000000000006,0x0000000080018f50,0x0000000080019050,0x000000003297ffe3,0x00000000474b5208,0x0000000000000006,0x000000008000f200,0x0000000000000001,0x0000000000000006,0x0000000000000038,0x0000000000000000,0x0000000032836fe0,0x000000000055dc95,0x3fedd0be6231d53c,0x00000000800049a4,0x4152076dcf9c0ebf,0x402b4c1eefea0518,0x4012c0f69383dfd8,0x3fe7c9cc9f4e9642,0x4007af1d04ab4dcd,0x4152076dcf9c0ebf,0x4025772551d2d482,0x4129fe855b4a233a,0x415207509f27bb30,0x8000000000000000,0x0000000000000000,0x0000000000000000,0x00000001,0x00000001,0x8000000200006600,0x8000000a00007e00,0x800000000094112d,0x000000008000af80,0x00000000800000e4,0x0000000000000002,0x000000007c201073,0x0000000000000080,0x6000000000000000,0x00000000000000c0,0x4000b4c3,0x00000000800049a4,0x000000004000b4c3,0x0000000000c1d43e,0x0000000000b9f5f8,0x0000000000c1d43e,0x0000000000b9f5f8,0x00000000000002d7,0x0000000000006aa5,0x0000000000004b04,0x00000000005ab14a,0x0000000000005c55,0x00000000004cbe4e,0x000000000000fcc9,0x00000000002e7c1a,0x00000000000000c0,0x0000000000000040,0x00000489,0x8000000000000907,0x0000000007240701,0x03
1783622704017,b,0x00000000800058c6,0x0000000080018ee0,0x000000008000f190,0x000000008000f1c0,0x0000000080007a7a,0x0000000000000000,0x00000000800191f0,0x0000000080018f20,0x0000000080019530,0x00000000800193a0,0x0000000080019100,0x0000000080019070,0x0000000000000006,0x0000000080019100,0x0000000000000002,0x0000000008b6f2bf,0x000000004631474c,0x0000000000000006,0x000000008000f200,0x0000000000000001,0x0000000000000006,0x0000000000000038,0x0000000000000000,0x00000000088660b8,0x000000000055dc95,0x3fedd0be60a0cafb,0x0000000080004aac,0x4152076dcf9c0ebf,0x402b4c1eefea0518,0x4012c0f69383dfd8,0x3fe7c9cc9f4e9642,0x4007af1d04ab4dcd,0x4152076dcf9c0ebf,0x40257725518c51d3,0x4129fe7658a0902e,0x4152074e32219653,0xc024dca9d5880000,0xbfdf520ce65ba6a0,0xbfdf520ce65ba6a0,0x00000001,0x00000001,0x8000000200006600,0x8000000a00007e00,0x800000000094112d,0x000000008000af80,0x00000000800000e4,0x0000000000000002,0x000000007c201073,0x0000000000000080,0x6000000000000000,0x00000000000000c0,0x4000b4c3,0x0000000080004aac,0x000000004000b4c3,0x0000000000c2f1cb,0x0000000000bb0ed7,0x0000000000c2f1cb,0x0000000000bb0ed7,0x00000000000002db,0x0000000000006aa8,0x0000000000004b88,0x00000000005b3d48,0x0000000000005c86,0x00000000004d3707,0x000000000000fe28,0x00000000002ec303,0x00000000000000c0,0x0000000000000040,0x00000489,0x8000000000000907,0x0000000007240701,0x03
1783622705646,b,0x0000000080005820,0x0000000080018ed0,0x000000008000f190,0x000000008000f1c0,0x0000000080007a7a,0x000000000000000f,0x00000000800191f0,0x0000000080018f20,0x0000000080019530,0x000000008000f238,0x0000000080019310,0x0000000000000006,0x0000000000000006,0x000000008000f238,0x0000000000000005,0x000000008000f201,0x3fdcad6646ef5713,0x0000000000000006,0x000000008000f200,0x0000000000000001,0x0000000000000006,0x0000000000000038,0x0000000000000000,0xffffffff9414ed4e,0x00000000005556c6,0x3fedd0be603a78ea,0x00000000800049aa,0x4152076dcf9c0ebf,0x402b4c1eefea0518,0x4012c0f69383dfd8,0x3fe7c9cc9f4e9642,0x4007af1d04ab4dcd,0x4152076dcf9c0ebf,0x414fe4d418240b78,0x4129fe6517e90ff9,0x41520752866e978d,0x3ff12c1dd4471c5e,0x0000000000000000,0x0000000000000000,0x00000001,0x00000001,0x8000000200006600,0x8000000a00007e00,0x800000000094112d,0x000000008000af80,0x00000000800000e4,0x0000000000000002,0x000000007c201073,0x0000000000000080,0x6000000000000000,0x00000000000000c0,0x4000b4c3,0x00000000800049aa,0x000000004000b4c3,0x0000000000c412a3,0x0000000000bc2992,0x0000000000c412a3,0x0000000000bc2992,0x00000000000002df,0x0000000000006aab,0x0000000000004bd6,0x00000000005bc741,0x0000000000005cac,0x00000000004db588,0x000000000000ff62,0x00000000002f0e41,0x00000000000000c0,0x0000000000000040,0x00000489,0x8000000000000907,0x0000000007240701,0x03
1783622707245,b,0x000000008000571c,0x0000000080019070,0x000000008000f190,0x000000008000f1c0,0x0000000080007a7a,0x000000000000000f,0x0000000080019310,0x00000000800190b0,0x0000000080019530,0x0000000080019548,0x00000000800191f0,0x0000000000000006,0x00000000800191f0,0x0000000000000005,0x0000000000000000,0x000000008000f201,0x3fe0ab1a26cd9560,0x0000000000000006,0x000000008000f200,0x0000000000000001,0x0000000000000006,0x0000000000000038,0x0000000000000000,0xffffffffb48f403e,0x00000000005f27ad,0x3fedd0be60ac1b70,0x0000000080004b5e,0x4152076dcf9c0ebf,0x402b4c1eefea0518,0x4012c0f69383dfd8,0x3fe7c9cc9f4e9642,0x4007af1d04ab4dcd,0x4152076dcf9c0ebf,0x414fe4d302d0e560,0x4129fe853afb7e91,0x4152074dd2388659,0x3ff0000000000000,0x0000000000000000,0x0000000000000000,0x00000001,0x00000001,0x8000000200006600,0x8000000a00007e00,0x800000000094112d,0x000000008000af80,0x00000000800000e4,0x0000000000000002,0x000000007c201073,0x0000000000000080,0x6000000000000000,0x00000000000000c0,0x4000b4c3,0x0000000080004b5e,0x000000004000b4c3,0x0000000000c52e4a,0x0000000000bd3fb1,0x0000000000c52e4a,0x0000000000bd3fb1,0x00000000000002e5,0x0000000000006aae,0x0000000000004c58,0x00000000005c51b3,0x0000000000005cdc,0x00000000004e2df1,0x00000000000100d1,0x00000000002f54b5,0x00000000000000c0,0x0000000000000040,0x00000489,0x8000000000000907,0x0000000007240701,0x03
1783622708857,b,0x0000000080006260,0x0000000080019230,0x000000008000f190,0x000000008000f1c0,0x402a60145545142a,0x0000000000000000,0x0000000000000000,0x0000000080019440,0x0000000080019530,0x0000000080019698,0x00000000800194a0,0x000000008000f238,0x00000000800003f0,0x000000008000f238,0x000000008000f318,0x000000006eff0bff,0x000000002a18d1a2,0x0000000000000006,0x000000008000f200,0x0000000000000001,0x0000000000000006,0x0000000000000038,0x0000000000000000,0x000000006efb0abe,0x0000000000785aa6,0x3fedd0be61b18094,0x0000000080005c06,0x4152076dcf9c0ebf,0x402b4c1eefea0518,0x4012c0f69383dfd8,0x3fe7c9cc9f4e9642,0x4007af1d04ab4dcd,0x4152076dcf9c0ebf,0x402e16a98a863469,0x4129fe853afb7e91,0x4152074dd2388659,0x01a56e1fc2f8f359,0x0000000000000000,0x402a60145545142a,0x00000001,0x00000001,0x8000000200006600,0x8000000a00007e00,0x800000000094112d,0x000000008000af80,0x00000000800000e4,0x0000000000000002,0x000000007c201073,0x0000000000000080,0x6000000000000000,0x00000000000000c0,0x4000b4c3,0x0000000080005c06,0x000000004000b4c3,0x0000000000c6531d,0x0000000000be6212,0x0000000000c6531d,0x0000000000be6212,0x00000000000002e8,0x0000000000006ab1,0x0000000000004cc4,0x00000000005cdfc0,0x0000000000005cfd,0x00000000004eab47,0x0000000000010235,0x00000000002fa22e,0x00000000000000c0,0x0000000000000040,0x00000489,0x8000000000000907,0x0000000007240701,0x03
1783622710479,b,0x00000000800057ae,0x0000000080018d90,0x000000008000f190,0x000000008000f1c0,0x0000000080007a7a,0x0000000000000000,0x00000000800191f0,0x0000000080018de0,0x0000000080019530,0x0000000080018f50,0x000000008000f238,0x0000000000000006,0x0000000000000006,0x0000000000000002,0x0000000000000006,0x000000005fafdceb,0x00000000444c93a8,0x0000000000000006,0x000000008000f200,0x0000000000000001,0x0000000000000006,0x0000000000000038,0x0000000000000000,0x000000005f8ad0e0,0x000000000055dc95,0x3fedd0be61b18094,0x00000000800049b0,0x4152076dcf9c0ebf,0x402b4c1eefea0518,0x4012c0f69383dfd8,0x3fe7c9cc9f4e9642,0x4007af1d04ab4dcd,0x4152076dcf9c0ebf,0x40257725511324ea,0x4129fe7adc5d6388,0x415207509243fe5d,0x8000000000000000,0x0000000000000000,0x0000000000000000,0x00000001,0x00000001,0x8000000200006600,0x8000000a00007e00,0x800000000094112d,0x000000008000af80,0x00000000800000e4,0x0000000000000002,0x000000007c201073,0x0000000000000080,0x6000000000000000,0x00000000000000c0,0x4000b4c3,0x00000000800049b0,0x000000004000b4c3,0x0000000000c7a37e,0x0000000000bfaf51,0x0000000000c7a37e,0x0000000000bfaf51,0x00000000000002ec,0x0000000000006ab4,0x0000000000004d22,0x00000000005d813f,0x0000000000005d2d,0x00000000004f3d5a,0x00000000000103d3,0x00000000002ffc1b,0x00000000000000c0,0x0000000000000040,0x00000489,0x8000000000000907,0x0000000007240701,0x03
1783622711972,b,0x00000000800058f2,0x0000000080018ed0,0x000000008000f190,0x000000008000f1c0,0x0000000080007a7a,0x0000000000000000,0x00000000800191f0,0x0000000080018f20,0x0000000080019530,0x00000000800193a0,0x00000000800194a0,0x0000000000000006,0x0000000000000003,0x0000000000000000,0x0000000000000000,0xffffffffa925bdfe,0x000000004400b366,0x0000000000000006,0x000000008000f200,0x0000000000000001,0x0000000000000006,0x0000000000000038,0x0000000000000000,0xffffffffa92419ae,0x000000000055dc95,0x3fedd0be631396b9,0x000000008000499a,0x4152076dcf9c0ebf,0x402b4c1eefea0518,0x4012c0f69383dfd8,0x3fe7c9cc9f4e9642,0x4007af1d04ab4dcd,0x4152076dcf9c0ebf,0x4025772551002cda,0x4129fe6f864c2f83,0x4152074e8bc84b5e,0xc021871493300000,0x0000000000000000,0x0000000000000000,0x00000001,0x00000001,0x8000000200006600,0x8000000a00007e00,0x800000000094112d,0x000000008000af80,0x00000000800000e4,0x0000000000000002,0x000000007c201073,0x0000000000000080,0x6000000000000000,0x00000000000000c0,0x4000b4c3,0x000000008000499a,0x000000004000b4c3,0x0000000000c8cbc6,0x0000000000c0d22b,0x0000000000c8cbc6,0x0000000000c0d22b,0x00000000000002ef,0x0000000000006ab7,0x0000000000004db2,0x00000000005e11ae,0x0000000000005d60,0x00000000004fbaaa,0x0000000000010541,0x0000000000304613,0x00000000000000c0,0x0000000000000040,0x00000489,0x8000000000000907,0x0000000007240701,0x03
1783622713479,b,0x0000000080005820,0x0000000080018ed0,0x000000008000f190,0x000000008000f1c0,0x0000000080007a7a,0x000000000000000f,0x00000000800191f0,0x0000000080018f20,0x0000000080019530,0x000000008000f238,0x0000000080019310,0x0000000000000006,0x0000000000000006,0x0000000000000005,0x0000000000000006,0x000000008000f201,0x3fd4720ebe571acc,0x0000000000000006,0x000000008000f200,0x0000000000000001,0x0000000000000006,0x0000000000000038,0x0000000000000000,0xffffffff94a9bde0,0x00000000005cf1d5,0x3fedd0be64a6e921,0x000000008000498e,0x4152076dcf9c0ebf,0x402b4c1eefea0518,0x4012c0f69383dfd8,0x3fe7c9cc9f4e9642,0x4007af1d04ab4dcd,0x4152076dcf9c0ebf,0x414fe4cfabb2fec5,0x4129fe7121cac083,0x4152074f5d16872b,0x3fc2c1cc2ed0c0f0,0x0000000000000000,0x0000000000000000,0x00000001,0x00000001,0x8000000200006600,0x8000000a00007e00,0x800000000094112d,0x000000008000af80,0x00000000800000e4,0x0000000000000002,0x000000007c201073,0x0000000000000080,0x6000000000000000,0x00000000000000c0,0x4000b4c3,0x000000008000498e,0x000000004000b4c3,0x0000000000c9ed30,0x0000000000c1edfa,0x0000000000c9ed30,0x0000000000c1edfa,0x00000000000002f1,0x0000000000006aba,0x0000000000004e03,0x00000000005e9c61,0x0000000000005d84,0x0000000000503981,0x0000000000010676,0x0000000000309197,0x00000000000000c0,0x0000000000000040,0x00000489,0x8000000000000907,0x0000000007240701,0x03
1783622714999,b,0x0000000080005744,0x0000000080019060,0x000000008000f190,0x000000008000f1c0,0x0000000080007a7a,0x000000000000000f,0x00000000800191f0,0x00000000800190b0,0x0000000080019530,0x0000000080019310,0x00000000800191f0,0x0000000000000006,0x0000000000000006,0x0000000000000001,0x0000000000000006,0x000000008000f201,0x3fd1ab1f1571e38e,0x0000000000000006,0x000000008000f200,0x0000000000000001,0x0000000000000006,0x0000000000000038,0x0000000000000000,0xffffffffc8ba3438,0x000000000059b253,0x3fedd0be664a1b25,0x00000000800049b0,0x4152076dcf9c0ebf,0x402b4c1eefea0518,0x4012c0f69383dfd8,0x3fe7c9cc9f4e9642,0x4007af1d04ab4dcd,0x4152076dcf9c0ebf,0x414fe4d371f559b4,0x4129fe72d0624dd3,0x4152074fea7a0f91,0x0000000000000000,0x0000000000000000,0x0000000000000000,0x00000001,0x00000001,0x8000000200006600,0x8000000a00007e00,0x800000000094112d,0x000000008000af80,0x00000000800000e4,0x0000000000000002,0x000000007c201073,0x0000000000000080,0x6000000000000000,0x00000000000000c0,0x4000b4c3,0x00000000800049b0,0x000000004000b4c3,0x0000000000cb1de4,0x0000000000c31982,0x0000000000cb1de4,0x0000000000c31982,0x00000000000002f6,0x0000000000006abd,0x0000000000004e8a,0x00000000005f30c5,0x0000000000005db6,0x000000000050bacb,0x00000000000107fa,0x000000000030dde5,0x00000000000000c0,0x0000000000000040,0x00000489,0x8000000000000907,0x0000000007240701,0x03
1783622716556,b,0x0000000080006146,0x0000000080019440,0x000000008000f190,0x000000008000f1c0,0x0000000080007a7a,0x000000000000000f,0x0000000080007a96,0x0000000080019700,0x0000000080019530,0x00000000800194a0,0x0000000000000000,0x0000000000000090,0x0000000080000438,0x00000000800194a0,0x00000000800194a0,0x0000000059feefff,0xffffffffe57abd1a,0x0000000000000006,0x000000008000f200,0x0000000000000001,0x0000000000000006,0x0000000000000038,0x0000000000000000,0x0000000059c44cae,0x0000000000705ca7,0x3fedd0be67e46f0e,0x0000000080007a50,0x4152076dcf9c0ebf,0x402b4c1eefea0518,0x4012c0f69383dfd8,0x3fe7c9cc9f4e9642,0x4007af1d04ab4dcd,0x4152076dcf9c0ebf,0x414fe4d0a240b780,0x4129fe6314a2339c,0x41520750d24f7660,0x414fe4d27bf7ced9,0x4129fe763c432ca5,0x41520751bfe28241,0x00000001,0x00000001,0x8000000200006600,0x8000000a00007e00,0x800000000094112d,0x000000008000af80,0x00000000800000e4,0x0000000000000002,0x000000007c201073,0x0000000000000080,0x6000000000000000,0x00000000000000c0,0x4000b4c3,0x0000000080007a50,0x000000004000b4c3,0x0000000000cc3fdd,0x0000000000c43681,0x0000000000cc3fdd,0x0000000000c43681,0x00000000000002f8,0x0000000000006ac0,0x0000000000004f00,0x00000000005fbea1,0x0000000000005ddf,0x0000000000513643,0x0000000000010965,0x00000000003126bb,0x00000000000000c0,0x0000000000000040,0x00000489,0x8000000000000907,0x0000000007240701,0x03
1783622718118,b,0x00000000800057ae,0x0000000080018d90,0x000000008000f190,0x000000008000f1c0,0x0000000080007a7a,0x0000000000000000,0x00000000800191f0,0x0000000080018de0,0x0000000080019530,0x0000000080018f50,0x000000008000f238,0x0000000000000006,0x0000000000000006,0x000000008000f238,0x000000008000f338,0xffffffffe9bd72ef,0x0000000043ae861a,0x0000000000000006,0x000000008000f200,0x0000000000000001,0x0000000000000006,0x0000000000000038,0x0000000000000000,0xffffffffe93462ae,0x000000000055dc95,0x3fedd0be67e46f0e,0x00000000800049c6,0x4152076dcf9c0ebf,0x402b4c1eefea0518,0x4012c0f69383dfd8,0x3fe7c9cc9f4e9642,0x4007af1d04ab4dcd,0x4152076dcf9c0ebf,0x4025772550eba187,0x4129fe6314a2339c,0x41520750d24f7660,0x8000000000000000,0x0000000000000000,0x0000000000000000,0x00000001,0x00000001,0x8000000200006600,0x8000000a00007e00,0x800000000094112d,0x000000008000af80,0x00000000800000e4,0x0000000000000002,0x000000007c201073,0x0000000000000080,0x6000000000000000,0x00000000000000c0,0x4000b4c3,0x00000000800049c6,0x000000004000b4c3,0x0000000000cd79a3,0x0000000000c56ff3,0x0000000000cd79a3,0x0000000000c56ff3,0x00000000000002fb,0x0000000000006ac3,0x0000000000004f3f,0x000000000060548c,0x0000000000005e05,0x000000000051bf5f,0x0000000000010ae2,0x0000000000317e2e,0x00000000000000c0,0x0000000000000040,0x00000489,0x8000000000000907,0x0000000007240701,0x03
1783622719737,b,0x000000008000578a,0x0000000080018db0,0x000000008000f190,0x000000008000f1c0,0x0000000080007a7a,0x0000000000000000,0x00000000800191f0,0x0000000080018de0,0x0000000080019530,0x0000000080018f50,0x0000000000000006,0x0000000000000006,0x0000000000000003,0x0000000000000001,0x0000000000000006,0xffffffffd07dfbcf,0x0000000043b09776,0x0000000000000006,0x000000008000f200,0x0000000000000001,0x0000000000000006,0x0000000000000038,0x0000000000000000,0xffffffffd011cace,0x000000000055dc95,0x3fedd0be69646230,0x0000000080004d2a,0x4152076dcf9c0ebf,0x402b4c1eefea0518,0x4012c0f69383dfd8,0x3fe7c9cc9f4e9642,0x4007af1d04ab4dcd,0x4152076dcf9c0ebf,0x4025772550ec25de,0x4129fe687d97f62b,0x4152075144504817,0x3f8314f4bf322be4,0x0000000000000000,0x8000000000000000,0x00000001,0x00000001,0x8000000200006600,0x8000000a00007e00,0x800000000094112d,0x000000008000af80,0x00000000800000e4,0x0000000000000002,0x000000007c201073,0x0000000000000080,0x6000000000000000,0x00000000000000c0,0x4000b4c3,0x0000000080004d2a,0x000000004000b4c3,0x0000000000cec3a3,0x0000000000c6b5ac,0x0000000000cec3a3,0x0000000000c6b5ac,0x0000000000000301,0x0000000000006ac6,0x0000000000004fbc,0x000000000060f557,0x0000000000005e39,0x0000000000524bc8,0x0000000000010c82,0x000000000031d1fb,0x00000000000000c0,0x0000000000000040,0x00000489,0x8000000000000907,0x0000000007240701,0x03
1783622721257,b,0x000000008000583a,0x0000000080018ed0,0x000000008000f190,0x000000008000f1c0,0x0000000080007a7a,0x000000000000000f,0x00000000800191f0,0x0000000080018f20,0x0000000080019530,0x00000000800194a0,0x000000008000f238,0x0000000000000003,0x0000000000000006,0x00000000800191f0,0x0000000080019200,0x000000008000f201,0x3fd30536c2bcde40,0x0000000000000006,0x000000008000f200,0x0000000000000001,0x0000000000000006,0x0000000000000038,0x0000000000000000,0x000000000260581e,0x000000000078105f,0x3fedd0be6abe6493,0x0000000080004984,0x4152076dcf9c0ebf,0x402b4c1eefea0518,0x4012c0f69383dfd8,0x3fe7c9cc9f4e9642,0x4007af1d04ab4dcd,0x4152076dcf9c0ebf,0x414fe4d3746dc5d6,0x4129fe6ea12d7732,0x415207529009d495,0x0000000000000000,0x0000000000000000,0x0000000000000000,0x00000001,0x00000001,0x8000000200006600,0x8000000a00007e00,0x800000000094112d,0x000000008000af80,0x00000000800000e4,0x0000000000000002,0x000000007c201073,0x0000000000000080,0x6000000000000000,0x00000000000000c0,0x4000b4c3,0x0000000080004984,0x000000004000b4c3,0x0000000000cfc9d6,0x0000000000c7b57d,0x0000000000cfc9d6,0x0000000000c7b57d,0x0000000000000305,0x0000000000006ac9,0x0000000000005004,0x00000000006172f3,0x0000000000005e5d,0x000000000052beac,0x0000000000010d8d,0x00000000003215ae,0x00000000000000c0,0x0000000000000040,0x00000489,0x8000000000000907,0x0000000007240701,0x03
1783622722772,b,0x0000000080005744,0x0000000080019060,0x000000008000f190,0x000000008000f1c0,0x0000000080007a7a,0x000000000000000f,0x00000000800191f0,0x00000000800190b0,0x0000000080019530,0x0000000080019310,0x00000000800191f0,0x0000000000000006,0x0000000000000006,0x0000000000000003,0x0000000000000009,0x000000008000f201,0x3fd767ccee590ad2,0x0000000000000006,0x000000008000f200,0x0000000000000001,0x0000000000000006,0x0000000000000038,0x0000000000000000,0x000000005e3a01b8,0x000000000053f2ba,0x3fedd0be6bebb065,0x000000008000499a,0x4152076dcf9c0ebf,0x402b4c1eefea0518,0x4012c0f69383dfd8,0x3fe7c9cc9f4e9642,0x4007af1d04ab4dcd,0x4152076dcf9c0ebf,0x414fe4d04eecbfb1,0x4129fe8e200d1b71,0x41520755c5fa43fe,0x0000000000000000,0x0000000000000000,0x0000000000000000,0x00000001,0x00000001,0x8000000200006600,0x8000000a00007e00,0x800000000094112d,0x000000008000af80,0x00000000800000e4,0x0000000000000002,0x000000007c201073,0x0000000000000080,0x6000000000000000,0x00000000000000c0,0x4000b4c3,0x000000008000499a,0x000000004000b4c3,0x0000000000d0ef99,0x0000000000c8d6c1,0x0000000000d0ef99,0x0000000000c8d6c1,0x000000000000030c,0x0000000000006acc,0x000000000000507b,0x0000000000620287,0x0000000000005e8e,0x0000000000533b77,0x0000000000010f06,0x0000000000325ee4,0x00000000000000c0,0x0000000000000040,0x00000489,0x8000000000000907,0x0000000007240701,0x03
1783622724285,b,0x0000000080009fc2,0x0000000080019420,0x000000008000f190,0x000000008000f1c0,0x402a601451691cfd,0x0000000000800000,0x0000000000000000,0x0000000080019700,0x0000000080019530,0x00000000004b8d87,0xffffffffc3000000,0x00000000005a808e,0x0000000000000004,0x000000000025c6c3,0xffffffffee000000,0xffffffff86800000,0xffffffff87000000,0x0000000000000006,0x000000008000f200,0x0000000000000001,0x0000000000000006,0x0000000000000038,0x0000000000000018,0xffffffff86800000,0x00000000004b8d87,0x3fedd0be6ce94306,0x000000008000a106,0x4152076dcf9c0ebf,0x402b4c1eefea0518,0x4012c0f69383dfd8,0x3fe7c9cc9f4e9642,0x4007af1d04ab4dcd,0x40764c3ba7ca5bb8,0x40764c3ba7ca5bb8,0x4129fe8e200d1b71,0x41520755c5fa43fe,0x402c2e7d56680000,0x4063c6d86e1b6079,0x40764c3ba7ca5bb8,0x00000001,0x00000001,0x8000000200006600,0x8000000a00007e00,0x800000000094112d,0x000000008000af80,0x00000000800000e4,0x0000000000000002,0x000000007c201073,0x0000000000000080,0x6000000000000000,0x00000000000000c0,0x4000b4c3,0x000000008000a106,0x000000004000b4c3,0x0000000000d212ba,0x0000000000c9f47e,0x0000000000d212ba,0x0000000000c9f47e,0x0000000000000310,0x0000000000006acf,0x00000000000050ec,0x000000000062901c,0x0000000000005eb0,0x000000000053b896,0x000000000001106f,0x000000000032a8cf,0x00000000000000c0,0x0000000000000040,0x00000489,0x8000000000000907,0x0000000007240701,0x03
1783622725878,b,0x00000000800057ae,0x0000000080018d90,0x000000008000f190,0x000000008000f1c0,0x0000000080007a7a,0x0000000000000000,0x00000000800191f0,0x0000000080018de0,0x0000000080019530,0x0000000080018f50,0x000000008000f238,0x0000000000000006,0x0000000000000006,0x000000008000f238,0x000000008000f2f8,0xfffffffff2576bef,0x0000000043d961fa,0x0000000000000006,0x000000008000f200,0x0000000000000001,0x0000000000000006,0x0000000000000038,0x0000000000000000,0xfffffffff2564bee,0x000000000055dc95,0x3fedd0be6ce94306,0x00000000800049c8,0x4152076dcf9c0ebf,0x402b4c1eefea0518,0x4012c0f69383dfd8,0x3fe7c9cc9f4e9642,0x4007af1d04ab4dcd,0x4152076dcf9c0ebf,0x4025772550f6587f,0x4129fe6e228f5c29,0x415207540e5c91d1,0x8000000000000000,0x0000000000000000,0x0000000000000000,0x00000001,0x00000001,0x8000000200006600,0x8000000a00007e00,0x800000000094112d,0x000000008000af80,0x00000000800000e4,0x0000000000000002,0x000000007c201073,0x0000000000000080,0x6000000000000000,0x00000000000000c0,0x4000b4c3,0x00000000800049c8,0x000000004000b4c3,0x0000000000d339b0,0x0000000000cb1bee,0x0000000000d339b0,0x0000000000cb1bee,0x0000000000000313,0x0000000000006ad2,0x0000000000005126,0x0000000000631e2b,0x0000000000005edd,0x0000000000543859,0x00000000000111e2,0x000000000032f9e8,0x00000000000000c0,0x0000000000000040,0x00000489,0x8000000000000907,0x0000000007240701,0x03
1783622727406,b,0x000000008000578a,0x0000000080018db0,0x000000008000f190,0x000000008000f1c0,0x0000000080007a7a,0x0000000000000000,0x00000000800191f0,0x0000000080018de0,0x0000000080019530,0x0000000080018f50,0x0000000000000006,0x0000000000000006,0x0000000000000003,0x0000000080018f50,0x0000000080018fd0,0xffffffffccbe3938,0x0000000043eaab2c,0x0000000000000006,0x000000008000f200,0x0000000000000001,0x0000000000000006,0x0000000000000038,0x0000000000000000,0xffffffffcc8e1838,0x000000000055dc95,0x3fedd0be6db6f839,0x0000000080004d10,0x4152076dcf9c0ebf,0x402b4c1eefea0518,0x4012c0f69383dfd8,0x3fe7c9cc9f4e9642,0x4007af1d04ab4dcd,0x4152076dcf9c0ebf,0x4025772550faaacb,0x4129fe78657a786c,0x41520751213404ea,0x3f8314f4c17f376e,0x0000000000000000,0x8000000000000000,0x00000001,0x00000001,0x8000000200006600,0x8000000a00007e00,0x800000000094112d,0x000000008000af80,0x00000000800000e4,0x0000000000000002,0x000000007c201073,0x0000000000000080,0x6000000000000000,0x00000000000000c0,0x4000b4c3,0x0000000080004d10,0x000000004000b4c3,0x0000000000d49729,0x0000000000cc74e5,0x0000000000d49729,0x0000000000cc74e5,0x0000000000000318,0x0000000000006ad5,0x00000000000051a0,0x000000000063c808,0x0000000000005f11,0x000000000054ce1a,0x000000000001138f,0x00000000003353b8,0x00000000000000c0,0x0000000000000040,0x00000489,0x8000000000000907,0x0000000007240701,0x03
1783622728981,b,0x0000000080005850,0x0000000080018ed0,0x000000008000f190,0x000000008000f1c0,0x0000000080007a7a,0x000000000000000f,0x00000000800191f0,0x0000000080018f20,0x0000000080019530,0x00000000800191f0,0x0000000080019310,0x0000000000000003,0x0000000000000006,0x0000000000000002,0x0000000000000003,0x000000008000f201,0x3fe2a46c2405b7fc,0x0000000000000006,0x000000008000f200,0x0000000000000001,0x0000000000000006,0x0000000000000038,0x0000000000000000,0x000000006b9b077e,0x000000000062806d,0x3fedd0be6e56c69f,0x00000000800049d6,0x4152076dcf9c0ebf,0x402b4c1eefea0518,0x4012c0f69383dfd8,0x3fe7c9cc9f4e9642,0x4007af1d04ab4dcd,0x4152076dcf9c0ebf,0x414fe4d0b16f0069,0x4129fe6caf837b4a,0x415207537dfa43fe,0x402e61c98045f5f4,0x0000000000000000,0x402e61c98045f5f4,0x00000001,0x00000001,0x8000000200006600,0x8000000a00007e00,0x800000000094112d,0x000000008000af80,0x00000000800000e4,0x0000000000000002,0x000000007c201073,0x0000000000000080,0x6000000000000000,0x00000000000000c0,0x4000b4c3,0x00000000800049d6,0x000000004000b4c3,0x0000000000d5c55a,0x0000000000cd9c39,0x0000000000d5c55a,0x0000000000cd9c39,0x000000000000031b,0x0000000000006ad8,0x00000000000051fb,0x0000000000645833,0x0000000000005f36,0x000000000055531a,0x00000000000114bc,0x000000000033a352,0x00000000000000c0,0x0000000000000040,0x00000489,0x8000000000000907,0x0000000007240701,0x03
1783622730644,b,0x0000000080005744,0x0000000080019060,0x000000008000f190,0x000000008000f1c0,0x0000000080007a7a,0x000000000000000f,0x00000000800191f0,0x00000000800190b0,0x0000000080019530,0x0000000080019310,0x00000000800191f0,0x0000000000000006,0x0000000000000006,0x0000000000000005,0x0000000000000006,0x000000008000f201,0x3fe41bc63bb413dd,0x0000000000000006,0x000000008000f200,0x0000000000000001,0x0000000000000006,0x0000000000000038,0x0000000000000000,0xffffffffd08508fe,0x00000000004f29c8,0x3fedd0be6ecc1bbb,0x00000000800049b0,0x4152076dcf9c0ebf,0x402b4c1eefea0518,0x4012c0f69383dfd8,0x3fe7c9cc9f4e9642,0x4007af1d04ab4dcd,0x4152076dcf9c0ebf,0x414fe4d460ebedfa,0x4129fe664504816f,0x4152074f94e56042,0x3ff117a2fac90b03,0x0000000000000000,0x0000000000000000,0x00000001,0x00000001,0x8000000200006600,0x8000000a00007e00,0x800000000094112d,0x000000008000af80,0x00000000800000e4,0x0000000000000002,0x000000007c201073,0x0000000000000080,0x6000000000000000,0x00000000000000c0,0x4000b4c3,0x00000000800049b0,0x000000004000b4c3,0x0000000000d6e2b4,0x0000000000ceb55e,0x0000000000d6e2b4,0x0000000000ceb55e,0x000000000000031f,0x0000000000006adb,0x000000000000526c,0x000000000064e406,0x0000000000005f66,0x000000000055cc06,0x000000000001162c,0x000000000033ea06,0x00000000000000c0,0x0000000000000040,0x00000489,0x8000000000000907,0x0000000007240701,0x03
1783622732231,b,0x0000000080005a7c,0x00000000800193f0,0x000000008000f190,0x000000008000f1c0,0x0000000080007a7a,0x000000000000000f,0x0000000080007a96,0x0000000080019440,0x0000000080019530,0x0000000080019548,0x0000000000000000,0x0000000000000008,0x000000008000f208,0x0000000080003cf8,0x0000000080019628,0x00000000416ffbae,0x0000000043a9eb30,0x0000000000000006,0x000000008000f200,0x0000000000000001,0x0000000000000006,0x0000000000000038,0x0000000000000000,0x0000000041476b80,0x000000000045ec2a,0x3fedd0be6f1b5529,0x0000000080005aa2,0x4152076dcf9c0ebf,0x402b4c1eefea0518,0x4012c0f69383dfd8,0x3fe7c9cc9f4e9642,0x4007af1d04ab4dcd,0x4152076dcf9c0ebf,0x414fe4d0d6388659,0x4129fe7be32ca57a,0x4152075222a7ef9e,0x414fe4cf9051eb85,0x415207522fade323,0x3ff0000000000000,0x00000001,0x00000001,0x8000000200006600,0x8000000a00007e00,0x800000000094112d,0x000000008000af80,0x00000000800000e4,0x0000000000000002,0x000000007c201073,0x0000000000000080,0x6000000000000000,0x00000000000000c0,0x4000b4c3,0x0000000080005aa2,0x000000004000b4c3,0x0000000000d7ecad,0x0000000000cfba35,0x0000000000d7ecad,0x0000000000cfba35,0x0000000000000321,0x0000000000006ade,0x00000000000052f3,0x000000000065664d,0x0000000000005f94,0x0000000000563c67,0x000000000001178a,0x0000000000342b54,0x00000000000000c0,0x0000000000000040,0x00000489,0x8000000000000907,0x0000000007240701,0x03
1783622733865,b,0x00000000800057ae,0x0000000080018d90,0x000000008000f190,0x000000008000f1c0,0x0000000080007a7a,0x0000000000000000,0x00000000800191f0,0x0000000080018de0,0x0000000080019530,0x0000000080018f50,0x000000008000f238,0x0000000000000006,0x0000000000000006,0x0000000080018df0,0x0000000000000006,0x0000000050bf1aff,0x0000000044176a82,0x0000000000000006,0x000000008000f200,0x0000000000000001,0x0000000000000006,0x0000000000000038,0x0000000000000000,0x00000000502a0afe,0x000000000055dc95,0x3fedd0be6f1b5529,0x00000000800049fc,0x4152076dcf9c0ebf,0x402b4c1eefea0518,0x4012c0f69383dfd8,0x3fe7c9cc9f4e9642,0x4007af1d04ab4dcd,0x4152076dcf9c0ebf,0x402577255105daa1,0x4129fe7be32ca57a,0x4152075222a7ef9e,0x8000000000000000,0x0000000000000000,0x0000000000000000,0x00000001,0x00000001,0x8000000200006600,0x8000000a00007e00,0x800000000094112d,0x000000008000af80,0x00000000800000e4,0x0000000000000002,0x000000007c201073,0x0000000000000080,0x6000000000000000,0x00000000000000c0,0x4000b4c3,0x00000000800049fc,0x000000004000b4c3,0x0000000000d90e2f,0x0000000000d0db24,0x0000000000d90e2f,0x0000000000d0db24,0x0000000000000323,0x0000000000006ae1,0x0000000000005336,0x000000000065f09a,0x0000000000005fb5,0x000000000056ba8f,0x00000000000118f0,0x0000000000347bc4,0x00000000000000c0,0x0000000000000040,0x00000489,0x8000000000000907,0x0000000007240701,0x03
1783622735504,b,0x0000000080005850,0x0000000080018ed0,0x000000008000f190,0x000000008000f1c0,0x0000000080007a7a,0x000000000000000f,0x00000000800191f0,0x0000000080018f20,0x0000000080019530,0x00000000800191f0,0x0000000080019310,0x0000000000000003,0x0000000000000006,0x0000000000000006,0x0000000000000003,0x000000008000f201,0x3fe050cbd4df92b6,0x0000000000000006,0x000000008000f200,0x0000000000000001,0x0000000000000006,0x0000000000000038,0x0000000000000000,0xffffffff8f274c7e,0x00000000006168fe,0x3fedd0be6f495447,0x0000000080004a18,0x4152076dcf9c0ebf,0x402b4c1eefea0518,0x4012c0f69383dfd8,0x3fe7c9cc9f4e9642,0x4007af1d04ab4dcd,0x4152076dcf9c0ebf,0x414fe4d0b13dd97f,0x4129fe77df7ced91,0x41520754a6339c0f,0x0000000000000000,0x0000000000000000,0x0000000000000000,0x00000001,0x00000001,0x8000000200006600,0x8000000a00007e00,0x800000000094112d,0x000000008000af80,0x00000000800000e4,0x0000000000000002,0x000000007c201073,0x0000000000000080,0x6000000000000000,0x00000000000000c0,0x4000b4c3,0x0000000080004a18,0x000000004000b4c3,0x0000000000da21c7,0x0000000000d1e846,0x0000000000da21c7,0x0000000000d1e846,0x0000000000000326,0x0000000000006ae4,0x000000000000538d,0x0000000000667472,0x0000000000005fd8,0x0000000000573371,0x0000000000011a04,0x000000000034c3b4,0x00000000000000c0,0x0000000000000040,0x00000489,0x8000000000000907,0x0000000007240701,0x03
1783622737131,b,0x0000000080005820,0x0000000080018ed0,0x000000008000f190,0x000000008000f1c0,0x0000000080007a7a,0x000000000000000f,0x00000000800191f0,0x0000000080018f20,0x0000000080019530,0x000000008000f238,0x0000000080019310,0x0000000000000006,0x0000000000000006,0x0000000080019310,0x0000000080019378,0x000000008000f201,0x3fe2f9ab9638b24c,0x0000000000000006,0x000000008000f200,0x0000000000000001,0x0000000000000006,0x0000000000000038,0x0000000000000000,0x00000000047352b8,0x00000000006b10f4,0x3fedd0be6f5b2958,0x00000000800049c8,0x4152076dcf9c0ebf,0x402b4c1eefea0518,0x4012c0f69383dfd8,0x3fe7c9cc9f4e9642,0x4007af1d04ab4dcd,0x4152076dcf9c0ebf,0x414fe4d254cccccd,0x4129fe6cad0e5604,0x4152075517573eab,0x3ff12c1ddc3f377e,0x0000000000000000,0x0000000000000000,0x00000001,0x00000001,0x8000000200006600,0x8000000a00007e00,0x800000000094112d,0x000000008000af80,0x00000000800000e4,0x0000000000000002,0x000000007c201073,0x0000000000000080,0x6000000000000000,0x00000000000000c0,0x4000b4c3,0x00000000800049c8,0x000000004000b4c3,0x0000000000db703c,0x0000000000d33233,0x0000000000db703c,0x0000000000d33233,0x0000000000000329,0x0000000000006ae7,0x0000000000005419,0x0000000000671745,0x000000000000600c,0x000000000057c22d,0x0000000000011ba6,0x00000000003518a4,0x00000000000000c0,0x0000000000000040,0x00000489,0x8000000000000907,0x0000000007240701,0x03
1783622738666,b,0x0000000080005744,0x0000000080019060,0x000000008000f190,0x000000008000f1c0,0x0000000080007a7a,0x000000000000000f,0x00000000800191f0,0x00000000800190b0,0x0000000080019530,0x0000000080019310,0x00000000800191f0,0x0000000000000006,0x0000000000000006,0x0000000000000000,0x0000000000000006,0x000000008000f201,0x3fe5a26c97bdd806,0x0000000000000006,0x000000008000f200,0x0000000000000001,0x0000000000000006,0x0000000000000038,0x0000000000000000,0xffffffffc32ca5ae,0x000000000051c3ed,0x3fedd0be6f55d326,0x0000000080004a06,0x4152076dcf9c0ebf,0x402b4c1eefea0518,0x4012c0f69383dfd8,0x3fe7c9cc9f4e9642,0x4007af1d04ab4dcd,0x4152076dcf9c0ebf,0x414fe4cefa5460aa,0x4129fe6bf758e219,0x41520754dc09d495,0x0000000000000000,0x0000000000000000,0x0000000000000000,0x00000001,0x00000001,0x8000000200006600,0x8000000a00007e00,0x800000000094112d,0x000000008000af80,0x00000000800000e4,0x0000000000000002,0x000000007c201073,0x0000000000000080,0x6000000000000000,0x00000000000000c0,0x4000b4c3,0x0000000080004a06,0x000000004000b4c3,0x0000000000dcaf30,0x0000000000d46b68,0x0000000000dcaf30,0x0000000000d46b68,0x000000000000032d,0x0000000000006aea,0x00000000000054b0,0x000000000067b21e,0x000000000000603e,0x0000000000584a2a,0x0000000000011d35,0x000000000035691f,0x00000000000000c0,0x0000000000000040,0x00000489,0x8000000000000907,0x0000000007240701,0x03
1783622740182,b,0x00000000800056f8,0x0000000080019060,0x000000008000f190,0x000000008000f1c0,0x0000000080007a7a,0x000000000000000f,0x0000000080019430,0x00000000800190b0,0x0000000080019530,0x0000000080019548,0x000000008000f238,0x0000000000000006,0x0000000000000006,0x0000000080019310,0x0000000080019398,0x000000008000f201,0x3fe777130b9c520f,0x0000000000000006,0x000000008000f200,0x0000000000000001,0x0000000000000006,0x0000000000000038,0x0000000000000000,0x0000000060ee320e,0x00000000006428de,0x3fedd0be6f3e1017,0x00000000800049f0,0x4152076dcf9c0ebf,0x402b4c1eefea0518,0x4012c0f69383dfd8,0x3fe7c9cc9f4e9642,0x4007af1d04ab4dcd,0x4152076dcf9c0ebf,0x414fe4cacd04816f,0x4129fe63942c3c9f,0x415207567c189375,0x0000000000000000,0x0000000000000000,0x0000000000000000,0x00000001,0x00000001,0x8000000200006600,0x8000000a00007e00,0x800000000094112d,0x000000008000af80,0x00000000800000e4,0x0000000000000002,0x000000007c201073,0x0000000000000080,0x6000000000000000,0x00000000000000c0,0x4000b4c3,0x00000000800049f0,0x000000004000b4c3,0x0000000000dde08a,0x0000000000d5974f,0x0000000000dde08a,0x0000000000d5974f,0x0000000000000330,0x0000000000006aed,0x000000000000553a,0x00000000006846d6,0x0000000000006070,0x000000000058cc59,0x0000000000011ebc,0x000000000035b5db,0x00000000000000c0,0x0000000000000040,0x00000489,0x8000000000000907,0x0000000007240701,0x03
1783622741781,b,0x0000000080006260,0x0000000080019230,0x000000008000f190,0x000000008000f1c0,0x402a6014531b2b86,0x0000000000000000,0x0000000000000000,0x0000000080019440,0x0000000080019530,0x0000000080019698,0x00000000800194a0,0x000000008000f238,0x00000000800003f0,0x0000000000000004,0x0000000000000004,0x000000003275fdfc,0xffffffffdd4e027c,0x0000000000000006,0x000000008000f200,0x0000000000000001,0x0000000000000006,0x0000000000000038,0x0000000000000000,0x000000003234e9f8,0x0000000000414f35,0x3fedd0be6f183dfc,0x0000000080005c54,0x4152076dcf9c0ebf,0x402b4c1eefea0518,0x4012c0f69383dfd8,0x3fe7c9cc9f4e9642,0x4007af1d04ab4dcd,0x4152076dcf9c0ebf,0x403053cd7753809f,0x4129fe63942c3c9f,0x415207567c189375,0x01a56e1fc2f8f359,0x0000000000000000,0x0000000000000000,0x00000001,0x00000001,0x8000000200006600,0x8000000a00007e00,0x800000000094112d,0x000000008000af80,0x00000000800000e4,0x0000000000000002,0x000000007c201073,0x0000000000000080,0x6000000000000000,0x00000000000000c0,0x4000b4c3,0x0000000080005c54,0x000000004000b4c3,0x0000000000df1458,0x0000000000d6ca05,0x0000000000df1458,0x0000000000d6ca05,0x0000000000000332,0x0000000000006af0,0x000000000000559c,0x000000000068db11,0x0000000000006093,0x0000000000595196,0x000000000001202b,0x0000000000360a09,0x00000000000000c0,0x0000000000000040,0x00000489,0x8000000000000907,0x0000000007240701,0x03
1783622743426,b,0x00000000800058c6,0x0000000080018ee0,0x000000008000f190,0x000000008000f1c0,0x0000000080007a7a,0x0000000000000000,0x00000000800191f0,0x0000000080018f20,0x0000000080019530,0x00000000800193a0,0x0000000080019100,0x0000000080019070,0x0000000000000006,0x0000000080019070,0x0000000000000001,0xffffffff81fddffb,0x000000004435bbf4,0x0000000000000006,0x000000008000f200,0x0000000000000001,0x0000000000000006,0x0000000000000038,0x0000000000000000,0xffffffff817ccfb8,0x000000000055dc95,0x3fedd0be6f183dfc,0x0000000080004ae6,0x4152076dcf9c0ebf,0x402b4c1eefea0518,0x4012c0f69383dfd8,0x3fe7c9cc9f4e9642,0x4007af1d04ab4dcd,0x4152076dcf9c0ebf,0x40257725510d6efd,0x4129fe838c710cb3,0x415207568fb2fec5,0xc01e93de77200000,0x0000000000000000,0x0000000000000000,0x00000001,0x00000001,0x8000000200006600,0x8000000a00007e00,0x800000000094112d,0x000000008000af80,0x00000000800000e4,0x0000000000000002,0x000000007c201073,0x0000000000000080,0x6000000000000000,0x00000000000000c0,0x4000b4c3,0x0000000080004ae6,0x000000004000b4c3,0x0000000000e0245c,0x0000000000d7d53e,0x0000000000e0245c,0x0000000000d7d53e,0x0000000000000334,0x0000000000006af3,0x000000000000560c,0x0000000000695f1a,0x00000000000060be,0x000000000059c5d6,0x000000000001217b,0x0000000000364ebe,0x00000000000000c0,0x0000000000000040,0x00000489,0x8000000000000907,0x0000000007240701,0x03
1783622745014,b,0x0000000080005744,0x0000000080019060,0x000000008000f190,0x000000008000f1c0,0x0000000080007a7a,0x000000000000000f,0x00000000800191f0,0x00000000800190b0,0x0000000080019530,0x0000000080019310,0x00000000800191f0,0x0000000000000006,0x0000000000000006,0x00000000800191f0,0x00000000800192c8,0x000000008000f201,0x3fed7d07712f82a6,0x0000000000000006,0x000000008000f200,0x0000000000000001,0x0000000000000006,0x0000000000000038,0x0000000000000000,0x000000002a4b8380,0x000000000075d6ae,0x3fedd0be6ee845f1,0x00000000800049c6,0x4152076dcf9c0ebf,0x402b4c1eefea0518,0x4012c0f69383dfd8,0x3fe7c9cc9f4e9642,0x4007af1d04ab4dcd,0x4152076dcf9c0ebf,0x414fe4cc0c1bda51,0x4129fe6917ced917,0x4152074e6be90ff9,0x3fedd0be6ee845f1,0x0000000000000000,0x0000000000000000,0x00000001,0x00000001,0x8000000200006600,0x8000000a00007e00,0x800000000094112d,0x000000008000af80,0x00000000800000e4,0x0000000000000002,0x000000007c201073,0x0000000000000080,0x6000000000000000,0x00000000000000c0,0x4000b4c3,0x00000000800049c6,0x000000004000b4c3,0x0000000000e121b0,0x0000000000d8cc48,0x0000000000e121b0,0x0000000000d8cc48,0x0000000000000337,0x0000000000006af6,0x0000000000005660,0x000000000069d84c,0x00000000000060e0,0x00000000005a34e0,0x000000000001228d,0x0000000000368fbc,0x00000000000000c0,0x0000000000000040,0x00000489,0x8000000000000907,0x0000000007240701,0x03
1783622746573,b,0x00000000800056f8,0x0000000080019060,0x000000008000f190,0x000000008000f1c0,0x0000000080007a7a,0x000000000000000f,0x0000000080019430,0x00000000800190b0,0x0000000080019530,0x0000000080019548,0x000000008000f238,0x0000000000000006,0x0000000000000006,0x0000000000000005,0x0000000000000006,0x000000008000f201,0x3fe5dcc65362eabf,0x0000000000000006,0x000000008000f200,0x0000000000000001,0x0000000000000006,0x0000000000000038,0x0000000000000000,0xffffffff95d649ae,0x00000000005d0803,0x3fedd0be6eb191e3,0x000000008000498e,0x4152076dcf9c0ebf,0x402b4c1eefea0518,0x4012c0f69383dfd8,0x3fe7c9cc9f4e9642,0x4007af1d04ab4dcd,0x4152076dcf9c0ebf,0x414fe4ccd03e425b,0x4129fe611d7dbf48,0x415207583e8c154d,0x0000000000000000,0x0000000000000000,0x0000000000000000,0x00000001,0x00000001,0x8000000200006600,0x8000000a00007e00,0x800000000094112d,0x000000008000af80,0x00000000800000e4,0x0000000000000002,0x000000007c201073,0x0000000000000080,0x6000000000000000,0x00000000000000c0,0x4000b4c3,0x000000008000498e,0x000000004000b4c3,0x0000000000e25a32,0x0000000000d9ffb2,0x0000000000e25a32,0x0000000000d9ffb2,0x000000000000033c,0x0000000000006af9,0x00000000000056d4,0x00000000006a70a0,0x0000000000006112,0x00000000005aba2d,0x000000000001241b,0x000000000036deb2,0x00000000000000c0,0x0000000000000040,0x00000489,0x8000000000000907,0x0000000007240701,0x03
1783622748187,b,0x0000000080006260,0x0000000080019230,0x000000008000f190,0x000000008000f1c0,0x402a6014531c6433,0x0000000000000000,0x0000000000000000,0x0000000080019440,0x0000000080019530,0x0000000080019698,0x00000000800194a0,0x000000008000f238,0x00000000800003f0,0x0000000000000001,0x0000000000000003,0x00000000367bfefd,0x0000000038f9c6cc,0x0000000000000006,0x000000008000f200,0x0000000000000001,0x0000000000000006,0x0000000000000038,0x0000000000000000,0x000000003663e6b8,0x0000000000471eb7,0x3fedd0be6e7709b2,0x0000000080005cce,0x4152076dcf9c0ebf,0x402b4c1eefea0518,0x4012c0f69383dfd8,0x3fe7c9cc9f4e9642,0x4007af1d04ab4dcd,0x4152076dcf9c0ebf,0x4031c7adce3e71b3,0x4129fe611d7dbf48,0x415207583e8c154d,0x01a56e1fc2f8f359,0x0000000000000000,0x0000000000000000,0x00000001,0x00000001,0x8000000200006600,0x8000000a00007e00,0x800000000094112d,0x000000008000af80,0x00000000800000e4,0x0000000000000002,0x000000007c201073,0x0000000000000080,0x6000000000000000,0x00000000000000c0,0x4000b4c3,0x0000000080005cce,0x000000004000b4c3,0x0000000000e38e75,0x0000000000db30f0,0x0000000000e38e75,0x0000000000db30f0,0x000000000000033e,0x0000000000006afc,0x000000000000572c,0x00000000006b06ee,0x0000000000006135,0x00000000005b3f07,0x0000000000012592,0x0000000000372edd,0x00000000000000c0,0x0000000000000040,0x00000489,0x8000000000000907,0x0000000007240701,0x03
1783622749760,b,0x00000000800057ae,0x0000000080018d90,0x000000008000f190,0x000000008000f1c0,0x0000000080007a7a,0x0000000000000000,0x00000000800191f0,0x0000000080018de0,0x0000000080019530,0x0000000080018f50,0x000000008000f238,0x0000000000000006,0x0000000000000006,0x0000000000000002,0x000000000000000c,0xffffffffe977d9e0,0x000000004431b938,0x0000000000000006,0x000000008000f200,0x0000000000000001,0x0000000000000006,0x0000000000000038,0x0000000000000000,0xffffffffe94701e0,0x000000000055dc95,0x3fedd0be6e7709b2,0x0000000080004970,0x4152076dcf9c0ebf,0x402b4c1eefea0518,0x4012c0f69383dfd8,0x3fe7c9cc9f4e9642,0x4007af1d04ab4dcd,0x4152076dcf9c0ebf,0x40257725510c6e4e,0x4129fe7217a786c2,0x4152074d78c154ca,0x8000000000000000,0x0000000000000000,0x0000000000000000,0x00000001,0x00000001,0x8000000200006600,0x8000000a00007e00,0x800000000094112d,0x000000008000af80,0x00000000800000e4,0x0000000000000002,0x000000007c201073,0x0000000000000080,0x6000000000000000,0x00000000000000c0,0x4000b4c3,0x0000000080004970,0x000000004000b4c3,0x0000000000e4c306,0x0000000000dc641b,0x0000000000e4c306,0x0000000000dc641b,0x0000000000000341,0x0000000000006aff,0x0000000000005788,0x00000000006b9af1,0x0000000000006165,0x00000000005bc455,0x0000000000012716,0x0000000000378242,0x00000000000000c0,0x0000000000000040,0x00000489,0x8000000000000907,0x0000000007240701,0x03
1783622751179,b,0x00000000800058f2,0x0000000080018ed0,0x000000008000f190,0x000000008000f1c0,0x0000000080007a7a,0x0000000000000000,0x00000000800191f0,0x0000000080018f20,0x0000000080019530,0x00000000800193a0,0x00000000800194a0,0x0000000000000006,0x0000000000000003,0x0000000080018f50,0x0000000080018fa8,0x0000000029fafe7f,0x00000000442e3ec2,0x0000000000000006,0x000000008000f200,0x0000000000000001,0x0000000000000006,0x0000000000000038,0x0000000000000000,0x000000002972ba7e,0x000000000055dc95,0x3fedd0be6e3b1613,0x00000000800049f0,0x4152076dcf9c0ebf,0x402b4c1eefea0518,0x4012c0f69383dfd8,0x3fe7c9cc9f4e9642,0x4007af1d04ab4dcd,0x4152076dcf9c0ebf,0x40257725510b8fb1,0x4129fe7ea9446738,0x4152075371f559b4,0x3f9287f43dd4e2f6,0x0000000000000000,0x0000000000000000,0x00000001,0x00000001,0x8000000200006600,0x8000000a00007e00,0x800000000094112d,0x000000008000af80,0x00000000800000e4,0x0000000000000002,0x000000007c201073,0x0000000000000080,0x6000000000000000,0x00000000000000c0,0x4000b4c3,0x00000000800049f0,0x000000004000b4c3,0x0000000000e604bd,0x0000000000dda0f6,0x0000000000e604bd,0x0000000000dda0f6,0x0000000000000347,0x0000000000006b03,0x000000000000580b,0x00000000006c37a6,0x0000000000006198,0x00000000005c4daf,0x000000000001289d,0x000000000037d3fd,0x00000000000000c0,0x0000000000000040,0x00000489,0x8000000000000907,0x0000000007240701,0x03
1783622752729,b,0x0000000080005850,0x0000000080018ed0,0x000000008000f190,0x000000008000f1c0,0x0000000080007a7a,0x000000000000000f,0x00000000800191f0,0x0000000080018f20,0x0000000080019530,0x00000000800191f0,0x0000000080019310,0x0000000000000003,0x0000000000000006,0x00000000800191a8,0x00000000800191b8,0x000000008000f201,0x3fe12cf6b690e546,0x0000000000000006,0x000000008000f200,0x0000000000000001,0x0000000000000006,0x0000000000000038,0x0000000000000000,0x000000003a50befe,0x000000000042c382,0x3fedd0be6dffa78a,0x0000000080004982,0x4152076dcf9c0ebf,0x402b4c1eefea0518,0x4012c0f69383dfd8,0x3fe7c9cc9f4e9642,0x4007af1d04ab4dcd,0x4152076dcf9c0ebf,0x414fe4c9cfc84b5e,0x4129fe6bfa5119ce,0x41520755b45d6388,0x401623e8e47917ab,0x0000000000000000,0x0000000000000000,0x00000001,0x00000001,0x8000000200006600,0x8000000a00007e00,0x800000000094112d,0x000000008000af80,0x00000000800000e4,0x0000000000000002,0x000000007c201073,0x0000000000000080,0x6000000000000000,0x00000000000000c0,0x4000b4c3,0x0000000080004982,0x000000004000b4c3,0x0000000000e73f4e,0x0000000000ded50c,0x0000000000e73f4e,0x0000000000ded50c,0x000000000000034e,0x0000000000006b06,0x000000000000585c,0x00000000006ccdc8,0x00000000000061be,0x00000000005cd80e,0x00000000000129e4,0x000000000038270c,0x00000000000000c0,0x0000000000000040,0x00000489,0x8000000000000907,0x0000000007240701,0x03
1783622754299,b,0x000000008000575e,0x0000000080019070,0x000000008000f190,0x000000008000f1c0,0x0000000080007a7a,0x000000000000000f,0x00000000800191f0,0x00000000800190b0,0x0000000080019530,0x00000000800190d0,0x00000000800002d0,0x000000008000f238,0x0000000000000006,0x0000000000000003,0x0000000000000000,0x000000008000f201,0x3fe31457d3b45758,0x0000000000000006,0x000000008000f200,0x0000000000000001,0x0000000000000006,0x0000000000000038,0x0000000000000000,0xffffffffb1964a38,0x000000000062b5e3,0x3fedd0be6dc64044,0x0000000080004c30,0x4152076dcf9c0ebf,0x402b4c1eefea0518,0x4012c0f69383dfd8,0x3fe7c9cc9f4e9642,0x4007af1d04ab4dcd,0x4152076dcf9c0ebf,0x414fe4cdcd94af4f,0x4129fe6e209d4952,0x4152074fb037b4a2,0x3fc17a1e1868d15b,0x0000000000000000,0x0000000000000000,0x00000001,0x00000001,0x8000000200006600,0x8000000a00007e00,0x800000000094112d,0x000000008000af80,0x00000000800000e4,0x0000000000000002,0x000000007c201073,0x0000000000000080,0x6000000000000000,0x00000000000000c0,0x4000b4c3,0x0000000080004c30,0x000000004000b4c3,0x0000000000e870de,0x0000000000e0022f,0x0000000000e870de,0x0000000000e0022f,0x0000000000000351,0x0000000000006b09,0x00000000000058cb,0x00000000006d631e,0x00000000000061ef,0x00000000005d5a0a,0x0000000000012b66,0x00000000003873c9,0x00000000000000c0,0x0000000000000040,0x00000489,0x8000000000000907,0x0000000007240701,0x03
1783622755749,b,0x00000000800056f8,0x0000000080019060,0x000000008000f190,0x000000008000f1c0,0x0000000080007a7a,0x000000000000000f,0x0000000080019430,0x00000000800190b0,0x0000000080019530,0x0000000080019548,0x000000008000f238,0x0000000000000006,0x0000000000000006,0x0000000080019310,0x00000000800193f8,0x000000008000f201,0x3fdac245207d50e8,0x0000000000000006,0x000000008000f200,0x0000000000000001,0x0000000000000006,0x0000000000000038,0x0000000000000000,0xffffffff9e4bbbb8,0x000000000055d1a8,0x3fedd0be6d8fffb2,0x0000000080004982,0x4152076dcf9c0ebf,0x402b4c1eefea0518,0x4012c0f69383dfd8,0x3fe7c9cc9f4e9642,0x4007af1d04ab4dcd,0x4152076dcf9c0ebf,0x414fe4cbf4fdf3b6,0x4129fe7a2cb295ea,0x4152075af3212d77,0x3ff0000000000000,0x402a601452e0cdd5,0x0000000000000000,0x00000001,0x00000001,0x8000000200006600,0x8000000a00007e00,0x800000000094112d,0x000000008000af80,0x00000000800000e4,0x0000000000000002,0x000000007c201073,0x0000000000000080,0x6000000000000000,0x00000000000000c0,0x4000b4c3,0x0000000080004982,0x000000004000b4c3,0x0000000000e99e6e,0x0000000000e12add,0x0000000000e99e6e,0x0000000000e12add,0x0000000000000354,0x0000000000006b0c,0x000000000000593c,0x00000000006df656,0x0000000000006220,0x00000000005ddaa9,0x0000000000012cea,0x000000000038bf83,0x00000000000000c0,0x0000000000000040,0x00000489,0x8000000000000907,0x0000000007240701,0x03
1783622757284,b,0x00000000800056f8,0x0000000080019060,0x000000008000f190,0x000000008000f1c0,0x0000000080007a7a,0x000000000000000f,0x0000000080019430,0x00000000800190b0,0x0000000080019530,0x0000000080019548,0x000000008000f238,0x0000000000000006,0x0000000000000006,0x0000000000000000,0x0000000000000006,0x000000008000f201,0x3fe5bca8278c221c,0x0000000000000006,0x000000008000f200,0x0000000000000001,0x0000000000000006,0x0000000000000038,0x0000000000000000,0xffffffffb0d23780,0x000000000060040c,0x3fedd0be6d5daef7,0x00000000800049d6,0x4152076dcf9c0ebf,0x402b4c1eefea0518,0x4012c0f69383dfd8,0x3fe7c9cc9f4e9642,0x4007af1d04ab4dcd,0x4152076dcf9c0ebf,0x414fe4cb3be0ded3,0x4129fe71b1de69ad,0x41520753dc95182b,0x0000000000000000,0x0000000000000000,0x0000000000000000,0x00000001,0x00000001,0x8000000200006600,0x8000000a00007e00,0x800000000094112d,0x000000008000af80,0x00000000800000e4,0x0000000000000002,0x000000007c201073,0x0000000000000080,0x6000000000000000,0x00000000000000c0,0x4000b4c3,0x00000000800049d6,0x000000004000b4c3,0x0000000000eaf070,0x0000000000e27843,0x0000000000eaf070,0x0000000000e27843,0x0000000000000358,0x0000000000006b0f,0x00000000000059c4,0x00000000006e9ae8,0x0000000000006256,0x00000000005e6aa4,0x0000000000012e92,0x0000000000391574,0x00000000000000c0,0x0000000000000040,0x00000489,0x8000000000000907,0x0000000007240701,0x03
1783622758843,b,0x00000000800057ae,0x0000000080018d90,0x000000008000f190,0x000000008000f1c0,0x0000000080007a7a,0x0000000000000000,0x00000000800191f0,0x0000000080018de0,0x0000000080019530,0x0000000080018f50,0x000000008000f238,0x0000000000000006,0x0000000000000006,0x0000000000000003,0x0000000000000012,0xffffffffe1e7b3ff,0x00000000441bf43a,0x0000000000000006,0x000000008000f200,0x0000000000000001,0x0000000000000006,0x0000000000000038,0x0000000000000000,0xffffffffe162b16e,0x000000000055dc95,0x3fedd0be6d5daef7,0x0000000080004970,0x4152076dcf9c0ebf,0x402b4c1eefea0518,0x4012c0f69383dfd8,0x3fe7c9cc9f4e9642,0x4007af1d04ab4dcd,0x4152076dcf9c0ebf,0x402577255106fd0f,0x4129fe71b1de69ad,0x41520753dc95182b,0x3ff0000000000000,0xbf847ae147ae15a9,0x3fb85cd8e2c41cb5,0x00000001,0x00000001,0x8000000200006600,0x8000000a00007e00,0x800000000094112d,0x000000008000af80,0x00000000800000e4,0x0000000000000002,0x000000007c201073,0x0000000000000080,0x6000000000000000,0x00000000000000c0,0x4000b4c3,0x0000000080004970,0x000000004000b4c3,0x0000000000ec15fa,0x0000000000e39de7,0x0000000000ec15fa,0x0000000000e39de7,0x0000000000000359,0x0000000000006b12,0x00000000000059f8,0x00000000006f27a2,0x0000000000006273,0x00000000005eeaee,0x0000000000012ff0,0x0000000000396796,0x00000000000000c0,0x0000000000000040,0x00000489,0x8000000000000907,0x0000000007240701,0x03
1783622760554,b,0x0000000080005866,0x0000000080018ee0,0x000000008000f190,0x000000008000f1c0,0x0000000080007a7a,0x000000000000000f,0x00000000800191f0,0x0000000080018f20,0x0000000080019530,0x00000000800191a8,0x00000000800003f0,0x0000000080019160,0x0000000000000003,0x0000000080019160,0x0000000000000001,0x000000008000f201,0x3fe4561eaddbb71f,0x0000000000000006,0x000000008000f200,0x0000000000000001,0x0000000000000006,0x0000000000000038,0x0000000000000000,0x0000000013fb4f7e,0x00000000005b558c,0x3fedd0be6d2fcd83,0x0000000080004c68,0x4152076dcf9c0ebf,0x402b4c1eefea0518,0x4012c0f69383dfd8,0x3fe7c9cc9f4e9642,0x4007af1d04ab4dcd,0x4152076dcf9c0ebf,0x414fe4cc5a9fbe77,0x4129fe81b318fc50,0x41520752dc8ce704,0x3ff12c1ddae30481,0x401623e8e4790ef7,0x403e88fa391e43be,0x00000001,0x00000001,0x8000000200006600,0x8000000a00007e00,0x800000000094112d,0x000000008000af80,0x00000000800000e4,0x0000000000000002,0x000000007c201073,0x0000000000000080,0x6000000000000000,0x00000000000000c0,0x4000b4c3,0x0000000080004c68,0x000000004000b4c3,0x0000000000ed2049,0x0000000000e4a20f,0x0000000000ed2049,0x0000000000e4a20f,0x000000000000035c,0x0000000000006b15,0x0000000000005a4d,0x00000000006fa738,0x0000000000006297,0x00000000005f5f9e,0x0000000000013100,0x000000000039acb4,0x00000000000000c0,0x0000000000000040,0x00000489,0x8000000000000907,0x0000000007240701,0x03
1783622762164,b,0x0000000080005744,0x0000000080019060,0x000000008000f190,0x000000008000f1c0,0x0000000080007a7a,0x000000000000000f,0x00000000800191f0,0x00000000800190b0,0x0000000080019530,0x0000000080019310,0x00000000800191f0,0x0000000000000006,0x0000000000000006,0x0000000080019310,0x00000000800193c8,0x000000008000f201,0x3fe1bd02aec830e9,0x0000000000000006,0x000000008000f200,0x0000000000000001,0x0000000000000006,0x0000000000000038,0x0000000000000000,0xffffffffc17968fe,0x00000000007150f8,0x3fedd0be6d069d66,0x00000000800049a4,0x4152076dcf9c0ebf,0x402b4c1eefea0518,0x4012c0f69383dfd8,0x3fe7c9cc9f4e9642,0x4007af1d04ab4dcd,0x4152076dcf9c0ebf,0x414fe4ca483126e9,0x4129fe64b5f6fd22,0x41520753d1ba5e35,0x0000000000000000,0x0000000000000000,0x0000000000000000,0x00000001,0x00000001,0x8000000200006600,0x8000000a00007e00,0x800000000094112d,0x000000008000af80,0x00000000800000e4,0x0000000000000002,0x000000007c201073,0x0000000000000080,0x6000000000000000,0x00000000000000c0,0x4000b4c3,0x00000000800049a4,0x000000004000b4c3,0x0000000000ee31e3,0x0000000000e5af28,0x0000000000ee31e3,0x0000000000e5af28,0x000000000000035e,0x0000000000006b18,0x0000000000005ac8,0x0000000000702d69,0x00000000000062c6,0x00000000005fd32e,0x0000000000013264,0x000000000039efcd,0x00000000000000c0,0x0000000000000040,0x00000489,0x8000000000000907,0x0000000007240701,0x03
1783622763779,b,0x00000000800056f8,0x0000000080019060,0x000000008000f190,0x000000008000f1c0,0x0000000080007a7a,0x000000000000000f,0x0000000080019430,0x00000000800190b0,0x0000000080019530,0x0000000080019548,0x000000008000f238,0x0000000000000006,0x0000000000000006,0x000000008000f238,0x000000008000f2c0,0x000000008000f201,0x3fe075b4ca21644c,0x0000000000000006,0x000000008000f200,0x0000000000000001,0x0000000000000006,0x0000000000000038,0x0000000000000000,0xffffffffdfe2e000,0x0000000000471175,0x3fedd0be6ce22ee5,0x00000000800049c8,0x4152076dcf9c0ebf,0x402b4c1eefea0518,0x4012c0f69383dfd8,0x3fe7c9cc9f4e9642,0x4007af1d04ab4dcd,0x4152076dcf9c0ebf,0x414fe4c93c504817,0x4129fe741367a0f9,0x415207539b886595,0x0000000000000000,0x0000000000000000,0x0000000000000000,0x00000001,0x00000001,0x8000000200006600,0x8000000a00007e00,0x800000000094112d,0x000000008000af80,0x00000000800000e4,0x0000000000000002,0x000000007c201073,0x0000000000000080,0x6000000000000000,0x00000000000000c0,0x4000b4c3,0x00000000800049c8,0x000000004000b4c3,0x0000000000ef6b9e,0x0000000000e6e3ca,0x0000000000ef6b9e,0x0000000000e6e3ca,0x0000000000000361,0x0000000000006b1b,0x0000000000005b45,0x000000000070c636,0x00000000000062f8,0x0000000000605968,0x00000000000133f3,0x00000000003a3f2b,0x00000000000000c0,0x0000000000000040,0x00000489,0x8000000000000907,0x0000000007240701,0x03
1783622765369,b,0x00000000800057ae,0x0000000080018d90,0x000000008000f190,0x000000008000f1c0,0x0000000080007a7a,0x0000000000000000,0x00000000800191f0,0x0000000080018de0,0x0000000080019530,0x0000000080018f50,0x000000008000f238,0x0000000000000006,0x0000000000000006,0x0000000000000003,0x0000000000000004,0x000000000f72fee3,0x00000000440e2e98,0x0000000000000006,0x000000008000f200,0x0000000000000001,0x0000000000000006,0x0000000000000038,0x0000000000000000,0x000000000f7282e0,0x000000000055dc95,0x3fedd0be6ce22ee5,0x0000000080004966,0x4152076dcf9c0ebf,0x402b4c1eefea0518,0x4012c0f69383dfd8,0x3fe7c9cc9f4e9642,0x4007af1d04ab4dcd,0x4152076dcf9c0ebf,0x4025772551038ba6,0x4129fe741367a0f9,0x415207539b886595,0x8000000000000000,0x0000000000000000,0x0000000000000000,0x00000001,0x00000001,0x8000000200006600,0x8000000a00007e00,0x800000000094112d,0x000000008000af80,0x00000000800000e4,0x0000000000000002,0x000000007c201073,0x0000000000000080,0x6000000000000000,0x00000000000000c0,0x4000b4c3,0x0000000080004966,0x000000004000b4c3,0x0000000000f07f33,0x0000000000e7f7ae,0x0000000000f07f33,0x0000000000e7f7ae,0x0000000000000362,0x0000000000006b1e,0x0000000000005b7b,0x0000000000714a8c,0x0000000000006315,0x000000000060d177,0x0000000000013543,0x00000000003a8bed,0x00000000000000c0,0x0000000000000040,0x00000489,0x8000000000000907,0x0000000007240701,0x03
1783622766913,b,0x00000000800057ae,0x0000000080018d90,0x000000008000f190,0x000000008000f1c0,0x0000000080007a7a,0x0000000000000000,0x00000000800191f0,0x0000000080018de0,0x0000000080019530,0x0000000080018f50,0x000000008000f238,0x0000000000000006,0x0000000000000006,0x0000000080018df0,0x0000000080018e48,0x000000004aff6b7b,0x00000000440a1d24,0x0000000000000006,0x000000008000f200,0x0000000000000001,0x0000000000000006,0x0000000000000038,0x0000000000000000,0x000000004aef6978,0x000000000055dc95,0x3fedd0be6cc26b14,0x00000000800049f0,0x4152076dcf9c0ebf,0x402b4c1eefea0518,0x4012c0f69383dfd8,0x3fe7c9cc9f4e9642,0x4007af1d04ab4dcd,0x4152076dcf9c0ebf,0x4025772551028749,0x4129fe7cb65fd8ae,0x4152075733573eab,0x8000000000000000,0x0000000000000000,0x0000000000000000,0x00000001,0x00000001,0x8000000200006600,0x8000000a00007e00,0x800000000094112d,0x000000008000af80,0x00000000800000e4,0x0000000000000002,0x000000007c201073,0x0000000000000080,0x6000000000000000,0x00000000000000c0,0x4000b4c3,0x00000000800049f0,0x000000004000b4c3,0x0000000000f1dbe0,0x0000000000e94f8e,0x0000000000f1dbe0,0x0000000000e94f8e,0x0000000000000367,0x0000000000006b22,0x0000000000005c05,0x000000000071f3e0,0x000000000000634b,0x00000000006166ae,0x00000000000136f4,0x00000000003ae527,0x00000000000000c0,0x0000000000000040,0x00000489,0x8000000000000907,0x0000000007240701,0x03
1783622768438,b,0x00000000800058f2,0x0000000080018ed0,0x000000008000f190,0x000000008000f1c0,0x0000000080007a7a,0x0000000000000000,0x00000000800191f0,0x0000000080018f20,0x0000000080019530,0x00000000800193a0,0x00000000800194a0,0x0000000000000006,0x0000000000000003,0x0000000080018f50,0x0000000080018f58,0x000000007dfbdff7,0x0000000044066288,0x0000000000000006,0x000000008000f200,0x0000000000000001,0x0000000000000006,0x0000000000000038,0x0000000000000000,0x000000007dd9cbe0,0x000000000055dc95,0x3fedd0be6ca71d5f,0x0000000080004982,0x4152076dcf9c0ebf,0x402b4c1eefea0518,0x4012c0f69383dfd8,0x3fe7c9cc9f4e9642,0x4007af1d04ab4dcd,0x4152076dcf9c0ebf,0x40257725510198a2,0x4129fe727f141206,0x4152075597b2fec5,0x0000000000000000,0x3fc733d476943808,0x0000000000000000,0x00000001,0x00000001,0x8000000200006600,0x8000000a00007e00,0x800000000094112d,0x000000008000af80,0x00000000800000e4,0x0000000000000002,0x000000007c201073,0x0000000000000080,0x6000000000000000,0x00000000000000c0,0x4000b4c3,0x0000000080004982,0x000000004000b4c3,0x0000000000f31c8e,0x0000000000ea8b96,0x0000000000f31c8e,0x0000000000ea8b96,0x000000000000036a,0x0000000000006b25,0x0000000000005c7a,0x0000000000729044,0x000000000000637e,0x000000000061efc5,0x0000000000013876,0x00000000003b36aa,0x00000000000000c0,0x0000000000000040,0x00000489,0x8000000000000907,0x0000000007240701,0x03
1783622769842,b,0x000000008000583a,0x0000000080018ed0,0x000000008000f190,0x000000008000f1c0,0x0000000080007a7a,0x000000000000000f,0x00000000800191f0,0x0000000080018f20,0x0000000080019530,0x00000000800194a0,0x000000008000f238,0x0000000000000003,0x0000000000000006,0x0000000000000000,0x0000000000000006,0x000000008000f201,0x3fe225bf0d2a153a,0x0000000000000006,0x000000008000f200,0x0000000000000001,0x0000000000000006,0x0000000000000038,0x0000000000000000,0xfffffffff0fc696e,0x0000000000487324,0x3fedd0be6c8ffbd6,0x000000008000496c,0x4152076dcf9c0ebf,0x402b4c1eefea0518,0x4012c0f69383dfd8,0x3fe7c9cc9f4e9642,0x4007af1d04ab4dcd,0x4152076dcf9c0ebf,0x414fe4c9afd21ff3,0x4129fe737886594b,0x415207563e4f7660,0x0000000000000000,0x3fe1aec7af362c79,0x3fe1aec7af362c79,0x00000001,0x00000001,0x8000000200006600,0x8000000a00007e00,0x800000000094112d,0x000000008000af80,0x00000000800000e4,0x0000000000000002,0x000000007c201073,0x0000000000000080,0x6000000000000000,0x00000000000000c0,0x4000b4c3,0x000000008000496c,0x000000004000b4c3,0x0000000000f442e0,0x0000000000ebabc5,0x0000000000f442e0,0x0000000000ebabc5,0x000000000000036e,0x0000000000006b28,0x0000000000005cd0,0x0000000000731cfa,0x00000000000063a3,0x00000000006270d8,0x00000000000139b0,0x00000000003b83a4,0x00000000000000c0,0x0000000000000040,0x00000489,0x8000000000000907,0x0000000007240701,0x03
1783622771362,b,0x0000000080005744,0x0000000080019060,0x000000008000f190,0x000000008000f1c0,0x0000000080007a7a,0x000000000000000f,0x00000000800191f0,0x00000000800190b0,0x0000000080019530,0x0000000080019310,0x00000000800191f0,0x0000000000000006,0x0000000000000006,0x00000000800190d0,0x0000000080019158,0x000000008000f201,0x3fe31428fb09b329,0x0000000000000006,0x000000008000f200,0x0000000000000001,0x0000000000000006,0x0000000000000038,0x0000000000000000,0xffffffffa619cb0e,0x00000000006c337c,0x3fedd0be6c7cae55,0x00000000800049f0,0x4152076dcf9c0ebf,0x402b4c1eefea0518,0x4012c0f69383dfd8,0x3fe7c9cc9f4e9642,0x4007af1d04ab4dcd,0x4152076dcf9c0ebf,0x414fe4cadf972474,0x4129fe6de4ea4a8c,0x41520758b779a6b5,0x0000000000000000,0x0000000000000000,0x0000000000000000,0x00000001,0x00000001,0x8000000200006600,0x8000000a00007e00,0x800000000094112d,0x000000008000af80,0x00000000800000e4,0x0000000000000002,0x000000007c201073,0x0000000000000080,0x6000000000000000,0x00000000000000c0,0x4000b4c3,0x00000000800049f0,0x000000004000b4c3,0x0000000000f57433,0x0000000000ecd8ab,0x0000000000f57433,0x0000000000ecd8ab,0x0000000000000370,0x0000000000006b2b,0x0000000000005d3c,0x000000000073b216,0x00000000000063d4,0x000000000062f2eb,0x0000000000013b32,0x00000000003bd06e,0x00000000000000c0,0x0000000000000040,0x00000489,0x8000000000000907,0x0000000007240701,0x03
1783622772912,b,0x00000000800056f8,0x0000000080019060,0x000000008000f190,0x000000008000f1c0,0x0000000080007a7a,0x000000000000000f,0x0000000080019430,0x00000000800190b0,0x0000000080019530,0x0000000080019548,0x000000008000f238,0x0000000000000006,0x0000000000000006,0x000000008000f238,0x00000000000000f8,0x000000008000f201,0x3fe6a8bf7f6d2b24,0x0000000000000006,0x000000008000f200,0x0000000000000001,0x0000000000000006,0x0000000000000038,0x0000000000000000,0xfffffffffc281fe0,0x0000000000545b89,0x3fedd0be6c6cd46a,0x00000000800049c4,0x4152076dcf9c0ebf,0x402b4c1eefea0518,0x4012c0f69383dfd8,0x3fe7c9cc9f4e9642,0x4007af1d04ab4dcd,0x4152076dcf9c0ebf,0x414fe4c7f03126e9,0x4129fe7503e425af,0x41520754dab851ec,0x0000000000000000,0x0000000000000000,0x0000000000000000,0x00000001,0x00000001,0x8000000200006600,0x8000000a00007e00,0x800000000094112d,0x000000008000af80,0x00000000800000e4,0x0000000000000002,0x000000007c201073,0x0000000000000080,0x6000000000000000,0x00000000000000c0,0x4000b4c3,0x00000000800049c4,0x000000004000b4c3,0x0000000000f6a674,0x0000000000ee0649,0x0000000000f6a674,0x0000000000ee0649,0x0000000000000374,0x0000000000006b2e,0x0000000000005dac,0x000000000074478d,0x0000000000006406,0x0000000000637570,0x0000000000013cbc,0x00000000003c1daf,0x00000000000000c0,0x0000000000000040,0x00000489,0x8000000000000907,0x0000000007240701,0x03
1783622774447,b,0x00000000800057ae,0x0000000080018d90,0x000000008000f190,0x000000008000f1c0,0x0000000080007a7a,0x0000000000000000,0x00000000800191f0,0x0000000080018de0,0x0000000080019530,0x0000000080018f50,0x000000008000f238,0x0000000000000006,0x0000000000000006,0x0000000080018df0,0x0000000080018e60,0xfffffffff67aed7a,0x0000000043fd5d24,0x0000000000000006,0x000000008000f200,0x0000000000000001,0x0000000000000006,0x0000000000000038,0x0000000000000000,0xfffffffff67a6978,0x000000000055dc95,0x3fedd0be6c6cd46a,0x0000000080004982,0x4152076dcf9c0ebf,0x402b4c1eefea0518,0x4012c0f69383dfd8,0x3fe7c9cc9f4e9642,0x4007af1d04ab4dcd,0x4152076dcf9c0ebf,0x4025772550ff5749,0x4129fe7503e425af,0x41520754dab851ec,0x8000000000000000,0x0000000000000000,0x0000000000000000,0x00000001,0x00000001,0x8000000200006600,0x8000000a00007e00,0x800000000094112d,0x000000008000af80,0x00000000800000e4,0x0000000000000002,0x000000007c201073,0x0000000000000080,0x6000000000000000,0x00000000000000c0,0x4000b4c3,0x0000000080004982,0x000000004000b4c3,0x0000000000f7b3d3,0x0000000000ef1474,0x0000000000f7b3d3,0x0000000000ef1474,0x0000000000000376,0x0000000000006b31,0x0000000000005ddb,0x000000000074c943,0x0000000000006423,0x000000000063ea92,0x0000000000013e08,0x00000000003c689b,0x00000000000000c0,0x0000000000000040,0x00000489,0x8000000000000907,0x0000000007240701,0x03
1783622775679,b,0x0000000080004ede,0x0000000080018de0,0x000000008000f190,0x000000008000f1c0,0x0000000080007a7a,0x0000000000000000,0x00000000800191f0,0x0000000080018e40,0x0000000080018f00,0x0000000000000001,0x000000001b03b777,0x000000003fe00000,0x40161a799b03b777,0x0000000080019118,0x0000000080019148,0xffffffff85f7ff3f,0x000000006c0eddda,0x0000000000000006,0x000000008000f200,0x0000000000000001,0x0000000000000006,0x0000000000000038,0x0000000000000000,0xffffffff85f2f12e,0x00000000005869e6,0x3fedd0be6c600a3c,0x0000000080004e8c,0x4152076dcf9c0ebf,0x402b4c1eefea0518,0x4012c0f69383dfd8,0x3fe7c9cc9f4e9642,0x4007af1d04ab4dcd,0x4152076dcf9c0ebf,0x40161a799b03b777,0x4129fe6164f765fe,0x41520759d2c08312,0x01a56e1fc2f8f359,0x0000000000000000,0x0000000000000000,0x00000001,0x00000001,0x8000000200006600,0x8000000a00007e00,0x800000000094112d,0x000000008000af80,0x00000000800000e4,0x0000000000000002,0x000000007c201073,0x0000000000000080,0x6000000000000000,0x00000000000000c0,0x4000b4c3,0x0000000080004e8c,0x000000004000b4c3,0x0000000000f8d29d,0x0000000000f02e89,0x0000000000f8d29d,0x0000000000f02e89,0x0000000000000379,0x0000000000006b34,0x0000000000005e38,0x0000000000755532,0x000000000000644c,0x0000000000646649,0x0000000000013f3b,0x00000000003cb1ec,0x00000000000000c0,0x0000000000000040,0x00000489,0x8000000000000907,0x0000000007240701,0x03
1783622776936,b,0x0000000080005744,0x0000000080019060,0x000000008000f190,0x000000008000f1c0,0x0000000080007a7a,0x000000000000000f,0x00000000800191f0,0x00000000800190b0,0x0000000080019530,0x0000000080019310,0x00000000800191f0,0x0000000000000006,0x0000000000000006,0x0000000000000003,0x0000000000000006,0x000000008000f201,0x3fe932712910c0b6,0x0000000000000006,0x000000008000f200,0x0000000000000001,0x0000000000000006,0x0000000000000038,0x0000000000000000,0xffffffffe303e238,0x00000000006f6be3,0x3fedd0be6c55ec5e,0x00000000800049d6,0x4152076dcf9c0ebf,0x402b4c1eefea0518,0x4012c0f69383dfd8,0x3fe7c9cc9f4e9642,0x4007af1d04ab4dcd,0x4152076dcf9c0ebf,0x414fe4c87542c3ca,0x4129fe6f1eab367a,0x415207587f089a02,0x0000000000000000,0x0000000000000000,0x0000000000000000,0x00000001,0x00000001,0x8000000200006600,0x8000000a00007e00,0x800000000094112d,0x000000008000af80,0x00000000800000e4,0x0000000000000002,0x000000007c201073,0x0000000000000080,0x6000000000000000,0x00000000000000c0,0x4000b4c3,0x00000000800049d6,0x000000004000b4c3,0x0000000000f9d910,0x0000000000f12ee5,0x0000000000f9d910,0x0000000000f12ee5,0x000000000000037c,0x0000000000006b37,0x0000000000005e9b,0x000000000075d378,0x0000000000006476,0x000000000064d77f,0x0000000000014083,0x00000000003cf39a,0x00000000000000c0,0x0000000000000040,0x00000489,0x8000000000000907,0x0000000007240701,0x03
1783622778551,b,0x00000000800056f8,0x0000000080019060,0x000000008000f190,0x000000008000f1c0,0x0000000080007a7a,0x000000000000000f,0x0000000080019430,0x00000000800190b0,0x0000000080019530,0x0000000080019548,0x000000008000f238,0x0000000000000006,0x0000000000000006,0x0000000080019548,0x00000000800195d0,0x000000008000f201,0x3feb110ac686720f,0x0000000000000006,0x000000008000f200,0x0000000000000001,0x0000000000000006,0x0000000000000038,0x0000000000000000,0xfffffffff5b6dce0,0x00000000006ddc54,0x3fedd0be6c4e1ac5,0x00000000800049a4,0x4152076dcf9c0ebf,0x402b4c1eefea0518,0x4012c0f69383dfd8,0x3fe7c9cc9f4e9642,0x4007af1d04ab4dcd,0x4152076dcf9c0ebf,0x414fe4c4aa9930be,0x4129fe6daccccccd,0x41520755c82a9931,0x0000000000000000,0x0000000000000000,0x0000000000000000,0x00000001,0x00000001,0x8000000200006600,0x8000000a00007e00,0x800000000094112d,0x000000008000af80,0x00000000800000e4,0x0000000000000002,0x000000007c201073,0x0000000000000080,0x6000000000000000,0x00000000000000c0,0x4000b4c3,0x00000000800049a4,0x000000004000b4c3,0x0000000000fb0b90,0x0000000000f25c49,0x0000000000fb0b90,0x0000000000f25c49,0x000000000000037f,0x0000000000006b3a,0x0000000000005f16,0x000000000076690c,0x00000000000064a8,0x00000000006559d1,0x000000000001420b,0x00000000003d40ad,0x00000000000000c0,0x0000000000000040,0x00000489,0x8000000000000907,0x0000000007240701,0x03
1783622780210,b,0x00000000800057ae,0x0000000080018d90,0x000000008000f190,0x000000008000f1c0,0x0000000080007a7a,0x0000000000000000,0x00000000800191f0,0x0000000080018de0,0x0000000080019530,0x0000000080018f50,0x000000008000f238,0x0000000000000006,0x0000000000000006,0x0000000000000001,0x0000000000000013,0x0000000077adb7ba,0x0000000043f76a6c,0x0000000000000006,0x000000008000f200,0x0000000000000001,0x0000000000000006,0x0000000000000038,0x0000000000000000,0x0000000077ad3138,0x000000000055dc95,0x3fedd0be6c4e1ac5,0x000000008000499c,0x4152076dcf9c0ebf,0x402b4c1eefea0518,0x4012c0f69383dfd8,0x3fe7c9cc9f4e9642,0x4007af1d04ab4dcd,0x4152076dcf9c0ebf,0x4025772550fdda9b,0x4129fe6daccccccd,0x41520755c82a9931,0x8000000000000000,0x0000000000000000,0x0000000000000000,0x00000001,0x00000001,0x8000000200006600,0x8000000a00007e00,0x800000000094112d,0x000000008000af80,0x00000000800000e4,0x0000000000000002,0x000000007c201073,0x0000000000000080,0x6000000000000000,0x00000000000000c0,0x4000b4c3,0x000000008000499c,0x000000004000b4c3,0x0000000000fc1cd1,0x0000000000f36ddb,0x0000000000fc1cd1,0x0000000000f36ddb,0x0000000000000381,0x0000000000006b3d,0x0000000000005f4c,0x000000000076ec5e,0x00000000000064c5,0x000000000065d0b5,0x000000000001435a,0x00000000003d8ca7,0x00000000000000c0,0x0000000000000040,0x00000489,0x8000000000000907,0x0000000007240701,0x03
1783622781806,b,0x0000000080005850,0x0000000080018ed0,0x000000008000f190,0x000000008000f1c0,0x0000000080007a7a,0x000000000000000f,0x00000000800191f0,0x0000000080018f20,0x0000000080019530,0x00000000800191f0,0x0000000080019310,0x0000000000000003,0x0000000000000006,0x00000000800191f0,0x0000000080019278,0x000000008000f201,0x3fe933418d900181,0x0000000000000006,0x000000008000f200,0x0000000000000001,0x0000000000000006,0x0000000000000038,0x0000000000000000,0xffffffffb2cca3ce,0x00000000006c931b,0x3fedd0be6c483ae9,0x00000000800049a4,0x4152076dcf9c0ebf,0x402b4c1eefea0518,0x4012c0f69383dfd8,0x3fe7c9cc9f4e9642,0x4007af1d04ab4dcd,0x4152076dcf9c0ebf,0x414fe4c1a820c49c,0x4129fe69a29c779a,0x41520755040b7803,0x402e61c98029add2,0x0000000000000000,0x0000000000000000,0x00000001,0x00000001,0x8000000200006600,0x8000000a00007e00,0x800000000094112d,0x000000008000af80,0x00000000800000e4,0x0000000000000002,0x000000007c201073,0x0000000000000080,0x6000000000000000,0x00000000000000c0,0x4000b4c3,0x00000000800049a4,0x000000004000b4c3,0x0000000000fd282a,0x0000000000f47333,0x0000000000fd282a,0x0000000000f47333,0x0000000000000384,0x0000000000006b40,0x0000000000005f9a,0x0000000000776c9f,0x00000000000064e8,0x00000000006645f6,0x0000000000014467,0x00000000003dd227,0x00000000000000c0,0x0000000000000040,0x00000489,0x8000000000000907,0x0000000007240701,0x03
1783622783370,b,0x0000000080005744,0x0000000080019060,0x000000008000f190,0x000000008000f1c0,0x0000000080007a7a,0x000000000000000f,0x00000000800191f0,0x00000000800190b0,0x0000000080019530,0x0000000080019310,0x00000000800191f0,0x0000000000000006,0x0000000000000006,0x0000000000000001,0x0000000000000012,0x000000008000f201,0x3fe66e78fe5edc89,0x0000000000000006,0x000000008000f200,0x0000000000000001,0x0000000000000006,0x0000000000000038,0x0000000000000000,0x000000007487cece,0x0000000000698a1e,0x3fedd0be6c43f94b,0x00000000800049e0,0x4152076dcf9c0ebf,0x402b4c1eefea0518,0x4012c0f69383dfd8,0x3fe7c9cc9f4e9642,0x4007af1d04ab4dcd,0x4152076dcf9c0ebf,0x414fe4c9b5844d01,0x4129fe646a4a8c15,0x41520755d3e425af,0x0000000000000000,0x0000000000000000,0x0000000000000000,0x00000001,0x00000001,0x8000000200006600,0x8000000a00007e00,0x800000000094112d,0x000000008000af80,0x00000000800000e4,0x0000000000000002,0x000000007c201073,0x0000000000000080,0x6000000000000000,0x00000000000000c0,0x4000b4c3,0x00000000800049e0,0x000000004000b4c3,0x0000000000fe3679,0x0000000000f57d44,0x0000000000fe3679,0x0000000000f57d44,0x0000000000000387,0x0000000000006b43,0x000000000000600a,0x000000000077f150,0x0000000000006518,0x000000000066b7d9,0x00000000000145cd,0x00000000003e144e,0x00000000000000c0,0x0000000000000040,0x00000489,0x8000000000000907,0x0000000007240701,0x03
1783622784840,b,0x00000000800056f8,0x0000000080019060,0x000000008000f190,0x000000008000f1c0,0x0000000080007a7a,0x000000000000000f,0x0000000080019430,0x00000000800190b0,0x0000000080019530,0x0000000080019548,0x000000008000f238,0x0000000000000006,0x0000000000000006,0x0000000000000002,0x0000000000000006,0x000000008000f201,0x3fe4c989a53decb4,0x0000000000000006,0x000000008000f200,0x0000000000000001,0x0000000000000006,0x0000000000000038,0x0000000000000000,0xffffffffaa1ea2ce,0x0000000000536e80,0x3fedd0be6c410a4f,0x00000000800049d6,0x4152076dcf9c0ebf,0x402b4c1eefea0518,0x4012c0f69383dfd8,0x3fe7c9cc9f4e9642,0x4007af1d04ab4dcd,0x4152076dcf9c0ebf,0x414fe4c833a29c78,0x4129fe6ba7d566cf,0x415207542adc5d64,0x3ff0000000000000,0x0000000000000000,0x0000000000000000,0x00000001,0x00000001,0x8000000200006600,0x8000000a00007e00,0x800000000094112d,0x000000008000af80,0x00000000800000e4,0x0000000000000002,0x000000007c201073,0x0000000000000080,0x6000000000000000,0x00000000000000c0,0x4000b4c3,0x00000000800049d6,0x000000004000b4c3,0x0000000000ff6731,0x0000000000f6a914,0x0000000000ff6731,0x0000000000f6a914,0x000000000000038a,0x0000000000006b46,0x000000000000607a,0x000000000078861f,0x000000000000654a,0x00000000006739a2,0x0000000000014754,0x00000000003e60e6,0x00000000000000c0,0x0000000000000040,0x00000489,0x8000000000000907,0x0000000007240701,0x03
1783622786412,b,0x00000000800057ae,0x0000000080018d90,0x000000008000f190,0x000000008000f1c0,0x0000000080007a7a,0x0000000000000000,0x00000000800191f0,0x0000000080018de0,0x0000000080019530,0x0000000080018f50,0x000000008000f238,0x0000000000000006,0x0000000000000006,0x000000008000f238,0x0000000000000002,0x000000005aefaf9e,0x0000000043f3ec4e,0x0000000000000006,0x000000008000f200,0x0000000000000001,0x0000000000000006,0x0000000000000038,0x0000000000000000,0x000000005ae60c1e,0x000000000055dc95,0x3fedd0be6c410a4f,0x00000000800049d0,0x4152076dcf9c0ebf,0x402b4c1eefea0518,0x4012c0f69383dfd8,0x3fe7c9cc9f4e9642,0x4007af1d04ab4dcd,0x4152076dcf9c0ebf,0x4025772550fcfb14,0x4129fe6ba7d566cf,0x415207542adc5d64,0x8000000000000000,0x3fdcf46da09c9a07,0x8000000000000000,0x00000001,0x00000001,0x8000000200006600,0x8000000a00007e00,0x800000000094112d,0x000000008000af80,0x00000000800000e4,0x0000000000000002,0x000000007c201073,0x0000000000000080,0x6000000000000000,0x00000000000000c0,0x4000b4c3,0x00000000800049d0,0x000000004000b4c3,0x00000000010077b3,0x0000000000f7ba3c,0x00000000010077b3,0x0000000000f7ba3c,0x000000000000038b,0x0000000000006b49,0x00000000000060a7,0x0000000000790941,0x0000000000006567,0x000000000067b063,0x00000000000148a1,0x00000000003eacc7,0x00000000000000c0,0x0000000000000040,0x00000489,0x8000000000000907,0x0000000007240701,0x03
1783622787981,b,0x0000000080005018,0x0000000080018e40,0x000000008000f190,0x000000008000f1c0,0x0000000080007a7a,0x0000000000000000,0x00000000800191f0,0x0000000080018e90,0x0000000080019530,0x0000000000000000,0x0000000050fccb16,0x000000003fe00000,0x4025772550fccb16,0x0000000080019118,0x0000000080019148,0xffffffffe4cfb9de,0x0000000043f32c56,0x0000000000000006,0x000000008000f200,0x0000000000000001,0x0000000000000006,0x0000000000000038,0x0000000000000000,0xffffffffe487298e,0x000000000055dc95,0x3fedd0be6c3f2abd,0x0000000080005128,0x4152076dcf9c0ebf,0x402b4c1eefea0518,0x4012c0f69383dfd8,0x3fe7c9cc9f4e9642,0x4007af1d04ab4dcd,0x4152076dcf9c0ebf,0x4025772550fccb16,0x4129fe63bfe5c91d,0x4152075c1d930be1,0x01a56e1fc2f8f359,0x0000000000000000,0x0000000000000000,0x00000001,0x00000001,0x8000000200006600,0x8000000a00007e00,0x800000000094112d,0x000000008000af80,0x00000000800000e4,0x0000000000000002,0x000000007c201073,0x0000000000000080,0x6000000000000000,0x00000000000000c0,0x4000b4c3,0x0000000080005128,0x000000004000b4c3,0x000000000101989d,0x0000000000f8d709,0x000000000101989d,0x0000000000f8d709,0x000000000000038e,0x0000000000006b4c,0x0000000000006118,0x0000000000799764,0x0000000000006593,0x0000000000682b0e,0x00000000000149de,0x00000000003ef5a0,0x00000000000000c0,0x0000000000000040,0x00000489,0x8000000000000907,0x0000000007240701,0x03
1783622789538,b,0x0000000080005744,0x0000000080019060,0x000000008000f190,0x000000008000f1c0,0x0000000080007a7a,0x000000000000000f,0x00000000800191f0,0x00000000800190b0,0x0000000080019530,0x0000000080019310,0x00000000800191f0,0x0000000000000006,0x0000000000000006,0x0000000000000005,0x000000000000001d,0x000000008000f201,0x3fe760f25b3fa910,0x0000000000000006,0x000000008000f200,0x0000000000000001,0x0000000000000006,0x0000000000000038,0x0000000000000000,0x00000000082989ee,0x0000000000478106,0x3fedd0be6c3e1fcc,0x00000000800049be,0x4152076dcf9c0ebf,0x402b4c1eefea0518,0x4012c0f69383dfd8,0x3fe7c9cc9f4e9642,0x4007af1d04ab4dcd,0x4152076dcf9c0ebf,0x414fe4c240d844d0,0x4129fe63910cb296,0x41520750e664c2f8,0x3fedd0be6c3e1fc9,0x0000000000000000,0x0000000000000000,0x00000001,0x00000001,0x8000000200006600,0x8000000a00007e00,0x800000000094112d,0x000000008000af80,0x00000000800000e4,0x0000000000000002,0x000000007c201073,0x0000000000000080,0x6000000000000000,0x00000000000000c0,0x4000b4c3,0x00000000800049be,0x000000004000b4c3,0x000000000102b095,0x0000000000f9e805,0x000000000102b095,0x0000000000f9e805,0x0000000000000391,0x0000000000006b4f,0x0000000000006174,0x00000000007a1c7f,0x00000000000065ba,0x000000000068a5a5,0x0000000000014b2b,0x00000000003f3db2,0x00000000000000c0,0x0000000000000040,0x00000489,0x8000000000000907,0x0000000007240701,0x03
1783622791133,b,0x000000008000571c,0x0000000080019070,0x000000008000f190,0x000000008000f1c0,0x0000000080007a7a,0x000000000000000f,0x0000000080019310,0x00000000800190b0,0x0000000080019530,0x0000000080019548,0x00000000800191f0,0x0000000000000006,0x00000000800191f0,0x0000000000000003,0x0000000000000003,0x000000008000f201,0x3fde526d728cf7fe,0x0000000000000006,0x000000008000f200,0x0000000000000001,0x0000000000000006,0x0000000000000038,0x0000000000000000,0xffffffff9c79d0ee,0x0000000000739675,0x3fedd0be6c3db6ea,0x0000000080004b4e,0x4152076dcf9c0ebf,0x402b4c1eefea0518,0x4012c0f69383dfd8,0x3fe7c9cc9f4e9642,0x4007af1d04ab4dcd,0x4152076dcf9c0ebf,0x414fe4c2df837b4a,0x4129fe7e0d9e83e4,0x41520757c386c227,0x3ff0000000000000,0x0000000000000000,0x0000000000000000,0x00000001,0x00000001,0x8000000200006600,0x8000000a00007e00,0x800000000094112d,0x000000008000af80,0x00000000800000e4,0x0000000000000002,0x000000007c201073,0x0000000000000080,0x6000000000000000,0x00000000000000c0,0x4000b4c3,0x0000000080004b4e,0x000000004000b4c3,0x000000000103eca0,0x0000000000fb1fcd,0x000000000103eca0,0x0000000000fb1fcd,0x0000000000000395,0x0000000000006b52,0x00000000000061e2,0x00000000007ab6d6,0x00000000000065ee,0x0000000000692c43,0x0000000000014cc0,0x00000000003f8d66,0x00000000000000c0,0x0000000000000040,0x00000489,0x8000000000000907,0x0000000007240701,0x03
1783622792758,b,0x00000000800056f8,0x0000000080019060,0x000000008000f190,0x000000008000f1c0,0x0000000080007a7a,0x000000000000000f,0x0000000080019430,0x00000000800190b0,0x0000000080019530,0x0000000080019548,0x000000008000f238,0x0000000000000006,0x0000000000000006,0x0000000000000000,0x0000000000000000,0x000000008000f201,0x3fe012562299d540,0x0000000000000006,0x000000008000f200,0x0000000000000001,0x0000000000000006,0x0000000000000038,0x0000000000000000,0xffffffff8e0dcb80,0x000000000052179d,0x3fedd0be6c3dc559,0x00000000800049bc,0x4152076dcf9c0ebf,0x402b4c1eefea0518,0x4012c0f69383dfd8,0x3fe7c9cc9f4e9642,0x4007af1d04ab4dcd,0x4152076dcf9c0ebf,0x414fe4c1c676c8b4,0x4129fe6d883126e9,0x41520757812d7732,0x3ff0000000000000,0x0000000000000000,0x0000000000000000,0x00000001,0x00000001,0x8000000200006600,0x8000000a00007e00,0x800000000094112d,0x000000008000af80,0x00000000800000e4,0x0000000000000002,0x000000007c201073,0x0000000000000080,0x6000000000000000,0x00000000000000c0,0x4000b4c3,0x00000000800049bc,0x000000004000b4c3,0x000000000105275e,0x0000000000fc5650,0x000000000105275e,0x0000000000fc5650,0x0000000000000399,0x0000000000006b55,0x0000000000006243,0x00000000007b5083,0x0000000000006622,0x000000000069b296,0x0000000000014e55,0x00000000003fdcf1,0x00000000000000c0,0x0000000000000040,0x00000489,0x8000000000000907,0x0000000007240701,0x03
1783622794241,b,0x0000000080006260,0x0000000080019230,0x000000008000f190,0x000000008000f1c0,0x402a6014520f61f9,0x0000000000000000,0x0000000000000000,0x0000000080019440,0x0000000080019530,0x0000000080019698,0x00000000800194a0,0x000000008000f238,0x00000000800003f0,0x00000000800194a0,0x0000000000000004,0xffffffffa4f9f77d,0xffffffffb36bd9e4,0x0000000000000006,0x000000008000f200,0x0000000000000001,0x0000000000000006,0x0000000000000038,0x0000000000000000,0xffffffffa4f9d678,0x00000000004537c2,0x3fedd0be6c3e2798,0x0000000080005bdc,0x4152076dcf9c0ebf,0x402b4c1eefea0518,0x4012c0f69383dfd8,0x3fe7c9cc9f4e9642,0x4007af1d04ab4dcd,0x4152076dcf9c0ebf,0x40114df0acdaf679,0x4129fe6d883126e9,0x41520757812d7732,0x01a56e1fc2f8f359,0x0000000000000000,0x3fdcf46da09c99cf,0x00000001,0x00000001,0x8000000200006600,0x8000000a00007e00,0x800000000094112d,0x000000008000af80,0x00000000800000e4,0x0000000000000002,0x000000007c201073,0x0000000000000080,0x6000000000000000,0x00000000000000c0,0x4000b4c3,0x0000000080005bdc,0x000000004000b4c3,0x000000000106722c,0x0000000000fda0ca,0x000000000106722c,0x0000000000fda0ca,0x000000000000039b,0x0000000000006b58,0x000000000000628c,0x00000000007befc4,0x0000000000006645,0x00000000006a42bb,0x0000000000014fd4,0x00000000004038c8,0x00000000000000c0,0x0000000000000040,0x00000489,0x8000000000000907,0x0000000007240701,0x03
1783622795845,b,0x00000000800057ae,0x0000000080018d90,0x000000008000f190,0x000000008000f1c0,0x0000000080007a7a,0x0000000000000000,0x00000000800191f0,0x0000000080018de0,0x0000000080019530,0x0000000080018f50,0x000000008000f238,0x0000000000000006,0x0000000000000006,0x0000000000000005,0x000000000000000b,0xffffffffdeff6ba6,0x0000000043f18d30,0x0000000000000006,0x000000008000f200,0x0000000000000001,0x0000000000000006,0x0000000000000038,0x0000000000000000,0xffffffffdee10b80,0x000000000055dc95,0x3fedd0be6c3e2798,0x00000000800049be,0x4152076dcf9c0ebf,0x402b4c1eefea0518,0x4012c0f69383dfd8,0x3fe7c9cc9f4e9642,0x4007af1d04ab4dcd,0x4152076dcf9c0ebf,0x4025772550fc634c,0x4129fe83c4a8c155,0x4152075d9322d0e5,0x3ff0000000000000,0x0000000000000000,0x0000000000000000,0x00000001,0x00000001,0x8000000200006600,0x8000000a00007e00,0x800000000094112d,0x000000008000af80,0x00000000800000e4,0x0000000000000002,0x000000007c201073,0x0000000000000080,0x6000000000000000,0x00000000000000c0,0x4000b4c3,0x00000000800049be,0x000000004000b4c3,0x000000000107bae5,0x0000000000fee5a7,0x000000000107bae5,0x0000000000fee5a7,0x000000000000039f,0x0000000000006b5c,0x00000000000062e3,0x00000000007c8f2a,0x0000000000006675,0x00000000006ad06d,0x0000000000015170,0x0000000000408d7b,0x00000000000000c0,0x0000000000000040,0x00000489,0x8000000000000907,0x0000000007240701,0x03
1783622797354,b,0x000000008000583a,0x0000000080018ed0,0x000000008000f190,0x000000008000f1c0,0x0000000080007a7a,0x000000000000000f,0x00000000800191f0,0x0000000080018f20,0x0000000080019530,0x00000000800194a0,0x000000008000f238,0x0000000000000003,0x0000000000000006,0x00000000800191f0,0x0000000000000060,0x000000008000f201,0x3fe7c71ed25f43da,0x0000000000000006,0x000000008000f200,0x0000000000000001,0x0000000000000006,0x0000000000000038,0x0000000000000000,0xffffffff95d260f8,0x000000000060c1f9,0x3fedd0be6c3ec0b8,0x00000000800049ea,0x4152076dcf9c0ebf,0x402b4c1eefea0518,0x4012c0f69383dfd8,0x3fe7c9cc9f4e9642,0x4007af1d04ab4dcd,0x4152076dcf9c0ebf,0x414fe4c797d21ff3,0x4129fe7b03afb7e9,0x4152075639b22d0e,0x0000000000000000,0x0000000000000000,0x0000000000000000,0x00000001,0x00000001,0x8000000200006600,0x8000000a00007e00,0x800000000094112d,0x000000008000af80,0x00000000800000e4,0x0000000000000002,0x000000007c201073,0x0000000000000080,0x6000000000000000,0x00000000000000c0,0x4000b4c3,0x00000000800049ea,0x000000004000b4c3,0x000000000108bdf2,0x0000000000ffe282,0x000000000108bdf2,0x0000000000ffe282,0x00000000000003a3,0x0000000000006b5f,0x0000000000006333,0x00000000007d0b5c,0x0000000000006697,0x00000000006b419a,0x0000000000015275,0x000000000040d074,0x00000000000000c0,0x0000000000000040,0x00000489,0x8000000000000907,0x0000000007240701,0x03
1783622798940,b,0x000000008000571c,0x0000000080019070,0x000000008000f190,0x000000008000f1c0,0x0000000080007a7a,0x000000000000000f,0x0000000080019310,0x00000000800190b0,0x0000000080019530,0x0000000080019548,0x00000000800191f0,0x0000000000000006,0x00000000800191f0,0x0000000000000001,0x0000000000000000,0x000000008000f201,0x3fe53178a5e6f3a0,0x0000000000000006,0x000000008000f200,0x0000000000000001,0x0000000000000006,0x0000000000000038,0x0000000000000000,0xffffffffda971de0,0x000000000078f507,0x3fedd0be6c3f79a7,0x0000000080004b9c,0x4152076dcf9c0ebf,0x402b4c1eefea0518,0x4012c0f69383dfd8,0x3fe7c9cc9f4e9642,0x4007af1d04ab4dcd,0x4152076dcf9c0ebf,0x414fe4be21b3d07d,0x4129fe714b439581,0x41520759c3367a10,0x3ff0000000000000,0x0000000000000000,0x0000000000000000,0x00000001,0x00000001,0x8000000200006600,0x8000000a00007e00,0x800000000094112d,0x000000008000af80,0x00000000800000e4,0x0000000000000002,0x000000007c201073,0x0000000000000080,0x6000000000000000,0x00000000000000c0,0x4000b4c3,0x0000000080004b9c,0x000000004000b4c3,0x000000000109bff2,0x000000000100dfc5,0x000000000109bff2,0x000000000100dfc5,0x00000000000003a8,0x0000000000006b62,0x000000000000639e,0x00000000007d8a27,0x00000000000066c6,0x00000000006bae82,0x00000000000153ce,0x0000000000410f3d,0x00000000000000c0,0x0000000000000040,0x00000489,0x8000000000000907,0x0000000007240701,0x03
1783622800467,b,0x0000000080006260,0x0000000080019230,0x000000008000f190,0x000000008000f1c0,0x402a6014520d44b7,0x0000000000000000,0x0000000000000000,0x0000000080019440,0x0000000080019530,0x0000000080019698,0x00000000800194a0,0x000000008000f238,0x00000000800003f0,0x0000000000000002,0x0000000000000060,0x00000000135beffc,0xfffffffff6a99ab0,0x0000000000000006,0x000000008000f200,0x0000000000000001,0x0000000000000006,0x0000000000000038,0x0000000000000000,0x000000001313e380,0x00000000005e5ac1,0x3fedd0be6c404079,0x0000000080005cba,0x4152076dcf9c0ebf,0x402b4c1eefea0518,0x4012c0f69383dfd8,0x3fe7c9cc9f4e9642,0x4007af1d04ab4dcd,0x4152076dcf9c0ebf,0x402796b07daa66ac,0x4129fe714b439581,0x41520759c3367a10,0x01a56e1fc2f8f359,0x0000000000000000,0x0000000000000000,0x00000001,0x00000001,0x8000000200006600,0x8000000a00007e00,0x800000000094112d,0x000000008000af80,0x00000000800000e4,0x0000000000000002,0x000000007c201073,0x0000000000000080,0x6000000000000000,0x00000000000000c0,0x4000b4c3,0x0000000080005cba,0x000000004000b4c3,0x00000000010af079,0x0000000001020cbd,0x00000000010af079,0x0000000001020cbd,0x00000000000003ac,0x0000000000006b66,0x00000000000063f4,0x00000000007e1e95,0x00000000000066e7,0x00000000006c31bf,0x000000000001553f,0x0000000000415e33,0x00000000000000c0,0x0000000000000040,0x00000489,0x8000000000000907,0x0000000007240701,0x03
1783622801975,b,0x00000000800058f2,0x0000000080018ed0,0x000000008000f190,0x000000008000f1c0,0x0000000080007a7a,0x0000000000000000,0x00000000800191f0,0x0000000080018f20,0x0000000080019530,0x00000000800193a0,0x00000000800194a0,0x0000000000000006,0x0000000000000003,0x0000000000000003,0x0000000000000005,0x000000004e78bf3b,0x0000000043f13594,0x0000000000000006,0x000000008000f200,0x0000000000000001,0x0000000000000006,0x0000000000000038,0x0000000000000000,0x000000004e10b138,0x000000000055dc95,0x3fedd0be6c404079,0x0000000080004a1c,0x4152076dcf9c0ebf,0x402b4c1eefea0518,0x4012c0f69383dfd8,0x3fe7c9cc9f4e9642,0x4007af1d04ab4dcd,0x4152076dcf9c0ebf,0x4025772550fc4d65,0x4129fe682b0f27bb,0x4152075ac25119ce,0x3fc0e154af647cad,0x0000000000000000,0x3fc0e154af647cad,0x00000001,0x00000001,0x8000000200006600,0x8000000a00007e00,0x800000000094112d,0x000000008000af80,0x00000000800000e4,0x0000000000000002,0x000000007c201073,0x0000000000000080,0x6000000000000000,0x00000000000000c0,0x4000b4c3,0x0000000080004a1c,0x000000004000b4c3,0x00000000010bff86,0x0000000001031a27,0x00000000010bff86,0x0000000001031a27,0x00000000000003ae,0x0000000000006b69,0x0000000000006450,0x00000000007ea0d0,0x0000000000006714,0x00000000006ca5e4,0x0000000000015699,0x000000000041a6d7,0x00000000000000c0,0x0000000000000040,0x00000489,0x8000000000000907,0x0000000007240701,0x03
1783622803526,b,0x0000000080005850,0x0000000080018ed0,0x000000008000f190,0x000000008000f1c0,0x0000000080007a7a,0x000000000000000f,0x00000000800191f0,0x0000000080018f20,0x0000000080019530,0x00000000800191f0,0x0000000080019310,0x0000000000000003,0x0000000000000006,0x00000000800191f0,0x00000000800191f8,0x000000008000f201,0x3fe97ce666e593d4,0x0000000000000006,0x000000008000f200,0x0000000000000001,0x0000000000000006,0x0000000000000038,0x0000000000000000,0xffffffff9979ae8e,0x0000000000756a3d,0x3fedd0be6c4107ab,0x00000000800049a6,0x4152076dcf9c0ebf,0x402b4c1eefea0518,0x4012c0f69383dfd8,0x3fe7c9cc9f4e9642,0x4007af1d04ab4dcd,0x4152076dcf9c0ebf,0x414fe4c3db2fec57,0x4129fe6bc2de00d2,0x4152075a58d1b717,0x3fe1aec7af362c6b,0x0000000000000000,0x0000000000000000,0x00000001,0x00000001,0x8000000200006600,0x8000000a00007e00,0x800000000094112d,0x000000008000af80,0x00000000800000e4,0x0000000000000002,0x000000007c201073,0x0000000000000080,0x6000000000000000,0x00000000000000c0,0x4000b4c3,0x00000000800049a6,0x000000004000b4c3,0x00000000010d2a14,0x0000000001043e56,0x00000000010d2a14,0x0000000001043e56,0x00000000000003b2,0x0000000000006b6c,0x000000000000649b,0x00000000007f2f7b,0x000000000000673a,0x00000000006d28a4,0x00000000000157cb,0x000000000041f541,0x00000000000000c0,0x0000000000000040,0x00000489,0x8000000000000907,0x0000000007240701,0x03
1783622804905,b,0x000000008000575e,0x0000000080019070,0x000000008000f190,0x000000008000f1c0,0x0000000080007a7a,0x000000000000000f,0x00000000800191f0,0x00000000800190b0,0x0000000080019530,0x00000000800190d0,0x00000000800002d0,0x000000008000f238,0x0000000000000006,0x0000000000000002,0x0000000000000006,0x000000008000f201,0x3feaf1bd569e3af4,0x0000000000000006,0x000000008000f200,0x0000000000000001,0x0000000000000006,0x0000000000000038,0x0000000000000000,0xfffffffffe05511e,0x00000000005e7984,0x3fedd0be6c41c575,0x0000000080004c26,0x4152076dcf9c0ebf,0x402b4c1eefea0518,0x4012c0f69383dfd8,0x3fe7c9cc9f4e9642,0x4007af1d04ab4dcd,0x4152076dcf9c0ebf,0x414fe4c1869e1b09,0x4129fe6500418937,0x4152075cd3df3b64,0x3fc17a1e17d22d4d,0x4016207f14426f19,0x0000000000000000,0x00000001,0x00000001,0x8000000200006600,0x8000000a00007e00,0x800000000094112d,0x000000008000af80,0x00000000800000e4,0x0000000000000002,0x000000007c201073,0x0000000000000080,0x6000000000000000,0x00000000000000c0,0x4000b4c3,0x0000000080004c26,0x000000004000b4c3,0x00000000010e5fc7,0x0000000001056f1f,0x00000000010e5fc7,0x0000000001056f1f,0x00000000000003b5,0x0000000000006b6f,0x0000000000006516,0x00000000007fc686,0x000000000000676b,0x00000000006dac7e,0x0000000000015950,0x000000000042430d,0x00000000000000c0,0x0000000000000040,0x00000489,0x8000000000000907,0x0000000007240701,0x03
1783622806480,b,0x0000000080005744,0x0000000080019060,0x000000008000f190,0x000000008000f1c0,0x0000000080007a7a,0x000000000000000f,0x00000000800191f0,0x00000000800190b0,0x0000000080019530,0x0000000080019310,0x00000000800191f0,0x0000000000000006,0x0000000000000006,0x0000000000000004,0x0000000000000006,0x000000008000f201,0x3feeea8429e12c3c,0x0000000000000006,0x000000008000f200,0x0000000000000001,0x0000000000000006,0x0000000000000038,0x0000000000000000,0x0000000013e3c3f8,0x00000000007350be,0x3fedd0be6c42732b,0x00000000800049b0,0x4152076dcf9c0ebf,0x402b4c1eefea0518,0x4012c0f69383dfd8,0x3fe7c9cc9f4e9642,0x4007af1d04ab4dcd,0x4152076dcf9c0ebf,0x414fe4c10beab368,0x4129fe7ce9446738,0x4152075b14346dc6,0x0000000000000000,0x0000000000000000,0x0000000000000000,0x00000001,0x00000001,0x8000000200006600,0x8000000a00007e00,0x800000000094112d,0x000000008000af80,0x00000000800000e4,0x0000000000000002,0x000000007c201073,0x0000000000000080,0x6000000000000000,0x00000000000000c0,0x4000b4c3,0x00000000800049b0,0x000000004000b4c3,0x00000000010fb4c9,0x000000000106bfa5,0x00000000010fb4c9,0x000000000106bfa5,0x00000000000003b8,0x0000000000006b72,0x0000000000006584,0x0000000000806c8c,0x00000000000067a0,0x00000000006e3e32,0x0000000000015af9,0x00000000004299f4,0x00000000000000c0,0x0000000000000040,0x00000489,0x8000000000000907,0x0000000007240701,0x03
1783622808082,b,0x000000008000626c,0x0000000080019420,0x000000008000f190,0x000000008000f1c0,0x402a6014520ced46,0x0000000000000000,0x0000000000000000,0x0000000080019440,0x0000000080019530,0x0000000080019698,0x00000000800194a0,0x000000008000f238,0x00000000800003f0,0x000000008000f358,0x000000008000f1d0,0xffffffffcb7f7978,0x000000004d6ddc6c,0x0000000000000006,0x000000008000f200,0x0000000000000001,0x0000000000000006,0x0000000000000038,0x0000000000000000,0xffffffffcb1f1938,0x00000000004316b6,0x3fedd0be6c430ca6,0x0000000080005948,0x4152076dcf9c0ebf,0x402b4c1eefea0518,0x4012c0f69383dfd8,0x3fe7c9cc9f4e9642,0x4007af1d04ab4dcd,0x4152076dcf9c0ebf,0x4000737fdf21d4f0,0x4129fe7ce9446738,0x4152075b14346dc6,0x0000000000000000,0x40455c8f169d53bb,0x404338dbf8466748,0x00000001,0x00000001,0x8000000200006600,0x8000000a00007e00,0x800000000094112d,0x000000008000af80,0x00000000800000e4,0x0000000000000002,0x000000007c201073,0x0000000000000080,0x6000000000000000,0x00000000000000c0,0x4000b4c3,0x0000000080005948,0x000000004000b4c3,0x000000000110cba3,0x000000000107d171,0x000000000110cba3,0x000000000107d171,0x00000000000003ba,0x0000000000006b75,0x00000000000065d9,0x000000000080f3fd,0x00000000000067c0,0x00000000006eb69d,0x0000000000015c55,0x000000000042e0ec,0x00000000000000c0,0x0000000000000040,0x00000489,0x8000000000000907,0x0000000007240701,0x03
1783622809593,b,0x00000000800057ae,0x0000000080018d90,0x000000008000f190,0x000000008000f1c0,0x0000000080007a7a,0x0000000000000000,0x00000000800191f0,0x0000000080018de0,0x0000000080019530,0x0000000080018f50,0x000000008000f238,0x0000000000000006,0x0000000000000006,0x0000000000000000,0x0000000000000006,0x00000000592b3e78,0x0000000043f13654,0x0000000000000006,0x000000008000f200,0x0000000000000001,0x0000000000000006,0x0000000000000038,0x0000000000000000,0x0000000059283a38,0x000000000055dc95,0x3fedd0be6c430ca6,0x000000008000498e,0x4152076dcf9c0ebf,0x402b4c1eefea0518,0x4012c0f69383dfd8,0x3fe7c9cc9f4e9642,0x4007af1d04ab4dcd,0x4152076dcf9c0ebf,0x4025772550fc4d95,0x4129fe73b212d773,0x41520758538ef34d,0x8000000000000000,0x0000000000000000,0x0000000000000000,0x00000001,0x00000001,0x8000000200006600,0x8000000a00007e00,0x800000000094112d,0x000000008000af80,0x00000000800000e4,0x0000000000000002,0x000000007c201073,0x0000000000000080,0x6000000000000000,0x00000000000000c0,0x4000b4c3,0x000000008000498e,0x000000004000b4c3,0x000000000111ea6f,0x000000000108f040,0x000000000111ea6f,0x000000000108f040,0x00000000000003bd,0x0000000000006b78,0x0000000000006634,0x0000000000817e8f,0x00000000000067ef,0x00000000006f319c,0x0000000000015dc5,0x0000000000432ebd,0x00000000000000c0,0x0000000000000040,0x00000489,0x8000000000000907,0x0000000007240701,0x03
1783622811280,b,0x0000000080009fc2,0x0000000080018dc0,0x000000008000f190,0x000000008000f1c0,0x0000000080007a7a,0x0000000020000000,0x00000000800191f0,0x0000000080018e40,0x0000000080018f00,0x00000000005869e6,0x0000000000000000,0x000000000095473e,0x0000000000000002,0x00000000002c34f3,0x000000000a000000,0x000000000095473e,0x0000000000000000,0x0000000000000006,0x000000008000f200,0x0000000000000001,0x0000000000000006,0x0000000000000038,0x000000000000001e,0x000000000a000000,0x00000000005869e6,0x3fedd0be6c438fbd,0x000000008000a0ea,0x4152076dcf9c0ebf,0x402b4c1eefea0518,0x4012c0f69383dfd8,0x3fe7c9cc9f4e9642,0x4007af1d04ab4dcd,0x403e88fa391e4305,0x403e88fa391e4305,0x4129fe646d42c3ca,0x41520759c1566cf4,0x01a56e1fc2f8f359,0x0000000000000000,0x403e88fa391e4305,0x00000001,0x00000001,0x8000000200006600,0x8000000a00007e00,0x800000000094112d,0x000000008000af80,0x00000000800000e4,0x0000000000000002,0x000000007c201073,0x0000000000000080,0x6000000000000000,0x00000000000000c0,0x4000b4c3,0x000000008000a0ea,0x000000004000b4c3,0x0000000001131504,0x00000000010a1519,0x0000000001131504,0x00000000010a1519,0x00000000000003c0,0x0000000000006b7b,0x000000000000669a,0x0000000000820ee6,0x0000000000006816,0x00000000006fb332,0x0000000000015eff,0x0000000000437bfc,0x00000000000000c0,0x0000000000000040,0x00000489,0x8000000000000907,0x0000000007240701,0x03
1783622812904,b,0x0000000080005744,0x0000000080019060,0x000000008000f190,0x000000008000f1c0,0x0000000080007a7a,0x000000000000000f,0x00000000800191f0,0x00000000800190b0,0x0000000080019530,0x0000000080019310,0x00000000800191f0,0x0000000000000006,0x0000000000000006,0x0000000000000006,0x0000000000000006,0x000000008000f201,0x3fec796976d1d714,0x0000000000000006,0x000000008000f200,0x0000000000000001,0x0000000000000006,0x0000000000000038,0x0000000000000000,0xffffffffa327817e,0x000000000040aa76,0x3fedd0be6c43fbd4,0x0000000080004a18,0x4152076dcf9c0ebf,0x402b4c1eefea0518,0x4012c0f69383dfd8,0x3fe7c9cc9f4e9642,0x4007af1d04ab4dcd,0x4152076dcf9c0ebf,0x414fe4c256dc5d64,0x4129fe7cf07c84b6,0x4152075b43b4a234,0x3ff117a2f91c45f3,0x0000000000000000,0x3ff117a2f91c45f3,0x00000001,0x00000001,0x8000000200006600,0x8000000a00007e00,0x800000000094112d,0x000000008000af80,0x00000000800000e4,0x0000000000000002,0x000000007c201073,0x0000000000000080,0x6000000000000000,0x00000000000000c0,0x4000b4c3,0x0000000080004a18,0x000000004000b4c3,0x0000000001142a7e,0x00000000010b24d7,0x0000000001142a7e,0x00000000010b24d7,0x00000000000003c3,0x0000000000006b7e,0x00000000000066f6,0x0000000000829502,0x0000000000006842,0x0000000000702ae4,0x0000000000016054,0x000000000043c1bc,0x00000000000000c0,0x0000000000000040,0x00000489,0x8000000000000907,0x0000000007240701,0x03
1783622814517,b,0x00000000800056f8,0x0000000080019060,0x000000008000f190,0x000000008000f1c0,0x0000000080007a7a,0x000000000000000f,0x0000000080019430,0x00000000800190b0,0x0000000080019530,0x0000000080019548,0x000000008000f238,0x0000000000000006,0x0000000000000006,0x0000000080019310,0x0000000080019370,0x000000008000f201,0x3fed4156932162e7,0x0000000000000006,0x000000008000f200,0x0000000000000001,0x0000000000000006,0x0000000000000038,0x0000000000000000,0x000000006f38139e,0x0000000000632f9d,0x3fedd0be6c445178,0x0000000080004984,0x4152076dcf9c0ebf,0x402b4c1eefea0518,0x4012c0f69383dfd8,0x3fe7c9cc9f4e9642,0x4007af1d04ab4dcd,0x4152076dcf9c0ebf,0x414fe4bd7eecbfb1,0x4129fe5ee1bda512,0x4152075575724745,0x0000000000000000,0x0000000000000000,0x0000000000000000,0x00000001,0x00000001,0x8000000200006600,0x8000000a00007e00,0x800000000094112d,0x000000008000af80,0x00000000800000e4,0x0000000000000002,0x000000007c201073,0x0000000000000080,0x6000000000000000,0x00000000000000c0,0x4000b4c3,0x0000000080004984,0x000000004000b4c3,0x00000000011549f6,0x00000000010c3f00,0x00000000011549f6,0x00000000010c3f00,0x00000000000003c9,0x0000000000006b81,0x000000000000677d,0x000000000083216e,0x0000000000006874,0x000000000070a439,0x00000000000161cf,0x00000000004408f8,0x00000000000000c0,0x0000000000000040,0x00000489,0x8000000000000907,0x0000000007240701,0x03
1783622816137,b,0x0000000080006260,0x0000000080019230,0x000000008000f190,0x000000008000f1c0,0x402a6014520d66de,0x0000000000000000,0x0000000000000000,0x0000000080019440,0x0000000080019530,0x0000000080019698,0x00000000800194a0,0x000000008000f238,0x00000000800003f0,0x0000000000000000,0x0000000000000000,0x00000000246dfcdf,0xffffffffa4ebe992,0x0000000000000006,0x000000008000f200,0x0000000000000001,0x0000000000000006,0x0000000000000038,0x0000000000000000,0x00000000246c745e,0x000000000061b5af,0x3fedd0be6c449209,0x0000000080005bbe,0x4152076dcf9c0ebf,0x402b4c1eefea0518,0x4012c0f69383dfd8,0x3fe7c9cc9f4e9642,0x4007af1d04ab4dcd,0x4152076dcf9c0ebf,0x40386d6be93afa65,0x4129fe5ee1bda512,0x4152075575724745,0x01a56e1fc2f8f359,0x3fdcf46da09c9984,0x3fdcf46da09c9984,0x00000001,0x00000001,0x8000000200006600,0x8000000a00007e00,0x800000000094112d,0x000000008000af80,0x00000000800000e4,0x0000000000000002,0x000000007c201073,0x0000000000000080,0x6000000000000000,0x00000000000000c0,0x4000b4c3,0x0000000080005bbe,0x000000004000b4c3,0x0000000001168162,0x00000000010d762c,0x0000000001168162,0x00000000010d762c,0x00000000000003cc,0x0000000000006b84,0x00000000000067cb,0x000000000083b787,0x0000000000006897,0x0000000000712b4f,0x0000000000016340,0x0000000000445ef6,0x00000000000000c0,0x0000000000000040,0x00000489,0x8000000000000907,0x0000000007240701,0x03
1783622817552,b,0x00000000800058f2,0x0000000080018ed0,0x000000008000f190,0x000000008000f1c0,0x0000000080007a7a,0x0000000000000000,0x00000000800191f0,0x0000000080018f20,0x0000000080019530,0x00000000800193a0,0x00000000800194a0,0x0000000000000006,0x0000000000000003,0x00000000800193a0,0x0000000080019408,0xffffffffe9f3f77f,0x0000000043f155e4,0x0000000000000006,0x000000008000f200,0x0000000000000001,0x0000000000000006,0x0000000000000038,0x0000000000000000,0xffffffffe9f36678,0x000000000055dc95,0x3fedd0be6c449209,0x00000000800049a4,0x4152076dcf9c0ebf,0x402b4c1eefea0518,0x4012c0f69383dfd8,0x3fe7c9cc9f4e9642,0x4007af1d04ab4dcd,0x4152076dcf9c0ebf,0x4025772550fc5579,0x4129fe70074538ef,0x4152075b1c2c3c9f,0x0000000000000000,0x0000000000000000,0x0000000000000000,0x00000001,0x00000001,0x8000000200006600,0x8000000a00007e00,0x800000000094112d,0x000000008000af80,0x00000000800000e4,0x0000000000000002,0x000000007c201073,0x0000000000000080,0x6000000000000000,0x00000000000000c0,0x4000b4c3,0x00000000800049a4,0x000000004000b4c3,0x000000000117aa86,0x00000000010e9b96,0x000000000117aa86,0x00000000010e9b96,0x00000000000003ce,0x0000000000006b87,0x0000000000006812,0x0000000000844825,0x00000000000068c4,0x000000000071ab12,0x00000000000164b7,0x000000000044aac1,0x00000000000000c0,0x0000000000000040,0x00000489,0x8000000000000907,0x0000000007240701,0x03
1783622819125,b,0x0000000080009fc2,0x0000000080018dc0,0x000000008000f190,0x000000008000f1c0,0x0000000080007a7a,0x000000000055dc88,0x00000000800191f0,0x0000000080018e40,0x0000000080018f08,0x000000000055dc90,0x0000000000000008,0x0000000000388310,0x0000000000000003,0x00000000002aee48,0xffffffffb3c80000,0x0000000000000001,0x0000000000000004,0x0000000000000006,0x000000008000f200,0x0000000000000001,0x0000000000000006,0x0000000000000038,0x0000000000000000,0xfffffffff71c456e,0x00000000005869e6,0x3fedd0be6c44bf72,0x000000008000a0d0,0x4152076dcf9c0ebf,0x402b4c1eefea0518,0x4012c0f69383dfd8,0x3fe7c9cc9f4e9642,0x4007af1d04ab4dcd,0x405ccc3930021679,0x405ccc3930021679,0x4129fe6c20b78034,0x4152075b8519ce07,0x01a56e1fc2f8f359,0x0000000000000000,0x405ccc3930021679,0x00000001,0x00000001,0x8000000200006600,0x8000000a00007e00,0x800000000094112d,0x000000008000af80,0x00000000800000e4,0x0000000000000002,0x000000007c201073,0x0000000000000080,0x6000000000000000,0x00000000000000c0,0x4000b4c3,0x000000008000a0d0,0x000000004000b4c3,0x000000000118ee4e,0x00000000010fdaa9,0x000000000118ee4e,0x00000000010fdaa9,0x00000000000003d3,0x0000000000006b8a,0x0000000000006874,0x000000000084e5b6,0x00000000000068f0,0x00000000007236be,0x0000000000016617,0x000000000044fe63,0x00000000000000c0,0x0000000000000040,0x00000489,0x8000000000000907,0x0000000007240701,0x03
1783622820625,b,0x0000000080005820,0x0000000080018ed0,0x000000008000f190,0x000000008000f1c0,0x0000000080007a7a,0x000000000000000f,0x00000000800191f0,0x0000000080018f20,0x0000000080019530,0x000000008000f238,0x0000000080019310,0x0000000000000006,0x0000000000000006,0x0000000000000001,0x0000000000000000,0x000000008000f201,0x3fe8a10471fab4eb,0x0000000000000006,0x000000008000f200,0x0000000000000001,0x0000000000000006,0x0000000000000038,0x0000000000000000,0xffffffffd7c04338,0x000000000056b817,0x3fedd0be6c44dbf3,0x00000000800049e0,0x4152076dcf9c0ebf,0x402b4c1eefea0518,0x4012c0f69383dfd8,0x3fe7c9cc9f4e9642,0x4007af1d04ab4dcd,0x4152076dcf9c0ebf,0x414fe4c0c7aacd9f,0x4129fe68bf8a0903,0x41520758122b6ae8,0x401623e8e4790c0a,0x0000000000000000,0x0000000000000000,0x00000001,0x00000001,0x8000000200006600,0x8000000a00007e00,0x800000000094112d,0x000000008000af80,0x00000000800000e4,0x0000000000000002,0x000000007c201073,0x0000000000000080,0x6000000000000000,0x00000000000000c0,0x4000b4c3,0x00000000800049e0,0x000000004000b4c3,0x00000000011a14c1,0x000000000110fb26,0x00000000011a14c1,0x000000000110fb26,0x00000000000003d6,0x0000000000006b8d,0x00000000000068d2,0x00000000008572da,0x000000000000691e,0x000000000072b69c,0x000000000001677e,0x00000000004549a7,0x00000000000000c0,0x0000000000000040,0x00000489,0x8000000000000907,0x0000000007240701,0x03
1783622822241,b,0x000000008000571c,0x0000000080019070,0x000000008000f190,0x000000008000f1c0,0x0000000080007a7a,0x000000000000000f,0x0000000080019310,0x00000000800190b0,0x0000000080019530,0x0000000080019548,0x00000000800191f0,0x0000000000000006,0x00000000800191f0,0x0000000000000005,0x000000000000001e,0x000000008000f201,0x3fe52cb1204bd383,0x0000000000000006,0x000000008000f200,0x0000000000000001,0x0000000000000006,0x0000000000000038,0x0000000000000000,0xfffffffffe995a6e,0x000000000055a846,0x3fedd0be6c44e9f4,0x0000000080004b58,0x4152076dcf9c0ebf,0x402b4c1eefea0518,0x4012c0f69383dfd8,0x3fe7c9cc9f4e9642,0x4007af1d04ab4dcd,0x4152076dcf9c0ebf,0x414fe4c12c7e2824,0x4129fe73d3b645a2,0x41520756913f7cee,0x3ff0000000000000,0x0000000000000000,0x0000000000000000,0x00000001,0x00000001,0x8000000200006600,0x8000000a00007e00,0x800000000094112d,0x000000008000af80,0x00000000800000e4,0x0000000000000002,0x000000007c201073,0x0000000000000080,0x6000000000000000,0x00000000000000c0,0x4000b4c3,0x0000000080004b58,0x000000004000b4c3,0x00000000011b4685,0x000000000112287b,0x00000000011b4685,0x000000000112287b,0x00000000000003da,0x0000000000006b90,0x000000000000693d,0x0000000000860837,0x000000000000694e,0x000000000073391a,0x0000000000016902,0x0000000000459692,0x00000000000000c0,0x0000000000000040,0x00000489,0x8000000000000907,0x0000000007240701,0x03
1783622823739,b,0x0000000080009fc2,0x0000000080019420,0x000000008000f190,0x000000008000f1c0,0x402a6014520dc925,0x0000000000462000,0x0000000000000000,0x0000000080019700,0x0000000080019530,0x0000000000460000,0x0000000000002000,0x00000000004bade0,0x0000000000000004,0x0000000000230000,0x000000004e4d0800,0x0000000000000000,0x000000000000000d,0x0000000000000006,0x000000008000f200,0x0000000000000001,0x0000000000000006,0x0000000000000038,0x0000000000000000,0x0000000000000000,0x0000000000000000,0x3fedd0be6c44ebde,0x000000008000a0d6,0x4152076dcf9c0ebf,0x402b4c1eefea0518,0x4012c0f69383dfd8,0x3fe7c9cc9f4e9642,0x4007af1d04ab4dcd,0x407336eb78272684,0x407336eb78272684,0x4129fe73d3b645a2,0x41520756913f7cee,0x3ff0000000000000,0x403b66b478a3015a,0x407336eb78272684,0x00000001,0x00000001,0x8000000200006600,0x8000000a00007e00,0x800000000094112d,0x000000008000af80,0x00000000800000e4,0x0000000000000002,0x000000007c201073,0x0000000000000080,0x6000000000000000,0x00000000000000c0,0x4000b4c3,0x000000008000a0d6,0x000000004000b4c3,0x00000000011c5149,0x00000000011332d7,0x00000000011c5149,0x00000000011332d7,0x00000000000003dd,0x0000000000006b94,0x0000000000006965,0x000000000086881f,0x000000000000696d,0x000000000073ae08,0x0000000000016a49,0x000000000045e0e2,0x00000000000000c0,0x0000000000000040,0x00000489,0x8000000000000907,0x0000000007240701,0x03
1783622825216,b,0x00000000800057ae,0x0000000080018d90,0x000000008000f190,0x000000008000f1c0,0x0000000080007a7a,0x0000000000000000,0x00000000800191f0,0x0000000080018de0,0x0000000080019530,0x0000000080018f50,0x000000008000f238,0x0000000000000006,0x0000000000000006,0x0000000080018df0,0x0000000080018e70,0xffffffffeefe6f3e,0x0000000043f169ec,0x0000000000000006,0x000000008000f200,0x0000000000000001,0x0000000000000006,0x0000000000000038,0x0000000000000000,0xffffffffeeea4738,0x000000000055dc95,0x3fedd0be6c44ebde,0x00000000800049f2,0x4152076dcf9c0ebf,0x402b4c1eefea0518,0x4012c0f69383dfd8,0x3fe7c9cc9f4e9642,0x4007af1d04ab4dcd,0x4152076dcf9c0ebf,0x4025772550fc5a7b,0x4129fe5a38d4fdf4,0x4152075c3abd3c36,0x8000000000000000,0x0000000000000000,0x0000000000000000,0x00000001,0x00000001,0x8000000200006600,0x8000000a00007e00,0x800000000094112d,0x000000008000af80,0x00000000800000e4,0x0000000000000002,0x000000007c201073,0x0000000000000080,0x6000000000000000,0x00000000000000c0,0x4000b4c3,0x00000000800049f2,0x000000004000b4c3,0x00000000011da61c,0x00000000011483b6,0x00000000011da61c,0x00000000011483b6,0x00000000000003e0,0x0000000000006b97,0x00000000000069ce,0x0000000000872e22,0x000000000000699f,0x0000000000744045,0x0000000000016bf2,0x000000000046382e,0x00000000000000c0,0x0000000000000040,0x00000489,0x8000000000000907,0x0000000007240701,0x03
1783622826740,b,0x000000008000583a,0x0000000080018ed0,0x000000008000f190,0x000000008000f1c0,0x0000000080007a7a,0x000000000000000f,0x00000000800191f0,0x0000000080018f20,0x0000000080019530,0x00000000800194a0,0x000000008000f238,0x0000000000000003,0x0000000000000006,0x00000000800191f0,0x0000000080019228,0x000000008000f201,0x3fe274ab0a45a5c3,0x0000000000000006,0x000000008000f200,0x0000000000000001,0x0000000000000006,0x0000000000000038,0x0000000000000000,0xffffffffd09281b8,0x00000000007e1b83,0x3fedd0be6c44e406,0x00000000800049f0,0x4152076dcf9c0ebf,0x402b4c1eefea0518,0x4012c0f69383dfd8,0x3fe7c9cc9f4e9642,0x4007af1d04ab4dcd,0x4152076dcf9c0ebf,0x414fe4bd4c1f212d,0x4129fe741f7ced91,0x4152075df0f5c28f,0x0000000000000000,0x0000000000000000,0x0000000000000000,0x00000001,0x00000001,0x8000000200006600,0x8000000a00007e00,0x800000000094112d,0x000000008000af80,0x00000000800000e4,0x0000000000000002,0x000000007c201073,0x0000000000000080,0x6000000000000000,0x00000000000000c0,0x4000b4c3,0x00000000800049f0,0x000000004000b4c3,0x00000000011e9a13,0x0000000001157149,0x00000000011e9a13,0x0000000001157149,0x00000000000003e5,0x0000000000006b9b,0x0000000000006a22,0x000000000087a31f,0x00000000000069c1,0x000000000074aac4,0x0000000000016ceb,0x0000000000467698,0x00000000000000c0,0x0000000000000040,0x00000489,0x8000000000000907,0x0000000007240701,0x03
1783622828370,b,0x0000000080005744,0x0000000080019060,0x000000008000f190,0x000000008000f1c0,0x0000000080007a7a,0x000000000000000f,0x00000000800191f0,0x00000000800190b0,0x0000000080019530,0x0000000080019310,0x00000000800191f0,0x0000000000000006,0x0000000000000006,0x0000000080019310,0x00000000800193d8,0x000000008000f201,0x3fe64bdf72a10032,0x0000000000000006,0x000000008000f200,0x0000000000000001,0x0000000000000006,0x0000000000000038,0x0000000000000000,0xffffffffb8507380,0x00000000006c82fc,0x3fedd0be6c44d495,0x00000000800049a4,0x4152076dcf9c0ebf,0x402b4c1eefea0518,0x4012c0f69383dfd8,0x3fe7c9cc9f4e9642,0x4007af1d04ab4dcd,0x4152076dcf9c0ebf,0x414fe4bc7a161e4f,0x4129fe605a1cac08,0x41520759c39096bc,0x0000000000000000,0x0000000000000000,0x0000000000000000,0x00000001,0x00000001,0x8000000200006600,0x8000000a00007e00,0x800000000094112d,0x000000008000af80,0x00000000800000e4,0x0000000000000002,0x000000007c201073,0x0000000000000080,0x6000000000000000,0x00000000000000c0,0x4000b4c3,0x00000000800049a4,0x000000004000b4c3,0x00000000011fcf68,0x000000000116a1cb,0x00000000011fcf68,0x000000000116a1cb,0x00000000000003ea,0x0000000000006b9e,0x0000000000006a95,0x00000000008839ee,0x00000000000069f2,0x0000000000752e91,0x0000000000016e71,0x000000000046c472,0x00000000000000c0,0x0000000000000040,0x00000489,0x8000000000000907,0x0000000007240701,0x03
1783622829882,b,0x00000000800056f8,0x0000000080019060,0x000000008000f190,0x000000008000f1c0,0x0000000080007a7a,0x000000000000000f,0x0000000080019430,0x00000000800190b0,0x0000000080019530,0x0000000080019548,0x000000008000f238,0x0000000000000006,0x0000000000000006,0x0000000000000005,0x0000000000000006,0x000000008000f201,0x3fe470db15df53bd,0x0000000000000006,0x000000008000f200,0x0000000000000001,0x0000000000000006,0x0000000000000038,0x0000000000000000,0x0000000021750780,0x00000000006efdb7,0x3fedd0be6c44bf84,0x0000000080004976,0x4152076dcf9c0ebf,0x402b4c1eefea0518,0x4012c0f69383dfd8,0x3fe7c9cc9f4e9642,0x4007af1d04ab4dcd,0x4152076dcf9c0ebf,0x414fe4bec61e4f76,0x4129fe5b64dd2f1b,0x4152075c8c96bb99,0x0000000000000000,0x0000000000000000,0x0000000000000000,0x00000001,0x00000001,0x8000000200006600,0x8000000a00007e00,0x800000000094112d,0x000000008000af80,0x00000000800000e4,0x0000000000000002,0x000000007c201073,0x0000000000000080,0x6000000000000000,0x00000000000000c0,0x4000b4c3,0x0000000080004976,0x000000004000b4c3,0x000000000120f201,0x000000000117bfa6,0x000000000120f201,0x000000000117bfa6,0x00000000000003ed,0x0000000000006ba1,0x0000000000006afc,0x000000000088c81c,0x0000000000006a24,0x000000000075aa1f,0x0000000000016fed,0x0000000000470cd6,0x00000000000000c0,0x0000000000000040,0x00000489,0x8000000000000907,0x0000000007240701,0x03
1783622831306,b,0x00000000800057ae,0x0000000080018d90,0x000000008000f190,0x000000008000f1c0,0x0000000080007a7a,0x0000000000000000,0x00000000800191f0,0x0000000080018de0,0x0000000080019530,0x0000000080018f50,0x000000008000f238,0x0000000000000006,0x0000000000000006,0x0000000000000001,0x0000000000000006,0xffffffff8dfd7dde,0x0000000043f16db2,0x0000000000000006,0x000000008000f200,0x0000000000000001,0x0000000000000006,0x0000000000000038,0x0000000000000000,0xffffffff8ded781e,0x000000000055dc95,0x3fedd0be6c44bf84,0x000000008000496c,0x4152076dcf9c0ebf,0x402b4c1eefea0518,0x4012c0f69383dfd8,0x3fe7c9cc9f4e9642,0x4007af1d04ab4dcd,0x4152076dcf9c0ebf,0x4025772550fc5b6d,0x4129fe5b64dd2f1b,0x4152075c8c96bb99,0x8000000000000000,0x3fb85cd8e2c41b82,0x0000000000000000,0x00000001,0x00000001,0x8000000200006600,0x8000000a00007e00,0x800000000094112d,0x000000008000af80,0x00000000800000e4,0x0000000000000002,0x000000007c201073,0x0000000000000080,0x6000000000000000,0x00000000000000c0,0x4000b4c3,0x000000008000496c,0x000000004000b4c3,0x000000000121f9cb,0x000000000118c801,0x000000000121f9cb,0x000000000118c801,0x00000000000003ee,0x0000000000006ba4,0x0000000000006b26,0x0000000000894709,0x0000000000006a41,0x0000000000761cb6,0x0000000000017135,0x000000000047560b,0x00000000000000c0,0x0000000000000040,0x00000489,0x8000000000000907,0x0000000007240701,0x03
1783622832728,b,0x00000000800058f2,0x0000000080018ed0,0x000000008000f190,0x000000008000f1c0,0x0000000080007a7a,0x0000000000000000,0x00000000800191f0,0x0000000080018f20,0x0000000080019530,0x00000000800193a0,0x00000000800194a0,0x0000000000000006,0x0000000000000003,0x0000000000000004,0x0000000000000000,0x000000002879fb7e,0x0000000043f16d4a,0x0000000000000006,0x000000008000f200,0x0000000000000001,0x0000000000000006,0x0000000000000038,0x0000000000000000,0x000000002801f34e,0x000000000055dc95,0x3fedd0be6c44a690,0x00000000800049ba,0x4152076dcf9c0ebf,0x402b4c1eefea0518,0x4012c0f69383dfd8,0x3fe7c9cc9f4e9642,0x4007af1d04ab4dcd,0x4152076dcf9c0ebf,0x4025772550fc5b53,0x4129fe6f5b3d07c8,0x4152075cd0e8a71e,0x3f9287f43dd4dd22,0x0000000000000000,0x0000000000000000,0x00000001,0x00000001,0x8000000200006600,0x8000000a00007e00,0x800000000094112d,0x000000008000af80,0x00000000800000e4,0x0000000000000002,0x000000007c201073,0x0000000000000080,0x6000000000000000,0x00000000000000c0,0x4000b4c3,0x00000000800049ba,0x000000004000b4c3,0x00000000012346fc,0x00000000011a108c,0x00000000012346fc,0x00000000011a108c,0x00000000000003f1,0x0000000000006ba7,0x0000000000006b98,0x000000000089e94c,0x0000000000006a74,0x000000000076ab62,0x00000000000172c4,0x000000000047ab58,0x00000000000000c0,0x0000000000000040,0x00000489,0x8000000000000907,0x0000000007240701,0x03
1783622834265,b,0x0000000080005850,0x0000000080018ed0,0x000000008000f190,0x000000008000f1c0,0x0000000080007a7a,0x000000000000000f,0x00000000800191f0,0x0000000080018f20,0x0000000080019530,0x00000000800191f0,0x0000000080019310,0x0000000000000003,0x0000000000000006,0x00000000800191a8,0x0000000000000004,0x000000008000f201,0x3fe7651728da145b,0x0000000000000006,0x000000008000f200,0x0000000000000001,0x0000000000000006,0x0000000000000038,0x0000000000000000,0xffffffff906172ee,0x0000000000515894,0x3fedd0be6c448b37,0x0000000080004a00,0x4152076dcf9c0ebf,0x402b4c1eefea0518,0x4012c0f69383dfd8,0x3fe7c9cc9f4e9642,0x4007af1d04ab4dcd,0x4152076dcf9c0ebf,0x414fe4b99a4dd2f2,0x4129fe5c5212d773,0x4152075c1ea64c30,0x0000000000000000,0x0000000000000000,0x0000000000000000,0x00000001,0x00000001,0x8000000200006600,0x8000000a00007e00,0x800000000094112d,0x000000008000af80,0x00000000800000e4,0x0000000000000002,0x000000007c201073,0x0000000000000080,0x6000000000000000,0x00000000000000c0,0x4000b4c3,0x0000000080004a00,0x000000004000b4c3,0x00000000012488ec,0x00000000011b4c58,0x00000000012488ec,0x00000000011b4c58,0x00000000000003f7,0x0000000000006bab,0x0000000000006be5,0x00000000008a8306,0x0000000000006a9a,0x0000000000773961,0x0000000000017412,0x00000000004800b9,0x00000000000000c0,0x0000000000000040,0x00000489,0x8000000000000907,0x0000000007240701,0x03
1783622835792,b,0x000000008000575e,0x0000000080019070,0x000000008000f190,0x000000008000f1c0,0x0000000080007a7a,0x000000000000000f,0x00000000800191f0,0x00000000800190b0,0x0000000080019530,0x00000000800190d0,0x00000000800002d0,0x000000008000f238,0x0000000000000006,0x0000000000000003,0x0000000000000006,0x000000008000f201,0x3fe7974b82085e98,0x0000000000000006,0x000000008000f200,0x0000000000000001,0x0000000000000006,0x0000000000000038,0x0000000000000000,0x000000004db522e0,0x00000000007531ba,0x3fedd0be6c446eb7,0x0000000080004c7c,0x4152076dcf9c0ebf,0x402b4c1eefea0518,0x4012c0f69383dfd8,0x3fe7c9cc9f4e9642,0x4007af1d04ab4dcd,0x4152076dcf9c0ebf,0x414fe4bcec8e8a72,0x4129fe46c7e28241,0x4152075c72de00d2,0x3fc17a1e17d0ecbc,0x0000000000000000,0x0000000000000000,0x00000001,0x00000001,0x8000000200006600,0x8000000a00007e00,0x800000000094112d,0x000000008000af80,0x00000000800000e4,0x0000000000000002,0x000000007c201073,0x0000000000000080,0x6000000000000000,0x00000000000000c0,0x4000b4c3,0x0000000080004c7c,0x000000004000b4c3,0x000000000125b4c5,0x00000000011c73a0,0x000000000125b4c5,0x00000000011c73a0,0x00000000000003fb,0x0000000000006bae,0x0000000000006c5d,0x00000000008b1582,0x0000000000006acb,0x000000000077b8c4,0x000000000001758f,0x0000000000484bba,0x00000000000000c0,0x0000000000000040,0x00000489,0x8000000000000907,0x0000000007240701,0x03
1783622837461,b,0x00000000800056f8,0x0000000080019060,0x000000008000f190,0x000000008000f1c0,0x0000000080007a7a,0x000000000000000f,0x0000000080019430,0x00000000800190b0,0x0000000080019530,0x0000000080019548,0x000000008000f238,0x0000000000000006,0x0000000000000006,0x0000000000000005,0x000000000000001e,0x000000008000f201,0x3fe7ef0c43ecf36b,0x0000000000000006,0x000000008000f200,0x0000000000000001,0x0000000000000006,0x0000000000000038,0x0000000000000000,0x00000000317fa238,0x000000000076e480,0x3fedd0be6c445218,0x0000000080004970,0x4152076dcf9c0ebf,0x402b4c1eefea0518,0x4012c0f69383dfd8,0x3fe7c9cc9f4e9642,0x4007af1d04ab4dcd,0x4152076dcf9c0ebf,0x414fe4bfb6666666,0x4129fe5f2d6a161e,0x41520758a0db8bac,0x0000000000000000,0x0000000000000000,0x0000000000000000,0x00000001,0x00000001,0x8000000200006600,0x8000000a00007e00,0x800000000094112d,0x000000008000af80,0x00000000800000e4,0x0000000000000002,0x000000007c201073,0x0000000000000080,0x6000000000000000,0x00000000000000c0,0x4000b4c3,0x0000000080004970,0x000000004000b4c3,0x000000000126e85a,0x00000000011da226,0x000000000126e85a,0x00000000011da226,0x00000000000003fe,0x0000000000006bb1,0x0000000000006cca,0x00000000008bab77,0x0000000000006afc,0x0000000000783c5e,0x0000000000017717,0x0000000000489949,0x00000000000000c0,0x0000000000000040,0x00000489,0x8000000000000907,0x0000000007240701,0x03
1783622839127,b,0x00000000800057ae,0x0000000080018d90,0x000000008000f190,0x000000008000f1c0,0x0000000080007a7a,0x0000000000000000,0x00000000800191f0,0x0000000080018de0,0x0000000080019530,0x0000000080018f50,0x000000008000f238,0x0000000000000006,0x0000000000000006,0x0000000080018df0,0x0000000080018ea0,0xffffffffe073ff7a,0x0000000043f168ec,0x0000000000000006,0x000000008000f200,0x0000000000000001,0x0000000000000006,0x0000000000000038,0x0000000000000000,0xffffffffe053b338,0x000000000055dc95,0x3fedd0be6c445218,0x0000000080004982,0x4152076dcf9c0ebf,0x402b4c1eefea0518,0x4012c0f69383dfd8,0x3fe7c9cc9f4e9642,0x4007af1d04ab4dcd,0x4152076dcf9c0ebf,0x4025772550fc5a3b,0x4129fe5f2d6a161e,0x41520758a0db8bac,0x8000000000000000,0x3fb85cd8e2c41b82,0x0000000000000000,0x00000001,0x00000001,0x8000000200006600,0x8000000a00007e00,0x800000000094112d,0x000000008000af80,0x00000000800000e4,0x0000000000000002,0x000000007c201073,0x0000000000000080,0x6000000000000000,0x00000000000000c0,0x4000b4c3,0x0000000080004982,0x000000004000b4c3,0x000000000127e39a,0x00000000011e9e64,0x000000000127e39a,0x00000000011e9e64,0x00000000000003ff,0x0000000000006bb4,0x0000000000006cef,0x00000000008c24b0,0x0000000000006b19,0x000000000078a950,0x0000000000017855,0x000000000048ded1,0x00000000000000c0,0x0000000000000040,0x00000489,0x8000000000000907,0x0000000007240701,0x03
1783622840731,b,0x000000008000589c,0x0000000080018ed0,0x000000008000f190,0x000000008000f1c0,0x0000000080007a7a,0x0000000000000000,0x00000000800191f0,0x0000000080018f20,0x0000000080019530,0x0000000080019280,0x0000000080019118,0x0000000000000006,0x0000000000000003,0x0000000080019118,0x0000000080019158,0x0000000021fdf6f9,0x0000000043f166d4,0x0000000000000006,0x000000008000f200,0x0000000000000001,0x0000000000000006,0x0000000000000038,0x0000000000000000,0x0000000021c53038,0x000000000055dc95,0x3fedd0be6c443628,0x00000000800049c6,0x4152076dcf9c0ebf,0x402b4c1eefea0518,0x4012c0f69383dfd8,0x3fe7c9cc9f4e9642,0x4007af1d04ab4dcd,0x4152076dcf9c0ebf,0x4025772550fc59b5,0x4129fe65e9930be1,0x4152075cc2c08312,0x402e61c98010ead8,0x0000000000000000,0x0000000000000000,0x00000001,0x00000001,0x8000000200006600,0x8000000a00007e00,0x800000000094112d,0x000000008000af80,0x00000000800000e4,0x0000000000000002,0x000000007c201073,0x0000000000000080,0x6000000000000000,0x00000000000000c0,0x4000b4c3,0x00000000800049c6,0x000000004000b4c3,0x0000000001290b1e,0x00000000011fc253,0x0000000001290b1e,0x00000000011fc253,0x0000000000000402,0x0000000000006bb7,0x0000000000006d46,0x00000000008cb5f6,0x0000000000006b48,0x0000000000792710,0x00000000000179b5,0x000000000049293c,0x00000000000000c0,0x0000000000000040,0x00000489,0x8000000000000907,0x0000000007240701,0x03
1783622842375,b,0x0000000080005744,0x0000000080019060,0x000000008000f190,0x000000008000f1c0,0x0000000080007a7a,0x000000000000000f,0x00000000800191f0,0x00000000800190b0,0x0000000080019530,0x0000000080019310,0x00000000800191f0,0x0000000000000006,0x0000000000000006,0x00000000800190d0,0x00000000800191e0,0x000000008000f201,0x3fe44f04da79e820,0x0000000000000006,0x000000008000f200,0x0000000000000001,0x0000000000000006,0x0000000000000038,0x0000000000000000,0xffffffff9978c578,0x00000000006a0bcf,0x3fedd0be6c441b86,0x00000000800049f2,0x4152076dcf9c0ebf,0x402b4c1eefea0518,0x4012c0f69383dfd8,0x3fe7c9cc9f4e9642,0x4007af1d04ab4dcd,0x4152076dcf9c0ebf,0x414fe4bcb072b021,0x4129fe5691f8a090,0x4152075ab5e00d1b,0x0000000000000000,0x0000000000000000,0x0000000000000000,0x00000001,0x00000001,0x8000000200006600,0x8000000a00007e00,0x800000000094112d,0x000000008000af80,0x00000000800000e4,0x0000000000000002,0x000000007c201073,0x0000000000000080,0x6000000000000000,0x00000000000000c0,0x4000b4c3,0x00000000800049f2,0x000000004000b4c3,0x00000000012a0fc4,0x000000000120c123,0x00000000012a0fc4,0x000000000120c123,0x0000000000000405,0x0000000000006bba,0x0000000000006d95,0x00000000008d32be,0x0000000000006b6c,0x0000000000799923,0x0000000000017ad6,0x0000000000496c55,0x00000000000000c0,0x0000000000000040,0x00000489,0x8000000000000907,0x0000000007240701,0x03
1783622843928,b,0x0000000080009fc2,0x0000000080019420,0x000000008000f190,0x000000008000f1c0,0x402a6014520dc0e3,0x0000000002000000,0x0000000000000000,0x0000000080019700,0x0000000080019530,0x00000000004f01b5,0xffffffffc4000000,0x000000000044eec8,0x0000000000000003,0x00000000002780da,0xfffffffff8000000,0x0000000000000001,0xffffffff88000000,0x0000000000000006,0x000000008000f200,0x0000000000000001,0x0000000000000006,0x0000000000000038,0x000000000000001a,0xffffffff8a000000,0x00000000004f01b5,0x3fedd0be6c44029f,0x000000008000a128,0x4152076dcf9c0ebf,0x402b4c1eefea0518,0x4012c0f69383dfd8,0x3fe7c9cc9f4e9642,0x4007af1d04ab4dcd,0x4058620e0def84c0,0x4058620e0def84c0,0x4129fe5691f8a090,0x4152075ab5e00d1b,0xc01bab1c43300000,0x4048d7c97457025f,0x4058620e0def84c0,0x00000001,0x00000001,0x8000000200006600,0x8000000a00007e00,0x800000000094112d,0x000000008000af80,0x00000000800000e4,0x0000000000000002,0x000000007c201073,0x0000000000000080,0x6000000000000000,0x00000000000000c0,0x4000b4c3,0x000000008000a128,0x000000004000b4c3,0x00000000012b0d3c,0x000000000121ba3b,0x00000000012b0d3c,0x000000000121ba3b,0x0000000000000407,0x0000000000006bbd,0x0000000000006dec,0x00000000008daf06,0x0000000000006b8e,0x00000000007a053c,0x0000000000017c23,0x000000000049ab22,0x00000000000000c0,0x0000000000000040,0x00000489,0x8000000000000907,0x0000000007240701,0x03
1783622845450,b,0x00000000800058f2,0x0000000080018ed0,0x000000008000f190,0x000000008000f1c0,0x0000000080007a7a,0x0000000000000000,0x00000000800191f0,0x0000000080018f20,0x0000000080019530,0x00000000800193a0,0x00000000800194a0,0x0000000000000006,0x0000000000000003,0x00000000800193a0,0x0000000080019420,0x000000001f7fffff,0x0000000043f16244,0x0000000000000006,0x000000008000f200,0x0000000000000001,0x0000000000000006,0x0000000000000038,0x0000000000000000,0x000000001f1feef8,0x000000000055dc95,0x3fedd0be6c44029f,0x00000000800049a6,0x4152076dcf9c0ebf,0x402b4c1eefea0518,0x4012c0f69383dfd8,0x3fe7c9cc9f4e9642,0x4007af1d04ab4dcd,0x4152076dcf9c0ebf,0x4025772550fc5891,0x4129fe57389374bc,0x4152075bc645a1cb,0x0000000000000000,0x0000000000000000,0x0000000000000000,0x00000001,0x00000001,0x8000000200006600,0x8000000a00007e00,0x800000000094112d,0x000000008000af80,0x00000000800000e4,0x0000000000000002,0x000000007c201073,0x0000000000000080,0x6000000000000000,0x00000000000000c0,0x4000b4c3,0x00000000800049a6,0x000000004000b4c3,0x00000000012c1977,0x000000000122c6ec,0x00000000012c1977,0x000000000122c6ec,0x000000000000040a,0x0000000000006bc1,0x0000000000006e23,0x00000000008e3091,0x0000000000006bb8,0x00000000007a78cb,0x0000000000017d78,0x000000000049f490,0x00000000000000c0,0x0000000000000040,0x00000489,0x8000000000000907,0x0000000007240701,0x03
1783622846786,b,0x0000000080009fc2,0x0000000080018dc0,0x000000008000f190,0x000000008000f1c0,0x0000000080007a7a,0x0000000000000080,0x00000000800191f0,0x0000000080018e40,0x0000000080018ef8,0x00000000005869e6,0x0000000036076e00,0x00000000009c9c12,0x0000000000000002,0x00000000002c34f3,0xffffffffc1997800,0x00000000009c9c12,0x000000006c0edc00,0x0000000000000006,0x000000008000f200,0x0000000000000001,0x0000000000000006,0x0000000000000038,0x0000000000000008,0x000000006c0edc80,0x00000000005869e6,0x3fedd0be6c43ebc1,0x000000008000a0ee,0x4152076dcf9c0ebf,0x402b4c1eefea0518,0x4012c0f69383dfd8,0x3fe7c9cc9f4e9642,0x4007af1d04ab4dcd,0x403e88fa391e4302,0x403e88fa391e4302,0x4129fe730786c227,0x4152075e0bb645a2,0x3ff12c1dda63b7dc,0x0000000000000000,0x403e88fa391e4302,0x00000001,0x00000001,0x8000000200006600,0x8000000a00007e00,0x800000000094112d,0x000000008000af80,0x00000000800000e4,0x0000000000000002,0x000000007c201073,0x0000000000000080,0x6000000000000000,0x00000000000000c0,0x4000b4c3,0x000000008000a0ee,0x000000004000b4c3,0x00000000012d513f,0x000000000123f8b4,0x00000000012d513f,0x000000000123f8b4,0x000000000000040f,0x0000000000006bc4,0x0000000000006e7b,0x00000000008ec66d,0x0000000000006be0,0x00000000007b0103,0x0000000000017ebe,0x00000000004a45ef,0x00000000000000c0,0x0000000000000040,0x00000489,0x8000000000000907,0x0000000007240701,0x03
1783622848197,b,0x0000000080005744,0x0000000080019060,0x000000008000f190,0x000000008000f1c0,0x0000000080007a7a,0x000000000000000f,0x00000000800191f0,0x00000000800190b0,0x0000000080019530,0x0000000080019310,0x00000000800191f0,0x0000000000000006,0x0000000000000006,0x00000000800190d0,0x0000000080019180,0x000000008000f201,0x3fe3f18947e864a5,0x0000000000000006,0x000000008000f200,0x0000000000000001,0x0000000000000006,0x0000000000000038,0x0000000000000000,0xfffffffffcb83e2e,0x000000000058ab3f,0x3fedd0be6c43d719,0x00000000800049f0,0x4152076dcf9c0ebf,0x402b4c1eefea0518,0x4012c0f69383dfd8,0x3fe7c9cc9f4e9642,0x4007af1d04ab4dcd,0x4152076dcf9c0ebf,0x414fe4bc21374bc7,0x4129fe51451eb852,0x4152075c5f27bb30,0x0000000000000000,0x0000000000000000,0x0000000000000000,0x00000001,0x00000001,0x8000000200006600,0x8000000a00007e00,0x800000000094112d,0x000000008000af80,0x00000000800000e4,0x0000000000000002,0x000000007c201073,0x0000000000000080,0x6000000000000000,0x00000000000000c0,0x4000b4c3,0x00000000800049f0,0x000000004000b4c3,0x00000000012e5e4e,0x00000000012500ae,0x00000000012e5e4e,0x00000000012500ae,0x0000000000000414,0x0000000000006bc7,0x0000000000006edf,0x00000000008f497a,0x0000000000006c0e,0x00000000007b73fb,0x0000000000018014,0x00000000004a889d,0x00000000000000c0,0x0000000000000040,0x00000489,0x8000000000000907,0x0000000007240701,0x03
1783622849780,b,0x00000000800056f8,0x0000000080019060,0x000000008000f190,0x000000008000f1c0,0x0000000080007a7a,0x000000000000000f,0x0000000080019430,0x00000000800190b0,0x0000000080019530,0x0000000080019548,0x000000008000f238,0x0000000000000006,0x0000000000000006,0x0000000080019310,0x00000000800193c8,0x000000008000f201,0x3fe38edc82a9e744,0x0000000000000006,0x000000008000f200,0x0000000000000001,0x0000000000000006,0x0000000000000038,0x0000000000000000,0xfffffffffdf84ce0,0x00000000004e2522,0x3fedd0be6c43c4b4,0x0000000080004982,0x4152076dcf9c0ebf,0x402b4c1eefea0518,0x4012c0f69383dfd8,0x3fe7c9cc9f4e9642,0x4007af1d04ab4dcd,0x4152076dcf9c0ebf,0x414fe4b941a02752,0x4129fe639999999a,0x4152075e3c8e8a72,0x0000000000000000,0x0000000000000000,0x0000000000000000,0x00000001,0x00000001,0x8000000200006600,0x8000000a00007e00,0x800000000094112d,0x000000008000af80,0x00000000800000e4,0x0000000000000002,0x000000007c201073,0x0000000000000080,0x6000000000000000,0x00000000000000c0,0x4000b4c3,0x0000000080004982,0x000000004000b4c3,0x00000000012f9743,0x00000000012634e1,0x00000000012f9743,0x00000000012634e1,0x0000000000000417,0x0000000000006bca,0x0000000000006f4d,0x00000000008fe228,0x0000000000006c40,0x00000000007bf9cd,0x00000000000181a3,0x00000000004ad7c6,0x00000000000000c0,0x0000000000000040,0x00000489,0x8000000000000907,0x0000000007240701,0x03
1783622851309,b,0x00000000800057ae,0x0000000080018d90,0x000000008000f190,0x000000008000f1c0,0x0000000080007a7a,0x0000000000000000,0x00000000800191f0,0x0000000080018de0,0x0000000080019530,0x0000000080018f50,0x000000008000f238,0x0000000000000006,0x0000000000000006,0x0000000080018df0,0x0000000080018ea8,0x00000000057f7f5e,0x0000000043f15b92,0x0000000000000006,0x000000008000f200,0x0000000000000001,0x0000000000000006,0x0000000000000038,0x0000000000000000,0x00000000052d705e,0x000000000055dc95,0x3fedd0be6c43c4b4,0x0000000080004982,0x4152076dcf9c0ebf,0x402b4c1eefea0518,0x4012c0f69383dfd8,0x3fe7c9cc9f4e9642,0x4007af1d04ab4dcd,0x4152076dcf9c0ebf,0x4025772550fc56e5,0x4129fe639999999a,0x4152075e3c8e8a72,0x3ff0000000000000,0x0000000000000000,0x0000000000000000,0x00000001,0x00000001,0x8000000200006600,0x8000000a00007e00,0x800000000094112d,0x000000008000af80,0x00000000800000e4,0x0000000000000002,0x000000007c201073,0x0000000000000080,0x6000000000000000,0x00000000000000c0,0x4000b4c3,0x0000000080004982,0x000000004000b4c3,0x000000000130a5bf,0x000000000127438f,0x000000000130a5bf,0x000000000127438f,0x0000000000000418,0x0000000000006bcd,0x0000000000006f81,0x000000000090640e,0x0000000000006c5d,0x00000000007c6fb3,0x00000000000182ee,0x00000000004b22f7,0x00000000000000c0,0x0000000000000040,0x00000489,0x8000000000000907,0x0000000007240701,0x03
1783622852890,b,0x0000000080005794,0x0000000080018db0,0x000000008000f190,0x000000008000f1c0,0x0000000080007a7a,0x0000000000000000,0x00000000800191f0,0x0000000080018de0,0x0000000080019530,0x0000000080018f50,0x0000000000000006,0x0000000000000006,0x0000000000000003,0x0000000080003cf8,0x0000000080018ff8,0x000000006fff47fa,0x0000000043f15990,0x0000000000000006,0x000000008000f200,0x0000000000000001,0x0000000000000006,0x0000000000000038,0x0000000000000000,0x000000006fc54780,0x000000000055dc95,0x3fedd0be6c43b492,0x0000000080004dbc,0x4152076dcf9c0ebf,0x402b4c1eefea0518,0x4012c0f69383dfd8,0x3fe7c9cc9f4e9642,0x4007af1d04ab4dcd,0x4152076dcf9c0ebf,0x4025772550fc5664,0x4129fe5841f212d7,0x4152075fb39db22d,0x3f8314f4c02b4beb,0x8000000000000000,0x3ff0000000000000,0x00000001,0x00000001,0x8000000200006600,0x8000000a00007e00,0x800000000094112d,0x000000008000af80,0x00000000800000e4,0x0000000000000002,0x000000007c201073,0x0000000000000080,0x6000000000000000,0x00000000000000c0,0x4000b4c3,0x0000000080004dbc,0x000000004000b4c3,0x000000000131f62b,0x0000000001288fe8,0x000000000131f62b,0x0000000001288fe8,0x000000000000041b,0x0000000000006bd0,0x0000000000006ff9,0x0000000000910820,0x0000000000006c92,0x00000000007cff1a,0x0000000000018494,0x00000000004b788e,0x00000000000000c0,0x0000000000000040,0x00000489,0x8000000000000907,0x0000000007240701,0x03
1783622854555,b,0x0000000080005850,0x0000000080018ed0,0x000000008000f190,0x000000008000f1c0,0x0000000080007a7a,0x000000000000000f,0x00000000800191f0,0x0000000080018f20,0x0000000080019530,0x00000000800191f0,0x0000000080019310,0x0000000000000003,0x0000000000000006,0x00000000800191a8,0x00000000800191b0,0x000000008000f201,0x3fe84be4b52c4c34,0x0000000000000006,0x000000008000f200,0x0000000000000001,0x0000000000000006,0x0000000000000038,0x0000000000000000,0xffffffffeb7c611e,0x00000000005c70da,0x3fedd0be6c43a69f,0x00000000800049f0,0x4152076dcf9c0ebf,0x402b4c1eefea0518,0x4012c0f69383dfd8,0x3fe7c9cc9f4e9642,0x4007af1d04ab4dcd,0x4152076dcf9c0ebf,0x414fe4beaee2eb1c,0x4129fe76a0f9096c,0x4152075cb3fb15b5,0x0000000000000000,0x0000000000000000,0x0000000000000000,0x00000001,0x00000001,0x8000000200006600,0x8000000a00007e00,0x800000000094112d,0x000000008000af80,0x00000000800000e4,0x0000000000000002,0x000000007c201073,0x0000000000000080,0x6000000000000000,0x00000000000000c0,0x4000b4c3,0x00000000800049f0,0x000000004000b4c3,0x0000000001331602,0x000000000129a8d2,0x0000000001331602,0x000000000129a8d2,0x000000000000041f,0x0000000000006bd3,0x0000000000007046,0x0000000000919184,0x0000000000006cb6,0x00000000007d7dd4,0x00000000000185b3,0x00000000004bc418,0x00000000000000c0,0x0000000000000040,0x00000489,0x8000000000000907,0x0000000007240701,0x03
1783622856181,b,0x00000000800056f8,0x0000000080019060,0x000000008000f190,0x000000008000f1c0,0x0000000080007a7a,0x000000000000000f,0x0000000080019430,0x00000000800190b0,0x0000000080019530,0x0000000080019548,0x000000008000f238,0x0000000000000006,0x0000000000000006,0x0000000000000002,0x0000000000000006,0x000000008000f201,0x3fe720197b096349,0x0000000000000006,0x000000008000f200,0x0000000000000001,0x0000000000000006,0x0000000000000038,0x0000000000000000,0x0000000053175cb8,0x00000000007f6f04,0x3fedd0be6c439abc,0x0000000080004a0a,0x4152076dcf9c0ebf,0x402b4c1eefea0518,0x4012c0f69383dfd8,0x3fe7c9cc9f4e9642,0x4007af1d04ab4dcd,0x4152076dcf9c0ebf,0x414fe4b68a786c22,0x4129fe62faacd9e8,0x4152075eccd9e83e,0x0000000000000000,0x0000000000000000,0x0000000000000000,0x00000001,0x00000001,0x8000000200006600,0x8000000a00007e00,0x800000000094112d,0x000000008000af80,0x00000000800000e4,0x0000000000000002,0x000000007c201073,0x0000000000000080,0x6000000000000000,0x00000000000000c0,0x4000b4c3,0x0000000080004a0a,0x000000004000b4c3,0x000000000133fea9,0x00000000012a8c94,0x000000000133fea9,0x00000000012a8c94,0x0000000000000421,0x0000000000006bd6,0x00000000000070b9,0x0000000000920445,0x0000000000006ce2,0x00000000007ddf1b,0x00000000000186f4,0x00000000004bfb7b,0x00000000000000c0,0x0000000000000040,0x00000489,0x8000000000000907,0x0000000007240701,0x03
1783622857751,b,0x00000000800057ae,0x0000000080018d90,0x000000008000f190,0x000000008000f1c0,0x0000000080007a7a,0x0000000000000000,0x00000000800191f0,0x0000000080018de0,0x0000000080019530,0x0000000080018f50,0x000000008000f238,0x0000000000000006,0x0000000000000006,0x0000000000000000,0x0000000000000012,0xffffffffe3fdfbfe,0x0000000043f15606,0x0000000000000006,0x000000008000f200,0x0000000000000001,0x0000000000000006,0x0000000000000038,0x0000000000000000,0xffffffffe3e5fbee,0x000000000055dc95,0x3fedd0be6c439abc,0x00000000800049e4,0x4152076dcf9c0ebf,0x402b4c1eefea0518,0x4012c0f69383dfd8,0x3fe7c9cc9f4e9642,0x4007af1d04ab4dcd,0x4152076dcf9c0ebf,0x4025772550fc5582,0x4129fe62faacd9e8,0x4152075eccd9e83e,0x8000000000000000,0x0000000000000000,0x8000000000000000,0x00000001,0x00000001,0x8000000200006600,0x8000000a00007e00,0x800000000094112d,0x000000008000af80,0x00000000800000e4,0x0000000000000002,0x000000007c201073,0x0000000000000080,0x6000000000000000,0x00000000000000c0,0x4000b4c3,0x00000000800049e4,0x000000004000b4c3,0x000000000134fed0,0x00000000012b8d5c,0x000000000134fed0,0x00000000012b8d5c,0x0000000000000422,0x0000000000006bd9,0x00000000000070e7,0x0000000000927f9a,0x0000000000006cff,0x00000000007e4e20,0x0000000000018835,0x00000000004c4273,0x00000000000000c0,0x0000000000000040,0x00000489,0x8000000000000907,0x0000000007240701,0x03
1783622859342,b,0x000000008000519e,0x0000000080018e40,0x000000008000f190,0x000000008000f1c0,0x0000000080007a7a,0x000000000000000f,0x00000000800191f0,0x0000000080018e90,0x0000000080019530,0x0000000080019160,0x0000000080019118,0x0000000080018ef8,0x0000000080019118,0x0000000080019190,0x0000000000000001,0x000000008000f201,0x3fe864f65e7ce5eb,0x0000000000000006,0x000000008000f200,0x0000000000000001,0x0000000000000006,0x0000000000000038,0x0000000000000000,0xffffffff94c26780,0x0000000000652319,0x3fedd0be6c4390be,0x0000000080004fd4,0x4152076dcf9c0ebf,0x402b4c1eefea0518,0x4012c0f69383dfd8,0x3fe7c9cc9f4e9642,0x4007af1d04ab4dcd,0x4152076dcf9c0ebf,0x414fe4bcb495182b,0x4129fe5e5e00d1b7,0x4152075bdb212d77,0x3ff12c1dda638600,0x402e61c980108890,0x0000000000000000,0x00000001,0x00000001,0x8000000200006600,0x8000000a00007e00,0x800000000094112d,0x000000008000af80,0x00000000800000e4,0x0000000000000002,0x000000007c201073,0x0000000000000080,0x6000000000000000,0x00000000000000c0,0x4000b4c3,0x0000000080004fd4,0x000000004000b4c3,0x0000000001360fcb,0x00000000012c97d6,0x0000000001360fcb,0x00000000012c97d6,0x0000000000000425,0x0000000000006bdc,0x000000000000713c,0x0000000000930232,0x0000000000006d24,0x00000000007ec59d,0x0000000000018950,0x00000000004c894b,0x00000000000000c0,0x0000000000000040,0x00000489,0x8000000000000907,0x0000000007240701,0x03
1783622861021,b,0x0000000080005744,0x0000000080019060,0x000000008000f190,0x000000008000f1c0,0x0000000080007a7a,0x000000000000000f,0x00000000800191f0,0x00000000800190b0,0x0000000080019530,0x0000000080019310,0x00000000800191f0,0x0000000000000006,0x0000000000000006,0x00000000800191f0,0x0000000000000028,0x000000008000f201,0x3fe5c1e5841f0412,0x0000000000000006,0x000000008000f200,0x0000000000000001,0x0000000000000006,0x0000000000000038,0x0000000000000000,0xffffffffc6a0188e,0x00000000005f3ab7,0x3fedd0be6c43887b,0x00000000800049c4,0x4152076dcf9c0ebf,0x402b4c1eefea0518,0x4012c0f69383dfd8,0x3fe7c9cc9f4e9642,0x4007af1d04ab4dcd,0x4152076dcf9c0ebf,0x414fe4ba7cb5dcc6,0x4129fe590d844d01,0x4152075bbb86c227,0x0000000000000000,0x0000000000000000,0x0000000000000000,0x00000001,0x00000001,0x8000000200006600,0x8000000a00007e00,0x800000000094112d,0x000000008000af80,0x00000000800000e4,0x0000000000000002,0x000000007c201073,0x0000000000000080,0x6000000000000000,0x00000000000000c0,0x4000b4c3,0x00000000800049c4,0x000000004000b4c3,0x00000000013731e6,0x00000000012db54e,0x00000000013731e6,0x00000000012db54e,0x0000000000000428,0x0000000000006bdf,0x00000000000071a8,0x0000000000939009,0x0000000000006d52,0x00000000007f414f,0x0000000000018abb,0x00000000004cd1aa,0x00000000000000c0,0x0000000000000040,0x00000489,0x8000000000000907,0x0000000007240701,0x03
1783622862571,b,0x0000000080005744,0x0000000080019060,0x000000008000f190,0x000000008000f1c0,0x0000000080007a7a,0x000000000000000f,0x00000000800191f0,0x00000000800190b0,0x0000000080019530,0x0000000080019310,0x00000000800191f0,0x0000000000000006,0x0000000000000006,0x0000000000000000,0x0000000000000000,0x000000008000f201,0x3fe31e44e3ed388b,0x0000000000000006,0x000000008000f200,0x0000000000000001,0x0000000000000006,0x0000000000000038,0x0000000000000000,0xffffffffe54b01ee,0x000000000057ba69,0x3fedd0be6c4381c2,0x00000000800049e0,0x4152076dcf9c0ebf,0x402b4c1eefea0518,0x4012c0f69383dfd8,0x3fe7c9cc9f4e9642,0x4007af1d04ab4dcd,0x4152076dcf9c0ebf,0x414fe4b8d1f559b4,0x4129fe5e2ee631f9,0x4152075b66c22681,0x0000000000000000,0x4016207f14426f07,0x0000000000000000,0x00000001,0x00000001,0x8000000200006600,0x8000000a00007e00,0x800000000094112d,0x000000008000af80,0x00000000800000e4,0x0000000000000002,0x000000007c201073,0x0000000000000080,0x6000000000000000,0x00000000000000c0,0x4000b4c3,0x00000000800049e0,0x000000004000b4c3,0x000000000138721a,0x00000000012ef15c,0x000000000138721a,0x00000000012ef15c,0x000000000000042b,0x0000000000006be2,0x0000000000007223,0x0000000000942c61,0x0000000000006d88,0x00000000007fc946,0x0000000000018c57,0x00000000004d2240,0x00000000000000c0,0x0000000000000040,0x00000489,0x8000000000000907,0x0000000007240701,0x03
1783622864171,b,0x00000000800056f8,0x0000000080019060,0x000000008000f190,0x000000008000f1c0,0x0000000080007a7a,0x000000000000000f,0x0000000080019430,0x00000000800190b0,0x0000000080019530,0x0000000080019548,0x000000008000f238,0x0000000000000006,0x0000000000000006,0x0000000080019310,0x0000000000000098,0x000000008000f201,0x3fe0410b3fa25594,0x0000000000000006,0x000000008000f200,0x0000000000000001,0x0000000000000006,0x0000000000000038,0x0000000000000000,0x0000000027cd60f8,0x000000000059b38e,0x3fedd0be6c437c65,0x0000000080004980,0x4152076dcf9c0ebf,0x402b4c1eefea0518,0x4012c0f69383dfd8,0x3fe7c9cc9f4e9642,0x4007af1d04ab4dcd,0x4152076dcf9c0ebf,0x414fe4b66a64c2f8,0x4129fe5ba00d1b71,0x4152075db056d5d0,0x0000000000000000,0x0000000000000000,0x0000000000000000,0x00000001,0x00000001,0x8000000200006600,0x8000000a00007e00,0x800000000094112d,0x000000008000af80,0x00000000800000e4,0x0000000000000002,0x000000007c201073,0x0000000000000080,0x6000000000000000,0x00000000000000c0,0x4000b4c3,0x0000000080004980,0x000000004000b4c3,0x000000000139c80e,0x0000000001304227,0x000000000139c80e,0x0000000001304227,0x000000000000042f,0x0000000000006be5,0x0000000000007297,0x000000000094d293,0x0000000000006dba,0x0000000000805c4e,0x0000000000018dfb,0x00000000004d7a29,0x00000000000000c0,0x0000000000000040,0x00000489,0x8000000000000907,0x0000000007240701,0x03
1783622865815,b,0x00000000800057ae,0x0000000080018d90,0x000000008000f190,0x000000008000f1c0,0x0000000080007a7a,0x0000000000000000,0x00000000800191f0,0x0000000080018de0,0x0000000080019530,0x0000000080018f50,0x000000008000f238,0x0000000000000006,0x0000000000000006,0x0000000000000001,0x0000000000000006,0xffffffffba977bfe,0x0000000043f150fe,0x0000000000000006,0x000000008000f200,0x0000000000000001,0x0000000000000006,0x0000000000000038,0x0000000000000000,0xffffffffba1221fe,0x000000000055dc95,0x3fedd0be6c437c65,0x0000000080004a06,0x4152076dcf9c0ebf,0x402b4c1eefea0518,0x4012c0f69383dfd8,0x3fe7c9cc9f4e9642,0x4007af1d04ab4dcd,0x4152076dcf9c0ebf,0x4025772550fc5440,0x4129fe5ba00d1b71,0x4152075db056d5d0,0x8000000000000000,0x0000000000000000,0x0000000000000000,0x00000001,0x00000001,0x8000000200006600,0x8000000a00007e00,0x800000000094112d,0x000000008000af80,0x00000000800000e4,0x0000000000000002,0x000000007c201073,0x0000000000000080,0x6000000000000000,0x00000000000000c0,0x4000b4c3,0x0000000080004a06,0x000000004000b4c3,0x00000000013ad128,0x0000000001314c5d,0x00000000013ad128,0x0000000001314c5d,0x0000000000000430,0x0000000000006be8,0x00000000000072b4,0x0000000000955260,0x0000000000006dd7,0x000000000080cfc8,0x0000000000018f43,0x00000000004dc3f3,0x00000000000000c0,0x0000000000000040,0x00000489,0x8000000000000907,0x0000000007240701,0x03
1783622867478,b,0x000000008000519e,0x0000000080018e90,0x000000008000f190,0x000000008000f1c0,0x0000000080007a7a,0x0000000000000000,0x00000000800191f0,0x0000000080018ee0,0x0000000080019530,0x0000000000000000,0x0000000050fc5409,0x000000003fe00000,0x4025772550fc5409,0x0000000000000002,0x0000000000000003,0x000000001d735fbf,0x0000000043f15022,0x0000000000000006,0x000000008000f200,0x0000000000000001,0x0000000000000006,0x0000000000000038,0x0000000000000000,0x000000001d735dbe,0x000000000055dc95,0x3fedd0be6c437834,0x0000000080005418,0x4152076dcf9c0ebf,0x402b4c1eefea0518,0x4012c0f69383dfd8,0x3fe7c9cc9f4e9642,0x4007af1d04ab4dcd,0x4152076dcf9c0ebf,0x4025772550fc5409,0x4129fe657fd8adac,0x4152075d849a0275,0x0000000000000000,0x0000000000000000,0x0000000000000000,0x00000001,0x00000001,0x8000000200006600,0x8000000a00007e00,0x800000000094112d,0x000000008000af80,0x00000000800000e4,0x0000000000000002,0x000000007c201073,0x0000000000000080,0x6000000000000000,0x00000000000000c0,0x4000b4c3,0x0000000080005418,0x000000004000b4c3,0x00000000013bf249,0x00000000013268fb,0x00000000013bf249,0x00000000013268fb,0x0000000000000433,0x0000000000006beb,0x000000000000731b,0x000000000095e032,0x0000000000006e04,0x0000000000814b01,0x0000000000019089,0x00000000004e0c9f,0x00000000000000c0,0x0000000000000040,0x00000489,0x8000000000000907,0x0000000007240701,0x03
1783622869008,b,0x000000008000575e,0x0000000080019070,0x000000008000f190,0x000000008000f1c0,0x0000000080007a7a,0x000000000000000f,0x00000000800191f0,0x00000000800190b0,0x0000000080019530,0x00000000800190d0,0x00000000800002d0,0x000000008000f238,0x0000000000000006,0x00000000800190d0,0x0000000080019160,0x000000008000f201,0x3fe01100473694a6,0x0000000000000006,0x000000008000f200,0x0000000000000001,0x0000000000000006,0x0000000000000038,0x0000000000000000,0x000000002c80e338,0x00000000006124cf,0x3fedd0be6c437505,0x0000000080004c1a,0x4152076dcf9c0ebf,0x402b4c1eefea0518,0x4012c0f69383dfd8,0x3fe7c9cc9f4e9642,0x4007af1d04ab4dcd,0x4152076dcf9c0ebf,0x414fe4b4d288ce70,0x4129fe6a178d4fdf,0x4152075c3ae631f9,0x3fc17a1e17d0767a,0x0000000000000000,0x0000000000000000,0x00000001,0x00000001,0x8000000200006600,0x8000000a00007e00,0x800000000094112d,0x000000008000af80,0x00000000800000e4,0x0000000000000002,0x000000007c201073,0x0000000000000080,0x6000000000000000,0x00000000000000c0,0x4000b4c3,0x0000000080004c1a,0x000000004000b4c3,0x00000000013d0b1a,0x0000000001337b7a,0x00000000013d0b1a,0x0000000001337b7a,0x0000000000000437,0x0000000000006bee,0x0000000000007368,0x000000000096661c,0x0000000000006e2b,0x000000000081c632,0x00000000000191d1,0x00000000004e553c,0x00000000000000c0,0x0000000000000040,0x00000489,0x8000000000000907,0x0000000007240701,0x03
1783622870567,b,0x0000000080005744,0x0000000080019060,0x000000008000f190,0x000000008000f1c0,0x0000000080007a7a,0x000000000000000f,0x00000000800191f0,0x00000000800190b0,0x0000000080019530,0x0000000080019310,0x00000000800191f0,0x0000000000000006,0x0000000000000006,0x00000000800190d0,0x0000000000000058,0x000000008000f201,0x3fdc47773193060e,0x0000000000000006,0x000000008000f200,0x0000000000000001,0x0000000000000006,0x0000000000000038,0x0000000000000000,0x000000005ab39780,0x00000000005af9e8,0x3fedd0be6c4372ac,0x00000000800049ea,0x4152076dcf9c0ebf,0x402b4c1eefea0518,0x4012c0f69383dfd8,0x3fe7c9cc9f4e9642,0x4007af1d04ab4dcd,0x4152076dcf9c0ebf,0x414fe4b7eb39c0ec,0x4129fe64f9e83e42,0x4152075e019e83e4,0x0000000000000000,0x0000000000000000,0x0000000000000000,0x00000001,0x00000001,0x8000000200006600,0x8000000a00007e00,0x800000000094112d,0x000000008000af80,0x00000000800000e4,0x0000000000000002,0x000000007c201073,0x0000000000000080,0x6000000000000000,0x00000000000000c0,0x4000b4c3,0x00000000800049ea,0x000000004000b4c3,0x00000000013e569b,0x000000000134c35c,0x00000000013e569b,0x000000000134c35c,0x000000000000043b,0x0000000000006bf1,0x00000000000073cf,0x0000000000970807,0x0000000000006e60,0x00000000008253d8,0x0000000000019373,0x00000000004ea977,0x00000000000000c0,0x0000000000000040,0x00000489,0x8000000000000907,0x0000000007240701,0x03
1783622872033,b,0x0000000080006260,0x0000000080019230,0x000000008000f190,0x000000008000f1c0,0x402a6014520d68d9,0x0000000000000000,0x0000000000000000,0x0000000080019440,0x0000000080019530,0x0000000080019698,0x00000000800194a0,0x000000008000f238,0x00000000800003f0,0x000000008000f238,0x0000000000000005,0xffffffffe2f9fbff,0xffffffff941f65b6,0x0000000000000006,0x000000008000f200,0x0000000000000001,0x0000000000000006,0x0000000000000038,0x0000000000000000,0xffffffffe2c1714e,0x00000000004335a5,0x3fedd0be6c437103,0x0000000080005c1c,0x4152076dcf9c0ebf,0x402b4c1eefea0518,0x4012c0f69383dfd8,0x3fe7c9cc9f4e9642,0x4007af1d04ab4dcd,0x4152076dcf9c0ebf,0x4010cd696507d96e,0x4129fe64f9e83e42,0x4152075e019e83e4,0x01a56e1fc2f8f359,0x0000000000000000,0x0000000000000000,0x00000001,0x00000001,0x8000000200006600,0x8000000a00007e00,0x800000000094112d,0x000000008000af80,0x00000000800000e4,0x0000000000000002,0x000000007c201073,0x0000000000000080,0x6000000000000000,0x00000000000000c0,0x4000b4c3,0x0000000080005c1c,0x000000004000b4c3,0x00000000013f62eb,0x000000000135cdb2,0x00000000013f62eb,0x000000000135cdb2,0x000000000000043d,0x0000000000006bf4,0x000000000000740f,0x0000000000978a83,0x0000000000006e7f,0x000000000082c7b9,0x00000000000194bf,0x00000000004ef094,0x00000000000000c0,0x0000000000000040,0x00000489,0x8000000000000907,0x0000000007240701,0x03
1783622873435,b,0x0000000080005794,0x0000000080018db0,0x000000008000f190,0x000000008000f1c0,0x0000000080007a7a,0x0000000000000000,0x00000000800191f0,0x0000000080018de0,0x0000000080019530,0x0000000080018f50,0x0000000000000006,0x0000000000000006,0x0000000000000003,0x0000000080003cf8,0x0000000080018fc0,0x0000000042d2ffde,0x0000000043f14e52,0x0000000000000006,0x000000008000f200,0x0000000000000001,0x0000000000000006,0x0000000000000038,0x0000000000000000,0x0000000042d2f6de,0x000000000055dc95,0x3fedd0be6c437103,0x0000000080004dba,0x4152076dcf9c0ebf,0x402b4c1eefea0518,0x4012c0f69383dfd8,0x3fe7c9cc9f4e9642,0x4007af1d04ab4dcd,0x4152076dcf9c0ebf,0x4025772550fc5395,0x4129fe4f81205bc0,0x4152075f8f611340,0x3f8314f4c02b28e6,0xbfc733d476943792,0x3fea330ae25af21c,0x00000001,0x00000001,0x8000000200006600,0x8000000a00007e00,0x800000000094112d,0x000000008000af80,0x00000000800000e4,0x0000000000000002,0x000000007c201073,0x0000000000000080,0x6000000000000000,0x00000000000000c0,0x4000b4c3,0x0000000080004dba,0x000000004000b4c3,0x0000000001408ab3,0x000000000136f32b,0x0000000001408ab3,0x000000000136f32b,0x0000000000000440,0x0000000000006bf7,0x000000000000745c,0x000000000098199b,0x0000000000006eae,0x00000000008346ea,0x000000000001963c,0x00000000004f3e10,0x00000000000000c0,0x0000000000000040,0x00000489,0x8000000000000907,0x0000000007240701,0x03
1783622874755,b,0x000000008000583a,0x0000000080018ed0,0x000000008000f190,0x000000008000f1c0,0x0000000080007a7a,0x000000000000000f,0x00000000800191f0,0x0000000080018f20,0x0000000080019530,0x00000000800194a0,0x000000008000f238,0x0000000000000003,0x0000000000000006,0x0000000000000000,0x0000000000000000,0x000000008000f201,0x3fe071c28b7a99c7,0x0000000000000006,0x000000008000f200,0x0000000000000001,0x0000000000000006,0x0000000000000038,0x0000000000000000,0xffffffff93726f3e,0x00000000004091d1,0x3fedd0be6c436fe9,0x0000000080004970,0x4152076dcf9c0ebf,0x402b4c1eefea0518,0x4012c0f69383dfd8,0x3fe7c9cc9f4e9642,0x4007af1d04ab4dcd,0x4152076dcf9c0ebf,0x414fe4b2a0000000,0x4129fe5597c1bda5,0x4152075fc2f69446,0x0000000000000000,0x0000000000000000,0x0000000000000000,0x00000001,0x00000001,0x8000000200006600,0x8000000a00007e00,0x800000000094112d,0x000000008000af80,0x00000000800000e4,0x0000000000000002,0x000000007c201073,0x0000000000000080,0x6000000000000000,0x00000000000000c0,0x4000b4c3,0x0000000080004970,0x000000004000b4c3,0x000000000141902a,0x000000000137f23a,0x000000000141902a,0x000000000137f23a,0x0000000000000445,0x0000000000006bfa,0x00000000000074ac,0x00000000009896d5,0x0000000000006ed1,0x000000000083b962,0x0000000000019745,0x00000000004f81a3,0x00000000000000c0,0x0000000000000040,0x00000489,0x8000000000000907,0x0000000007240701,0x03
1783622876119,b,0x0000000080005744,0x0000000080019060,0x000000008000f190,0x000000008000f1c0,0x0000000080007a7a,0x000000000000000f,0x00000000800191f0,0x00000000800190b0,0x0000000080019530,0x0000000080019310,0x00000000800191f0,0x0000000000000006,0x0000000000000006,0x00000000800191f0,0x0000000080019290,0x000000008000f201,0x3fe242820e41639f,0x0000000000000006,0x000000008000f200,0x0000000000000001,0x0000000000000006,0x0000000000000038,0x0000000000000000,0x0000000036d418e0,0x0000000000761060,0x3fedd0be6c436f41,0x00000000800049c6,0x4152076dcf9c0ebf,0x402b4c1eefea0518,0x4012c0f69383dfd8,0x3fe7c9cc9f4e9642,0x4007af1d04ab4dcd,0x4152076dcf9c0ebf,0x414fe4b306353f7d,0x4129fe5f6ae7d567,0x415207604fc84b5e,0x0000000000000000,0x0000000000000000,0x0000000000000000,0x00000001,0x00000001,0x8000000200006600,0x8000000a00007e00,0x800000000094112d,0x000000008000af80,0x00000000800000e4,0x0000000000000002,0x000000007c201073,0x0000000000000080,0x6000000000000000,0x00000000000000c0,0x4000b4c3,0x00000000800049c6,0x000000004000b4c3,0x000000000142ce35,0x0000000001392b4b,0x000000000142ce35,0x0000000001392b4b,0x0000000000000449,0x0000000000006bfd,0x0000000000007521,0x00000000009931b2,0x0000000000006f02,0x00000000008440f7,0x00000000000198d1,0x00000000004fd218,0x00000000000000c0,0x0000000000000040,0x00000489,0x8000000000000907,0x0000000007240701,0x03
1783622877513,b,0x00000000800056f8,0x0000000080019060,0x000000008000f190,0x000000008000f1c0,0x0000000080007a7a,0x000000000000000f,0x0000000080019430,0x00000000800190b0,0x0000000080019530,0x0000000080019548,0x000000008000f238,0x0000000000000006,0x0000000000000006,0x0000000000000005,0x0000000000000000,0x000000008000f201,0x3fe4525b2c70f827,0x0000000000000006,0x000000008000f200,0x0000000000000001,0x0000000000000006,0x0000000000000038,0x0000000000000000,0x000000005318484e,0x00000000005a256c,0x3fedd0be6c436ef0,0x0000000080004976,0x4152076dcf9c0ebf,0x402b4c1eefea0518,0x4012c0f69383dfd8,0x3fe7c9cc9f4e9642,0x4007af1d04ab4dcd,0x4152076dcf9c0ebf,0x414fe4b732786c22,0x4129fe61d74bc6a8,0x41520762139f559b,0x0000000000000000,0x0000000000000000,0x0000000000000000,0x00000001,0x00000001,0x8000000200006600,0x8000000a00007e00,0x800000000094112d,0x000000008000af80,0x00000000800000e4,0x0000000000000002,0x000000007c201073,0x0000000000000080,0x6000000000000000,0x00000000000000c0,0x4000b4c3,0x0000000080004976,0x000000004000b4c3,0x000000000143e630,0x00000000013a3e99,0x000000000143e630,0x00000000013a3e99,0x000000000000044c,0x0000000000006c00,0x0000000000007591,0x000000000099bad3,0x0000000000006f34,0x000000000084b78b,0x0000000000019a46,0x0000000000501741,0x00000000000000c0,0x0000000000000040,0x00000489,0x8000000000000907,0x0000000007240701,0x03
1783622879158,b,0x0000000080006260,0x0000000080019230,0x000000008000f190,0x000000008000f1c0,0x402a6014520d6304,0x0000000000000000,0x0000000000000000,0x0000000080019440,0x0000000080019530,0x0000000080019698,0x00000000800194a0,0x000000008000f238,0x00000000800003f0,0x0000000000000004,0x0000000000000070,0x000000002937ff96,0xffffffffa67aac90,0x0000000000000006,0x000000008000f200,0x0000000000000001,0x0000000000000006,0x0000000000000038,0x0000000000000000,0x0000000029371780,0x0000000000719c5a,0x3fedd0be6c436ee2,0x0000000080005c46,0x4152076dcf9c0ebf,0x402b4c1eefea0518,0x4012c0f69383dfd8,0x3fe7c9cc9f4e9642,0x4007af1d04ab4dcd,0x4152076dcf9c0ebf,0x402c6716a99eab24,0x4129fe61d74bc6a8,0x41520762139f559b,0x01a56e1fc2f8f359,0x402a6014520d6304,0x402a6014520d6304,0x00000001,0x00000001,0x8000000200006600,0x8000000a00007e00,0x800000000094112d,0x000000008000af80,0x00000000800000e4,0x0000000000000002,0x000000007c201073,0x0000000000000080,0x6000000000000000,0x00000000000000c0,0x4000b4c3,0x0000000080005c46,0x000000004000b4c3,0x0000000001453b75,0x00000000013b9146,0x0000000001453b75,0x00000000013b9146,0x000000000000044e,0x0000000000006c03,0x00000000000075ed,0x00000000009a5fa0,0x0000000000006f57,0x0000000000854bf4,0x0000000000019bd1,0x000000000050731d,0x00000000000000c0,0x0000000000000040,0x00000489,0x8000000000000907,0x0000000007240701,0x03
1783622880692,b,0x00000000800058f2,0x0000000080018ed0,0x000000008000f190,0x000000008000f1c0,0x0000000080007a7a,0x0000000000000000,0x00000000800191f0,0x0000000080018f20,0x0000000080019530,0x00000000800193a0,0x00000000800194a0,0x0000000000000006,0x0000000000000003,0x0000000000000002,0x0000000000000018,0x000000003a6dbba3,0x0000000043f14d30,0x0000000000000006,0x000000008000f200,0x0000000000000001,0x0000000000000006,0x0000000000000038,0x0000000000000000,0x000000003a2d0b80,0x000000000055dc95,0x3fedd0be6c436ee2,0x00000000800049e0,0x4152076dcf9c0ebf,0x402b4c1eefea0518,0x4012c0f69383dfd8,0x3fe7c9cc9f4e9642,0x4007af1d04ab4dcd,0x4152076dcf9c0ebf,0x4025772550fc534c,0x4129fe59b6f0068e,0x415207613f404ea5,0x3fc0e154af64b9c6,0x0000000000000000,0x0000000000000000,0x00000001,0x00000001,0x8000000200006600,0x8000000a00007e00,0x800000000094112d,0x000000008000af80,0x00000000800000e4,0x0000000000000002,0x000000007c201073,0x0000000000000080,0x6000000000000000,0x00000000000000c0,0x4000b4c3,0x00000000800049e0,0x000000004000b4c3,0x00000000014653c4,0x00000000013ca737,0x00000000014653c4,0x00000000013ca737,0x0000000000000450,0x0000000000006c06,0x000000000000763b,0x00000000009ae72e,0x0000000000006f84,0x000000000085c440,0x0000000000019d37,0x000000000050bcc0,0x00000000000000c0,0x0000000000000040,0x00000489,0x8000000000000907,0x0000000007240701,0x03
1783622882229,b,0x000000008000583a,0x0000000080018ed0,0x000000008000f190,0x000000008000f1c0,0x0000000080007a7a,0x000000000000000f,0x00000000800191f0,0x0000000080018f20,0x0000000080019530,0x00000000800194a0,0x000000008000f238,0x0000000000000003,0x0000000000000006,0x00000000800191f0,0x0000000000000005,0x000000008000f201,0x3fea07f06f7970a8,0x0000000000000006,0x000000008000f200,0x0000000000000001,0x0000000000000006,0x0000000000000038,0x0000000000000000,0x000000005d7b11de,0x00000000007d3097,0x3fedd0be6c436f02,0x00000000800049f6,0x4152076dcf9c0ebf,0x402b4c1eefea0518,0x4012c0f69383dfd8,0x3fe7c9cc9f4e9642,0x4007af1d04ab4dcd,0x4152076dcf9c0ebf,0x414fe4b6cf212d77,0x4129fe61c48e8a72,0x4152075e6a752546,0x0000000000000000,0x402e61c980106084,0x402e61c980106084,0x00000001,0x00000001,0x8000000200006600,0x8000000a00007e00,0x800000000094112d,0x000000008000af80,0x00000000800000e4,0x0000000000000002,0x000000007c201073,0x0000000000000080,0x6000000000000000,0x00000000000000c0,0x4000b4c3,0x00000000800049f6,0x000000004000b4c3,0x0000000001477cb4,0x00000000013dc9c5,0x0000000001477cb4,0x00000000013dc9c5,0x0000000000000455,0x0000000000006c09,0x0000000000007695,0x00000000009b7524,0x0000000000006fa9,0x000000000086468a,0x0000000000019e65,0x0000000000510a9d,0x00000000000000c0,0x0000000000000040,0x00000489,0x8000000000000907,0x0000000007240701,0x03
1783622883636,b,0x000000008000583a,0x0000000080018ed0,0x000000008000f190,0x000000008000f1c0,0x0000000080007a7a,0x000000000000000f,0x00000000800191f0,0x0000000080018f20,0x0000000080019530,0x00000000800194a0,0x000000008000f238,0x0000000000000003,0x0000000000000006,0x00000000800191f0,0x0000000000000038,0x000000008000f201,0x3fe826bfc043dffa,0x0000000000000006,0x000000008000f200,0x0000000000000001,0x0000000000000006,0x0000000000000038,0x0000000000000000,0x000000001892430e,0x00000000004342d4,0x3fedd0be6c436f41,0x0000000080004980,0x4152076dcf9c0ebf,0x402b4c1eefea0518,0x4012c0f69383dfd8,0x3fe7c9cc9f4e9642,0x4007af1d04ab4dcd,0x4152076dcf9c0ebf,0x414fe4b0b6d91687,0x4129fe53335a8588,0x41520762c8c2f838,0x0000000000000000,0x0000000000000000,0x0000000000000000,0x00000001,0x00000001,0x8000000200006600,0x8000000a00007e00,0x800000000094112d,0x000000008000af80,0x00000000800000e4,0x0000000000000002,0x000000007c201073,0x0000000000000080,0x6000000000000000,0x00000000000000c0,0x4000b4c3,0x0000000080004980,0x000000004000b4c3,0x000000000148e2c4,0x00000000013f2b2e,0x000000000148e2c4,0x00000000013f2b2e,0x000000000000045d,0x0000000000006c0c,0x0000000000007701,0x00000000009c2313,0x0000000000006fdf,0x000000000086dfcb,0x000000000001a01f,0x00000000005166a2,0x00000000000000c0,0x0000000000000040,0x00000489,0x8000000000000907,0x0000000007240701,0x03
1783622885196,b,0x0000000080005744,0x0000000080019060,0x000000008000f190,0x000000008000f1c0,0x0000000080007a7a,0x000000000000000f,0x00000000800191f0,0x00000000800190b0,0x0000000080019530,0x0000000080019310,0x00000000800191f0,0x0000000000000006,0x0000000000000006,0x0000000000000005,0x0000000000000003,0x000000008000f201,0x3feb811e101a910a,0x0000000000000006,0x000000008000f200,0x0000000000000001,0x0000000000000006,0x0000000000000038,0x0000000000000000,0x000000001c3eb74e,0x00000000006c1395,0x3fedd0be6c436f93,0x0000000080004966,0x4152076dcf9c0ebf,0x402b4c1eefea0518,0x4012c0f69383dfd8,0x3fe7c9cc9f4e9642,0x4007af1d04ab4dcd,0x4152076dcf9c0ebf,0x414fe4b09514e3bd,0x4129fe5a398c7e28,0x41520761b5119ce0,0x0000000000000000,0x3fb85cd8e2c41b82,0x3fb85cd8e2c41b82,0x00000001,0x00000001,0x8000000200006600,0x8000000a00007e00,0x800000000094112d,0x000000008000af80,0x00000000800000e4,0x0000000000000002,0x000000007c201073,0x0000000000000080,0x6000000000000000,0x00000000000000c0,0x4000b4c3,0x0000000080004966,0x000000004000b4c3,0x00000000014a1268,0x000000000140560d,0x00000000014a1268,0x000000000140560d,0x0000000000000461,0x0000000000006c0f,0x0000000000007779,0x00000000009cb74b,0x0000000000007010,0x00000000008760bf,0x000000000001a19f,0x000000000051b2bf,0x00000000000000c0,0x0000000000000040,0x00000489,0x8000000000000907,0x0000000007240701,0x03
1783622886585,b,0x0000000080006260,0x0000000080019230,0x000000008000f190,0x000000008000f1c0,0x402a6014520d6115,0x0000000000000000,0x0000000000000000,0x0000000080019440,0x0000000080019530,0x0000000080019698,0x00000000800194a0,0x000000008000f238,0x00000000800003f0,0x0000000000000004,0x0000000000000002,0xffffffffd7ffdff9,0xffffffffc4c4e334,0x0000000000000006,0x000000008000f200,0x0000000000000001,0x0000000000000006,0x0000000000000038,0x0000000000000000,0xffffffffd75d5eb8,0x0000000000648c2f,0x3fedd0be6c436ff0,0x0000000080005cc4,0x4152076dcf9c0ebf,0x402b4c1eefea0518,0x4012c0f69383dfd8,0x3fe7c9cc9f4e9642,0x4007af1d04ab4dcd,0x4152076dcf9c0ebf,0x4019230bf13138cd,0x4129fe5a398c7e28,0x41520761b5119ce0,0x01a56e1fc2f8f359,0x0000000000000000,0x0000000000000000,0x00000001,0x00000001,0x8000000200006600,0x8000000a00007e00,0x800000000094112d,0x000000008000af80,0x00000000800000e4,0x0000000000000002,0x000000007c201073,0x0000000000000080,0x6000000000000000,0x00000000000000c0,0x4000b4c3,0x0000000080005cc4,0x000000004000b4c3,0x00000000014b15c2,0x00000000014156f3,0x00000000014b15c2,0x00000000014156f3,0x0000000000000464,0x0000000000006c12,0x00000000000077b3,0x00000000009d3616,0x000000000000702f,0x000000000087d015,0x000000000001a2e7,0x000000000051f603,0x00000000000000c0,0x0000000000000040,0x00000489,0x8000000000000907,0x0000000007240701,0x03
1783622887979,b,0x00000000800057ae,0x0000000080018d90,0x000000008000f190,0x000000008000f1c0,0x0000000080007a7a,0x0000000000000000,0x00000000800191f0,0x0000000080018de0,0x0000000080019530,0x0000000080018f50,0x000000008000f238,0x0000000000000006,0x0000000000000006,0x0000000000000000,0x0000000000000000,0x000000000d3cff6e,0x0000000043f14cda,0x0000000000000006,0x000000008000f200,0x0000000000000001,0x0000000000000006,0x0000000000000038,0x0000000000000000,0x000000000d3ceb2e,0x000000000055dc95,0x3fedd0be6c436ff0,0x0000000080004a1c,0x4152076dcf9c0ebf,0x402b4c1eefea0518,0x4012c0f69383dfd8,0x3fe7c9cc9f4e9642,0x4007af1d04ab4dcd,0x4152076dcf9c0ebf,0x4025772550fc5337,0x4129fe5524816f00,0x4152076551e4f766,0x3f8314f4c02b2927,0x8000000000000000,0x3ff0000000000000,0x00000001,0x00000001,0x8000000200006600,0x8000000a00007e00,0x800000000094112d,0x000000008000af80,0x00000000800000e4,0x0000000000000002,0x000000007c201073,0x0000000000000080,0x6000000000000000,0x00000000000000c0,0x4000b4c3,0x0000000080004a1c,0x000000004000b4c3,0x00000000014c36d9,0x00000000014276af,0x00000000014c36d9,0x00000000014276af,0x0000000000000467,0x0000000000006c15,0x00000000000077fa,0x00000000009dc1ac,0x000000000000705f,0x0000000000884c25,0x000000000001a45f,0x00000000005242ae,0x00000000000000c0,0x0000000000000040,0x00000489,0x8000000000000907,0x0000000007240701,0x03
1783622889364,b,0x000000008000589c,0x0000000080018ed0,0x000000008000f190,0x000000008000f1c0,0x0000000080007a7a,0x0000000000000000,0x00000000800191f0,0x0000000080018f20,0x0000000080019530,0x0000000080019280,0x0000000080019118,0x0000000000000006,0x0000000000000003,0x0000000080019118,0x0000000080019158,0xffffffffa4ffffff,0x0000000043f14cd4,0x0000000000000006,0x000000008000f200,0x0000000000000001,0x0000000000000006,0x0000000000000038,0x0000000000000000,0xffffffffa4e4b838,0x000000000055dc95,0x3fedd0be6c437050,0x00000000800049c8,0x4152076dcf9c0ebf,0x402b4c1eefea0518,0x4012c0f69383dfd8,0x3fe7c9cc9f4e9642,0x4007af1d04ab4dcd,0x4152076dcf9c0ebf,0x4025772550fc5335,0x4129fe5ed6a161e5,0x4152076280068db9,0x0000000000000000,0x0000000000000000,0x3f81c77792045d4f,0x00000001,0x00000001,0x8000000200006600,0x8000000a00007e00,0x800000000094112d,0x000000008000af80,0x00000000800000e4,0x0000000000000002,0x000000007c201073,0x0000000000000080,0x6000000000000000,0x00000000000000c0,0x4000b4c3,0x00000000800049c8,0x000000004000b4c3,0x00000000014d7922,0x000000000143b4a2,0x00000000014d7922,0x000000000143b4a2,0x000000000000046b,0x0000000000006c18,0x000000000000785d,0x00000000009e5f49,0x000000000000708e,0x000000000088d65b,0x000000000001a5cd,0x000000000052951c,0x00000000000000c0,0x0000000000000040,0x00000489,0x8000000000000907,0x0000000007240701,0x03
1783622890946,b,0x000000008000583a,0x0000000080018ed0,0x000000008000f190,0x000000008000f1c0,0x0000000080007a7a,0x000000000000000f,0x00000000800191f0,0x0000000080018f20,0x0000000080019530,0x00000000800194a0,0x000000008000f238,0x0000000000000003,0x0000000000000006,0x0000000000000000,0x0000000000000000,0x000000008000f201,0x3ff17b26a05ac85a,0x0000000000000006,0x000000008000f200,0x0000000000000001,0x0000000000000006,0x0000000000000038,0x0000000000000000,0xffffffff937b2e1e,0x000000000042e5ef,0x3fedd0be6c4370ae,0x00000000800049da,0x4152076dcf9c0ebf,0x402b4c1eefea0518,0x4012c0f69383dfd8,0x3fe7c9cc9f4e9642,0x4007af1d04ab4dcd,0x4152076dcf9c0ebf,0x414fe4b12fb15b57,0x4129fe62bbb2fec5,0x415207603eb851ec,0x0000000000000000,0x3fe1aec7af362c5b,0x0000000000000000,0x00000001,0x00000001,0x8000000200006600,0x8000000a00007e00,0x800000000094112d,0x000000008000af80,0x00000000800000e4,0x0000000000000002,0x000000007c201073,0x0000000000000080,0x6000000000000000,0x00000000000000c0,0x4000b4c3,0x00000000800049da,0x000000004000b4c3,0x00000000014eae7c,0x000000000144e413,0x00000000014eae7c,0x000000000144e413,0x000000000000046f,0x0000000000006c1b,0x00000000000078a9,0x00000000009ef2ed,0x00000000000070b7,0x0000000000895e48,0x000000000001a728,0x000000000052e644,0x00000000000000c0,0x0000000000000040,0x00000489,0x8000000000000907,0x0000000007240701,0x03
1783622892577,b,0x0000000080005744,0x0000000080019060,0x000000008000f190,0x000000008000f1c0,0x0000000080007a7a,0x000000000000000f,0x00000000800191f0,0x00000000800190b0,0x0000000080019530,0x0000000080019310,0x00000000800191f0,0x0000000000000006,0x0000000000000006,0x0000000080019310,0x00000000800193d8,0x000000008000f201,0x3ff0589d7d7dfa56,0x0000000000000006,0x000000008000f200,0x0000000000000001,0x0000000000000006,0x0000000000000038,0x0000000000000000,0xffffffffbd3ed7f8,0x000000000041ebed,0x3fedd0be6c437104,0x00000000800049a4,0x4152076dcf9c0ebf,0x402b4c1eefea0518,0x4012c0f69383dfd8,0x3fe7c9cc9f4e9642,0x4007af1d04ab4dcd,0x4152076dcf9c0ebf,0x414fe4af5e0aa64c,0x4129fe51bfa43fe6,0x41520761bbc50481,0x0000000000000000,0x0000000000000000,0x0000000000000000,0x00000001,0x00000001,0x8000000200006600,0x8000000a00007e00,0x800000000094112d,0x000000008000af80,0x00000000800000e4,0x0000000000000002,0x000000007c201073,0x0000000000000080,0x6000000000000000,0x00000000000000c0,0x4000b4c3,0x00000000800049a4,0x000000004000b4c3,0x00000000014ff165,0x00000000014622be,0x00000000014ff165,0x00000000014622be,0x0000000000000474,0x0000000000006c1e,0x0000000000007900,0x00000000009f9072,0x00000000000070e8,0x000000000089e8a6,0x000000000001a8b8,0x0000000000533865,0x00000000000000c0,0x0000000000000040,0x00000489,0x8000000000000907,0x0000000007240701,0x03
1783622894273,b,0x0000000080006362,0x0000000080019440,0x000000008000f190,0x000000008000f1c0,0x402a6014520d60d3,0x0000000000000000,0x0000000000000000,0x0000000080019700,0x0000000080019530,0x0000000000000001,0x00000000265596b7,0x000000008000f3a8,0x000000008000f3a8,0x0000000000000001,0x0000000080015458,0xffffffffedff5df9,0xffffffff99565adc,0x0000000000000006,0x000000008000f200,0x0000000000000001,0x0000000000000006,0x0000000000000038,0x0000000000000000,0xffffffffedf84978,0x00000000007a594a,0x3fedd0be6c437152,0x0000000080006474,0x4152076dcf9c0ebf,0x402b4c1eefea0518,0x4012c0f69383dfd8,0x3fe7c9cc9f4e9642,0x4007af1d04ab4dcd,0x4152076dcf9c0ebf,0x401e9652a65596b7,0x4129fe51bfa43fe6,0x41520761bbc50481,0x01a56e1fc2f8f359,0x3ff0000000000000,0x403693f7154dbf45,0x00000001,0x00000001,0x8000000200006600,0x8000000a00007e00,0x800000000094112d,0x000000008000af80,0x00000000800000e4,0x0000000000000002,0x000000007c201073,0x0000000000000080,0x6000000000000000,0x00000000000000c0,0x4000b4c3,0x0000000080006474,0x000000004000b4c3,0x000000000150f92d,0x0000000001472637,0x000000000150f92d,0x0000000001472637,0x0000000000000479,0x0000000000006c21,0x0000000000007961,0x0000000000a01230,0x000000000000710c,0x00000000008a5860,0x000000000001aa0d,0x00000000005379be,0x00000000000000c0,0x0000000000000040,0x00000489,0x8000000000000907,0x0000000007240701,0x03
1783622895730,b,0x00000000800057ae,0x0000000080018d90,0x000000008000f190,0x000000008000f1c0,0x0000000080007a7a,0x0000000000000000,0x00000000800191f0,0x0000000080018de0,0x0000000080019530,0x0000000080018f50,0x000000008000f238,0x0000000000000006,0x0000000000000006,0x000000008000f238,0x000000008000f300,0x000000001d765e9f,0x0000000043f14cd6,0x0000000000000006,0x000000008000f200,0x0000000000000001,0x0000000000000006,0x0000000000000038,0x0000000000000000,0x000000001d021e8e,0x000000000055dc95,0x3fedd0be6c437152,0x00000000800049c8,0x4152076dcf9c0ebf,0x402b4c1eefea0518,0x4012c0f69383dfd8,0x3fe7c9cc9f4e9642,0x4007af1d04ab4dcd,0x4152076dcf9c0ebf,0x4025772550fc5336,0x4129fe597f7ced91,0x4152075fc8a57a78,0x3febc7aad426d1c8,0x0000000000000000,0x0000000000000000,0x00000001,0x00000001,0x8000000200006600,0x8000000a00007e00,0x800000000094112d,0x000000008000af80,0x00000000800000e4,0x0000000000000002,0x000000007c201073,0x0000000000000080,0x6000000000000000,0x00000000000000c0,0x4000b4c3,0x00000000800049c8,0x000000004000b4c3,0x0000000001523249,0x0000000001485f2f,0x0000000001523249,0x0000000001485f2f,0x000000000000047b,0x0000000000006c24,0x000000000000798e,0x0000000000a0a7f7,0x0000000000007137,0x00000000008ae154,0x000000000001ab8d,0x000000000053d0c4,0x00000000000000c0,0x0000000000000040,0x00000489,0x8000000000000907,0x0000000007240701,0x03
1783622897374,b,0x0000000080005850,0x0000000080018ed0,0x000000008000f190,0x000000008000f1c0,0x0000000080007a7a,0x000000000000000f,0x00000000800191f0,0x0000000080018f20,0x0000000080019530,0x00000000800191f0,0x0000000080019310,0x0000000000000003,0x0000000000000006,0x0000000000000002,0x0000000000000006,0x000000008000f201,0x3fed221c035da305,0x0000000000000006,0x000000008000f200,0x0000000000000001,0x0000000000000006,0x0000000000000038,0x0000000000000000,0x0000000067e2177e,0x00000000004c2d42,0x3fedd0be6c437195,0x00000000800049b4,0x4152076dcf9c0ebf,0x402b4c1eefea0518,0x4012c0f69383dfd8,0x3fe7c9cc9f4e9642,0x4007af1d04ab4dcd,0x4152076dcf9c0ebf,0x414fe4b04243fe5d,0x4129fe62db573eab,0x41520763e315b574,0x0000000000000000,0x0000000000000000,0x0000000000000000,0x00000001,0x00000001,0x8000000200006600,0x8000000a00007e00,0x800000000094112d,0x000000008000af80,0x00000000800000e4,0x0000000000000002,0x000000007c201073,0x0000000000000080,0x6000000000000000,0x00000000000000c0,0x4000b4c3,0x00000000800049b4,0x000000004000b4c3,0x00000000015332ce,0x00000000014959b5,0x00000000015332ce,0x00000000014959b5,0x000000000000047f,0x0000000000006c27,0x00000000000079da,0x0000000000a12302,0x000000000000715a,0x00000000008b516c,0x000000000001ac93,0x0000000000541306,0x00000000000000c0,0x0000000000000040,0x00000489,0x8000000000000907,0x0000000007240701,0x03
1783622899089,b,0x0000000080005820,0x0000000080018ed0,0x000000008000f190,0x000000008000f1c0,0x0000000080007a7a,0x000000000000000f,0x00000000800191f0,0x0000000080018f20,0x0000000080019530,0x000000008000f238,0x0000000080019310,0x0000000000000006,0x0000000000000006,0x0000000000000005,0x0000000000000006,0x000000008000f201,0x3fef19859e488afc,0x0000000000000006,0x000000008000f200,0x0000000000000001,0x0000000000000006,0x0000000000000038,0x0000000000000000,0x00000000244076ee,0x00000000005ecc49,0x3fedd0be6c4371ce,0x0000000080004a06,0x4152076dcf9c0ebf,0x402b4c1eefea0518,0x4012c0f69383dfd8,0x3fe7c9cc9f4e9642,0x4007af1d04ab4dcd,0x4152076dcf9c0ebf,0x414fe4afe1eecbfb,0x4129fe5d2474538f,0x4152075c92027525,0x402e61c980105f85,0x0000000000000000,0x0000000000000000,0x00000001,0x00000001,0x8000000200006600,0x8000000a00007e00,0x800000000094112d,0x000000008000af80,0x00000000800000e4,0x0000000000000002,0x000000007c201073,0x0000000000000080,0x6000000000000000,0x00000000000000c0,0x4000b4c3,0x0000000080004a06,0x000000004000b4c3,0x00000000015478a3,0x00000000014a9b7b,0x00000000015478a3,0x00000000014a9b7b,0x0000000000000485,0x0000000000006c2b,0x0000000000007a48,0x0000000000a1c200,0x000000000000718e,0x00000000008bdc8c,0x000000000001ae2d,0x000000000054657a,0x00000000000000c0,0x0000000000000040,0x00000489,0x8000000000000907,0x0000000007240701,0x03
1783622900653,b,0x00000000800056f8,0x0000000080019060,0x000000008000f190,0x000000008000f1c0,0x0000000080007a7a,0x000000000000000f,0x0000000080019430,0x00000000800190b0,0x0000000080019530,0x0000000080019548,0x000000008000f238,0x0000000000000006,0x0000000000000006,0x0000000080019548,0x0000000080019620,0x000000008000f201,0x3fe7ca819bd3ba06,0x0000000000000006,0x000000008000f200,0x0000000000000001,0x0000000000000006,0x0000000000000038,0x0000000000000000,0x0000000006042bf8,0x00000000004bc482,0x3fedd0be6c4371fd,0x00000000800049a4,0x4152076dcf9c0ebf,0x402b4c1eefea0518,0x4012c0f69383dfd8,0x3fe7c9cc9f4e9642,0x4007af1d04ab4dcd,0x4152076dcf9c0ebf,0x414fe4ad404b5dcc,0x4129fe531a6b50b1,0x4152075f237ced91,0x0000000000000000,0x0000000000000000,0x0000000000000000,0x00000001,0x00000001,0x8000000200006600,0x8000000a00007e00,0x800000000094112d,0x000000008000af80,0x00000000800000e4,0x0000000000000002,0x000000007c201073,0x0000000000000080,0x6000000000000000,0x00000000000000c0,0x4000b4c3,0x00000000800049a4,0x000000004000b4c3,0x00000000015585f5,0x00000000014ba3f4,0x00000000015585f5,0x00000000014ba3f4,0x0000000000000489,0x0000000000006c2e,0x0000000000007ab8,0x0000000000a24612,0x00000000000071bc,0x00000000008c4ed0,0x000000000001af8f,0x000000000054a7f1,0x00000000000000c0,0x0000000000000040,0x00000489,0x8000000000000907,0x0000000007240701,0x03
1783622902188,b,0x00000000800056f8,0x0000000080019060,0x000000008000f190,0x000000008000f1c0,0x0000000080007a7a,0x000000000000000f,0x0000000080019430,0x00000000800190b0,0x0000000080019530,0x0000000080019548,0x000000008000f238,0x0000000000000006,0x0000000000000006,0x0000000000000003,0x0000000000000003,0x000000008000f201,0x3fe4499b2021189e,0x0000000000000006,0x000000008000f200,0x0000000000000001,0x0000000000000006,0x0000000000000038,0x0000000000000000,0xffffffff9766c69e,0x00000000005c0c0d,0x3fedd0be6c437220,0x000000008000497a,0x4152076dcf9c0ebf,0x402b4c1eefea0518,0x4012c0f69383dfd8,0x3fe7c9cc9f4e9642,0x4007af1d04ab4dcd,0x4152076dcf9c0ebf,0x414fe4b18c395810,0x4129fe44d780346e,0x41520762d7ec56d6,0x0000000000000000,0x0000000000000000,0x0000000000000000,0x00000001,0x00000001,0x8000000200006600,0x8000000a00007e00,0x800000000094112d,0x000000008000af80,0x00000000800000e4,0x0000000000000002,0x000000007c201073,0x0000000000000080,0x6000000000000000,0x00000000000000c0,0x4000b4c3,0x000000008000497a,0x000000004000b4c3,0x000000000156d777,0x00000000014cf15c,0x000000000156d777,0x00000000014cf15c,0x000000000000048b,0x0000000000006c31,0x0000000000007b25,0x0000000000a2ea88,0x00000000000071f2,0x00000000008cdf3f,0x000000000001b138,0x000000000054fde5,0x00000000000000c0,0x0000000000000040,0x00000489,0x8000000000000907,0x0000000007240701,0x03
1783622903552,b,0x00000000800057ae,0x0000000080018d90,0x000000008000f190,0x000000008000f1c0,0x0000000080007a7a,0x0000000000000000,0x00000000800191f0,0x0000000080018de0,0x0000000080019530,0x0000000080018f50,0x000000008000f238,0x0000000000000006,0x0000000000000006,0x000000008000f238,0x000000008000f290,0xffffffffddff7dee,0x0000000043f14ce6,0x0000000000000006,0x000000008000f200,0x0000000000000001,0x0000000000000006,0x0000000000000038,0x0000000000000000,0xffffffffdded50ae,0x000000000055dc95,0x3fedd0be6c437220,0x00000000800049c6,0x4152076dcf9c0ebf,0x402b4c1eefea0518,0x4012c0f69383dfd8,0x3fe7c9cc9f4e9642,0x4007af1d04ab4dcd,0x4152076dcf9c0ebf,0x4025772550fc533a,0x4129fe44d780346e,0x41520762d7ec56d6,0x8000000000000000,0x0000000000000000,0x0000000000000000,0x00000001,0x00000001,0x8000000200006600,0x8000000a00007e00,0x800000000094112d,0x000000008000af80,0x00000000800000e4,0x0000000000000002,0x000000007c201073,0x0000000000000080,0x6000000000000000,0x00000000000000c0,0x4000b4c3,0x00000000800049c6,0x000000004000b4c3,0x00000000015802c5,0x00000000014e1cf8,0x00000000015802c5,0x00000000014e1cf8,0x000000000000048c,0x0000000000006c34,0x0000000000007b4e,0x0000000000a37a0f,0x000000000000720f,0x00000000008d6262,0x000000000001b29a,0x00000000005551e7,0x00000000000000c0,0x0000000000000040,0x00000489,0x8000000000000907,0x0000000007240701,0x03
1783622905076,b,0x00000000800058f2,0x0000000080018ed0,0x000000008000f190,0x000000008000f1c0,0x0000000080007a7a,0x0000000000000000,0x00000000800191f0,0x0000000080018f20,0x0000000080019530,0x00000000800193a0,0x00000000800194a0,0x0000000000000006,0x0000000000000003,0x00000000800193a0,0x00000000800193d0,0x00000000566af6fe,0x0000000043f14ce8,0x0000000000000006,0x000000008000f200,0x0000000000000001,0x0000000000000006,0x0000000000000038,0x0000000000000000,0x00000000560ab6e0,0x000000000055dc95,0x3fedd0be6c437238,0x00000000800049a4,0x4152076dcf9c0ebf,0x402b4c1eefea0518,0x4012c0f69383dfd8,0x3fe7c9cc9f4e9642,0x4007af1d04ab4dcd,0x4152076dcf9c0ebf,0x4025772550fc533a,0x4129fe6feed91687,0x4152076088710cb3,0x0000000000000000,0x0000000000000000,0x0000000000000000,0x00000001,0x00000001,0x8000000200006600,0x8000000a00007e00,0x800000000094112d,0x000000008000af80,0x00000000800000e4,0x0000000000000002,0x000000007c201073,0x0000000000000080,0x6000000000000000,0x00000000000000c0,0x4000b4c3,0x00000000800049a4,0x000000004000b4c3,0x0000000001593d9d,0x00000000014f537e,0x0000000001593d9d,0x00000000014f537e,0x000000000000048f,0x0000000000006c37,0x0000000000007bba,0x0000000000a413cc,0x0000000000007242,0x00000000008de89d,0x000000000001b41f,0x000000000055a191,0x00000000000000c0,0x0000000000000040,0x00000489,0x8000000000000907,0x0000000007240701,0x03
1783622906699,b,0x000000008000583a,0x0000000080018ed0,0x000000008000f190,0x000000008000f1c0,0x0000000080007a7a,0x000000000000000f,0x00000000800191f0,0x0000000080018f20,0x0000000080019530,0x00000000800194a0,0x000000008000f238,0x0000000000000003,0x0000000000000006,0x00000000800191f0,0x0000000000000001,0x000000008000f201,0x3fe38d15725e6ddc,0x0000000000000006,0x000000008000f200,0x0000000000000001,0x0000000000000006,0x0000000000000038,0x0000000000000000,0xffffffff9af20438,0x0000000000656cee,0x3fedd0be6c437249,0x00000000800049f6,0x4152076dcf9c0ebf,0x402b4c1eefea0518,0x4012c0f69383dfd8,0x3fe7c9cc9f4e9642,0x4007af1d04ab4dcd,0x4152076dcf9c0ebf,0x414fe4b035916873,0x4129fe684af4f0d8,0x415207644e6cf41f,0x0000000000000000,0x3fe1aec7af362c5b,0x3fe1aec7af362c5b,0x00000001,0x00000001,0x8000000200006600,0x8000000a00007e00,0x800000000094112d,0x000000008000af80,0x00000000800000e4,0x0000000000000002,0x000000007c201073,0x0000000000000080,0x6000000000000000,0x00000000000000c0,0x4000b4c3,0x00000000800049f6,0x000000004000b4c3,0x00000000015a571a,0x000000000150670f,0x00000000015a571a,0x000000000150670f,0x0000000000000493,0x0000000000006c3a,0x0000000000007c08,0x0000000000a49aa5,0x0000000000007267,0x00000000008e63da,0x000000000001b548,0x000000000055eac6,0x00000000000000c0,0x0000000000000040,0x00000489,0x8000000000000907,0x0000000007240701,0x03
1783622908148,b,0x000000008000571c,0x0000000080019070,0x000000008000f190,0x000000008000f1c0,0x0000000080007a7a,0x000000000000000f,0x0000000080019310,0x00000000800190b0,0x0000000080019530,0x0000000080019548,0x00000000800191f0,0x0000000000000006,0x0000000000000001,0x0000000080019580,0x0000000000000007,0x000000008000f201,0x3fe632d57029a66c,0x0000000000000006,0x000000008000f200,0x0000000000000001,0x0000000000000006,0x0000000000000038,0x0000000000000000,0xffffffff9362b92e,0x000000000061d222,0x3fedd0be6c437251,0x0000000080004b80,0x4152076dcf9c0ebf,0x402b4c1eefea0518,0x4012c0f69383dfd8,0x3fe7c9cc9f4e9642,0x4007af1d04ab4dcd,0x4152076dcf9c0ebf,0x414fe4ac550e5604,0x4129fe5579581062,0x4152075f357a786c,0x3ff0000000000000,0x0000000000000000,0x0000000000000000,0x00000001,0x00000001,0x8000000200006600,0x8000000a00007e00,0x800000000094112d,0x000000008000af80,0x00000000800000e4,0x0000000000000002,0x000000007c201073,0x0000000000000080,0x6000000000000000,0x00000000000000c0,0x4000b4c3,0x0000000080004b80,0x000000004000b4c3,0x00000000015b6a66,0x0000000001517541,0x00000000015b6a66,0x0000000001517541,0x0000000000000497,0x0000000000006c3d,0x0000000000007c76,0x0000000000a52155,0x0000000000007296,0x00000000008ed8a5,0x000000000001b6ae,0x0000000000562ec1,0x00000000000000c0,0x0000000000000040,0x00000489,0x8000000000000907,0x0000000007240701,0x03
1783622909503,b,0x00000000800057ae,0x0000000080018d90,0x000000008000f190,0x000000008000f1c0,0x0000000080007a7a,0x0000000000000000,0x00000000800191f0,0x0000000080018de0,0x0000000080019530,0x0000000080018f50,0x000000008000f238,0x0000000000000006,0x0000000000000006,0x0000000000000004,0x0000000000000022,0xffffffffbe67f9de,0x0000000043f14cee,0x0000000000000006,0x000000008000f200,0x0000000000000001,0x0000000000000006,0x0000000000000038,0x0000000000000000,0xffffffffbe62e95e,0x000000000055dc95,0x3fedd0be6c437251,0x000000008000499a,0x4152076dcf9c0ebf,0x402b4c1eefea0518,0x4012c0f69383dfd8,0x3fe7c9cc9f4e9642,0x4007af1d04ab4dcd,0x4152076dcf9c0ebf,0x4025772550fc533c,0x4129fe5579581062,0x4152075f357a786c,0x8000000000000000,0x0000000000000000,0x0000000000000000,0x00000001,0x00000001,0x8000000200006600,0x8000000a00007e00,0x800000000094112d,0x000000008000af80,0x00000000800000e4,0x0000000000000002,0x000000007c201073,0x0000000000000080,0x6000000000000000,0x00000000000000c0,0x4000b4c3,0x000000008000499a,0x000000004000b4c3,0x00000000015c7259,0x0000000001527e0f,0x00000000015c7259,0x0000000001527e0f,0x000000000000049a,0x0000000000006c40,0x0000000000007c93,0x0000000000a5a083,0x00000000000072b1,0x00000000008f4bd8,0x000000000001b7f2,0x0000000000567865,0x00000000000000c0,0x0000000000000040,0x00000489,0x8000000000000907,0x0000000007240701,0x03
1783622910935,b,0x00000000800057ae,0x0000000080018d90,0x000000008000f190,0x000000008000f1c0,0x0000000080007a7a,0x0000000000000000,0x00000000800191f0,0x0000000080018de0,0x0000000080019530,0x0000000080018f50,0x000000008000f238,0x0000000000000006,0x0000000000000006,0x0000000000000003,0x0000000000000003,0x0000000036bbdff4,0x0000000043f14cf0,0x0000000000000006,0x000000008000f200,0x0000000000000001,0x0000000000000006,0x0000000000000038,0x0000000000000000,0x0000000036804f80,0x000000000055dc95,0x3fedd0be6c437254,0x000000008000499a,0x4152076dcf9c0ebf,0x402b4c1eefea0518,0x4012c0f69383dfd8,0x3fe7c9cc9f4e9642,0x4007af1d04ab4dcd,0x4152076dcf9c0ebf,0x4025772550fc533c,0x4129fe5fab6ae7d5,0x41520765b5c91d15,0x8000000000000000,0x4012207dfca3cb69,0x4012207dfca3cb69,0x00000001,0x00000001,0x8000000200006600,0x8000000a00007e00,0x800000000094112d,0x000000008000af80,0x00000000800000e4,0x0000000000000002,0x000000007c201073,0x0000000000000080,0x6000000000000000,0x00000000000000c0,0x4000b4c3,0x000000008000499a,0x000000004000b4c3,0x00000000015db3f0,0x000000000153bc72,0x00000000015db3f0,0x000000000153bc72,0x000000000000049e,0x0000000000006c43,0x0000000000007cf1,0x0000000000a63e08,0x00000000000072e7,0x00000000008fd4dd,0x000000000001b990,0x000000000056c9b1,0x00000000000000c0,0x0000000000000040,0x00000489,0x8000000000000907,0x0000000007240701,0x03
1783622912546,b,0x000000008000589c,0x0000000080018ed0,0x000000008000f190,0x000000008000f1c0,0x0000000080007a7a,0x0000000000000000,0x00000000800191f0,0x0000000080018f20,0x0000000080019530,0x0000000080019280,0x0000000080019118,0x0000000000000006,0x0000000000000003,0x0000000000000004,0x000000000000000c,0xffffffffae9db7df,0x0000000043f14cf2,0x0000000000000006,0x000000008000f200,0x0000000000000001,0x0000000000000006,0x0000000000000038,0x0000000000000000,0xffffffffae9db59e,0x000000000055dc95,0x3fedd0be6c437253,0x00000000800049da,0x4152076dcf9c0ebf,0x402b4c1eefea0518,0x4012c0f69383dfd8,0x3fe7c9cc9f4e9642,0x4007af1d04ab4dcd,0x4152076dcf9c0ebf,0x4025772550fc533d,0x4129fe617a0f9097,0x415207651d604189,0x0000000000000000,0x0000000000000000,0x0000000000000000,0x00000001,0x00000001,0x8000000200006600,0x8000000a00007e00,0x800000000094112d,0x000000008000af80,0x00000000800000e4,0x0000000000000002,0x000000007c201073,0x0000000000000080,0x6000000000000000,0x00000000000000c0,0x4000b4c3,0x00000000800049da,0x000000004000b4c3,0x00000000015efbbf,0x000000000155001e,0x00000000015efbbf,0x000000000155001e,0x00000000000004a1,0x0000000000006c46,0x0000000000007d4a,0x0000000000a6de3d,0x0000000000007316,0x00000000009061c1,0x000000000001bb09,0x0000000000571dd9,0x00000000000000c0,0x0000000000000040,0x00000489,0x8000000000000907,0x0000000007240701,0x03
1783622914160,b,0x0000000080005806,0x0000000080018ee0,0x000000008000f190,0x000000008000f1c0,0x0000000080007a7a,0x000000000000000f,0x00000000800191f0,0x0000000080018f20,0x0000000080019530,0x00000000800194a0,0x0000000080019310,0x0000000000000003,0x0000000080019310,0x0000000000000001,0x0000000000000006,0x000000008000f201,0x3fe8fe26d732c5ef,0x0000000000000006,0x000000008000f200,0x0000000000000001,0x0000000000000006,0x0000000000000038,0x0000000000000000,0xffffffffe2876be0,0x00000000005f2768,0x3fedd0be6c43724c,0x0000000080004ba6,0x4152076dcf9c0ebf,0x402b4c1eefea0518,0x4012c0f69383dfd8,0x3fe7c9cc9f4e9642,0x4007af1d04ab4dcd,0x4152076dcf9c0ebf,0x414fe4ab897c1bda,0x4129fe5ef15b573f,0x4152076511f8a090,0x3fc17a1e17d07797,0x3fc17a1e17d07797,0x0000000000000000,0x00000001,0x00000001,0x8000000200006600,0x8000000a00007e00,0x800000000094112d,0x000000008000af80,0x00000000800000e4,0x0000000000000002,0x000000007c201073,0x0000000000000080,0x6000000000000000,0x00000000000000c0,0x4000b4c3,0x0000000080004ba6,0x000000004000b4c3,0x0000000001600acd,0x0000000001560914,0x0000000001600acd,0x0000000001560914,0x00000000000004a4,0x0000000000006c49,0x0000000000007d95,0x0000000000a75fb3,0x000000000000733d,0x000000000090d878,0x000000000001bc38,0x00000000005763d5,0x00000000000000c0,0x0000000000000040,0x00000489,0x8000000000000907,0x0000000007240701,0x03
1783622915590,b,0x00000000800056f8,0x0000000080019060,0x000000008000f190,0x000000008000f1c0,0x0000000080007a7a,0x000000000000000f,0x0000000080019430,0x00000000800190b0,0x0000000080019530,0x0000000080019548,0x000000008000f238,0x0000000000000006,0x0000000000000006,0x0000000080019310,0x0000000000000003,0x000000008000f201,0x3feb0421c0f25ac6,0x0000000000000006,0x000000008000f200,0x0000000000000001,0x0000000000000006,0x0000000000000038,0x0000000000000000,0xfffffffff4bbae78,0x0000000000595679,0x3fedd0be6c437243,0x00000000800049f6,0x4152076dcf9c0ebf,0x402b4c1eefea0518,0x4012c0f69383dfd8,0x3fe7c9cc9f4e9642,0x4007af1d04ab4dcd,0x4152076dcf9c0ebf,0x414fe4acc96bb98c,0x4129fe4e3b7e9100,0x415207632c432ca5,0x0000000000000000,0x0000000000000000,0x0000000000000000,0x00000001,0x00000001,0x8000000200006600,0x8000000a00007e00,0x800000000094112d,0x000000008000af80,0x00000000800000e4,0x0000000000000002,0x000000007c201073,0x0000000000000080,0x6000000000000000,0x00000000000000c0,0x4000b4c3,0x00000000800049f6,0x000000004000b4c3,0x00000000016111c5,0x0000000001570b74,0x00000000016111c5,0x0000000001570b74,0x00000000000004a8,0x0000000000006c4c,0x0000000000007df3,0x0000000000a7e0d4,0x000000000000736c,0x00000000009147cc,0x000000000001bd9a,0x000000000057a436,0x00000000000000c0,0x0000000000000040,0x00000489,0x8000000000000907,0x0000000007240701,0x03
1783622917036,b,0x00000000800057ae,0x0000000080018d90,0x000000008000f190,0x000000008000f1c0,0x0000000080007a7a,0x0000000000000000,0x00000000800191f0,0x0000000080018de0,0x0000000080019530,0x0000000080018f50,0x000000008000f238,0x0000000000000006,0x0000000000000006,0x0000000000000000,0x0000000000000000,0xffffffffae9db7df,0x0000000043f14cf2,0x0000000000000006,0x000000008000f200,0x0000000000000001,0x0000000000000006,0x0000000000000038,0x0000000000000000,0xffffffffae9db59e,0x000000000055dc95,0x3fedd0be6c437243,0x00000000800049da,0x4152076dcf9c0ebf,0x402b4c1eefea0518,0x4012c0f69383dfd8,0x3fe7c9cc9f4e9642,0x4007af1d04ab4dcd,0x4152076dcf9c0ebf,0x4025772550fc533d,0x4129fe4e3b7e9100,0x415207632c432ca5,0x3fea330ae25af21c,0x0000000000000000,0x3fdcf46da09c9984,0x00000001,0x00000001,0x8000000200006600,0x8000000a00007e00,0x800000000094112d,0x000000008000af80,0x00000000800000e4,0x0000000000000002,0x000000007c201073,0x0000000000000080,0x6000000000000000,0x00000000000000c0,0x4000b4c3,0x00000000800049da,0x000000004000b4c3,0x0000000001621374,0x0000000001580dec,0x0000000001621374,0x0000000001580dec,0x00000000000004ab,0x0000000000006c4f,0x0000000000007e16,0x0000000000a85cf9,0x0000000000007389,0x000000000091b7c2,0x000000000001bedd,0x000000000057eba2,0x00000000000000c0,0x0000000000000040,0x00000489,0x8000000000000907,0x0000000007240701,0x03
1783622918564,b,0x000000008000583a,0x0000000080018ed0,0x000000008000f190,0x000000008000f1c0,0x0000000080007a7a,0x000000000000000f,0x00000000800191f0,0x0000000080018f20,0x0000000080019530,0x00000000800194a0,0x000000008000f238,0x0000000000000003,0x0000000000000006,0x000000008000f238,0x000000008000f278,0x000000008000f201,0x3fea42193c61b8a4,0x0000000000000006,0x000000008000f200,0x0000000000000001,0x0000000000000006,0x0000000000000038,0x0000000000000000,0x0000000078306e00,0x0000000000526a10,0x3fedd0be6c437238,0x00000000800049c8,0x4152076dcf9c0ebf,0x402b4c1eefea0518,0x4012c0f69383dfd8,0x3fe7c9cc9f4e9642,0x4007af1d04ab4dcd,0x4152076dcf9c0ebf,0x414fe4ad44f0d845,0x4129fe5e8ab367a1,0x4152075e709a0275,0x0000000000000000,0x0000000000000000,0x0000000000000000,0x00000001,0x00000001,0x8000000200006600,0x8000000a00007e00,0x800000000094112d,0x000000008000af80,0x00000000800000e4,0x0000000000000002,0x000000007c201073,0x0000000000000080,0x6000000000000000,0x00000000000000c0,0x4000b4c3,0x00000000800049c8,0x000000004000b4c3,0x0000000001631f41,0x000000000159138a,0x0000000001631f41,0x000000000159138a,0x00000000000004af,0x0000000000006c52,0x0000000000007e5c,0x0000000000a8dd49,0x00000000000073ab,0x0000000000922d2e,0x000000000001bfe8,0x0000000000583159,0x00000000000000c0,0x0000000000000040,0x00000489,0x8000000000000907,0x0000000007240701,0x03
1783622920012,b,0x0000000080005744,0x0000000080019060,0x000000008000f190,0x000000008000f1c0,0x0000000080007a7a,0x000000000000000f,0x00000000800191f0,0x00000000800190b0,0x0000000080019530,0x0000000080019310,0x00000000800191f0,0x0000000000000006,0x0000000000000006,0x0000000000000000,0x0000000000000000,0x000000008000f201,0x3fe3b5f9bafbdef7,0x0000000000000006,0x000000008000f200,0x0000000000000001,0x0000000000000006,0x0000000000000038,0x0000000000000000,0x00000000703a21ee,0x0000000000499e1e,0x3fedd0be6c43722c,0x00000000800049da,0x4152076dcf9c0ebf,0x402b4c1eefea0518,0x4012c0f69383dfd8,0x3fe7c9cc9f4e9642,0x4007af1d04ab4dcd,0x4152076dcf9c0ebf,0x414fe4ab943fe5c9,0x4129fe6ba0902de0,0x415207665eb367a1,0x0000000000000000,0x0000000000000000,0x0000000000000000,0x00000001,0x00000001,0x8000000200006600,0x8000000a00007e00,0x800000000094112d,0x000000008000af80,0x00000000800000e4,0x0000000000000002,0x000000007c201073,0x0000000000000080,0x6000000000000000,0x00000000000000c0,0x4000b4c3,0x00000000800049da,0x000000004000b4c3,0x0000000001642f3f,0x00000000015a1f60,0x0000000001642f3f,0x00000000015a1f60,0x00000000000004b2,0x0000000000006c55,0x0000000000007ec3,0x0000000000a962ec,0x00000000000073dc,0x0000000000929fc5,0x000000000001c151,0x00000000005873ed,0x00000000000000c0,0x0000000000000040,0x00000489,0x8000000000000907,0x0000000007240701,0x03
1783622921616,b,0x0000000080009fc2,0x0000000080019420,0x000000008000f190,0x000000008000f1c0,0x402a6014520d614b,0x0000000000000000,0x0000000000000000,0x0000000080019700,0x0000000080019530,0x0000000000000001,0x000000005bd46e26,0x000000003fe00000,0x402d154bdbd46e26,0xffffffff80000000,0x0000000000000001,0xffffffffedfabae2,0x000000006f51b898,0x0000000000000006,0x000000008000f200,0x0000000000000001,0x0000000000000006,0x0000000000000038,0x0000000000000000,0xffffffffed5a92e0,0x000000000074552f,0x3fedd0be6c43721e,0x0000000080009fcc,0x4152076dcf9c0ebf,0x402b4c1eefea0518,0x4012c0f69383dfd8,0x3fe7c9cc9f4e9642,0x4007af1d04ab4dcd,0x406a6ea7aab562d0,0x402d154bdbd46e26,0x4129fe6ba0902de0,0x415207665eb367a1,0x01a56e1fc2f8f359,0x3ff0000000000000,0x3ff0000000000000,0x00000001,0x00000001,0x8000000200006600,0x8000000a00007e00,0x800000000094112d,0x000000008000af80,0x00000000800000e4,0x0000000000000002,0x000000007c201073,0x0000000000000080,0x6000000000000000,0x00000000000000c0,0x4000b4c3,0x0000000080009fcc,0x000000004000b4c3,0x0000000001653859,0x00000000015b27cc,0x0000000001653859,0x00000000015b27cc,0x00000000000004b4,0x0000000000006c58,0x0000000000007f13,0x0000000000a9e2dd,0x00000000000073fa,0x000000000093127d,0x000000000001c293,0x000000000058bd02,0x00000000000000c0,0x0000000000000040,0x00000489,0x8000000000000907,0x0000000007240701,0x03
1783622923255,b,0x00000000800058f2,0x0000000080018ed0,0x000000008000f190,0x000000008000f1c0,0x0000000080007a7a,0x0000000000000000,0x00000000800191f0,0x0000000080018f20,0x0000000080019530,0x00000000800193a0,0x00000000800194a0,0x0000000000000006,0x0000000000000003,0x0000000000000005,0x0000000000000003,0xffffffffae9db7df,0x0000000043f14cf2,0x0000000000000006,0x000000008000f200,0x0000000000000001,0x0000000000000006,0x0000000000000038,0x0000000000000000,0xffffffffae9db59e,0x000000000055dc95,0x3fedd0be6c43721e,0x000000008000498e,0x4152076dcf9c0ebf,0x402b4c1eefea0518,0x4012c0f69383dfd8,0x3fe7c9cc9f4e9642,0x4007af1d04ab4dcd,0x4152076dcf9c0ebf,0x4025772550fc533d,0x4129fe5408db8bac,0x415207629cded289,0x0000000000000000,0x0000000000000000,0x0000000000000000,0x00000001,0x00000001,0x8000000200006600,0x8000000a00007e00,0x800000000094112d,0x000000008000af80,0x00000000800000e4,0x0000000000000002,0x000000007c201073,0x0000000000000080,0x6000000000000000,0x00000000000000c0,0x4000b4c3,0x000000008000498e,0x000000004000b4c3,0x0000000001666865,0x00000000015c535d,0x0000000001666865,0x00000000015c535d,0x00000000000004b7,0x0000000000006c5b,0x0000000000007f66,0x0000000000aa767e,0x0000000000007428,0x00000000009394f0,0x000000000001c415,0x0000000000590a59,0x00000000000000c0,0x0000000000000040,0x00000489,0x8000000000000907,0x0000000007240701,0x03
1783622924933,b,0x000000008000583a,0x0000000080018ed0,0x000000008000f190,0x000000008000f1c0,0x0000000080007a7a,0x000000000000000f,0x00000000800191f0,0x0000000080018f20,0x0000000080019530,0x00000000800194a0,0x000000008000f238,0x0000000000000003,0x0000000000000006,0x00000000800194a0,0x0000000000000018,0x000000008000f201,0x3fe5b82b5db7c91f,0x0000000000000006,0x000000008000f200,0x0000000000000001,0x0000000000000006,0x0000000000000038,0x0000000000000000,0x000000001f2538f8,0x000000000065818e,0x3fedd0be6c437211,0x00000000800049a2,0x4152076dcf9c0ebf,0x402b4c1eefea0518,0x4012c0f69383dfd8,0x3fe7c9cc9f4e9642,0x4007af1d04ab4dcd,0x4152076dcf9c0ebf,0x414fe4a958624dd3,0x4129fe521a1cac08,0x41520763594c985f,0x0000000000000000,0x0000000000000000,0x0000000000000000,0x00000001,0x00000001,0x8000000200006600,0x8000000a00007e00,0x800000000094112d,0x000000008000af80,0x00000000800000e4,0x0000000000000002,0x000000007c201073,0x0000000000000080,0x6000000000000000,0x00000000000000c0,0x4000b4c3,0x00000000800049a2,0x000000004000b4c3,0x0000000001677a07,0x00000000015d5eec,0x0000000001677a07,0x00000000015d5eec,0x00000000000004bb,0x0000000000006c5e,0x0000000000007fb5,0x0000000000aaf991,0x000000000000744d,0x0000000000940cd5,0x000000000001c52f,0x0000000000595154,0x00000000000000c0,0x0000000000000040,0x00000489,0x8000000000000907,0x0000000007240701,0x03
1783622926567,b,0x00000000800056f8,0x0000000080019060,0x000000008000f190,0x000000008000f1c0,0x0000000080007a7a,0x000000000000000f,0x0000000080019430,0x00000000800190b0,0x0000000080019530,0x0000000080019548,0x000000008000f238,0x0000000000000006,0x0000000000000006,0x000000008000f238,0x000000008000f348,0x000000008000f201,0x3fe505a3089b19ae,0x0000000000000006,0x000000008000f200,0x0000000000000001,0x0000000000000006,0x0000000000000038,0x0000000000000000,0xffffffff89ebcff8,0x0000000000569cb7,0x3fedd0be6c437204,0x00000000800049c8,0x4152076dcf9c0ebf,0x402b4c1eefea0518,0x4012c0f69383dfd8,0x3fe7c9cc9f4e9642,0x4007af1d04ab4dcd,0x4152076dcf9c0ebf,0x414fe4a866425aee,0x4129fe559da5119d,0x415207644a2d0e56,0x3ff0000000000000,0x0000000000000000,0x3fedd0be6c437204,0x00000001,0x00000001,0x8000000200006600,0x8000000a00007e00,0x800000000094112d,0x000000008000af80,0x00000000800000e4,0x0000000000000002,0x000000007c201073,0x0000000000000080,0x6000000000000000,0x00000000000000c0,0x4000b4c3,0x00000000800049c8,0x000000004000b4c3,0x0000000001688562,0x00000000015e654a,0x0000000001688562,0x00000000015e654a,0x00000000000004c0,0x0000000000006c61,0x0000000000008024,0x0000000000ab7ca8,0x000000000000747a,0x0000000000947e49,0x000000000001c68c,0x0000000000599331,0x00000000000000c0,0x0000000000000040,0x00000489,0x8000000000000907,0x0000000007240701,0x03
1783622928282,b,0x0000000080006260,0x0000000080019230,0x000000008000f190,0x000000008000f1c0,0x402a6014520d6141,0x0000000000000000,0x0000000000000000,0x0000000080019440,0x0000000080019530,0x0000000080019698,0x00000000800194a0,0x000000008000f238,0x00000000800003f0,0x0000000000000005,0x0000000000000001,0x000000004687e9ff,0xffffffffb1975994,0x0000000000000006,0x000000008000f200,0x0000000000000001,0x0000000000000006,0x0000000000000038,0x0000000000000000,0x000000004607e138,0x000000000054917f,0x3fedd0be6c4371f7,0x0000000080005c9e,0x4152076dcf9c0ebf,0x402b4c1eefea0518,0x4012c0f69383dfd8,0x3fe7c9cc9f4e9642,0x4007af1d04ab4dcd,0x4152076dcf9c0ebf,0x4015245fec65d665,0x4129fe559da5119d,0x415207644a2d0e56,0x01a56e1fc2f8f359,0x0000000000000000,0x0000000000000000,0x00000001,0x00000001,0x8000000200006600,0x8000000a00007e00,0x800000000094112d,0x000000008000af80,0x00000000800000e4,0x0000000000000002,0x000000007c201073,0x0000000000000080,0x6000000000000000,0x00000000000000c0,0x4000b4c3,0x0000000080005c9e,0x000000004000b4c3,0x000000000169b505,0x00000000015f9255,0x000000000169b505,0x00000000015f9255,0x00000000000004c2,0x0000000000006c64,0x0000000000008073,0x0000000000ac10ae,0x000000000000749d,0x00000000009500bf,0x000000000001c7ff,0x000000000059e25b,0x00000000000000c0,0x0000000000000040,0x00000489,0x8000000000000907,0x0000000007240701,0x03
1783622929774,b,0x00000000800057ae,0x0000000080018d90,0x000000008000f190,0x000000008000f1c0,0x0000000080007a7a,0x0000000000000000,0x00000000800191f0,0x0000000080018de0,0x0000000080019530,0x0000000080018f50,0x000000008000f238,0x0000000000000006,0x0000000000000006,0x0000000080018df0,0x0000000080018e38,0xffffffffbe67f9de,0x0000000043f14cee,0x0000000000000006,0x000000008000f200,0x0000000000000001,0x0000000000000006,0x0000000000000038,0x0000000000000000,0xffffffffbe62e95e,0x000000000055dc95,0x3fedd0be6c4371f7,0x000000008000495a,0x4152076dcf9c0ebf,0x402b4c1eefea0518,0x4012c0f69383dfd8,0x3fe7c9cc9f4e9642,0x4007af1d04ab4dcd,0x4152076dcf9c0ebf,0x4025772550fc533c,0x4129fe518a3d70a4,0x4152075fe161e4f7,0x8000000000000000,0x0000000000000000,0x0000000000000000,0x00000001,0x00000001,0x8000000200006600,0x8000000a00007e00,0x800000000094112d,0x000000008000af80,0x00000000800000e4,0x0000000000000002,0x000000007c201073,0x0000000000000080,0x6000000000000000,0x00000000000000c0,0x4000b4c3,0x000000008000495a,0x000000004000b4c3,0x00000000016ae03b,0x000000000160bcaf,0x00000000016ae03b,0x000000000160bcaf,0x00000000000004c5,0x0000000000006c67,0x00000000000080b9,0x0000000000aca0f1,0x00000000000074cd,0x00000000009581be,0x000000000001c97d,0x00000000005a32b2,0x00000000000000c0,0x0000000000000040,0x00000489,0x8000000000000907,0x0000000007240701,0x03
1783622931300,b,0x0000000080005850,0x0000000080018ed0,0x000000008000f190,0x000000008000f1c0,0x0000000080007a7a,0x000000000000000f,0x00000000800191f0,0x0000000080018f20,0x0000000080019530,0x00000000800191f0,0x0000000080019310,0x0000000000000003,0x0000000000000006,0x0000000000000000,0x0000000000000000,0x000000008000f201,0x3fe029f6ef2b5bb2,0x0000000000000006,0x000000008000f200,0x0000000000000001,0x0000000000000006,0x0000000000000038,0x0000000000000000,0xfffffffff1a07838,0x000000000044469c,0x3fedd0be6c4371ec,0x00000000800049e0,0x4152076dcf9c0ebf,0x402b4c1eefea0518,0x4012c0f69383dfd8,0x3fe7c9cc9f4e9642,0x4007af1d04ab4dcd,0x4152076dcf9c0ebf,0x414fe4aacae7d567,0x4129fe5801a36e2f,0x41520762a703afb8,0x3fe1aec7af362c5b,0x401623e8e4790c0a,0x0000000000000000,0x00000001,0x00000001,0x8000000200006600,0x8000000a00007e00,0x800000000094112d,0x000000008000af80,0x00000000800000e4,0x0000000000000002,0x000000007c201073,0x0000000000000080,0x6000000000000000,0x00000000000000c0,0x4000b4c3,0x00000000800049e0,0x000000004000b4c3,0x00000000016befa0,0x000000000161c583,0x00000000016befa0,0x000000000161c583,0x00000000000004ca,0x0000000000006c6b,0x0000000000008107,0x0000000000ad22bb,0x00000000000074f0,0x000000000095f91a,0x000000000001ca8e,0x00000000005a7966,0x00000000000000c0,0x0000000000000040,0x00000489,0x8000000000000907,0x0000000007240701,0x03
1783622932641,b,0x0000000080005744,0x0000000080019060,0x000000008000f190,0x000000008000f1c0,0x0000000080007a7a,0x000000000000000f,0x00000000800191f0,0x00000000800190b0,0x0000000080019530,0x0000000080019310,0x00000000800191f0,0x0000000000000006,0x0000000000000006,0x0000000080019310,0x00000000800193c0,0x000000008000f201,0x3fdda583bb0ea571,0x0000000000000006,0x000000008000f200,0x0000000000000001,0x0000000000000006,0x0000000000000038,0x0000000000000000,0xffffffffed30549e,0x00000000005557d3,0x3fedd0be6c4371df,0x00000000800049a4,0x4152076dcf9c0ebf,0x402b4c1eefea0518,0x4012c0f69383dfd8,0x3fe7c9cc9f4e9642,0x4007af1d04ab4dcd,0x4152076dcf9c0ebf,0x414fe4aa80e21965,0x4129fe5b0bc6a7f0,0x41520765d6027525,0x3fb85cd8e2c41b82,0x0000000000000000,0x0000000000000000,0x00000001,0x00000001,0x8000000200006600,0x8000000a00007e00,0x800000000094112d,0x000000008000af80,0x00000000800000e4,0x0000000000000002,0x000000007c201073,0x0000000000000080,0x6000000000000000,0x00000000000000c0,0x4000b4c3,0x00000000800049a4,0x000000004000b4c3,0x00000000016d0953,0x000000000162da9e,0x00000000016d0953,0x000000000162da9e,0x00000000000004d0,0x0000000000006c6e,0x0000000000008172,0x0000000000adacba,0x0000000000007520,0x0000000000967008,0x000000000001cbfc,0x00000000005abede,0x00000000000000c0,0x0000000000000040,0x00000489,0x8000000000000907,0x0000000007240701,0x03
1783622934225,b,0x00000000800056f8,0x0000000080019060,0x000000008000f190,0x000000008000f1c0,0x0000000080007a7a,0x000000000000000f,0x0000000080019430,0x00000000800190b0,0x0000000080019530,0x0000000080019548,0x000000008000f238,0x0000000000000006,0x0000000000000006,0x000000008000f238,0x000000008000f328,0x000000008000f201,0x3fe1516e3770c6ce,0x0000000000000006,0x000000008000f200,0x0000000000000001,0x0000000000000006,0x0000000000000038,0x0000000000000000,0x000000000452c338,0x0000000000765f81,0x3fedd0be6c4371d4,0x00000000800049c6,0x4152076dcf9c0ebf,0x402b4c1eefea0518,0x4012c0f69383dfd8,0x3fe7c9cc9f4e9642,0x4007af1d04ab4dcd,0x4152076dcf9c0ebf,0x414fe4a699ad42c4,0x4129fe51f6ae7d56,0x41520760aac710cb,0x0000000000000000,0x4013efc4d6ad9501,0x4013efc4d6ad9501,0x00000001,0x00000001,0x8000000200006600,0x8000000a00007e00,0x800000000094112d,0x000000008000af80,0x00000000800000e4,0x0000000000000002,0x000000007c201073,0x0000000000000080,0x6000000000000000,0x00000000000000c0,0x4000b4c3,0x00000000800049c6,0x000000004000b4c3,0x00000000016e26d6,0x000000000163f3b5,0x00000000016e26d6,0x000000000163f3b5,0x00000000000004d3,0x0000000000006c71,0x00000000000081dc,0x0000000000ae38a6,0x0000000000007552,0x000000000096e94f,0x000000000001cd75,0x00000000005b05cd,0x00000000000000c0,0x0000000000000040,0x00000489,0x8000000000000907,0x0000000007240701,0x03
1783622935863,b,0x00000000800058f2,0x0000000080018ed0,0x000000008000f190,0x000000008000f1c0,0x0000000080007a7a,0x0000000000000000,0x00000000800191f0,0x0000000080018f20,0x0000000080019530,0x00000000800193a0,0x00000000800194a0,0x0000000000000006,0x0000000000000003,0x0000000000000000,0x0000000000000006,0x000000004657d3f9,0x0000000043f14cec,0x0000000000000006,0x000000008000f200,0x0000000000000001,0x0000000000000006,0x0000000000000038,0x0000000000000000,0x0000000046458338,0x000000000055dc95,0x3fedd0be6c4371d4,0x00000000800049b0,0x4152076dcf9c0ebf,0x402b4c1eefea0518,0x4012c0f69383dfd8,0x3fe7c9cc9f4e9642,0x4007af1d04ab4dcd,0x4152076dcf9c0ebf,0x4025772550fc533b,0x4129fe51f6ae7d56,0x41520760aac710cb,0x0000000000000000,0x0000000000000000,0x0000000000000000,0x00000001,0x00000001,0x8000000200006600,0x8000000a00007e00,0x800000000094112d,0x000000008000af80,0x00000000800000e4,0x0000000000000002,0x000000007c201073,0x0000000000000080,0x6000000000000000,0x00000000000000c0,0x4000b4c3,0x00000000800049b0,0x000000004000b4c3,0x00000000016f29d7,0x000000000164f762,0x00000000016f29d7,0x000000000164f762,0x00000000000004d5,0x0000000000006c74,0x00000000000081fc,0x0000000000aeb55f,0x000000000000756c,0x0000000000975a4f,0x000000000001ceaf,0x00000000005b4e26,0x00000000000000c0,0x0000000000000040,0x00000489,0x8000000000000907,0x0000000007240701,0x03
1783622937579,b,0x0000000080005866,0x0000000080018ee0,0x000000008000f190,0x000000008000f1c0,0x0000000080007a7a,0x000000000000000f,0x00000000800191f0,0x0000000080018f20,0x0000000080019530,0x00000000800191a8,0x00000000800003f0,0x0000000080019160,0x0000000000000003,0x00000000800191a8,0x0000000000000001,0x000000008000f201,0x3fda50ec9d52aaf5,0x0000000000000006,0x000000008000f200,0x0000000000000001,0x0000000000000006,0x0000000000000038,0x0000000000000000,0x000000000469ca78,0x0000000000403b3b,0x3fedd0be6c4371cb,0x0000000080004c20,0x4152076dcf9c0ebf,0x402b4c1eefea0518,0x4012c0f69383dfd8,0x3fe7c9cc9f4e9642,0x4007af1d04ab4dcd,0x4152076dcf9c0ebf,0x414fe4a4d78a0903,0x4129fe5f2631f8a1,0x415207665e5aee63,0x3ff12c1dda6375e0,0x0000000000000000,0x0000000000000000,0x00000001,0x00000001,0x8000000200006600,0x8000000a00007e00,0x800000000094112d,0x000000008000af80,0x00000000800000e4,0x0000000000000002,0x000000007c201073,0x0000000000000080,0x6000000000000000,0x00000000000000c0,0x4000b4c3,0x0000000080004c20,0x000000004000b4c3,0x0000000001705dae,0x00000000016624b7,0x0000000001705dae,0x00000000016624b7,0x00000000000004d9,0x0000000000006c77,0x0000000000008254,0x0000000000af485f,0x0000000000007593,0x000000000097e1a6,0x000000000001cfe8,0x00000000005b9f51,0x00000000000000c0,0x0000000000000040,0x00000489,0x8000000000000907,0x0000000007240701,0x03
1783622939278,b,0x000000008000575e,0x0000000080019070,0x000000008000f190,0x000000008000f1c0,0x0000000080007a7a,0x000000000000000f,0x00000000800191f0,0x00000000800190b0,0x0000000080019530,0x00000000800190d0,0x00000000800002d0,0x000000008000f238,0x0000000000000006,0x0000000000000006,0x0000000000000006,0x000000008000f201,0x3fe03944ddaa84ea,0x0000000000000006,0x000000008000f200,0x0000000000000001,0x0000000000000006,0x0000000000000038,0x0000000000000000,0x0000000021871c3e,0x000000000069da19,0x3fedd0be6c4371c3,0x0000000080004c78,0x4152076dcf9c0ebf,0x402b4c1eefea0518,0x4012c0f69383dfd8,0x3fe7c9cc9f4e9642,0x4007af1d04ab4dcd,0x4152076dcf9c0ebf,0x414fe4ac6a9c779a,0x4129fe5c5288ce70,0x415207635af69446,0x3fc17a1e17d07731,0x0000000000000000,0x0000000000000000,0x00000001,0x00000001,0x8000000200006600,0x8000000a00007e00,0x800000000094112d,0x000000008000af80,0x00000000800000e4,0x0000000000000002,0x000000007c201073,0x0000000000000080,0x6000000000000000,0x00000000000000c0,0x4000b4c3,0x0000000080004c78,0x000000004000b4c3,0x000000000171849c,0x0000000001674740,0x000000000171849c,0x0000000001674740,0x00000000000004dd,0x0000000000006c7a,0x00000000000082bc,0x0000000000afd8b1,0x00000000000075c3,0x0000000000985f1e,0x000000000001d15e,0x00000000005be8df,0x00000000000000c0,0x0000000000000040,0x00000489,0x8000000000000907,0x0000000007240701,0x03
1783622940985,b,0x0000000080005744,0x0000000080019060,0x000000008000f190,0x000000008000f1c0,0x0000000080007a7a,0x000000000000000f,0x00000000800191f0,0x00000000800190b0,0x0000000080019530,0x0000000080019310,0x00000000800191f0,0x0000000000000006,0x0000000000000006,0x0000000000000003,0x0000000000000006,0x000000008000f201,0x3fde47d00a0fe712,0x0000000000000006,0x000000008000f200,0x0000000000000001,0x0000000000000006,0x0000000000000038,0x0000000000000000,0x000000000be6d8e0,0x00000000004816f4,0x3fedd0be6c4371bc,0x0000000080004a26,0x4152076dcf9c0ebf,0x402b4c1eefea0518,0x4012c0f69383dfd8,0x3fe7c9cc9f4e9642,0x4007af1d04ab4dcd,0x4152076dcf9c0ebf,0x414fe4a96495182b,0x4129fe4edbe76c8b,0x41520768341bda51,0x0000000000000000,0x0000000000000000,0x0000000000000000,0x00000001,0x00000001,0x8000000200006600,0x8000000a00007e00,0x800000000094112d,0x000000008000af80,0x00000000800000e4,0x0000000000000002,0x000000007c201073,0x0000000000000080,0x6000000000000000,0x00000000000000c0,0x4000b4c3,0x0000000080004a26,0x000000004000b4c3,0x000000000172c556,0x0000000001688476,0x000000000172c556,0x0000000001688476,0x00000000000004e2,0x0000000000006c7d,0x0000000000008321,0x0000000000b0758c,0x00000000000075f8,0x000000000098e7b5,0x000000000001d2f9,0x00000000005c39dc,0x00000000000000c0,0x0000000000000040,0x00000489,0x8000000000000907,0x0000000007240701,0x03
1783622942582,b,0x00000000800056f8,0x0000000080019060,0x000000008000f190,0x000000008000f1c0,0x0000000080007a7a,0x000000000000000f,0x0000000080019430,0x00000000800190b0,0x0000000080019530,0x0000000080019548,0x000000008000f238,0x0000000000000006,0x0000000000000006,0x0000000000000004,0x0000000000000022,0x000000008000f201,0x3fe3d737f7a53324,0x0000000000000006,0x000000008000f200,0x0000000000000001,0x0000000000000006,0x0000000000000038,0x0000000000000000,0x0000000000da954e,0x00000000006fab83,0x3fedd0be6c4371b6,0x00000000800049bc,0x4152076dcf9c0ebf,0x402b4c1eefea0518,0x4012c0f69383dfd8,0x3fe7c9cc9f4e9642,0x4007af1d04ab4dcd,0x4152076dcf9c0ebf,0x414fe4a29374bc6a,0x4129fe580b6ae7d5,0x415207638f318fc5,0x0000000000000000,0x0000000000000000,0x0000000000000000,0x00000001,0x00000001,0x8000000200006600,0x8000000a00007e00,0x800000000094112d,0x000000008000af80,0x00000000800000e4,0x0000000000000002,0x000000007c201073,0x0000000000000080,0x6000000000000000,0x00000000000000c0,0x4000b4c3,0x00000000800049bc,0x000000004000b4c3,0x0000000001741376,0x000000000169cd8a,0x0000000001741376,0x000000000169cd8a,0x00000000000004e6,0x0000000000006c80,0x0000000000008392,0x0000000000b1181a,0x000000000000762a,0x0000000000997746,0x000000000001d497,0x00000000005c8f69,0x00000000000000c0,0x0000000000000040,0x00000489,0x8000000000000907,0x0000000007240701,0x03
1783622944176,b,0x00000000800057ae,0x0000000080018d90,0x000000008000f190,0x000000008000f1c0,0x0000000080007a7a,0x0000000000000000,0x00000000800191f0,0x0000000080018de0,0x0000000080019530,0x0000000080018f50,0x000000008000f238,0x0000000000000006,0x0000000000000006,0x0000000000000001,0x0000000000000018,0xffffffffddff7dee,0x0000000043f14ce6,0x0000000000000006,0x000000008000f200,0x0000000000000001,0x0000000000000006,0x0000000000000038,0x0000000000000000,0xffffffffdded50ae,0x000000000055dc95,0x3fedd0be6c4371b6,0x00000000800049e0,0x4152076dcf9c0ebf,0x402b4c1eefea0518,0x4012c0f69383dfd8,0x3fe7c9cc9f4e9642,0x4007af1d04ab4dcd,0x4152076dcf9c0ebf,0x4025772550fc533a,0x4129fe580b6ae7d5,0x415207638f318fc5,0x8000000000000000,0x0000000000000000,0x8000000000000000,0x00000001,0x00000001,0x8000000200006600,0x8000000a00007e00,0x800000000094112d,0x000000008000af80,0x00000000800000e4,0x0000000000000002,0x000000007c201073,0x0000000000000080,0x6000000000000000,0x00000000000000c0,0x4000b4c3,0x00000000800049e0,0x000000004000b4c3,0x0000000001752dc1,0x00000000016ae84b,0x0000000001752dc1,0x00000000016ae84b,0x00000000000004e8,0x0000000000006c83,0x00000000000083ba,0x0000000000b19fae,0x0000000000007647,0x000000000099f296,0x000000000001d5ed,0x00000000005cde3f,0x00000000000000c0,0x0000000000000040,0x00000489,0x8000000000000907,0x0000000007240701,0x03
1783622945721,b,0x0000000080004ede,0x0000000080018de0,0x000000008000f190,0x000000008000f1c0,0x0000000080007a7a,0x0000000000000000,0x00000000800191f0,0x0000000080018e40,0x0000000080018f00,0x0000000000000001,0x000000001b03b771,0x000000003fe00000,0x40161a799b03b771,0x0000000000000003,0x0000000000000002,0xffffffffcfbb17fa,0x000000006c0eddc4,0x0000000000000006,0x000000008000f200,0x0000000000000001,0x0000000000000006,0x0000000000000038,0x0000000000000000,0xffffffffcf3a00f8,0x00000000005869e6,0x3fedd0be6c4371b0,0x0000000080004f40,0x4152076dcf9c0ebf,0x402b4c1eefea0518,0x4012c0f69383dfd8,0x3fe7c9cc9f4e9642,0x4007af1d04ab4dcd,0x4152076dcf9c0ebf,0x40161a799b03b771,0x4129fe5fc92a3055,0x4152076387c50481,0x01a56e1fc2f8f359,0x0000000000000000,0x0000000000000000,0x00000001,0x00000001,0x8000000200006600,0x8000000a00007e00,0x800000000094112d,0x000000008000af80,0x00000000800000e4,0x0000000000000002,0x000000007c201073,0x0000000000000080,0x6000000000000000,0x00000000000000c0,0x4000b4c3,0x0000000080004f40,0x000000004000b4c3,0x0000000001763b8d,0x00000000016bf169,0x0000000001763b8d,0x00000000016bf169,0x00000000000004eb,0x0000000000006c86,0x0000000000008419,0x0000000000b22398,0x0000000000007670,0x00000000009a663c,0x000000000001d713,0x00000000005d2253,0x00000000000000c0,0x0000000000000040,0x00000489,0x8000000000000907,0x0000000007240701,0x03
1783622947342,b,0x000000008000583a,0x0000000080018ed0,0x000000008000f190,0x000000008000f1c0,0x0000000080007a7a,0x000000000000000f,0x00000000800191f0,0x0000000080018f20,0x0000000080019530,0x00000000800194a0,0x000000008000f238,0x0000000000000003,0x0000000000000006,0x0000000000000000,0x0000000000000000,0x000000008000f201,0x3fe0913012e93226,0x0000000000000006,0x000000008000f200,0x0000000000000001,0x0000000000000006,0x0000000000000038,0x0000000000000000,0x0000000034d1bb38,0x00000000004bea4f,0x3fedd0be6c4371ac,0x0000000080004992,0x4152076dcf9c0ebf,0x402b4c1eefea0518,0x4012c0f69383dfd8,0x3fe7c9cc9f4e9642,0x4007af1d04ab4dcd,0x4152076dcf9c0ebf,0x414fe4ab32161e4f,0x4129fe5e5566cf42,0x4152076153141206,0x0000000000000000,0x0000000000000000,0x0000000000000000,0x00000001,0x00000001,0x8000000200006600,0x8000000a00007e00,0x800000000094112d,0x000000008000af80,0x00000000800000e4,0x0000000000000002,0x000000007c201073,0x0000000000000080,0x6000000000000000,0x00000000000000c0,0x4000b4c3,0x0000000080004992,0x000000004000b4c3,0x0000000001778617,0x00000000016d3541,0x0000000001778617,0x00000000016d3541,0x00000000000004f0,0x0000000000006c89,0x000000000000847f,0x0000000000b2c1ba,0x000000000000769f,0x00000000009af639,0x000000000001d89c,0x00000000005d77f6,0x00000000000000c0,0x0000000000000040,0x00000489,0x8000000000000907,0x0000000007240701,0x03
1783622948906,b,0x00000000800056f8,0x0000000080019060,0x000000008000f190,0x000000008000f1c0,0x0000000080007a7a,0x000000000000000f,0x0000000080019430,0x00000000800190b0,0x0000000080019530,0x0000000080019548,0x000000008000f238,0x0000000000000006,0x0000000000000006,0x0000000000000005,0x0000000000000006,0x000000008000f201,0x3fd8bbb2158801f2,0x0000000000000006,0x000000008000f200,0x0000000000000001,0x0000000000000006,0x0000000000000038,0x0000000000000000,0x0000000011a01fde,0x00000000004881c8,0x3fedd0be6c4371a8,0x000000008000496c,0x4152076dcf9c0ebf,0x402b4c1eefea0518,0x4012c0f69383dfd8,0x3fe7c9cc9f4e9642,0x4007af1d04ab4dcd,0x4152076dcf9c0ebf,0x414fe4abff86c227,0x4129fe473e83e426,0x415207620d8793de,0x0000000000000000,0x0000000000000000,0x0000000000000000,0x00000001,0x00000001,0x8000000200006600,0x8000000a00007e00,0x800000000094112d,0x000000008000af80,0x00000000800000e4,0x0000000000000002,0x000000007c201073,0x0000000000000080,0x6000000000000000,0x00000000000000c0,0x4000b4c3,0x000000008000496c,0x000000004000b4c3,0x0000000001788f60,0x00000000016e3992,0x0000000001788f60,0x00000000016e3992,0x00000000000004f3,0x0000000000006c8c,0x00000000000084e2,0x0000000000b343ca,0x00000000000076cc,0x00000000009b6652,0x000000000001d9f8,0x00000000005db949,0x00000000000000c0,0x0000000000000040,0x00000489,0x8000000000000907,0x0000000007240701,0x03
1783622950508,b,0x0000000080006260,0x0000000080019440,0x000000008000f190,0x000000008000f1c0,0x402a6014520d6119,0x0000000000000000,0x0000000000000000,0x0000000080019700,0x0000000080019530,0x0000000080019698,0x00000000800194a0,0x000000008000f238,0x00000000800003f0,0x00000000800194a0,0x0000000080019698,0xffffffff803fa7f8,0x000000001a12ef8c,0x0000000000000006,0x000000008000f200,0x0000000000000001,0x0000000000000006,0x0000000000000038,0x0000000000000000,0xffffffff8014a5b8,0x0000000000427a62,0x3fedd0be6c4371a6,0x0000000080005b7e,0x4152076dcf9c0ebf,0x402b4c1eefea0518,0x4012c0f69383dfd8,0x3fe7c9cc9f4e9642,0x4007af1d04ab4dcd,0x4152076dcf9c0ebf,0x40309e988684bbe3,0x4129fe473e83e426,0x415207620d8793de,0x01a56e1fc2f8f359,0x3ff0000000000000,0x3ff0000000000000,0x00000001,0x00000001,0x8000000200006600,0x8000000a00007e00,0x800000000094112d,0x000000008000af80,0x00000000800000e4,0x0000000000000002,0x000000007c201073,0x0000000000000080,0x6000000000000000,0x00000000000000c0,0x4000b4c3,0x0000000080005b7e,0x000000004000b4c3,0x000000000179a338,0x00000000016f4daf,0x000000000179a338,0x00000000016f4daf,0x00000000000004f5,0x0000000000006c8f,0x0000000000008528,0x0000000000b3c926,0x00000000000076ef,0x00000000009bdd5d,0x000000000001db4c,0x00000000005e04f7,0x00000000000000c0,0x0000000000000040,0x00000489,0x8000000000000907,0x0000000007240701,0x03
1783622952168,b,0x000000008000578a,0x0000000080018db0,0x000000008000f190,0x000000008000f1c0,0x0000000080007a7a,0x0000000000000000,0x00000000800191f0,0x0000000080018de0,0x0000000080019530,0x0000000080018f50,0x0000000000000006,0x0000000000000006,0x0000000000000003,0x0000000000000005,0x000000000000001e,0xffffffffddff7dee,0x0000000043f14ce6,0x0000000000000006,0x000000008000f200,0x0000000000000001,0x0000000000000006,0x0000000000000038,0x0000000000000000,0xffffffffdded50ae,0x000000000055dc95,0x3fedd0be6c4371a6,0x0000000080004cd8,0x4152076dcf9c0ebf,0x402b4c1eefea0518,0x4012c0f69383dfd8,0x3fe7c9cc9f4e9642,0x4007af1d04ab4dcd,0x4152076dcf9c0ebf,0x4025772550fc533a,0x4129fe4b922d0e56,0x415207662efec56d,0x3f8314f4c02b2a01,0x0000000000000000,0xbf8314f4c02b2a01,0x00000001,0x00000001,0x8000000200006600,0x8000000a00007e00,0x800000000094112d,0x000000008000af80,0x00000000800000e4,0x0000000000000002,0x000000007c201073,0x0000000000000080,0x6000000000000000,0x00000000000000c0,0x4000b4c3,0x0000000080004cd8,0x000000004000b4c3,0x00000000017adb85,0x0000000001708217,0x00000000017adb85,0x0000000001708217,0x00000000000004f7,0x0000000000006c92,0x0000000000008576,0x0000000000b46102,0x000000000000771d,0x00000000009c63ab,0x000000000001dcda,0x00000000005e548a,0x00000000000000c0,0x0000000000000040,0x00000489,0x8000000000000907,0x0000000007240701,0x03
1783622953760,b,0x000000008000583a,0x0000000080018ed0,0x000000008000f190,0x000000008000f1c0,0x0000000080007a7a,0x000000000000000f,0x00000000800191f0,0x0000000080018f20,0x0000000080019530,0x00000000800194a0,0x000000008000f238,0x0000000000000003,0x0000000000000006,0x00000000800191f0,0x0000000080019230,0x000000008000f201,0x3fd79983bec2e575,0x0000000000000006,0x000000008000f200,0x0000000000000001,0x0000000000000006,0x0000000000000038,0x0000000000000000,0x00000000724e104e,0x000000000065e7f0,0x3fedd0be6c4371a4,0x0000000080004984,0x4152076dcf9c0ebf,0x402b4c1eefea0518,0x4012c0f69383dfd8,0x3fe7c9cc9f4e9642,0x4007af1d04ab4dcd,0x4152076dcf9c0ebf,0x414fe4a68f3eab36,0x4129fe48458793de,0x41520769d0275254,0x0000000000000000,0x0000000000000000,0x0000000000000000,0x00000001,0x00000001,0x8000000200006600,0x8000000a00007e00,0x800000000094112d,0x000000008000af80,0x00000000800000e4,0x0000000000000002,0x000000007c201073,0x0000000000000080,0x6000000000000000,0x00000000000000c0,0x4000b4c3,0x0000000080004984,0x000000004000b4c3,0x00000000017bea6c,0x0000000001718a84,0x00000000017bea6c,0x0000000001718a84,0x00000000000004fa,0x0000000000006c95,0x00000000000085c8,0x0000000000b4e299,0x0000000000007741,0x00000000009cdabe,0x000000000001ddec,0x00000000005e9aee,0x00000000000000c0,0x0000000000000040,0x00000489,0x8000000000000907,0x0000000007240701,0x03
1783622955307,b,0x000000008000571c,0x0000000080019070,0x000000008000f190,0x000000008000f1c0,0x0000000080007a7a,0x000000000000000f,0x0000000080019310,0x00000000800190b0,0x0000000080019530,0x0000000080019548,0x00000000800191f0,0x0000000000000006,0x00000000800191f0,0x0000000080019648,0x0000000080019278,0x000000008000f201,0x3fe209c4fc06443d,0x0000000000000006,0x000000008000f200,0x0000000000000001,0x0000000000000006,0x0000000000000038,0x0000000000000000,0x0000000071a674e0,0x000000000043836d,0x3fedd0be6c4371a2,0x0000000080004b8e,0x4152076dcf9c0ebf,0x402b4c1eefea0518,0x4012c0f69383dfd8,0x3fe7c9cc9f4e9642,0x4007af1d04ab4dcd,0x4152076dcf9c0ebf,0x414fe4aa0a7ef9db,0x4129fe5301205bc0,0x41520769ec6c2268,0x3ff0000000000000,0x0000000000000000,0x0000000000000000,0x00000001,0x00000001,0x8000000200006600,0x8000000a00007e00,0x800000000094112d,0x000000008000af80,0x00000000800000e4,0x0000000000000002,0x000000007c201073,0x0000000000000080,0x6000000000000000,0x00000000000000c0,0x4000b4c3,0x0000000080004b8e,0x000000004000b4c3,0x00000000017cf5ee,0x000000000172918e,0x00000000017cf5ee,0x000000000172918e,0x00000000000004fc,0x0000000000006c98,0x0000000000008635,0x0000000000b565e1,0x0000000000007770,0x00000000009d4af0,0x000000000001df4e,0x00000000005edc5c,0x00000000000000c0,0x0000000000000040,0x00000489,0x8000000000000907,0x0000000007240701,0x03
1783622956859,b,0x0000000080006260,0x0000000080019230,0x000000008000f190,0x000000008000f1c0,0x402a6014520d6114,0x0000000000000000,0x0000000000000000,0x0000000080019440,0x0000000080019530,0x0000000080019698,0x00000000800194a0,0x000000008000f238,0x00000000800003f0,0x000000008000f238,0x000000008000f298,0x000000007ddfbf7d,0x000000001fe8d914,0x0000000000000006,0x000000008000f200,0x0000000000000001,0x0000000000000006,0x0000000000000038,0x0000000000000000,0x000000007dd68b38,0x00000000004b706d,0x3fedd0be6c4371a2,0x0000000080005c06,0x4152076dcf9c0ebf,0x402b4c1eefea0518,0x4012c0f69383dfd8,0x3fe7c9cc9f4e9642,0x4007af1d04ab4dcd,0x4152076dcf9c0ebf,0x4032dc1b47fa3645,0x4129fe5301205bc0,0x41520769ec6c2268,0x01a56e1fc2f8f359,0x0000000000000000,0x0000000000000000,0x00000001,0x00000001,0x8000000200006600,0x8000000a00007e00,0x800000000094112d,0x000000008000af80,0x00000000800000e4,0x0000000000000002,0x000000007c201073,0x0000000000000080,0x6000000000000000,0x00000000000000c0,0x4000b4c3,0x0000000080005c06,0x000000004000b4c3,0x00000000017e1215,0x000000000173aba8,0x00000000017e1215,0x000000000173aba8,0x0000000000000501,0x0000000000006c9b,0x0000000000008676,0x0000000000b5ef81,0x0000000000007791,0x00000000009dc5ce,0x000000000001e0a9,0x00000000005f2880,0x00000000000000c0,0x0000000000000040,0x00000489,0x8000000000000907,0x0000000007240701,0x03
1783622958312,b,0x00000000800058f2,0x0000000080018ed0,0x000000008000f190,0x000000008000f1c0,0x0000000080007a7a,0x0000000000000000,0x00000000800191f0,0x0000000080018f20,0x0000000080019530,0x00000000800193a0,0x00000000800194a0,0x0000000000000006,0x0000000000000003,0x0000000000000000,0x0000000000000003,0x0000000065cffe7b,0x0000000043f14ce4,0x0000000000000006,0x000000008000f200,0x0000000000000001,0x0000000000000006,0x0000000000000038,0x0000000000000000,0x0000000065cfea78,0x000000000055dc95,0x3fedd0be6c4371a2,0x0000000080004a06,0x4152076dcf9c0ebf,0x402b4c1eefea0518,0x4012c0f69383dfd8,0x3fe7c9cc9f4e9642,0x4007af1d04ab4dcd,0x4152076dcf9c0ebf,0x4025772550fc5339,0x4129fe548631f8a1,0x415207655dd7dbf5,0x0000000000000000,0x3fc733d476943792,0x0000000000000000,0x00000001,0x00000001,0x8000000200006600,0x8000000a00007e00,0x800000000094112d,0x000000008000af80,0x00000000800000e4,0x0000000000000002,0x000000007c201073,0x0000000000000080,0x6000000000000000,0x00000000000000c0,0x4000b4c3,0x0000000080004a06,0x000000004000b4c3,0x00000000017f2594,0x000000000174bca2,0x00000000017f2594,0x000000000174bca2,0x0000000000000503,0x0000000000006c9e,0x00000000000086ad,0x0000000000b6753b,0x00000000000077be,0x00000000009e3c53,0x000000000001e206,0x00000000005f6ff9,0x00000000000000c0,0x0000000000000040,0x00000489,0x8000000000000907,0x0000000007240701,0x03
1783622959644,b,0x000000008000589c,0x0000000080018ed0,0x000000008000f190,0x000000008000f1c0,0x0000000080007a7a,0x0000000000000000,0x00000000800191f0,0x0000000080018f20,0x0000000080019530,0x0000000080019280,0x0000000080019118,0x0000000000000006,0x0000000000000003,0x0000000080019280,0x00000000800192b0,0x0000000065cffe7b,0x0000000043f14ce4,0x0000000000000006,0x000000008000f200,0x0000000000000001,0x0000000000000006,0x0000000000000038,0x0000000000000000,0x0000000065cfea78,0x000000000055dc95,0x3fedd0be6c4371a2,0x00000000800049a4,0x4152076dcf9c0ebf,0x402b4c1eefea0518,0x4012c0f69383dfd8,0x3fe7c9cc9f4e9642,0x4007af1d04ab4dcd,0x4152076dcf9c0ebf,0x4025772550fc5339,0x4129fe4e335a8588,0x41520763e6041893,0x0000000000000000,0x0000000000000000,0x0000000000000000,0x00000001,0x00000001,0x8000000200006600,0x8000000a00007e00,0x800000000094112d,0x000000008000af80,0x00000000800000e4,0x0000000000000002,0x000000007c201073,0x0000000000000080,0x6000000000000000,0x00000000000000c0,0x4000b4c3,0x00000000800049a4,0x000000004000b4c3,0x0000000001808029,0x0000000001761318,0x0000000001808029,0x0000000001761318,0x0000000000000507,0x0000000000006ca1,0x000000000000870f,0x0000000000b71e4e,0x00000000000077f0,0x00000000009ed0cf,0x000000000001e39c,0x00000000005fc923,0x00000000000000c0,0x0000000000000040,0x00000489,0x8000000000000907,0x0000000007240701,0x03
1783622960950,b,0x0000000080005744,0x0000000080019060,0x000000008000f190,0x000000008000f1c0,0x0000000080007a7a,0x000000000000000f,0x00000000800191f0,0x00000000800190b0,0x0000000080019530,0x0000000080019310,0x00000000800191f0,0x0000000000000006,0x0000000000000006,0x0000000080019310,0x0000000080019408,0x000000008000f201,0x3fe39f0477ca70c4,0x0000000000000006,0x000000008000f200,0x0000000000000001,0x0000000000000006,0x0000000000000038,0x0000000000000000,0xffffffffbcf3a4e0,0x00000000005e483c,0x3fedd0be6c4371a2,0x00000000800049a4,0x4152076dcf9c0ebf,0x402b4c1eefea0518,0x4012c0f69383dfd8,0x3fe7c9cc9f4e9642,0x4007af1d04ab4dcd,0x4152076dcf9c0ebf,0x414fe4a63e219653,0x4129fe52d7dbf488,0x41520765053dd97f,0x0000000000000000,0x0000000000000000,0x0000000000000000,0x00000001,0x00000001,0x8000000200006600,0x8000000a00007e00,0x800000000094112d,0x000000008000af80,0x00000000800000e4,0x0000000000000002,0x000000007c201073,0x0000000000000080,0x6000000000000000,0x00000000000000c0,0x4000b4c3,0x00000000800049a4,0x000000004000b4c3,0x000000000181845f,0x0000000001771162,0x000000000181845f,0x0000000001771162,0x0000000000000509,0x0000000000006ca4,0x000000000000875c,0x0000000000b79ac4,0x0000000000007814,0x00000000009f42da,0x000000000001e4c2,0x0000000000600c0e,0x00000000000000c0,0x0000000000000040,0x00000489,0x8000000000000907,0x0000000007240701,0x03
1783622962505,b,0x00000000800056f8,0x0000000080019060,0x000000008000f190,0x000000008000f1c0,0x0000000080007a7a,0x000000000000000f,0x0000000080019430,0x00000000800190b0,0x0000000080019530,0x0000000080019548,0x000000008000f238,0x0000000000000006,0x0000000000000006,0x0000000000000005,0x0000000000000006,0x000000008000f201,0x3fe2558cbbc25e49,0x0000000000000006,0x000000008000f200,0x0000000000000001,0x0000000000000006,0x0000000000000038,0x0000000000000000,0xffffffff95d2a8ee,0x000000000062a703,0x3fedd0be6c4371a2,0x000000008000498e,0x4152076dcf9c0ebf,0x402b4c1eefea0518,0x4012c0f69383dfd8,0x3fe7c9cc9f4e9642,0x4007af1d04ab4dcd,0x4152076dcf9c0ebf,0x414fe4a811e4f766,0x4129fe54c872b021,0x4152076b358adaba,0x0000000000000000,0x0000000000000000,0x0000000000000000,0x00000001,0x00000001,0x8000000200006600,0x8000000a00007e00,0x800000000094112d,0x000000008000af80,0x00000000800000e4,0x0000000000000002,0x000000007c201073,0x0000000000000080,0x6000000000000000,0x00000000000000c0,0x4000b4c3,0x000000008000498e,0x000000004000b4c3,0x000000000182c44e,0x0000000001784caa,0x000000000182c44e,0x0000000001784caa,0x000000000000050e,0x0000000000006ca7,0x00000000000087b5,0x0000000000b836bf,0x0000000000007846,0x00000000009fcbf1,0x000000000001e655,0x0000000000605d7d,0x00000000000000c0,0x0000000000000040,0x00000489,0x8000000000000907,0x0000000007240701,0x03
1783622963824,b,0x00000000800056f8,0x0000000080019060,0x000000008000f190,0x000000008000f1c0,0x0000000080007a7a,0x000000000000000f,0x0000000080019430,0x00000000800190b0,0x0000000080019530,0x0000000080019548,0x000000008000f238,0x0000000000000006,0x0000000000000006,0x0000000080019310,0x0000000080019360,0x000000008000f201,0x3fe86d433d4871c8,0x0000000000000006,0x000000008000f200,0x0000000000000001,0x0000000000000006,0x0000000000000038,0x0000000000000000,0x0000000002d9bd2e,0x00000000004e0a74,0x3fedd0be6c4371a2,0x0000000080004982,0x4152076dcf9c0ebf,0x402b4c1eefea0518,0x4012c0f69383dfd8,0x3fe7c9cc9f4e9642,0x4007af1d04ab4dcd,0x4152076dcf9c0ebf,0x414fe4a3817f62b7,0x4129fe4cdd97f62b,0x41520764f1f8a090,0x0000000000000000,0x0000000000000000,0x0000000000000000,0x00000001,0x00000001,0x8000000200006600,0x8000000a00007e00,0x800000000094112d,0x000000008000af80,0x00000000800000e4,0x0000000000000002,0x000000007c201073,0x0000000000000080,0x6000000000000000,0x00000000000000c0,0x4000b4c3,0x0000000080004982,0x000000004000b4c3,0x00000000018412e1,0x000000000179980c,0x00000000018412e1,0x000000000179980c,0x0000000000000511,0x0000000000006caa,0x0000000000008816,0x0000000000b8da5e,0x000000000000787c,0x0000000000a05b09,0x000000000001e7fc,0x000000000060b2a6,0x00000000000000c0,0x0000000000000040,0x00000489,0x8000000000000907,0x0000000007240701,0x03
1783622965237,b,0x0000000080006260,0x0000000080019230,0x000000008000f190,0x000000008000f1c0,0x402a6014520d6113,0x0000000000000000,0x0000000000000000,0x0000000080019440,0x0000000080019530,0x0000000080019698,0x00000000800194a0,0x000000008000f238,0x00000000800003f0,0x000000008000f238,0x000000008000f300,0x0000000068f9dffd,0xffffffffbc0268d4,0x0000000000000006,0x000000008000f200,0x0000000000000001,0x0000000000000006,0x0000000000000038,0x0000000000000000,0x0000000068e18838,0x00000000004cbd39,0x3fedd0be6c4371a2,0x0000000080005bfe,0x4152076dcf9c0ebf,0x402b4c1eefea0518,0x4012c0f69383dfd8,0x3fe7c9cc9f4e9642,0x4007af1d04ab4dcd,0x4152076dcf9c0ebf,0x40232f4e6f009a35,0x4129fe4cdd97f62b,0x41520764f1f8a090,0x01a56e1fc2f8f359,0x3ff0000000000000,0x0000000000000000,0x00000001,0x00000001,0x8000000200006600,0x8000000a00007e00,0x800000000094112d,0x000000008000af80,0x00000000800000e4,0x0000000000000002,0x000000007c201073,0x0000000000000080,0x6000000000000000,0x00000000000000c0,0x4000b4c3,0x0000000080005bfe,0x000000004000b4c3,0x0000000001855b3a,0x00000000017adf06,0x0000000001855b3a,0x00000000017adf06,0x0000000000000514,0x0000000000006cad,0x000000000000885a,0x0000000000b9793f,0x000000000000789f,0x0000000000a0e9ab,0x000000000001e97e,0x0000000000610b7f,0x00000000000000c0,0x0000000000000040,0x00000489,0x8000000000000907,0x0000000007240701,0x03
1783622966744,b,0x00000000800057ae,0x0000000080018d90,0x000000008000f190,0x000000008000f1c0,0x0000000080007a7a,0x0000000000000000,0x00000000800191f0,0x0000000080018de0,0x0000000080019530,0x0000000080018f50,0x000000008000f238,0x0000000000000006,0x0000000000000006,0x000000008000f238,0x0000000000000020,0x0000000065cffe7b,0x0000000043f14ce4,0x0000000000000006,0x000000008000f200,0x0000000000000001,0x0000000000000006,0x0000000000000038,0x0000000000000000,0x0000000065cfea78,0x000000000055dc95,0x3fedd0be6c4371a2,0x00000000800049c4,0x4152076dcf9c0ebf,0x402b4c1eefea0518,0x4012c0f69383dfd8,0x3fe7c9cc9f4e9642,0x4007af1d04ab4dcd,0x4152076dcf9c0ebf,0x4025772550fc5339,0x4129fe4ed3f7ced9,0x415207670e560419,0x3fea330ae25af21c,0x0000000000000000,0x0000000000000000,0x00000001,0x00000001,0x8000000200006600,0x8000000a00007e00,0x800000000094112d,0x000000008000af80,0x00000000800000e4,0x0000000000000002,0x000000007c201073,0x0000000000000080,0x6000000000000000,0x00000000000000c0,0x4000b4c3,0x00000000800049c4,0x000000004000b4c3,0x0000000001868b1a,0x00000000017c0c9d,0x0000000001868b1a,0x00000000017c0c9d,0x0000000000000516,0x0000000000006cb0,0x00000000000088a4,0x0000000000ba0c4c,0x00000000000078cf,0x0000000000a16caa,0x000000000001eb04,0x0000000000615b22,0x00000000000000c0,0x0000000000000040,0x00000489,0x8000000000000907,0x0000000007240701,0x03
1783622968314,b,0x00000000800058f2,0x0000000080018ed0,0x000000008000f190,0x000000008000f1c0,0x0000000080007a7a,0x0000000000000000,0x00000000800191f0,0x0000000080018f20,0x0000000080019530,0x00000000800193a0,0x00000000800194a0,0x0000000000000006,0x0000000000000003,0x00000000800194a0,0x00000000800194d0,0x0000000065cffe7b,0x0000000043f14ce4,0x0000000000000006,0x000000008000f200,0x0000000000000001,0x0000000000000006,0x0000000000000038,0x0000000000000000,0x0000000065cfea78,0x000000000055dc95,0x3fedd0be6c4371a2,0x00000000800049c6,0x4152076dcf9c0ebf,0x402b4c1eefea0518,0x4012c0f69383dfd8,0x3fe7c9cc9f4e9642,0x4007af1d04ab4dcd,0x4152076dcf9c0ebf,0x4025772550fc5339,0x4129fe5829930be1,0x4152076591ed288d,0x0000000000000000,0x3f9287f43dd4dd22,0x3f9287f43dd4dd22,0x00000001,0x00000001,0x8000000200006600,0x8000000a00007e00,0x800000000094112d,0x000000008000af80,0x00000000800000e4,0x0000000000000002,0x000000007c201073,0x0000000000000080,0x6000000000000000,0x00000000000000c0,0x4000b4c3,0x00000000800049c6,0x000000004000b4c3,0x000000000187db6f,0x00000000017d5826,0x000000000187db6f,0x00000000017d5826,0x0000000000000519,0x0000000000006cb3,0x0000000000008916,0x0000000000baaffd,0x0000000000007902,0x0000000000a1fcab,0x000000000001ec94,0x000000000061b155,0x00000000000000c0,0x0000000000000040,0x00000489,0x8000000000000907,0x0000000007240701,0x03
1783622969804,b,0x0000000080005850,0x0000000080018ed0,0x000000008000f190,0x000000008000f1c0,0x0000000080007a7a,0x000000000000000f,0x00000000800191f0,0x0000000080018f20,0x0000000080019530,0x00000000800191f0,0x0000000080019310,0x0000000000000003,0x0000000000000006,0x0000000000000004,0x0000000000000004,0x000000008000f201,0x3fe473881abe3a38,0x0000000000000006,0x000000008000f200,0x0000000000000001,0x0000000000000006,0x0000000000000038,0x0000000000000000,0x000000000ca2965e,0x00000000005c1773,0x3fedd0be6c4371a2,0x000000008000499c,0x4152076dcf9c0ebf,0x402b4c1eefea0518,0x4012c0f69383dfd8,0x3fe7c9cc9f4e9642,0x4007af1d04ab4dcd,0x4152076dcf9c0ebf,0x414fe4a468f5c28f,0x4129fe4d3bf487fd,0x415207668798c7e3,0x0000000000000000,0x0000000000000000,0x0000000000000000,0x00000001,0x00000001,0x8000000200006600,0x8000000a00007e00,0x800000000094112d,0x000000008000af80,0x00000000800000e4,0x0000000000000002,0x000000007c201073,0x0000000000000080,0x6000000000000000,0x00000000000000c0,0x4000b4c3,0x000000008000499c,0x000000004000b4c3,0x0000000001891a78,0x00000000017e90f6,0x0000000001891a78,0x00000000017e90f6,0x000000000000051c,0x0000000000006cb6,0x0000000000008968,0x0000000000bb4859,0x0000000000007928,0x0000000000a28944,0x000000000001ede0,0x00000000006205c4,0x00000000000000c0,0x0000000000000040,0x00000489,0x8000000000000907,0x0000000007240701,0x03
1783622971255,b,0x0000000080005744,0x0000000080019060,0x000000008000f190,0x000000008000f1c0,0x0000000080007a7a,0x000000000000000f,0x00000000800191f0,0x00000000800190b0,0x0000000080019530,0x0000000080019310,0x00000000800191f0,0x0000000000000006,0x0000000000000006,0x0000000000000000,0x0000000000000006,0x000000008000f201,0x3fe3da792298d613,0x0000000000000006,0x000000008000f200,0x0000000000000001,0x0000000000000006,0x0000000000000038,0x0000000000000000,0xffffffffdf334f80,0x00000000007d2155,0x3fedd0be6c4371a2,0x000000008000498e,0x4152076dcf9c0ebf,0x402b4c1eefea0518,0x4012c0f69383dfd8,0x3fe7c9cc9f4e9642,0x4007af1d04ab4dcd,0x4152076dcf9c0ebf,0x414fe4a27d66cf42,0x4129fe503b98c7e3,0x4152076913da511a,0x0000000000000000,0x3fe185d1eca6d032,0x3fe185d1eca6d032,0x00000001,0x00000001,0x8000000200006600,0x8000000a00007e00,0x800000000094112d,0x000000008000af80,0x00000000800000e4,0x0000000000000002,0x000000007c201073,0x0000000000000080,0x6000000000000000,0x00000000000000c0,0x4000b4c3,0x000000008000498e,0x000000004000b4c3,0x00000000018a15c3,0x00000000017f88af,0x00000000018a15c3,0x00000000017f88af,0x0000000000000520,0x0000000000006cb9,0x00000000000089c4,0x0000000000bbc482,0x0000000000007958,0x0000000000a2f25d,0x000000000001ef38,0x0000000000624238,0x00000000000000c0,0x0000000000000040,0x00000489,0x8000000000000907,0x0000000007240701,0x03
1783622972594,b,0x0000000080006260,0x0000000080019230,0x000000008000f190,0x000000008000f1c0,0x402a6014520d6113,0x0000000000000000,0x0000000000000000,0x0000000080019440,0x0000000080019530,0x0000000080019698,0x00000000800194a0,0x000000008000f238,0x00000000800003f0,0x0000000000000002,0x000000000000000c,0xffffffffcbbffcf9,0x00000000733c22c4,0x0000000000000006,0x000000008000f200,0x0000000000000001,0x0000000000000006,0x0000000000000038,0x0000000000000000,0xffffffffcbb3acf8,0x000000000049519e,0x3fedd0be6c4371a2,0x0000000080005cac,0x4152076dcf9c0ebf,0x402b4c1eefea0518,0x4012c0f69383dfd8,0x3fe7c9cc9f4e9642,0x4007af1d04ab4dcd,0x4152076dcf9c0ebf,0x402254679ccf08b1,0x4129fe503b98c7e3,0x4152076913da511a,0x01a56e1fc2f8f359,0x0000000000000000,0x0000000000000000,0x00000001,0x00000001,0x8000000200006600,0x8000000a00007e00,0x800000000094112d,0x000000008000af80,0x00000000800000e4,0x0000000000000002,0x000000007c201073,0x0000000000000080,0x6000000000000000,0x00000000000000c0,0x4000b4c3,0x0000000080005cac,0x000000004000b4c3,0x00000000018b3c80,0x000000000180ac05,0x00000000018b3c80,0x000000000180ac05,0x0000000000000522,0x0000000000006cbc,0x0000000000008a05,0x0000000000bc5407,0x0000000000007977,0x0000000000a37242,0x000000000001f09d,0x0000000000628f64,0x00000000000000c0,0x0000000000000040,0x00000489,0x8000000000000907,0x0000000007240701,0x03
1783622973916,b,0x00000000800058b0,0x0000000080018ee0,0x000000008000f190,0x000000008000f1c0,0x0000000080007a7a,0x0000000000000000,0x00000000800191f0,0x0000000080018f20,0x0000000080019530,0x0000000080019488,0x0000000080019530,0x0000000080019100,0x0000000000000003,0x0000000000000006,0x0000000000000003,0x0000000065cffe7b,0x0000000043f14ce4,0x0000000000000006,0x000000008000f200,0x0000000000000001,0x0000000000000006,0x0000000000000038,0x0000000000000000,0x0000000065cfea78,0x000000000055dc95,0x3fedd0be6c4371a2,0x0000000080005552,0x4152076dcf9c0ebf,0x402b4c1eefea0518,0x4012c0f69383dfd8,0x3fe7c9cc9f4e9642,0x4007af1d04ab4dcd,0x4152076dcf9c0ebf,0x4025772550fc5339,0x4129fe4fa8f5c28f,0x4152076599a02752,0x3ff12c1dda6375ca,0x0000000000000000,0x3f8314f4c02b2a00,0x00000001,0x00000001,0x8000000200006600,0x8000000a00007e00,0x800000000094112d,0x000000008000af80,0x00000000800000e4,0x0000000000000002,0x000000007c201073,0x0000000000000080,0x6000000000000000,0x00000000000000c0,0x4000b4c3,0x0000000080005552,0x000000004000b4c3,0x00000000018c3135,0x0000000001819f81,0x00000000018c3135,0x0000000001819f81,0x0000000000000525,0x0000000000006cbf,0x0000000000008a46,0x0000000000bccaa7,0x00000000000079a1,0x0000000000a3daa1,0x000000000001f1ca,0x000000000062d03a,0x00000000000000c0,0x0000000000000040,0x00000489,0x8000000000000907,0x0000000007240701,0x03
1783622975351,b,0x000000008000575e,0x0000000080019070,0x000000008000f190,0x000000008000f1c0,0x0000000080007a7a,0x000000000000000f,0x00000000800191f0,0x00000000800190b0,0x0000000080019530,0x00000000800190d0,0x00000000800002d0,0x000000008000f238,0x0000000000000006,0x0000000000000004,0x0000000000000004,0x000000008000f201,0x3fe3dc5b7dd320bd,0x0000000000000006,0x000000008000f200,0x0000000000000001,0x0000000000000006,0x0000000000000038,0x0000000000000000,0x000000005d851fbe,0x00000000004cb858,0x3fedd0be6c4371a2,0x0000000080004c12,0x4152076dcf9c0ebf,0x402b4c1eefea0518,0x4012c0f69383dfd8,0x3fe7c9cc9f4e9642,0x4007af1d04ab4dcd,0x4152076dcf9c0ebf,0x414fe4a24ad77319,0x4129fe4d0f0d844d,0x4152076721119ce0,0x3fc17a1e17d07729,0x0000000000000000,0x0000000000000000,0x00000001,0x00000001,0x8000000200006600,0x8000000a00007e00,0x800000000094112d,0x000000008000af80,0x00000000800000e4,0x0000000000000002,0x000000007c201073,0x0000000000000080,0x6000000000000000,0x00000000000000c0,0x4000b4c3,0x0000000080004c12,0x000000004000b4c3,0x00000000018d3688,0x0000000001829e03,0x00000000018d3688,0x0000000001829e03,0x0000000000000529,0x0000000000006cc2,0x0000000000008a9e,0x0000000000bd4726,0x00000000000079c5,0x0000000000a44d2c,0x000000000001f2ea,0x000000000063136d,0x00000000000000c0,0x0000000000000040,0x00000489,0x8000000000000907,0x0000000007240701,0x03
1783622976776,b,0x00000000800056f8,0x0000000080019060,0x000000008000f190,0x000000008000f1c0,0x0000000080007a7a,0x000000000000000f,0x0000000080019430,0x00000000800190b0,0x0000000080019530,0x0000000080019548,0x000000008000f238,0x0000000000000006,0x0000000000000006,0x0000000080019310,0x00000000800193c0,0x000000008000f201,0x3fe37a9e06a86eef,0x0000000000000006,0x000000008000f200,0x0000000000000001,0x0000000000000006,0x0000000000000038,0x0000000000000000,0xfffffffff8f3b738,0x00000000005ad7ae,0x3fedd0be6c4371a2,0x0000000080004982,0x4152076dcf9c0ebf,0x402b4c1eefea0518,0x4012c0f69383dfd8,0x3fe7c9cc9f4e9642,0x4007af1d04ab4dcd,0x4152076dcf9c0ebf,0x414fe49ee2c710cb,0x4129fe4d52bd3c36,0x41520763699b3d08,0x3ff0000000000000,0x0000000000000000,0x0000000000000000,0x00000001,0x00000001,0x8000000200006600,0x8000000a00007e00,0x800000000094112d,0x000000008000af80,0x00000000800000e4,0x0000000000000002,0x000000007c201073,0x0000000000000080,0x6000000000000000,0x00000000000000c0,0x4000b4c3,0x0000000080004982,0x000000004000b4c3,0x00000000018e5a2a,0x000000000183bd1a,0x00000000018e5a2a,0x000000000183bd1a,0x000000000000052e,0x0000000000006cc5,0x0000000000008b07,0x0000000000bdd5e6,0x00000000000079f6,0x0000000000a4c944,0x000000000001f466,0x0000000000635c30,0x00000000000000c0,0x0000000000000040,0x00000489,0x8000000000000907,0x0000000007240701,0x03
1783622978489,b,0x0000000080006260,0x0000000080019230,0x000000008000f190,0x000000008000f1c0,0x402a6014520d6113,0x0000000000000000,0x0000000000000000,0x0000000080019440,0x0000000080019530,0x0000000080019698,0x00000000800194a0,0x000000008000f238,0x00000000800003f0,0x00000000800194a0,0x0000000000000005,0xffffffffe3fdba6e,0x00000000309b886a,0x0000000000000006,0x000000008000f200,0x0000000000000001,0x0000000000000006,0x0000000000000038,0x0000000000000000,0xffffffffe3799a0e,0x00000000004bbe54,0x3fedd0be6c4371a2,0x0000000080005d04,0x4152076dcf9c0ebf,0x402b4c1eefea0518,0x4012c0f69383dfd8,0x3fe7c9cc9f4e9642,0x4007af1d04ab4dcd,0x4152076dcf9c0ebf,0x4032ef950c26e21b,0x4129fe4d52bd3c36,0x41520763699b3d08,0x01a56e1fc2f8f359,0x4012207dfca3cb69,0x4012207dfca3cb69,0x00000001,0x00000001,0x8000000200006600,0x8000000a00007e00,0x800000000094112d,0x000000008000af80,0x00000000800000e4,0x0000000000000002,0x000000007c201073,0x0000000000000080,0x6000000000000000,0x00000000000000c0,0x4000b4c3,0x0000000080005d04,0x000000004000b4c3,0x00000000018f9a9d,0x000000000184fb41,0x00000000018f9a9d,0x000000000184fb41,0x0000000000000531,0x0000000000006cc8,0x0000000000008b40,0x0000000000be71c9,0x0000000000007a19,0x0000000000a5542b,0x000000000001f5e6,0x000000000063b0d8,0x00000000000000c0,0x0000000000000040,0x00000489,0x8000000000000907,0x0000000007240701,0x03
1783622979926,b,0x00000000800057ae,0x0000000080018d90,0x000000008000f190,0x000000008000f1c0,0x0000000080007a7a,0x0000000000000000,0x00000000800191f0,0x0000000080018de0,0x0000000080019530,0x0000000080018f50,0x000000008000f238,0x0000000000000006,0x0000000000000006,0x0000000000000004,0x0000000000000006,0x0000000065cffe7b,0x0000000043f14ce4,0x0000000000000006,0x000000008000f200,0x0000000000000001,0x0000000000000006,0x0000000000000038,0x0000000000000000,0x0000000065cfea78,0x000000000055dc95,0x3fedd0be6c4371a2,0x0000000080004a0a,0x4152076dcf9c0ebf,0x402b4c1eefea0518,0x4012c0f69383dfd8,0x3fe7c9cc9f4e9642,0x4007af1d04ab4dcd,0x4152076dcf9c0ebf,0x4025772550fc5339,0x4129fe55bfd8adac,0x4152076a04275254,0x8000000000000000,0x0000000000000000,0x0000000000000000,0x00000001,0x00000001,0x8000000200006600,0x8000000a00007e00,0x800000000094112d,0x000000008000af80,0x00000000800000e4,0x0000000000000002,0x000000007c201073,0x0000000000000080,0x6000000000000000,0x00000000000000c0,0x4000b4c3,0x0000000080004a0a,0x000000004000b4c3,0x000000000190d3c8,0x0000000001863355,0x000000000190d3c8,0x0000000001863355,0x0000000000000533,0x0000000000006ccb,0x0000000000008b75,0x0000000000bf088d,0x0000000000007a49,0x0000000000a5dbce,0x000000000001f76f,0x000000000064054d,0x00000000000000c0,0x0000000000000040,0x00000489,0x8000000000000907,0x0000000007240701,0x03
1783622981302,b,0x00000000800058f2,0x0000000080018ed0,0x000000008000f190,0x000000008000f1c0,0x0000000080007a7a,0x0000000000000000,0x00000000800191f0,0x0000000080018f20,0x0000000080019530,0x00000000800193a0,0x00000000800194a0,0x0000000000000006,0x0000000000000003,0x0000000000000004,0x0000000000000003,0x0000000065cffe7b,0x0000000043f14ce4,0x0000000000000006,0x000000008000f200,0x0000000000000001,0x0000000000000006,0x0000000000000038,0x0000000000000000,0x0000000065cfea78,0x000000000055dc95,0x3fedd0be6c4371a2,0x000000008000498e,0x4152076dcf9c0ebf,0x402b4c1eefea0518,0x4012c0f69383dfd8,0x3fe7c9cc9f4e9642,0x4007af1d04ab4dcd,0x4152076dcf9c0ebf,0x4025772550fc5339,0x4129fe507b2fec57,0x4152076b82cbfb16,0x0000000000000000,0x0000000000000000,0x0000000000000000,0x00000001,0x00000001,0x8000000200006600,0x8000000a00007e00,0x800000000094112d,0x000000008000af80,0x00000000800000e4,0x0000000000000002,0x000000007c201073,0x0000000000000080,0x6000000000000000,0x00000000000000c0,0x4000b4c3,0x000000008000498e,0x000000004000b4c3,0x0000000001921e3f,0x00000000018779d5,0x0000000001921e3f,0x00000000018779d5,0x0000000000000536,0x0000000000006cce,0x0000000000008bd0,0x0000000000bfa9ce,0x0000000000007a7c,0x0000000000a6698b,0x000000000001f906,0x00000000006459c5,0x00000000000000c0,0x0000000000000040,0x00000489,0x8000000000000907,0x0000000007240701,0x03
1783622982837,b,0x0000000080009fc2,0x0000000080018dc0,0x000000008000f190,0x000000008000f1c0,0x0000000080007a7a,0x000000000000000f,0x00000000800191f0,0x0000000080018e40,0x0000000080018ef8,0x000000007ff00000,0x00000000403e88fa,0x0000000000000403,0x403e88fa391e4302,0x00000000403e88fa,0x00000000391e4302,0x000000008000f201,0x3fe696849f4c354d,0x0000000000000006,0x000000008000f200,0x0000000000000001,0x0000000000000006,0x0000000000000038,0x0000000000000000,0xffffffffe1910cf8,0x00000000006dcdf3,0x3fedd0be6c4371a2,0x000000008000a078,0x4152076dcf9c0ebf,0x402b4c1eefea0518,0x4012c0f69383dfd8,0x3fe7c9cc9f4e9642,0x4007af1d04ab4dcd,0x403e88fa391e4302,0x403e88fa391e4302,0x4129fe430f0d844d,0x4152076830624dd3,0x3ff12c1dda6375ca,0x0000000000000000,0x403e88fa391e4302,0x00000001,0x00000001,0x8000000200006600,0x8000000a00007e00,0x800000000094112d,0x000000008000af80,0x00000000800000e4,0x0000000000000002,0x000000007c201073,0x0000000000000080,0x6000000000000000,0x00000000000000c0,0x4000b4c3,0x000000008000a078,0x000000004000b4c3,0x0000000001935bd7,0x000000000188b0c5,0x0000000001935bd7,0x000000000188b0c5,0x000000000000053b,0x0000000000006cd1,0x0000000000008c2c,0x0000000000c0415e,0x0000000000007aa4,0x0000000000a6f4f3,0x000000000001fa56,0x000000000064ad51,0x00000000000000c0,0x0000000000000040,0x00000489,0x8000000000000907,0x0000000007240701,0x03
1783622984498,b,0x0000000080005806,0x0000000080018ee0,0x000000008000f190,0x000000008000f1c0,0x0000000080007a7a,0x000000000000000f,0x00000000800191f0,0x0000000080018f20,0x0000000080019530,0x00000000800194a0,0x0000000080019310,0x0000000000000003,0x0000000000000005,0x0000000080019528,0x0000000000000003,0x000000008000f201,0x3fe66a63977dbce3,0x0000000000000006,0x000000008000f200,0x0000000000000001,0x0000000000000006,0x0000000000000038,0x0000000000000000,0xffffffffb5c8a2e0,0x0000000000592b86,0x3fedd0be6c4371a2,0x0000000080004b74,0x4152076dcf9c0ebf,0x402b4c1eefea0518,0x4012c0f69383dfd8,0x3fe7c9cc9f4e9642,0x4007af1d04ab4dcd,0x4152076dcf9c0ebf,0x414fe49acc25aee6,0x4129fe56e0346dc6,0x41520769bb089a02,0x3fc17a1e17d07729,0x3fc17a1e17d07729,0x3ff0000000000000,0x00000001,0x00000001,0x8000000200006600,0x8000000a00007e00,0x800000000094112d,0x000000008000af80,0x00000000800000e4,0x0000000000000002,0x000000007c201073,0x0000000000000080,0x6000000000000000,0x00000000000000c0,0x4000b4c3,0x0000000080004b74,0x000000004000b4c3,0x0000000001948781,0x000000000189d867,0x0000000001948781,0x000000000189d867,0x000000000000053e,0x0000000000006cd4,0x0000000000008c8c,0x0000000000c0d417,0x0000000000007ad5,0x0000000000a774a5,0x000000000001fbc9,0x000000000064f85f,0x00000000000000c0,0x0000000000000040,0x00000489,0x8000000000000907,0x0000000007240701,0x03
1783622985881,b,0x00000000800056f8,0x0000000080019060,0x000000008000f190,0x000000008000f1c0,0x0000000080007a7a,0x000000000000000f,0x0000000080019430,0x00000000800190b0,0x0000000080019530,0x0000000080019548,0x000000008000f238,0x0000000000000006,0x0000000000000006,0x0000000000000004,0x0000000000000006,0x000000008000f201,0x3fe7e5475ae663b4,0x0000000000000006,0x000000008000f200,0x0000000000000001,0x0000000000000006,0x0000000000000038,0x0000000000000000,0xffffffffc96bf8de,0x0000000000685421,0x3fedd0be6c4371a2,0x00000000800049b0,0x4152076dcf9c0ebf,0x402b4c1eefea0518,0x4012c0f69383dfd8,0x3fe7c9cc9f4e9642,0x4007af1d04ab4dcd,0x4152076dcf9c0ebf,0x414fe49caa305532,0x4129fe543404ea4b,0x4152076ba9ba5e35,0x0000000000000000,0x0000000000000000,0x0000000000000000,0x00000001,0x00000001,0x8000000200006600,0x8000000a00007e00,0x800000000094112d,0x000000008000af80,0x00000000800000e4,0x0000000000000002,0x000000007c201073,0x0000000000000080,0x6000000000000000,0x00000000000000c0,0x4000b4c3,0x00000000800049b0,0x000000004000b4c3,0x0000000001959b1f,0x00000000018ae722,0x0000000001959b1f,0x00000000018ae722,0x0000000000000543,0x0000000000006cd7,0x0000000000008ced,0x0000000000c15b04,0x0000000000007b04,0x0000000000a7e9ad,0x000000000001fd34,0x0000000000653cb7,0x00000000000000c0,0x0000000000000040,0x00000489,0x8000000000000907,0x0000000007240701,0x03
1783622987345,b,0x0000000080006260,0x0000000080019230,0x000000008000f190,0x000000008000f1c0,0x402a6014520d6113,0x0000000000000000,0x0000000000000000,0x0000000080019440,0x0000000080019530,0x0000000080019698,0x00000000800194a0,0x000000008000f238,0x00000000800003f0,0x00000000800194a0,0x0000000080019508,0xffffffff9cbffdee,0x0000000009c7477a,0x0000000000000006,0x000000008000f200,0x0000000000000001,0x0000000000000006,0x0000000000000038,0x0000000000000000,0xffffffff9c2f8cee,0x000000000065ba3f,0x3fedd0be6c4371a2,0x0000000080005bd6,0x4152076dcf9c0ebf,0x402b4c1eefea0518,0x4012c0f69383dfd8,0x3fe7c9cc9f4e9642,0x4007af1d04ab4dcd,0x4152076dcf9c0ebf,0x40296e8fc271d1df,0x4129fe543404ea4b,0x4152076ba9ba5e35,0x01a56e1fc2f8f359,0x0000000000000000,0x0000000000000000,0x00000001,0x00000001,0x8000000200006600,0x8000000a00007e00,0x800000000094112d,0x000000008000af80,0x00000000800000e4,0x0000000000000002,0x000000007c201073,0x0000000000000080,0x6000000000000000,0x00000000000000c0,0x4000b4c3,0x0000000080005bd6,0x000000004000b4c3,0x000000000196da61,0x00000000018c24d4,0x000000000196da61,0x00000000018c24d4,0x0000000000000545,0x0000000000006cda,0x0000000000008d30,0x0000000000c1f5be,0x0000000000007b27,0x0000000000a873ef,0x000000000001feb0,0x0000000000659271,0x00000000000000c0,0x0000000000000040,0x00000489,0x8000000000000907,0x0000000007240701,0x03
1783622988860,b,0x00000000800057ae,0x0000000080018d90,0x000000008000f190,0x000000008000f1c0,0x0000000080007a7a,0x0000000000000000,0x00000000800191f0,0x0000000080018de0,0x0000000080019530,0x0000000080018f50,0x000000008000f238,0x0000000000000006,0x0000000000000006,0x0000000000000004,0x0000000000000006,0x0000000065cffe7b,0x0000000043f14ce4,0x0000000000000006,0x000000008000f200,0x0000000000000001,0x0000000000000006,0x0000000000000038,0x0000000000000000,0x0000000065cfea78,0x000000000055dc95,0x3fedd0be6c4371a2,0x0000000080004a0a,0x4152076dcf9c0ebf,0x402b4c1eefea0518,0x4012c0f69383dfd8,0x3fe7c9cc9f4e9642,0x4007af1d04ab4dcd,0x4152076dcf9c0ebf,0x4025772550fc5339,0x4129fe5391758e22,0x4152076cd566cf42,0x8000000000000000,0x0000000000000000,0x0000000000000000,0x00000001,0x00000001,0x8000000200006600,0x8000000a00007e00,0x800000000094112d,0x000000008000af80,0x00000000800000e4,0x0000000000000002,0x000000007c201073,0x0000000000000080,0x6000000000000000,0x00000000000000c0,0x4000b4c3,0x0000000080004a0a,0x000000004000b4c3,0x0000000001980f12,0x00000000018d576e,0x0000000001980f12,0x00000000018d576e,0x0000000000000547,0x0000000000006cdd,0x0000000000008d75,0x0000000000c28aed,0x0000000000007b57,0x0000000000a8f8f8,0x0000000000020039,0x000000000065e3f7,0x00000000000000c0,0x0000000000000040,0x00000489,0x8000000000000907,0x0000000007240701,0x03
1783622990367,b,0x0000000080009fc2,0x0000000080018dc0,0x000000008000f190,0x000000008000f1c0,0x0000000080007a7a,0x0000000000000200,0x00000000800191f0,0x0000000080018e40,0x0000000080018f08,0x000000000055dc95,0xffffffffa1f8a400,0x0000000000690b40,0x0000000000000003,0x00000000002aee4a,0x000000001ceb7800,0x0000000000690b40,0x0000000043f14800,0x0000000000000006,0x000000008000f200,0x0000000000000001,0x0000000000000006,0x0000000000000038,0x000000000000000a,0x0000000043f14a00,0x000000000055dc95,0x3fedd0be6c4371a2,0x000000008000a0ee,0x4152076dcf9c0ebf,0x402b4c1eefea0518,0x4012c0f69383dfd8,0x3fe7c9cc9f4e9642,0x4007af1d04ab4dcd,0x405ccc3930020bf5,0x405ccc3930020bf5,0x4129fe5ab089a027,0x41520768a1916873,0x01a56e1fc2f8f359,0x0000000000000000,0x405ccc3930020bf5,0x00000001,0x00000001,0x8000000200006600,0x8000000a00007e00,0x800000000094112d,0x000000008000af80,0x00000000800000e4,0x0000000000000002,0x000000007c201073,0x0000000000000080,0x6000000000000000,0x00000000000000c0,0x4000b4c3,0x000000008000a0ee,0x000000004000b4c3,0x00000000019938bc,0x00000000018e7ce5,0x00000000019938bc,0x00000000018e7ce5,0x000000000000054a,0x0000000000006ce0,0x0000000000008ddd,0x0000000000c31ce8,0x0000000000007b80,0x0000000000a97892,0x0000000000020177,0x0000000000662fe8,0x00000000000000c0,0x0000000000000040,0x00000489,0x8000000000000907,0x0000000007240701,0x03
1783622992122,b,0x000000008000583a,0x0000000080018ed0,0x000000008000f190,0x000000008000f1c0,0x0000000080007a7a,0x000000000000000f,0x00000000800191f0,0x0000000080018f20,0x0000000080019530,0x00000000800194a0,0x000000008000f238,0x0000000000000003,0x0000000000000006,0x0000000000000000,0x0000000000000006,0x000000008000f201,0x3fed8d64e4581e5a,0x0000000000000006,0x000000008000f200,0x0000000000000001,0x0000000000000006,0x0000000000000038,0x0000000000000000,0xffffffffad3a640e,0x000000000076c12c,0x3fedd0be6c4371a2,0x000000008000498e,0x4152076dcf9c0ebf,0x402b4c1eefea0518,0x4012c0f69383dfd8,0x3fe7c9cc9f4e9642,0x4007af1d04ab4dcd,0x4152076dcf9c0ebf,0x414fe49d4a6809d5,0x4129fe490f34d6a1,0x41520766b03fe5c9,0x3ff0000000000000,0x3fe1aec7af362c5b,0x3fe1aec7af362c5b,0x00000001,0x00000001,0x8000000200006600,0x8000000a00007e00,0x800000000094112d,0x000000008000af80,0x00000000800000e4,0x0000000000000002,0x000000007c201073,0x0000000000000080,0x6000000000000000,0x00000000000000c0,0x4000b4c3,0x000000008000498e,0x000000004000b4c3,0x00000000019a7a35,0x00000000018fb767,0x00000000019a7a35,0x00000000018fb767,0x000000000000054e,0x0000000000006ce3,0x0000000000008e32,0x0000000000c3b5d4,0x0000000000007baf,0x0000000000aa0530,0x00000000000202f8,0x0000000000668385,0x00000000000000c0,0x0000000000000040,0x00000489,0x8000000000000907,0x0000000007240701,0x03
1783622993718,b,0x0000000080005744,0x0000000080019060,0x000000008000f190,0x000000008000f1c0,0x0000000080007a7a,0x000000000000000f,0x00000000800191f0,0x00000000800190b0,0x0000000080019530,0x0000000080019310,0x00000000800191f0,0x0000000000000006,0x0000000000000006,0x0000000000000005,0x0000000000000006,0x000000008000f201,0x3fe96b51799bb510,0x0000000000000006,0x000000008000f200,0x0000000000000001,0x0000000000000006,0x0000000000000038,0x0000000000000000,0xffffffffbb8dc87e,0x000000000058f38f,0x3fedd0be6c4371a2,0x00000000800049d6,0x4152076dcf9c0ebf,0x402b4c1eefea0518,0x4012c0f69383dfd8,0x3fe7c9cc9f4e9642,0x4007af1d04ab4dcd,0x4152076dcf9c0ebf,0x414fe49fa236e2eb,0x4129fe44f89374bc,0x4152076a63c50481,0x3fc17a1e17d07729,0x0000000000000000,0x0000000000000000,0x00000001,0x00000001,0x8000000200006600,0x8000000a00007e00,0x800000000094112d,0x000000008000af80,0x00000000800000e4,0x0000000000000002,0x000000007c201073,0x0000000000000080,0x6000000000000000,0x00000000000000c0,0x4000b4c3,0x00000000800049d6,0x000000004000b4c3,0x00000000019bc4ed,0x000000000190fd42,0x00000000019bc4ed,0x000000000190fd42,0x0000000000000553,0x0000000000006ce6,0x0000000000008e97,0x0000000000c456bf,0x0000000000007be0,0x0000000000aa92f2,0x000000000002048d,0x000000000066d7de,0x00000000000000c0,0x0000000000000040,0x00000489,0x8000000000000907,0x0000000007240701,0x03
1783622995462,b,0x00000000800056f8,0x0000000080019060,0x000000008000f190,0x000000008000f1c0,0x0000000080007a7a,0x000000000000000f,0x0000000080019430,0x00000000800190b0,0x0000000080019530,0x0000000080019548,0x000000008000f238,0x0000000000000006,0x0000000000000006,0x0000000000000000,0x0000000000000006,0x000000008000f201,0x3fea022cbfe9c55d,0x0000000000000006,0x000000008000f200,0x0000000000000001,0x0000000000000006,0x0000000000000038,0x0000000000000000,0xffffffffbaa527e0,0x000000000057589a,0x3fedd0be6c4371a2,0x000000008000498e,0x4152076dcf9c0ebf,0x402b4c1eefea0518,0x4012c0f69383dfd8,0x3fe7c9cc9f4e9642,0x4007af1d04ab4dcd,0x4152076dcf9c0ebf,0x414fe49f1381d7dc,0x4129fe5c0bfb15b5,0x4152076e11ab9f56,0x3ff0000000000000,0x0000000000000000,0x0000000000000000,0x00000001,0x00000001,0x8000000200006600,0x8000000a00007e00,0x800000000094112d,0x000000008000af80,0x00000000800000e4,0x0000000000000002,0x000000007c201073,0x0000000000000080,0x6000000000000000,0x00000000000000c0,0x4000b4c3,0x000000008000498e,0x000000004000b4c3,0x00000000019cd0a6,0x00000000019204a0,0x00000000019cd0a6,0x00000000019204a0,0x0000000000000556,0x0000000000006ce9,0x0000000000008f0a,0x0000000000c4da48,0x0000000000007c12,0x0000000000ab03e0,0x00000000000205f9,0x000000000067195c,0x00000000000000c0,0x0000000000000040,0x00000489,0x8000000000000907,0x0000000007240701,0x03
1783622996961,b,0x00000000800057ae,0x0000000080018d90,0x000000008000f190,0x000000008000f1c0,0x0000000080007a7a,0x0000000000000000,0x00000000800191f0,0x0000000080018de0,0x0000000080019530,0x0000000080018f50,0x000000008000f238,0x0000000000000006,0x0000000000000006,0x0000000080018f50,0x0000000080018f98,0x0000000065cffe7b,0x0000000043f14ce4,0x0000000000000006,0x000000008000f200,0x0000000000000001,0x0000000000000006,0x0000000000000038,0x0000000000000000,0x0000000065cfea78,0x000000000055dc95,0x3fedd0be6c4371a2,0x00000000800049a4,0x4152076dcf9c0ebf,0x402b4c1eefea0518,0x4012c0f69383dfd8,0x3fe7c9cc9f4e9642,0x4007af1d04ab4dcd,0x4152076dcf9c0ebf,0x4025772550fc5339,0x4129fe5c0bfb15b5,0x4152076e11ab9f56,0x8000000000000000,0x0000000000000000,0x0000000000000000,0x00000001,0x00000001,0x8000000200006600,0x8000000a00007e00,0x800000000094112d,0x000000008000af80,0x00000000800000e4,0x0000000000000002,0x000000007c201073,0x0000000000000080,0x6000000000000000,0x00000000000000c0,0x4000b4c3,0x00000000800049a4,0x000000004000b4c3,0x00000000019de466,0x00000000019318b2,0x00000000019de466,0x00000000019318b2,0x0000000000000559,0x0000000000006cec,0x0000000000008f35,0x0000000000c55eb7,0x0000000000007c2f,0x0000000000ab7c39,0x0000000000020749,0x0000000000676635,0x00000000000000c0,0x0000000000000040,0x00000489,0x8000000000000907,0x0000000007240701,0x03
1783622998596,b,0x0000000080005866,0x0000000080018ee0,0x000000008000f190,0x000000008000f1c0,0x0000000080007a7a,0x000000000000000f,0x00000000800191f0,0x0000000080018f20,0x0000000080019530,0x00000000800191a8,0x00000000800003f0,0x0000000080019160,0x0000000000000003,0x00000000800191a8,0x00000000800191b0,0x000000008000f201,0x3feeaa6d410f41e2,0x0000000000000006,0x000000008000f200,0x0000000000000001,0x0000000000000006,0x0000000000000038,0x0000000000000000,0x0000000064b9e7b8,0x00000000004e61dc,0x3fedd0be6c4371a2,0x0000000080004c1a,0x4152076dcf9c0ebf,0x402b4c1eefea0518,0x4012c0f69383dfd8,0x3fe7c9cc9f4e9642,0x4007af1d04ab4dcd,0x4152076dcf9c0ebf,0x414fe49c8c74538f,0x4129fe49abd3c361,0x415207696413a92a,0x3ff12c1dda6375ca,0x401623e8e4790c0a,0x403e88fa391e4302,0x00000001,0x00000001,0x8000000200006600,0x8000000a00007e00,0x800000000094112d,0x000000008000af80,0x00000000800000e4,0x0000000000000002,0x000000007c201073,0x0000000000000080,0x6000000000000000,0x00000000000000c0,0x4000b4c3,0x0000000080004c1a,0x000000004000b4c3,0x00000000019f01fc,0x0000000001942fd0,0x00000000019f01fc,0x0000000001942fd0,0x000000000000055c,0x0000000000006cef,0x0000000000008f83,0x0000000000c5e730,0x0000000000007c53,0x0000000000abfa19,0x0000000000020867,0x000000000067b12f,0x00000000000000c0,0x0000000000000040,0x00000489,0x8000000000000907,0x0000000007240701,0x03
1783622999946,b,0x0000000080005744,0x0000000080019060,0x000000008000f190,0x000000008000f1c0,0x0000000080007a7a,0x000000000000000f,0x00000000800191f0,0x00000000800190b0,0x0000000080019530,0x0000000080019310,0x00000000800191f0,0x0000000000000006,0x0000000000000006,0x0000000080019310,0x00000000800193c8,0x000000008000f201,0x3fecd808c261967d,0x0000000000000006,0x000000008000f200,0x0000000000000001,0x0000000000000006,0x0000000000000038,0x0000000000000000,0xffffffffebd3ade0,0x000000000069a8a7,0x3fedd0be6c4371a2,0x00000000800049a4,0x4152076dcf9c0ebf,0x402b4c1eefea0518,0x4012c0f69383dfd8,0x3fe7c9cc9f4e9642,0x4007af1d04ab4dcd,0x4152076dcf9c0ebf,0x414fe49c017f62b7,0x4129fe5d36e2eb1c,0x4152076d12b020c5,0x0000000000000000,0x3fe185d1eca6d032,0x3fe185d1eca6d032,0x00000001,0x00000001,0x8000000200006600,0x8000000a00007e00,0x800000000094112d,0x000000008000af80,0x00000000800000e4,0x0000000000000002,0x000000007c201073,0x0000000000000080,0x6000000000000000,0x00000000000000c0,0x4000b4c3,0x00000000800049a4,0x000000004000b4c3,0x0000000001a0115a,0x0000000001953a88,0x0000000001a0115a,0x0000000001953a88,0x0000000000000560,0x0000000000006cf2,0x0000000000008fef,0x0000000000c66c44,0x0000000000007c82,0x0000000000ac6cac,0x00000000000209ca,0x000000000067f39d,0x00000000000000c0,0x0000000000000040,0x00000489,0x8000000000000907,0x0000000007240701,0x03
1783623001581,b,0x000000008000572e,0x00000000800190b0,0x000000008000f190,0x000000008000f1c0,0x0000000080007a7a,0x000000000000000f,0x00000000800191f0,0x0000000080019440,0x0000000080019530,0x00000000800190d0,0x0000000000000000,0x0000000000000000,0x00000000800191f0,0x0000000080019130,0x0000000000000000,0x000000008000f201,0x3fef62859e1424da,0x0000000000000006,0x000000008000f200,0x0000000000000001,0x0000000000000006,0x0000000000000038,0x0000000000000000,0x0000000038be656e,0x00000000007d69a7,0x3fedd0be6c4371a2,0x0000000080007a6c,0x4152076dcf9c0ebf,0x402b4c1eefea0518,0x4012c0f69383dfd8,0x3fe7c9cc9f4e9642,0x4007af1d04ab4dcd,0x4152076dcf9c0ebf,0x414fe49ca5844d01,0x4129fe3cf8c7e282,0x4152076889e9e1b1,0x3ff0000000000000,0x0000000000000000,0x3ff0000000000000,0x00000001,0x00000001,0x8000000200006600,0x8000000a00007e00,0x800000000094112d,0x000000008000af80,0x00000000800000e4,0x0000000000000002,0x000000007c201073,0x0000000000000080,0x6000000000000000,0x00000000000000c0,0x4000b4c3,0x0000000080007a6c,0x000000004000b4c3,0x0000000001a165bd,0x0000000001968ad5,0x0000000001a165bd,0x0000000001968ad5,0x0000000000000566,0x0000000000006cf5,0x0000000000009050,0x0000000000c71225,0x0000000000007cb7,0x0000000000acfe74,0x0000000000020b73,0x0000000000684a89,0x00000000000000c0,0x0000000000000040,0x00000489,0x8000000000000907,0x0000000007240701,0x03
1783623003227,b,0x0000000080006260,0x0000000080019230,0x000000008000f190,0x000000008000f1c0,0x402a6014520d6113,0x0000000000000000,0x0000000000000000,0x0000000080019440,0x0000000080019530,0x0000000080019698,0x00000000800194a0,0x000000008000f238,0x00000000800003f0,0x0000000000000005,0x0000000000000005,0x000000001bef1eef,0x00000000323f0576,0x0000000000000006,0x000000008000f200,0x0000000000000001,0x0000000000000006,0x0000000000000038,0x0000000000000000,0x000000001be716ce,0x00000000007e3593,0x3fedd0be6c4371a2,0x0000000080005c54,0x4152076dcf9c0ebf,0x402b4c1eefea0518,0x4012c0f69383dfd8,0x3fe7c9cc9f4e9642,0x4007af1d04ab4dcd,0x4152076dcf9c0ebf,0x402f8d64cc8fc15e,0x4129fe3cf8c7e282,0x4152076889e9e1b1,0x01a56e1fc2f8f359,0x0000000000000000,0x0000000000000000,0x00000001,0x00000001,0x8000000200006600,0x8000000a00007e00,0x800000000094112d,0x000000008000af80,0x00000000800000e4,0x0000000000000002,0x000000007c201073,0x0000000000000080,0x6000000000000000,0x00000000000000c0,0x4000b4c3,0x0000000080005c54,0x000000004000b4c3,0x0000000001a279aa,0x0000000001979d97,0x0000000001a279aa,0x0000000001979d97,0x000000000000056a,0x0000000000006cf8,0x0000000000009090,0x0000000000c79798,0x0000000000007cd7,0x0000000000ad7613,0x0000000000020cc4,0x00000000006895a0,0x00000000000000c0,0x0000000000000040,0x00000489,0x8000000000000907,0x0000000007240701,0x03
1783623004927,b,0x00000000800057ae,0x0000000080018d90,0x000000008000f190,0x000000008000f1c0,0x0000000080007a7a,0x0000000000000000,0x00000000800191f0,0x0000000080018de0,0x0000000080019530,0x0000000080018f50,0x000000008000f238,0x0000000000000006,0x0000000000000006,0x0000000000000000,0x0000000000000006,0x0000000065cffe7b,0x0000000043f14ce4,0x0000000000000006,0x000000008000f200,0x0000000000000001,0x0000000000000006,0x0000000000000038,0x0000000000000000,0x0000000065cfea78,0x000000000055dc95,0x3fedd0be6c4371a2,0x00000000800049d6,0x4152076dcf9c0ebf,0x402b4c1eefea0518,0x4012c0f69383dfd8,0x3fe7c9cc9f4e9642,0x4007af1d04ab4dcd,0x4152076dcf9c0ebf,0x4025772550fc5339,0x4129fe5a469ad42c,0x41520767193a92a3,0x8000000000000000,0x0000000000000000,0x8000000000000000,0x00000001,0x00000001,0x8000000200006600,0x8000000a00007e00,0x800000000094112d,0x000000008000af80,0x00000000800000e4,0x0000000000000002,0x000000007c201073,0x0000000000000080,0x6000000000000000,0x00000000000000c0,0x4000b4c3,0x00000000800049d6,0x000000004000b4c3,0x0000000001a3af73,0x000000000198d07e,0x0000000001a3af73,0x000000000198d07e,0x000000000000056d,0x0000000000006cfb,0x00000000000090d8,0x0000000000c82e07,0x0000000000007d07,0x0000000000adfb65,0x0000000000020e52,0x000000000068e597,0x00000000000000c0,0x0000000000000040,0x00000489,0x8000000000000907,0x0000000007240701,0x03
1783623006620,b,0x000000008000519e,0x0000000080018e90,0x000000008000f190,0x000000008000f1c0,0x0000000080007a7a,0x0000000000000000,0x00000000800191f0,0x0000000080018ee0,0x0000000080019530,0x0000000000000000,0x0000000050fc5339,0x000000003fe00000,0x4025772550fc5339,0x0000000080019118,0x0000000080019118,0x0000000065cffe7b,0x0000000043f14ce4,0x0000000000000006,0x000000008000f200,0x0000000000000001,0x0000000000000006,0x0000000000000038,0x0000000000000000,0x0000000065cfea78,0x000000000055dc95,0x3fedd0be6c4371a2,0x00000000800052b2,0x4152076dcf9c0ebf,0x402b4c1eefea0518,0x4012c0f69383dfd8,0x3fe7c9cc9f4e9642,0x4007af1d04ab4dcd,0x4152076dcf9c0ebf,0x4025772550fc5339,0x4129fe3bde0ded29,0x4152076b595e9e1b,0x0000000000000000,0x3fa0c481d88c2013,0x3fa0c481d88c2013,0x00000001,0x00000001,0x8000000200006600,0x8000000a00007e00,0x800000000094112d,0x000000008000af80,0x00000000800000e4,0x0000000000000002,0x000000007c201073,0x0000000000000080,0x6000000000000000,0x00000000000000c0,0x4000b4c3,0x00000000800052b2,0x000000004000b4c3,0x0000000001a4e659,0x00000000019a02f3,0x0000000001a4e659,0x00000000019a02f3,0x000000000000056f,0x0000000000006cfe,0x0000000000009126,0x0000000000c8c646,0x0000000000007d34,0x0000000000ae80b1,0x0000000000020fa7,0x00000000006934ea,0x00000000000000c0,0x0000000000000040,0x00000489,0x8000000000000907,0x0000000007240701,0x03
1783623008287,b,0x000000008000575e,0x0000000080019070,0x000000008000f190,0x000000008000f1c0,0x0000000080007a7a,0x000000000000000f,0x00000000800191f0,0x00000000800190b0,0x0000000080019530,0x00000000800190d0,0x00000000800002d0,0x000000008000f238,0x0000000000000006,0x0000000000000002,0x0000000000000008,0x000000008000f201,0x3fe762c95cda0090,0x0000000000000006,0x000000008000f200,0x0000000000000001,0x0000000000000006,0x0000000000000038,0x0000000000000000,0x00000000389b8cf8,0x0000000000565a2a,0x3fedd0be6c4371a2,0x0000000080004c10,0x4152076dcf9c0ebf,0x402b4c1eefea0518,0x4012c0f69383dfd8,0x3fe7c9cc9f4e9642,0x4007af1d04ab4dcd,0x4152076dcf9c0ebf,0x414fe4992fb15b57,0x4129fe45a1cac083,0x41520764a8553261,0x3fc17a1e17d07729,0x3fb85cd8e2c41b82,0x3fbaec350bb9de12,0x00000001,0x00000001,0x8000000200006600,0x8000000a00007e00,0x800000000094112d,0x000000008000af80,0x00000000800000e4,0x0000000000000002,0x000000007c201073,0x0000000000000080,0x6000000000000000,0x00000000000000c0,0x4000b4c3,0x0000000080004c10,0x000000004000b4c3,0x0000000001a5fe2f,0x00000000019b1432,0x0000000001a5fe2f,0x00000000019b1432,0x0000000000000574,0x0000000000006d01,0x000000000000916f,0x0000000000c94b8f,0x0000000000007d5b,0x0000000000aefb1e,0x00000000000210ef,0x0000000000697d39,0x00000000000000c0,0x0000000000000040,0x00000489,0x8000000000000907,0x0000000007240701,0x03
1783623009947,b,0x0000000080005744,0x0000000080019060,0x000000008000f190,0x000000008000f1c0,0x0000000080007a7a,0x000000000000000f,0x00000000800191f0,0x00000000800190b0,0x0000000080019530,0x0000000080019310,0x00000000800191f0,0x0000000000000006,0x0000000000000006,0x0000000000000001,0x0000000000000006,0x000000008000f201,0x3fdf40f55dafc950,0x0000000000000006,0x000000008000f200,0x0000000000000001,0x0000000000000006,0x0000000000000038,0x0000000000000000,0xffffffffac62f0ae,0x000000000062d307,0x3fedd0be6c4371a2,0x000000008000498e,0x4152076dcf9c0ebf,0x402b4c1eefea0518,0x4012c0f69383dfd8,0x3fe7c9cc9f4e9642,0x4007af1d04ab4dcd,0x4152076dcf9c0ebf,0x414fe49d395b573f,0x4129fe49eb5dcc64,0x41520768326b50b1,0x3fdcf46da09c9983,0x0000000000000000,0x0000000000000000,0x00000001,0x00000001,0x8000000200006600,0x8000000a00007e00,0x800000000094112d,0x000000008000af80,0x00000000800000e4,0x0000000000000002,0x000000007c201073,0x0000000000000080,0x6000000000000000,0x00000000000000c0,0x4000b4c3,0x000000008000498e,0x000000004000b4c3,0x0000000001a749d7,0x00000000019c5bf9,0x0000000001a749d7,0x00000000019c5bf9,0x0000000000000578,0x0000000000006d04,0x00000000000091de,0x0000000000c9ed6b,0x0000000000007d90,0x0000000000af88f5,0x0000000000021292,0x000000000069d16e,0x00000000000000c0,0x0000000000000040,0x00000489,0x8000000000000907,0x0000000007240701,0x03
1783623011505,b,0x0000000080009fc2,0x0000000080019420,0x000000008000f190,0x000000008000f1c0,0x402a6014520d6113,0x00000000004ec200,0x0000000000000000,0x0000000080019700,0x0000000080019530,0x00000000004ec000,0x0000000000000200,0x000000000011d8ab,0x0000000000000003,0x0000000000276000,0xffffffff902ca000,0x0000000000000001,0x000000000000000a,0x0000000000000006,0x000000008000f200,0x0000000000000001,0x0000000000000006,0x0000000000000038,0x0000000000000000,0x0000000000000000,0x0000000000000000,0x3fedd0be6c4371a2,0x000000008000a0c8,0x4152076dcf9c0ebf,0x402b4c1eefea0518,0x4012c0f69383dfd8,0x3fe7c9cc9f4e9642,0x4007af1d04ab4dcd,0x40583a1ec55c8165,0x40583a1ec55c8165,0x4129fe49eb5dcc64,0x41520768326b50b1,0x3ff0000000000000,0x40314cbbe149d268,0x40583a1ec55c8165,0x00000001,0x00000001,0x8000000200006600,0x8000000a00007e00,0x800000000094112d,0x000000008000af80,0x00000000800000e4,0x0000000000000002,0x000000007c201073,0x0000000000000080,0x6000000000000000,0x00000000000000c0,0x4000b4c3,0x000000008000a0c8,0x000000004000b4c3,0x0000000001a844a8,0x00000000019d55e9,0x0000000001a844a8,0x00000000019d55e9,0x000000000000057c,0x0000000000006d08,0x000000000000920c,0x0000000000ca65b0,0x0000000000007dad,0x0000000000aff658,0x00000000000213c9,0x00000000006a16f3,0x00000000000000c0,0x0000000000000040,0x00000489,0x8000000000000907,0x0000000007240701,0x03
1783623012934,b,0x00000000800058f2,0x0000000080018ed0,0x000000008000f190,0x000000008000f1c0,0x0000000080007a7a,0x0000000000000000,0x00000000800191f0,0x0000000080018f20,0x0000000080019530,0x00000000800193a0,0x00000000800194a0,0x0000000000000006,0x0000000000000003,0x0000000000000001,0x0000000000000003,0x0000000065cffe7b,0x0000000043f14ce4,0x0000000000000006,0x000000008000f200,0x0000000000000001,0x0000000000000006,0x0000000000000038,0x0000000000000000,0x0000000065cfea78,0x000000000055dc95,0x3fedd0be6c4371a2,0x0000000080004992,0x4152076dcf9c0ebf,0x402b4c1eefea0518,0x4012c0f69383dfd8,0x3fe7c9cc9f4e9642,0x4007af1d04ab4dcd,0x4152076dcf9c0ebf,0x4025772550fc5339,0x4129fe4895e9e1b1,0x4152076ae7404ea5,0x3f9287f43dd4dd22,0x3f9287f43dd4dd22,0x3f9287f43dd4dd22,0x00000001,0x00000001,0x8000000200006600,0x8000000a00007e00,0x800000000094112d,0x000000008000af80,0x00000000800000e4,0x0000000000000002,0x000000007c201073,0x0000000000000080,0x6000000000000000,0x00000000000000c0,0x4000b4c3,0x0000000080004992,0x000000004000b4c3,0x0000000001a96236,0x00000000019e6f98,0x0000000001a96236,0x00000000019e6f98,0x000000000000057e,0x0000000000006d0b,0x0000000000009270,0x0000000000caf1cb,0x0000000000007ddc,0x0000000000b06fc0,0x0000000000021530,0x00000000006a5e42,0x00000000000000c0,0x0000000000000040,0x00000489,0x8000000000000907,0x0000000007240701,0x03
1783623014437,b,0x0000000080005820,0x0000000080018ed0,0x000000008000f190,0x000000008000f1c0,0x0000000080007a7a,0x000000000000000f,0x00000000800191f0,0x0000000080018f20,0x0000000080019530,0x000000008000f238,0x0000000080019310,0x0000000000000006,0x0000000000000006,0x0000000000000001,0x0000000000000004,0x000000008000f201,0x3fdb8734ec1f02bd,0x0000000000000006,0x000000008000f200,0x0000000000000001,0x0000000000000006,0x0000000000000038,0x0000000000000000,0x000000003eddd25e,0x00000000005577f4,0x3fedd0be6c4371a2,0x00000000800049e4,0x4152076dcf9c0ebf,0x402b4c1eefea0518,0x4012c0f69383dfd8,0x3fe7c9cc9f4e9642,0x4007af1d04ab4dcd,0x4152076dcf9c0ebf,0x414fe4975b39c0ec,0x4129fe4dd5f6fd22,0x4152076ad1bda512,0x0000000000000000,0x0000000000000000,0x0000000000000000,0x00000001,0x00000001,0x8000000200006600,0x8000000a00007e00,0x800000000094112d,0x000000008000af80,0x00000000800000e4,0x0000000000000002,0x000000007c201073,0x0000000000000080,0x6000000000000000,0x00000000000000c0,0x4000b4c3,0x00000000800049e4,0x000000004000b4c3,0x0000000001aa6cb2,0x00000000019f7440,0x0000000001aa6cb2,0x00000000019f7440,0x0000000000000581,0x0000000000006d0e,0x00000000000092be,0x0000000000cb719e,0x0000000000007e00,0x0000000000b0e40f,0x000000000002164e,0x00000000006aa2ed,0x00000000000000c0,0x0000000000000040,0x00000489,0x8000000000000907,0x0000000007240701,0x03
1783623016049,b,0x0000000080005744,0x0000000080019060,0x000000008000f190,0x000000008000f1c0,0x0000000080007a7a,0x000000000000000f,0x00000000800191f0,0x00000000800190b0,0x0000000080019530,0x0000000080019310,0x00000000800191f0,0x0000000000000006,0x0000000000000006,0x00000000800191f0,0x0000000080019230,0x000000008000f201,0x3fdc74af029187a3,0x0000000000000006,0x000000008000f200,0x0000000000000001,0x0000000000000006,0x0000000000000038,0x0000000000000000,0x000000004df35f80,0x00000000007c502d,0x3fedd0be6c4371a2,0x00000000800049c6,0x4152076dcf9c0ebf,0x402b4c1eefea0518,0x4012c0f69383dfd8,0x3fe7c9cc9f4e9642,0x4007af1d04ab4dcd,0x4152076dcf9c0ebf,0x414fe497c5e00d1b,0x4129fe40a189374c,0x4152076523e425af,0x3fb85cd8e2c41b82,0x0000000000000000,0x0000000000000000,0x00000001,0x00000001,0x8000000200006600,0x8000000a00007e00,0x800000000094112d,0x000000008000af80,0x00000000800000e4,0x0000000000000002,0x000000007c201073,0x0000000000000080,0x6000000000000000,0x00000000000000c0,0x4000b4c3,0x00000000800049c6,0x000000004000b4c3,0x0000000001aba6c2,0x0000000001a0a9dc,0x0000000001aba6c2,0x0000000001a0a9dc,0x0000000000000585,0x0000000000006d11,0x0000000000009326,0x0000000000cc0acd,0x0000000000007e32,0x0000000000b16a4b,0x00000000000217dc,0x00000000006af246,0x00000000000000c0,0x0000000000000040,0x00000489,0x8000000000000907,0x0000000007240701,0x03
1783623017392,b,0x00000000800056f8,0x0000000080019060,0x000000008000f190,0x000000008000f1c0,0x0000000080007a7a,0x000000000000000f,0x0000000080019430,0x00000000800190b0,0x0000000080019530,0x0000000080019548,0x000000008000f238,0x0000000000000006,0x0000000000000006,0x000000008000f238,0x000000008000f280,0x000000008000f201,0x3fcee66662de9d10,0x0000000000000006,0x000000008000f200,0x0000000000000001,0x0000000000000006,0x0000000000000038,0x0000000000000000,0xffffffffb1bae438,0x000000000066898c,0x3fedd0be6c4371a2,0x00000000800049c6,0x4152076dcf9c0ebf,0x402b4c1eefea0518,0x4012c0f69383dfd8,0x3fe7c9cc9f4e9642,0x4007af1d04ab4dcd,0x4152076dcf9c0ebf,0x414fe49c1205bc02,0x4129fe5228ce703b,0x4152076af7b4a234,0x3ff0000000000000,0x0000000000000000,0x0000000000000000,0x00000001,0x00000001,0x8000000200006600,0x8000000a00007e00,0x800000000094112d,0x000000008000af80,0x00000000800000e4,0x0000000000000002,0x000000007c201073,0x0000000000000080,0x6000000000000000,0x00000000000000c0,0x4000b4c3,0x00000000800049c6,0x000000004000b4c3,0x0000000001ace138,0x0000000001a1df40,0x0000000001ace138,0x0000000001a1df40,0x0000000000000587,0x0000000000006d14,0x0000000000009388,0x0000000000cca40c,0x0000000000007e64,0x0000000000b1f113,0x000000000002196b,0x00000000006b41de,0x00000000000000c0,0x0000000000000040,0x00000489,0x8000000000000907,0x0000000007240701,0x03
1783623019059,b,0x00000000800057ae,0x0000000080018d90,0x000000008000f190,0x000000008000f1c0,0x0000000080007a7a,0x0000000000000000,0x00000000800191f0,0x0000000080018de0,0x0000000080019530,0x0000000080018f50,0x000000008000f238,0x0000000000000006,0x0000000000000006,0x0000000080018f50,0x0000000080018f98,0x0000000065cffe7b,0x0000000043f14ce4,0x0000000000000006,0x000000008000f200,0x0000000000000001,0x0000000000000006,0x0000000000000038,0x0000000000000000,0x0000000065cfea78,0x000000000055dc95,0x3fedd0be6c4371a2,0x00000000800049a4,0x4152076dcf9c0ebf,0x402b4c1eefea0518,0x4012c0f69383dfd8,0x3fe7c9cc9f4e9642,0x4007af1d04ab4dcd,0x4152076dcf9c0ebf,0x4025772550fc5339,0x4129fe5228ce703b,0x4152076af7b4a234,0x8000000000000000,0x0000000000000000,0x0000000000000000,0x00000001,0x00000001,0x8000000200006600,0x8000000a00007e00,0x800000000094112d,0x000000008000af80,0x00000000800000e4,0x0000000000000002,0x000000007c201073,0x0000000000000080,0x6000000000000000,0x00000000000000c0,0x4000b4c3,0x00000000800049a4,0x000000004000b4c3,0x0000000001adf1b7,0x0000000001a2f068,0x0000000001adf1b7,0x0000000001a2f068,0x0000000000000587,0x0000000000006d17,0x00000000000093a9,0x0000000000cd271b,0x0000000000007e81,0x0000000000b26815,0x0000000000021ab8,0x00000000006b8dd1,0x00000000000000c0,0x0000000000000040,0x00000489,0x8000000000000907,0x0000000007240701,0x03
1783623020365,b,0x0000000080005850,0x0000000080018ed0,0x000000008000f190,0x000000008000f1c0,0x0000000080007a7a,0x000000000000000f,0x00000000800191f0,0x0000000080018f20,0x0000000080019530,0x00000000800191f0,0x0000000080019310,0x0000000000000003,0x0000000000000006,0x00000000800191a8,0x0000000000000001,0x000000008000f201,0x3fd1ea44f7e6029d,0x0000000000000006,0x000000008000f200,0x0000000000000001,0x0000000000000006,0x0000000000000038,0x0000000000000000,0x000000004a384f0e,0x0000000000664e33,0x3fedd0be6c4371a2,0x00000000800049fc,0x4152076dcf9c0ebf,0x402b4c1eefea0518,0x4012c0f69383dfd8,0x3fe7c9cc9f4e9642,0x4007af1d04ab4dcd,0x4152076dcf9c0ebf,0x414fe496b9eecbfb,0x4129fe3cbf2e48e9,0x4152076ad9f06f69,0x401623e8e4790c0a,0x0000000000000000,0x0000000000000000,0x00000001,0x00000001,0x8000000200006600,0x8000000a00007e00,0x800000000094112d,0x000000008000af80,0x00000000800000e4,0x0000000000000002,0x000000007c201073,0x0000000000000080,0x6000000000000000,0x00000000000000c0,0x4000b4c3,0x00000000800049fc,0x000000004000b4c3,0x0000000001af000f,0x0000000001a3f8c9,0x0000000001af000f,0x0000000001a3f8c9,0x000000000000058a,0x0000000000006d1a,0x00000000000093f5,0x0000000000cda8cd,0x0000000000007ea4,0x0000000000b2dec0,0x0000000000021bc8,0x00000000006bd435,0x00000000000000c0,0x0000000000000040,0x00000489,0x8000000000000907,0x0000000007240701,0x03
1783623021632,b,0x0000000080005744,0x0000000080019060,0x000000008000f190,0x000000008000f1c0,0x0000000080007a7a,0x000000000000000f,0x00000000800191f0,0x00000000800190b0,0x0000000080019530,0x0000000080019310,0x00000000800191f0,0x0000000000000006,0x0000000000000006,0x0000000000000001,0x0000000000000013,0x000000008000f201,0x3fd39c62536d1074,0x0000000000000006,0x000000008000f200,0x0000000000000001,0x0000000000000006,0x0000000000000038,0x0000000000000000,0xfffffffface00000,0x000000000048aa74,0x3fedd0be6c4371a2,0x00000000800049be,0x4152076dcf9c0ebf,0x402b4c1eefea0518,0x4012c0f69383dfd8,0x3fe7c9cc9f4e9642,0x4007af1d04ab4dcd,0x4152076dcf9c0ebf,0x414fe4974b6ae7d5,0x4129fe4a9525460b,0x4152076998b5dcc6,0x3fe185d1eca6d032,0x0000000000000000,0x0000000000000000,0x00000001,0x00000001,0x8000000200006600,0x8000000a00007e00,0x800000000094112d,0x000000008000af80,0x00000000800000e4,0x0000000000000002,0x000000007c201073,0x0000000000000080,0x6000000000000000,0x00000000000000c0,0x4000b4c3,0x00000000800049be,0x000000004000b4c3,0x0000000001b00e8b,0x0000000001a5030e,0x0000000001b00e8b,0x0000000001a5030e,0x000000000000058e,0x0000000000006d1d,0x0000000000009460,0x0000000000ce2d97,0x0000000000007ed4,0x0000000000b350b9,0x0000000000021d2e,0x00000000006c167b,0x00000000000000c0,0x0000000000000040,0x00000489,0x8000000000000907,0x0000000007240701,0x03
1783623023182,b,0x0000000080006260,0x0000000080019230,0x000000008000f190,0x000000008000f1c0,0x402a6014520d6113,0x0000000000000000,0x0000000000000000,0x0000000080019440,0x0000000080019530,0x0000000080019698,0x00000000800194a0,0x000000008000f238,0x00000000800003f0,0x0000000000000004,0x0000000080019450,0xffffffffb5d7fe7f,0xffffffffaa58d2ba,0x0000000000000006,0x000000008000f200,0x0000000000000001,0x0000000000000006,0x0000000000000038,0x0000000000000000,0xffffffffb555286e,0x00000000007634c4,0x3fedd0be6c4371a2,0x0000000080005cbc,0x4152076dcf9c0ebf,0x402b4c1eefea0518,0x4012c0f69383dfd8,0x3fe7c9cc9f4e9642,0x4007af1d04ab4dcd,0x4152076dcf9c0ebf,0x400d8d312a9634af,0x4129fe4a9525460b,0x4152076998b5dcc6,0x01a56e1fc2f8f359,0x0000000000000000,0x0000000000000000,0x00000001,0x00000001,0x8000000200006600,0x8000000a00007e00,0x800000000094112d,0x000000008000af80,0x00000000800000e4,0x0000000000000002,0x000000007c201073,0x0000000000000080,0x6000000000000000,0x00000000000000c0,0x4000b4c3,0x0000000080005cbc,0x000000004000b4c3,0x0000000001b11d95,0x0000000001a60f50,0x0000000001b11d95,0x0000000001a60f50,0x0000000000000591,0x0000000000006d20,0x00000000000094a7,0x0000000000ceb19a,0x0000000000007ef3,0x0000000000b3c58b,0x0000000000021e7e,0x00000000006c5d5d,0x00000000000000c0,0x0000000000000040,0x00000489,0x8000000000000907,0x0000000007240701,0x03
1783623024750,b,0x00000000800057ae,0x0000000080018d90,0x000000008000f190,0x000000008000f1c0,0x0000000080007a7a,0x0000000000000000,0x00000000800191f0,0x0000000080018de0,0x0000000080019530,0x0000000080018f50,0x000000008000f238,0x0000000000000006,0x0000000000000006,0x0000000080018df0,0x0000000000000004,0x0000000065cffe7b,0x0000000043f14ce4,0x0000000000000006,0x000000008000f200,0x0000000000000001,0x0000000000000006,0x0000000000000038,0x0000000000000000,0x0000000065cfea78,0x000000000055dc95,0x3fedd0be6c4371a2,0x00000000800049f6,0x4152076dcf9c0ebf,0x402b4c1eefea0518,0x4012c0f69383dfd8,0x3fe7c9cc9f4e9642,0x4007af1d04ab4dcd,0x4152076dcf9c0ebf,0x4025772550fc5339,0x4129fe534ef34d6a,0x4152076a753a92a3,0x3febc7aad426d1c0,0x0000000000000000,0x3fedd0be6c4371a2,0x00000001,0x00000001,0x8000000200006600,0x8000000a00007e00,0x800000000094112d,0x000000008000af80,0x00000000800000e4,0x0000000000000002,0x000000007c201073,0x0000000000000080,0x6000000000000000,0x00000000000000c0,0x4000b4c3,0x00000000800049f6,0x000000004000b4c3,0x0000000001b26d30,0x0000000001a75d4c,0x0000000001b26d30,0x0000000001a75d4c,0x0000000000000595,0x0000000000006d23,0x00000000000094e2,0x0000000000cf5322,0x0000000000007f23,0x0000000000b4575e,0x0000000000022019,0x00000000006cb7f3,0x00000000000000c0,0x0000000000000040,0x00000489,0x8000000000000907,0x0000000007240701,0x03
1783623026169,b,0x0000000080009fc2,0x0000000080018dc0,0x000000008000f190,0x000000008000f1c0,0x0000000080007a7a,0x0000000004000000,0x00000000800191f0,0x0000000080018e40,0x0000000080018ef8,0x00000000005869e6,0x0000000030000000,0x0000000000854325,0x0000000000000002,0x00000000002c34f3,0xffffffffe0000000,0x0000000064000000,0x0000000060000000,0x0000000000000006,0x000000008000f200,0x0000000000000001,0x0000000000000006,0x0000000000000038,0x000000000000001b,0x0000000064000000,0x00000000005869e6,0x3fedd0be6c4371a2,0x000000008000a0fc,0x4152076dcf9c0ebf,0x402b4c1eefea0518,0x4012c0f69383dfd8,0x3fe7c9cc9f4e9642,0x4007af1d04ab4dcd,0x403e88fa391e4302,0x403e88fa391e4302,0x4129fe2980ded289,0x4152076c31cc63f1,0x3ff12c1dda6375ca,0x0000000000000000,0x403e88fa391e4302,0x00000001,0x00000001,0x8000000200006600,0x8000000a00007e00,0x800000000094112d,0x000000008000af80,0x00000000800000e4,0x0000000000000002,0x000000007c201073,0x0000000000000080,0x6000000000000000,0x00000000000000c0,0x4000b4c3,0x000000008000a0fc,0x000000004000b4c3,0x0000000001b36f54,0x0000000001a85939,0x0000000001b36f54,0x0000000001a85939,0x0000000000000599,0x0000000000006d26,0x000000000000953d,0x0000000000cfcf45,0x0000000000007f48,0x0000000000b4c76c,0x000000000002212e,0x00000000006cf9c7,0x00000000000000c0,0x0000000000000040,0x00000489,0x8000000000000907,0x0000000007240701,0x03
1783623027566,b,0x0000000080005744,0x0000000080019060,0x000000008000f190,0x000000008000f1c0,0x0000000080007a7a,0x000000000000000f,0x00000000800191f0,0x00000000800190b0,0x0000000080019530,0x0000000080019310,0x00000000800191f0,0x0000000000000006,0x0000000000000006,0x00000000800190d0,0x00000000000000b8,0x000000008000f201,0x3fd6a4852128dc07,0x0000000000000006,0x000000008000f200,0x0000000000000001,0x0000000000000006,0x0000000000000038,0x0000000000000000,0x0000000063e5f8ce,0x00000000007b6739,0x3fedd0be6c4371a2,0x0000000080004954,0x4152076dcf9c0ebf,0x402b4c1eefea0518,0x4012c0f69383dfd8,0x3fe7c9cc9f4e9642,0x4007af1d04ab4dcd,0x4152076dcf9c0ebf,0x414fe499598c7e28,0x4129fe3d605bc01a,0x4152076f11e83e42,0x0000000000000000,0x0000000000000000,0x0000000000000000,0x00000001,0x00000001,0x8000000200006600,0x8000000a00007e00,0x800000000094112d,0x000000008000af80,0x00000000800000e4,0x0000000000000002,0x000000007c201073,0x0000000000000080,0x6000000000000000,0x00000000000000c0,0x4000b4c3,0x0000000080004954,0x000000004000b4c3,0x0000000001b47d13,0x0000000001a96269,0x0000000001b47d13,0x0000000001a96269,0x000000000000059f,0x0000000000006d29,0x00000000000095a4,0x0000000000d0532f,0x0000000000007f76,0x0000000000b53a17,0x0000000000022284,0x00000000006d3c76,0x00000000000000c0,0x0000000000000040,0x00000489,0x8000000000000907,0x0000000007240701,0x03
1783623028985,b,0x00000000800056f8,0x0000000080019060,0x000000008000f190,0x000000008000f1c0,0x0000000080007a7a,0x000000000000000f,0x0000000080019430,0x00000000800190b0,0x0000000080019530,0x0000000080019548,0x000000008000f238,0x0000000000000006,0x0000000000000006,0x0000000000000003,0x0000000000000006,0x000000008000f201,0x3fe085e8f1f9bfab,0x0000000000000006,0x000000008000f200,0x0000000000000001,0x0000000000000006,0x0000000000000038,0x0000000000000000,0xffffffff9b4a7bae,0x0000000000616454,0x3fedd0be6c4371a2,0x00000000800049d6,0x4152076dcf9c0ebf,0x402b4c1eefea0518,0x4012c0f69383dfd8,0x3fe7c9cc9f4e9642,0x4007af1d04ab4dcd,0x4152076dcf9c0ebf,0x414fe4965c779a6b,0x4129fe3ab3333333,0x4152076e80ef34d7,0x0000000000000000,0x3fb85cd8e2c41b82,0x0000000000000000,0x00000001,0x00000001,0x8000000200006600,0x8000000a00007e00,0x800000000094112d,0x000000008000af80,0x00000000800000e4,0x0000000000000002,0x000000007c201073,0x0000000000000080,0x6000000000000000,0x00000000000000c0,0x4000b4c3,0x00000000800049d6,0x000000004000b4c3,0x0000000001b5b3b2,0x0000000001aa9492,0x0000000001b5b3b2,0x0000000001aa9492,0x00000000000005a3,0x0000000000006d2c,0x00000000000095ff,0x0000000000d0eae0,0x0000000000007fa8,0x0000000000b5bf78,0x0000000000022411,0x00000000006d8b01,0x00000000000000c0,0x0000000000000040,0x00000489,0x8000000000000907,0x0000000007240701,0x03
1783623030561,b,0x00000000800057ae,0x0000000080018d90,0x000000008000f190,0x000000008000f1c0,0x0000000080007a7a,0x0000000000000000,0x00000000800191f0,0x0000000080018de0,0x0000000080019530,0x0000000080018f50,0x000000008000f238,0x0000000000000006,0x0000000000000006,0x0000000080018f50,0x00000000000000c8,0x0000000065cffe7b,0x0000000043f14ce4,0x0000000000000006,0x000000008000f200,0x0000000000000001,0x0000000000000006,0x0000000000000038,0x0000000000000000,0x0000000065cfea78,0x000000000055dc95,0x3fedd0be6c4371a2,0x00000000800049a2,0x4152076dcf9c0ebf,0x402b4c1eefea0518,0x4012c0f69383dfd8,0x3fe7c9cc9f4e9642,0x4007af1d04ab4dcd,0x4152076dcf9c0ebf,0x4025772550fc5339,0x4129fe3ab3333333,0x4152076e80ef34d7,0x8000000000000000,0x0000000000000000,0x0000000000000000,0x00000001,0x00000001,0x8000000200006600,0x8000000a00007e00,0x800000000094112d,0x000000008000af80,0x00000000800000e4,0x0000000000000002,0x000000007c201073,0x0000000000000080,0x6000000000000000,0x00000000000000c0,0x4000b4c3,0x00000000800049a2,0x000000004000b4c3,0x0000000001b6cbd1,0x0000000001abad9e,0x0000000001b6cbd1,0x0000000001abad9e,0x00000000000005a5,0x0000000000006d2f,0x000000000000961b,0x0000000000d171a6,0x0000000000007fc5,0x0000000000b63988,0x0000000000022565,0x00000000006dd956,0x00000000000000c0,0x0000000000000040,0x00000489,0x8000000000000907,0x0000000007240701,0x03
1783623032025,b,0x00000000800057ae,0x0000000080018d90,0x000000008000f190,0x000000008000f1c0,0x0000000080007a7a,0x0000000000000000,0x00000000800191f0,0x0000000080018de0,0x0000000080019530,0x0000000080018f50,0x000000008000f238,0x0000000000000006,0x0000000000000006,0x0000000000000000,0x0000000000000000,0x0000000065cffe7b,0x0000000043f14ce4,0x0000000000000006,0x000000008000f200,0x0000000000000001,0x0000000000000006,0x0000000000000038,0x0000000000000000,0x0000000065cfea78,0x000000000055dc95,0x3fedd0be6c4371a2,0x0000000080004992,0x4152076dcf9c0ebf,0x402b4c1eefea0518,0x4012c0f69383dfd8,0x3fe7c9cc9f4e9642,0x4007af1d04ab4dcd,0x4152076dcf9c0ebf,0x4025772550fc5339,0x4129fe3183bcd35b,0x4152076adc6594af,0x8000000000000000,0x0000000000000000,0x0000000000000000,0x00000001,0x00000001,0x8000000200006600,0x8000000a00007e00,0x800000000094112d,0x000000008000af80,0x00000000800000e4,0x0000000000000002,0x000000007c201073,0x0000000000000080,0x6000000000000000,0x00000000000000c0,0x4000b4c3,0x0000000080004992,0x000000004000b4c3,0x0000000001b816f1,0x0000000001acf55d,0x0000000001b816f1,0x0000000001acf55d,0x00000000000005a9,0x0000000000006d32,0x0000000000009678,0x0000000000d21377,0x0000000000007ffb,0x0000000000b6c746,0x000000000002270a,0x00000000006e2d80,0x00000000000000c0,0x0000000000000040,0x00000489,0x8000000000000907,0x0000000007240701,0x03
1783623033464,b,0x0000000080005850,0x0000000080018ed0,0x000000008000f190,0x000000008000f1c0,0x0000000080007a7a,0x000000000000000f,0x00000000800191f0,0x0000000080018f20,0x0000000080019530,0x00000000800191f0,0x0000000080019310,0x0000000000000003,0x0000000000000006,0x00000000800191a8,0x0000000000000000,0x000000008000f201,0x3fe2e08bff09cf97,0x0000000000000006,0x000000008000f200,0x0000000000000001,0x0000000000000006,0x0000000000000038,0x0000000000000000,0x000000002244eb8e,0x0000000000667714,0x3fedd0be6c4371a2,0x0000000080004988,0x4152076dcf9c0ebf,0x402b4c1eefea0518,0x4012c0f69383dfd8,0x3fe7c9cc9f4e9642,0x4007af1d04ab4dcd,0x4152076dcf9c0ebf,0x414fe49416ab367a,0x4129fe43b4a2339c,0x4152076d3a2339c1,0x0000000000000000,0x0000000000000000,0x0000000000000000,0x00000001,0x00000001,0x8000000200006600,0x8000000a00007e00,0x800000000094112d,0x000000008000af80,0x00000000800000e4,0x0000000000000002,0x000000007c201073,0x0000000000000080,0x6000000000000000,0x00000000000000c0,0x4000b4c3,0x0000000080004988,0x000000004000b4c3,0x0000000001b931c6,0x0000000001ae098d,0x0000000001b931c6,0x0000000001ae098d,0x00000000000005ae,0x0000000000006d36,0x00000000000096ca,0x0000000000d29aa7,0x000000000000801e,0x0000000000b74387,0x0000000000022823,0x00000000006e779c,0x00000000000000c0,0x0000000000000040,0x00000489,0x8000000000000907,0x0000000007240701,0x03
1783623035046,b,0x0000000080005744,0x0000000080019060,0x000000008000f190,0x000000008000f1c0,0x0000000080007a7a,0x000000000000000f,0x00000000800191f0,0x00000000800190b0,0x0000000080019530,0x0000000080019310,0x00000000800191f0,0x0000000000000006,0x0000000000000006,0x0000000000000002,0x0000000000000006,0x000000008000f201,0x3fe45dd3d44c74af,0x0000000000000006,0x000000008000f200,0x0000000000000001,0x0000000000000006,0x0000000000000038,0x0000000000000000,0x0000000058f04e78,0x00000000006d1e7c,0x3fedd0be6c4371a2,0x00000000800049d6,0x4152076dcf9c0ebf,0x402b4c1eefea0518,0x4012c0f69383dfd8,0x3fe7c9cc9f4e9642,0x4007af1d04ab4dcd,0x4152076dcf9c0ebf,0x414fe495cb98c7e3,0x4129fe471e83e426,0x4152076f318c7e28,0x0000000000000000,0x0000000000000000,0x0000000000000000,0x00000001,0x00000001,0x8000000200006600,0x8000000a00007e00,0x800000000094112d,0x000000008000af80,0x00000000800000e4,0x0000000000000002,0x000000007c201073,0x0000000000000080,0x6000000000000000,0x00000000000000c0,0x4000b4c3,0x00000000800049d6,0x000000004000b4c3,0x0000000001ba45f4,0x0000000001af19b1,0x0000000001ba45f4,0x0000000001af19b1,0x00000000000005b2,0x0000000000006d39,0x0000000000009729,0x0000000000d32235,0x000000000000804e,0x0000000000b7b857,0x000000000002298d,0x00000000006ebba6,0x00000000000000c0,0x0000000000000040,0x00000489,0x8000000000000907,0x0000000007240701,0x03
1783623036349,b,0x00000000800056f8,0x0000000080019060,0x000000008000f190,0x000000008000f1c0,0x0000000080007a7a,0x000000000000000f,0x0000000080019430,0x00000000800190b0,0x0000000080019530,0x0000000080019548,0x000000008000f238,0x0000000000000006,0x0000000000000006,0x0000000080019310,0x0000000080019368,0x000000008000f201,0x3fe7d09fa31296d2,0x0000000000000006,0x000000008000f200,0x0000000000000001,0x0000000000000006,0x0000000000000038,0x0000000000000000,0x000000001b2329e0,0x000000000049a733,0x3fedd0be6c4371a2,0x00000000800049f0,0x4152076dcf9c0ebf,0x402b4c1eefea0518,0x4012c0f69383dfd8,0x3fe7c9cc9f4e9642,0x4007af1d04ab4dcd,0x4152076dcf9c0ebf,0x414fe495c559b3d0,0x4129fe389886594b,0x4152076aa6e48e8a,0x0000000000000000,0x0000000000000000,0x0000000000000000,0x00000001,0x00000001,0x8000000200006600,0x8000000a00007e00,0x800000000094112d,0x000000008000af80,0x00000000800000e4,0x0000000000000002,0x000000007c201073,0x0000000000000080,0x6000000000000000,0x00000000000000c0,0x4000b4c3,0x00000000800049f0,0x000000004000b4c3,0x0000000001bb76fa,0x0000000001b045b5,0x0000000001bb76fa,0x0000000001b045b5,0x00000000000005b5,0x0000000000006d3c,0x000000000000978e,0x0000000000d3b6f3,0x0000000000008080,0x0000000000b83ac0,0x0000000000022b15,0x00000000006f0869,0x00000000000000c0,0x0000000000000040,0x00000489,0x8000000000000907,0x0000000007240701,0x03
1783623037736,b,0x0000000080006260,0x0000000080019230,0x000000008000f190,0x000000008000f1c0,0x402a6014520d6113,0x0000000000000000,0x0000000000000000,0x0000000080019440,0x0000000080019530,0x0000000080019698,0x00000000800194a0,0x000000008000f238,0x00000000800003f0,0x0000000000000004,0x0000000000000004,0xffffffff9adbfeaf,0xffffffffb10cfd2a,0x0000000000000006,0x000000008000f200,0x0000000000000001,0x0000000000000006,0x0000000000000038,0x0000000000000000,0xffffffff9ad9fa8e,0x000000000048dc0c,0x3fedd0be6c4371a2,0x0000000080005bde,0x4152076dcf9c0ebf,0x402b4c1eefea0518,0x4012c0f69383dfd8,0x3fe7c9cc9f4e9642,0x4007af1d04ab4dcd,0x4152076dcf9c0ebf,0x402237032c433f4b,0x4129fe389886594b,0x4152076aa6e48e8a,0x01a56e1fc2f8f359,0x0000000000000000,0x3fdcf46da09c9984,0x00000001,0x00000001,0x8000000200006600,0x8000000a00007e00,0x800000000094112d,0x000000008000af80,0x00000000800000e4,0x0000000000000002,0x000000007c201073,0x0000000000000080,0x6000000000000000,0x00000000000000c0,0x4000b4c3,0x0000000080005bde,0x000000004000b4c3,0x0000000001bcba17,0x0000000001b18788,0x0000000001bcba17,0x0000000001b18788,0x00000000000005b7,0x0000000000006d3f,0x00000000000097d4,0x0000000000d452ee,0x00000000000080a3,0x0000000000b8c719,0x0000000000022c91,0x00000000006f6060,0x00000000000000c0,0x0000000000000040,0x00000489,0x8000000000000907,0x0000000007240701,0x03
1783623039216,b,0x00000000800058f2,0x0000000080018ed0,0x000000008000f190,0x000000008000f1c0,0x0000000080007a7a,0x0000000000000000,0x00000000800191f0,0x0000000080018f20,0x0000000080019530,0x00000000800193a0,0x00000000800194a0,0x0000000000000006,0x0000000000000003,0x0000000080018f50,0x0000000080018f58,0x0000000065cffe7b,0x0000000043f14ce4,0x0000000000000006,0x000000008000f200,0x0000000000000001,0x0000000000000006,0x0000000000000038,0x0000000000000000,0x0000000065cfea78,0x000000000055dc95,0x3fedd0be6c4371a2,0x00000000800049f0,0x4152076dcf9c0ebf,0x402b4c1eefea0518,0x4012c0f69383dfd8,0x3fe7c9cc9f4e9642,0x4007af1d04ab4dcd,0x4152076dcf9c0ebf,0x4025772550fc5339,0x4129fe563487fcb9,0x4152076cd762b6ae,0x3fc733d476943792,0x0000000000000000,0x0000000000000000,0x00000001,0x00000001,0x8000000200006600,0x8000000a00007e00,0x800000000094112d,0x000000008000af80,0x00000000800000e4,0x0000000000000002,0x000000007c201073,0x0000000000000080,0x6000000000000000,0x00000000000000c0,0x4000b4c3,0x00000000800049f0,0x000000004000b4c3,0x0000000001bdc5e1,0x0000000001b29043,0x0000000001bdc5e1,0x0000000001b29043,0x00000000000005b9,0x0000000000006d42,0x0000000000009815,0x0000000000d4d530,0x00000000000080d0,0x0000000000b93a0c,0x0000000000022de2,0x00000000006fa505,0x00000000000000c0,0x0000000000000040,0x00000489,0x8000000000000907,0x0000000007240701,0x03
1783623040511,b,0x0000000080005820,0x0000000080018ed0,0x000000008000f190,0x000000008000f1c0,0x0000000080007a7a,0x000000000000000f,0x00000000800191f0,0x0000000080018f20,0x0000000080019530,0x000000008000f238,0x0000000080019310,0x0000000000000006,0x0000000000000006,0x0000000000000001,0x0000000000000006,0x000000008000f201,0x3fe549cdbe95dca7,0x0000000000000006,0x000000008000f200,0x0000000000000001,0x0000000000000006,0x0000000000000038,0x0000000000000000,0x000000002c8eeee0,0x00000000004d36ae,0x3fedd0be6c4371a2,0x000000008000498e,0x4152076dcf9c0ebf,0x402b4c1eefea0518,0x4012c0f69383dfd8,0x3fe7c9cc9f4e9642,0x4007af1d04ab4dcd,0x4152076dcf9c0ebf,0x414fe496caf1a9fc,0x4129fe3ca075f6fd,0x4152076bfd2a3055,0x0000000000000000,0x0000000000000000,0x0000000000000000,0x00000001,0x00000001,0x8000000200006600,0x8000000a00007e00,0x800000000094112d,0x000000008000af80,0x00000000800000e4,0x0000000000000002,0x000000007c201073,0x0000000000000080,0x6000000000000000,0x00000000000000c0,0x4000b4c3,0x000000008000498e,0x000000004000b4c3,0x0000000001bed641,0x0000000001b39b47,0x0000000001bed641,0x0000000001b39b47,0x00000000000005bc,0x0000000000006d45,0x0000000000009859,0x0000000000d557ed,0x00000000000080f4,0x0000000000b9b12e,0x0000000000022f07,0x00000000006feb8b,0x00000000000000c0,0x0000000000000040,0x00000489,0x8000000000000907,0x0000000007240701,0x03
1783623041880,b,0x00000000800056f8,0x0000000080019060,0x000000008000f190,0x000000008000f1c0,0x0000000080007a7a,0x000000000000000f,0x0000000080019430,0x00000000800190b0,0x0000000080019530,0x0000000080019548,0x000000008000f238,0x0000000000000006,0x0000000000000006,0x0000000000000002,0x0000000000000006,0x000000008000f201,0x3fe42cffc30d3d8a,0x0000000000000006,0x000000008000f200,0x0000000000000001,0x0000000000000006,0x0000000000000038,0x0000000000000000,0x000000005d9d89de,0x00000000007753dd,0x3fedd0be6c4371a2,0x00000000800049d6,0x4152076dcf9c0ebf,0x402b4c1eefea0518,0x4012c0f69383dfd8,0x3fe7c9cc9f4e9642,0x4007af1d04ab4dcd,0x4152076dcf9c0ebf,0x414fe497e2d77319,0x4129fe3f44a8c155,0x4152076e0b381d7e,0x0000000000000000,0x0000000000000000,0x0000000000000000,0x00000001,0x00000001,0x8000000200006600,0x8000000a00007e00,0x800000000094112d,0x000000008000af80,0x00000000800000e4,0x0000000000000002,0x000000007c201073,0x0000000000000080,0x6000000000000000,0x00000000000000c0,0x4000b4c3,0x00000000800049d6,0x000000004000b4c3,0x0000000001bfd85f,0x0000000001b49895,0x0000000001bfd85f,0x0000000001b49895,0x00000000000005bf,0x0000000000006d48,0x00000000000098bf,0x0000000000d5d6aa,0x0000000000008122,0x0000000000ba1e94,0x0000000000023063,0x0000000000702aa9,0x00000000000000c0,0x0000000000000040,0x00000489,0x8000000000000907,0x0000000007240701,0x03
1783623043405,b,0x00000000800057ae,0x0000000080018d90,0x000000008000f190,0x000000008000f1c0,0x0000000080007a7a,0x0000000000000000,0x00000000800191f0,0x0000000080018de0,0x0000000080019530,0x0000000080018f50,0x000000008000f238,0x0000000000000006,0x0000000000000006,0x0000000000000005,0x0000000000000006,0x0000000065cffe7b,0x0000000043f14ce4,0x0000000000000006,0x000000008000f200,0x0000000000000001,0x0000000000000006,0x0000000000000038,0x0000000000000000,0x0000000065cfea78,0x000000000055dc95,0x3fedd0be6c4371a2,0x00000000800049d6,0x4152076dcf9c0ebf,0x402b4c1eefea0518,0x4012c0f69383dfd8,0x3fe7c9cc9f4e9642,0x4007af1d04ab4dcd,0x4152076dcf9c0ebf,0x4025772550fc5339,0x4129fe3f44a8c155,0x4152076e0b381d7e,0x8000000000000000,0x0000000000000000,0x8000000000000000,0x00000001,0x00000001,0x8000000200006600,0x8000000a00007e00,0x800000000094112d,0x000000008000af80,0x00000000800000e4,0x0000000000000002,0x000000007c201073,0x0000000000000080,0x6000000000000000,0x00000000000000c0,0x4000b4c3,0x00000000800049d6,0x000000004000b4c3,0x0000000001c108cb,0x0000000001b5c941,0x0000000001c108cb,0x0000000001b5c941,0x00000000000005c0,0x0000000000006d4b,0x00000000000098e2,0x0000000000d66891,0x000000000000813f,0x0000000000baa434,0x00000000000231c8,0x000000000070803c,0x00000000000000c0,0x0000000000000040,0x00000489,0x8000000000000907,0x0000000007240701,0x03
1783623044801,b,0x000000008000589c,0x0000000080018ed0,0x000000008000f190,0x000000008000f1c0,0x0000000080007a7a,0x0000000000000000,0x00000000800191f0,0x0000000080018f20,0x0000000080019530,0x0000000080019280,0x0000000080019118,0x0000000000000006,0x0000000000000003,0x0000000000000000,0x0000000000000003,0x0000000065cffe7b,0x0000000043f14ce4,0x0000000000000006,0x000000008000f200,0x0000000000000001,0x0000000000000006,0x0000000000000038,0x0000000000000000,0x0000000065cfea78,0x000000000055dc95,0x3fedd0be6c4371a2,0x0000000080004a06,0x4152076dcf9c0ebf,0x402b4c1eefea0518,0x4012c0f69383dfd8,0x3fe7c9cc9f4e9642,0x4007af1d04ab4dcd,0x4152076dcf9c0ebf,0x4025772550fc5339,0x4129fe4fb3404ea5,0x4152076e5d3a92a3,0x402e61c980105fa6,0x0000000000000000,0x0000000000000000,0x00000001,0x00000001,0x8000000200006600,0x8000000a00007e00,0x800000000094112d,0x000000008000af80,0x00000000800000e4,0x0000000000000002,0x000000007c201073,0x0000000000000080,0x6000000000000000,0x00000000000000c0,0x4000b4c3,0x0000000080004a06,0x000000004000b4c3,0x0000000001c21c54,0x0000000001b6d951,0x0000000001c21c54,0x0000000001b6d951,0x00000000000005c3,0x0000000000006d4e,0x0000000000009941,0x0000000000d6f091,0x000000000000816e,0x0000000000bb18d3,0x000000000002331b,0x000000000070c47a,0x00000000000000c0,0x0000000000000040,0x00000489,0x8000000000000907,0x0000000007240701,0x03
1783623046460,b,0x00000000800066d4,0x0000000080019700,0x000000008000f190,0x000000008000f1c0,0x402a6014520d6113,0x0000000000000000,0x0000000000000000,0x00000000800199a0,0x0000000080019530,0x0000000020000004,0x000000000000000a,0x000000008000f3a8,0x000000008000f3a8,0x0000000000000fc4,0x0000000000000fc5,0xffffffffd67f8f1e,0x0000000057056ab2,0x0000000000000006,0x000000008000f200,0x0000000000000001,0x0000000000000006,0x0000000000000038,0x0000000000000000,0xffffffffd64a0e1e,0x00000000006297dd,0x3fedd0be6c4371a2,0x00000000800066f0,0x4152076dcf9c0ebf,0x402b4c1eefea0518,0x4012c0f69383dfd8,0x3fe7c9cc9f4e9642,0x4007af1d04ab4dcd,0x4152076dcf9c0ebf,0x4018a5f755c15aad,0x4129fe4fb3404ea5,0x4152076e5d3a92a3,0x01a56e1fc2f8f359,0x3ff0000000000000,0x4018a5f755c15aad,0x00000001,0x00000001,0x8000000200006600,0x8000000a00007e00,0x800000000094112d,0x000000008000af80,0x00000000800000e4,0x0000000000000002,0x000000007c201073,0x0000000000000080,0x6000000000000000,0x00000000000000c0,0x4000b4c3,0x00000000800066f0,0x000000004000b4c3,0x0000000001c34c5d,0x0000000001b821ba,0x0000000001c34c5d,0x0000000001b821ba,0x00000000000005cc,0x0000000000006d57,0x000000000000998d,0x0000000000d7b52a,0x0000000000008194,0x0000000000bb7ebe,0x00000000000233e1,0x000000000070e614,0x00000000000000c0,0x0000000000000040,0x00000489,0x8000000000000907,0x0000000007240701,0x03
