counter,window_end_iter,mu_0,sigma_0,floor,denom
hpmcounter3,9,42677.909999999996,3986.032457667517,2078.709999999992,3986.032457667517
hpmcounter3,10,52116.91,4782.18390144745,2505.1699999999983,4782.18390144745
hpmcounter3,11,61596.15,5627.252190573637,2971.8099999999977,5627.252190573637
hpmcounter3,12,71059.06999999999,6429.178983607717,3421.8499999999913,6429.178983607717
hpmcounter3,13,80505.94999999998,7214.860081985763,3854.8599999999715,7214.860081985763
hpmcounter3,14,89916.29,7973.782815537958,4250.789999999994,7973.782815537958
hpmcounter3,15,99329.60999999999,8709.113225079987,4648.849999999977,8709.113225079987
hpmcounter3,16,108724.85999999999,9413.850578488342,5028.14999999998,9413.850578488342
hpmcounter3,17,118082.08499999999,10063.190220761842,5368.824999999997,10063.190220761842
hpmcounter3,18,127400.82500000003,10651.928884719968,5670.495000000024,10651.928884719968
hpmcounter3,19,136740.72500000003,11247.8024782329,5992.315000000031,11247.8024782329
hpmcounter3,20,146141.65,11907.960642161324,6374.510000000009,11907.960642161324
hpmcounter3,21,155522.77,12553.766720248588,6735.959999999992,12553.766720248588
hpmcounter3,22,164883.755,13181.41470007058,7077.515000000014,13181.41470007058
hpmcounter3,23,174224.78999999998,13728.601946412917,7399.27999999997,13728.601946412917
hpmcounter3,24,183525.90999999997,14196.821469050927,7681.059999999969,14196.821469050927
hpmcounter3,25,192786.68000000002,14572.638724519606,7922.010000000009,14572.638724519606
hpmcounter3,26,202027.29499999998,14910.891112185325,8141.854999999981,14910.891112185325
hpmcounter3,27,211247.67,15204.977662909572,8341.75,15204.977662909572
hpmcounter3,28,220468.47999999998,15443.948259077168,8541.959999999992,15443.948259077168
hpmcounter3,29,229669.225,15620.642316191575,8722.38500000001,15620.642316191575
hpmcounter3,30,238849.59000000003,15742.338800388294,8882.770000000048,15742.338800388294
hpmcounter3,31,248069.90999999997,15804.53136866299,9076.579999999958,15804.53136866299
hpmcounter3,32,257309.80000000005,15805.081825892514,9297.620000000054,15805.081825892514
hpmcounter3,33,266589.32999999996,15808.489406182,9557.629999999976,15808.489406182
hpmcounter3,34,275888.9,15844.6953885121,9837.300000000047,15844.6953885121
hpmcounter3,35,285208.64,15904.234040207157,10136.950000000012,15904.234040207157
hpmcounter3,36,294568.66500000004,15998.748612914598,10476.59500000003,15998.748612914598
hpmcounter3,37,303948.78,16147.731244409673,10836.330000000016,16147.731244409673
hpmcounter3,38,313308.5950000001,16320.937534941038,11176.0450000001,16320.937534941038
hpmcounter3,39,322648.30999999994,16512.862142039456,11495.989999999932,16512.862142039456
hpmcounter3,40,331967.875,16684.727362530488,11796.065000000002,16684.727362530488
hpmcounter3,41,341247.42000000004,16832.545744654748,12056.300000000047,16832.545744654748
hpmcounter3,42,350527.12999999995,17021.618829999374,12316.719999999972,17021.618829999374
hpmcounter3,43,359747.12,17202.461129996867,12517.619999999995,17202.461129996867
hpmcounter3,44,368947.415,17365.84452630705,12698.444999999949,17365.84452630705
hpmcounter3,45,378127.64499999996,17507.18715819531,12859.034999999974,17507.18715819531
hpmcounter3,46,387307.75,17640.304672494207,13019.75,17640.304672494207
hpmcounter3,47,396507.79500000004,17775.09153676852,13200.165000000037,17775.09153676852
hpmcounter3,48,405727.6649999999,17944.87073242512,13400.784999999916,17944.87073242512
hpmcounter3,49,414967.57999999996,18152.07275754944,13621.199999999953,18152.07275754944
hpmcounter3,50,424187.81499999994,18359.877614265726,13821.344999999914,18359.877614265726
hpmcounter3,51,433408.04999999993,18582.11978852959,14021.04999999993,18582.11978852959
hpmcounter3,52,442608.745,18781.243080866756,14200.854999999981,18781.243080866756
hpmcounter3,53,451829.38499999995,19018.415435939278,14400.67499999993,19018.415435939278
hpmcounter3,54,461049.6750000001,19273.136067781936,14600.855000000098,19273.136067781936
hpmcounter3,55,470269.99000000005,19501.2426521977,14801.140000000072,19501.2426521977
hpmcounter3,56,479510.34,19684.360212358813,15021.770000000019,19684.360212358813
hpmcounter3,57,488770.8499999999,19819.20175729376,15262.979999999923,19819.20175729376
hpmcounter3,58,498051.46499999997,19907.046468928507,15523.89499999996,19907.046468928507
hpmcounter3,59,507372.015,20033.554993908932,15824.585000000021,20033.554993908932
hpmcounter3,60,516752.725,20197.443170488965,16184.944999999949,20197.443170488965
hpmcounter3,61,526193.385,20402.200659094928,16605.515000000014,20402.200659094928
hpmcounter3,62,535713.6299999999,20645.305227023106,17089.83999999991,20645.305227023106
hpmcounter3,63,545293.95,20951.8726737329,17625.179999999935,20951.8726737329
hpmcounter3,64,554914.1899999998,21345.846747192587,18225.66999999981,21345.846747192587
hpmcounter3,65,564534.355,21827.55104296246,18825.91499999992,21827.55104296246
hpmcounter3,66,574094.3899999999,22307.834203844406,19365.80999999994,22307.834203844406
hpmcounter3,67,583614.455,22752.21714932357,19866.024999999907,22752.21714932357
hpmcounter3,68,593114.7649999999,23193.273255617958,20346.48499999987,23193.273255617958
hpmcounter3,69,602575.1849999999,23540.90631759902,20786.92499999993,23540.90631759902
hpmcounter3,70,611995.3200000001,23833.07434716455,21187.760000000126,23833.07434716455
hpmcounter3,71,621335.41,24040.294807367867,21508.719999999972,24040.294807367867
hpmcounter3,72,630595.62,24160.356792908333,21750.0,24160.356792908333
hpmcounter3,73,639795.74,24250.699930960203,21930.899999999907,24250.699930960203
hpmcounter3,74,648975.9650000001,24342.111213789573,22091.78500000015,24342.111213789573
hpmcounter3,75,658136.1950000002,24396.13969175139,22232.735000000102,24396.13969175139
hpmcounter3,76,667316.8200000001,24439.983600360585,22380.520000000135,24439.983600360585
hpmcounter3,77,676517.3499999999,24476.62792187253,22560.38999999978,24476.62792187253
hpmcounter3,78,685737.7,24493.26491797501,22760.349999999977,24493.26491797501
hpmcounter3,79,694957.995,24502.910329558705,22960.804999999935,24502.910329558705
hpmcounter3,80,704158.2899999999,24522.479121794408,23141.30999999994,24522.479121794408
hpmcounter3,81,713378.61,24536.442617245237,23341.349999999977,24536.442617245237
hpmcounter3,82,722598.9950000001,24549.326737096275,23541.34500000009,24549.326737096275
hpmcounter3,83,731819.0050000001,24509.65673204351,23740.985000000102,24509.65673204351
hpmcounter3,84,741019.0450000002,24428.50312204286,23920.815000000177,24428.50312204286
hpmcounter3,85,750219.085,24357.109543433413,24100.964999999967,24357.109543433413
hpmcounter3,86,759418.7899999998,24303.37227382024,24280.88999999978,24303.37227382024
hpmcounter3,87,768598.2249999999,24265.61261989517,24440.45499999984,24440.45499999984
hpmcounter3,88,777737.595,24246.20610720638,24559.755000000005,24559.755000000005
hpmcounter3,89,786856.91,24238.35814619161,24659.000000000116,24659.000000000116
hpmcounter3,90,795976.3200000001,24234.51167274515,24758.340000000084,24758.340000000084
hpmcounter3,91,805075.705,24236.02841774541,24837.604999999865,24837.604999999865
hpmcounter3,92,814155.315,24241.007877828037,24897.054999999935,24897.054999999935
hpmcounter3,93,823215.3100000002,24248.50398846994,24936.770000000135,24936.770000000135
hpmcounter3,94,832275.23,24257.30580340912,24976.189999999944,24976.189999999944
hpmcounter3,95,841335.15,24267.28769856115,25014.839999999967,25014.839999999967
hpmcounter3,96,850375.0149999999,24272.518569150663,25033.594999999972,25033.594999999972
hpmcounter3,97,859395.0599999998,24272.179121424724,25032.459999999846,25032.459999999846
hpmcounter3,98,868415.1050000001,24271.778152662784,25031.725000000093,25031.725000000093
hpmcounter3,99,877435.1799999999,24271.428473165743,25030.769999999902,25030.769999999902
hpmcounter3,100,886455.4200000002,24271.150999718946,25029.790000000154,25029.790000000154
hpmcounter3,101,895475.68,24270.940315390828,25029.030000000144,25029.030000000144
hpmcounter3,102,904495.7450000001,24270.74902789853,25028.305000000168,25028.305000000168
hpmcounter3,103,913535.86,24283.830700139806,25047.75,25047.75
hpmcounter3,104,922596.0599999999,24310.998554702273,25087.530000000028,25087.530000000028
hpmcounter3,105,931656.26,24339.473791924705,25127.660000000033,25127.660000000033
hpmcounter3,106,940716.5499999998,24369.336982871264,25167.879999999772,25167.879999999772
hpmcounter3,107,949776.8750000002,24400.504722020447,25208.205000000307,25208.205000000307
hpmcounter3,108,958837.265,24432.96312879225,25248.655000000028,25248.655000000028
hpmcounter3,109,967897.6399999999,24466.69597826917,25289.33999999985,25289.33999999985
hpmcounter3,110,976957.7549999999,24501.701922443866,25330.134999999893,25330.134999999893
hpmcounter3,111,986017.8449999997,24537.879702539296,25370.754999999772,25370.754999999772
hpmcounter3,112,995077.9399999998,24575.31171455999,25411.189999999828,25411.189999999828
hpmcounter3,113,1004117.9650000002,24594.47382179209,25431.70500000019,25431.70500000019
hpmcounter3,114,1013138.0049999999,24594.476999510433,25432.134999999893,25432.134999999893
hpmcounter3,115,1022158.0050000002,24594.61329584344,25432.355000000214,25432.355000000214
hpmcounter3,116,1031198.1200000003,24573.080315011375,25452.570000000414,25452.570000000414
hpmcounter3,117,1040278.3699999999,24508.95479772542,25198.10999999987,25198.10999999987
hpmcounter3,118,1049378.6300000001,24438.02005605415,24919.310000000172,24919.310000000172
hpmcounter3,119,1058498.8900000001,24404.712835086855,24660.490000000107,24660.490000000107
hpmcounter3,120,1067619.1500000004,24373.34602732858,24401.820000000298,24401.820000000298
hpmcounter3,121,1076739.395,24344.053971381854,24143.13500000001,24344.053971381854
hpmcounter3,122,1085859.6199999999,24316.716720560788,23884.0,24316.716720560788
hpmcounter3,123,1094999.875,24274.057266509106,23644.514999999898,24274.057266509106
hpmcounter3,124,1104159.9449999998,24283.88266112831,23424.294999999925,24283.88266112831
hpmcounter3,125,1113320.12,24297.251177244412,23203.02000000002,24297.251177244412
hpmcounter3,126,1122460.0899999996,24328.67805582756,22961.349999999627,24328.67805582756
hpmcounter3,127,1131580.15,24410.299896161196,23060.639999999898,24410.299896161196
hpmcounter3,128,1140680.2100000004,24498.65337981062,23139.500000000466,24498.65337981062
hpmcounter3,129,1149760.31,24549.469308164793,23198.02000000002,24549.469308164793
hpmcounter3,130,1158840.4250000003,24601.040359555926,23256.375000000233,24601.040359555926
hpmcounter3,131,1167920.635,24653.346602637215,23314.39500000002,24653.346602637215
hpmcounter3,132,1177021.0550000002,24693.826026111637,23392.155000000028,24693.826026111637
hpmcounter3,133,1186121.4949999996,24742.17147685251,23470.554999999702,24742.17147685251
hpmcounter3,134,1195202.0949999997,24740.85263959557,23529.6949999996,24740.85263959557
hpmcounter3,135,1204282.6849999998,24740.314262827134,23589.97499999986,24740.314262827134
hpmcounter3,136,1213383.27,24744.58390353437,23670.23999999999,24744.58390353437
hpmcounter3,137,1222483.6949999998,24722.11734256286,23750.35499999975,24722.11734256286
hpmcounter3,138,1231604.105,24698.658301200223,23850.22499999986,24698.658301200223
hpmcounter3,139,1240764.48,24680.080473139275,23990.37999999989,24680.080473139275
hpmcounter3,140,1249965.0050000001,24714.968396488923,24170.574999999953,24714.968396488923
hpmcounter3,141,1259205.4100000004,24805.976815888996,24390.280000000494,24805.976815888996
hpmcounter3,142,1268465.67,24965.63704267169,24629.85999999987,24965.63704267169
hpmcounter3,143,1277766.0299999998,25170.634931018943,24872.07999999984,25170.634931018943
hpmcounter3,144,1287126.29,25425.477145549157,25131.5,25425.477145549157
hpmcounter3,145,1296546.14,25739.860431396864,25410.519999999786,25739.860431396864
hpmcounter3,146,1305986.185,26107.993873913223,25710.085000000196,26107.993873913223
hpmcounter3,147,1315446.21,26548.286967749933,26095.199999999953,26548.286967749933
hpmcounter3,148,1324946.5000000002,27029.519110876987,26574.760000000242,27029.519110876987
hpmcounter3,149,1334446.83,27559.909339036203,27054.149999999907,27559.909339036203
hpmcounter3,150,1343927.03,28026.982653396546,27513.59999999986,28026.982653396546
hpmcounter3,151,1353367.34,28441.786396804855,27933.300000000047,28441.786396804855
hpmcounter3,152,1362787.675,28784.663866607018,28333.565000000177,28784.663866607018
hpmcounter3,153,1372167.9049999998,29067.277255459696,28693.894999999786,29067.277255459696
hpmcounter3,154,1381508.1400000001,29286.7326609885,29014.230000000214,29286.7326609885
hpmcounter3,155,1390828.6950000003,29423.563845603236,29314.995000000345,29423.563845603236
hpmcounter3,156,1400149.4100000001,29497.16450490399,29616.15000000014,29616.15000000014
hpmcounter3,157,1409470.18,29504.533649711324,29916.699999999953,29916.699999999953
hpmcounter3,158,1418790.695,29469.087908259215,30217.405000000028,30217.405000000028
hpmcounter3,159,1428091.0999999999,29372.322319418137,30498.35999999987,30498.35999999987
hpmcounter3,160,1437391.465,29283.354381578825,30779.315000000177,30779.315000000177
hpmcounter3,161,1446731.8349999995,29176.075409292287,30752.334999999497,30752.334999999497
hpmcounter3,162,1456072.0399999998,29066.62034177783,30350.569999999832,30350.569999999832
hpmcounter3,163,1465412.2000000002,28955.03424300656,29589.04000000027,29589.04000000027
hpmcounter3,164,1474732.5399999998,28863.76264321024,28801.129999999655,28863.76264321024
hpmcounter3,165,1484052.9449999998,28773.61169288853,28019.33499999973,28773.61169288853
hpmcounter3,166,1493372.9850000006,28743.94581273688,27237.575000000652,28743.94581273688
hpmcounter3,167,1502672.965,28704.421305899974,26436.074999999953,28704.421305899974
hpmcounter3,168,1511932.7799999998,28635.48991252119,25595.07999999961,28635.48991252119
hpmcounter3,169,1521172.6450000003,28571.957458125285,24734.065000000177,28571.957458125285
hpmcounter3,170,1530392.405,28512.5548693992,23853.13500000001,28512.5548693992
hpmcounter3,171,1539592.1249999998,28457.575846528467,23313.71499999985,28457.575846528467
hpmcounter3,172,1548812.1400000001,28384.7586163012,23114.230000000214,28384.7586163012
hpmcounter3,173,1558072.2650000001,28289.569457092435,23274.875000000233,28289.569457092435
hpmcounter3,174,1567372.3,28172.7554761875,23435.38000000012,28172.7554761875
hpmcounter3,175,1576652.3200000003,28082.720592687347,23575.89000000013,28082.720592687347
hpmcounter3,176,1585892.45,27942.993958028568,23676.489999999758,27942.993958028568
hpmcounter3,177,1595112.545,27822.738318362524,23756.71499999985,27822.738318362524
hpmcounter3,178,1604312.7500000005,27718.957289162616,23817.120000000577,27718.957289162616
hpmcounter3,179,1613513.015,27621.781447890466,23877.915000000037,27621.781447890466
hpmcounter3,180,1622713.6949999998,27531.286477530775,23938.374999999767,27531.286477530775
hpmcounter3,181,1631894.4249999996,27453.676762481493,23979.044999999693,27453.676762481493
hpmcounter3,182,1641034.9350000003,27406.071168903916,24020.00500000012,27406.071168903916
hpmcounter3,183,1650115.4100000001,27386.52300457097,23981.430000000168,27386.52300457097
hpmcounter3,184,1659175.8900000001,27386.751909769482,24021.980000000214,27386.751909769482
hpmcounter3,185,1668236.31,27388.098820663363,24062.280000000028,27388.098820663363
hpmcounter3,186,1677316.695,27392.250555960167,24122.36499999999,27392.250555960167
hpmcounter3,187,1686417.0249999997,27401.780599613274,24202.57499999972,27401.780599613274
hpmcounter3,188,1695537.4549999996,27420.234494495686,24302.484999999637,27420.234494495686
hpmcounter3,189,1704677.8599999999,27451.983475255183,24422.59999999986,27451.983475255183
hpmcounter3,190,1713817.935,27494.155914939907,24542.72499999986,27494.155914939907
hpmcounter3,191,1722978.0150000001,27546.302843781836,24682.86499999999,27546.302843781836
hpmcounter3,192,1732158.0350000001,27609.048959683223,24843.055000000168,27609.048959683223
hpmcounter3,193,1741357.9549999996,27683.73587215873,25023.054999999702,27683.73587215873
hpmcounter3,194,1750557.795,27757.964722551143,25202.804999999935,27757.964722551143
hpmcounter3,195,1759737.6900000002,27827.6405100151,25362.65000000014,27827.6405100151
hpmcounter3,196,1768897.6750000003,27889.610566582996,25502.565000000177,27889.610566582996
hpmcounter3,197,1778037.7449999999,27941.5158906387,25622.294999999693,27941.5158906387
hpmcounter3,198,1787157.64,27981.80488560755,25722.11999999988,27981.80488560755
hpmcounter3,199,1796277.5699999998,27996.665467912622,25822.019999999786,27996.665467912622
hpmcounter3,200,1805397.4849999999,28016.33472934324,25921.88500000001,28016.33472934324
hpmcounter3,201,1814497.355,28031.049307367688,26001.665000000037,28031.049307367688
hpmcounter3,202,1823617.395,28017.048030505586,25740.294999999925,28017.048030505586
hpmcounter3,203,1832737.1650000003,27993.218742783785,25478.5550000004,27993.218742783785
hpmcounter3,204,1841837.17,27960.729942152797,25196.799999999814,27960.729942152797
hpmcounter3,205,1850937.1300000001,27929.86195087332,24914.990000000224,27929.86195087332
hpmcounter3,206,1860036.9550000005,27900.449821019698,24633.065000000643,27900.449821019698
hpmcounter3,207,1869156.7899999998,27873.86953108026,24371.059999999823,27873.86953108026
hpmcounter3,208,1878296.325,27852.65570818726,24128.935000000056,27852.65570818726
hpmcounter3,209,1887415.8050000002,27847.293170762463,23866.425000000047,27847.293170762463
hpmcounter3,210,1896535.2349999999,27846.507872324797,23603.86499999999,27846.507872324797
hpmcounter3,211,1905654.6299999997,27850.374560385873,23643.599999999627,27850.374560385873
hpmcounter3,212,1914734.1650000003,27869.302851482644,23702.765000000363,27869.302851482644
hpmcounter3,213,1923793.9600000002,27883.37656951294,23741.78000000026,27883.37656951294
hpmcounter3,214,1932853.4600000002,27898.52099891205,23780.55000000028,27898.52099891205
hpmcounter3,215,1941913.0050000001,27914.581670130658,23819.054999999935,27914.581670130658
hpmcounter3,216,1950972.545,27931.735624959034,23857.794999999925,27931.735624959034
hpmcounter3,217,1960011.9899999998,27940.601447844,23876.869999999646,27940.601447844
hpmcounter3,218,1969031.7800000005,27940.45674391395,23877.21000000043,27940.45674391395
hpmcounter3,219,1978051.6049999997,27940.32365064166,23877.43499999959,27940.32365064166
hpmcounter3,220,1987071.6750000003,27940.349234657126,23877.695000000298,27940.349234657126
hpmcounter3,221,1996091.7499999993,27940.453994814005,23877.93999999948,27940.453994814005
hpmcounter3,222,2005111.53,27940.603477397526,23878.300000000047,27940.603477397526
hpmcounter3,223,2014151.4949999999,27943.804126995128,23899.084999999963,27943.804126995128
hpmcounter3,224,2023211.565,27951.04672325441,23939.95499999984,27951.04672325441
hpmcounter3,225,2032291.545,27963.162511803872,24001.20499999984,27963.162511803872
hpmcounter3,226,2041391.6249999995,27981.739398774378,24082.174999999348,27981.739398774378
hpmcounter3,227,2050511.8,28009.236649456587,24182.92000000016,28009.236649456587
hpmcounter3,228,2059652.1600000008,28049.085008594597,24302.970000000903,28049.085008594597
hpmcounter3,229,2068812.4900000002,28105.535175662873,24443.110000000335,28105.535175662873
hpmcounter3,230,2077992.7449999999,28183.44206238225,24603.375,28183.44206238225
hpmcounter3,231,2087193.0099999993,28288.537102394996,24783.68999999948,28288.537102394996
hpmcounter3,232,2096412.9450000003,28426.976125402147,24983.50500000012,28426.976125402147
hpmcounter3,233,2105612.78,28582.38896051384,25163.249999999767,28582.38896051384
hpmcounter3,234,2114792.5650000004,28738.60349121986,25322.785000000382,28738.60349121986
hpmcounter3,235,2123952.4699999997,28889.059229642422,25461.989999999758,28889.059229642422
hpmcounter3,236,2133092.3899999997,29028.10200291216,25581.259999999776,29028.10200291216
hpmcounter3,237,2142212.295,29150.949778270227,25680.314999999944,29150.949778270227
hpmcounter3,238,2151312.06,29253.680339752522,25759.41000000015,29253.680339752522
hpmcounter3,239,2160391.775,29333.193391318633,25818.634999999776,29333.193391318633
hpmcounter3,240,2169451.3400000003,29387.318963661895,25857.930000000168,29387.318963661895
hpmcounter3,241,2178490.92,29414.60791398151,25877.229999999516,29414.60791398151
hpmcounter3,242,2187510.9199999995,29414.74041345863,25876.569999999367,29414.74041345863
hpmcounter3,243,2196550.99,29385.451632163295,25896.070000000298,29385.451632163295
hpmcounter3,244,2205611.255,29327.5172210866,25935.904999999795,29327.5172210866
hpmcounter3,245,2214711.51,29224.074732998695,25767.71999999974,29224.074732998695
hpmcounter3,246,2223851.6799999997,29077.791695700093,25886.749999999534,29077.791695700093
hpmcounter3,247,2233031.8299999996,28892.726399510095,26045.799999999814,28892.726399510095
hpmcounter3,248,2242231.9400000004,28699.070464635355,26224.790000000503,28699.070464635355
hpmcounter3,249,2251432.0900000003,28514.966942086998,26403.64000000013,28514.966942086998
hpmcounter3,250,2260632.2649999997,28340.73083952115,26576.804999999702,28340.73083952115
hpmcounter3,251,2269832.495,28176.492002086732,26556.274999999907,28176.492002086732
hpmcounter3,252,2279032.88,28022.431301775705,26535.87999999989,28022.431301775705
hpmcounter3,253,2288233.285,27900.924618979436,26686.40500000026,27900.924618979436
hpmcounter3,254,2297433.1100000003,27809.697893983495,26866.77000000002,27809.697893983495
hpmcounter3,255,2306612.93,27757.497345669388,27026.850000000093,27757.497345669388
hpmcounter3,256,2315772.5899999994,27743.011925545215,27166.569999999367,27743.011925545215
hpmcounter3,257,2324892.245,27760.325409674606,27266.28500000015,27760.325409674606
hpmcounter3,258,2333991.855,27791.11342913461,27346.154999999795,27791.11342913461
hpmcounter3,259,2343111.5,27808.739390853803,27445.900000000373,27808.739390853803
hpmcounter3,260,2352251.3549999995,27841.64549348175,27565.614999999758,27841.64549348175
hpmcounter3,261,2361430.8400000003,27876.88812493054,27724.700000000186,27876.88812493054
hpmcounter3,262,2370610.165,27923.05612807938,27883.89500000002,27923.05612807938
hpmcounter3,263,2379789.41,27982.084986683843,28043.19000000041,28043.19000000041
hpmcounter3,264,2388988.675,28035.16235423455,28222.89500000002,28222.89500000002
hpmcounter3,265,2398187.93,28064.170856432855,28402.880000000354,28402.880000000354
hpmcounter3,266,2407407.355,28051.812072728186,28603.14500000002,28603.14500000002
hpmcounter3,267,2416686.95,28006.57936377583,28863.600000000093,28863.600000000093
hpmcounter3,268,2426026.8349999995,27934.843148849326,29183.874999999534,29183.874999999534
hpmcounter3,269,2435386.6200000006,27859.63490682688,29523.96000000043,29523.96000000043
hpmcounter3,270,2444766.1550000003,27755.762553661527,29883.73499999987,29883.73499999987
hpmcounter3,271,2454166.1099999994,27632.775909337855,30264.249999999534,30264.249999999534
hpmcounter3,272,2463586.005,27519.564547914215,30664.74500000011,30664.74500000011
hpmcounter3,273,2473005.865,27400.158913739568,31065.205000000075,31065.205000000075
hpmcounter3,274,2482386.1149999998,27290.07344755451,31425.884999999776,31425.884999999776
hpmcounter3,275,2491766.395,27233.162332318192,31786.415000000037,31786.415000000037
hpmcounter3,276,2501126.835,27231.27435389559,32127.10499999998,32127.10499999998
hpmcounter3,277,2510447.18,27280.530789800647,32427.62000000011,32427.62000000011
hpmcounter3,278,2519747.3150000004,27377.090058992493,32708.305000000168,32708.305000000168
hpmcounter3,279,2529047.58,27517.470712021255,32989.40000000037,32989.40000000037
hpmcounter3,280,2538327.98,27672.209730143644,33250.549999999814,33250.549999999814
hpmcounter3,281,2547548.3249999997,27837.38442341006,33451.48499999987,33451.48499999987
hpmcounter3,282,2556748.6450000005,28009.658715342688,33632.55500000017,33632.55500000017
hpmcounter3,283,2565928.9699999997,28188.247058492823,33793.369999999646,33793.369999999646
hpmcounter3,284,2575109.355,28374.855268232353,33953.78499999968,33953.78499999968
hpmcounter3,285,2584289.7399999998,28541.55447703727,34114.34999999963,34114.34999999963
hpmcounter3,286,2593449.8300000005,28679.899547062218,34254.58000000054,34254.58000000054
hpmcounter3,287,2602589.795,28788.252154279784,34375.01500000013,34375.01500000013
hpmcounter3,288,2611689.6950000008,28854.663132608042,34455.05500000063,34455.05500000063
hpmcounter3,289,2620749.5300000003,28876.27103481154,34494.69000000041,34494.69000000041
hpmcounter3,290,2629789.2649999997,28887.596327148614,34513.794999999925,34513.794999999925
hpmcounter3,291,2638828.925,28899.093236582827,34532.86499999976,34532.86499999976
hpmcounter3,292,2647888.8199999994,28928.85752459861,34571.78999999957,34571.78999999957
hpmcounter3,293,2656968.415,28977.341058276186,34629.97500000009,34629.97500000009
hpmcounter3,294,2666088.0600000005,29021.102244535556,34366.970000000205,34366.970000000205
hpmcounter3,295,2675207.685,29075.584799228578,34103.544999999925,34103.544999999925
hpmcounter3,296,2684347.459999999,29156.139064903633,33860.0699999989,33860.0699999989
hpmcounter3,297,2693507.3400000003,29266.423155094584,33636.59000000032,33636.59000000032
hpmcounter3,298,2702687.41,29357.970759375,33433.560000000056,33433.560000000056
hpmcounter4,9,54.9,10.37405671044741,5.399999999999999,10.37405671044741
hpmcounter4,10,67.0,12.428744273277422,6.5,12.428744273277422
hpmcounter4,11,79.2,14.60389277591856,7.700000000000003,14.60389277591856
hpmcounter4,12,91.35,16.652090116954028,8.849999999999994,16.652090116954028
hpmcounter4,13,103.45,18.641987131486985,9.950000000000003,18.641987131486985
hpmcounter4,14,115.45,20.548978717099043,10.950000000000003,20.548978717099043
hpmcounter4,15,127.45,22.382970500383827,11.950000000000003,22.382970500383827
hpmcounter4,16,139.4,24.13318309539356,12.900000000000006,24.13318309539356
hpmcounter4,17,151.25,25.739330952741117,13.75,25.739330952741117
hpmcounter4,18,163.0,27.190362069558475,14.5,27.190362069558475
hpmcounter4,19,174.8,28.65787298824751,15.300000000000011,28.65787298824751
hpmcounter4,20,186.75,30.28439758096742,16.25,30.28439758096742
hpmcounter4,21,198.65,31.87686011084398,17.150000000000006,31.87686011084398
hpmcounter4,22,210.5,33.42548665157677,18.0,33.42548665157677
hpmcounter4,23,222.3,34.775369383940024,18.80000000000001,34.775369383940024
hpmcounter4,24,234.0,35.93048844644336,19.5,35.93048844644336
hpmcounter4,25,245.6,36.85662120048159,20.099999999999994,36.85662120048159
hpmcounter4,26,257.15,37.69025421986292,20.649999999999977,37.69025421986292
hpmcounter4,27,268.65,38.41501214232187,21.149999999999977,38.41501214232187
hpmcounter4,28,280.15,39.00374475948634,21.649999999999977,39.00374475948634
hpmcounter4,29,291.6,39.43936051579357,22.100000000000023,39.43936051579357
hpmcounter4,30,303.0,39.74193066059548,22.5,39.74193066059548
hpmcounter4,31,314.5,39.898555573380165,23.0,39.898555573380165
hpmcounter4,32,326.05,39.90182029880209,23.55000000000001,39.90182029880209
hpmcounter4,33,337.7,39.91385460555876,24.19999999999999,39.91385460555876
hpmcounter4,34,349.4,40.009077917261145,24.899999999999977,40.009077917261145
hpmcounter4,35,361.15,40.164497284358774,25.649999999999977,40.164497284358774
hpmcounter4,36,373.0,40.40778976489818,26.5,40.40778976489818
hpmcounter4,37,384.9,40.787510988433446,27.399999999999977,40.787510988433446
hpmcounter4,38,396.75,41.22706699040788,28.25,41.22706699040788
hpmcounter4,39,408.55,41.71264480756531,29.05000000000001,41.71264480756531
hpmcounter4,40,420.3,42.14586200578327,29.80000000000001,42.14586200578327
hpmcounter4,41,431.95,42.517457714758955,30.44999999999999,42.517457714758955
hpmcounter4,42,443.6,42.99192090565266,31.100000000000023,42.99192090565266
hpmcounter4,43,455.1,43.44433825385984,31.600000000000023,43.44433825385984
hpmcounter4,44,466.55,43.85199389333457,32.05000000000001,43.85199389333457
hpmcounter4,45,477.95,44.20344711492652,32.44999999999999,44.20344711492652
hpmcounter4,46,489.35,44.53534964970021,32.85000000000002,44.53534964970021
hpmcounter4,47,500.8,44.87186435313687,33.30000000000001,44.87186435313687
hpmcounter4,48,512.3,45.29737996373463,33.799999999999955,45.29737996373463
hpmcounter4,49,523.85,45.818032533743285,34.35000000000002,45.818032533743285
hpmcounter4,50,535.35,46.3411548364836,34.85000000000002,46.3411548364836
hpmcounter4,51,546.85,46.899977555824506,35.35000000000002,46.899977555824506
hpmcounter4,52,558.3,47.399311565065005,35.799999999999955,47.399311565065005
hpmcounter4,53,569.8,47.99243361417012,36.299999999999955,47.99243361417012
hpmcounter4,54,581.3,48.629209329373225,36.799999999999955,48.629209329373225
hpmcounter4,55,592.8,49.200021394946134,37.299999999999955,49.200021394946134
hpmcounter4,56,604.35,49.658067664887305,37.85000000000002,49.658067664887305
hpmcounter4,57,615.95,49.99523661520692,38.450000000000045,49.99523661520692
hpmcounter4,58,627.6,50.213124725880604,39.10000000000002,50.213124725880604
hpmcounter4,59,639.35,50.526986015291605,39.85000000000002,50.526986015291605
hpmcounter4,60,651.25,50.93429720315131,40.75,50.93429720315131
hpmcounter4,61,663.3,51.44501407993015,41.799999999999955,51.44501407993015
hpmcounter4,62,675.55,52.052074128248066,43.049999999999955,52.052074128248066
hpmcounter4,63,687.95,52.81893101610644,44.450000000000045,52.81893101610644
hpmcounter4,64,700.45,53.8032233430792,45.950000000000045,53.8032233430792
hpmcounter4,65,712.95,55.00667423618988,47.450000000000045,55.00667423618988
hpmcounter4,66,725.3,56.20694843728468,48.799999999999955,56.20694843728468
hpmcounter4,67,737.55,57.3176513640845,50.049999999999955,57.3176513640845
hpmcounter4,68,749.75,58.42032360853811,51.25,58.42032360853811
hpmcounter4,69,761.85,59.289011141233104,52.35000000000002,59.289011141233104
hpmcounter4,70,773.85,60.0186593792648,53.35000000000002,60.0186593792648
hpmcounter4,71,785.65,60.53557023071556,54.14999999999998,60.53557023071556
hpmcounter4,72,797.25,60.83443882677329,54.75,60.83443882677329
hpmcounter4,73,808.7,61.05872927806991,55.200000000000045,61.05872927806991
hpmcounter4,74,820.1,61.285698512012274,55.60000000000002,61.285698512012274
hpmcounter4,75,831.45,61.418731070543856,55.950000000000045,61.418731070543856
hpmcounter4,76,842.85,61.526438476308265,56.35000000000002,61.526438476308265
hpmcounter4,77,854.3,61.616470798676964,56.799999999999955,61.616470798676964
hpmcounter4,78,865.8,61.657884628343396,57.299999999999955,61.657884628343396
hpmcounter4,79,877.3,61.682207619718874,57.799999999999955,61.682207619718874
hpmcounter4,80,888.75,61.731911904366136,58.25,61.731911904366136
hpmcounter4,81,900.25,61.76856209398026,58.75,61.76856209398026
hpmcounter4,82,911.75,61.80348738244128,59.25,61.80348738244128
hpmcounter4,83,923.25,61.70718204382269,59.75,61.70718204382269
hpmcounter4,84,934.7,61.507038536038166,60.200000000000045,61.507038536038166
hpmcounter4,85,946.15,61.331090252652025,60.64999999999998,61.331090252652025
hpmcounter4,86,957.6,61.199329201690134,61.10000000000002,61.199329201690134
hpmcounter4,87,969.0,61.10775642041558,61.5,61.5
hpmcounter4,88,980.3,61.061315171934496,61.799999999999955,61.799999999999955
hpmcounter4,89,991.55,61.043966036568136,62.049999999999955,62.049999999999955
hpmcounter4,90,1002.8,61.03674475696025,62.299999999999955,62.299999999999955
hpmcounter4,91,1014.0,61.04226318491838,62.5,62.5
hpmcounter4,92,1025.15,61.055863117743506,62.65000000000009,62.65000000000009
hpmcounter4,93,1036.25,61.07534173806195,62.75,62.75
hpmcounter4,94,1047.35,61.09808766065821,62.84999999999991,62.84999999999991
hpmcounter4,95,1058.45,61.12409723797885,62.950000000000045,62.950000000000045
hpmcounter4,96,1069.5,61.138324615924056,63.0,63.0
hpmcounter4,97,1080.5,61.138324615924056,63.0,63.0
hpmcounter4,98,1091.5,61.138324615924056,63.0,63.0
hpmcounter4,99,1102.5,61.138324615924056,63.0,63.0
hpmcounter4,100,1113.5,61.138324615924056,63.0,63.0
hpmcounter4,101,1124.5,61.138324615924056,63.0,63.0
hpmcounter4,102,1135.5,61.138324615924056,63.0,63.0
hpmcounter4,103,1146.55,61.17057686244433,63.049999999999955,63.049999999999955
hpmcounter4,104,1157.65,61.237479923396755,63.15000000000009,63.15000000000009
hpmcounter4,105,1168.75,61.30757229782167,63.25,63.25
hpmcounter4,106,1179.85,61.380843059841084,63.34999999999991,63.34999999999991
hpmcounter4,107,1190.95,61.45728084141904,63.450000000000045,63.450000000000045
hpmcounter4,108,1202.05,61.53687384085467,63.549999999999955,63.549999999999955
hpmcounter4,109,1213.15,61.61960983152582,63.65000000000009,63.65000000000009
hpmcounter4,110,1224.25,61.70547617086902,63.75,63.75
hpmcounter4,111,1235.35,61.794459809580786,63.84999999999991,63.84999999999991
hpmcounter4,112,1246.45,61.886547301025814,63.950000000000045,63.950000000000045
hpmcounter4,113,1257.5,61.93375068316314,64.0,64.0
hpmcounter4,114,1268.5,61.93375068316314,64.0,64.0
hpmcounter4,115,1279.5,61.93375068316314,64.0,64.0
hpmcounter4,116,1290.55,61.87974330569695,64.04999999999995,64.04999999999995
hpmcounter4,117,1301.7,61.71974008199867,63.299999999999955,63.299999999999955
hpmcounter4,118,1312.9,61.54279640602696,62.600000000000136,62.600000000000136
hpmcounter4,119,1324.15,61.460535048281606,61.950000000000045,61.950000000000045
hpmcounter4,120,1335.4,61.38309384941684,61.30000000000018,61.38309384941684
hpmcounter4,121,1346.65,61.31049107444397,60.65000000000009,61.31049107444397
hpmcounter4,122,1357.9,61.24274393110197,60.0,61.24274393110197
hpmcounter4,123,1369.2,61.136688958775856,59.40000000000009,61.136688958775856
hpmcounter4,124,1380.55,61.16369322090559,58.84999999999991,61.16369322090559
hpmcounter4,125,1391.9,61.19975920145266,58.30000000000018,61.19975920145266
hpmcounter4,126,1403.2,61.28114675304649,57.700000000000045,61.28114675304649
hpmcounter4,127,1414.45,61.48895921434318,57.950000000000045,61.48895921434318
hpmcounter4,128,1425.65,61.71349336375226,58.15000000000009,61.71349336375226
hpmcounter4,129,1436.8,61.84369090912312,58.299999999999955,61.84369090912312
hpmcounter4,130,1447.95,61.97578049868394,58.450000000000045,61.97578049868394
hpmcounter4,131,1459.1,62.109750060933095,58.59999999999991,62.109750060933095
hpmcounter4,132,1470.3,62.21406170379981,58.799999999999955,62.21406170379981
hpmcounter4,133,1481.5,62.3377895020348,59.0,62.3377895020348
hpmcounter4,134,1492.65,62.335488751550955,59.15000000000009,62.335488751550955
hpmcounter4,135,1503.8,62.335340994030865,59.299999999999955,62.335340994030865
hpmcounter4,136,1515.0,62.347498156026994,59.5,62.347498156026994
hpmcounter4,137,1526.2,62.29142037738085,59.700000000000045,62.29142037738085
hpmcounter4,138,1537.45,62.23256466885451,59.950000000000045,62.23256466885451
hpmcounter4,139,1548.8,62.18571506298482,60.299999999999955,62.18571506298482
hpmcounter4,140,1560.25,62.27179390213095,60.75,62.27179390213095
hpmcounter4,141,1571.8,62.498084181163414,61.299999999999955,62.498084181163414
hpmcounter4,142,1583.4,62.89582029456581,61.90000000000009,62.89582029456581
hpmcounter4,143,1595.1,63.40712229627471,62.5,63.40712229627471
hpmcounter4,144,1606.95,64.04231742412694,63.15000000000009,64.04231742412694
hpmcounter4,145,1618.95,64.82565687653063,63.850000000000136,64.82565687653063
hpmcounter4,146,1631.0,65.74312051261974,64.59999999999991,65.74312051261974
hpmcounter4,147,1643.1,66.84105262329038,65.59999999999991,66.84105262329038
hpmcounter4,148,1655.3,68.0414734207245,66.79999999999995,68.0414734207245
hpmcounter4,149,1667.5,69.3647870623887,68.0,69.3647870623887
hpmcounter4,150,1679.65,70.53052717198344,69.15000000000009,70.53052717198344
hpmcounter4,151,1691.7,71.56564891945827,70.20000000000005,71.56564891945827
hpmcounter4,152,1703.7,72.42099143204268,71.20000000000005,72.42099143204268
hpmcounter4,153,1715.6,73.12563090146192,72.09999999999991,73.12563090146192
hpmcounter4,154,1727.4,73.67274722860908,72.90000000000009,73.67274722860908
hpmcounter4,155,1739.15,74.01299672497072,73.65000000000009,74.01299672497072
hpmcounter4,156,1750.9,74.19490690422299,74.40000000000009,74.40000000000009
hpmcounter4,157,1762.65,74.21113194974969,75.15000000000009,75.15000000000009
hpmcounter4,158,1774.4,74.12003067571155,75.90000000000009,75.90000000000009
hpmcounter4,159,1786.1,73.875713550744,76.59999999999991,76.59999999999991
hpmcounter4,160,1797.8,73.6507405186626,77.29999999999995,77.29999999999995
hpmcounter4,161,1809.6,73.37997719154441,77.19999999999982,77.19999999999982
hpmcounter4,162,1821.4,73.10403545632758,76.20000000000005,76.20000000000005
hpmcounter4,163,1833.2,72.82285644667223,74.29999999999995,74.29999999999995
hpmcounter4,164,1844.95,72.59220996338671,72.35000000000014,72.59220996338671
hpmcounter4,165,1856.7,72.36428313528857,70.40000000000009,72.36428313528857
hpmcounter4,166,1868.45,72.2877837826733,68.45000000000005,72.2877837826733
hpmcounter4,167,1880.15,72.18709244587617,66.45000000000005,72.18709244587617
hpmcounter4,168,1891.75,72.01379619284948,64.34999999999991,72.01379619284948
hpmcounter4,169,1903.3,71.85409192464817,62.200000000000045,71.85409192464817
hpmcounter4,170,1914.8,71.70487761431721,60.0,71.70487761431721
hpmcounter4,171,1926.25,71.56658658752332,58.65000000000009,71.56658658752332
hpmcounter4,172,1937.75,71.38323185086035,58.15000000000009,71.38323185086035
hpmcounter4,173,1949.35,71.14349842691918,58.549999999999955,71.14349842691918
hpmcounter4,174,1961.05,70.8493397807518,58.950000000000045,70.8493397807518
hpmcounter4,175,1972.7,70.6217500416647,59.299999999999955,70.6217500416647
hpmcounter4,176,1984.25,70.27006175425896,59.549999999999955,70.27006175425896
hpmcounter4,177,1995.75,69.96681544245025,59.75,69.96681544245025
hpmcounter4,178,2007.2,69.70471553934536,59.90000000000009,69.70471553934536
hpmcounter4,179,2018.65,69.45901858763838,60.05000000000018,69.45901858763838
hpmcounter4,180,2030.1,69.22989922980113,60.19999999999982,69.22989922980113
hpmcounter4,181,2041.5,69.03317280386598,60.299999999999955,69.03317280386598
hpmcounter4,182,2052.8,68.91191937233316,60.40000000000009,68.91191937233316
hpmcounter4,183,2063.95,68.8617799424478,60.44999999999982,68.8617799424478
hpmcounter4,184,2075.05,68.861015630647,60.55000000000018,68.861015630647
hpmcounter4,185,2086.15,68.86315568231183,60.65000000000009,68.86315568231183
hpmcounter4,186,2097.3,68.8718107485891,60.80000000000018,68.8718107485891
hpmcounter4,187,2108.5,68.89351050333902,61.0,68.89351050333902
hpmcounter4,188,2119.75,68.93694678167105,61.25,68.93694678167105
hpmcounter4,189,2131.05,69.01294691654068,61.55000000000018,69.01294691654068
hpmcounter4,190,2142.35,69.1149119411403,61.84999999999991,69.1149119411403
hpmcounter4,191,2153.7,69.24145396630851,62.19999999999982,69.24145396630851
hpmcounter4,192,2165.1,69.39391752505175,62.59999999999991,69.39391752505175
hpmcounter4,193,2176.55,69.57576332391376,63.05000000000018,69.57576332391376
hpmcounter4,194,2188.0,69.75709735631885,63.5,69.75709735631885
hpmcounter4,195,2199.4,69.92770703037756,63.90000000000009,69.92770703037756
hpmcounter4,196,2210.75,70.0795600502893,64.25,70.0795600502893
hpmcounter4,197,2222.05,70.20681853225548,64.55000000000018,70.20681853225548
hpmcounter4,198,2233.3,70.30579821862415,64.80000000000018,70.30579821862415
hpmcounter4,199,2244.55,70.34162876165226,65.05000000000018,70.34162876165226
hpmcounter4,200,2255.8,70.38921867206055,65.30000000000018,70.38921867206055
hpmcounter4,201,2267.0,70.42465178435296,65.5,70.42465178435296
hpmcounter4,202,2278.25,70.38905043437248,64.84999999999991,70.38905043437248
hpmcounter4,203,2289.5,70.32930062438976,64.19999999999982,70.32930062438976
hpmcounter4,204,2300.7,70.24813164775274,63.5,70.24813164775274
hpmcounter4,205,2311.9,70.17076914289356,62.80000000000018,70.17076914289356
hpmcounter4,206,2323.1,70.09722571280248,62.09999999999991,70.09722571280248
hpmcounter4,207,2334.35,70.03102695835685,61.44999999999982,70.03102695835685
hpmcounter4,208,2345.65,69.97839892273525,60.84999999999991,69.97839892273525
hpmcounter4,209,2356.9,69.96570588509773,60.20000000000027,69.96570588509773
hpmcounter4,210,2368.15,69.96485960071219,59.55000000000018,69.96485960071219
hpmcounter4,211,2379.4,69.97586049940062,58.90000000000009,69.97586049940062
hpmcounter4,212,2390.55,70.02441303611643,59.05000000000018,70.02441303611643
hpmcounter4,213,2401.65,70.0603311439505,59.15000000000009,70.0603311439505
hpmcounter4,214,2412.75,70.09908400933188,59.25,70.09908400933188
hpmcounter4,215,2423.85,70.14066693363229,59.34999999999991,70.14066693363229
hpmcounter4,216,2434.95,70.18507488663174,59.44999999999982,70.18507488663174
hpmcounter4,217,2446.0,70.20833658701642,59.5,70.20833658701642
hpmcounter4,218,2457.0,70.20833658701642,59.5,70.20833658701642
hpmcounter4,219,2468.0,70.20833658701642,59.5,70.20833658701642
hpmcounter4,220,2479.0,70.20833658701642,59.5,70.20833658701642
hpmcounter4,221,2490.0,70.20833658701642,59.5,70.20833658701642
hpmcounter4,222,2501.0,70.20833658701642,59.5,70.20833658701642
hpmcounter4,223,2512.05,70.21731305477005,59.55000000000018,70.21731305477005
hpmcounter4,224,2523.15,70.23589950265725,59.65000000000009,70.23589950265725
hpmcounter4,225,2534.3,70.2661107205278,59.80000000000018,70.2661107205278
hpmcounter4,226,2545.5,70.31208625609264,60.0,70.31208625609264
hpmcounter4,227,2556.75,70.38007717499246,60.25,70.38007717499246
hpmcounter4,228,2568.05,70.47842148301025,60.55000000000018,70.47842148301025
hpmcounter4,229,2579.4,70.61750193080586,60.90000000000009,70.61750193080586
hpmcounter4,230,2590.8,70.80967819666878,61.30000000000018,70.80967819666878
hpmcounter4,231,2602.25,71.06918423176405,61.75,71.06918423176405
hpmcounter4,232,2613.75,71.41198115604678,62.25,71.41198115604678
hpmcounter4,233,2625.2,71.79583626689752,62.69999999999982,71.79583626689752
hpmcounter4,234,2636.6,72.18244428639068,63.09999999999991,72.18244428639068
hpmcounter4,235,2647.95,72.55522397674609,63.44999999999982,72.55522397674609
hpmcounter4,236,2659.25,72.89998556060792,63.75,72.89998556060792
hpmcounter4,237,2670.5,73.20483159205445,64.0,73.20483159205445
hpmcounter4,238,2681.7,73.46005000929702,64.19999999999982,73.46005000929702
hpmcounter4,239,2692.85,73.65801131974001,64.34999999999991,73.65801131974001
hpmcounter4,240,2703.95,73.7930784088361,64.44999999999982,73.7930784088361
hpmcounter4,241,2715.0,73.8615347511103,64.5,73.8615347511103
hpmcounter4,242,2726.0,73.8615347511103,64.5,73.8615347511103
hpmcounter4,243,2737.05,73.78808561649616,64.55000000000018,73.78808561649616
hpmcounter4,244,2748.15,73.64300445570616,64.65000000000009,73.64300445570616
hpmcounter4,245,2759.35,73.38454949962667,64.84999999999991,73.38454949962667
hpmcounter4,246,2770.65,73.01930170203376,65.15000000000009,73.01930170203376
hpmcounter4,247,2782.05,72.5574001449161,65.55000000000018,72.5574001449161
hpmcounter4,248,2793.5,72.07452283647297,66.0,72.07452283647297
hpmcounter4,249,2804.95,71.61554888503797,66.44999999999982,71.61554888503797
hpmcounter4,250,2816.4,71.18094067789126,66.90000000000009,71.18094067789126
hpmcounter4,251,2827.85,70.77114710924145,66.84999999999991,70.77114710924145
hpmcounter4,252,2839.3,70.38660159583304,66.80000000000018,70.38660159583304
hpmcounter4,253,2850.75,70.08481703584143,67.25,70.08481703584143
hpmcounter4,254,2862.2,69.86008573532793,67.69999999999982,69.86008573532793
hpmcounter4,255,2873.6,69.73400590061759,68.09999999999991,69.73400590061759
hpmcounter4,256,2884.95,69.70348854820305,68.44999999999982,69.70348854820305
hpmcounter4,257,2896.2,69.7522684030306,68.69999999999982,69.7522684030306
hpmcounter4,258,2907.4,69.83431519638013,68.90000000000009,69.83431519638013
hpmcounter4,259,2918.65,69.88356858299909,69.15000000000009,69.88356858299909
hpmcounter4,260,2929.95,69.97253220484374,69.44999999999982,69.97253220484374
hpmcounter4,261,2941.35,70.0693453508361,69.84999999999991,70.0693453508361
hpmcounter4,262,2952.75,70.19362319215404,70.25,70.25
hpmcounter4,263,2964.15,70.34970916036092,70.65000000000009,70.65000000000009
hpmcounter4,264,2975.6,70.49068620821663,71.09999999999991,71.09999999999991
hpmcounter4,265,2987.05,70.57021512761524,71.55000000000018,71.55000000000018
hpmcounter4,266,2998.55,70.54485321970323,72.05000000000018,72.05000000000018
hpmcounter4,267,3010.2,70.43705663476024,72.69999999999982,72.69999999999982
hpmcounter4,268,3022.0,70.262290552502,73.5,73.5
hpmcounter4,269,3033.85,70.07835839822073,74.34999999999991,74.34999999999991
hpmcounter4,270,3045.75,69.82072908904858,75.25,75.25
hpmcounter4,271,3057.7,69.51228592656727,76.19999999999982,76.19999999999982
hpmcounter4,272,3069.7,69.22777051535256,77.19999999999982,77.19999999999982
hpmcounter4,273,3081.7,68.92604732610162,78.19999999999982,78.19999999999982
hpmcounter4,274,3093.6,68.64546598283094,79.09999999999991,79.09999999999991
hpmcounter4,275,3105.5,68.49663841156156,80.0,80.0
hpmcounter4,276,3117.35,68.48455453988377,80.84999999999991,80.84999999999991
hpmcounter4,277,3129.1,68.60059843225245,81.59999999999991,81.59999999999991
hpmcounter4,278,3140.8,68.83550185616048,82.30000000000018,82.30000000000018
hpmcounter4,279,3152.5,69.18016143983841,83.0,83.0
hpmcounter4,280,3164.15,69.56199431177616,83.65000000000009,83.65000000000009
hpmcounter4,281,3175.65,69.97087740060522,84.15000000000009,84.15000000000009
hpmcounter4,282,3187.1,70.39766742547205,84.59999999999991,84.59999999999991
hpmcounter4,283,3198.5,70.84081487837064,85.0,85.0
hpmcounter4,284,3209.9,71.3039454138335,85.40000000000009,85.40000000000009
hpmcounter4,285,3221.3,71.71845538008513,85.80000000000018,85.80000000000018
hpmcounter4,286,3232.65,72.0630389238989,86.15000000000009,86.15000000000009
hpmcounter4,287,3243.95,72.33291090506451,86.44999999999982,86.44999999999982
hpmcounter4,288,3255.15,72.49847548306393,86.65000000000009,86.65000000000009
hpmcounter4,289,3266.25,72.55261248878202,86.75,86.75
hpmcounter4,290,3277.3,72.58069918881219,86.80000000000018,86.80000000000018
hpmcounter4,291,3288.35,72.60946364301499,86.84999999999991,86.84999999999991
hpmcounter4,292,3299.45,72.68495464385286,86.94999999999982,86.94999999999982
hpmcounter4,293,3310.6,72.80897862503672,87.09999999999991,87.09999999999991
hpmcounter4,294,3321.85,72.92265188468352,86.44999999999982,86.44999999999982
hpmcounter4,295,3333.1,73.06406705581645,85.79999999999973,85.79999999999973
hpmcounter4,296,3344.4,73.271592829619,85.20000000000027,85.20000000000027
hpmcounter4,297,3355.75,73.55475940806922,84.65000000000009,84.65000000000009
hpmcounter4,298,3367.15,73.79150928193069,84.15000000000009,84.15000000000009
hpmcounter5,9,41422.91500000001,199.81224417200406,117.50500000000466,199.81224417200406
hpmcounter5,10,44699.71000000001,246.2814028066702,144.61000000000786,246.2814028066702
hpmcounter5,11,47977.63,298.161470030127,173.43999999999505,298.161470030127
hpmcounter5,12,51253.939999999995,353.0866292986381,209.7899999999936,353.0866292986381
hpmcounter5,13,54531.02999999999,411.18983719266123,245.2899999999936,411.18983719266123
hpmcounter5,14,57809.10000000001,468.94616681280337,278.9800000000105,468.94616681280337
hpmcounter5,15,61085.2,528.5828780308425,315.3399999999965,528.5828780308425
hpmcounter5,16,64359.715000000004,586.8791467764482,350.0350000000035,586.8791467764482
hpmcounter5,17,67633.83499999999,639.245642823181,380.5949999999866,639.245642823181
hpmcounter5,18,70908.54000000001,685.6542572033302,403.7100000000064,685.6542572033302
hpmcounter5,19,74189.31,731.7905969534416,427.6399999999994,731.7905969534416
hpmcounter5,20,77477.875,781.6019446421683,456.9649999999965,781.6019446421683
hpmcounter5,21,80766.75000000001,829.697527320715,483.57000000002154,829.697527320715
hpmcounter5,22,84054.92,875.1453043863487,506.1999999999971,875.1453043863487
hpmcounter5,23,87341.34000000003,913.9962215745919,530.9900000000198,913.9962215745919
hpmcounter5,24,90622.12,949.3351261194381,554.5899999999965,949.3351261194381
hpmcounter5,25,93899.38499999998,977.8398008257509,574.0249999999796,977.8398008257509
hpmcounter5,26,97176.22500000002,1003.6785157740104,589.9450000000215,1003.6785157740104
hpmcounter5,27,100448.59,1027.7433203511068,601.7399999999907,1027.7433203511068
hpmcounter5,28,103718.59999999999,1048.9344718883976,616.2999999999884,1048.9344718883976
hpmcounter5,29,106985.795,1067.35124020806,631.0449999999983,1067.35124020806
hpmcounter5,30,110252.31000000001,1080.153713671298,650.5200000000186,1080.153713671298
hpmcounter5,31,113520.89999999998,1087.8524585526045,654.5999999999767,1087.8524585526045
hpmcounter5,32,116787.98999999996,1092.4921302378239,672.3599999999569,1092.4921302378239
hpmcounter5,33,120058.38,1095.9940244746838,688.1300000000047,1095.9940244746838
hpmcounter5,34,123332.96500000004,1100.1110366326907,704.3950000000332,1100.1110366326907
hpmcounter5,35,126610.18999999999,1106.3760462357313,727.2399999999907,1106.3760462357313
hpmcounter5,36,129889.2,1115.793325514703,754.8199999999924,1115.793325514703
hpmcounter5,37,133172.05,1128.0124236437925,783.359999999986,1128.0124236437925
hpmcounter5,38,136453.41999999998,1141.8802331888298,810.6199999999953,1141.8802331888298
hpmcounter5,39,139731.22000000003,1157.6886712665646,841.2400000000198,1157.6886712665646
hpmcounter5,40,143005.29000000004,1173.150790280961,872.5100000000384,1173.150790280961
hpmcounter5,41,146279.36000000004,1185.5732690182115,898.0800000000454,1185.5732690182115
hpmcounter5,42,149555.28,1200.7577842433732,925.6199999999953,1200.7577842433732
hpmcounter5,43,152828.325,1216.0489632087388,945.625,1216.0489632087388
hpmcounter5,44,156097.58000000002,1231.9822442329562,968.9400000000314,1231.9822442329562
hpmcounter5,45,159364.57,1245.0724642196133,990.929999999993,1245.0724642196133
hpmcounter5,46,162634.63,1256.4787292060987,1009.6000000000058,1256.4787292060987
hpmcounter5,47,165905.86500000002,1267.2463654774422,1027.9650000000256,1267.2463654774422
hpmcounter5,48,169181.24000000002,1278.6848631967216,1043.6700000000128,1278.6848631967216
hpmcounter5,49,172458.83000000002,1291.8369467341347,1057.7399999999907,1291.8369467341347
hpmcounter5,50,175736.45500000002,1303.6790186460362,1068.695000000007,1303.6790186460362
hpmcounter5,51,179012.82,1318.4574745552202,1083.0600000000268,1318.4574745552202
hpmcounter5,52,182287.07,1332.1368489444992,1095.4100000000035,1332.1368489444992
hpmcounter5,53,185562.005,1348.1414233462688,1110.875,1348.1414233462688
hpmcounter5,54,188840.28499999997,1362.4866717938141,1121.024999999965,1362.4866717938141
hpmcounter5,55,192120.56999999998,1374.7217716974371,1128.7099999999919,1374.7217716974371
hpmcounter5,56,195399.84500000003,1384.181830721669,1120.335000000021,1384.181830721669
hpmcounter5,57,198680.59,1390.4163367022197,1129.1000000000058,1390.4163367022197
hpmcounter5,58,201961.68,1393.6417351294883,1141.4100000000035,1393.6417351294883
hpmcounter5,59,205245.275,1398.8824328445357,1156.9949999999953,1398.8824328445357
hpmcounter5,60,208531.53999999998,1406.6418391257057,1176.0899999999965,1406.6418391257057
hpmcounter5,61,211821.56500000003,1417.4589797369258,1200.765000000043,1417.4589797369258
hpmcounter5,62,215117.965,1429.0417198709001,1230.984999999986,1429.0417198709001
hpmcounter5,63,218418.045,1445.721822436262,1265.655000000028,1445.721822436262
hpmcounter5,64,221720.0,1468.6855967514862,1303.4099999999744,1468.6855967514862
hpmcounter5,65,225021.09,1498.126661393807,1344.1199999999953,1498.126661393807
hpmcounter5,66,228318.66000000006,1528.0709942862434,1383.7000000000698,1528.0709942862434
hpmcounter5,67,231613.435,1556.3334909415476,1418.9049999999988,1556.3334909415476
hpmcounter5,68,234907.465,1583.618663320115,1449.8249999999825,1583.618663320115
hpmcounter5,69,238200.045,1603.9281630044873,1473.9950000000244,1603.9281630044873
hpmcounter5,70,241489.05999999997,1621.8200349250258,1496.469999999943,1621.8200349250258
hpmcounter5,71,244771.34,1634.4892974807024,1514.2200000000012,1634.4892974807024
hpmcounter5,72,248047.98499999996,1641.0698934007403,1525.0349999999453,1641.0698934007403
hpmcounter5,73,251320.84999999995,1646.497732669019,1534.469999999943,1646.497732669019
hpmcounter5,74,254592.44999999995,1653.7039439423652,1544.8199999999488,1653.7039439423652
hpmcounter5,75,257862.965,1658.6879993648126,1555.4349999999977,1658.6879993648126
hpmcounter5,76,261135.58500000002,1662.5413341201145,1566.1150000000198,1662.5413341201145
hpmcounter5,77,264408.76999999996,1667.444597390991,1581.2399999999325,1667.444597390991
hpmcounter5,78,267682.695,1672.3434167831329,1601.5349999999744,1672.3434167831329
hpmcounter5,79,270956.235,1678.2018554565673,1625.0149999999558,1678.2018554565673
hpmcounter5,80,274230.0850000001,1682.9192569914387,1643.9350000000559,1682.9192569914387
hpmcounter5,81,277506.2899999999,1686.852458808855,1665.9099999999162,1686.852458808855
hpmcounter5,82,280784.1,1688.78436970752,1686.7799999999697,1688.78436970752
hpmcounter5,83,284061.98,1685.2724732376669,1703.8899999999558,1703.8899999999558
hpmcounter5,84,287337.38499999995,1679.1792714158428,1721.2249999999185,1721.2249999999185
hpmcounter5,85,290612.64,1674.7445710662253,1737.7300000000396,1737.7300000000396
hpmcounter5,86,293887.99999999994,1672.3642640223354,1756.399999999965,1756.399999999965
hpmcounter5,87,297162.215,1671.507066998621,1773.7850000000326,1773.7850000000326
hpmcounter5,88,300433.11,1671.075956225119,1786.4500000000116,1786.4500000000116
hpmcounter5,89,303701.55999999994,1670.1189410527484,1797.0999999999185,1797.0999999999185
hpmcounter5,90,306970.05499999993,1670.7013407469526,1806.3149999999441,1806.3149999999441
hpmcounter5,91,310236.00000000006,1671.0118941905575,1816.3300000000163,1816.3300000000163
hpmcounter5,92,313499.8549999999,1673.7694023009665,1826.4149999999208,1826.4149999999208
hpmcounter5,93,316762.73,1677.2666464409147,1832.7099999999627,1832.7099999999627
hpmcounter5,94,320025.6150000001,1680.5904527168852,1834.005000000121,1834.005000000121
hpmcounter5,95,323289.46,1682.1864420105796,1832.2399999999907,1832.2399999999907
hpmcounter5,96,326550.5300000001,1682.1177423273957,1828.0100000000675,1828.0100000000675
hpmcounter5,97,329810.73000000004,1679.8891304581937,1822.2900000000373,1822.2900000000373
hpmcounter5,98,333071.01999999996,1680.1443743102354,1817.7399999999907,1817.7399999999907
hpmcounter5,99,336331.855,1680.2954735387227,1813.9349999999395,1813.9349999999395
hpmcounter5,100,339591.9550000001,1679.945637427156,1810.7850000000908,1810.7850000000908
hpmcounter5,101,342852.7,1679.9589850883096,1808.9000000000233,1808.9000000000233
hpmcounter5,102,346113.815,1679.467568598363,1805.9249999999884,1805.9249999999884
hpmcounter5,103,349376.8950000001,1680.7990172205225,1808.5850000000792,1808.5850000000792
hpmcounter5,104,352642.765,1683.6792569517124,1813.1450000000186,1813.1450000000186
hpmcounter5,105,355906.93,1688.1730654919986,1822.429999999993,1822.429999999993
hpmcounter5,106,359172.04000000004,1693.8145885607028,1833.320000000007,1833.320000000007
hpmcounter5,107,362436.56,1698.173465939522,1843.710000000021,1843.710000000021
hpmcounter5,108,365700.24500000005,1700.5305207725523,1850.2350000000442,1850.2350000000442
hpmcounter5,109,368964.24500000005,1703.005988021429,1856.865000000049,1856.865000000049
hpmcounter5,110,372228.005,1705.1846174087343,1865.3549999999814,1865.3549999999814
hpmcounter5,111,375491.76499999996,1707.280795600514,1869.7149999999674,1869.7149999999674
hpmcounter5,112,378753.4099999999,1709.7939275338397,1872.5599999999395,1872.5599999999395
hpmcounter5,113,382011.94,1710.3238103384158,1871.8699999999953,1871.8699999999953
hpmcounter5,114,385268.68,1709.208475658589,1871.0,1871.0
hpmcounter5,115,388526.44,1707.5882929780773,1871.820000000007,1871.820000000007
hpmcounter5,116,391784.34500000003,1703.7216230714093,1874.4950000000536,1874.4950000000536
hpmcounter5,117,395045.19999999995,1698.0829584222988,1884.3599999999278,1884.3599999999278
hpmcounter5,118,398307.66500000004,1693.3384420241675,1897.0750000000116,1897.0750000000116
hpmcounter5,119,401571.21499999997,1691.7931879564221,1912.1949999999488,1912.1949999999488
hpmcounter5,120,404835.21499999997,1690.8766481434523,1925.0349999999162,1925.0349999999162
hpmcounter5,121,408098.805,1690.8466497975483,1934.515000000014,1934.515000000014
hpmcounter5,122,411363.435,1690.5250571081642,1913.8150000000023,1913.8150000000023
hpmcounter5,123,414631.50000000006,1688.5404463463044,1890.6000000000931,1890.6000000000931
hpmcounter5,124,417899.22000000003,1691.2482184531805,1870.530000000028,1870.530000000028
hpmcounter5,125,421166.0000000001,1694.0548077258138,1853.6900000001187,1853.6900000001187
hpmcounter5,126,424432.18499999994,1697.558618560012,1839.6749999999302,1839.6749999999302
hpmcounter5,127,427697.53500000003,1704.6038166883272,1857.765000000014,1857.765000000014
hpmcounter5,128,430962.025,1711.1548620664598,1874.2849999999744,1874.2849999999744
hpmcounter5,129,434223.73,1715.8810108114028,1888.2099999999627,1888.2099999999627
hpmcounter5,130,437485.05,1721.7880047084418,1903.25,1903.25
hpmcounter5,131,440746.945,1727.1788702892602,1921.6450000000186,1921.6450000000186
hpmcounter5,132,444010.23999999993,1732.2308343806098,1943.9199999999255,1943.9199999999255
hpmcounter5,133,447272.19000000006,1738.2511398408171,1970.2000000000698,1970.2000000000698
hpmcounter5,134,450535.09,1740.1233050381302,1992.740000000049,1992.740000000049
hpmcounter5,135,453799.36499999993,1741.574904406322,2011.7549999999464,2011.7549999999464
hpmcounter5,136,457064.9499999999,1744.1102543915235,2030.3299999998999,2030.3299999998999
hpmcounter5,137,460328.93499999994,1745.6599437567652,2046.2849999999744,2046.2849999999744
hpmcounter5,138,463593.62,1747.0560993613788,2061.9400000000023,2061.9400000000023
hpmcounter5,139,466862.285,1749.0503327821284,2074.204999999958,2074.204999999958
hpmcounter5,140,470133.525,1753.470431331142,2082.2750000000233,2082.2750000000233
hpmcounter5,141,473407.90499999997,1761.458053484156,2094.884999999951,2094.884999999951
hpmcounter5,142,476684.1649999999,1774.233068495261,2109.234999999928,2109.234999999928
hpmcounter5,143,479963.39000000013,1789.102064959433,2126.050000000105,2126.050000000105
hpmcounter5,144,483245.0099999999,1806.9551976212676,2144.619999999879,2144.619999999879
hpmcounter5,145,486530.145,1829.200858435181,2091.6050000000396,2091.6050000000396
hpmcounter5,146,489817.245,1853.8201935391896,2036.664999999979,2036.664999999979
hpmcounter5,147,493107.3299999999,1881.9105857444026,1978.4199999999255,1978.4199999999255
hpmcounter5,148,496401.08499999996,1912.9366210303292,1922.5749999999534,1922.5749999999534
hpmcounter5,149,499694.125,1945.748832948655,1876.3950000000186,1945.748832948655
hpmcounter5,150,502986.84,1974.7027734772953,1832.2000000000698,1974.7027734772953
hpmcounter5,151,506276.75999999995,2000.9510897518048,1811.5899999999674,2000.9510897518048
hpmcounter5,152,509564.61999999994,2021.1485845012905,1823.4599999999045,2021.1485845012905
hpmcounter5,153,512849.09000000014,2037.009023802452,1832.980000000156,2037.009023802452
hpmcounter5,154,516129.77999999997,2049.241673759752,1841.759999999951,2049.241673759752
hpmcounter5,155,519409.68500000006,2056.947046954214,1850.295000000042,2056.947046954214
hpmcounter5,156,522689.555,2062.4744998678916,1865.2149999999674,2062.4744998678916
hpmcounter5,157,525968.6950000001,2063.567706023257,1881.3850000000675,2063.567706023257
hpmcounter5,158,529247.53,2063.126189752363,1899.6500000000233,2063.126189752363
hpmcounter5,159,532526.9999999999,2060.0635672358844,1917.509999999893,2060.0635672358844
hpmcounter5,160,535806.755,2057.61367492462,1937.765000000014,2057.61367492462
hpmcounter5,161,539089.05,2053.640692065012,1953.329999999958,2053.640692065012
hpmcounter5,162,542372.5450000002,2049.2368647543894,1967.1850000001723,2049.2368647543894
hpmcounter5,163,545657.4550000001,2046.106861816771,1982.8850000001257,2046.106861816771
hpmcounter5,164,548942.095,2043.5018762885393,1963.6049999999814,2043.5018762885393
hpmcounter5,165,552226.655,2039.066858684191,1914.6450000000186,2039.066858684191
hpmcounter5,166,555510.76,2037.3827541080477,1863.9199999999255,2037.3827541080477
hpmcounter5,167,558793.03,2034.587113707148,1816.6300000000047,2034.587113707148
hpmcounter5,168,562071.405,2028.328866845536,1764.5050000000047,2028.328866845536
hpmcounter5,169,565346.92,2021.9500760664866,1709.4599999999627,2021.9500760664866
hpmcounter5,170,568620.425,2016.5507160482618,1652.4450000000652,2016.5507160482618
hpmcounter5,171,571892.8949999999,2011.055369562795,1619.204999999958,2011.055369562795
hpmcounter5,172,575165.3099999999,2005.3070794899797,1635.9999999998836,2005.3070794899797
hpmcounter5,173,578438.825,1997.605236770685,1664.1549999999115,1997.605236770685
hpmcounter5,174,581714.6950000001,1989.1959212535141,1692.6650000000373,1989.1959212535141
hpmcounter5,175,584988.9350000002,1982.3907717371073,1715.5750000001863,1982.3907717371073
hpmcounter5,176,588260.1799999999,1972.1688927889059,1731.6999999999534,1972.1688927889059
hpmcounter5,177,591530.6950000001,1962.3662793128508,1742.2350000001024,1962.3662793128508
hpmcounter5,178,594801.01,1953.8673191768555,1747.3699999999953,1953.8673191768555
hpmcounter5,179,598071.3300000001,1945.341884470105,1749.0800000000745,1945.341884470105
hpmcounter5,180,601340.28,1937.314150977836,1751.2700000000186,1937.314150977836
hpmcounter5,181,604607.7799999999,1930.8070773915483,1749.2299999999814,1930.8070773915483
hpmcounter5,182,607873.5449999999,1926.235064213421,1746.2249999999767,1926.235064213421
hpmcounter5,183,611135.6000000001,1923.57042802673,1745.780000000028,1923.57042802673
hpmcounter5,184,614397.3049999999,1922.109504376845,1759.9449999999488,1922.109504376845
hpmcounter5,185,617659.43,1923.2400154289996,1771.359999999986,1923.2400154289996
hpmcounter5,186,620924.12,1925.1804122156711,1782.5,1925.1804122156711
hpmcounter5,187,624190.615,1928.474602885313,1793.8649999999907,1928.474602885313
hpmcounter5,188,627457.6900000001,1932.7698566674069,1807.8400000000838,1932.7698566674069
hpmcounter5,189,630725.225,1938.782717359429,1820.484999999986,1938.782717359429
hpmcounter5,190,633993.48,1945.2145874319078,1834.8000000000466,1945.2145874319078
hpmcounter5,191,637262.9,1951.9297593057,1854.109999999986,1951.9297593057
hpmcounter5,192,640533.9550000002,1960.5305719773748,1873.5050000002375,1960.5305719773748
hpmcounter5,193,643806.7350000001,1970.4403003216198,1892.2450000001118,1970.4403003216198
hpmcounter5,194,647079.45,1980.1368707344716,1909.1799999999348,1980.1368707344716
hpmcounter5,195,650350.7350000001,1988.6434438091821,1923.0750000000698,1988.6434438091821
hpmcounter5,196,653619.865,1996.206890784574,1933.5650000000605,1996.206890784574
hpmcounter5,197,656887.185,2003.9954817353794,1947.4650000000838,2003.9954817353794
hpmcounter5,198,660154.6900000002,2010.6815584195351,1958.4800000000978,2010.6815584195351
hpmcounter5,199,663424.31,2014.3520966723888,1969.2300000000978,2014.3520966723888
hpmcounter5,200,666694.615,2017.887045316932,1980.3649999999907,2017.887045316932
hpmcounter5,201,669963.105,2021.6465237067982,1991.6049999999814,2021.6465237067982
hpmcounter5,202,673232.7450000001,2022.52203149148,1996.1250000001164,2022.52203149148
hpmcounter5,203,676501.0800000001,2022.9703563663065,1998.390000000014,2022.9703563663065
hpmcounter5,204,679768.0400000002,2022.3284907827378,1989.740000000107,2022.3284907827378
hpmcounter5,205,683034.025,2021.5766548531778,1966.015000000014,2021.5766548531778
hpmcounter5,206,686299.7900000002,2020.9629900775358,1963.9600000000792,2020.9629900775358
hpmcounter5,207,689566.905,2020.1605273565428,1966.5849999999627,2020.1605273565428
hpmcounter5,208,692834.325,2021.5176219013883,1975.405000000028,2021.5176219013883
hpmcounter5,209,696099.04,2024.584342629638,1983.0100000001257,2024.584342629638
hpmcounter5,210,699363.33,2028.5506911144898,1988.1799999999348,2028.5506911144898
hpmcounter5,211,702627.5349999999,2033.1279381586144,1993.4549999998417,2033.1279381586144
hpmcounter5,212,705888.825,2037.7942223149028,1999.8149999999441,2037.7942223149028
hpmcounter5,213,709148.765,2040.2358138408765,2003.0449999999255,2040.2358138408765
hpmcounter5,214,712407.76,2042.8804631541375,2003.6300000000047,2042.8804631541375
hpmcounter5,215,715667.655,2045.4362199720897,2006.1049999999814,2045.4362199720897
hpmcounter5,216,718928.815,2046.8752601992578,2007.3049999999348,2046.8752601992578
hpmcounter5,217,722187.89,2047.1630932637268,2005.890000000014,2047.1630932637268
hpmcounter5,218,725446.1300000001,2045.4144514009936,2002.5000000001164,2045.4144514009936
hpmcounter5,219,728705.685,2044.502227998163,2004.7750000000233,2044.502227998163
hpmcounter5,220,731964.6599999999,2044.3177686867514,2013.7799999999115,2044.3177686867514
hpmcounter5,221,735224.08,2044.4932102962234,2022.0699999999488,2044.4932102962234
hpmcounter5,222,738483.0700000001,2045.421572838134,2017.4300000000512,2045.421572838134
hpmcounter5,223,741743.7249999999,2047.9054079396371,2014.934999999823,2047.9054079396371
hpmcounter5,224,745006.335,2051.2583853448155,2014.3249999999534,2051.2583853448155
hpmcounter5,225,748270.3949999999,2054.470281957708,2016.4149999999208,2054.470281957708
hpmcounter5,226,751535.0649999998,2058.6380823189193,2021.1949999998324,2058.6380823189193
hpmcounter5,227,754801.2999999998,2063.1210174470066,2021.4399999998277,2063.1210174470066
hpmcounter5,228,758068.685,2067.65875970996,2023.9550000000745,2067.65875970996
hpmcounter5,229,761336.3200000001,2071.936747307215,2031.2900000000373,2071.936747307215
hpmcounter5,230,764606.05,2076.865943143519,2042.4000000000233,2076.865943143519
hpmcounter5,231,767877.2650000001,2082.9958570024733,2055.07500000007,2082.9958570024733
hpmcounter5,232,771150.955,2090.499385937543,2071.2349999998696,2090.499385937543
hpmcounter5,233,774424.245,2099.671732356725,2087.935000000056,2099.671732356725
hpmcounter5,234,777695.4099999999,2109.695246612393,2103.8199999998324,2109.695246612393
hpmcounter5,235,780965.1250000001,2120.244147777381,2120.425000000163,2120.425000000163
hpmcounter5,236,784233.9199999999,2130.5931189521643,2136.339999999851,2136.339999999851
hpmcounter5,237,787501.7899999998,2140.6500505318886,2155.6399999998976,2155.6399999998976
hpmcounter5,238,790767.69,2149.0973326394255,2172.4599999998463,2172.4599999998463
hpmcounter5,239,794031.9150000002,2156.389525713128,2187.765000000247,2187.765000000247
hpmcounter5,240,797294.2550000001,2163.088041003318,2202.2350000001024,2202.2350000001024
hpmcounter5,241,800554.1799999999,2168.292748636463,2214.769999999902,2214.769999999902
hpmcounter5,242,803811.9199999999,2173.434134364566,2226.3499999998603,2226.3499999998603
hpmcounter5,243,807070.435,2176.2291008156417,2231.855000000098,2231.855000000098
hpmcounter5,244,810331.6199999999,2177.3975413927396,2236.1099999998696,2236.1099999998696
hpmcounter5,245,813595.9900000001,2174.8724492303095,2236.5800000000745,2236.5800000000745
hpmcounter5,246,816861.3750000001,2168.786502771823,2235.9950000001118,2235.9950000001118
hpmcounter5,247,820129.03,2159.9320730303757,2236.100000000093,2236.100000000093
hpmcounter5,248,823397.8400000001,2150.665878867832,2174.6200000001118,2174.6200000001118
hpmcounter5,249,826667.2499999999,2141.759132484084,2071.8199999998324,2141.759132484084
hpmcounter5,250,829936.825,2131.8932309779134,2088.204999999958,2131.8932309779134
hpmcounter5,251,833208.4500000001,2121.7497733065334,2100.8700000001118,2121.7497733065334
hpmcounter5,252,836480.27,2111.727567182845,2118.1600000000326,2118.1600000000326
hpmcounter5,253,839753.4099999998,2104.6517603932343,2136.929999999702,2136.929999999702
hpmcounter5,254,843026.1,2100.006300241166,2157.179999999935,2157.179999999935
hpmcounter5,255,846296.7350000001,2098.740504326329,2179.2450000001118,2179.2450000001118
hpmcounter5,256,849567.4500000002,2101.0496285378254,2201.520000000135,2201.520000000135
hpmcounter5,257,852835.2149999999,2105.2020881303647,2219.4849999998696,2219.4849999998696
hpmcounter5,258,856101.825,2110.4520637893315,2233.284999999916,2233.284999999916
hpmcounter5,259,859370.05,2115.5021463124585,2248.890000000014,2248.890000000014
hpmcounter5,260,862640.1300000001,2122.7658375708497,2266.060000000056,2266.060000000056
hpmcounter5,261,865912.6599999999,2130.8567991105674,2285.6399999998976,2285.6399999998976
hpmcounter5,262,869184.7550000001,2140.471072223667,2302.4250000000466,2302.4250000000466
hpmcounter5,263,872455.825,2149.530255874767,2314.4749999999767,2314.4749999999767
hpmcounter5,264,875728.1300000001,2156.0060543563086,2325.8200000001816,2325.8200000001816
hpmcounter5,265,879001.1199999999,2159.6583091337743,2336.039999999921,2336.039999999921
hpmcounter5,266,882275.85,2160.1786189548066,2345.3699999999953,2345.3699999999953
hpmcounter5,267,885554.8149999998,2158.9905934011745,2354.5049999998882,2354.5049999998882
hpmcounter5,268,888838.0199999999,2156.0315376074363,2369.4599999999627,2369.4599999999627
hpmcounter5,269,892122.525,2152.5180566208824,2388.045000000042,2388.045000000042
hpmcounter5,270,895408.07,2145.777676495715,2408.929999999935,2408.929999999935
hpmcounter5,271,898693.9700000001,2137.9029243137857,2433.350000000093,2433.350000000093
hpmcounter5,272,901981.415,2128.717044872693,2461.0350000000326,2461.0350000000326
hpmcounter5,273,905268.1050000001,2119.599650747141,2492.1550000001444,2492.1550000001444
hpmcounter5,274,908551.3150000001,2111.408294872857,2522.105000000098,2522.105000000098
hpmcounter5,275,911835.3950000001,2107.671990228725,2552.2050000000745,2552.2050000000745
hpmcounter5,276,915116.6850000002,2107.3303076529396,2578.615000000107,2578.615000000107
hpmcounter5,277,918395.22,2110.0382741851513,2603.509999999893,2603.509999999893
hpmcounter5,278,921672.0650000001,2115.9391995232095,2625.7350000001024,2625.7350000001024
hpmcounter5,279,924947.85,2124.0891049552297,2645.4599999999627,2645.4599999999627
hpmcounter5,280,928222.135,2133.362626237355,2666.195000000065,2666.195000000065
hpmcounter5,281,931492.5900000002,2142.7095590937047,2680.190000000177,2680.190000000177
hpmcounter5,282,934762.3049999999,2152.88009187082,2694.2149999999674,2694.2149999999674
hpmcounter5,283,938031.5050000001,2163.4183249942857,2704.2950000001583,2704.2950000001583
hpmcounter5,284,941301.4,2174.2278273591987,2713.430000000051,2713.430000000051
hpmcounter5,285,944569.39,2184.0263683823705,2723.7299999999814,2723.7299999999814
hpmcounter5,286,947836.765,2192.291394451077,2737.3950000000186,2737.3950000000186
hpmcounter5,287,951103.3299999998,2198.271296197133,2748.699999999837,2748.699999999837
hpmcounter5,288,954367.6900000001,2201.467687918071,2758.490000000107,2758.490000000107
hpmcounter5,289,957630.365,2201.7799587164277,2766.1450000000186,2766.1450000000186
hpmcounter5,290,960892.0849999997,2202.610016196111,2770.8049999998184,2770.8049999998184
hpmcounter5,291,964153.65,2204.007784039172,2777.70000000007,2777.70000000007
hpmcounter5,292,967416.0449999997,2206.775130908147,2787.0149999996647,2787.0149999996647
hpmcounter5,293,970680.3649999999,2210.667647013603,2797.214999999851,2797.214999999851
hpmcounter5,294,973948.2950000002,2215.558654386362,2813.3850000001257,2813.3850000001257
hpmcounter5,295,977217.1450000001,2220.7149511326784,2830.2650000001304,2830.2650000001304
hpmcounter5,296,980487.7300000001,2227.2481253071537,2845.70000000007,2845.70000000007
hpmcounter5,297,983759.8549999999,2236.8678107132855,2861.074999999837,2861.074999999837
hpmcounter5,298,987032.79,2245.30673672887,2851.850000000093,2851.850000000093
hpmcounter6,9,329516.1499999999,18.325349138628482,17.749999999941792,18.325349138628482
hpmcounter6,10,329522.7500000001,18.32534913862848,17.750000000116415,18.32534913862848
hpmcounter6,11,329529.35,18.325349138628482,17.75,18.325349138628482
hpmcounter6,12,329535.9499999999,18.325349138628482,17.749999999941792,18.325349138628482
hpmcounter6,13,329542.5500000001,18.32534913862848,17.750000000116415,18.32534913862848
hpmcounter6,14,329549.1499999999,18.325349138628482,17.749999999941792,18.325349138628482
hpmcounter6,15,329555.7500000001,18.32534913862848,17.750000000116415,18.32534913862848
hpmcounter6,16,329562.35,18.325349138628482,17.75,18.325349138628482
hpmcounter6,17,329568.9499999999,18.325349138628482,17.749999999941792,18.325349138628482
hpmcounter6,18,329575.5500000001,18.32534913862848,17.750000000116415,18.32534913862848
hpmcounter6,19,329582.1499999999,18.325349138628482,17.749999999941792,18.325349138628482
hpmcounter6,20,329588.7500000001,18.32534913862848,17.750000000116415,18.32534913862848
hpmcounter6,21,329595.35,18.325349138628482,17.75,18.325349138628482
hpmcounter6,22,329601.9499999999,18.325349138628482,17.749999999941792,18.325349138628482
hpmcounter6,23,329608.5500000001,18.32534913862848,17.750000000116415,18.32534913862848
hpmcounter6,24,329615.1499999999,18.325349138628482,17.749999999941792,18.325349138628482
hpmcounter6,25,329621.7500000001,18.32534913862848,17.750000000116415,18.32534913862848
hpmcounter6,26,329628.35,18.325349138628482,17.75,18.325349138628482
hpmcounter6,27,329634.9499999999,18.325349138628482,17.749999999941792,18.325349138628482
hpmcounter6,28,329641.5500000001,18.32534913862848,17.750000000116415,18.32534913862848
hpmcounter6,29,329648.1499999999,18.325349138628482,17.749999999941792,18.325349138628482
hpmcounter6,30,329654.7500000001,18.32534913862848,17.750000000116415,18.32534913862848
hpmcounter6,31,329661.35,18.325349138628482,17.75,18.325349138628482
hpmcounter6,32,329667.9499999999,18.325349138628482,17.749999999941792,18.325349138628482
hpmcounter6,33,329674.5500000001,18.32534913862848,17.750000000116415,18.32534913862848
hpmcounter6,34,329681.1499999999,18.325349138628482,17.749999999941792,18.325349138628482
hpmcounter6,35,329687.7500000001,18.32534913862848,17.750000000116415,18.32534913862848
hpmcounter6,36,329694.35,18.325349138628482,17.75,18.325349138628482
hpmcounter6,37,329700.9499999999,18.325349138628482,17.749999999941792,18.325349138628482
hpmcounter6,38,329707.5500000001,18.32534913862848,17.750000000116415,18.32534913862848
hpmcounter6,39,329714.1499999999,18.325349138628482,17.749999999941792,18.325349138628482
hpmcounter6,40,329720.7500000001,18.32534913862848,17.750000000116415,18.32534913862848
hpmcounter6,41,329727.35,18.325349138628482,17.75,18.325349138628482
hpmcounter6,42,329733.9499999999,18.325349138628482,17.749999999941792,18.325349138628482
hpmcounter6,43,329740.5500000001,18.32534913862848,17.750000000116415,18.32534913862848
hpmcounter6,44,329747.1499999999,18.325349138628482,17.749999999941792,18.325349138628482
hpmcounter6,45,329753.7500000001,18.32534913862848,17.750000000116415,18.32534913862848
hpmcounter6,46,329760.35,18.325349138628482,17.75,18.325349138628482
hpmcounter6,47,329766.9499999999,18.325349138628482,17.749999999941792,18.325349138628482
hpmcounter6,48,329773.5500000001,18.32534913862848,17.750000000116415,18.32534913862848
hpmcounter6,49,329780.1499999999,18.325349138628482,17.749999999941792,18.325349138628482
hpmcounter6,50,329786.7500000001,18.32534913862848,17.750000000116415,18.32534913862848
hpmcounter6,51,329793.35,18.325349138628482,17.75,18.325349138628482
hpmcounter6,52,329799.9499999999,18.325349138628482,17.749999999941792,18.325349138628482
hpmcounter6,53,329806.5500000001,18.32534913862848,17.750000000116415,18.32534913862848
hpmcounter6,54,329813.1499999999,18.325349138628482,17.749999999941792,18.325349138628482
hpmcounter6,55,329819.7500000001,18.32534913862848,17.750000000116415,18.32534913862848
hpmcounter6,56,329826.35,18.325349138628482,17.75,18.325349138628482
hpmcounter6,57,329832.9499999999,18.325349138628482,17.749999999941792,18.325349138628482
hpmcounter6,58,329839.5500000001,18.32534913862848,17.750000000116415,18.32534913862848
hpmcounter6,59,329846.1499999999,18.325349138628482,17.749999999941792,18.325349138628482
hpmcounter6,60,329852.7500000001,18.32534913862848,17.750000000116415,18.32534913862848
hpmcounter6,61,329859.35,18.325349138628482,17.75,18.325349138628482
hpmcounter6,62,329865.9499999999,18.325349138628482,17.749999999941792,18.325349138628482
hpmcounter6,63,329872.5500000001,18.32534913862848,17.750000000116415,18.32534913862848
hpmcounter6,64,329879.1499999999,18.325349138628482,17.749999999941792,18.325349138628482
hpmcounter6,65,329885.7500000001,18.32534913862848,17.750000000116415,18.32534913862848
hpmcounter6,66,329892.35,18.325349138628482,17.75,18.325349138628482
hpmcounter6,67,329898.9499999999,18.325349138628482,17.749999999941792,18.325349138628482
hpmcounter6,68,329905.5500000001,18.32534913862848,17.750000000116415,18.32534913862848
hpmcounter6,69,329912.1499999999,18.325349138628482,17.749999999941792,18.325349138628482
hpmcounter6,70,329918.7500000001,18.32534913862848,17.750000000116415,18.32534913862848
hpmcounter6,71,329925.35,18.325349138628482,17.75,18.325349138628482
hpmcounter6,72,329931.9499999999,18.325349138628482,17.749999999941792,18.325349138628482
hpmcounter6,73,329938.5500000001,18.32534913862848,17.750000000116415,18.32534913862848
hpmcounter6,74,329945.1499999999,18.325349138628482,17.749999999941792,18.325349138628482
hpmcounter6,75,329951.7500000001,18.32534913862848,17.750000000116415,18.32534913862848
hpmcounter6,76,329958.35,18.325349138628482,17.75,18.325349138628482
hpmcounter6,77,329964.9499999999,18.325349138628482,17.749999999941792,18.325349138628482
hpmcounter6,78,329971.5500000001,18.32534913862848,17.750000000116415,18.32534913862848
hpmcounter6,79,329978.1499999999,18.325349138628482,17.749999999941792,18.325349138628482
hpmcounter6,80,329984.7500000001,18.32534913862848,17.750000000116415,18.32534913862848
hpmcounter6,81,329991.35,18.325349138628482,17.75,18.325349138628482
hpmcounter6,82,329997.9499999999,18.325349138628482,17.749999999941792,18.325349138628482
hpmcounter6,83,330004.5500000001,18.32534913862848,17.750000000116415,18.32534913862848
hpmcounter6,84,330011.1499999999,18.325349138628482,17.749999999941792,18.325349138628482
hpmcounter6,85,330017.7500000001,18.32534913862848,17.750000000116415,18.32534913862848
hpmcounter6,86,330024.35,18.325349138628482,17.75,18.325349138628482
hpmcounter6,87,330030.9499999999,18.325349138628482,17.749999999941792,18.325349138628482
hpmcounter6,88,330037.5500000001,18.32534913862848,17.750000000116415,18.32534913862848
hpmcounter6,89,330044.1499999999,18.325349138628482,17.749999999941792,18.325349138628482
hpmcounter6,90,330050.7500000001,18.32534913862848,17.750000000116415,18.32534913862848
hpmcounter6,91,330057.35,18.325349138628482,17.75,18.325349138628482
hpmcounter6,92,330063.9499999999,18.325349138628482,17.749999999941792,18.325349138628482
hpmcounter6,93,330070.5500000001,18.32534913862848,17.750000000116415,18.32534913862848
hpmcounter6,94,330077.1499999999,18.325349138628482,17.749999999941792,18.325349138628482
hpmcounter6,95,330083.7500000001,18.32534913862848,17.750000000116415,18.32534913862848
hpmcounter6,96,330090.35,18.325349138628482,17.75,18.325349138628482
hpmcounter6,97,330096.9499999999,18.325349138628482,17.749999999941792,18.325349138628482
hpmcounter6,98,330103.5500000001,18.32534913862848,17.750000000116415,18.32534913862848
hpmcounter6,99,330110.1499999999,18.325349138628482,17.749999999941792,18.325349138628482
hpmcounter6,100,330116.7500000001,18.32534913862848,17.750000000116415,18.32534913862848
hpmcounter6,101,330123.35,18.325349138628482,17.75,18.325349138628482
hpmcounter6,102,330129.9499999999,18.325349138628482,17.749999999941792,18.325349138628482
hpmcounter6,103,330136.5500000001,18.32534913862848,17.750000000116415,18.32534913862848
hpmcounter6,104,330143.1499999999,18.325349138628482,17.749999999941792,18.325349138628482
hpmcounter6,105,330149.7500000001,18.32534913862848,17.750000000116415,18.32534913862848
hpmcounter6,106,330156.35,18.325349138628482,17.75,18.325349138628482
hpmcounter6,107,330162.9499999999,18.325349138628482,17.749999999941792,18.325349138628482
hpmcounter6,108,330169.5500000001,18.32534913862848,17.750000000116415,18.32534913862848
hpmcounter6,109,330176.1499999999,18.325349138628482,17.749999999941792,18.325349138628482
hpmcounter6,110,330182.7500000001,18.32534913862848,17.750000000116415,18.32534913862848
hpmcounter6,111,330189.35,18.325349138628482,17.75,18.325349138628482
hpmcounter6,112,330195.9499999999,18.325349138628482,17.749999999941792,18.325349138628482
hpmcounter6,113,330202.5500000001,18.32534913862848,17.750000000116415,18.32534913862848
hpmcounter6,114,330209.1499999999,18.325349138628482,17.749999999941792,18.325349138628482
hpmcounter6,115,330215.7500000001,18.32534913862848,17.750000000116415,18.32534913862848
hpmcounter6,116,330222.35,18.325349138628482,17.75,18.325349138628482
hpmcounter6,117,330228.9499999999,18.325349138628482,17.749999999941792,18.325349138628482
hpmcounter6,118,330235.5500000001,18.32534913862848,17.750000000116415,18.32534913862848
hpmcounter6,119,330242.1499999999,18.325349138628482,17.749999999941792,18.325349138628482
hpmcounter6,120,330248.7500000001,18.32534913862848,17.750000000116415,18.32534913862848
hpmcounter6,121,330255.35,18.325349138628482,17.75,18.325349138628482
hpmcounter6,122,330261.9499999999,18.325349138628482,17.749999999941792,18.325349138628482
hpmcounter6,123,330268.5500000001,18.32534913862848,17.750000000116415,18.32534913862848
hpmcounter6,124,330275.1499999999,18.325349138628482,17.749999999941792,18.325349138628482
hpmcounter6,125,330281.7500000001,18.32534913862848,17.750000000116415,18.32534913862848
hpmcounter6,126,330288.35,18.325349138628482,17.75,18.325349138628482
hpmcounter6,127,330294.9499999999,18.325349138628482,17.749999999941792,18.325349138628482
hpmcounter6,128,330301.5500000001,18.32534913862848,17.750000000116415,18.32534913862848
hpmcounter6,129,330308.1499999999,18.325349138628482,17.749999999941792,18.325349138628482
hpmcounter6,130,330314.7500000001,18.32534913862848,17.750000000116415,18.32534913862848
hpmcounter6,131,330321.35,18.325349138628482,17.75,18.325349138628482
hpmcounter6,132,330327.9499999999,18.325349138628482,17.749999999941792,18.325349138628482
hpmcounter6,133,330334.5500000001,18.32534913862848,17.750000000116415,18.32534913862848
hpmcounter6,134,330341.1499999999,18.325349138628482,17.749999999941792,18.325349138628482
hpmcounter6,135,330347.7500000001,18.32534913862848,17.750000000116415,18.32534913862848
hpmcounter6,136,330354.35,18.325349138628482,17.75,18.325349138628482
hpmcounter6,137,330360.9499999999,18.325349138628482,17.749999999941792,18.325349138628482
hpmcounter6,138,330367.5500000001,18.32534913862848,17.750000000116415,18.32534913862848
hpmcounter6,139,330374.1499999999,18.325349138628482,17.749999999941792,18.325349138628482
hpmcounter6,140,330380.7500000001,18.32534913862848,17.750000000116415,18.32534913862848
hpmcounter6,141,330387.35,18.325349138628482,17.75,18.325349138628482
hpmcounter6,142,330393.9499999999,18.325349138628482,17.749999999941792,18.325349138628482
hpmcounter6,143,330400.5500000001,18.32534913862848,17.750000000116415,18.32534913862848
hpmcounter6,144,330407.1499999999,18.325349138628482,17.749999999941792,18.325349138628482
hpmcounter6,145,330413.7500000001,18.32534913862848,17.750000000116415,18.32534913862848
hpmcounter6,146,330420.35,18.325349138628482,17.75,18.325349138628482
hpmcounter6,147,330426.9499999999,18.325349138628482,17.749999999941792,18.325349138628482
hpmcounter6,148,330433.5500000001,18.32534913862848,17.750000000116415,18.32534913862848
hpmcounter6,149,330440.1499999999,18.325349138628482,17.749999999941792,18.325349138628482
hpmcounter6,150,330446.7500000001,18.32534913862848,17.750000000116415,18.32534913862848
hpmcounter6,151,330453.35,18.325349138628482,17.75,18.325349138628482
hpmcounter6,152,330459.9499999999,18.325349138628482,17.749999999941792,18.325349138628482
hpmcounter6,153,330466.5500000001,18.32534913862848,17.750000000116415,18.32534913862848
hpmcounter6,154,330473.1499999999,18.325349138628482,17.749999999941792,18.325349138628482
hpmcounter6,155,330479.7500000001,18.32534913862848,17.750000000116415,18.32534913862848
hpmcounter6,156,330486.35,18.325349138628482,17.75,18.325349138628482
hpmcounter6,157,330492.9499999999,18.325349138628482,17.749999999941792,18.325349138628482
hpmcounter6,158,330499.5500000001,18.32534913862848,17.750000000116415,18.32534913862848
hpmcounter6,159,330506.1499999999,18.325349138628482,17.749999999941792,18.325349138628482
hpmcounter6,160,330512.7500000001,18.32534913862848,17.750000000116415,18.32534913862848
hpmcounter6,161,330519.35,18.325349138628482,17.75,18.325349138628482
hpmcounter6,162,330525.9499999999,18.325349138628482,17.749999999941792,18.325349138628482
hpmcounter6,163,330532.5500000001,18.32534913862848,17.750000000116415,18.32534913862848
hpmcounter6,164,330539.1499999999,18.325349138628482,17.749999999941792,18.325349138628482
hpmcounter6,165,330545.7500000001,18.32534913862848,17.750000000116415,18.32534913862848
hpmcounter6,166,330552.35,18.325349138628482,17.75,18.325349138628482
hpmcounter6,167,330558.9499999999,18.325349138628482,17.749999999941792,18.325349138628482
hpmcounter6,168,330565.5500000001,18.32534913862848,17.750000000116415,18.32534913862848
hpmcounter6,169,330572.1499999999,18.325349138628482,17.749999999941792,18.325349138628482
hpmcounter6,170,330578.7500000001,18.32534913862848,17.750000000116415,18.32534913862848
hpmcounter6,171,330585.35,18.325349138628482,17.75,18.325349138628482
hpmcounter6,172,330591.9499999999,18.325349138628482,17.749999999941792,18.325349138628482
hpmcounter6,173,330598.5500000001,18.32534913862848,17.750000000116415,18.32534913862848
hpmcounter6,174,330605.1499999999,18.325349138628482,17.749999999941792,18.325349138628482
hpmcounter6,175,330611.7500000001,18.32534913862848,17.750000000116415,18.32534913862848
hpmcounter6,176,330618.35,18.325349138628482,17.75,18.325349138628482
hpmcounter6,177,330624.9499999999,18.325349138628482,17.749999999941792,18.325349138628482
hpmcounter6,178,330631.5500000001,18.32534913862848,17.750000000116415,18.32534913862848
hpmcounter6,179,330638.1499999999,18.325349138628482,17.749999999941792,18.325349138628482
hpmcounter6,180,330644.7500000001,18.32534913862848,17.750000000116415,18.32534913862848
hpmcounter6,181,330651.35,18.325349138628482,17.75,18.325349138628482
hpmcounter6,182,330657.9499999999,18.325349138628482,17.749999999941792,18.325349138628482
hpmcounter6,183,330664.5500000001,18.32534913862848,17.750000000116415,18.32534913862848
hpmcounter6,184,330671.1499999999,18.325349138628482,17.749999999941792,18.325349138628482
hpmcounter6,185,330677.7500000001,18.32534913862848,17.750000000116415,18.32534913862848
hpmcounter6,186,330684.35,18.325349138628482,17.75,18.325349138628482
hpmcounter6,187,330690.9499999999,18.325349138628482,17.749999999941792,18.325349138628482
hpmcounter6,188,330697.5500000001,18.32534913862848,17.750000000116415,18.32534913862848
hpmcounter6,189,330704.1499999999,18.325349138628482,17.749999999941792,18.325349138628482
hpmcounter6,190,330710.7500000001,18.32534913862848,17.750000000116415,18.32534913862848
hpmcounter6,191,330717.35,18.325349138628482,17.75,18.325349138628482
hpmcounter6,192,330723.9499999999,18.325349138628482,17.749999999941792,18.325349138628482
hpmcounter6,193,330730.5500000001,18.32534913862848,17.750000000116415,18.32534913862848
hpmcounter6,194,330737.1499999999,18.325349138628482,17.749999999941792,18.325349138628482
hpmcounter6,195,330743.7500000001,18.32534913862848,17.750000000116415,18.32534913862848
hpmcounter6,196,330750.35,18.325349138628482,17.75,18.325349138628482
hpmcounter6,197,330756.9499999999,18.325349138628482,17.749999999941792,18.325349138628482
hpmcounter6,198,330763.5500000001,18.32534913862848,17.750000000116415,18.32534913862848
hpmcounter6,199,330770.1499999999,18.325349138628482,17.749999999941792,18.325349138628482
hpmcounter6,200,330776.7500000001,18.32534913862848,17.750000000116415,18.32534913862848
hpmcounter6,201,330783.35,18.325349138628482,17.75,18.325349138628482
hpmcounter6,202,330789.9499999999,18.325349138628482,17.749999999941792,18.325349138628482
hpmcounter6,203,330796.5500000001,18.32534913862848,17.750000000116415,18.32534913862848
hpmcounter6,204,330803.1499999999,18.325349138628482,17.749999999941792,18.325349138628482
hpmcounter6,205,330809.7500000001,18.32534913862848,17.750000000116415,18.32534913862848
hpmcounter6,206,330816.35,18.325349138628482,17.75,18.325349138628482
hpmcounter6,207,330822.9499999999,18.325349138628482,17.749999999941792,18.325349138628482
hpmcounter6,208,330829.5500000001,18.32534913862848,17.750000000116415,18.32534913862848
hpmcounter6,209,330836.1499999999,18.325349138628482,17.749999999941792,18.325349138628482
hpmcounter6,210,330842.7500000001,18.32534913862848,17.750000000116415,18.32534913862848
hpmcounter6,211,330849.35,18.325349138628482,17.75,18.325349138628482
hpmcounter6,212,330855.9499999999,18.325349138628482,17.749999999941792,18.325349138628482
hpmcounter6,213,330862.5500000001,18.32534913862848,17.750000000116415,18.32534913862848
hpmcounter6,214,330869.1499999999,18.325349138628482,17.749999999941792,18.325349138628482
hpmcounter6,215,330875.7500000001,18.32534913862848,17.750000000116415,18.32534913862848
hpmcounter6,216,330882.35,18.325349138628482,17.75,18.325349138628482
hpmcounter6,217,330888.9499999999,18.325349138628482,17.749999999941792,18.325349138628482
hpmcounter6,218,330895.5500000001,18.32534913862848,17.750000000116415,18.32534913862848
hpmcounter6,219,330902.1499999999,18.325349138628482,17.749999999941792,18.325349138628482
hpmcounter6,220,330908.7500000001,18.32534913862848,17.750000000116415,18.32534913862848
hpmcounter6,221,330915.35,18.325349138628482,17.75,18.325349138628482
hpmcounter6,222,330921.9499999999,18.325349138628482,17.749999999941792,18.325349138628482
hpmcounter6,223,330928.5500000001,18.32534913862848,17.750000000116415,18.32534913862848
hpmcounter6,224,330935.1499999999,18.325349138628482,17.749999999941792,18.325349138628482
hpmcounter6,225,330941.7500000001,18.32534913862848,17.750000000116415,18.32534913862848
hpmcounter6,226,330948.35,18.325349138628482,17.75,18.325349138628482
hpmcounter6,227,330954.9499999999,18.325349138628482,17.749999999941792,18.325349138628482
hpmcounter6,228,330961.5500000001,18.32534913862848,17.750000000116415,18.32534913862848
hpmcounter6,229,330968.1499999999,18.325349138628482,17.749999999941792,18.325349138628482
hpmcounter6,230,330974.7500000001,18.32534913862848,17.750000000116415,18.32534913862848
hpmcounter6,231,330981.35,18.325349138628482,17.75,18.325349138628482
hpmcounter6,232,330987.9499999999,18.325349138628482,17.749999999941792,18.325349138628482
hpmcounter6,233,330994.5500000001,18.32534913862848,17.750000000116415,18.32534913862848
hpmcounter6,234,331001.1499999999,18.325349138628482,17.749999999941792,18.325349138628482
hpmcounter6,235,331007.7500000001,18.32534913862848,17.750000000116415,18.32534913862848
hpmcounter6,236,331014.35,18.325349138628482,17.75,18.325349138628482
hpmcounter6,237,331020.9499999999,18.325349138628482,17.749999999941792,18.325349138628482
hpmcounter6,238,331027.5500000001,18.32534913862848,17.750000000116415,18.32534913862848
hpmcounter6,239,331034.1499999999,18.325349138628482,17.749999999941792,18.325349138628482
hpmcounter6,240,331040.7500000001,18.32534913862848,17.750000000116415,18.32534913862848
hpmcounter6,241,331047.35,18.325349138628482,17.75,18.325349138628482
hpmcounter6,242,331053.9499999999,18.325349138628482,17.749999999941792,18.325349138628482
hpmcounter6,243,331060.5500000001,18.32534913862848,17.750000000116415,18.32534913862848
hpmcounter6,244,331067.1499999999,18.325349138628482,17.749999999941792,18.325349138628482
hpmcounter6,245,331073.7500000001,18.32534913862848,17.750000000116415,18.32534913862848
hpmcounter6,246,331080.35,18.325349138628482,17.75,18.325349138628482
hpmcounter6,247,331086.9499999999,18.325349138628482,17.749999999941792,18.325349138628482
hpmcounter6,248,331093.5500000001,18.32534913862848,17.750000000116415,18.32534913862848
hpmcounter6,249,331100.1499999999,18.325349138628482,17.749999999941792,18.325349138628482
hpmcounter6,250,331106.7500000001,18.32534913862848,17.750000000116415,18.32534913862848
hpmcounter6,251,331113.35,18.325349138628482,17.75,18.325349138628482
hpmcounter6,252,331119.9499999999,18.325349138628482,17.749999999941792,18.325349138628482
hpmcounter6,253,331126.5500000001,18.32534913862848,17.750000000116415,18.32534913862848
hpmcounter6,254,331133.1499999999,18.325349138628482,17.749999999941792,18.325349138628482
hpmcounter6,255,331139.7500000001,18.32534913862848,17.750000000116415,18.32534913862848
hpmcounter6,256,331146.35,18.325349138628482,17.75,18.325349138628482
hpmcounter6,257,331152.9499999999,18.325349138628482,17.749999999941792,18.325349138628482
hpmcounter6,258,331159.5500000001,18.32534913862848,17.750000000116415,18.32534913862848
hpmcounter6,259,331166.1499999999,18.325349138628482,17.749999999941792,18.325349138628482
hpmcounter6,260,331172.7500000001,18.32534913862848,17.750000000116415,18.32534913862848
hpmcounter6,261,331179.35,18.325349138628482,17.75,18.325349138628482
hpmcounter6,262,331185.9499999999,18.325349138628482,17.749999999941792,18.325349138628482
hpmcounter6,263,331192.5500000001,18.32534913862848,17.750000000116415,18.32534913862848
hpmcounter6,264,331199.1499999999,18.325349138628482,17.749999999941792,18.325349138628482
hpmcounter6,265,331205.7500000001,18.32534913862848,17.750000000116415,18.32534913862848
hpmcounter6,266,331212.35,18.325349138628482,17.75,18.325349138628482
hpmcounter6,267,331218.9499999999,18.325349138628482,17.749999999941792,18.325349138628482
hpmcounter6,268,331225.5500000001,18.32534913862848,17.750000000116415,18.32534913862848
hpmcounter6,269,331232.1499999999,18.325349138628482,17.749999999941792,18.325349138628482
hpmcounter6,270,331238.7500000001,18.32534913862848,17.750000000116415,18.32534913862848
hpmcounter6,271,331245.35,18.325349138628482,17.75,18.325349138628482
hpmcounter6,272,331251.9499999999,18.325349138628482,17.749999999941792,18.325349138628482
hpmcounter6,273,331258.5500000001,18.32534913862848,17.750000000116415,18.32534913862848
hpmcounter6,274,331265.1499999999,18.325349138628482,17.749999999941792,18.325349138628482
hpmcounter6,275,331271.7500000001,18.32534913862848,17.750000000116415,18.32534913862848
hpmcounter6,276,331278.35,18.325349138628482,17.75,18.325349138628482
hpmcounter6,277,331284.9499999999,18.325349138628482,17.749999999941792,18.325349138628482
hpmcounter6,278,331291.5500000001,18.32534913862848,17.750000000116415,18.32534913862848
hpmcounter6,279,331298.1499999999,18.325349138628482,17.749999999941792,18.325349138628482
hpmcounter6,280,331304.7500000001,18.32534913862848,17.750000000116415,18.32534913862848
hpmcounter6,281,331311.35,18.325349138628482,17.75,18.325349138628482
hpmcounter6,282,331317.9499999999,18.325349138628482,17.749999999941792,18.325349138628482
hpmcounter6,283,331324.5500000001,18.32534913862848,17.750000000116415,18.32534913862848
hpmcounter6,284,331331.1499999999,18.325349138628482,17.749999999941792,18.325349138628482
hpmcounter6,285,331337.7500000001,18.32534913862848,17.750000000116415,18.32534913862848
hpmcounter6,286,331344.35,18.325349138628482,17.75,18.325349138628482
hpmcounter6,287,331350.9499999999,18.325349138628482,17.749999999941792,18.325349138628482
hpmcounter6,288,331357.5500000001,18.32534913862848,17.750000000116415,18.32534913862848
hpmcounter6,289,331364.1499999999,18.325349138628482,17.749999999941792,18.325349138628482
hpmcounter6,290,331370.7500000001,18.32534913862848,17.750000000116415,18.32534913862848
hpmcounter6,291,331377.35,18.325349138628482,17.75,18.325349138628482
hpmcounter6,292,331383.9499999999,18.325349138628482,17.749999999941792,18.325349138628482
hpmcounter6,293,331390.5500000001,18.32534913862848,17.750000000116415,18.32534913862848
hpmcounter6,294,331397.1499999999,18.325349138628482,17.749999999941792,18.325349138628482
hpmcounter6,295,331403.7500000001,18.32534913862848,17.750000000116415,18.32534913862848
hpmcounter6,296,331410.35,18.325349138628482,17.75,18.325349138628482
hpmcounter6,297,331416.9499999999,18.325349138628482,17.749999999941792,18.325349138628482
hpmcounter6,298,331423.5500000001,18.32534913862848,17.750000000116415,18.32534913862848
hpmcounter7,9,0.0,0.0,0.0,1e-09
hpmcounter7,10,0.0,0.0,0.0,1e-09
hpmcounter7,11,0.0,0.0,0.0,1e-09
hpmcounter7,12,0.0,0.0,0.0,1e-09
hpmcounter7,13,0.0,0.0,0.0,1e-09
hpmcounter7,14,0.0,0.0,0.0,1e-09
hpmcounter7,15,0.0,0.0,0.0,1e-09
hpmcounter7,16,0.0,0.0,0.0,1e-09
hpmcounter7,17,0.0,0.0,0.0,1e-09
hpmcounter7,18,0.0,0.0,0.0,1e-09
hpmcounter7,19,0.0,0.0,0.0,1e-09
hpmcounter7,20,0.0,0.0,0.0,1e-09
hpmcounter7,21,0.0,0.0,0.0,1e-09
hpmcounter7,22,0.0,0.0,0.0,1e-09
hpmcounter7,23,0.0,0.0,0.0,1e-09
hpmcounter7,24,0.0,0.0,0.0,1e-09
hpmcounter7,25,0.0,0.0,0.0,1e-09
hpmcounter7,26,0.0,0.0,0.0,1e-09
hpmcounter7,27,0.0,0.0,0.0,1e-09
hpmcounter7,28,0.0,0.0,0.0,1e-09
hpmcounter7,29,0.0,0.0,0.0,1e-09
hpmcounter7,30,0.0,0.0,0.0,1e-09
hpmcounter7,31,0.0,0.0,0.0,1e-09
hpmcounter7,32,0.0,0.0,0.0,1e-09
hpmcounter7,33,0.0,0.0,0.0,1e-09
hpmcounter7,34,0.0,0.0,0.0,1e-09
hpmcounter7,35,0.0,0.0,0.0,1e-09
hpmcounter7,36,0.0,0.0,0.0,1e-09
hpmcounter7,37,0.0,0.0,0.0,1e-09
hpmcounter7,38,0.0,0.0,0.0,1e-09
hpmcounter7,39,0.0,0.0,0.0,1e-09
hpmcounter7,40,0.0,0.0,0.0,1e-09
hpmcounter7,41,0.0,0.0,0.0,1e-09
hpmcounter7,42,0.0,0.0,0.0,1e-09
hpmcounter7,43,0.0,0.0,0.0,1e-09
hpmcounter7,44,0.0,0.0,0.0,1e-09
hpmcounter7,45,0.0,0.0,0.0,1e-09
hpmcounter7,46,0.0,0.0,0.0,1e-09
hpmcounter7,47,0.0,0.0,0.0,1e-09
hpmcounter7,48,0.0,0.0,0.0,1e-09
hpmcounter7,49,0.0,0.0,0.0,1e-09
hpmcounter7,50,0.0,0.0,0.0,1e-09
hpmcounter7,51,0.0,0.0,0.0,1e-09
hpmcounter7,52,0.0,0.0,0.0,1e-09
hpmcounter7,53,0.0,0.0,0.0,1e-09
hpmcounter7,54,0.0,0.0,0.0,1e-09
hpmcounter7,55,0.0,0.0,0.0,1e-09
hpmcounter7,56,0.0,0.0,0.0,1e-09
hpmcounter7,57,0.0,0.0,0.0,1e-09
hpmcounter7,58,0.0,0.0,0.0,1e-09
hpmcounter7,59,0.0,0.0,0.0,1e-09
hpmcounter7,60,0.0,0.0,0.0,1e-09
hpmcounter7,61,0.0,0.0,0.0,1e-09
hpmcounter7,62,0.0,0.0,0.0,1e-09
hpmcounter7,63,0.0,0.0,0.0,1e-09
hpmcounter7,64,0.0,0.0,0.0,1e-09
hpmcounter7,65,0.0,0.0,0.0,1e-09
hpmcounter7,66,0.0,0.0,0.0,1e-09
hpmcounter7,67,0.0,0.0,0.0,1e-09
hpmcounter7,68,0.0,0.0,0.0,1e-09
hpmcounter7,69,0.0,0.0,0.0,1e-09
hpmcounter7,70,0.0,0.0,0.0,1e-09
hpmcounter7,71,0.0,0.0,0.0,1e-09
hpmcounter7,72,0.0,0.0,0.0,1e-09
hpmcounter7,73,0.0,0.0,0.0,1e-09
hpmcounter7,74,0.0,0.0,0.0,1e-09
hpmcounter7,75,0.0,0.0,0.0,1e-09
hpmcounter7,76,0.0,0.0,0.0,1e-09
hpmcounter7,77,0.0,0.0,0.0,1e-09
hpmcounter7,78,0.0,0.0,0.0,1e-09
hpmcounter7,79,0.0,0.0,0.0,1e-09
hpmcounter7,80,0.0,0.0,0.0,1e-09
hpmcounter7,81,0.0,0.0,0.0,1e-09
hpmcounter7,82,0.0,0.0,0.0,1e-09
hpmcounter7,83,0.0,0.0,0.0,1e-09
hpmcounter7,84,0.0,0.0,0.0,1e-09
hpmcounter7,85,0.0,0.0,0.0,1e-09
hpmcounter7,86,0.0,0.0,0.0,1e-09
hpmcounter7,87,0.0,0.0,0.0,1e-09
hpmcounter7,88,0.0,0.0,0.0,1e-09
hpmcounter7,89,0.0,0.0,0.0,1e-09
hpmcounter7,90,0.0,0.0,0.0,1e-09
hpmcounter7,91,0.0,0.0,0.0,1e-09
hpmcounter7,92,0.0,0.0,0.0,1e-09
hpmcounter7,93,0.0,0.0,0.0,1e-09
hpmcounter7,94,0.0,0.0,0.0,1e-09
hpmcounter7,95,0.0,0.0,0.0,1e-09
hpmcounter7,96,0.0,0.0,0.0,1e-09
hpmcounter7,97,0.0,0.0,0.0,1e-09
hpmcounter7,98,0.0,0.0,0.0,1e-09
hpmcounter7,99,0.0,0.0,0.0,1e-09
hpmcounter7,100,0.0,0.0,0.0,1e-09
hpmcounter7,101,0.0,0.0,0.0,1e-09
hpmcounter7,102,0.0,0.0,0.0,1e-09
hpmcounter7,103,0.0,0.0,0.0,1e-09
hpmcounter7,104,0.0,0.0,0.0,1e-09
hpmcounter7,105,0.0,0.0,0.0,1e-09
hpmcounter7,106,0.0,0.0,0.0,1e-09
hpmcounter7,107,0.0,0.0,0.0,1e-09
hpmcounter7,108,0.0,0.0,0.0,1e-09
hpmcounter7,109,0.0,0.0,0.0,1e-09
hpmcounter7,110,0.0,0.0,0.0,1e-09
hpmcounter7,111,0.0,0.0,0.0,1e-09
hpmcounter7,112,0.0,0.0,0.0,1e-09
hpmcounter7,113,0.0,0.0,0.0,1e-09
hpmcounter7,114,0.0,0.0,0.0,1e-09
hpmcounter7,115,0.0,0.0,0.0,1e-09
hpmcounter7,116,0.0,0.0,0.0,1e-09
hpmcounter7,117,0.0,0.0,0.0,1e-09
hpmcounter7,118,0.0,0.0,0.0,1e-09
hpmcounter7,119,0.0,0.0,0.0,1e-09
hpmcounter7,120,0.0,0.0,0.0,1e-09
hpmcounter7,121,0.0,0.0,0.0,1e-09
hpmcounter7,122,0.0,0.0,0.0,1e-09
hpmcounter7,123,0.0,0.0,0.0,1e-09
hpmcounter7,124,0.0,0.0,0.0,1e-09
hpmcounter7,125,0.0,0.0,0.0,1e-09
hpmcounter7,126,0.0,0.0,0.0,1e-09
hpmcounter7,127,0.0,0.0,0.0,1e-09
hpmcounter7,128,0.0,0.0,0.0,1e-09
hpmcounter7,129,0.0,0.0,0.0,1e-09
hpmcounter7,130,0.0,0.0,0.0,1e-09
hpmcounter7,131,0.0,0.0,0.0,1e-09
hpmcounter7,132,0.0,0.0,0.0,1e-09
hpmcounter7,133,0.0,0.0,0.0,1e-09
hpmcounter7,134,0.0,0.0,0.0,1e-09
hpmcounter7,135,0.0,0.0,0.0,1e-09
hpmcounter7,136,0.0,0.0,0.0,1e-09
hpmcounter7,137,0.0,0.0,0.0,1e-09
hpmcounter7,138,0.0,0.0,0.0,1e-09
hpmcounter7,139,0.0,0.0,0.0,1e-09
hpmcounter7,140,0.0,0.0,0.0,1e-09
hpmcounter7,141,0.0,0.0,0.0,1e-09
hpmcounter7,142,0.0,0.0,0.0,1e-09
hpmcounter7,143,0.0,0.0,0.0,1e-09
hpmcounter7,144,0.0,0.0,0.0,1e-09
hpmcounter7,145,0.0,0.0,0.0,1e-09
hpmcounter7,146,0.0,0.0,0.0,1e-09
hpmcounter7,147,0.0,0.0,0.0,1e-09
hpmcounter7,148,0.0,0.0,0.0,1e-09
hpmcounter7,149,0.0,0.0,0.0,1e-09
hpmcounter7,150,0.0,0.0,0.0,1e-09
hpmcounter7,151,0.0,0.0,0.0,1e-09
hpmcounter7,152,0.0,0.0,0.0,1e-09
hpmcounter7,153,0.0,0.0,0.0,1e-09
hpmcounter7,154,0.0,0.0,0.0,1e-09
hpmcounter7,155,0.0,0.0,0.0,1e-09
hpmcounter7,156,0.0,0.0,0.0,1e-09
hpmcounter7,157,0.0,0.0,0.0,1e-09
hpmcounter7,158,0.0,0.0,0.0,1e-09
hpmcounter7,159,0.0,0.0,0.0,1e-09
hpmcounter7,160,0.0,0.0,0.0,1e-09
hpmcounter7,161,0.0,0.0,0.0,1e-09
hpmcounter7,162,0.0,0.0,0.0,1e-09
hpmcounter7,163,0.0,0.0,0.0,1e-09
hpmcounter7,164,0.0,0.0,0.0,1e-09
hpmcounter7,165,0.0,0.0,0.0,1e-09
hpmcounter7,166,0.0,0.0,0.0,1e-09
hpmcounter7,167,0.0,0.0,0.0,1e-09
hpmcounter7,168,0.0,0.0,0.0,1e-09
hpmcounter7,169,0.0,0.0,0.0,1e-09
hpmcounter7,170,0.0,0.0,0.0,1e-09
hpmcounter7,171,0.0,0.0,0.0,1e-09
hpmcounter7,172,0.0,0.0,0.0,1e-09
hpmcounter7,173,0.0,0.0,0.0,1e-09
hpmcounter7,174,0.0,0.0,0.0,1e-09
hpmcounter7,175,0.0,0.0,0.0,1e-09
hpmcounter7,176,0.0,0.0,0.0,1e-09
hpmcounter7,177,0.0,0.0,0.0,1e-09
hpmcounter7,178,0.0,0.0,0.0,1e-09
hpmcounter7,179,0.0,0.0,0.0,1e-09
hpmcounter7,180,0.0,0.0,0.0,1e-09
hpmcounter7,181,0.0,0.0,0.0,1e-09
hpmcounter7,182,0.0,0.0,0.0,1e-09
hpmcounter7,183,0.0,0.0,0.0,1e-09
hpmcounter7,184,0.0,0.0,0.0,1e-09
hpmcounter7,185,0.0,0.0,0.0,1e-09
hpmcounter7,186,0.0,0.0,0.0,1e-09
hpmcounter7,187,0.0,0.0,0.0,1e-09
hpmcounter7,188,0.0,0.0,0.0,1e-09
hpmcounter7,189,0.0,0.0,0.0,1e-09
hpmcounter7,190,0.0,0.0,0.0,1e-09
hpmcounter7,191,0.0,0.0,0.0,1e-09
hpmcounter7,192,0.0,0.0,0.0,1e-09
hpmcounter7,193,0.0,0.0,0.0,1e-09
hpmcounter7,194,0.0,0.0,0.0,1e-09
hpmcounter7,195,0.0,0.0,0.0,1e-09
hpmcounter7,196,0.0,0.0,0.0,1e-09
hpmcounter7,197,0.0,0.0,0.0,1e-09
hpmcounter7,198,0.0,0.0,0.0,1e-09
hpmcounter7,199,0.0,0.0,0.0,1e-09
hpmcounter7,200,0.0,0.0,0.0,1e-09
hpmcounter7,201,0.0,0.0,0.0,1e-09
hpmcounter7,202,0.0,0.0,0.0,1e-09
hpmcounter7,203,0.0,0.0,0.0,1e-09
hpmcounter7,204,0.0,0.0,0.0,1e-09
hpmcounter7,205,0.0,0.0,0.0,1e-09
hpmcounter7,206,0.0,0.0,0.0,1e-09
hpmcounter7,207,0.0,0.0,0.0,1e-09
hpmcounter7,208,0.0,0.0,0.0,1e-09
hpmcounter7,209,0.0,0.0,0.0,1e-09
hpmcounter7,210,0.0,0.0,0.0,1e-09
hpmcounter7,211,0.0,0.0,0.0,1e-09
hpmcounter7,212,0.0,0.0,0.0,1e-09
hpmcounter7,213,0.0,0.0,0.0,1e-09
hpmcounter7,214,0.0,0.0,0.0,1e-09
hpmcounter7,215,0.0,0.0,0.0,1e-09
hpmcounter7,216,0.0,0.0,0.0,1e-09
hpmcounter7,217,0.0,0.0,0.0,1e-09
hpmcounter7,218,0.0,0.0,0.0,1e-09
hpmcounter7,219,0.0,0.0,0.0,1e-09
hpmcounter7,220,0.0,0.0,0.0,1e-09
hpmcounter7,221,0.0,0.0,0.0,1e-09
hpmcounter7,222,0.0,0.0,0.0,1e-09
hpmcounter7,223,0.0,0.0,0.0,1e-09
hpmcounter7,224,0.0,0.0,0.0,1e-09
hpmcounter7,225,0.0,0.0,0.0,1e-09
hpmcounter7,226,0.0,0.0,0.0,1e-09
hpmcounter7,227,0.0,0.0,0.0,1e-09
hpmcounter7,228,0.0,0.0,0.0,1e-09
hpmcounter7,229,0.0,0.0,0.0,1e-09
hpmcounter7,230,0.0,0.0,0.0,1e-09
hpmcounter7,231,0.0,0.0,0.0,1e-09
hpmcounter7,232,0.0,0.0,0.0,1e-09
hpmcounter7,233,0.0,0.0,0.0,1e-09
hpmcounter7,234,0.0,0.0,0.0,1e-09
hpmcounter7,235,0.0,0.0,0.0,1e-09
hpmcounter7,236,0.0,0.0,0.0,1e-09
hpmcounter7,237,0.0,0.0,0.0,1e-09
hpmcounter7,238,0.0,0.0,0.0,1e-09
hpmcounter7,239,0.0,0.0,0.0,1e-09
hpmcounter7,240,0.0,0.0,0.0,1e-09
hpmcounter7,241,0.0,0.0,0.0,1e-09
hpmcounter7,242,0.0,0.0,0.0,1e-09
hpmcounter7,243,0.0,0.0,0.0,1e-09
hpmcounter7,244,0.0,0.0,0.0,1e-09
hpmcounter7,245,0.0,0.0,0.0,1e-09
hpmcounter7,246,0.0,0.0,0.0,1e-09
hpmcounter7,247,0.0,0.0,0.0,1e-09
hpmcounter7,248,0.0,0.0,0.0,1e-09
hpmcounter7,249,0.0,0.0,0.0,1e-09
hpmcounter7,250,0.0,0.0,0.0,1e-09
hpmcounter7,251,0.0,0.0,0.0,1e-09
hpmcounter7,252,0.0,0.0,0.0,1e-09
hpmcounter7,253,0.0,0.0,0.0,1e-09
hpmcounter7,254,0.0,0.0,0.0,1e-09
hpmcounter7,255,0.0,0.0,0.0,1e-09
hpmcounter7,256,0.0,0.0,0.0,1e-09
hpmcounter7,257,0.0,0.0,0.0,1e-09
hpmcounter7,258,0.0,0.0,0.0,1e-09
hpmcounter7,259,0.0,0.0,0.0,1e-09
hpmcounter7,260,0.0,0.0,0.0,1e-09
hpmcounter7,261,0.0,0.0,0.0,1e-09
hpmcounter7,262,0.0,0.0,0.0,1e-09
hpmcounter7,263,0.0,0.0,0.0,1e-09
hpmcounter7,264,0.0,0.0,0.0,1e-09
hpmcounter7,265,0.0,0.0,0.0,1e-09
hpmcounter7,266,0.0,0.0,0.0,1e-09
hpmcounter7,267,0.0,0.0,0.0,1e-09
hpmcounter7,268,0.0,0.0,0.0,1e-09
hpmcounter7,269,0.0,0.0,0.0,1e-09
hpmcounter7,270,0.0,0.0,0.0,1e-09
hpmcounter7,271,0.0,0.0,0.0,1e-09
hpmcounter7,272,0.0,0.0,0.0,1e-09
hpmcounter7,273,0.0,0.0,0.0,1e-09
hpmcounter7,274,0.0,0.0,0.0,1e-09
hpmcounter7,275,0.0,0.0,0.0,1e-09
hpmcounter7,276,0.0,0.0,0.0,1e-09
hpmcounter7,277,0.0,0.0,0.0,1e-09
hpmcounter7,278,0.0,0.0,0.0,1e-09
hpmcounter7,279,0.0,0.0,0.0,1e-09
hpmcounter7,280,0.0,0.0,0.0,1e-09
hpmcounter7,281,0.0,0.0,0.0,1e-09
hpmcounter7,282,0.0,0.0,0.0,1e-09
hpmcounter7,283,0.0,0.0,0.0,1e-09
hpmcounter7,284,0.0,0.0,0.0,1e-09
hpmcounter7,285,0.0,0.0,0.0,1e-09
hpmcounter7,286,0.0,0.0,0.0,1e-09
hpmcounter7,287,0.0,0.0,0.0,1e-09
hpmcounter7,288,0.0,0.0,0.0,1e-09
hpmcounter7,289,0.0,0.0,0.0,1e-09
hpmcounter7,290,0.0,0.0,0.0,1e-09
hpmcounter7,291,0.0,0.0,0.0,1e-09
hpmcounter7,292,0.0,0.0,0.0,1e-09
hpmcounter7,293,0.0,0.0,0.0,1e-09
hpmcounter7,294,0.0,0.0,0.0,1e-09
hpmcounter7,295,0.0,0.0,0.0,1e-09
hpmcounter7,296,0.0,0.0,0.0,1e-09
hpmcounter7,297,0.0,0.0,0.0,1e-09
hpmcounter7,298,0.0,0.0,0.0,1e-09
hpmcounter8,9,366091.13,3209.4566903875884,1717.429999999993,3209.4566903875884
hpmcounter8,10,412965.60500000004,3938.1265244536394,2102.2750000000233,3938.1265244536394
hpmcounter8,11,459886.8200000002,4743.751947406851,2538.720000000205,4743.751947406851
hpmcounter8,12,506826.3300000001,5586.703330239153,2998.050000000105,5586.703330239153
hpmcounter8,13,553778.675,6489.3627674246145,3458.685000000056,6489.3627674246145
hpmcounter8,14,600727.8200000001,7428.38165938408,3901.280000000028,7428.38165938408
hpmcounter8,15,647694.6200000001,8405.504456109951,4375.4400000000605,8405.504456109951
hpmcounter8,16,694643.51,9379.253397393974,4840.969999999972,9379.253397393974
hpmcounter8,17,741558.5900000001,10300.756611091607,5263.980000000098,10300.756611091607
hpmcounter8,18,788430.3099999998,11163.061095647461,5642.34999999986,11163.061095647461
hpmcounter8,19,835340.3500000001,12036.793358151584,6048.3300000000745,12036.793358151584
hpmcounter8,20,882329.345,12998.710529711667,6533.254999999888,12998.710529711667
hpmcounter8,21,929294.2549999997,13933.068852514925,6994.624999999651,13933.068852514925
hpmcounter8,22,976226.6599999999,14839.892132584282,7427.6699999999255,14839.892132584282
hpmcounter8,23,1023135.885,15629.892718804622,7835.344999999972,15629.892718804622
hpmcounter8,24,1069984.6500000001,16313.046145840355,8200.700000000186,16313.046145840355
hpmcounter8,25,1116782.12,16865.144621771353,8506.64000000013,16865.144621771353
hpmcounter8,26,1163550.2449999999,17363.894329097944,8797.004999999888,17363.894329097944
hpmcounter8,27,1210291.5550000002,17797.412027372902,9055.76500000013,17797.412027372902
hpmcounter8,28,1257028.245,18151.65850544779,9313.905000000028,18151.65850544779
hpmcounter8,29,1303734.3499999999,18416.919815141977,9561.800000000047,18416.919815141977
hpmcounter8,30,1350420.7449999999,18586.224404323457,9781.344999999972,18586.224404323457
hpmcounter8,31,1397156.76,18665.600698932787,10050.25,18665.600698932787
hpmcounter8,32,1443914.7250000003,18659.716924373814,10343.095000000438,18659.716924373814
hpmcounter8,33,1490725.45,18649.890297278624,10608.529999999795,18649.890297278624
hpmcounter8,34,1537563.7449999996,18676.37065972526,10990.964999999618,18676.37065972526
hpmcounter8,35,1584428.5100000002,18731.02872263869,11404.720000000205,18731.02872263869
hpmcounter8,36,1631348.0099999998,18826.667359385396,11870.609999999637,18826.667359385396
hpmcounter8,37,1678294.42,18990.91939895154,12360.659999999916,18990.91939895154
hpmcounter8,38,1725217.22,19191.55999620666,12807.189999999944,19191.55999620666
hpmcounter8,39,1772112.3550000004,19421.73639295267,13231.155000000494,19421.73639295267
hpmcounter8,40,1818977.6749999996,19636.661580396656,13631.624999999534,19636.661580396656
hpmcounter8,41,1865795.2650000001,19824.462152132695,13976.834999999963,19824.462152132695
hpmcounter8,42,1912620.1600000001,20059.438397984268,14319.810000000056,20059.438397984268
hpmcounter8,43,1959366.8399999999,20285.836317292935,14585.98999999999,20285.836317292935
hpmcounter8,44,2006084.8949999996,20499.07696765305,14830.064999999478,20499.07696765305
hpmcounter8,45,2052775.5250000004,20684.671499951837,15040.855000000214,20684.671499951837
hpmcounter8,46,2099469.285,20855.50828855473,15251.085000000196,20855.50828855473
hpmcounter8,47,2146190.675,21025.656350675767,15484.974999999627,21025.656350675767
hpmcounter8,48,2192943.125,21229.257027827225,15743.904999999795,21229.257027827225
hpmcounter8,49,2239723.2049999996,21473.93087586791,16026.614999999758,21473.93087586791
hpmcounter8,50,2286477.5700000003,21717.161857148298,16280.180000000168,21717.161857148298
hpmcounter8,51,2333235.36,21981.527274590775,16532.790000000037,21981.527274590775
hpmcounter8,52,2379963.6399999997,22225.374045313732,16768.87999999989,22225.374045313732
hpmcounter8,53,2426715.065,22525.223682265165,17030.975000000093,22525.223682265165
hpmcounter8,54,2473472.3499999996,22844.254007598625,17280.87999999989,22844.254007598625
hpmcounter8,55,2520237.59,23123.237451918118,17522.96999999974,23123.237451918118
hpmcounter8,56,2567028.145,23342.85821414686,17787.955000000075,23342.85821414686
hpmcounter8,57,2613844.02,23502.53458608463,18081.10999999987,23502.53458608463
hpmcounter8,58,2660684.3400000003,23612.382032903657,18399.090000000317,23612.382032903657
hpmcounter8,59,2707577.2199999997,23774.706755059153,18773.03999999957,23774.706755059153
hpmcounter8,60,2754543.54,23989.50722467069,19233.320000000298,23989.50722467069
hpmcounter8,61,2801584.16,24254.4414187848,19771.720000000205,24254.4414187848
hpmcounter8,62,2848729.4850000003,24558.37634520901,20406.615000000224,24558.37634520901
hpmcounter8,63,2895954.4199999995,24941.550772421208,21043.519999999553,24941.550772421208
hpmcounter8,64,2943228.8299999996,25442.178010128187,21814.82999999961,25442.178010128187
hpmcounter8,65,2990497.92,26060.93957803717,22587.540000000037,26060.93957803717
hpmcounter8,66,3037687.5850000004,26684.2699937677,23288.845000000205,26684.2699937677
hpmcounter8,67,3084825.495,27263.304379242756,23936.915000000037,27263.304379242756
hpmcounter8,68,3131935.8150000004,27835.020674006948,24548.385000000242,27835.020674006948
hpmcounter8,69,3178994.7550000004,28285.72403945649,25100.005000000354,28285.72403945649
hpmcounter8,70,3226002.965,28666.050769990266,25600.764999999665,28666.050769990266
hpmcounter8,71,3272904.1450000005,28937.374936312244,25996.125000000466,28937.374936312244
hpmcounter8,72,3319700.8549999995,29098.509356421717,26286.614999999758,29098.509356421717
hpmcounter8,73,3366419.0100000002,29225.204582956878,26509.200000000186,29225.204582956878
hpmcounter8,74,3413111.564999999,29354.75774523345,26707.10499999905,29354.75774523345
hpmcounter8,75,3459775.7300000004,29437.904027221346,26885.8600000008,29437.904027221346
hpmcounter8,76,3506466.7350000003,29506.947380329795,27044.885000000242,29506.947380329795
hpmcounter8,77,3553182.1400000006,29570.42365624635,27290.05000000028,29570.42365624635
hpmcounter8,78,3599923.9249999993,29605.49008996875,27565.16499999957,29605.49008996875
hpmcounter8,79,3646663.6949999994,29634.329330559875,27853.444999999367,29634.329330559875
hpmcounter8,80,3693379.09,29668.84098074856,28103.659999999683,29668.84098074856
hpmcounter8,81,3740121.9549999996,29692.548008238577,28389.584999999497,29692.548008238577
hpmcounter8,82,3786867.2749999994,29705.322077469355,28667.034999999683,29705.322077469355
hpmcounter8,83,3833613.175,29643.51383434896,28937.114999999758,29643.51383434896
hpmcounter8,84,3880331.535,29530.748815113788,29180.814999999944,29530.748815113788
hpmcounter8,85,3927050.8199999994,29432.546273177497,29425.74999999907,29432.546273177497
hpmcounter8,86,3973770.5700000003,29356.358985783816,29671.520000000484,29671.520000000484
hpmcounter8,87,4020464.9299999997,29297.185606760002,29889.94999999972,29889.94999999972
hpmcounter8,88,4067105.745,29262.91659300082,30058.665000000037,30058.665000000037
hpmcounter8,89,4113721.2650000006,29239.790439188488,30198.615000000224,30198.615000000224
hpmcounter8,90,4160337.8199999994,29226.69285827955,30342.469999999274,30342.469999999274
hpmcounter8,91,4206925.415,29222.994036803128,30456.25499999989,30456.25499999989
hpmcounter8,92,4253485.1,29232.021661185223,30558.329999999143,30558.329999999143
hpmcounter8,93,4300018.209999999,29247.50054107015,30625.18999999948,30625.18999999948
hpmcounter8,94,4346550.479999999,29263.942030020815,30686.279999998398,30686.279999998398
hpmcounter8,95,4393083.8950000005,29282.20510269486,30743.195000000298,30743.195000000298
hpmcounter8,96,4439589.645000001,29293.887646320327,30773.1650000019,30773.1650000019
hpmcounter8,97,4486068.694999999,29296.740659715204,30776.06499999948,30776.06499999948
hpmcounter8,98,4532549.464999999,29303.2715542907,30781.27499999944,30781.27499999944
hpmcounter8,99,4579029.630000001,29312.61632283232,30782.030000001192,30782.030000001192
hpmcounter8,100,4625506.614999999,29321.663468882412,30780.884999998845,30780.884999998845
hpmcounter8,101,4671986.245,29330.327971258026,30782.734999999404,30782.734999999404
hpmcounter8,102,4718468.035,29335.77223725462,30777.855000000447,30777.855000000447
hpmcounter8,103,4764977.8,29365.69371482026,30812.33999999985,30812.33999999985
hpmcounter8,104,4811517.140000001,29418.80596754758,30871.81000000052,30871.81000000052
hpmcounter8,105,4858056.319999999,29473.150681302082,30935.45999999903,30935.45999999903
hpmcounter8,106,4904595.8599999985,29530.659590623138,31005.669999998994,31005.669999998994
hpmcounter8,107,4951134.62,29588.360071836236,31079.209999999963,31079.209999999963
hpmcounter8,108,4997669.805,29643.132927764695,31139.604999999516,31139.604999999516
hpmcounter8,109,5044204.1,29698.964262110232,31200.33999999985,31200.33999999985
hpmcounter8,110,5090740.36,29753.112990521462,31262.950000000186,31262.950000000186
hpmcounter8,111,5137276.135,29809.59606912676,31318.02499999944,31318.02499999944
hpmcounter8,112,5183807.154999999,29869.671858618603,31373.034999999218,31373.034999999218
hpmcounter8,113,5230309.585,29897.53698651933,31393.81500000041,31393.81500000041
hpmcounter8,114,5276783.869999999,29896.32643168018,31396.949999999255,31396.949999999255
hpmcounter8,115,5323259.225,29895.40545404881,31396.264999999665,31396.264999999665
hpmcounter8,116,5369758.965000001,29863.711750626328,31304.085000000894,31304.085000000894
hpmcounter8,117,5416310.959999999,29779.796896932086,30919.99999999907,30919.99999999907
hpmcounter8,118,5462889.75,29691.86917197687,30562.18999999948,30562.18999999948
hpmcounter8,119,5509494.5600000005,29649.02303908167,30225.72000000067,30225.72000000067
hpmcounter8,120,5556099.365,29609.826614865357,29888.375,29888.375
hpmcounter8,121,5602701.375,29574.016306261576,29545.25499999989,29574.016306261576
hpmcounter8,122,5649303.980000001,29541.56102502655,29195.210000001825,29541.56102502655
hpmcounter8,123,5695934.7250000015,29490.134874829884,28864.9150000019,29490.134874829884
hpmcounter8,124,5742588.325000001,29507.014832442386,28552.145000000484,29507.014832442386
hpmcounter8,125,5789240.025,29528.821765983666,28246.75500000082,29528.821765983666
hpmcounter8,126,5835866.995000001,29573.96680646633,28154.465000000782,29573.96680646633
hpmcounter8,127,5882468.919999999,29673.285074583127,28280.629999998957,29673.285074583127
hpmcounter8,128,5929045.08,29780.887072974605,28382.740000000224,29780.887072974605
hpmcounter8,129,5975592.745,29846.756836009215,28470.75500000082,29846.756836009215
hpmcounter8,130,6022140.114999999,29915.88421741475,28567.944999999367,29915.88421741475
hpmcounter8,131,6068691.5,29983.445558402418,28657.769999999553,29983.445558402418
hpmcounter8,132,6115271.999999999,30036.242452445775,28770.079999999143,30036.242452445775
hpmcounter8,133,6161852.975000001,30099.748338253303,28884.495000001043,30099.748338253303
hpmcounter8,134,6208411.899999999,30098.206609329656,28979.609999999404,30098.206609329656
hpmcounter8,135,6254972.22,30096.40868550327,29070.709999999963,30096.40868550327
hpmcounter8,136,6301558.580000001,30101.274527214675,29185.72000000067,30101.274527214675
hpmcounter8,137,6348141.385,30082.413072937055,29299.49499999918,30082.413072937055
hpmcounter8,138,6394750.8549999995,30062.04806528401,29431.364999999292,30062.04806528401
hpmcounter8,139,6441414.89,30047.328463414382,29610.71999999974,30047.328463414382
hpmcounter8,140,6488129.4350000005,30102.940671884906,29846.34500000067,30102.940671884906
hpmcounter8,141,6534893.885000002,30236.768810145426,30143.085000001825,30236.768810145426
hpmcounter8,142,6581683.154999999,30460.473770747536,30455.924999998882,30460.473770747536
hpmcounter8,143,6628522.7349999985,30741.993966941227,30757.734999998473,30757.734999998473
hpmcounter8,144,6675437.894999999,31090.291366877565,31070.794999998994,31090.291366877565
hpmcounter8,145,6722432.775,31519.22025564854,31414.50500000082,31519.22025564854
hpmcounter8,146,6769453.404999999,32019.478364426534,31776.574999999255,32019.478364426534
hpmcounter8,147,6816505.150000001,32612.099411164545,31881.50000000093,32612.099411164545
hpmcounter8,148,6863608.040000001,33257.84379193647,32228.460000000894,33257.84379193647
hpmcounter8,149,6910708.2,33965.1590146665,32866.080000000075,33965.1590146665
hpmcounter8,150,6957783.230000001,34589.50111015735,33476.900000001304,34589.50111015735
hpmcounter8,151,7004808.375,35141.59795848302,34033.895000000484,35141.59795848302
hpmcounter8,152,7051806.285000001,35595.70600156371,34556.76500000153,35595.70600156371
hpmcounter8,153,7098752.519999999,35971.27984765803,35029.95999999903,35971.27984765803
hpmcounter8,154,7145644.94,36263.27811273376,35458.419999999925,36263.27811273376
hpmcounter8,155,7192508.624999998,36449.2146735972,35869.89499999769,36449.2146735972
hpmcounter8,156,7239374.244999999,36557.56517563811,36287.58499999903,36557.56517563811
hpmcounter8,157,7286238.18,36582.23702758944,36701.87000000011,36701.87000000011
hpmcounter8,158,7333103.475,36554.265025112814,37111.484999999404,37111.484999999404
hpmcounter8,159,7379947.390000001,36451.29653252398,37496.72000000067,37496.72000000067
hpmcounter8,160,7426792.209999998,36358.262332933635,37881.97999999765,37881.97999999765
hpmcounter8,161,7473688.360000001,36243.69718359596,37850.580000001006,37850.580000001006
hpmcounter8,162,7520588.595000001,36130.16843510308,37354.56500000041,37354.56500000041
hpmcounter8,163,7567489.959999999,36014.445677641444,36388.85999999847,36388.85999999847
hpmcounter8,164,7614366.834999999,35925.21235596735,35398.33499999903,35925.21235596735
hpmcounter8,165,7661245.345000001,35832.18507214863,34397.03500000108,35832.18507214863
hpmcounter8,166,7708122.935,35812.837500748574,33391.824999999255,35812.837500748574
hpmcounter8,167,7754973.7299999995,35774.72258174991,32358.019999999553,35774.72258174991
hpmcounter8,168,7801770.794999997,35695.87549754582,31262.83499999717,35695.87549754582
hpmcounter8,169,7848541.055,35619.15455568186,30138.424999999814,35619.15455568186
hpmcounter8,170,7895285.025,35547.54399760929,28995.665000000037,35547.54399760929
hpmcounter8,171,7942002.585000001,35480.04638106329,28289.25500000082,35480.04638106329
hpmcounter8,172,7988741.93,35387.38430980142,28065.39999999944,35387.38430980142
hpmcounter8,173,8035529.764999999,35266.877094479656,28296.30499999877,35266.877094479656
hpmcounter8,174,8082369.140000001,35118.27176988603,28497.650000000373,35118.27176988603
hpmcounter8,175,8129181.745,35006.16312549727,28680.00500000082,35006.16312549727
hpmcounter8,176,8175940.640000002,34829.502652665025,28810.120000001974,34829.502652665025
hpmcounter8,177,8222672.955,34678.08478467535,28917.625,34678.08478467535
hpmcounter8,178,8269380.004999998,34545.76326291467,29010.664999998175,34545.76326291467
hpmcounter8,179,8316084.085000001,34421.67147001667,29103.395000000484,34421.67147001667
hpmcounter8,180,8362787.58,34307.31078199221,29190.64999999944,34307.31078199221
hpmcounter8,181,8409466.379999997,34209.08346796967,29256.569999996573,34209.08346796967
hpmcounter8,182,8456094.195000002,34149.06879608054,29322.745000002906,34149.06879608054
hpmcounter8,183,8502644.569999998,34122.97375331698,29367.509999997914,34122.97375331698
hpmcounter8,184,8549171.115,34124.480385236595,29421.09500000067,34124.480385236595
hpmcounter8,185,8595696.979999999,34131.777135492746,29476.979999998584,34131.777135492746
hpmcounter8,186,8642250.625,34146.79719076495,29554.914999999106,34146.79719076495
hpmcounter8,187,8688831.370000001,34170.26844358149,29661.10000000149,34170.26844358149
hpmcounter8,188,8735437.264999999,34205.46131999927,29782.794999999925,34205.46131999927
hpmcounter8,189,8782069.41,34262.21605962966,29935.009999999776,34262.21605962966
hpmcounter8,190,8828701.760000002,34333.37855175789,30085.01000000164,34333.37855175789
hpmcounter8,191,8875357.214999998,34420.12727418112,30254.264999998733,34420.12727418112
hpmcounter8,192,8922040.53,34524.56954934389,30455.039999999106,34524.56954934389
hpmcounter8,193,8968751.09,34648.2282193764,30678.009999999776,34648.2282193764
hpmcounter8,194,9015458.87,34769.071810357425,30893.629999998957,34769.071810357425
hpmcounter8,195,9062141.000000002,34880.681715166254,31090.740000002086,34880.681715166254
hpmcounter8,196,9108796.145000001,34978.31009574622,31262.825000001118,34978.31009574622
hpmcounter8,197,9155424.140000002,35065.123375609706,31406.45000000298,35065.123375609706
hpmcounter8,198,9202029.0,35136.351272390806,31536.18999999948,35136.351272390806
hpmcounter8,199,9248638.065,35169.9972779025,31664.034999998286,35169.9972779025
hpmcounter8,200,9295249.000000002,35207.24343334398,31792.270000001416,35207.24343334398
hpmcounter8,201,9341835.194999997,35235.66333035299,31897.494999997318,35235.66333035299
hpmcounter8,202,9388444.74,35223.69432933941,31983.900000000373,35223.69432933941
hpmcounter8,203,9435052.965,35194.953264282434,32067.195000000298,35194.953264282434
hpmcounter8,204,9481636.265,35154.88630581838,32116.634999999776,35154.88630581838
hpmcounter8,205,9528220.71,35116.6035113529,31747.200000001118,35116.6035113529
hpmcounter8,206,9574806.845,35081.04430952448,31390.804999999702,35081.04430952448
hpmcounter8,207,9621418.91,35047.32492599567,31053.52999999933,35047.32492599567
hpmcounter8,208,9668055.834999999,35023.35723290184,30736.634999999776,35023.35723290184
hpmcounter8,209,9714662.715,35021.80960493747,30536.50500000082,35021.80960493747
hpmcounter8,210,9761268.360000001,35027.90669637429,30683.030000001192,35027.90669637429
hpmcounter8,211,9807872.424999999,35041.32347180482,30834.58499999903,35041.32347180482
hpmcounter8,212,9854426.610000001,35072.26830493838,30925.830000001937,35072.26830493838
hpmcounter8,213,9900954.940000001,35093.692647096024,30991.170000001788,35093.692647096024
hpmcounter8,214,9947483.445,35115.4974776764,31056.96499999985,35115.4974776764
hpmcounter8,215,9994011.739999998,35138.89282552289,31105.76999999769,35138.89282552289
hpmcounter8,216,10040539.835,35160.0977810489,31149.015000000596,35160.0977810489
hpmcounter8,217,10087042.649999999,35168.7686138007,31162.599999997765,35168.7686138007
hpmcounter8,218,10133519.614999998,35162.88049023901,31141.294999998063,35162.88049023901
hpmcounter8,219,10179998.725000001,35157.433269462475,31112.295000001788,35157.433269462475
hpmcounter8,220,10226475.784999998,35153.84329516963,31081.474999997765,35153.84329516963
hpmcounter8,221,10272955.099999998,35154.233966083,31060.76999999769,35154.233966083
hpmcounter8,222,10319433.504999999,35157.45636319512,31042.344999998808,35157.45636319512
hpmcounter8,223,10365936.100000001,35158.60780006748,31049.930000001565,35158.60780006748
hpmcounter8,224,10412467.86,35167.16844656166,31084.36999999918,35167.16844656166
hpmcounter8,225,10459025.790000001,35181.98036028489,31153.200000001118,35181.98036028489
hpmcounter8,226,10505610.229999999,35207.69543264641,31253.79999999702,35207.69543264641
hpmcounter8,227,10552220.35,35247.632722235125,31368.429999999702,35247.632722235125
hpmcounter8,228,10598854.075,35304.22653276403,31512.694999998435,35304.22653276403
hpmcounter8,229,10645513.445,35382.45688148266,31694.764999998733,35382.45688148266
hpmcounter8,230,10692198.815,35490.806198970946,31903.06499999948,35490.806198970946
hpmcounter8,231,10738911.555000002,35633.65231809418,32133.26500000246,35633.65231809418
hpmcounter8,232,10785651.66,35820.07855415291,32393.759999999776,35820.07855415291
hpmcounter8,233,10832368.940000001,36038.89104822308,32638.29000000097,36038.89104822308
hpmcounter8,234,10879058.390000002,36258.087402890895,32854.400000002235,36258.087402890895
hpmcounter8,235,10925721.975000001,36470.06656619938,33048.87500000186,36470.06656619938
hpmcounter8,236,10972358.445,36669.55636725135,33222.175000000745,36669.55636725135
hpmcounter8,237,11018970.944999998,36846.53872391712,33380.314999997616,36846.53872391712
hpmcounter8,238,11065559.78,36996.20992253402,33514.25,36996.20992253402
hpmcounter8,239,11112121.065000001,37114.83670209875,33612.685000002384,37114.83670209875
hpmcounter8,240,11158657.425,37198.08931639377,33686.835000000894,37198.08931639377
hpmcounter8,241,11205164.849999998,37246.148823956646,33734.949999999255,37246.148823956646
hpmcounter8,242,11251645.010000002,37260.93198170379,33762.56000000052,37260.93198170379
hpmcounter8,243,11298148.924999997,37235.98564994668,33797.74499999732,37235.98564994668
hpmcounter8,244,11344678.690000001,37175.9703789381,33868.69000000134,37175.9703789381
hpmcounter8,245,11391261.105000002,37055.617212899386,33995.38500000164,37055.617212899386
hpmcounter8,246,11437893.905000001,36877.61884493196,34170.10500000231,36877.61884493196
hpmcounter8,247,11484575.19,36647.72901525656,34392.84999999963,36647.72901525656
hpmcounter8,248,11531281.915,36406.06711492023,34633.984999999404,36406.06711492023
hpmcounter8,249,11577991.43,36174.225757300126,34878.25999999978,36174.225757300126
hpmcounter8,250,11624701.98,35953.210065051084,35120.51999999955,35953.210065051084
hpmcounter8,251,11671415.35,35743.02035078062,35188.34999999963,35743.02035078062
hpmcounter8,252,11718130.805,35544.71397857054,33963.234999999404,35544.71397857054
hpmcounter8,253,11764850.19,35384.02495941258,34207.24000000022,35384.02495941258
hpmcounter8,254,11811570.91,35255.311344532114,34457.45000000112,35255.311344532114
hpmcounter8,255,11858265.355,35169.389639144494,34692.205000000075,35169.389639144494
hpmcounter8,256,11904936.56,35124.74245875826,34890.330000000075,35124.74245875826
hpmcounter8,257,11951556.52,35121.79540670029,35029.75,35121.79540670029
hpmcounter8,258,11998148.360000001,35135.862616381964,35137.67000000179,35137.67000000179
hpmcounter8,259,12044765.35,35136.160466998124,35298.26999999955,35298.26999999955
hpmcounter8,260,12091407.64,35152.102343348706,35486.09999999963,35486.09999999963
hpmcounter8,261,12138101.465,35167.484460840475,35730.50500000082,35730.50500000082
hpmcounter8,262,12184792.235,35198.50880615722,35977.5549999997,35977.5549999997
hpmcounter8,263,12231479.2,35245.63198719594,36215.45999999903,36215.45999999903
hpmcounter8,264,12278189.975000001,35285.43992767192,36474.775000002235,36474.775000002235
hpmcounter8,265,12324900.914999997,35300.832013234554,36724.7949999962,36724.7949999962
hpmcounter8,266,12371638.685000002,35272.06378478826,36999.32500000112,36999.32500000112
hpmcounter8,267,12418454.055000003,35205.29991074883,37346.29500000365,37346.29500000365
hpmcounter8,268,12465348.670000002,35108.03589748419,37759.10000000149,37759.10000000149
hpmcounter8,269,12512269.155,35007.47697390369,38205.60500000045,38205.60500000045
hpmcounter8,270,12559214.504999997,34875.04256192794,38674.67499999702,38674.67499999702
hpmcounter8,271,12606183.94,34726.080970214665,39175.52999999933,39175.52999999933
hpmcounter8,272,12653182.879999999,34588.250270996075,39696.80999999866,39696.80999999866
hpmcounter8,273,12700181.925000003,34448.952533076736,40223.865000002086,40223.865000002086
hpmcounter8,274,12747130.115000004,34327.84044002895,40699.655000003055,40699.655000003055
hpmcounter8,275,12794078.680000003,34278.439436129804,41188.43000000343,41188.43000000343
hpmcounter8,276,12840998.114999998,34301.2730398293,41645.89499999769,41645.89499999769
hpmcounter8,277,12887866.48,34387.25684153792,42046.65000000037,42046.65000000037
hpmcounter8,278,12934709.054999998,34533.79289293414,42423.44499999657,42423.44499999657
hpmcounter8,279,12981550.285,34735.17978399713,42800.96499999985,42800.96499999985
hpmcounter8,280,13028366.629999999,34955.06487497594,43147.55999999866,43147.55999999866
hpmcounter8,281,13075106.319999998,35184.84397200468,43415.32999999821,43415.32999999821
hpmcounter8,282,13121817.785,35423.36147687476,43651.544999999925,43651.544999999925
hpmcounter8,283,13168504.755,35671.188554460394,43856.705000000075,43856.705000000075
hpmcounter8,284,13215191.835,35929.194916643915,44062.15500000119,44062.15500000119
hpmcounter8,285,13261877.150000002,36160.53112289686,44269.84000000171,44269.84000000171
hpmcounter8,286,13308536.9,36351.946168360555,44446.430000001565,44446.430000001565
hpmcounter8,287,13355172.004999999,36502.10531173391,44615.63499999978,44615.63499999978
hpmcounter8,288,13401757.09,36594.25667138851,44728.25,44728.25
hpmcounter8,289,13448290.13,36627.54559886517,44778.13000000082,44778.13000000082
hpmcounter8,290,13494797.814999998,36648.956502115536,44807.36499999836,44807.36499999836
hpmcounter8,291,13541306.560000002,36670.543261507526,44835.11000000127,44835.11000000127
hpmcounter8,292,13587841.330000002,36711.186353596786,44885.88000000082,44885.88000000082
hpmcounter8,293,13634401.764999997,36772.467647273304,44968.73499999568,44968.73499999568
hpmcounter8,294,13681014.694999998,36826.6015598631,44730.604999998584,44730.604999998584
hpmcounter8,295,13727629.155000001,36890.080690834526,44867.69500000216,44867.69500000216
hpmcounter8,296,13774271.039999997,36984.998682629586,45035.51999999583,45035.51999999583
hpmcounter8,297,13820939.129999999,37118.88461662342,45240.08999999799,45240.08999999799
hpmcounter8,298,13867630.465,37229.85489744085,45479.71499999985,45479.71499999985
hpmcounter9,9,8697.660000000003,0.6793185439913793,0.5600000000031287,0.6793185439913793
hpmcounter9,10,8701.064999999999,0.6768930569346505,0.5649999999986903,0.6768930569346505
hpmcounter9,11,8704.07,0.6751997755050809,0.569999999999709,0.6751997755050809
hpmcounter9,12,8707.075,0.674244216258393,0.5750000000007276,0.674244216258393
hpmcounter9,13,8710.08,0.6740295167673928,0.5799999999999272,0.6740295167673928
hpmcounter9,14,8713.085000000001,0.6745563844405318,0.5850000000009459,0.6745563844405318
hpmcounter9,15,8716.09,0.6758230849159024,0.5900000000001455,0.6758230849159024
hpmcounter9,16,8719.095,0.6778254704723339,0.5949999999993452,0.6778254704723339
hpmcounter9,17,8722.1,0.6805570473787206,0.6000000000003638,0.6805570473787206
hpmcounter9,18,8725.1,0.6805570473787206,0.6000000000003638,0.6805570473787206
hpmcounter9,19,8728.1,0.6805570473787206,0.6000000000003638,0.6805570473787206
hpmcounter9,20,8731.105,0.6840090796565865,0.6049999999995634,0.6840090796565865
hpmcounter9,21,8734.115000000002,0.6915086481934836,0.6150000000016007,0.6915086481934836
hpmcounter9,22,8737.13,0.7049449399924437,0.6299999999991996,0.7049449399924437
hpmcounter9,23,8740.145,0.7214568594170901,0.6450000000004366,0.7214568594170901
hpmcounter9,24,8743.16,0.7408387849345075,0.6599999999998545,0.7408387849345075
hpmcounter9,25,8746.175,0.762871997264623,0.6749999999992724,0.762871997264623
hpmcounter9,26,8749.19,0.7873339423918142,0.6900000000005093,0.7873339423918142
hpmcounter9,27,8752.204999999998,0.814005689880414,0.7049999999981083,0.814005689880414
hpmcounter9,28,8755.22,0.8426774371951876,0.7199999999993452,0.8426774371951876
hpmcounter9,29,8758.235,0.8731521842395263,0.7350000000005821,0.8731521842395263
hpmcounter9,30,8761.244999999999,0.8976431127651201,0.7449999999989814,0.8976431127651201
hpmcounter9,31,8764.25,0.910465468000326,0.75,0.910465468000326
hpmcounter9,32,8767.25,0.910465468000326,0.75,0.910465468000326
hpmcounter9,33,8770.25,0.910465468000326,0.75,0.910465468000326
hpmcounter9,34,8773.25,0.910465468000326,0.75,0.910465468000326
hpmcounter9,35,8776.25,0.910465468000326,0.75,0.910465468000326
hpmcounter9,36,8779.25,0.910465468000326,0.75,0.910465468000326
hpmcounter9,37,8782.25,0.910465468000326,0.75,0.910465468000326
hpmcounter9,38,8785.25,0.910465468000326,0.75,0.910465468000326
hpmcounter9,39,8788.25,0.910465468000326,0.75,0.910465468000326
hpmcounter9,40,8791.25,0.910465468000326,0.75,0.910465468000326
hpmcounter9,41,8794.25,0.910465468000326,0.75,0.910465468000326
hpmcounter9,42,8797.25,0.910465468000326,0.75,0.910465468000326
hpmcounter9,43,8800.25,0.910465468000326,0.75,0.910465468000326
hpmcounter9,44,8803.25,0.910465468000326,0.75,0.910465468000326
hpmcounter9,45,8806.255000000001,0.9121836149418789,0.7550000000010186,0.9121836149418789
hpmcounter9,46,8809.26,0.914445474763708,0.7600000000002183,0.914445474763708
hpmcounter9,47,8812.265,0.9172470252135555,0.7649999999994179,0.9172470252135555
hpmcounter9,48,8815.275,0.9164433539791653,0.7749999999996362,0.9164433539791653
hpmcounter9,49,8818.29,0.9181789757878985,0.7900000000008731,0.9181789757878985
hpmcounter9,50,8821.315,0.9252453444186922,0.8150000000005093,0.9252453444186922
hpmcounter9,51,8824.345000000001,0.9422677013740783,0.8450000000011642,0.9422677013740783
hpmcounter9,52,8827.399999999998,0.9580682318300148,0.8999999999978172,0.9580682318300148
hpmcounter9,53,8830.465,0.9948684123514852,0.9650000000001455,0.9948684123514852
hpmcounter9,54,8833.53,1.0397874276682333,1.0300000000006548,1.0397874276682333
hpmcounter9,55,8836.59,1.0871982339941308,1.0900000000001455,1.0900000000001455
hpmcounter9,56,8839.650000000001,1.1413288653790064,1.1500000000014552,1.1500000000014552
hpmcounter9,57,8842.71,1.2012712564524848,1.2099999999991269,1.2099999999991269
hpmcounter9,58,8845.77,1.2561846997953638,1.2700000000004366,1.2700000000004366
hpmcounter9,59,8848.825,1.3078206057568373,1.3250000000007276,1.3250000000007276
hpmcounter9,60,8851.869999999999,1.353397284808213,1.3699999999989814,1.3699999999989814
hpmcounter9,61,8854.914999999999,1.3872634933565453,1.4149999999990541,1.4149999999990541
hpmcounter9,62,8857.939999999999,1.3929899686041052,1.4399999999986903,1.4399999999986903
hpmcounter9,63,8860.960000000001,1.3781757584040455,1.4600000000009459,1.4600000000009459
hpmcounter9,64,8863.98,1.3667479650615775,1.4799999999995634,1.4799999999995634
hpmcounter9,65,8867.005000000001,1.3609110725423885,1.5050000000010186,1.5050000000010186
hpmcounter9,66,8870.035,1.3616070226796322,1.5349999999998545,1.5349999999998545
hpmcounter9,67,8873.070000000002,1.3727038243822756,1.570000000001528,1.570000000001528
hpmcounter9,68,8876.1,1.390569743136439,1.6000000000003638,1.6000000000003638
hpmcounter9,69,8879.130000000001,1.412761387086262,1.6300000000010186,1.6300000000010186
hpmcounter9,70,8882.16,1.4390786526180983,1.6599999999998545,1.6599999999998545
hpmcounter9,71,8885.185000000001,1.4647705047476811,1.6850000000013097,1.6850000000013097
hpmcounter9,72,8888.215,1.4836920520320889,1.7150000000001455,1.7150000000001455
hpmcounter9,73,8891.24,1.50066651858443,1.7399999999997817,1.7399999999997817
hpmcounter9,74,8894.27,1.5176505387916115,1.7700000000004366,1.7700000000004366
hpmcounter9,75,8897.304999999998,1.5452729276903443,1.804999999998472,1.804999999998472
hpmcounter9,76,8900.34,1.5618477586027737,1.8400000000001455,1.8400000000001455
hpmcounter9,77,8903.375,1.5724185193516391,1.875,1.875
hpmcounter9,78,8906.41,1.5864226555697982,1.9099999999998545,1.9099999999998545
hpmcounter9,79,8909.46,1.6148651565020642,1.9599999999991269,1.9599999999991269
hpmcounter9,80,8912.515000000001,1.6515622588134906,2.015000000001237,2.015000000001237
hpmcounter9,81,8915.58,1.702196723122861,2.0799999999999272,2.0799999999999272
hpmcounter9,82,8918.650000000001,1.7584383023461145,2.150000000001455,2.150000000001455
hpmcounter9,83,8921.72,1.819947946045676,2.219999999999345,2.219999999999345
hpmcounter9,84,8924.795,1.8963885344739733,2.2950000000000728,2.2950000000000728
hpmcounter9,85,8927.859999999999,1.9572806054372867,2.359999999998763,2.359999999998763
hpmcounter9,86,8930.92,2.026820169625291,2.4200000000000728,2.4200000000000728
hpmcounter9,87,8933.975,2.0993420021771096,2.475000000000364,2.475000000000364
hpmcounter9,88,8937.03,2.175969233528708,2.530000000000655,2.530000000000655
hpmcounter9,89,8940.075,2.2402713651416506,2.5750000000007276,2.5750000000007276
hpmcounter9,90,8943.115,2.2965133755784013,2.6149999999997817,2.6149999999997817
hpmcounter9,91,8946.145,2.3387974867889523,2.6450000000004366,2.6450000000004366
hpmcounter9,92,8949.164999999999,2.361595134426469,2.664999999999054,2.664999999999054
hpmcounter9,93,8952.189999999999,2.3799380796899063,2.6899999999986903,2.6899999999986903
hpmcounter9,94,8955.210000000001,2.374624624074981,2.710000000000946,2.710000000000946
hpmcounter9,95,8958.234999999999,2.3644905983051854,2.6449999999986176,2.6449999999986176
hpmcounter9,96,8961.26,2.3555980355873185,2.5799999999999272,2.5799999999999272
hpmcounter9,97,8964.289999999999,2.3424908020939292,2.429999999998472,2.429999999998472
hpmcounter9,98,8967.32,2.3311618968818353,2.3699999999989814,2.3699999999989814
hpmcounter9,99,8970.355,2.315502673628152,2.3149999999986903,2.315502673628152
hpmcounter9,100,8973.395,2.3002231013075938,2.264999999999418,2.3002231013075938
hpmcounter9,101,8976.435000000001,2.2873277904691998,2.2150000000019645,2.2873277904691998
hpmcounter9,102,8979.47,2.278988695383165,2.1599999999998545,2.278988695383165
hpmcounter9,103,8982.5,2.274804792087715,2.100000000000364,2.274804792087715
hpmcounter9,104,8985.529999999999,2.277140404334545,2.1299999999991996,2.277140404334545
hpmcounter9,105,8988.56,2.2815968553901516,2.1599999999998545,2.2815968553901516
hpmcounter9,106,8991.59,2.287471598903352,2.1900000000005093,2.287471598903352
hpmcounter9,107,8994.615,2.2972008138051923,2.2150000000001455,2.2972008138051923
hpmcounter9,108,8997.65,2.312551564147754,2.25,2.312551564147754
hpmcounter9,109,9000.675,2.3165025815928386,2.274999999999636,2.3165025815928386
hpmcounter9,110,9003.695,2.3220850430956426,2.2950000000000728,2.3220850430956426
hpmcounter9,111,9006.720000000001,2.3397255799502785,2.320000000001528,2.3397255799502785
hpmcounter9,112,9009.75,2.3696546494994495,2.350000000000364,2.3696546494994495
hpmcounter9,113,9012.78,2.4010085600145867,2.3800000000010186,2.4010085600145867
hpmcounter9,114,9015.805,2.4321259922351057,2.405000000000655,2.4321259922351057
hpmcounter9,115,9018.825,2.4650984820724022,2.4250000000010914,2.4650984820724022
hpmcounter9,116,9021.845,2.49915248792361,2.444999999999709,2.49915248792361
hpmcounter9,117,9024.865,2.534244411425554,2.4650000000001455,2.534244411425554
hpmcounter9,118,9027.875,2.559168244813763,2.475000000000364,2.559168244813763
hpmcounter9,119,9030.885,2.584625596422951,2.485000000000582,2.584625596422951
hpmcounter9,120,9033.905,2.597260702720126,2.485000000000582,2.597260702720126
hpmcounter9,121,9036.935000000001,2.585643562360992,2.4950000000008004,2.585643562360992
hpmcounter9,122,9039.96,2.562153699321614,2.499999999998181,2.562153699321614
hpmcounter9,123,9042.985,2.540052838240312,2.5050000000010186,2.540052838240312
hpmcounter9,124,9046.009999999998,2.519377533815627,2.5099999999983993,2.519377533815627
hpmcounter9,125,9049.035,2.500163152570949,2.5349999999998545,2.5349999999998545
hpmcounter9,126,9052.060000000001,2.482443617847023,2.5600000000013097,2.5600000000013097
hpmcounter9,127,9055.085,2.466251150398555,2.584999999999127,2.584999999999127
hpmcounter9,128,9058.125000000002,2.443869881969955,2.625000000001819,2.625000000001819
hpmcounter9,129,9061.164999999997,2.4236282066791177,2.664999999997235,2.664999999997235
hpmcounter9,130,9064.204999999998,2.408204179138711,2.7049999999981083,2.7049999999981083
hpmcounter9,131,9067.23,2.401118160576985,2.7299999999995634,2.7299999999995634
hpmcounter9,132,9070.265,2.3972078055850505,2.764999999999418,2.764999999999418
hpmcounter9,133,9073.3,2.4008770327352793,2.7999999999992724,2.7999999999992724
hpmcounter9,134,9076.335000000001,2.4120912525288727,2.835000000000946,2.835000000000946
hpmcounter9,135,9079.369999999999,2.430746040990203,2.8699999999989814,2.8699999999989814
hpmcounter9,136,9082.405,2.4566719036341502,2.905000000000655,2.905000000000655
hpmcounter9,137,9085.439999999999,2.4896416990148333,2.9399999999986903,2.9399999999986903
hpmcounter9,138,9088.460000000001,2.515300547072956,2.960000000000946,2.960000000000946
hpmcounter9,139,9091.48,2.5438470659096195,2.9799999999995634,2.9799999999995634
hpmcounter9,140,9094.509999999998,2.5823082289831003,3.0099999999983993,3.0099999999983993
hpmcounter9,141,9097.554999999998,2.6284826521459017,3.054999999998472,3.054999999998472
hpmcounter9,142,9100.59,2.660609348488186,3.0900000000001455,3.0900000000001455
hpmcounter9,143,9103.625,2.69441430018703,3.125,3.125
hpmcounter9,144,9106.66,2.729835159858523,3.1599999999998545,3.1599999999998545
hpmcounter9,145,9109.695,2.7668098673573165,3.194999999999709,3.194999999999709
hpmcounter9,146,9112.73,2.8052769822904806,3.2299999999995634,3.2299999999995634
hpmcounter9,147,9115.765,2.845175972728052,3.264999999999418,3.264999999999418
hpmcounter9,148,9118.8,2.886447461390589,3.2999999999992724,3.2999999999992724
hpmcounter9,149,9121.835000000001,2.9290334313737314,3.335000000000946,3.335000000000946
hpmcounter9,150,9124.85,2.942877217246665,3.350000000000364,3.350000000000364
hpmcounter9,151,9127.85,2.942877217246665,3.350000000000364,3.350000000000364
hpmcounter9,152,9130.855,2.938756450215656,3.3549999999995634,3.3549999999995634
hpmcounter9,153,9133.86,2.934800271156247,3.360000000000582,3.360000000000582
hpmcounter9,154,9136.865,2.9310093465347125,3.3649999999997817,3.3649999999997817
hpmcounter9,155,9139.875,2.9321942565073886,3.375,3.375
hpmcounter9,156,9142.885,2.9337016315839124,3.3850000000002183,3.3850000000002183
hpmcounter9,157,9145.900000000001,2.947434209792069,3.400000000001455,3.400000000001455
hpmcounter9,158,9148.920000000002,2.9736739636524527,3.4200000000018917,3.4200000000018917
hpmcounter9,159,9151.945,3.0130374602454753,3.444999999999709,3.444999999999709
hpmcounter9,160,9154.98,3.0691332566978358,3.4799999999995634,3.4799999999995634
hpmcounter9,161,9158.02,3.1262218663899706,3.5200000000004366,3.5200000000004366
hpmcounter9,162,9161.055000000002,3.1875539211123884,3.55500000000211,3.55500000000211
hpmcounter9,163,9164.09,3.2504088811620804,3.5900000000001455,3.5900000000001455
hpmcounter9,164,9167.125,3.314700113450026,3.625,3.625
hpmcounter9,165,9170.155,3.375059453667379,3.655000000000655,3.655000000000655
hpmcounter9,166,9173.185000000001,3.4368398887717198,3.6850000000013097,3.6850000000013097
hpmcounter9,167,9176.210000000001,3.4848393453871727,3.710000000000946,3.710000000000946
hpmcounter9,168,9179.23,3.518387788686527,3.7299999999995634,3.7299999999995634
hpmcounter9,169,9182.244999999999,3.537092918738419,3.7449999999989814,3.7449999999989814
hpmcounter9,170,9185.25,3.5373942238230733,3.75,3.75
hpmcounter9,171,9188.25,3.5373942238230733,3.75,3.75
hpmcounter9,172,9191.25,3.5373942238230733,3.75,3.75
hpmcounter9,173,9194.25,3.5373942238230733,3.75,3.75
hpmcounter9,174,9197.25,3.5373942238230733,3.75,3.75
hpmcounter9,175,9200.25,3.5373942238230733,3.75,3.75
hpmcounter9,176,9203.25,3.5373942238230733,3.75,3.75
hpmcounter9,177,9206.25,3.5373942238230733,3.75,3.75
hpmcounter9,178,9209.25,3.5373942238230733,3.75,3.75
hpmcounter9,179,9212.25,3.5373942238230733,3.75,3.75
hpmcounter9,180,9215.25,3.5373942238230733,3.75,3.75
hpmcounter9,181,9218.25,3.5373942238230733,3.75,3.75
hpmcounter9,182,9221.25,3.5373942238230733,3.75,3.75
hpmcounter9,183,9224.25,3.5373942238230733,3.75,3.75
hpmcounter9,184,9227.255000000001,3.533370986227697,3.7550000000010186,3.7550000000010186
hpmcounter9,185,9230.265,3.5257362053156887,3.764999999999418,3.764999999999418
hpmcounter9,186,9233.275,3.51865330099906,3.774999999999636,3.774999999999636
hpmcounter9,187,9236.295000000002,3.5070567957221295,3.7950000000018917,3.7950000000018917
hpmcounter9,188,9239.314999999999,3.4965057745668138,3.8149999999986903,3.8149999999986903
hpmcounter9,189,9242.335000000001,3.487009727847794,3.835000000000946,3.835000000000946
hpmcounter9,190,9245.355,3.4785772953896252,3.8549999999995634,3.8549999999995634
hpmcounter9,191,9248.375,3.4712162285376515,3.875,3.875
hpmcounter9,192,9251.395,3.4649333554766377,3.8950000000004366,3.8950000000004366
hpmcounter9,193,9254.414999999999,3.459734550206821,3.914999999999054,3.914999999999054
hpmcounter9,194,9257.43,3.456968553363967,3.930000000000291,3.930000000000291
hpmcounter9,195,9260.439999999999,3.45625291472229,3.9399999999986903,3.9399999999986903
hpmcounter9,196,9263.45,3.456115860631016,3.9500000000007276,3.9500000000007276
hpmcounter9,197,9266.45,3.456115860631016,3.9500000000007276,3.9500000000007276
hpmcounter9,198,9269.45,3.456115860631016,3.9500000000007276,3.9500000000007276
hpmcounter9,199,9272.45,3.456115860631016,3.9500000000007276,3.9500000000007276
hpmcounter9,200,9275.455,3.4562643356512446,3.9549999999999272,3.9549999999999272
hpmcounter9,201,9278.460000000001,3.456557459913581,3.960000000000946,3.960000000000946
hpmcounter9,202,9281.465,3.456995196622879,3.9650000000001455,3.9650000000001455
hpmcounter9,203,9284.47,3.457577490854419,3.969999999999345,3.969999999999345
hpmcounter9,204,9287.475,3.4583042695882953,3.975000000000364,3.975000000000364
hpmcounter9,205,9290.48,3.4591754417551774,3.9799999999995634,3.9799999999995634
hpmcounter9,206,9293.490000000002,3.457242588507416,3.9900000000016007,3.9900000000016007
hpmcounter9,207,9296.505,3.4708523145581798,4.0049999999992,4.0049999999992
hpmcounter9,208,9299.52,3.4847940360493457,4.020000000000437,4.020000000000437
hpmcounter9,209,9302.545000000002,3.5052554528126945,4.045000000001892,4.045000000001892
hpmcounter9,210,9305.564999999999,3.5249897349607218,4.06499999999869,4.06499999999869
hpmcounter9,211,9308.595000000001,3.5652526300095526,4.095000000001164,4.095000000001164
hpmcounter9,212,9311.64,3.6136291715493427,4.139999999999418,4.139999999999418
hpmcounter9,213,9314.685,3.663227653600759,4.184999999999491,4.184999999999491
hpmcounter9,214,9317.735,3.7160073366877633,4.235000000000582,4.235000000000582
hpmcounter9,215,9320.785,3.7704215874843143,4.2849999999998545,4.2849999999998545
hpmcounter9,216,9323.83,3.828164325791633,4.329999999999927,4.329999999999927
hpmcounter9,217,9326.869999999999,3.871909633569294,4.369999999998981,4.369999999998981
hpmcounter9,218,9329.91,3.9171552513471974,4.4099999999998545,4.4099999999998545
hpmcounter9,219,9332.939999999999,3.9541317497950095,4.43999999999869,4.43999999999869
hpmcounter9,220,9335.97,3.992374310053953,4.469999999999345,4.469999999999345
hpmcounter9,221,9338.99,4.01076183864307,4.489999999999782,4.489999999999782
hpmcounter9,222,9341.994999999999,4.01516533054105,4.494999999998981,4.494999999998981
hpmcounter9,223,9345.0,4.019688388027374,4.5,4.5
hpmcounter9,224,9348.0,4.019688388027374,4.5,4.5
hpmcounter9,225,9351.0,4.019688388027374,4.5,4.5
hpmcounter9,226,9354.0,4.019688388027374,4.5,4.5
hpmcounter9,227,9357.005000000001,4.0243306079527565,4.505000000001019,4.505000000001019
hpmcounter9,228,9360.015,4.033970879001395,4.514999999999418,4.514999999999418
hpmcounter9,229,9363.025,4.044082746823795,4.524999999999636,4.524999999999636
hpmcounter9,230,9366.035,4.05466268309517,4.5349999999998545,4.5349999999998545
hpmcounter9,231,9369.045,4.065707033740916,4.545000000000073,4.545000000000073
hpmcounter9,232,9372.055,4.077212024746447,4.555000000000291,4.555000000000291
hpmcounter9,233,9375.064999999999,4.089173768044444,4.56499999999869,4.56499999999869
hpmcounter9,234,9378.075,4.10158826746292,4.575000000000728,4.575000000000728
hpmcounter9,235,9381.085000000001,4.1144514247121915,4.585000000000946,4.585000000000946
hpmcounter9,236,9384.095,4.1277590453952016,4.594999999999345,4.594999999999345
hpmcounter9,237,9387.1,4.134578193976413,4.600000000000364,4.600000000000364
hpmcounter9,238,9390.1,4.134578193976413,4.600000000000364,4.600000000000364
hpmcounter9,239,9393.1,4.134578193976413,4.600000000000364,4.600000000000364
hpmcounter9,240,9396.1,4.134578193976413,4.600000000000364,4.600000000000364
hpmcounter9,241,9399.1,4.134578193976413,4.600000000000364,4.600000000000364
hpmcounter9,242,9402.1,4.134578193976413,4.600000000000364,4.600000000000364
hpmcounter9,243,9405.1,4.134578193976413,4.600000000000364,4.600000000000364
hpmcounter9,244,9408.1,4.134578193976413,4.600000000000364,4.600000000000364
hpmcounter9,245,9411.1,4.134578193976413,4.600000000000364,4.600000000000364
hpmcounter9,246,9414.1,4.134578193976413,4.600000000000364,4.600000000000364
hpmcounter9,247,9417.1,4.134578193976413,4.600000000000364,4.600000000000364
hpmcounter9,248,9420.1,4.134578193976413,4.600000000000364,4.600000000000364
hpmcounter9,249,9423.1,4.134578193976413,4.600000000000364,4.600000000000364
hpmcounter9,250,9426.1,4.134578193976413,4.600000000000364,4.600000000000364
hpmcounter9,251,9429.1,4.134578193976413,4.600000000000364,4.600000000000364
hpmcounter9,252,9432.105,4.133874823048172,4.604999999999563,4.604999999999563
hpmcounter9,253,9435.115,4.132830685339558,4.614999999999782,4.614999999999782
hpmcounter9,254,9438.125,4.132270307559374,4.625,4.625
hpmcounter9,255,9441.135,4.132193886519542,4.635000000000218,4.635000000000218
hpmcounter9,256,9444.155,4.138837238187884,4.655000000000655,4.655000000000655
hpmcounter9,257,9447.18,4.148125765743008,4.680000000000291,4.680000000000291
hpmcounter9,258,9450.205,4.1583745559255005,4.704999999999927,4.704999999999927
hpmcounter9,259,9453.23,4.169576527784599,4.729999999999563,4.729999999999563
hpmcounter9,260,9456.265000000001,4.195144436381862,4.765000000001237,4.765000000001237
hpmcounter9,261,9459.3,4.2218728695113255,4.799999999999272,4.799999999999272
hpmcounter9,262,9462.33,4.248231830327845,4.829999999999927,4.829999999999927
hpmcounter9,263,9465.355,4.273969558791161,4.854999999999563,4.854999999999563
hpmcounter9,264,9468.38,4.300501806705031,4.8799999999992,4.8799999999992
hpmcounter9,265,9471.405,4.3278139613679025,4.905000000000655,4.905000000000655
hpmcounter9,266,9474.42,4.345790461681494,4.920000000000073,4.920000000000073
hpmcounter9,267,9477.43,4.3616872640612305,4.930000000000291,4.930000000000291
hpmcounter9,268,9480.439999999999,4.37798319344704,4.93999999999869,4.93999999999869
hpmcounter9,269,9483.45,4.394673809822163,4.950000000000728,4.950000000000728
hpmcounter9,270,9486.45,4.394673809822163,4.950000000000728,4.950000000000728
hpmcounter9,271,9489.45,4.394673809822163,4.950000000000728,4.950000000000728
hpmcounter9,272,9492.455,4.399578329077046,4.954999999999927,4.954999999999927
hpmcounter9,273,9495.465,4.413051814310599,4.9650000000001455,4.9650000000001455
hpmcounter9,274,9498.475,4.4266983062703815,4.975000000000364,4.975000000000364
hpmcounter9,275,9501.484999999999,4.440516209915868,4.984999999998763,4.984999999998763
hpmcounter9,276,9504.5,4.452202293602296,5.0,5.0
hpmcounter9,277,9507.515000000001,4.464158434275808,5.015000000001237,5.015000000001237
hpmcounter9,278,9510.53,4.476382468020442,5.030000000000655,5.030000000000655
hpmcounter9,279,9513.545,4.48887220626861,5.045000000000073,5.045000000000073
hpmcounter9,280,9516.569999999998,4.5085999694151155,5.06999999999789,5.06999999999789
hpmcounter9,281,9519.6,4.534429691987655,5.100000000000364,5.100000000000364
hpmcounter9,282,9522.630000000001,4.560828641237889,5.130000000001019,5.130000000001019
hpmcounter9,283,9525.654999999999,4.578723678746693,5.154999999998836,5.154999999998836
hpmcounter9,284,9528.685000000001,4.601633005335182,5.18500000000131,5.18500000000131
hpmcounter9,285,9531.715,4.6251344219441854,5.2150000000001455,5.2150000000001455
hpmcounter9,286,9534.74,4.650568725831784,5.239999999999782,5.239999999999782
hpmcounter9,287,9537.765000000001,4.676511857987059,5.265000000001237,5.265000000001237
hpmcounter9,288,9540.789999999999,4.702955397798701,5.289999999999054,5.289999999999054
hpmcounter9,289,9543.820000000002,4.734709461435976,5.320000000001528,5.320000000001528
hpmcounter9,290,9546.84,4.758969370954575,5.3400000000001455,5.3400000000001455
hpmcounter9,291,9549.855,4.776529790769178,5.354999999999563,5.354999999999563
hpmcounter9,292,9552.865,4.787184097039406,5.364999999999782,5.364999999999782
hpmcounter9,293,9555.875,4.798231582134138,5.375,5.375
hpmcounter9,294,9558.880000000001,4.803901922834263,5.380000000001019,5.380000000001019
hpmcounter9,295,9561.890000000001,4.811488444611714,5.390000000001237,5.390000000001237
hpmcounter9,296,9564.9,4.8192596068166385,5.399999999999636,5.399999999999636
hpmcounter9,297,9567.914999999999,4.82463797387399,5.414999999999054,5.414999999999054
hpmcounter9,298,9570.93,4.830288211952374,5.430000000000291,5.430000000000291
hpmcounter10,9,7122.264999999999,32.44652726531686,17.764999999999418,32.44652726531686
hpmcounter10,10,7581.15,39.96229143632915,21.649999999999636,39.96229143632915
hpmcounter10,11,8040.685000000002,48.311699302277276,26.085000000001855,48.311699302277276
hpmcounter10,12,8500.525,57.14771142445397,30.725000000000364,57.14771142445397
hpmcounter10,13,8960.615000000002,66.69036287200719,35.51500000000124,66.69036287200719
hpmcounter10,14,9420.735,76.75571142815427,40.23500000000058,76.75571142815427
hpmcounter10,15,9881.255000000001,87.26937411196847,45.25500000000102,87.26937411196847
hpmcounter10,16,10341.760000000004,97.74134178911616,50.16000000000349,97.74134178911616
hpmcounter10,17,10801.994999999997,107.74603411922455,54.69499999999789,107.74603411922455
hpmcounter10,18,11261.900000000005,117.13671724235654,58.80000000000473,117.13671724235654
hpmcounter10,19,11722.2,126.69704852625082,63.20000000000073,126.69704852625082
hpmcounter10,20,12183.425,137.22074752977983,67.52499999999964,137.22074752977983
hpmcounter10,21,12644.375,147.4373082649743,72.47500000000036,147.4373082649743
hpmcounter10,22,13105.05,157.31245308219192,77.14999999999964,157.31245308219192
hpmcounter10,23,13565.45,165.92142242957246,81.55000000000109,165.92142242957246
hpmcounter10,24,14025.3,173.30239771172114,85.39999999999964,173.30239771172114
hpmcounter10,25,14484.6,179.28033032685227,88.70000000000073,179.28033032685227
hpmcounter10,26,14943.625,184.6313449894995,91.72500000000036,184.6313449894995
hpmcounter10,27,15402.375,189.27110012388383,94.47500000000036,189.27110012388383
hpmcounter10,28,15861.125,193.04477766624646,97.22500000000036,193.04477766624646
hpmcounter10,29,16319.6,195.83025678807707,99.70000000000073,195.83025678807707
hpmcounter10,30,16777.8,197.60842460199973,101.89999999999782,197.60842460199973
hpmcounter10,31,17236.55,198.40262758234564,104.64999999999782,198.40262758234564
hpmcounter10,32,17695.57,198.2927609688048,107.66999999999825,198.2927609688048
hpmcounter10,33,18155.135000000002,198.14986692692452,111.23500000000058,198.14986692692452
hpmcounter10,34,18614.975,198.3917227554989,115.07499999999709,198.3917227554989
hpmcounter10,35,19075.09,198.8815804759998,119.18999999999869,198.8815804759998
hpmcounter10,36,19535.754999999997,199.82167174758598,123.85499999999593,199.82167174758598
hpmcounter10,37,19996.695,201.48114049132292,128.79499999999825,201.48114049132292
hpmcounter10,38,20457.36,203.51688769963874,133.45999999999913,203.51688769963874
hpmcounter10,39,20917.75,205.84463354164652,137.84999999999854,205.84463354164652
hpmcounter10,40,21377.864999999998,208.00720198817004,141.9649999999965,208.00720198817004
hpmcounter10,41,21837.43,209.91534158221722,145.52999999999884,209.91534158221722
hpmcounter10,42,22296.995000000003,212.34743247552436,149.09500000000116,212.34743247552436
hpmcounter10,43,22755.739999999998,214.7028899371604,151.8399999999965,214.7028899371604
hpmcounter10,44,23214.21,216.89696292552324,154.30999999999767,216.89696292552324
hpmcounter10,45,23672.405,218.8570224815134,156.50499999999738,218.8570224815134
hpmcounter10,46,24130.6,220.64883984810749,158.6999999999971,220.64883984810749
hpmcounter10,47,24589.07,222.44925642539366,161.16999999999825,222.44925642539366
hpmcounter10,48,25047.815,224.63851728358694,163.91499999999724,224.63851728358694
hpmcounter10,49,25506.835,227.2579505296732,166.93499999999767,227.2579505296732
hpmcounter10,50,25965.579999999998,229.87020731388026,169.67999999999665,229.87020731388026
hpmcounter10,51,26424.325,232.70527299343127,172.42499999999927,232.70527299343127
hpmcounter10,52,26882.8,235.2909956449225,174.89999999999782,235.2909956449225
hpmcounter10,53,27341.55,238.4770705076166,177.64999999999782,238.4770705076166
hpmcounter10,54,27800.3,241.93063381669418,180.39999999999782,241.93063381669418
hpmcounter10,55,28259.05,244.98608445980636,183.14999999999782,244.98608445980636
hpmcounter10,56,28718.075,247.45038178868995,186.07500000000073,247.45038178868995
hpmcounter10,57,29177.375,249.27304174760908,189.375,249.27304174760908
hpmcounter10,58,29636.95,250.56005163170806,192.95000000000073,250.56005163170806
hpmcounter10,59,30097.075,252.42191471089785,197.07500000000073,252.42191471089785
hpmcounter10,60,30558.025,254.82344119843162,202.02500000000146,254.82344119843162
hpmcounter10,61,31019.8,257.7073717876231,207.79999999999927,257.7073717876231
hpmcounter10,62,31482.670000000002,261.06000338700113,214.6700000000019,261.06000338700113
hpmcounter10,63,31946.365,265.240022928588,222.3650000000016,265.240022928588
hpmcounter10,64,32410.609999999997,270.66314255332605,230.60999999999694,270.66314255332605
hpmcounter10,65,32874.854999999996,277.3115376630634,238.85499999999593,277.3115376630634
hpmcounter10,66,33338.275,283.9593408163255,246.27500000000146,283.9593408163255
hpmcounter10,67,33801.145000000004,290.1124273449864,253.14500000000407,290.1124273449864
hpmcounter10,68,34263.740000000005,296.19643979522846,259.74000000000524,296.19643979522846
hpmcounter10,69,34725.784999999996,301.02640778544753,265.7849999999962,301.02640778544753
hpmcounter10,70,35187.28,305.06862834450874,271.27999999999884,305.06862834450874
hpmcounter10,71,35647.675,307.94203465997674,275.6750000000029,307.94203465997674
hpmcounter10,72,36106.975,309.616463718038,278.97499999999854,309.616463718038
hpmcounter10,73,36565.45,310.88337210701957,281.4499999999971,310.88337210701957
hpmcounter10,74,37023.65,312.1639287634826,283.65000000000146,312.1639287634826
hpmcounter10,75,37481.575,312.94464261607874,285.5749999999971,312.94464261607874
hpmcounter10,76,37939.775,313.59525854867536,287.77500000000146,313.59525854867536
hpmcounter10,77,38398.25,314.158420479055,290.25,314.158420479055
hpmcounter10,78,38857.0,314.39536791820115,293.0,314.39536791820115
hpmcounter10,79,39315.75,314.52999605928306,295.75,314.52999605928306
hpmcounter10,80,39774.225,314.79389560556336,298.22499999999854,314.79389560556336
hpmcounter10,81,40232.975,314.94374915463703,300.97499999999854,314.94374915463703
hpmcounter10,82,40691.725,315.02554094448976,303.72499999999854,315.02554094448976
hpmcounter10,83,41150.47,314.35265496605956,306.47000000000116,314.35265496605956
hpmcounter10,84,41608.94,313.1196314173663,308.9400000000023,313.1196314173663
hpmcounter10,85,42067.409999999996,312.02882609750907,311.4099999999962,312.02882609750907
hpmcounter10,86,42525.88,311.17710069990693,313.8799999999974,313.8799999999974
hpmcounter10,87,42984.07,310.52200210206314,316.0699999999997,316.0699999999997
hpmcounter10,88,43441.71000000001,310.1511870718944,317.7100000000064,317.7100000000064
hpmcounter10,89,43899.075,309.93191251424366,319.0749999999971,319.0749999999971
hpmcounter10,90,44356.439999999995,309.77204080284247,320.43999999999505,320.43999999999505
hpmcounter10,91,44813.53,309.72523833739785,321.52999999999884,321.52999999999884
hpmcounter10,92,45270.345,309.7640553287037,322.34500000000116,322.34500000000116
hpmcounter10,93,45726.89,309.87466039980546,322.8899999999994,322.8899999999994
hpmcounter10,94,46183.435,310.00438923038695,323.4349999999977,323.4349999999977
hpmcounter10,95,46639.979999999996,310.1532178235715,323.9799999999959,323.9799999999959
hpmcounter10,96,47096.25,310.2340160859897,324.25,324.25
hpmcounter10,97,47552.25,310.2340160859897,324.25,324.25
hpmcounter10,98,48008.25,310.2340160859897,324.25,324.25
hpmcounter10,99,48464.25,310.2340160859897,324.25,324.25
hpmcounter10,100,48920.25,310.2340160859897,324.25,324.25
hpmcounter10,101,49376.25,310.2340160859897,324.25,324.25
hpmcounter10,102,49832.25,310.2340160859897,324.25,324.25
hpmcounter10,103,50288.525,310.4470238305775,324.52500000000146,324.52500000000146
hpmcounter10,104,50745.075,310.8871971344353,325.0749999999971,325.0749999999971
hpmcounter10,105,51201.625,311.34618044701847,325.625,325.625
hpmcounter10,106,51658.175,311.82389070722195,326.1750000000029,326.1750000000029
hpmcounter10,107,52114.725,312.32024198349933,326.72499999999854,326.72499999999854
hpmcounter10,108,52571.275,312.8351455470975,327.27500000000146,327.27500000000146
hpmcounter10,109,53027.825,313.3685099468608,327.8249999999971,327.8249999999971
hpmcounter10,110,53484.375,313.9202410854673,328.375,328.375
hpmcounter10,111,53940.925,314.490242296959,328.9250000000029,328.9250000000029
hpmcounter10,112,54397.475,315.07841442542855,329.47499999999854,329.47499999999854
hpmcounter10,113,54853.75,315.37928293605967,329.75,329.75
hpmcounter10,114,55309.75,315.37928293605967,329.75,329.75
hpmcounter10,115,55765.75,315.37928293605967,329.75,329.75
hpmcounter10,116,56222.025,315.0788737927796,329.125,329.125
hpmcounter10,117,56678.85,314.19052634047586,325.0,325.0
hpmcounter10,118,57135.95,313.22015546492804,321.1499999999942,321.1499999999942
hpmcounter10,119,57593.325,312.7360277075793,317.5749999999971,317.5749999999971
hpmcounter10,120,58050.7,312.2804660456433,314.0,314.0
hpmcounter10,121,58508.075,311.85359566883136,310.42499999999563,311.85359566883136
hpmcounter10,122,58965.45,311.4555345470682,306.84999999999854,311.4555345470682
hpmcounter10,123,59423.1,310.8502177813888,303.54999999999563,310.8502177813888
hpmcounter10,124,59881.02,310.9656312029897,300.5199999999968,310.9656312029897
hpmcounter10,125,60338.94,311.1348724301175,297.49000000000524,311.1348724301175
hpmcounter10,126,60796.585,311.55300685268173,295.0849999999991,311.55300685268173
hpmcounter10,127,61253.955,312.57109250284316,296.45500000000175,312.57109250284316
hpmcounter10,128,61711.05,313.67070816047635,297.5500000000029,313.67070816047635
hpmcounter10,129,62167.869999999995,314.28578362610324,298.36999999999534,314.28578362610324
hpmcounter10,130,62624.69,314.91239533692914,299.1900000000023,314.91239533692914
hpmcounter10,131,63081.509999999995,315.550474567857,300.00999999999476,315.550474567857
hpmcounter10,132,63538.605,316.03171805340895,301.1050000000032,316.03171805340895
hpmcounter10,133,63995.7,316.62967743340005,302.1999999999971,316.62967743340005
hpmcounter10,134,64452.525,316.548220114874,303.02500000000146,316.548220114874
hpmcounter10,135,64909.35,316.47957030597195,303.84999999999854,316.47957030597195
hpmcounter10,136,65366.45,316.48176550116887,304.9499999999971,316.48176550116887
hpmcounter10,137,65823.55,316.20541707800277,306.0500000000029,316.20541707800277
hpmcounter10,138,66280.925,315.93117484167675,307.4250000000029,315.93117484167675
hpmcounter10,139,66738.85,315.74469616748075,309.3500000000058,315.74469616748075
hpmcounter10,140,67197.325,316.3102771763327,311.8249999999971,316.3102771763327
hpmcounter10,141,67656.35,317.67051368227095,314.8500000000058,317.67051368227095
hpmcounter10,142,68115.65,319.9907112138693,318.1499999999942,319.9907112138693
hpmcounter10,143,68575.5,322.94377871469567,321.4499999999971,322.94377871469567
hpmcounter10,144,69036.175,326.6105952369773,325.02500000000873,326.6105952369773
hpmcounter10,145,69497.67,331.13034339333717,328.86999999999534,331.13034339333717
hpmcounter10,146,69959.44,336.40385096988484,332.99000000000524,336.40385096988484
hpmcounter10,147,70421.485,342.6820903203372,338.4850000000006,342.6820903203372
hpmcounter10,148,70884.08,349.52200683670554,345.08000000000175,349.52200683670554
hpmcounter10,149,71346.675,357.02765170074343,351.6750000000029,357.02765170074343
hpmcounter10,150,71808.995,363.65238675792665,357.99499999999534,363.65238675792665
hpmcounter10,151,72270.765,369.5383311433478,363.7649999999994,369.5383311433478
hpmcounter10,152,72732.26,374.41661906435036,369.25999999999476,374.41661906435036
hpmcounter10,153,73193.205,378.44242206152,374.20500000000175,378.44242206152
hpmcounter10,154,73653.6,381.5778391998428,378.6000000000058,381.5778391998428
hpmcounter10,155,74113.725,383.55863049384743,382.7250000000058,383.55863049384743
hpmcounter10,156,74573.85,384.6791930673498,386.8500000000058,386.8500000000058
hpmcounter10,157,75033.975,384.8974051614274,390.9750000000058,390.9750000000058
hpmcounter10,158,75494.1,384.5401423162887,395.1000000000058,395.1000000000058
hpmcounter10,159,75953.95,383.3373153874027,398.9499999999971,398.9499999999971
hpmcounter10,160,76413.8,382.24741918511916,402.8000000000029,402.8000000000029
hpmcounter10,161,76874.2,380.9255487417594,402.25,402.25
hpmcounter10,162,77334.6,379.57551082894247,396.75,396.75
hpmcounter10,163,77795.0,378.1970038012075,386.3000000000029,386.3000000000029
hpmcounter10,164,78255.125,377.0976725004586,375.5749999999971,377.0976725004586
hpmcounter10,165,78715.25,376.015239752747,364.8500000000058,376.015239752747
hpmcounter10,166,79175.375,375.74805651351573,354.125,375.74805651351573
hpmcounter10,167,79635.225,375.3224043896688,343.125,375.3224043896688
hpmcounter10,168,80094.525,374.45488362207414,331.5749999999971,374.45488362207414
hpmcounter10,169,80553.55,373.6495297101705,319.75,373.6495297101705
hpmcounter10,170,81012.3,372.8881728798652,307.65000000000873,372.8881728798652
hpmcounter10,171,81470.775,372.17322208461223,300.22499999999127,372.17322208461223
hpmcounter10,172,81929.525,371.2129646598822,297.5749999999971,371.2129646598822
hpmcounter10,173,82388.825,369.9584000440562,299.7749999999942,369.9584000440562
hpmcounter10,174,82848.675,368.421214708611,301.9750000000058,368.421214708611
hpmcounter10,175,83308.25,367.2535514499915,303.8999999999942,367.2535514499915
hpmcounter10,176,83767.275,365.3972414769265,305.2749999999942,365.3972414769265
hpmcounter10,177,84226.025,363.8057779625653,306.375,363.8057779625653
hpmcounter10,178,84684.5,362.43652801850044,307.1999999999971,362.43652801850044
hpmcounter10,179,85142.975,361.16326950126324,308.02500000000873,361.16326950126324
hpmcounter10,180,85601.45,359.9870209648646,308.84999999999127,359.9870209648646
hpmcounter10,181,86059.65,358.9817507456626,309.3999999999942,358.9817507456626
hpmcounter10,182,86517.3,358.38061948304716,309.9499999999971,358.38061948304716
hpmcounter10,183,86974.125,358.14073516455863,310.2250000000058,358.14073516455863
hpmcounter10,184,87430.675,358.1724178675023,310.77500000000873,358.1724178675023
hpmcounter10,185,87887.225,358.22260335248467,311.32500000001164,358.22260335248467
hpmcounter10,186,88344.05,358.32952711156804,312.15000000000873,358.32952711156804
hpmcounter10,187,88801.15,358.53110780399226,313.25,358.53110780399226
hpmcounter10,188,89258.525,358.87776378887736,314.625,358.87776378887736
hpmcounter10,189,89716.175,359.43220116851256,316.27500000000873,359.43220116851256
hpmcounter10,190,90173.825,360.1370088335534,317.9250000000029,360.1370088335534
hpmcounter10,191,90631.75,361.0018406426322,319.8500000000058,361.0018406426322
hpmcounter10,192,91089.95,362.0341253179551,322.0500000000029,362.0341253179551
hpmcounter10,193,91548.425,363.25347374004633,324.52500000000873,363.25347374004633
hpmcounter10,194,92006.9,364.4677301432727,327.0,364.4677301432727
hpmcounter10,195,92465.1,365.60014108024455,329.20000000001164,365.60014108024455
hpmcounter10,196,92923.025,366.604565215495,331.125,366.604565215495
hpmcounter10,197,93380.675,367.44760725707187,332.77500000000873,367.44760725707187
hpmcounter10,198,93838.05,368.10831858371023,334.15000000000873,368.10831858371023
hpmcounter10,199,94295.425,368.40314284475744,335.52500000000873,368.40314284475744
hpmcounter10,200,94752.8,368.7657365063254,336.90000000000873,368.7657365063254
hpmcounter10,201,95209.9,369.0404556342527,338.0,369.0404556342527
hpmcounter10,202,95667.275,368.9022290597648,335.22499999999127,368.9022290597648
hpmcounter10,203,96124.64499999999,368.60532947999087,331.6449999999895,368.60532947999087
hpmcounter10,204,96581.74,368.1670092999129,327.79000000000815,368.1670092999129
hpmcounter10,205,97038.83499999999,367.75039772421155,323.9349999999977,367.75039772421155
hpmcounter10,206,97495.93000000001,367.3555686109491,320.08000000000175,367.3555686109491
hpmcounter10,207,97953.3,367.00040871911847,316.5,367.00040871911847
hpmcounter10,208,98410.94,366.7199754868183,313.1900000000023,366.7199754868183
hpmcounter10,209,98868.30500000001,366.6512289054747,309.6050000000105,366.6512289054747
hpmcounter10,210,99325.67,366.64968810769994,307.36999999999534,366.64968810769994
hpmcounter10,211,99783.035,366.71535394061345,308.7350000000006,366.71535394061345
hpmcounter10,212,100239.85,366.9829015090485,309.5500000000029,366.9829015090485
hpmcounter10,213,100696.39499999999,367.18189164585925,310.0949999999866,367.18189164585925
hpmcounter10,214,101152.94,367.3969435164958,310.6399999999994,367.3969435164958
hpmcounter10,215,101609.485,367.62802893399555,311.1849999999977,367.62802893399555
hpmcounter10,216,102066.03,367.8751176833335,311.7299999999959,367.8751176833335
hpmcounter10,217,102522.3,368.00344678019695,312.0,368.00344678019695
hpmcounter10,218,102978.3,368.00344678019695,312.0,368.00344678019695
hpmcounter10,219,103434.3,368.00344678019695,312.0,368.00344678019695
hpmcounter10,220,103890.3,368.00344678019695,312.0,368.00344678019695
hpmcounter10,221,104346.3,368.00344678019695,312.0,368.00344678019695
hpmcounter10,222,104802.3,368.00344678019695,312.0,368.00344678019695
hpmcounter10,223,105258.575,367.96200014761246,312.2749999999942,367.96200014761246
hpmcounter10,224,105715.125,367.992915942971,312.8249999999971,367.992915942971
hpmcounter10,225,106171.95,368.1078539032591,313.6499999999942,368.1078539032591
hpmcounter10,226,106629.05,368.33072595727134,314.75,368.33072595727134
hpmcounter10,227,107086.425,368.6976109082803,316.125,368.6976109082803
hpmcounter10,228,107544.075,369.256588687966,317.7749999999942,369.256588687966
hpmcounter10,229,108002.0,370.06745473309536,319.6999999999971,370.06745473309536
hpmcounter10,230,108460.2,371.20126474376195,321.8999999999942,371.20126474376195
hpmcounter10,231,108918.675,372.7396535681511,324.375,372.7396535681511
hpmcounter10,232,109377.42,374.76941907482797,327.11999999999534,374.76941907482797
hpmcounter10,233,109835.88999999998,377.123894063588,329.58999999998196,377.123894063588
hpmcounter10,234,110294.085,379.4738979651196,331.7850000000035,379.4738979651196
hpmcounter10,235,110752.005,381.724646523064,333.70500000000175,381.724646523064
hpmcounter10,236,111209.65,383.79535048334236,335.34999999999127,383.79535048334236
hpmcounter10,237,111667.01999999999,385.618529255614,336.7199999999866,385.618529255614
hpmcounter10,238,112124.11499999999,387.1392939512247,337.8149999999878,387.1392939512247
hpmcounter10,239,112580.93500000001,388.3146720122739,338.6350000000093,388.3146720122739
hpmcounter10,240,113037.48000000001,389.11302322346603,339.18000000000757,389.11302322346603
hpmcounter10,241,113493.75,389.51357992677026,339.4499999999971,389.51357992677026
hpmcounter10,242,113949.75,389.51357992677026,339.4499999999971,389.51357992677026
hpmcounter10,243,114406.025,389.1089846992539,339.72499999999127,389.1089846992539
hpmcounter10,244,114862.575,388.31021493944223,340.2749999999942,388.31021493944223
hpmcounter10,245,115319.675,386.89309944057777,341.375,386.89309944057777
hpmcounter10,246,115777.325,384.8954839337967,343.0249999999942,384.8954839337967
hpmcounter10,247,116235.525,382.3757271461229,345.22499999999127,382.3757271461229
hpmcounter10,248,116694.0,379.7514422549793,347.6999999999971,379.7514422549793
hpmcounter10,249,117152.475,377.26486141422544,350.1750000000029,377.26486141422544
hpmcounter10,250,117610.95,374.9187245257297,352.6499999999942,374.9187245257297
hpmcounter10,251,118069.425,372.7156837604941,352.375,372.7156837604941
hpmcounter10,252,118527.9,370.65829064119504,346.59999999999127,370.65829064119504
hpmcounter10,253,118986.375,368.96636827907855,349.0749999999971,368.96636827907855
hpmcounter10,254,119444.845,367.60647791526094,351.54499999999825,367.60647791526094
hpmcounter10,255,119903.04,366.68518750672513,353.7399999999907,366.68518750672513
hpmcounter10,256,120360.96,366.1846893807032,355.6600000000035,366.1846893807032
hpmcounter10,257,120818.33,366.10597991062065,357.02999999999884,366.10597991062065
hpmcounter10,258,121275.425,366.20253509571216,358.125,366.20253509571216
hpmcounter10,259,121732.795,366.12827558686377,359.49499999999534,366.12827558686377
hpmcounter10,260,122190.43999999999,366.1889049456076,361.13999999998487,366.1889049456076
hpmcounter10,261,122648.63,366.21750957018634,363.33000000000175,366.21750957018634
hpmcounter10,262,123106.81999999999,366.4042857713033,365.5199999999895,366.4042857713033
hpmcounter10,263,123565.01000000001,366.80447523528323,367.7100000000064,367.7100000000064
hpmcounter10,264,124023.475,367.16425820060425,370.1750000000029,370.1750000000029
hpmcounter10,265,124481.93999999999,367.2803939628057,372.63999999998487,372.63999999998487
hpmcounter10,266,124940.67999999998,366.9173040345737,375.37999999997555,375.37999999997555
hpmcounter10,267,125400.24500000002,366.1280728968459,378.94500000002154,378.94500000002154
hpmcounter10,268,125860.63500000001,365.00227292010396,383.3350000000064,383.3350000000064
hpmcounter10,269,126321.3,363.8389478876609,388.0,388.0
hpmcounter10,270,126782.23999999999,362.3770200103464,392.9399999999878,392.9399999999878
hpmcounter10,271,127243.46,360.75384580508324,398.1600000000035,398.1600000000035
hpmcounter10,272,127704.955,359.28890072504424,403.65499999999884,403.65499999999884
hpmcounter10,273,128166.45,357.8101120926985,409.1499999999942,409.1499999999942
hpmcounter10,274,128627.4,356.5091568913321,414.09999999999127,414.09999999999127
hpmcounter10,275,129088.35,355.9746849367093,419.0500000000029,419.0500000000029
hpmcounter10,276,129549.025,356.2157638212223,423.72499999999127,423.72499999999127
hpmcounter10,277,130009.15,357.1619896379026,427.84999999999127,427.84999999999127
hpmcounter10,278,130469.0,358.7542407598242,431.6999999999971,431.6999999999971
hpmcounter10,279,130928.85,360.95717416190433,435.5500000000029,435.5500000000029
hpmcounter10,280,131388.425,363.3323574548298,439.12499999998545,439.12499999998545
hpmcounter10,281,131847.175,365.8069045922567,441.875,441.875
hpmcounter10,282,132305.65,368.36427551227627,444.3500000000058,444.3500000000058
hpmcounter10,283,132763.85,370.99567666653905,446.55000000001746,446.55000000001746
hpmcounter10,284,133222.05,373.73977366752473,448.75,448.75
hpmcounter10,285,133680.25,376.181489653458,450.95000000001164,450.95000000001164
hpmcounter10,286,134138.175,378.2023711620957,452.875,452.875
hpmcounter10,287,134595.825,379.77580903946335,454.5250000000233,454.5250000000233
hpmcounter10,288,135052.925,380.7353783003015,455.625,455.625
hpmcounter10,289,135509.475,381.0405930509656,456.17500000001746,456.17500000001746
hpmcounter10,290,135965.75,381.1990604450784,456.45000000001164,456.45000000001164
hpmcounter10,291,136422.025,381.36142806501744,456.7250000000058,456.7250000000058
hpmcounter10,292,136878.575,381.72969476898317,457.2750000000233,457.2750000000233
hpmcounter10,293,137335.395,382.3106679335398,458.09500000000116,458.09500000000116
hpmcounter10,294,137792.76499999998,382.78526242735444,459.4649999999965,459.4649999999965
hpmcounter10,295,138250.135,383.35991921156165,460.83500000002095,460.83500000002095
hpmcounter10,296,138707.78,384.2529520483804,462.4800000000105,462.4800000000105
hpmcounter10,297,139165.7,385.52016808462827,464.4000000000233,464.4000000000233
hpmcounter10,298,139623.895,386.5375919282418,466.59500000000116,466.59500000000116
