counter,center,window_end_iter,mu_Dnew,sigma_Dnew,sigma_fragile
hpmcounter3,mean,10,77.1805454545436,110.69178605789817,False
hpmcounter3,mean,11,125.98296969697049,146.51873275233422,False
hpmcounter3,mean,12,122.95466666666644,151.53354056313762,False
hpmcounter3,mean,13,89.80115151515247,144.42282140998395,False
hpmcounter3,mean,14,73.74739393939281,145.4112877087337,False
hpmcounter3,mean,15,56.2460606060612,132.93723616056783,False
hpmcounter3,mean,16,33.2033939393963,56.319448607614575,False
hpmcounter3,mean,17,47.224909090907566,95.01877586798676,False
hpmcounter3,mean,18,44.772848484848325,109.80066806200217,False
hpmcounter3,mean,19,45.04181818181833,102.05104525865363,False
hpmcounter3,mean,20,60.56166666666604,158.13355702109916,False
hpmcounter3,mean,21,52.70121212121412,132.51751378699691,False
hpmcounter3,mean,22,49.349242424240764,108.98826548004386,False
hpmcounter3,mean,23,52.6040303030306,79.9853482717176,False
hpmcounter3,mean,24,72.9684848484836,90.88504174404775,False
hpmcounter3,mean,25,57.671030303030875,124.99739537323647,False
hpmcounter3,mean,26,71.51545454545439,122.28748485871895,False
hpmcounter3,mean,27,80.99436363636433,122.11497823065372,False
hpmcounter3,mean,28,88.96133333333364,125.87813015834693,False
hpmcounter3,mean,29,83.14366666666501,133.54207094561758,False
hpmcounter3,mean,30,61.650787878785465,137.254810208082,False
hpmcounter3,mean,31,93.20303030303111,136.72980178104754,False
hpmcounter3,mean,32,114.00563636363476,147.03921753699115,False
hpmcounter3,mean,33,117.53399999999984,109.19068560396101,False
hpmcounter3,mean,34,89.51945454545731,111.81821885121725,False
hpmcounter3,mean,35,92.27224242424172,107.88569207761763,False
hpmcounter3,mean,36,91.92160606060634,144.2541989127161,False
hpmcounter3,mean,37,72.2914545454515,168.31395753235822,False
hpmcounter3,mean,38,74.35909090908736,124.45026510557935,False
hpmcounter3,mean,39,97.02445454545469,105.49304663282267,False
hpmcounter3,mean,40,101.4116363636389,104.07017903633474,False
hpmcounter3,mean,41,82.8238484848467,90.57839090144607,False
hpmcounter3,mean,42,55.141212121212085,83.13143750703672,False
hpmcounter3,mean,43,39.503939393940435,85.12456906537874,False
hpmcounter3,mean,44,50.403818181818494,77.3402630400525,False
hpmcounter3,mean,45,30.310545454544535,66.14455129148023,False
hpmcounter3,mean,46,43.45775757575984,74.41347662903522,False
hpmcounter3,mean,47,61.3726666666671,85.59913267810748,False
hpmcounter3,mean,48,48.77187878787608,104.58352498616577,False
hpmcounter3,mean,49,57.371484848483306,139.61273318134815,False
hpmcounter3,mean,50,47.30793939393843,110.50425658831956,False
hpmcounter3,mean,51,27.318878787878113,60.921485431844864,False
hpmcounter3,mean,52,16.116030303030584,34.14107150740964,False
hpmcounter3,mean,53,19.21678787878709,52.08885576924954,False
hpmcounter3,mean,54,48.08533333333416,76.71782100956179,False
hpmcounter3,mean,55,64.30939393939425,120.7480146246443,False
hpmcounter3,mean,56,70.39084848484526,138.45793781367126,False
hpmcounter3,mean,57,116.29557575757909,147.4478001116083,False
hpmcounter3,mean,58,123.50396969696958,149.11738562606953,False
hpmcounter3,mean,59,135.30739393939348,146.3572024621458,False
hpmcounter3,mean,60,137.3434848484848,163.65761490417427,False
hpmcounter3,mean,61,123.33530303030393,121.31888310115382,False
hpmcounter3,mean,62,145.45327272727263,108.80295883066752,False
hpmcounter3,mean,63,112.87212121212087,99.96004739568099,False
hpmcounter3,mean,64,76.75309090909005,112.96308286632302,False
hpmcounter3,mean,65,66.72739393939364,114.92359968819787,False
hpmcounter3,mean,66,84.93709090909033,93.65889120690217,False
hpmcounter3,mean,67,104.784515151514,107.58811499461989,False
hpmcounter3,mean,68,135.60287878787977,133.92981062468587,False
hpmcounter3,mean,69,165.76060606060537,168.29800261158996,False
hpmcounter3,mean,70,175.06136363636406,184.52343663583534,False
hpmcounter3,mean,71,157.41648484848528,138.476028402354,False
hpmcounter3,mean,72,114.24557575757554,130.82598015186787,False
hpmcounter3,mean,73,30.998181818180637,45.775909670293366,False
hpmcounter3,mean,74,16.50639393939091,38.614661577100854,False
hpmcounter3,mean,75,31.443272727273143,93.06433172418558,False
hpmcounter3,mean,76,48.451545454543975,127.09444692049075,False
hpmcounter3,mean,77,62.079454545454425,141.2519187703159,False
hpmcounter3,mean,78,79.64121212121282,143.09200964080358,False
hpmcounter3,mean,79,80.84081818181858,139.0277829944034,False
hpmcounter3,mean,80,54.941848484848016,95.80675964461054,False
hpmcounter3,mean,81,50.660424242425236,102.68436993145076,False
hpmcounter3,mean,82,41.461848484847906,122.9695407492232,False
hpmcounter3,mean,83,48.332818181820315,120.13677195162276,False
hpmcounter3,mean,84,48.784242424240986,102.26473813961225,False
hpmcounter3,mean,85,68.69539393939412,117.29921956243724,False
hpmcounter3,mean,86,61.03921212121477,100.42173359702471,False
hpmcounter3,mean,87,65.03799999999629,124.5065272195369,False
hpmcounter3,mean,88,32.87275757575808,76.66988190331055,False
hpmcounter3,mean,89,35.39603030303215,86.38260095166144,False
hpmcounter3,mean,90,48.67799999999825,105.34176377821699,False
hpmcounter3,mean,91,36.56621212121236,77.46146231763525,False
hpmcounter3,mean,92,22.679484848485572,22.1067518097912,False
hpmcounter3,mean,93,18.301969696967443,38.771774097302355,False
hpmcounter3,mean,94,27.48096969696935,58.21592518720619,False
hpmcounter3,mean,95,36.65466666666716,77.649044962205,False
hpmcounter3,mean,96,19.568090909092007,43.237964368129965,False
hpmcounter3,mean,97,0.14469696969690632,0.16878656163312916,False
hpmcounter3,mean,98,0.17730303030293726,0.13786141468216287,False
hpmcounter3,mean,99,0.18478787878784714,0.14594301287889186,False
hpmcounter3,mean,100,0.19539393939385263,0.14930242642958738,False
hpmcounter3,mean,101,0.20072727272636257,0.18284892308751258,False
hpmcounter3,mean,102,0.1832424242426896,0.13016360999345686,False
hpmcounter3,mean,103,19.960030303031726,43.619882256756355,False
hpmcounter3,mean,104,36.96375757575852,78.30369324372082,False
hpmcounter3,mean,105,27.722545454542704,58.72742035016641,False
hpmcounter3,mean,106,18.452181818182453,39.09037208335061,False
hpmcounter3,mean,107,9.241060606060909,19.578337470908302,False
hpmcounter3,mean,108,0.266060606060455,0.18194891631542637,False
hpmcounter3,mean,109,9.220878787875426,19.53512451275733,False
hpmcounter3,mean,110,18.488818181818534,39.16724133400385,False
hpmcounter3,mean,111,27.70969696969869,58.70025571391102,False
hpmcounter3,mean,112,36.94099999999971,78.25550740316051,False
hpmcounter3,mean,113,19.73103030302973,44.15309121727929,False
hpmcounter3,mean,114,0.16709090908980215,0.1599888957536441,False
hpmcounter3,mean,115,0.22730303030284632,0.1750979730855752,False
hpmcounter3,mean,116,19.583242424239323,43.44685252063894,False
hpmcounter3,mean,117,53.289454545458646,77.46894982392004,False
hpmcounter3,mean,118,53.68345454545224,54.83369518193891,False
hpmcounter3,mean,119,48.928787878788626,35.78103676241769,False
hpmcounter3,mean,120,37.01490909090908,32.915862728683514,False
hpmcounter3,mean,121,18.629000000000087,24.48270911530554,False
hpmcounter3,mean,122,11.830121212120412,26.196193663049566,False
hpmcounter3,mean,123,9.215212121211334,16.593845013321708,False
hpmcounter3,mean,124,23.64463636363762,36.1511739919662,False
hpmcounter3,mean,125,53.816606060606134,64.71939422447953,False
hpmcounter3,mean,126,46.41296969696714,41.887031883898004,False
hpmcounter3,mean,127,21.58012121212323,40.33065857142735,False
hpmcounter3,mean,128,15.991878787879704,39.56520305264176,False
hpmcounter3,mean,129,12.07345454545366,30.572433697901385,False
hpmcounter3,mean,130,18.088060606059297,30.719141333296488,False
hpmcounter3,mean,131,26.23321212121191,37.218865053760126,False
hpmcounter3,mean,132,27.185515151516665,43.33671672848922,False
hpmcounter3,mean,133,27.260727272730584,47.81750442860766,False
hpmcounter3,mean,134,27.45563636363413,47.04924977106675,False
hpmcounter3,mean,135,19.171878787879358,46.90198989743886,False
hpmcounter3,mean,136,16.538363636364284,26.861138920980306,False
hpmcounter3,mean,137,32.9875454545443,44.54776938705514,False
hpmcounter3,mean,138,28.55621212121314,21.5791728134717,False
hpmcounter3,mean,139,61.832545454546654,87.56641398930981,False
hpmcounter3,mean,140,77.43248484848309,102.74790908669135,False
hpmcounter3,mean,141,96.16239393939495,136.91885586687386,False
hpmcounter3,mean,142,102.17727272727225,149.00795142462363,False
hpmcounter3,mean,143,120.10060606060442,141.07113162600697,False
hpmcounter3,mean,144,123.07848484848736,139.14082164918113,False
hpmcounter3,mean,145,131.0792727272721,154.59167577649364,False
hpmcounter3,mean,146,90.57357575757514,122.48485822940478,False
hpmcounter3,mean,147,80.67560606060825,119.33546143416538,False
hpmcounter3,mean,148,96.20145454545346,158.9880772840311,False
hpmcounter3,mean,149,74.40218181818072,178.04960791302483,False
hpmcounter3,mean,150,97.37248484848378,183.62824539968042,False
hpmcounter3,mean,151,119.89933333333238,150.55557820349057,False
hpmcounter3,mean,152,135.2224545454561,148.18895752516218,False
hpmcounter3,mean,153,102.67775757575573,128.6905044153509,False
hpmcounter3,mean,154,121.08921212121295,153.0976626357892,False
hpmcounter3,mean,155,113.89775757575644,176.27014197870105,False
hpmcounter3,mean,156,99.312727272731,170.69197024291205,False
hpmcounter3,mean,157,99.52872727272643,176.58193768431317,False
hpmcounter3,mean,158,118.43833333333514,156.45825991342704,False
hpmcounter3,mean,159,97.37854545454374,141.6338459368308,False
hpmcounter3,mean,160,84.23118181818208,144.60166379725416,False
hpmcounter3,mean,161,83.03575757575618,164.57688952714497,False
hpmcounter3,mean,162,43.42224242424218,81.90777825053192,False
hpmcounter3,mean,163,70.78806060606075,138.87964867039483,False
hpmcounter3,mean,164,100.56751515151464,140.5546106564563,False
hpmcounter3,mean,165,113.04239393939443,159.9936268301381,False
hpmcounter3,mean,166,93.84224242424116,150.36223747157726,False
hpmcounter3,mean,167,99.61912121212227,165.09855590675105,False
hpmcounter3,mean,168,76.90293939393923,148.7773408231923,False
hpmcounter3,mean,169,71.50136363636156,115.33092991130069,False
hpmcounter3,mean,170,67.49939393939522,107.08012296695733,False
hpmcounter3,mean,171,44.47339393939346,92.03870397212614,False
hpmcounter3,mean,172,45.58490909090906,88.65623938037342,False
hpmcounter3,mean,173,85.08872727272674,122.76517498690971,False
hpmcounter3,mean,174,91.8465757575771,166.3184434781199,False
hpmcounter3,mean,175,89.02618181818016,144.19820114515343,False
hpmcounter3,mean,176,55.621454545456615,95.21902321001743,False
hpmcounter3,mean,177,29.269060606060613,79.74387991983251,False
hpmcounter3,mean,178,26.959454545453628,46.679706412171285,False
hpmcounter3,mean,179,55.7360909090934,73.26862796064127,False
hpmcounter3,mean,180,92.89012121211917,104.6566659013269,False
hpmcounter3,mean,181,107.37963636363892,110.8950528221773,False
hpmcounter3,mean,182,90.83178787878451,105.56030626545193,False
hpmcounter3,mean,183,53.538969696969254,77.90019445342409,False
hpmcounter3,mean,184,19.969333333332997,60.676392489775985,False
hpmcounter3,mean,185,36.91212121211847,78.19487299978778,False
hpmcounter3,mean,186,48.402757575759644,102.53619612765807,False
hpmcounter3,mean,187,55.307393939394295,117.16262961467838,False
hpmcounter3,mean,188,57.5823030303035,121.98167720193402,False
hpmcounter3,mean,189,55.265848484848355,117.0743671533958,False
hpmcounter3,mean,190,27.5978484848496,58.46323050776788,False
hpmcounter3,mean,191,15.835242424238732,22.06046096423891,False
hpmcounter3,mean,192,38.289393939397726,104.03134545220205,False
hpmcounter3,mean,193,57.91036363636586,167.2626540371098,False
hpmcounter3,mean,194,60.53545454545392,182.55972854545007,False
hpmcounter3,mean,195,57.20463636363566,148.99988672595958,False
hpmcounter3,mean,196,49.30415151515244,113.09630881315516,False
hpmcounter3,mean,197,36.81866666666556,77.996431279847,False
hpmcounter3,mean,198,27.74384848484924,34.32932797253588,False
hpmcounter3,mean,199,27.39466666666676,82.89659582938567,False
hpmcounter3,mean,200,56.15572727272856,124.89571131285408,False
hpmcounter3,mean,201,48.985818181816285,107.2790548714366,False
hpmcounter3,mean,202,38.178909090907744,89.45171074043198,False
hpmcounter3,mean,203,44.54833333333245,82.3720063300507,False
hpmcounter3,mean,204,37.10587878787983,57.71668649297445,False
hpmcounter3,mean,205,24.54303030303199,41.934237608364654,False
hpmcounter3,mean,206,12.22881818181877,33.58844893256314,False
hpmcounter3,mean,207,21.63936363636467,59.58310146739286,False
hpmcounter3,mean,208,18.272515151515382,65.36358789452665,False
hpmcounter3,mean,209,12.037999999998737,33.124001947028674,False
hpmcounter3,mean,210,24.123757575760102,35.045223261194586,False
hpmcounter3,mean,211,38.928060606060896,53.525294276923375,False
hpmcounter3,mean,212,20.398515151511493,43.21298178880047,False
hpmcounter3,mean,213,9.141969696972046,19.368208216360447,False
hpmcounter3,mean,214,18.29806060605997,38.762843190136174,False
hpmcounter3,mean,215,27.43687878788014,58.12211634232474,False
hpmcounter3,mean,216,36.58272727272633,77.49641502416625,False
hpmcounter3,mean,217,19.379787878787283,42.868373336500575,False
hpmcounter3,mean,218,0.20521212121193458,0.1301446164390853,False
hpmcounter3,mean,219,0.18433333333332486,0.15944532861477334,False
hpmcounter3,mean,220,0.23442424242393828,0.16201782092718447,False
hpmcounter3,mean,221,0.16048484848433872,0.12605801432669464,False
hpmcounter3,mean,222,0.2090303030305222,0.208103012601036,False
hpmcounter3,mean,223,19.95178787878922,44.37758702244462,False
hpmcounter3,mean,224,33.79324242424245,44.242733865021265,False
hpmcounter3,mean,225,45.93406060606003,76.37301302286411,False
hpmcounter3,mean,226,52.41478787878741,100.92842693533993,False
hpmcounter3,mean,227,55.22409090908923,117.10444536041197,False
hpmcounter3,mean,228,57.75248484848707,122.46851496832912,False
hpmcounter3,mean,229,55.65060606060515,119.0303121299013,False
hpmcounter3,mean,230,48.96172727272742,107.24694855976787,False
hpmcounter3,mean,231,37.6660909090926,88.43747837104017,False
hpmcounter3,mean,232,20.109090909091627,61.188996217241446,False
hpmcounter3,mean,233,21.102575757576325,44.7040641981354,False
hpmcounter3,mean,234,37.06851515151457,78.52555549479926,False
hpmcounter3,mean,235,48.500090909092066,102.74181724670566,False
hpmcounter3,mean,236,55.33963636363542,117.23080375369442,False
hpmcounter3,mean,237,57.554939393939456,121.92360159266094,False
hpmcounter3,mean,238,55.15996969697035,116.85008031322805,False
hpmcounter3,mean,239,48.17524242424152,102.05374089020698,False
hpmcounter3,mean,240,36.56990909090973,77.46934553866127,False
hpmcounter3,mean,241,19.549030303030303,43.29279103745455,False
hpmcounter3,mean,242,0.16484848484824396,0.11306255980224887,False
hpmcounter3,mean,243,20.131393939395004,44.21708121566639,False
hpmcounter3,mean,244,36.90966666666664,78.18905272672903,False
hpmcounter3,mean,245,62.52196969696952,98.55905676409762,False
hpmcounter3,mean,246,87.35503030303025,123.5679008422018,False
hpmcounter3,mean,247,100.43466666666355,138.2843528521695,False
hpmcounter3,mean,248,85.09660606060898,121.68930420370161,False
hpmcounter3,mean,249,45.80703030303111,76.18651957401657,False
hpmcounter3,mean,250,19.03033333333169,48.629888779847924,False
hpmcounter3,mean,251,34.62084848484828,73.34056887246261,False
hpmcounter3,mean,252,72.12333333333208,119.25208486408144,False
hpmcounter3,mean,253,82.79669696969722,130.00430158811548,False
hpmcounter3,mean,254,102.11581818181966,164.28250315271086,False
hpmcounter3,mean,255,85.81224242424278,163.98581904685955,False
hpmcounter3,mean,256,50.84775757575735,151.43175268820355,False
hpmcounter3,mean,257,27.31751515151627,82.47458927850076,False
hpmcounter3,mean,258,18.33757575757527,38.84697566904436,False
hpmcounter3,mean,259,11.396939393936645,2.1103944117165385,False
hpmcounter3,mean,260,17.645515151518065,33.73078791765593,False
hpmcounter3,mean,261,32.333606060603685,68.49625691359445,False
hpmcounter3,mean,262,28.859666666665454,81.72340817157179,False
hpmcounter3,mean,263,29.232787878787985,76.06328852508163,False
hpmcounter3,mean,264,61.5998181818175,108.17357810041702,False
hpmcounter3,mean,265,58.75157575757758,94.2874191510947,False
hpmcounter3,mean,266,67.27760606060455,76.9890979026393,False
hpmcounter3,mean,267,86.94718181818234,94.21068470944353,False
hpmcounter3,mean,268,98.61530303030312,120.55152009293926,False
hpmcounter3,mean,269,103.00893939394018,143.71837938521878,False
hpmcounter3,mean,270,111.97181818181416,166.16426441025456,False
hpmcounter3,mean,271,125.69845454545775,159.99790770796886,False
hpmcounter3,mean,272,83.2993636363628,145.59253916761034,False
hpmcounter3,mean,273,74.21651515151507,156.2924813571214,False
hpmcounter3,mean,274,64.04872727272914,116.29868482637808,False
hpmcounter3,mean,275,110.89981818181532,124.26513827444742,False
hpmcounter3,mean,276,111.16236363636517,138.64066591605956,False
hpmcounter3,mean,277,126.51054545454481,181.26101193534106,False
hpmcounter3,mean,278,117.13312121212103,197.9116662663903,False
hpmcounter3,mean,279,109.86999999999952,201.02682424463563,False
hpmcounter3,mean,280,93.61042424242524,173.4627995456605,False
hpmcounter3,mean,281,46.91475757575854,113.31038690820615,False
hpmcounter3,mean,282,32.79915151515115,68.00469800156293,False
hpmcounter3,mean,283,34.953545454548475,75.7817936474693,False
hpmcounter3,mean,284,61.193030303030085,120.36933414689774,False
hpmcounter3,mean,285,55.28215151515142,117.1088642870819,False
hpmcounter3,mean,286,63.348242424242564,100.55646287259123,False
hpmcounter3,mean,287,69.92454545454493,95.65511801788706,False
hpmcounter3,mean,288,44.06263636363701,60.67288430402367,False
hpmcounter3,mean,289,18.404393939394048,38.9881497243834,False
hpmcounter3,mean,290,2.2876060606058672,4.850474354476946,False
hpmcounter3,mean,291,6.892181818179688,14.601829356482074,False
hpmcounter3,mean,292,18.90254545454718,43.55516120849558,False
hpmcounter3,mean,293,37.37990909090895,87.79566706788475,False
hpmcounter3,mean,294,56.84112121211838,103.36887097678381,False
hpmcounter3,mean,295,67.56781818182063,113.81097186543472,False
hpmcounter3,mean,296,65.37509090908789,118.91421142005487,False
hpmcounter3,mean,297,58.85636363636313,115.25311822609464,False
hpmcounter3,mean,298,43.67472727273007,59.4134839922423,False
hpmcounter3,median,10,67.69454545454519,119.26472456166235,False
hpmcounter3,median,11,103.1121212121213,181.53951177021597,False
hpmcounter3,median,12,95.66060606060628,177.3655444793869,False
hpmcounter3,median,13,81.8406060606062,172.5914603937876,False
hpmcounter3,median,14,58.85090909090805,153.3784072210069,False
hpmcounter3,median,15,53.78909090909119,134.06056647083145,False
hpmcounter3,median,16,44.654545454545584,100.86992543293582,False
hpmcounter3,median,17,44.847272727271594,96.28838274318315,False
hpmcounter3,median,18,40.12303030302919,111.86099063587994,False
hpmcounter3,median,19,41.54484848484999,103.73356447749795,False
hpmcounter3,median,20,59.6684848484846,158.49468971552298,False
hpmcounter3,median,21,48.65272727272768,139.19459228256517,False
hpmcounter3,median,22,35.3415151515148,115.69795908446513,False
hpmcounter3,median,23,48.66818181818144,112.6386765062194,False
hpmcounter3,median,24,50.75181818181809,109.83800016355202,False
hpmcounter3,median,25,46.20606060606069,130.77020323022077,False
hpmcounter3,median,26,47.42303030303092,137.58958232922572,False
hpmcounter3,median,27,46.24727272727232,146.8319147521844,False
hpmcounter3,median,28,65.5987878787877,156.5110505750463,False
hpmcounter3,median,29,69.42575757575905,150.9636268153234,False
hpmcounter3,median,30,63.12454545454593,144.81352620758193,False
hpmcounter3,median,31,82.49090909090846,163.19910552178416,False
hpmcounter3,median,32,81.17878787878817,175.2094535277155,False
hpmcounter3,median,33,83.52757575757532,160.84847598431108,False
hpmcounter3,median,34,67.85545454545445,138.14905287796023,False
hpmcounter3,median,35,59.43515151515176,138.60001287549693,False
hpmcounter3,median,36,69.1703030303025,160.6032242342299,False
hpmcounter3,median,37,70.53818181818342,169.1163944494635,False
hpmcounter3,median,38,52.2596969696966,138.70911731682816,False
hpmcounter3,median,39,58.19999999999963,143.96473580660324,False
hpmcounter3,median,40,66.61666666666697,152.2670368349648,False
hpmcounter3,median,41,54.24878787878752,121.27648955130151,False
hpmcounter3,median,42,34.845454545454416,97.25255043712967,False
hpmcounter3,median,43,24.34757575757512,92.63800755504077,False
hpmcounter3,median,44,28.193030303030536,93.01708604842838,False
hpmcounter3,median,45,19.617575757575743,71.31837572708804,False
hpmcounter3,median,46,36.5057575757578,91.00901465269666,False
hpmcounter3,median,47,35.28242424242435,105.4148325725386,False
hpmcounter3,median,48,29.412121212121566,114.22931641240774,False
hpmcounter3,median,49,49.877272727272974,142.87824676140355,False
hpmcounter3,median,50,43.77636363636357,112.14066720988988,False
hpmcounter3,median,51,24.223333333333084,64.22665875208317,False
hpmcounter3,median,52,8.679696969696943,37.875776302610255,False
hpmcounter3,median,53,17.193939393938763,52.88252088293489,False
hpmcounter3,median,54,26.921212121212193,91.07144103021993,False
hpmcounter3,median,55,48.74424242424193,139.36374139440372,False
hpmcounter3,median,56,74.2975757575754,147.81655506597806,False
hpmcounter3,median,57,87.61454545454698,172.23972912039628,False
hpmcounter3,median,58,91.26696969696987,179.47983637411312,False
hpmcounter3,median,59,98.35818181818267,185.87718228290362,False
hpmcounter3,median,60,109.03878787878793,194.4057405416215,False
hpmcounter3,median,61,110.43939393939391,185.40252627021601,False
hpmcounter3,median,62,110.24787878787902,171.75615232527224,False
hpmcounter3,median,63,84.80727272727272,152.753722306553,False
hpmcounter3,median,64,56.184545454545606,131.24824179117016,False
hpmcounter3,median,65,60.99909090909159,118.63308086287736,False
hpmcounter3,median,66,59.61727272727258,120.4632128208852,False
hpmcounter3,median,67,81.85181818181908,140.99613721957232,False
hpmcounter3,median,68,118.9627272727269,196.42923987581023,False
hpmcounter3,median,69,138.43666666666678,211.93247394179974,False
hpmcounter3,median,70,148.00000000000045,235.5784888783622,False
hpmcounter3,median,71,123.51484848484861,191.45810793689466,False
hpmcounter3,median,72,87.43818181818169,159.0593817880687,False
hpmcounter3,median,73,32.80060606060615,74.09398724603221,False
hpmcounter3,median,74,12.314848484848152,40.52210294785098,False
hpmcounter3,median,75,30.471515151514904,93.41272413334868,False
hpmcounter3,median,76,48.573636363636524,135.54440256978734,False
hpmcounter3,median,77,61.97333333333336,147.8910383374551,False
hpmcounter3,median,78,68.03333333333322,154.95744411993672,False
hpmcounter3,median,79,65.66636363636334,148.8758980917423,False
hpmcounter3,median,80,47.52424242424259,100.51937454075146,False
hpmcounter3,median,81,51.07636363636384,103.41633774304736,False
hpmcounter3,median,82,41.45969696969678,122.9703132989005,False
hpmcounter3,median,83,48.34363636363787,120.23879746421055,False
hpmcounter3,median,84,40.05818181818213,106.78861548623723,False
hpmcounter3,median,85,42.60060606060597,134.02480100317155,False
hpmcounter3,median,86,52.134848484848405,127.27623225788233,False
hpmcounter3,median,87,53.40454545454577,131.0709574601376,False
hpmcounter3,median,88,36.45666666666675,89.25504647552145,False
hpmcounter3,median,89,27.92575757575769,89.65619800279865,False
hpmcounter3,median,90,30.33818181818115,114.2931228968767,False
hpmcounter3,median,91,19.423333333333083,86.03293524368134,False
hpmcounter3,median,92,15.715151515151865,51.42281312539093,False
hpmcounter3,median,93,9.845151515151247,43.02425846419208,False
hpmcounter3,median,94,14.701212121212574,64.62479627852527,False
hpmcounter3,median,95,19.49363636363605,86.24328831717422,False
hpmcounter3,median,96,10.910303030302838,47.73635568769853,False
hpmcounter3,median,97,0.155757575757616,0.16233280770434935,False
hpmcounter3,median,98,0.18666666666631498,0.13300089047179542,False
hpmcounter3,median,99,0.18636363636369424,0.143647399626105,False
hpmcounter3,median,100,0.21151515151495914,0.16019054914122624,False
hpmcounter3,median,101,0.325151515151083,0.22322087240022861,False
hpmcounter3,median,102,0.193636363636233,0.177159617126924,False
hpmcounter3,median,103,11.04727272727223,48.223296365031935,False
hpmcounter3,median,104,19.593636363636413,86.96430428518202,False
hpmcounter3,median,105,14.793939393939217,65.23641143582189,False
hpmcounter3,median,106,9.970909090909027,43.40348556264822,False
hpmcounter3,median,107,5.126666666666916,21.736168505824637,False
hpmcounter3,median,108,0.28484848484804387,0.22657948497735927,False
hpmcounter3,median,109,5.235757575756816,21.69929655267789,False
hpmcounter3,median,110,9.975757575757417,43.4956050469723,False
hpmcounter3,median,111,14.811515151515868,65.20229982129757,False
hpmcounter3,median,112,19.630606060605622,86.87724870897463,False
hpmcounter3,median,113,11.215454545455577,48.633052179993115,False
hpmcounter3,median,114,0.21696969696977247,0.15226735134558783,False
hpmcounter3,median,115,0.2427272727268246,0.1898642326824094,False
hpmcounter3,median,116,10.957272727273448,48.021251376156805,False
hpmcounter3,median,117,30.361212121211974,96.66093219730607,False
hpmcounter3,median,118,34.12242424242422,85.00887224603801,False
hpmcounter3,median,119,35.336363636363515,73.9680090914486,False
hpmcounter3,median,120,23.316969696969956,50.19046387857754,False
hpmcounter3,median,121,11.124242424242402,31.00529164201184,False
hpmcounter3,median,122,11.034848484849226,26.58095911117223,False
hpmcounter3,median,123,7.407272727272539,17.689700294127654,False
hpmcounter3,median,124,27.64000000000051,58.07166487762912,False
hpmcounter3,median,125,40.04696969697015,78.19445879971258,False
hpmcounter3,median,126,38.938787878787934,71.2963135793036,False
hpmcounter3,median,127,35.33787878787898,74.37899873359582,False
hpmcounter3,median,128,22.133333333333304,60.03246044105429,False
hpmcounter3,median,129,11.081515151515214,30.993182945711933,False
hpmcounter3,median,130,13.455757575757342,33.70705304483592,False
hpmcounter3,median,131,15.81090909090799,45.100762227125024,False
hpmcounter3,median,132,31.555757575758072,74.07272419568137,False
hpmcounter3,median,133,33.93757575757591,74.30222963994345,False
hpmcounter3,median,134,20.818787878788044,51.26756635074737,False
hpmcounter3,median,135,18.401818181818633,47.2400097020496,False
hpmcounter3,median,136,26.909393939393794,67.82283606125887,False
hpmcounter3,median,137,19.574242424242584,55.85078852617711,False
hpmcounter3,median,138,23.138787878788026,56.88881199889957,False
hpmcounter3,median,139,37.75121212121185,105.64101930380839,False
hpmcounter3,median,140,57.147575757575666,126.23745118075993,False
hpmcounter3,median,141,71.76212121212112,156.07751890981132,False
hpmcounter3,median,142,68.00969696969733,175.11646873096007,False
hpmcounter3,median,143,77.78181818181793,180.501584180427,False
hpmcounter3,median,144,91.15666666666667,187.00158695801923,False
hpmcounter3,median,145,97.0087878787881,188.05327972047985,False
hpmcounter3,median,146,71.7930303030299,144.68808446913425,False
hpmcounter3,median,147,77.95424242424205,146.7961030266321,False
hpmcounter3,median,148,87.43272727272742,164.69241102870242,False
hpmcounter3,median,149,70.61757575757602,179.73476141384,False
hpmcounter3,median,150,88.71090909090898,190.2930911178481,False
hpmcounter3,median,151,88.64363636363642,177.88873057154748,False
hpmcounter3,median,152,94.63727272727265,187.98224368010696,False
hpmcounter3,median,153,92.26545454545476,179.9464802653716,False
hpmcounter3,median,154,92.20242424242478,179.74205457268866,False
hpmcounter3,median,155,93.72090909090893,190.21743353231847,False
hpmcounter3,median,156,96.01515151515159,184.22762798389056,False
hpmcounter3,median,157,103.36848484848524,184.06870152909153,False
hpmcounter3,median,158,103.24393939393958,183.7580410845609,False
hpmcounter3,median,159,80.1760606060603,159.97352741798966,False
hpmcounter3,median,160,65.67424242424241,156.8220135336916,False
hpmcounter3,median,161,73.01454545454581,170.1790812699943,False
hpmcounter3,median,162,70.51242424242373,133.71352856075666,False
hpmcounter3,median,163,65.73090909090934,145.3342071569811,False
hpmcounter3,median,164,76.63818181818151,160.88448028843624,False
hpmcounter3,median,165,93.57969696969685,175.08160722817018,False
hpmcounter3,median,166,101.05454545454668,174.07271493979468,False
hpmcounter3,median,167,94.83030303030318,172.16327483208676,False
hpmcounter3,median,168,75.52484848485037,149.5456442575245,False
hpmcounter3,median,169,62.10454545454486,124.90553302272804,False
hpmcounter3,median,170,46.278787878787895,121.49260996759693,False
hpmcounter3,median,171,35.39606060606093,97.09115967996085,False
hpmcounter3,median,172,51.04454545454555,97.42029791077654,False
hpmcounter3,median,173,70.48969696969716,134.78653245773512,False
hpmcounter3,median,174,82.66757575757592,172.93397428970235,False
hpmcounter3,median,175,79.01151515151469,158.2111135545708,False
hpmcounter3,median,176,45.03969696969689,101.88209396601764,False
hpmcounter3,median,177,29.26636363636362,79.74487189283552,False
hpmcounter3,median,178,18.402121212121347,52.08583140513551,False
hpmcounter3,median,179,32.97484848484855,92.86177936217354,False
hpmcounter3,median,180,54.835151515151395,141.475537011743,False
hpmcounter3,median,181,63.3327272727267,156.2041053439896,False
hpmcounter3,median,182,55.953939393938796,144.44750054369084,False
hpmcounter3,median,183,30.53151515151567,97.37364181314976,False
hpmcounter3,median,184,22.11333333333341,67.17975557871051,False
hpmcounter3,median,185,19.69454545454555,86.79535670073,False
hpmcounter3,median,186,25.71969696969718,113.87249320114122,False
hpmcounter3,median,187,29.33393939393909,130.11575368611258,False
hpmcounter3,median,188,30.600606060606786,135.50711655728094,False
hpmcounter3,median,189,29.297272727272865,129.9987133171511,False
hpmcounter3,median,190,14.689393939393813,64.92279264170642,False
hpmcounter3,median,191,11.051212121212576,48.732937393404995,False
hpmcounter3,median,192,34.107272727272814,105.66423722056244,False
hpmcounter3,median,193,54.77272727272712,168.41575254667384,False
hpmcounter3,median,194,59.620000000000346,182.88169799941207,False
hpmcounter3,median,195,48.715454545454485,152.4661719478129,False
hpmcounter3,median,196,35.37818181818184,119.56099767199468,False
hpmcounter3,median,197,19.587575757576086,86.58353728292062,False
hpmcounter3,median,198,20.80333333333356,63.400303640183054,False
hpmcounter3,median,199,30.429696969696398,97.02640459898545,False
hpmcounter3,median,200,37.85242424242506,133.6463497630508,False
hpmcounter3,median,201,31.698484848484622,115.63169472341778,False
hpmcounter3,median,202,45.03424242424235,105.30993326128932,False
hpmcounter3,median,203,40.01757575757565,100.74726679691356,False
hpmcounter3,median,204,21.85242424242415,68.30951682970357,False
hpmcounter3,median,205,17.15666666666475,46.747879013464406,False
hpmcounter3,median,206,12.210303030303567,33.595507557930844,False
hpmcounter3,median,207,20.750000000000092,59.92835855908565,False
hpmcounter3,median,208,29.102121212121254,79.08424454557239,False
hpmcounter3,median,209,10.955151515151647,33.54797697438722,False
hpmcounter3,median,210,13.561818181817761,42.862044356924834,False
hpmcounter3,median,211,25.665151515151774,79.08291841245453,False
hpmcounter3,median,212,10.97181818181798,47.96018757459026,False
hpmcounter3,median,213,5.011818181817944,21.48119597200259,False
hpmcounter3,median,214,9.847272727272411,42.972333488645766,False
hpmcounter3,median,215,14.620909090909208,64.56088571071793,False
hpmcounter3,median,216,19.481818181819655,86.09841383732758,False
hpmcounter3,median,217,10.849393939393668,47.3204215001063,False
hpmcounter3,median,218,0.2903030303040396,0.13553924115365337,False
hpmcounter3,median,219,0.20999999999976354,0.15600090216094945,False
hpmcounter3,median,220,0.29030303030240245,0.2080669748624094,False
hpmcounter3,median,221,0.1751515151516287,0.1520742475656817,False
hpmcounter3,median,222,0.24484848484826216,0.23299360093231272,False
hpmcounter3,median,223,11.172424242424494,48.9720868270169,False
hpmcounter3,median,224,19.489393939393448,59.80432923844194,False
hpmcounter3,median,225,25.66515151515132,89.65715573721742,False
hpmcounter3,median,226,29.325454545454612,114.30659875768104,False
hpmcounter3,median,227,30.529393939394048,130.04454681567097,False
hpmcounter3,median,228,31.813030303030427,135.43244377272728,False
hpmcounter3,median,229,32.98181818181793,130.27037256267732,False
hpmcounter3,median,230,31.80060606060588,115.5496657629879,False
hpmcounter3,median,231,28.074242424242584,92.78145791259205,False
hpmcounter3,median,232,21.720909090909025,66.23186969604092,False
hpmcounter3,median,233,11.296666666666805,49.601078666510006,False
hpmcounter3,median,234,19.729393939394413,87.23125104879539,False
hpmcounter3,median,235,25.68121212121241,114.10173213965793,False
hpmcounter3,median,236,29.34151515151507,130.205817262766,False
hpmcounter3,median,237,30.577272727273158,135.44055695443006,False
hpmcounter3,median,238,29.223030303030374,129.77007384050097,False
hpmcounter3,median,239,25.54030303030213,113.32894029430808,False
hpmcounter3,median,240,19.415454545454942,86.02273991124319,False
hpmcounter3,median,241,10.912121212121566,47.85285664444598,False
hpmcounter3,median,242,0.16696969696922678,0.13598174417664952,False
hpmcounter3,median,243,11.146969696970245,48.86593317797133,False
hpmcounter3,median,244,19.65363636363636,86.85533867619193,False
hpmcounter3,median,245,36.566666666666876,121.6005778941776,False
hpmcounter3,median,246,48.686363636363424,152.64099762961175,False
hpmcounter3,median,247,55.91909090909157,172.44373277526424,False
hpmcounter3,median,248,47.41454545454526,149.7166782756771,False
hpmcounter3,median,249,25.59666666666717,89.4373766383746,False
hpmcounter3,median,250,16.008787878788098,49.8872580348251,False
hpmcounter3,median,251,18.425151515151448,81.44342044183603,False
hpmcounter3,median,252,40.247575757575575,140.3051402526834,False
hpmcounter3,median,253,59.617272727273665,156.67243836091743,False
hpmcounter3,median,254,73.95060606060488,183.12629345192016,False
hpmcounter3,median,255,70.29939393939394,172.75166657147963,False
hpmcounter3,median,256,59.51272727272662,156.07611568956963,False
hpmcounter3,median,257,30.494848484848625,96.70691413695604,False
hpmcounter3,median,258,9.856060606060874,43.109919600336056,False
hpmcounter3,median,259,11.083636363636197,48.555757123666986,False
hpmcounter3,median,260,9.948181818182002,38.24011323984793,False
hpmcounter3,median,261,17.203333333333738,76.03725501051227,False
hpmcounter3,median,262,26.822121212121147,82.48586619527877,False
hpmcounter3,median,263,33.96090909090881,86.99215395561909,False
hpmcounter3,median,264,47.319999999999894,116.96372273378209,False
hpmcounter3,median,265,42.53242424242444,105.14721861111582,False
hpmcounter3,median,266,43.65484848484848,99.50130138220901,False
hpmcounter3,median,267,61.88333333333385,122.06168268017315,False
hpmcounter3,median,268,72.7721212121215,155.38637907671048,False
hpmcounter3,median,269,88.44757575757531,183.0600043950747,False
hpmcounter3,median,270,84.73909090909092,185.6847583597533,False
hpmcounter3,median,271,90.96666666666678,190.00154684473733,False
hpmcounter3,median,272,89.77515151515126,168.64078391343142,False
hpmcounter3,median,273,72.62151515151518,160.11329042741826,False
hpmcounter3,median,274,38.988484848485406,131.47091666583333,False
hpmcounter3,median,275,75.43757575757608,158.52901338575595,False
hpmcounter3,median,276,95.98909090909028,198.08906862615598,False
hpmcounter3,median,277,98.13878787878711,204.51076088691417,False
hpmcounter3,median,278,101.9893939393939,207.7449006243967,False
hpmcounter3,median,279,106.99363636363577,206.24276154163238,False
hpmcounter3,median,280,91.15242424242433,174.8385711039669,False
hpmcounter3,median,281,43.87636363636384,116.89324744503239,False
hpmcounter3,median,282,27.952727272727042,70.21584008147406,False
hpmcounter3,median,283,22.00242424242442,82.11809618552292,False
hpmcounter3,median,284,34.209393939393976,135.73101153402536,False
hpmcounter3,median,285,29.271515151515267,130.0881773365699,False
hpmcounter3,median,286,35.40606060606024,119.606889674507,False
hpmcounter3,median,287,38.99606060606057,119.53008627300069,False
hpmcounter3,median,288,26.903030303029936,83.5542547511693,False
hpmcounter3,median,289,9.858181818181674,43.27773441695041,False
hpmcounter3,median,290,1.3918181818185986,5.305317264898526,False
hpmcounter3,median,291,3.8169696969695908,16.201809727367614,False
hpmcounter3,median,292,17.20909090909081,54.60397024287582,False
hpmcounter3,median,293,27.90424242424233,92.09094225047197,False
hpmcounter3,median,294,47.31060606060655,127.09179758842618,False
hpmcounter3,median,295,37.67818181818202,133.2158779512443,False
hpmcounter3,median,296,36.522121212121235,136.48271088599202,False
hpmcounter3,median,297,32.936969696969754,130.08079496561925,False
hpmcounter3,median,298,26.914848484848243,79.04399685362921,False
hpmcounter4,mean,10,0.20484848484848478,0.2841696754177782,False
hpmcounter4,mean,11,0.3260606060606072,0.3758892602511563,False
hpmcounter4,mean,12,0.3200000000000013,0.3876649131244864,False
hpmcounter4,mean,13,0.237878787878787,0.36434208499467285,False
hpmcounter4,mean,14,0.18969696969696984,0.36835377086093046,False
hpmcounter4,mean,15,0.13757575757575874,0.33736635174501184,False
hpmcounter4,mean,16,0.08666666666666831,0.14141930574605915,False
hpmcounter4,mean,17,0.11939393939393854,0.23797024826742805,False
hpmcounter4,mean,18,0.11212121212121237,0.27503893600047347,False
hpmcounter4,mean,19,0.11272727272727252,0.25486726828013484,False
hpmcounter4,mean,20,0.15121212121212188,0.39484609188472636,False
hpmcounter4,mean,21,0.1324242424242419,0.33130176910276726,False
hpmcounter4,mean,22,0.12333333333333307,0.2723639259574758,False
hpmcounter4,mean,23,0.1321212121212124,0.20094600106944774,False
hpmcounter4,mean,24,0.182424242424242,0.22719211754932314,False
hpmcounter4,mean,25,0.14424242424242487,0.31261152859754254,False
hpmcounter4,mean,26,0.178787878787879,0.3057928305760993,False
hpmcounter4,mean,27,0.20242424242424262,0.30528285597877897,False
hpmcounter4,mean,28,0.22212121212121225,0.3145883509514415,False
hpmcounter4,mean,29,0.20787878787878683,0.33364115118818743,False
hpmcounter4,mean,30,0.15393939393939488,0.3430673837747652,False
hpmcounter4,mean,31,0.23272727272727084,0.34182542098728735,False
hpmcounter4,mean,32,0.2857575757575777,0.36795035418956695,False
hpmcounter4,mean,33,0.2945454545454541,0.27486245522260094,False
hpmcounter4,mean,34,0.22424242424242297,0.28087424017635615,False
hpmcounter4,mean,35,0.23121212121212179,0.26956002472649626,False
hpmcounter4,mean,36,0.23000000000000007,0.36003251401080716,False
hpmcounter4,mean,37,0.18060606060606058,0.42039540799969205,False
hpmcounter4,mean,38,0.18606060606060656,0.3109186974461852,False
hpmcounter4,mean,39,0.24303030303030387,0.2640285630627785,False
hpmcounter4,mean,40,0.25484848484848366,0.2621959219065111,False
hpmcounter4,mean,41,0.20969696969697074,0.23176652435460882,False
hpmcounter4,mean,42,0.13878787878787807,0.20905415390144297,False
hpmcounter4,mean,43,0.0987878787878775,0.2131721516666615,False
hpmcounter4,mean,44,0.12545454545454593,0.19308624148477704,False
hpmcounter4,mean,45,0.0757575757575765,0.1655391760000587,False
hpmcounter4,mean,46,0.10939393939393982,0.18674323705546933,False
hpmcounter4,mean,47,0.1533333333333335,0.213837666874652,False
hpmcounter4,mean,48,0.12181818181818187,0.26123139987398464,False
hpmcounter4,mean,49,0.14333333333333362,0.3491770394809508,False
hpmcounter4,mean,50,0.11878787878787991,0.27681431676464746,False
hpmcounter4,mean,51,0.06939393939393898,0.1534419747377659,False
hpmcounter4,mean,52,0.04030303030303051,0.08537714095908269,False
hpmcounter4,mean,53,0.047878787878787674,0.1299245272268466,False
hpmcounter4,mean,54,0.11999999999999975,0.19134630070953798,False
hpmcounter4,mean,55,0.16060606060606047,0.301299683376123,False
hpmcounter4,mean,56,0.17606060606060475,0.34599680432590846,False
hpmcounter4,mean,57,0.29030303030303195,0.36821099115854095,False
hpmcounter4,mean,58,0.30848484848484786,0.37258733644697833,False
hpmcounter4,mean,59,0.33818181818181714,0.36581537462076097,False
hpmcounter4,mean,60,0.34333333333333355,0.4089297337408984,False
hpmcounter4,mean,61,0.30848484848484886,0.30326880566374564,False
hpmcounter4,mean,62,0.364242424242424,0.272513827515653,False
hpmcounter4,mean,63,0.28181818181818236,0.2504840415810008,False
hpmcounter4,mean,64,0.1915151515151508,0.28190751615243476,False
hpmcounter4,mean,65,0.16606060606060477,0.2865192441535324,False
hpmcounter4,mean,66,0.2121212121212129,0.23379787639314475,False
hpmcounter4,mean,67,0.25969696969697004,0.270354913094552,False
hpmcounter4,mean,68,0.33969696969697016,0.33483769567006777,False
hpmcounter4,mean,69,0.41454545454545466,0.42060137241204054,False
hpmcounter4,mean,70,0.4393939393939398,0.4608599149369459,False
hpmcounter4,mean,71,0.39393939393939253,0.3462064064105945,False
hpmcounter4,mean,72,0.28575757575757715,0.32735703917228515,False
hpmcounter4,mean,73,0.07757575757575763,0.11474114740213166,False
hpmcounter4,mean,74,0.041212121212122546,0.0962814491081545,False
hpmcounter4,mean,75,0.07848484848484923,0.23241269109531448,False
hpmcounter4,mean,76,0.12090909090909037,0.31722709350420325,False
hpmcounter4,mean,77,0.15484848484848515,0.3528406784814945,False
hpmcounter4,mean,78,0.1987878787878774,0.35747896941095436,False
hpmcounter4,mean,79,0.20181818181818328,0.34732752837423514,False
hpmcounter4,mean,80,0.1372727272727273,0.2393527511859133,False
hpmcounter4,mean,81,0.1263636363636378,0.2570340489974313,False
hpmcounter4,mean,82,0.10303030303030311,0.3072119767935797,False
hpmcounter4,mean,83,0.12030303030303173,0.30139446824608873,False
hpmcounter4,mean,84,0.12181818181818187,0.2564325884476452,False
hpmcounter4,mean,85,0.1715151515151531,0.29309782682263913,False
hpmcounter4,mean,86,0.15212121212121205,0.251146133088465,False
hpmcounter4,mean,87,0.1624242424242416,0.31250019573721644,False
hpmcounter4,mean,88,0.08242424242424189,0.19302415619696348,False
hpmcounter4,mean,89,0.08878787878787904,0.2170204336889467,False
hpmcounter4,mean,90,0.12212121212121305,0.2643020798001588,False
hpmcounter4,mean,91,0.09212121212121085,0.19514775076361884,False
hpmcounter4,mean,92,0.05727272727272696,0.0552488756281961,False
hpmcounter4,mean,93,0.04606060606060538,0.09757387538180924,False
hpmcounter4,mean,94,0.06909090909091127,0.14636081307271226,False
hpmcounter4,mean,95,0.09212121212121085,0.19514775076361884,False
hpmcounter4,mean,96,0.051818181818181853,0.10977060980453499,False
hpmcounter4,mean,97,0.0,1e-06,True
hpmcounter4,mean,98,0.0,1e-06,True
hpmcounter4,mean,99,0.0,1e-06,True
hpmcounter4,mean,100,0.0,1e-06,True
hpmcounter4,mean,101,0.0,1e-06,True
hpmcounter4,mean,102,0.0,1e-06,True
hpmcounter4,mean,103,0.051818181818181853,0.10977060980453499,False
hpmcounter4,mean,104,0.09212121212121085,0.19514775076361884,False
hpmcounter4,mean,105,0.06909090909091127,0.14636081307271226,False
hpmcounter4,mean,106,0.04606060606060538,0.09757387538180924,False
hpmcounter4,mean,107,0.02303030303030269,0.04878693769090462,False
hpmcounter4,mean,108,0.0,1e-06,True
hpmcounter4,mean,109,0.02303030303030269,0.04878693769090462,False
hpmcounter4,mean,110,0.04606060606060538,0.09757387538180924,False
hpmcounter4,mean,111,0.06909090909091127,0.14636081307271226,False
hpmcounter4,mean,112,0.09212121212121085,0.19514775076361884,False
hpmcounter4,mean,113,0.051818181818181853,0.10977060980453499,False
hpmcounter4,mean,114,0.0,1e-06,True
hpmcounter4,mean,115,0.0,1e-06,True
hpmcounter4,mean,116,0.051818181818181853,0.10977060980453499,False
hpmcounter4,mean,117,0.13363636363636394,0.19434243407670193,False
hpmcounter4,mean,118,0.13393939393939328,0.13693694828043843,False
hpmcounter4,mean,119,0.12181818181818187,0.08899418633968088,False
hpmcounter4,mean,120,0.09212121212121165,0.08195334101737416,False
hpmcounter4,mean,121,0.04636363636363772,0.060996350961369704,False
hpmcounter4,mean,122,0.02969696969697173,0.06543445849262639,False
hpmcounter4,mean,123,0.023030303030301447,0.04150752558046013,False
hpmcounter4,mean,124,0.05787878787878729,0.08953723006188552,False
hpmcounter4,mean,125,0.13454545454545616,0.16237448355861508,False
hpmcounter4,mean,126,0.11575757575757457,0.10519170161765518,False
hpmcounter4,mean,127,0.05363636363636557,0.10034544750390446,False
hpmcounter4,mean,128,0.03969696969696805,0.09808913261553202,False
hpmcounter4,mean,129,0.029999999999999184,0.0762180582440535,False
hpmcounter4,mean,130,0.045454545454544436,0.07678726071585876,False
hpmcounter4,mean,131,0.06606060606060601,0.09346538846568835,False
hpmcounter4,mean,132,0.06787878787878707,0.10780026890024398,False
hpmcounter4,mean,133,0.06787878787878725,0.1198907240111975,False
hpmcounter4,mean,134,0.0684848484848474,0.11716695071791693,False
hpmcounter4,mean,135,0.04787878787878856,0.11671729881651431,False
hpmcounter4,mean,136,0.04121212121211979,0.06666956641511608,False
hpmcounter4,mean,137,0.0824242424242426,0.11141247613520262,False
hpmcounter4,mean,138,0.07121212121212217,0.05398883099060051,False
hpmcounter4,mean,139,0.15454545454545626,0.21882768130574629,False
hpmcounter4,mean,140,0.1933333333333321,0.2566887814842102,False
hpmcounter4,mean,141,0.24030303030303032,0.34185864567583274,False
hpmcounter4,mean,142,0.25515151515151535,0.3720759080734883,False
hpmcounter4,mean,143,0.30000000000000043,0.3525557933908926,False
hpmcounter4,mean,144,0.30696969696969445,0.3476178105152641,False
hpmcounter4,mean,145,0.32818181818181885,0.3864570984933284,False
hpmcounter4,mean,146,0.2257575757575779,0.3060953444053137,False
hpmcounter4,mean,147,0.20181818181818062,0.2975653954415795,False
hpmcounter4,mean,148,0.23999999999999827,0.3964874044064709,False
hpmcounter4,mean,149,0.18545454545454793,0.44447711445340216,False
hpmcounter4,mean,150,0.24363636363636365,0.458836102379007,False
hpmcounter4,mean,151,0.2996969696969705,0.3765617520155883,False
hpmcounter4,mean,152,0.33818181818181864,0.370501908238683,False
hpmcounter4,mean,153,0.25818181818181757,0.32141006810396355,False
hpmcounter4,mean,154,0.30303030303030304,0.3822963513002525,False
hpmcounter4,mean,155,0.2842424242424248,0.4399085146168685,False
hpmcounter4,mean,156,0.24727272727272717,0.4257939276256312,False
hpmcounter4,mean,157,0.24787878787878714,0.44038287215806227,False
hpmcounter4,mean,158,0.2957575757575756,0.39084343501152086,False
hpmcounter4,mean,159,0.24303030303030218,0.3538387700796012,False
hpmcounter4,mean,160,0.21030303030303027,0.3612312808679672,False
hpmcounter4,mean,161,0.20727272727272883,0.41125530572842106,False
hpmcounter4,mean,162,0.10787878787879039,0.20468251064239015,False
hpmcounter4,mean,163,0.17696969696969606,0.3468401658162726,False
hpmcounter4,mean,164,0.2509090909090907,0.3511294149294649,False
hpmcounter4,mean,165,0.28212121212121366,0.3994025551294469,False
hpmcounter4,mean,166,0.2336363636363627,0.3753791117665273,False
hpmcounter4,mean,167,0.24878787878787811,0.41252196951467973,False
hpmcounter4,mean,168,0.192121212121212,0.3717390720035392,False
hpmcounter4,mean,169,0.17818181818181963,0.2870349422013985,False
hpmcounter4,mean,170,0.16848484848484818,0.2671707574182623,False
hpmcounter4,mean,171,0.11121212121211999,0.22998614142528823,False
hpmcounter4,mean,172,0.11333333333333453,0.22152410762608388,False
hpmcounter4,mean,173,0.21242424242424257,0.30659766230100705,False
hpmcounter4,mean,174,0.22939393939393976,0.4152907250969535,False
hpmcounter4,mean,175,0.22212121212121289,0.35996162915278335,False
hpmcounter4,mean,176,0.13878787878787727,0.23761904367570344,False
hpmcounter4,mean,177,0.07272727272727267,0.1991718390927875,False
hpmcounter4,mean,178,0.06727272727272586,0.11658471821052,False
hpmcounter4,mean,179,0.1390909090909105,0.18298905288411038,False
hpmcounter4,mean,180,0.23181818181818076,0.2612830123203308,False
hpmcounter4,mean,181,0.2678787878787883,0.27671093765643523,False
hpmcounter4,mean,182,0.22666666666666613,0.26324027515353104,False
hpmcounter4,mean,183,0.13363636363636394,0.19434243407670193,False
hpmcounter4,mean,184,0.04909090909090903,0.15109863003435886,False
hpmcounter4,mean,185,0.09212121212121085,0.19514775076361884,False
hpmcounter4,mean,186,0.12090909090909152,0.2561314228772481,False
hpmcounter4,mean,187,0.13818181818181943,0.2927216261454265,False
hpmcounter4,mean,188,0.1439393939393927,0.30491836056815386,False
hpmcounter4,mean,189,0.13818181818181935,0.29272162614542613,False
hpmcounter4,mean,190,0.06909090909090806,0.14636081307271384,False
hpmcounter4,mean,191,0.039696969696969744,0.0555629012590856,False
hpmcounter4,mean,192,0.09575757575757704,0.2598490544536929,False
hpmcounter4,mean,193,0.1445454545454566,0.4177645099011241,False
hpmcounter4,mean,194,0.15121212121211877,0.45617983679375135,False
hpmcounter4,mean,195,0.14303030303030395,0.3724108821701702,False
hpmcounter4,mean,196,0.12333333333333459,0.2828104156276291,False
hpmcounter4,mean,197,0.09212121212121085,0.19514775076361884,False
hpmcounter4,mean,198,0.0693939393939389,0.08583331397779329,False
hpmcounter4,mean,199,0.06878787878787884,0.2071299301987706,False
hpmcounter4,mean,200,0.14030303030303132,0.31194711857090257,False
hpmcounter4,mean,201,0.12242424242424113,0.26802322778205107,False
hpmcounter4,mean,202,0.09484848484848243,0.22336805263141235,False
hpmcounter4,mean,203,0.11181818181818279,0.20741160461195873,False
hpmcounter4,mean,204,0.09333333333333504,0.14567235154662214,False
hpmcounter4,mean,205,0.061818181818179774,0.10588228344676125,False
hpmcounter4,mean,206,0.030303030303031785,0.08457463211204341,False
hpmcounter4,mean,207,0.054242424242423405,0.1490579053471803,False
hpmcounter4,mean,208,0.04575757575757731,0.16545711596346308,False
hpmcounter4,mean,209,0.03000000000000238,0.08348123745725389,False
hpmcounter4,mean,210,0.05999999999999846,0.08721688803746007,False
hpmcounter4,mean,211,0.09696969696969751,0.13420765964144005,False
hpmcounter4,mean,212,0.051818181818181944,0.10977060980453539,False
hpmcounter4,mean,213,0.02303030303030269,0.04878693769090462,False
hpmcounter4,mean,214,0.04606060606060538,0.09757387538180924,False
hpmcounter4,mean,215,0.06909090909091127,0.14636081307271226,False
hpmcounter4,mean,216,0.09212121212121085,0.19514775076361884,False
hpmcounter4,mean,217,0.051818181818181853,0.10977060980453499,False
hpmcounter4,mean,218,0.0,1e-06,True
hpmcounter4,mean,219,0.0,1e-06,True
hpmcounter4,mean,220,0.0,1e-06,True
hpmcounter4,mean,221,0.0,1e-06,True
hpmcounter4,mean,222,0.0,1e-06,True
hpmcounter4,mean,223,0.051818181818181853,0.10977060980453499,False
hpmcounter4,mean,224,0.08454545454545474,0.11151783853638089,False
hpmcounter4,mean,225,0.11454545454545384,0.19039220170292287,False
hpmcounter4,mean,226,0.13090909090909192,0.25176886187257547,False
hpmcounter4,mean,227,0.13787878787878666,0.29239304524896154,False
hpmcounter4,mean,228,0.14424242424242548,0.3058598359288932,False
hpmcounter4,mean,229,0.13909090909090968,0.2974313698111147,False
hpmcounter4,mean,230,0.12242424242424121,0.26802322778205145,False
hpmcounter4,mean,231,0.09424242424242264,0.22097691281729032,False
hpmcounter4,mean,232,0.05000000000000151,0.15460173475654926,False
hpmcounter4,mean,233,0.051818181818181944,0.10977060980453539,False
hpmcounter4,mean,234,0.09212121212121076,0.19514775076361848,False
hpmcounter4,mean,235,0.1209090909090916,0.2561314228772485,False
hpmcounter4,mean,236,0.13818181818181935,0.29272162614542613,False
hpmcounter4,mean,237,0.1439393939393927,0.30491836056815386,False
hpmcounter4,mean,238,0.13818181818181943,0.2927216261454265,False
hpmcounter4,mean,239,0.12090909090909152,0.2561314228772481,False
hpmcounter4,mean,240,0.09212121212121085,0.19514775076361884,False
hpmcounter4,mean,241,0.051818181818181853,0.10977060980453499,False
hpmcounter4,mean,242,0.0,1e-06,True
hpmcounter4,mean,243,0.051818181818181853,0.10977060980453499,False
hpmcounter4,mean,244,0.09212121212121085,0.19514775076361884,False
hpmcounter4,mean,245,0.15606060606060676,0.24604061011923942,False
hpmcounter4,mean,246,0.21818181818181817,0.3086559155691703,False
hpmcounter4,mean,247,0.25090909090909036,0.34548196539098863,False
hpmcounter4,mean,248,0.21272727272727493,0.30415993595091995,False
hpmcounter4,mean,249,0.11454545454545358,0.19039220170292231,False
hpmcounter4,mean,250,0.04757575757575801,0.12139181258144781,False
hpmcounter4,mean,251,0.08636363636363757,0.1829510163408915,False
hpmcounter4,mean,252,0.17999999999999972,0.29760112541575956,False
hpmcounter4,mean,253,0.20696969696969686,0.32486130922816103,False
hpmcounter4,mean,254,0.2551515151515166,0.4116302545181549,False
hpmcounter4,mean,255,0.21454545454545187,0.4111838481463786,False
hpmcounter4,mean,256,0.12696969696969918,0.3798026598284161,False
hpmcounter4,mean,257,0.06878787878788044,0.20712993019876982,False
hpmcounter4,mean,258,0.04606060606060538,0.09757387538180924,False
hpmcounter4,mean,259,0.028484848484848602,0.005420770854545178,False
hpmcounter4,mean,260,0.04363636363636312,0.08392295395752566,False
hpmcounter4,mean,261,0.0806060606060611,0.1707542819181658,False
hpmcounter4,mean,262,0.07212121212121189,0.20409892781638542,False
hpmcounter4,mean,263,0.07303030303030296,0.19120353992123418,False
hpmcounter4,mean,264,0.15454545454545282,0.27093153270423415,False
hpmcounter4,mean,265,0.14727272727272958,0.23614351996642743,False
hpmcounter4,mean,266,0.1684848484848466,0.19277561509402202,False
hpmcounter4,mean,267,0.21666666666666767,0.2335445097531968,False
hpmcounter4,mean,268,0.24606060606060484,0.30140809813600156,False
hpmcounter4,mean,269,0.2581818181818192,0.3597984603859218,False
hpmcounter4,mean,270,0.2800000000000008,0.4161711131705677,False
hpmcounter4,mean,271,0.31424242424242327,0.40039261095522816,False
hpmcounter4,mean,272,0.20666666666666716,0.3642838467319162,False
hpmcounter4,mean,273,0.18606060606060532,0.39112032669139896,False
hpmcounter4,mean,274,0.16000000000000086,0.29059259763956347,False
hpmcounter4,mean,275,0.2769696969696967,0.31031187686751516,False
hpmcounter4,mean,276,0.278181818181817,0.346415184098237,False
hpmcounter4,mean,277,0.31636363636363785,0.4531039343170667,False
hpmcounter4,mean,278,0.29272727272727284,0.4945641394975394,False
hpmcounter4,mean,279,0.2739393939393938,0.5017762658838121,False
hpmcounter4,mean,280,0.2336363636363627,0.43333377945795193,False
hpmcounter4,mean,281,0.11727272727272568,0.2830290735572284,False
hpmcounter4,mean,282,0.08181818181817917,0.1698905252957885,False
hpmcounter4,mean,283,0.08727272727272792,0.18928219989257364,False
hpmcounter4,mean,284,0.1527272727272721,0.3007223112152087,False
hpmcounter4,mean,285,0.13818181818181943,0.2927216261454265,False
hpmcounter4,mean,286,0.15818181818181953,0.2513154219362221,False
hpmcounter4,mean,287,0.17454545454545228,0.23877314375800154,False
hpmcounter4,mean,288,0.11000000000000121,0.15146123442586448,False
hpmcounter4,mean,289,0.04606060606060698,0.09757387538180845,False
hpmcounter4,mean,290,0.005757575757573274,0.012196734422727345,False
hpmcounter4,mean,291,0.017272727272727818,0.036590203268178065,False
hpmcounter4,mean,292,0.04696969696969502,0.10827043935570616,False
hpmcounter4,mean,293,0.09424242424242432,0.22097691281728993,False
hpmcounter4,mean,294,0.14212121212121281,0.259438615002331,False
hpmcounter4,mean,295,0.16909090909091037,0.2853766862871183,False
hpmcounter4,mean,296,0.16363636363636297,0.29794780822888955,False
hpmcounter4,mean,297,0.14727272727272736,0.2884706414954293,False
hpmcounter4,mean,298,0.1093939393939392,0.14922641370090794,False
hpmcounter4,median,10,0.1757575757575757,0.3102177913229023,False
hpmcounter4,median,11,0.26666666666666694,0.4737158925925808,False
hpmcounter4,median,12,0.24545454545454523,0.4592420835311874,False
hpmcounter4,median,13,0.2121212121212121,0.4429679209555685,False
hpmcounter4,median,14,0.15151515151515155,0.390551002488074,False
hpmcounter4,median,15,0.1333333333333334,0.3392116165554292,False
hpmcounter4,median,16,0.11212121212121211,0.2550727431470366,False
hpmcounter4,median,17,0.1121212121212122,0.24184540144918384,False
hpmcounter4,median,18,0.09999999999999991,0.2803472097603171,False
hpmcounter4,median,19,0.10303030303030311,0.25944997829588723,False
hpmcounter4,median,20,0.14848484848484844,0.39594630493376404,False
hpmcounter4,median,21,0.12121212121212128,0.34787756530802305,False
hpmcounter4,median,22,0.08787878787878789,0.2893064573803326,False
hpmcounter4,median,23,0.12121212121212128,0.28153421580371596,False
hpmcounter4,median,24,0.12727272727272726,0.27591614348381527,False
hpmcounter4,median,25,0.11515151515151523,0.32720183531321007,False
hpmcounter4,median,26,0.11818181818181808,0.34423242791604997,False
hpmcounter4,median,27,0.11515151515151514,0.36728630732706224,False
hpmcounter4,median,28,0.16363636363636366,0.3913421929723228,False
hpmcounter4,median,29,0.17272727272727276,0.37734654005295026,False
hpmcounter4,median,30,0.15757575757575754,0.36225148304425714,False
hpmcounter4,median,31,0.20606060606060606,0.40840807801109674,False
hpmcounter4,median,32,0.20303030303030312,0.4389234680848464,False
hpmcounter4,median,33,0.20909090909090908,0.4046393752714945,False
hpmcounter4,median,34,0.16969696969696954,0.3470986924430629,False
hpmcounter4,median,35,0.14848484848484844,0.34702906521473575,False
hpmcounter4,median,36,0.17272727272727267,0.40118475166479545,False
hpmcounter4,median,37,0.17575757575757586,0.42259877543742175,False
hpmcounter4,median,38,0.13030303030303036,0.34691763258275,False
hpmcounter4,median,39,0.1454545454545455,0.3606469358844784,False
hpmcounter4,median,40,0.1666666666666666,0.38273856816446106,False
hpmcounter4,median,41,0.1363636363636364,0.3064401455506189,False
hpmcounter4,median,42,0.08787878787878797,0.2451797150030522,False
hpmcounter4,median,43,0.06060606060606046,0.23182573921029156,False
hpmcounter4,median,44,0.06969696969696973,0.23205494992030273,False
hpmcounter4,median,45,0.04848484848484844,0.17870811617905152,False
hpmcounter4,median,46,0.09090909090909091,0.22804229093097458,False
hpmcounter4,median,47,0.08787878787878789,0.26342454230421153,False
hpmcounter4,median,48,0.07272727272727267,0.2853536529712344,False
hpmcounter4,median,49,0.1242424242424243,0.35745679636591654,False
hpmcounter4,median,50,0.10909090909090909,0.2812594141610667,False
hpmcounter4,median,51,0.06060606060606055,0.16095024958906354,False
hpmcounter4,median,52,0.021212121212121193,0.09486348995453646,False
hpmcounter4,median,53,0.042424242424242385,0.1320512522735278,False
hpmcounter4,median,54,0.06666666666666661,0.22753307788553953,False
hpmcounter4,median,55,0.12121212121212119,0.347877565308023,False
hpmcounter4,median,56,0.18484848484848476,0.3702090735076459,False
hpmcounter4,median,57,0.21818181818181825,0.43052985014180956,False
hpmcounter4,median,58,0.22727272727272715,0.44876709942450177,False
hpmcounter4,median,59,0.2454545454545456,0.46468229064666994,False
hpmcounter4,median,60,0.2727272727272725,0.4862420165228989,False
hpmcounter4,median,61,0.27575757575757587,0.46384948870372,False
hpmcounter4,median,62,0.2757575757575757,0.43056352606584225,False
hpmcounter4,median,63,0.2121212121212121,0.38254910924608027,False
hpmcounter4,median,64,0.13939393939393935,0.32791006522260485,False
hpmcounter4,median,65,0.15151515151515174,0.29592956538676846,False
hpmcounter4,median,66,0.14848484848484853,0.3010942940531459,False
hpmcounter4,median,67,0.2030303030303032,0.3524461081449034,False
hpmcounter4,median,68,0.29696969696969705,0.49114728306878097,False
hpmcounter4,median,69,0.34545454545454535,0.531306864890083,False
hpmcounter4,median,70,0.3696969696969699,0.5895354745744662,False
hpmcounter4,median,71,0.3090909090909088,0.479596756819523,False
hpmcounter4,median,72,0.21818181818181834,0.3978580706928622,False
hpmcounter4,median,73,0.08181818181818193,0.1857886515214787,False
hpmcounter4,median,74,0.030303030303030366,0.10122253047924999,False
hpmcounter4,median,75,0.07575757575757577,0.23338407451765253,False
hpmcounter4,median,76,0.1212121212121211,0.3388694968349428,False
hpmcounter4,median,77,0.1545454545454546,0.36968651121243645,False
hpmcounter4,median,78,0.16969696969696954,0.38712047085263757,False
hpmcounter4,median,79,0.16363636363636375,0.3720972099756256,False
hpmcounter4,median,80,0.11818181818181817,0.25140848221313633,False
hpmcounter4,median,81,0.12727272727272715,0.2585542910024427,False
hpmcounter4,median,82,0.10303030303030311,0.3072119767935797,False
hpmcounter4,median,83,0.1212121212121211,0.302711155703178,False
hpmcounter4,median,84,0.1,0.2676471751971075,False
hpmcounter4,median,85,0.10606060606060605,0.33478009939141906,False
hpmcounter4,median,86,0.1303030303030302,0.31905023134047217,False
hpmcounter4,median,87,0.1333333333333334,0.32879320731539396,False
hpmcounter4,median,88,0.09090909090909083,0.22462573386230605,False
hpmcounter4,median,89,0.06969696969696973,0.2252917386474237,False
hpmcounter4,median,90,0.07575757575757569,0.2868907749581317,False
hpmcounter4,median,91,0.04848484848484853,0.21683083418179802,False
hpmcounter4,median,92,0.039393939393939356,0.1308378919146101,False
hpmcounter4,median,93,0.02424242424242422,0.1084154170908988,False
hpmcounter4,median,94,0.036363636363636334,0.1626231256363482,False
hpmcounter4,median,95,0.04848484848484853,0.216830834181798,False
hpmcounter4,median,96,0.027272727272727247,0.12196734422726115,False
hpmcounter4,median,97,0.0,1e-06,True
hpmcounter4,median,98,0.0,1e-06,True
hpmcounter4,median,99,0.0,1e-06,True
hpmcounter4,median,100,0.0,1e-06,True
hpmcounter4,median,101,0.0,1e-06,True
hpmcounter4,median,102,0.0,1e-06,True
hpmcounter4,median,103,0.027272727272727247,0.12196734422726115,False
hpmcounter4,median,104,0.04848484848484853,0.21683083418179802,False
hpmcounter4,median,105,0.036363636363636334,0.1626231256363482,False
hpmcounter4,median,106,0.02424242424242422,0.1084154170908988,False
hpmcounter4,median,107,0.01212121212121211,0.0542077085454494,False
hpmcounter4,median,108,0.0,1e-06,True
hpmcounter4,median,109,0.01212121212121211,0.0542077085454494,False
hpmcounter4,median,110,0.02424242424242422,0.1084154170908988,False
hpmcounter4,median,111,0.036363636363636334,0.1626231256363482,False
hpmcounter4,median,112,0.04848484848484853,0.21683083418179802,False
hpmcounter4,median,113,0.027272727272727247,0.12196734422726115,False
hpmcounter4,median,114,0.0,1e-06,True
hpmcounter4,median,115,0.0,1e-06,True
hpmcounter4,median,116,0.027272727272727247,0.12196734422726115,False
hpmcounter4,median,117,0.07575757575757577,0.2431210082614498,False
hpmcounter4,median,118,0.08484848484848477,0.2130533177519497,False
hpmcounter4,median,119,0.08787878787878789,0.18495434519414758,False
hpmcounter4,median,120,0.05757575757575761,0.12509722669901616,False
hpmcounter4,median,121,0.027272727272727337,0.07735164997343445,False
hpmcounter4,median,122,0.027272727272727247,0.06660864518773144,False
hpmcounter4,median,123,0.018181818181818167,0.044405763458487624,False
hpmcounter4,median,124,0.06969696969696973,0.14881160544537125,False
hpmcounter4,median,125,0.1,0.19591793788175282,False
hpmcounter4,median,126,0.09696969696969707,0.1784916314040299,False
hpmcounter4,median,127,0.0878787878787878,0.18599664335993477,False
hpmcounter4,median,128,0.054545454545454494,0.14962133829966603,False
hpmcounter4,median,129,0.027272727272727337,0.07735164997343445,False
hpmcounter4,median,130,0.033333333333333395,0.0845174677715406,False
hpmcounter4,median,131,0.039393939393939446,0.11342617456312021,False
hpmcounter4,median,132,0.07878787878787871,0.18560646746692364,False
hpmcounter4,median,133,0.08484848484848477,0.18695559569322104,False
hpmcounter4,median,134,0.051515151515151646,0.12784862490744867,False
hpmcounter4,median,135,0.045454545454545504,0.11777421223229359,False
hpmcounter4,median,136,0.06666666666666661,0.16903493554308058,False
hpmcounter4,median,137,0.04848484848484844,0.13987158992920895,False
hpmcounter4,median,138,0.05757575757575761,0.14243951188974133,False
hpmcounter4,median,139,0.09393939393939395,0.2641573981987826,False
hpmcounter4,median,140,0.1424242424242424,0.3160060797572957,False
hpmcounter4,median,141,0.1787878787878788,0.39004330268714865,False
hpmcounter4,median,142,0.16969696969696962,0.4377436975326915,False
hpmcounter4,median,143,0.19393939393939386,0.451226586443625,False
hpmcounter4,median,144,0.22727272727272743,0.46733728405127734,False
hpmcounter4,median,145,0.2424242424242422,0.4706863069349158,False
hpmcounter4,median,146,0.17878787878787888,0.3622915056731063,False
hpmcounter4,median,147,0.19393939393939386,0.3660737029882443,False
hpmcounter4,median,148,0.21818181818181817,0.41123838268639185,False
hpmcounter4,median,149,0.1757575757575757,0.4487778688441029,False
hpmcounter4,median,150,0.22121212121212136,0.4757011923232366,False
hpmcounter4,median,151,0.22121212121212128,0.4450469551914334,False
hpmcounter4,median,152,0.23636363636363616,0.4702342967580804,False
hpmcounter4,median,153,0.23030303030303018,0.45036890350426323,False
hpmcounter4,median,154,0.23030303030303037,0.449939448935816,False
hpmcounter4,median,155,0.2333333333333333,0.47488771442080385,False
hpmcounter4,median,156,0.23939393939393935,0.4600832254668716,False
hpmcounter4,median,157,0.2575757575757576,0.45983104444460904,False
hpmcounter4,median,158,0.2575757575757575,0.45941043512316215,False
hpmcounter4,median,159,0.1999999999999999,0.3996518711263889,False
hpmcounter4,median,160,0.16363636363636375,0.391835875763506,False
hpmcounter4,median,161,0.18181818181818166,0.42538011044770996,False
hpmcounter4,median,162,0.17575757575757586,0.3342166055897518,False
hpmcounter4,median,163,0.1636363636363635,0.3631575795398015,False
hpmcounter4,median,164,0.19090909090909092,0.402147346178335,False
hpmcounter4,median,165,0.23333333333333323,0.4371581460933344,False
hpmcounter4,median,166,0.2515151515151516,0.43538566645664173,False
hpmcounter4,median,167,0.23636363636363633,0.4303052766300285,False
hpmcounter4,median,168,0.1878787878787879,0.37406626619426503,False
hpmcounter4,median,169,0.1545454545454546,0.3124377082568086,False
hpmcounter4,median,170,0.11515151515151505,0.30328537908811876,False
hpmcounter4,median,171,0.08787878787878797,0.24280273483648668,False
hpmcounter4,median,172,0.12727272727272715,0.24393468845452232,False
hpmcounter4,median,173,0.17575757575757586,0.3370963469496075,False
hpmcounter4,median,174,0.20606060606060597,0.4318748388920445,False
hpmcounter4,median,175,0.19696969696969696,0.3951643328221238,False
hpmcounter4,median,176,0.11212121212121211,0.25431370934652187,False
hpmcounter4,median,177,0.07272727272727267,0.1991718390927875,False
hpmcounter4,median,178,0.045454545454545414,0.13024552716570512,False
hpmcounter4,median,179,0.08181818181818183,0.23205494992030273,False
hpmcounter4,median,180,0.13636363636363633,0.3533226366968804,False
hpmcounter4,median,181,0.15757575757575762,0.39000612797233847,False
hpmcounter4,median,182,0.13939393939393935,0.3604860883617743,False
hpmcounter4,median,183,0.07575757575757577,0.2431210082614498,False
hpmcounter4,median,184,0.054545454545454494,0.16788736670484325,False
hpmcounter4,median,185,0.04848484848484853,0.21683083418179802,False
hpmcounter4,median,186,0.06363636363636357,0.28459046986360936,False
hpmcounter4,median,187,0.07272727272727275,0.3252462512726968,False
hpmcounter4,median,188,0.07575757575757577,0.3387981784090592,False
hpmcounter4,median,189,0.07272727272727267,0.3252462512726964,False
hpmcounter4,median,190,0.036363636363636334,0.1626231256363482,False
hpmcounter4,median,191,0.027272727272727247,0.12196734422726115,False
hpmcounter4,median,192,0.08484848484848487,0.2641025045470559,False
hpmcounter4,median,193,0.13636363636363624,0.42075348224698766,False
hpmcounter4,median,194,0.14848484848484853,0.45713245740291963,False
hpmcounter4,median,195,0.12121212121212119,0.3812836439549329,False
hpmcounter4,median,196,0.0878787878787878,0.2991619115236122,False
hpmcounter4,median,197,0.04848484848484853,0.21683083418179802,False
hpmcounter4,median,198,0.05151515151515147,0.1588648047711133,False
hpmcounter4,median,199,0.07575757575757569,0.24312100826144947,False
hpmcounter4,median,200,0.09393939393939395,0.3339706825450024,False
hpmcounter4,median,201,0.07878787878787881,0.28905576573793795,False
hpmcounter4,median,202,0.11212121212121211,0.2632777263294218,False
hpmcounter4,median,203,0.1,0.2535524033146212,False
hpmcounter4,median,204,0.054545454545454584,0.17243182432182907,False
hpmcounter4,median,205,0.042424242424242385,0.11814296175526007,False
hpmcounter4,median,206,0.030303030303030366,0.08457463211204393,False
hpmcounter4,median,207,0.051515151515151555,0.15010508136034498,False
hpmcounter4,median,208,0.07272727272727267,0.19917183909278752,False
hpmcounter4,median,209,0.027272727272727337,0.08451746777154058,False
hpmcounter4,median,210,0.033333333333333305,0.1067532633840726,False
hpmcounter4,median,211,0.06363636363636357,0.1980768784102917,False
hpmcounter4,median,212,0.027272727272727337,0.12196734422726155,False
hpmcounter4,median,213,0.01212121212121211,0.0542077085454494,False
hpmcounter4,median,214,0.02424242424242422,0.1084154170908988,False
hpmcounter4,median,215,0.036363636363636334,0.1626231256363482,False
hpmcounter4,median,216,0.04848484848484853,0.216830834181798,False
hpmcounter4,median,217,0.027272727272727247,0.12196734422726115,False
hpmcounter4,median,218,0.0,1e-06,True
hpmcounter4,median,219,0.0,1e-06,True
hpmcounter4,median,220,0.0,1e-06,True
hpmcounter4,median,221,0.0,1e-06,True
hpmcounter4,median,222,0.0,1e-06,True
hpmcounter4,median,223,0.027272727272727247,0.12196734422726115,False
hpmcounter4,median,224,0.04848484848484844,0.1505230678303493,False
hpmcounter4,median,225,0.06363636363636375,0.22374184396272126,False
hpmcounter4,median,226,0.07272727272727267,0.2853536529712344,False
hpmcounter4,median,227,0.07575757575757577,0.32481503791248834,False
hpmcounter4,median,228,0.07878787878787881,0.33835566864424976,False
hpmcounter4,median,229,0.08181818181818175,0.3256472124908251,False
hpmcounter4,median,230,0.07878787878787889,0.28905576573793834,False
hpmcounter4,median,231,0.06969696969696963,0.2320549499203024,False
hpmcounter4,median,232,0.054545454545454584,0.1678873667048435,False
hpmcounter4,median,233,0.027272727272727337,0.12196734422726155,False
hpmcounter4,median,234,0.04848484848484844,0.2168308341817976,False
hpmcounter4,median,235,0.06363636363636367,0.28459046986360975,False
hpmcounter4,median,236,0.07272727272727267,0.3252462512726964,False
hpmcounter4,median,237,0.07575757575757577,0.3387981784090592,False
hpmcounter4,median,238,0.07272727272727275,0.3252462512726968,False
hpmcounter4,median,239,0.06363636363636357,0.28459046986360936,False
hpmcounter4,median,240,0.04848484848484853,0.21683083418179802,False
hpmcounter4,median,241,0.027272727272727247,0.12196734422726115,False
hpmcounter4,median,242,0.0,1e-06,True
hpmcounter4,median,243,0.027272727272727247,0.12196734422726115,False
hpmcounter4,median,244,0.04848484848484853,0.21683083418179802,False
hpmcounter4,median,245,0.09090909090909083,0.3036675914377496,False
hpmcounter4,median,246,0.12121212121212128,0.3812836439549331,False
hpmcounter4,median,247,0.13939393939393935,0.4308440564027844,False
hpmcounter4,median,248,0.11818181818181825,0.37436331335632367,False
hpmcounter4,median,249,0.06363636363636349,0.22374184396272068,False
hpmcounter4,median,250,0.03939393939393927,0.1247877711187742,False
hpmcounter4,median,251,0.045454545454545504,0.20327890704543566,False
hpmcounter4,median,252,0.1,0.35024518984080455,False
hpmcounter4,median,253,0.14848484848484844,0.3915273969673121,False
hpmcounter4,median,254,0.18484848484848487,0.45839939814111086,False
hpmcounter4,median,255,0.1757575757575757,0.4329924714188996,False
hpmcounter4,median,256,0.14848484848484853,0.3915273969673123,False
hpmcounter4,median,257,0.07575757575757569,0.24312100826144944,False
hpmcounter4,median,258,0.02424242424242422,0.1084154170908988,False
hpmcounter4,median,259,0.027272727272727247,0.12196734422726115,False
hpmcounter4,median,260,0.02424242424242431,0.09511788432374486,False
hpmcounter4,median,261,0.042424242424242475,0.1897269799090733,False
hpmcounter4,median,262,0.06666666666666661,0.20613564634206658,False
hpmcounter4,median,263,0.08484848484848487,0.21842977227226779,False
hpmcounter4,median,264,0.11818181818181825,0.29328838281077513,False
hpmcounter4,median,265,0.10606060606060605,0.26371792904952435,False
hpmcounter4,median,266,0.10909090909090899,0.24918794215548037,False
hpmcounter4,median,267,0.15454545454545468,0.3055556653968814,False
hpmcounter4,median,268,0.18181818181818166,0.38881466043869184,False
hpmcounter4,median,269,0.2212121212121212,0.45831504438447057,False
hpmcounter4,median,270,0.2121212121212121,0.4646926912261589,False
hpmcounter4,median,271,0.22727272727272707,0.4755386080685372,False
hpmcounter4,median,272,0.2242424242424244,0.42223265124008946,False
hpmcounter4,median,273,0.18181818181818174,0.40105221423927806,False
hpmcounter4,median,274,0.09696969696969689,0.3286755921417807,False
hpmcounter4,median,275,0.1878787878787878,0.3961537568205835,False
hpmcounter4,median,276,0.23939393939393955,0.4949017542534613,False
hpmcounter4,median,277,0.24545454545454531,0.5118007169804436,False
hpmcounter4,median,278,0.2545454545454546,0.5193468347770159,False
hpmcounter4,median,279,0.2666666666666668,0.5155360231218019,False
hpmcounter4,median,280,0.22727272727272715,0.43698122165806447,False
hpmcounter4,median,281,0.10909090909090909,0.2920498632317723,False
hpmcounter4,median,282,0.06969696969696955,0.17617505277271045,False
hpmcounter4,median,283,0.054545454545454584,0.205195670417031,False
hpmcounter4,median,284,0.08484848484848487,0.33909761500068725,False
hpmcounter4,median,285,0.07272727272727275,0.3252462512726968,False
hpmcounter4,median,286,0.0878787878787878,0.2991619115236122,False
hpmcounter4,median,287,0.09696969696969707,0.2984664296974997,False
hpmcounter4,median,288,0.06666666666666661,0.208930201976072,False
hpmcounter4,median,289,0.02424242424242422,0.1084154170908988,False
hpmcounter4,median,290,0.0030303030303030277,0.01355192713636235,False
hpmcounter4,median,291,0.009090909090909084,0.04065578140908705,False
hpmcounter4,median,292,0.042424242424242475,0.13637249661096482,False
hpmcounter4,median,293,0.06969696969696973,0.23205494992030273,False
hpmcounter4,median,294,0.11818181818181808,0.31917139349478385,False
hpmcounter4,median,295,0.09393939393939395,0.33397068254500234,False
hpmcounter4,median,296,0.09090909090909101,0.3419927840283849,False
hpmcounter4,median,297,0.08181818181818175,0.3256472124908251,False
hpmcounter4,median,298,0.06666666666666661,0.1975148877380121,False
hpmcounter5,mean,10,3.964848484848562,5.6051949760588515,False
hpmcounter5,mean,11,4.832969696969758,8.153624971147728,False
hpmcounter5,mean,12,6.153757575757618,9.403193797448907,False
hpmcounter5,mean,13,5.881696969697009,9.40873290193588,False
hpmcounter5,mean,14,5.252727272727293,9.451467866990448,False
hpmcounter5,mean,15,5.380545454545609,8.933727131824627,False
hpmcounter5,mean,16,4.603939393939413,6.730235722612552,False
hpmcounter5,mean,17,3.8633333333333213,6.736856464978517,False
hpmcounter5,mean,18,4.532575757575796,8.548639608847397,False
hpmcounter5,mean,19,5.585454545454581,8.300825071824876,False
hpmcounter5,mean,20,7.633484848484841,12.64898868182931,False
hpmcounter5,mean,21,5.44130303030297,10.455063427567962,False
hpmcounter5,mean,22,3.650484848484757,4.811906427017679,False
hpmcounter5,mean,23,4.2224242424247675,6.909592443812665,False
hpmcounter5,mean,24,5.290060606060251,6.207986519599112,False
hpmcounter5,mean,25,4.433030303030273,8.31419718462355,False
hpmcounter5,mean,26,5.621999999999844,8.725543806018464,False
hpmcounter5,mean,27,6.02590909090934,8.941782616823838,False
hpmcounter5,mean,28,6.1787272727272695,9.513819116375522,False
hpmcounter5,mean,29,6.031333333333578,9.679576990938141,False
hpmcounter5,mean,30,5.32339393939385,9.092162290868272,False
hpmcounter5,mean,31,6.8498787878788105,9.463965856639177,False
hpmcounter5,mean,32,7.025393939393757,9.835576317446073,False
hpmcounter5,mean,33,8.68824242424273,8.323414534685115,False
hpmcounter5,mean,34,6.415121212121312,8.360534028037153,False
hpmcounter5,mean,35,7.303666666666368,8.351113986043481,False
hpmcounter5,mean,36,7.768787878788112,11.112044542010437,False
hpmcounter5,mean,37,6.71212121212111,11.750260471139693,False
hpmcounter5,mean,38,5.3845454545458775,8.869988961148199,False
hpmcounter5,mean,39,6.602060606060081,7.294915129321445,False
hpmcounter5,mean,40,6.096727272727503,8.172269810066867,False
hpmcounter5,mean,41,6.343333333333112,8.0212383673667,False
hpmcounter5,mean,42,3.692969696969931,5.658242403417935,False
hpmcounter5,mean,43,3.676818181818271,5.9516502447662045,False
hpmcounter5,mean,44,4.62403030303035,5.686642583477085,False
hpmcounter5,mean,45,3.2945454545454367,4.684208584419084,False
hpmcounter5,mean,46,4.0151515151515245,5.830582379153295,False
hpmcounter5,mean,47,4.115242424242661,5.456819222253641,False
hpmcounter5,mean,48,3.5659696969695234,6.965919423626882,False
hpmcounter5,mean,49,5.227999999999838,10.226262544427968,False
hpmcounter5,mean,50,4.641333333333205,7.94373611758804,False
hpmcounter5,mean,51,3.7086060606059164,3.891013796680305,False
hpmcounter5,mean,52,1.901454545454385,2.082228263332725,False
hpmcounter5,mean,53,2.450757575757643,3.591456613417494,False
hpmcounter5,mean,54,4.009333333333506,6.320996411701896,False
hpmcounter5,mean,55,4.736575757575906,9.195602854427891,False
hpmcounter5,mean,56,6.599000000000342,10.510779649556092,False
hpmcounter5,mean,57,7.809151515151529,9.551374634447617,False
hpmcounter5,mean,58,8.72066666666658,11.018143256188063,False
hpmcounter5,mean,59,9.670424242424701,10.23172655216868,False
hpmcounter5,mean,60,10.48136363636354,11.829475480368597,False
hpmcounter5,mean,61,9.802272727272475,8.420457559399555,False
hpmcounter5,mean,62,11.563515151515116,8.377128311843064,False
hpmcounter5,mean,63,8.882787878788122,8.09440875372284,False
hpmcounter5,mean,64,6.210090909090786,8.646123890266926,False
hpmcounter5,mean,65,5.607272727272948,8.49662826398564,False
hpmcounter5,mean,66,5.412363636363307,6.524671536952945,False
hpmcounter5,mean,67,7.819575757575626,7.262189054561622,False
hpmcounter5,mean,68,10.049060606060584,9.615989518444218,False
hpmcounter5,mean,69,12.870545454545208,12.05594909072233,False
hpmcounter5,mean,70,12.637121212121656,13.592102876347699,False
hpmcounter5,mean,71,12.064848484848358,9.7950557774839,False
hpmcounter5,mean,72,6.750636363636363,8.207225423125966,False
hpmcounter5,mean,73,4.008848484848431,3.916339359409229,False
hpmcounter5,mean,74,2.9175757575757415,3.3270524557922894,False
hpmcounter5,mean,75,4.042727272727257,6.571726250150462,False
hpmcounter5,mean,76,5.12424242424247,9.178083493096741,False
hpmcounter5,mean,77,6.469666666666581,9.614623561269994,False
hpmcounter5,mean,78,6.22578787878806,9.792631249735198,False
hpmcounter5,mean,79,6.028757575757458,9.506516028755115,False
hpmcounter5,mean,80,5.364484848484835,6.53537483794073,False
hpmcounter5,mean,81,4.7156666666666975,6.980250611156991,False
hpmcounter5,mean,82,4.848424242424267,9.012594284139938,False
hpmcounter5,mean,83,4.410848484848498,7.88667249178046,False
hpmcounter5,mean,84,4.704636363636292,6.572830627005954,False
hpmcounter5,mean,85,4.996818181818435,8.827160102399358,False
hpmcounter5,mean,86,5.724606060606152,8.436285005774911,False
hpmcounter5,mean,87,6.238878787878798,9.576470781335814,False
hpmcounter5,mean,88,3.831909090909062,5.319219556509011,False
hpmcounter5,mean,89,3.658848484848227,5.83350668447265,False
hpmcounter5,mean,90,3.8640303030303356,7.296300666301794,False
hpmcounter5,mean,91,4.053666666666731,5.884094470983967,False
hpmcounter5,mean,92,3.1223030303030783,2.2399488479490333,False
hpmcounter5,mean,93,2.5151818181818273,2.475427017574296,False
hpmcounter5,mean,94,3.877212121212051,4.702314517867532,False
hpmcounter5,mean,95,4.217787878787908,6.338585306714216,False
hpmcounter5,mean,96,2.8129696969696854,3.6177756626484965,False
hpmcounter5,mean,97,1.4652727272726906,1.1149481317202734,False
hpmcounter5,mean,98,1.2136363636363512,1.4833470585013344,False
hpmcounter5,mean,99,1.5427878787879081,1.6037403467826439,False
hpmcounter5,mean,100,1.4417575757575605,1.2210712144797704,False
hpmcounter5,mean,101,2.035090909090968,1.7506808098714277,False
hpmcounter5,mean,102,1.908606060606121,1.7496185611349981,False
hpmcounter5,mean,103,1.8510606060605368,1.3532604986075232,False
hpmcounter5,mean,104,3.2866363636365805,6.006874953764395,False
hpmcounter5,mean,105,2.877121212120733,4.716773733050728,False
hpmcounter5,mean,106,2.3343030303031354,3.197610535557997,False
hpmcounter5,mean,107,2.6478181818182973,2.6790974432691117,False
hpmcounter5,mean,108,1.9850909090908773,1.6693090365808514,False
hpmcounter5,mean,109,2.4562121212121157,1.86315590725898,False
hpmcounter5,mean,110,3.183030303030455,2.3885547825116116,False
hpmcounter5,mean,111,3.095575757575671,4.112949734771847,False
hpmcounter5,mean,112,3.095484848484739,5.493837481405934,False
hpmcounter5,mean,113,2.5578787878789853,3.678031591594527,False
hpmcounter5,mean,114,1.8284848484848453,1.2487971303907992,False
hpmcounter5,mean,115,1.9769090909091118,1.677092677585254,False
hpmcounter5,mean,116,2.647090909090912,3.2042107137937705,False
hpmcounter5,mean,117,3.667696969696999,5.494425301559981,False
hpmcounter5,mean,118,4.4316666666668425,4.386805621295947,False
hpmcounter5,mean,119,4.06415151515107,4.264991652665739,False
hpmcounter5,mean,120,3.110909090909149,2.8903738650382746,False
hpmcounter5,mean,121,3.545212121211807,2.1425913584837364,False
hpmcounter5,mean,122,2.246272727272776,1.4589991527969683,False
hpmcounter5,mean,123,2.0678484848485823,1.145929531570065,False
hpmcounter5,mean,124,2.6239999999998416,2.8637478921429205,False
hpmcounter5,mean,125,5.091151515151455,5.106851541068223,False
hpmcounter5,mean,126,4.065696969697001,3.2966309511455414,False
hpmcounter5,mean,127,4.035606060606051,3.1854046582783706,False
hpmcounter5,mean,128,3.041818181818212,3.5762368667509614,False
hpmcounter5,mean,129,3.1549090909091317,2.302500022052931,False
hpmcounter5,mean,130,2.8528484848484594,2.463559776818779,False
hpmcounter5,mean,131,2.9712121212118747,3.306657289037426,False
hpmcounter5,mean,132,3.0693939393939447,3.660658982263583,False
hpmcounter5,mean,133,3.841696969697023,3.620561388282457,False
hpmcounter5,mean,134,3.18799999999992,3.9980713517716557,False
hpmcounter5,mean,135,3.460242424242483,4.409721484474243,False
hpmcounter5,mean,136,2.853151515151308,2.538634515107712,False
hpmcounter5,mean,137,3.327333333333604,4.316605257514702,False
hpmcounter5,mean,138,3.2588181818181967,2.9827277594759405,False
hpmcounter5,mean,139,4.816757575757333,6.410183657828578,False
hpmcounter5,mean,140,6.008575757575795,7.357288532094302,False
hpmcounter5,mean,141,6.882575757575819,9.51122570172921,False
hpmcounter5,mean,142,7.278030303030414,10.946350472930831,False
hpmcounter5,mean,143,8.731909090909038,10.845501284015894,False
hpmcounter5,mean,144,9.25599999999938,11.221714787682878,False
hpmcounter5,mean,145,9.80378787878799,11.190952743175314,False
hpmcounter5,mean,146,6.904212121212231,8.155301975152573,False
hpmcounter5,mean,147,6.695787878787973,8.837443456259704,False
hpmcounter5,mean,148,7.460515151515006,10.50873523801715,False
hpmcounter5,mean,149,6.552121212121233,11.706234738709496,False
hpmcounter5,mean,150,7.730181818181745,12.54232935224566,False
hpmcounter5,mean,151,8.992121212121447,11.321490131794024,False
hpmcounter5,mean,152,9.7301818181812,10.803593073557986,False
hpmcounter5,mean,153,8.140363636364304,9.306640851661001,False
hpmcounter5,mean,154,8.196666666666465,10.769537492345945,False
hpmcounter5,mean,155,8.23972727272701,12.68577414090723,False
hpmcounter5,mean,156,8.60160606060631,12.94366731128657,False
hpmcounter5,mean,157,8.526575757575916,12.237160863087366,False
hpmcounter5,mean,158,6.989757575757426,9.69385237452944,False
hpmcounter5,mean,159,7.464969696969592,9.768951439215066,False
hpmcounter5,mean,160,6.495909090909231,10.204925205675552,False
hpmcounter5,mean,161,6.941393939394038,11.765213715697454,False
hpmcounter5,mean,162,4.48696969696964,4.7097232214819424,False
hpmcounter5,mean,163,6.569969696969542,9.992899452868338,False
hpmcounter5,mean,164,8.300909090909226,9.656514550235011,False
hpmcounter5,mean,165,7.946121212121193,11.029901475243383,False
hpmcounter5,mean,166,9.11221212121211,11.985059041212603,False
hpmcounter5,mean,167,7.541030303030266,11.398675246903503,False
hpmcounter5,mean,168,6.614333333333275,10.057370599196451,False
hpmcounter5,mean,169,5.055303030302935,6.7471980616294625,False
hpmcounter5,mean,170,5.225030303030553,6.9746629852742315,False
hpmcounter5,mean,171,3.5541818181819282,3.813787103516722,False
hpmcounter5,mean,172,4.896636363636366,5.061115502058426,False
hpmcounter5,mean,173,7.60151515151515,8.833966512387562,False
hpmcounter5,mean,174,6.795393939393921,11.70454760010923,False
hpmcounter5,mean,175,7.029121212121163,11.647764994386637,False
hpmcounter5,mean,176,5.024969696969583,6.876045465317855,False
hpmcounter5,mean,177,4.036818181818217,5.56162963561582,False
hpmcounter5,mean,178,4.021848484848443,3.2761424172757025,False
hpmcounter5,mean,179,4.314666666666835,5.21365747768482,False
hpmcounter5,mean,180,6.723333333333358,8.001728022495815,False
hpmcounter5,mean,181,7.535272727272604,8.28965005689794,False
hpmcounter5,mean,182,6.342090909091189,8.264239073216576,False
hpmcounter5,mean,183,4.115303030302835,5.699950660172003,False
hpmcounter5,mean,184,3.6162727272725532,4.5002849061616175,False
hpmcounter5,mean,185,3.27530303030303,5.823946764697544,False
hpmcounter5,mean,186,3.974363636363955,7.936999103364279,False
hpmcounter5,mean,187,5.032272727272584,8.363909391274392,False
hpmcounter5,mean,188,4.977727272727316,8.914784011097803,False
hpmcounter5,mean,189,4.568151515151181,8.50516473277303,False
hpmcounter5,mean,190,2.896393939393852,3.8219544637351968,False
hpmcounter5,mean,191,2.881939393939433,3.270613586445091,False
hpmcounter5,mean,192,3.942090909090916,7.268093791074407,False
hpmcounter5,mean,193,5.556484848484729,12.481734607421739,False
hpmcounter5,mean,194,6.673727272727274,13.66250594289009,False
hpmcounter5,mean,195,5.613151515151503,10.816487116756182,False
hpmcounter5,mean,196,5.28069696969676,7.442865463065428,False
hpmcounter5,mean,197,3.604060606060648,5.5751859845014105,False
hpmcounter5,mean,198,3.5423333333332723,4.857673288138826,False
hpmcounter5,mean,199,3.9363636363636942,6.75698613229275,False
hpmcounter5,mean,200,5.33439393939409,9.780043952454902,False
hpmcounter5,mean,201,5.173848484848236,8.225517723589444,False
hpmcounter5,mean,202,4.529090909090928,6.960865664893749,False
hpmcounter5,mean,203,4.783696969696803,6.799599005083753,False
hpmcounter5,mean,204,3.499878787878788,4.3634366851352215,False
hpmcounter5,mean,205,3.0758787878787417,3.7690049832319317,False
hpmcounter5,mean,206,2.5313939393940474,2.431874311385396,False
hpmcounter5,mean,207,3.1017878787877633,3.4112354082909753,False
hpmcounter5,mean,208,3.7952727272728,4.635987294771617,False
hpmcounter5,mean,209,2.915818181818031,3.385621553762702,False
hpmcounter5,mean,210,2.7996363636362958,3.0909950414920355,False
hpmcounter5,mean,211,2.9828181818183794,3.059686278486408,False
hpmcounter5,mean,212,2.3628787878788216,3.3766723374679213,False
hpmcounter5,mean,213,2.0303636363636315,1.8386270984284192,False
hpmcounter5,mean,214,2.6926363636363932,3.9256573275795095,False
hpmcounter5,mean,215,2.958181818181879,4.609743342238285,False
hpmcounter5,mean,216,3.158969696969757,6.415792737204423,False
hpmcounter5,mean,217,2.2193030303031493,1.6819537773117987,False
hpmcounter5,mean,218,1.6092727272727871,1.2744413929811342,False
hpmcounter5,mean,219,1.9081515151514394,1.3518390908510158,False
hpmcounter5,mean,220,1.820333333333383,1.578254327644882,False
hpmcounter5,mean,221,1.9501818181816133,1.6439673489271693,False
hpmcounter5,mean,222,2.330666666666616,1.249337569774413,False
hpmcounter5,mean,223,2.2190606060605886,3.2307674886254643,False
hpmcounter5,mean,224,3.2323333333334174,3.7126296004440116,False
hpmcounter5,mean,225,3.134787878787847,5.57413027498105,False
hpmcounter5,mean,226,4.0417272727272575,7.306300099269927,False
hpmcounter5,mean,227,3.9676060606059536,8.399143668420445,False
hpmcounter5,mean,228,4.681363636363562,8.347281635377243,False
hpmcounter5,mean,229,4.559636363636423,8.34268154082799,False
hpmcounter5,mean,230,4.487030303030292,7.636829383533623,False
hpmcounter5,mean,231,4.006030303030388,6.480336704939365,False
hpmcounter5,mean,232,3.6320000000000165,4.758552065531998,False
hpmcounter5,mean,233,2.699424242424243,3.0969621842496946,False
hpmcounter5,mean,234,3.4718484848485334,5.526789013484729,False
hpmcounter5,mean,235,4.68272727272722,8.182484549625622,False
hpmcounter5,mean,236,4.7716666666667376,8.65174989556316,False
hpmcounter5,mean,237,4.882181818181811,8.86413873989004,False
hpmcounter5,mean,238,4.647696969696971,9.025971539876165,False
hpmcounter5,mean,239,4.4820909090910845,7.484064053000047,False
hpmcounter5,mean,240,3.6885454545452374,6.186131584243522,False
hpmcounter5,mean,241,2.8831818181820608,3.4723212706377393,False
hpmcounter5,mean,242,1.9170909090908252,1.4070934115858984,False
hpmcounter5,mean,243,1.3453636363635724,1.1005605537423448,False
hpmcounter5,mean,244,3.8218787878787905,5.993390851576751,False
hpmcounter5,mean,245,4.138545454545602,7.0166483751690185,False
hpmcounter5,mean,246,5.86754545454512,8.472530581337502,False
hpmcounter5,mean,247,6.3326969696976905,9.258824192648293,False
hpmcounter5,mean,248,5.582484848484728,8.846830751208886,False
hpmcounter5,mean,249,3.8123636363634885,5.92573232169702,False
hpmcounter5,mean,250,3.541484848484811,3.341195781512837,False
hpmcounter5,mean,251,3.428333333333626,5.301384230743003,False
hpmcounter5,mean,252,5.249696969696697,8.358683553044658,False
hpmcounter5,mean,253,5.963272727273079,9.099937879876578,False
hpmcounter5,mean,254,7.423878787878448,11.944040984580075,False
hpmcounter5,mean,255,7.041151515151341,11.601760490967774,False
hpmcounter5,mean,256,6.370727272727118,11.130659791735338,False
hpmcounter5,mean,257,4.476999999999952,6.0388891627391255,False
hpmcounter5,mean,258,3.5573636363636525,2.518332849183757,False
hpmcounter5,mean,259,2.5587575757577725,2.9797395114241185,False
hpmcounter5,mean,260,2.269333333333293,2.4125380803973444,False
hpmcounter5,mean,261,3.8008484848485296,4.7829124684067414,False
hpmcounter5,mean,262,4.231666666666683,4.9516445643389595,False
hpmcounter5,mean,263,4.170939393939352,5.014829202650677,False
hpmcounter5,mean,264,5.159666666666771,7.5593005823988335,False
hpmcounter5,mean,265,5.1309090909089266,6.413069306390637,False
hpmcounter5,mean,266,4.711454545454489,5.605121590049961,False
hpmcounter5,mean,267,6.410151515151642,6.606449579215917,False
hpmcounter5,mean,268,6.598848484848031,8.37924574492154,False
hpmcounter5,mean,269,8.372727272727616,10.57802541685267,False
hpmcounter5,mean,270,8.482909090909766,12.128051730760369,False
hpmcounter5,mean,271,9.653696969696535,12.472208433014886,False
hpmcounter5,mean,272,7.67084848484842,10.932116035028981,False
hpmcounter5,mean,273,6.894636363636437,11.562609382465316,False
hpmcounter5,mean,274,4.630303030302661,7.942765297080125,False
hpmcounter5,mean,275,7.577939393939573,8.691633460411065,False
hpmcounter5,mean,276,7.797909090908865,10.954123398418213,False
hpmcounter5,mean,277,8.893969696970089,13.71444146481686,False
hpmcounter5,mean,278,8.803969696969238,14.888471650267585,False
hpmcounter5,mean,279,8.010999999999967,14.218310051449757,False
hpmcounter5,mean,280,7.6009090909090675,12.140915572599495,False
hpmcounter5,mean,281,3.7629696969695714,5.57974577358801,False
hpmcounter5,mean,282,3.2538484848487768,4.212637028643806,False
hpmcounter5,mean,283,3.3650303030302893,4.965657272437386,False
hpmcounter5,mean,284,4.953818181818178,8.13148171912898,False
hpmcounter5,mean,285,4.4228484848487595,8.416641866580534,False
hpmcounter5,mean,286,4.459212121211726,7.539933796577082,False
hpmcounter5,mean,287,5.08960606060632,7.416569453660489,False
hpmcounter5,mean,288,3.357393939393728,4.082746926731979,False
hpmcounter5,mean,289,2.194242424242475,2.3603879858240524,False
hpmcounter5,mean,290,2.5393030303030173,1.6880594198370547,False
hpmcounter5,mean,291,2.0485757575756907,1.8479825947200625,False
hpmcounter5,mean,292,2.8430606060605443,3.1344519455690145,False
hpmcounter5,mean,293,2.935060606060665,5.606911227418881,False
hpmcounter5,mean,294,4.2546666666667985,7.009889222257115,False
hpmcounter5,mean,295,4.429636363636314,7.462325191619488,False
hpmcounter5,mean,296,4.580151515151624,7.72048752825016,False
hpmcounter5,mean,297,3.745484848484807,7.545435423263778,False
hpmcounter5,mean,298,3.6628484848485643,4.516329660577874,False
hpmcounter5,median,10,3.7681818181818016,5.771074874333313,False
hpmcounter5,median,11,5.604242424242557,8.548332588521633,False
hpmcounter5,median,12,6.299090909090682,9.411712214510086,False
hpmcounter5,median,13,6.003030303030277,9.691577348382767,False
hpmcounter5,median,14,5.252727272727293,9.451503947860395,False
hpmcounter5,median,15,4.524242424242312,8.645612664032187,False
hpmcounter5,median,16,4.645454545454436,6.800369289497455,False
hpmcounter5,median,17,4.578787878787762,7.55139482932448,False
hpmcounter5,median,18,4.754545454545405,8.53599825177859,False
hpmcounter5,median,19,5.804242424242216,8.271737583274994,False
hpmcounter5,median,20,7.3903030303030395,12.71162962096929,False
hpmcounter5,median,21,5.4427272727272795,10.961650890580652,False
hpmcounter5,median,22,3.69969696969697,8.297783526014001,False
hpmcounter5,median,23,2.703636363636406,4.9129429036456465,False
hpmcounter5,median,24,4.640909090909008,6.759564400817158,False
hpmcounter5,median,25,4.776666666666597,8.286082489194536,False
hpmcounter5,median,26,5.317272727272757,8.889729370998625,False
hpmcounter5,median,27,5.049696969696993,9.37859962760004,False
hpmcounter5,median,28,6.846666666666647,10.27933838539655,False
hpmcounter5,median,29,7.10636363636363,10.787660244547189,False
hpmcounter5,median,30,5.2439393939394225,9.120317319284911,False
hpmcounter5,median,31,5.78030303030298,9.78144778631879,False
hpmcounter5,median,32,6.2212121212121705,11.005516606499654,False
hpmcounter5,median,33,6.5048484848485035,11.07163961698634,False
hpmcounter5,median,34,6.022424242424131,9.983652695988836,False
hpmcounter5,median,35,6.506363636363767,10.817455731779736,False
hpmcounter5,median,36,6.948787878787857,12.172090425119514,False
hpmcounter5,median,37,6.4387878787879345,11.9877755626475,False
hpmcounter5,median,38,5.637272727272739,8.939277111122644,False
hpmcounter5,median,39,5.770909090909231,8.076058410093044,False
hpmcounter5,median,40,5.520606060606087,9.830610382277037,False
hpmcounter5,median,41,5.844545454545641,9.884217502794606,False
hpmcounter5,median,42,3.826060606060582,7.143925662257725,False
hpmcounter5,median,43,3.8166666666667424,6.276423992950737,False
hpmcounter5,median,44,4.003333333333467,6.612681660669073,False
hpmcounter5,median,45,3.0842424242424613,4.7293065595847175,False
hpmcounter5,median,46,3.8799999999999955,6.008883794198167,False
hpmcounter5,median,47,3.782727272727334,5.74148991906667,False
hpmcounter5,median,48,3.700909090908863,6.9616666240581715,False
hpmcounter5,median,49,4.941515151515159,10.323620906219913,False
hpmcounter5,median,50,5.043030303030173,7.825464110874051,False
hpmcounter5,median,51,3.3318181818182437,3.6660367603185717,False
hpmcounter5,median,52,1.8103030303029528,2.17864078400918,False
hpmcounter5,median,53,2.3003030303031666,3.6154932586787765,False
hpmcounter5,median,54,3.861818181818171,6.413568093194815,False
hpmcounter5,median,55,4.916969696969749,9.962290428578594,False
hpmcounter5,median,56,7.981515151515078,9.905648256522818,False
hpmcounter5,median,57,7.812121212121224,12.51969008382711,False
hpmcounter5,median,58,7.179999999999723,12.293029553880658,False
hpmcounter5,median,59,6.992121212121196,12.478699434927607,False
hpmcounter5,median,60,8.74030303030304,13.22287613344908,False
hpmcounter5,median,61,9.293636363636415,12.874068368765142,False
hpmcounter5,median,62,8.985757575757475,13.19290619106979,False
hpmcounter5,median,63,6.590909090909145,11.702689018321106,False
hpmcounter5,median,64,6.043939393939445,8.879694120131719,False
hpmcounter5,median,65,6.016363636363712,8.430562979491711,False
hpmcounter5,median,66,5.293939393939354,7.198716584769649,False
hpmcounter5,median,67,6.8030303030303685,9.219812746387014,False
hpmcounter5,median,68,10.9199999999998,14.032995025948297,False
hpmcounter5,median,69,11.173333333333403,14.921820773581073,False
hpmcounter5,median,70,12.750606060606241,16.56376145427393,False
hpmcounter5,median,71,8.747878787878857,12.462919283356419,False
hpmcounter5,median,72,7.242121212121242,9.90315728387969,False
hpmcounter5,median,73,4.966969696969545,4.362373765147805,False
hpmcounter5,median,74,2.8821212121212283,3.361610939540601,False
hpmcounter5,median,75,3.9790909090909055,6.602117979796247,False
hpmcounter5,median,76,5.245454545454573,9.524961673509969,False
hpmcounter5,median,77,5.971212121212238,9.48308045646004,False
hpmcounter5,median,78,5.121515151515178,9.910895167619225,False
hpmcounter5,median,79,6.146060606060542,9.952232712436684,False
hpmcounter5,median,80,5.212727272727307,6.634568778424556,False
hpmcounter5,median,81,5.444848484848421,6.7445535479748315,False
hpmcounter5,median,82,4.890606060606092,8.998984358891128,False
hpmcounter5,median,83,5.902424242424308,8.548638179911617,False
hpmcounter5,median,84,4.521212121212102,6.658725878301508,False
hpmcounter5,median,85,4.969999999999982,9.052963545361896,False
hpmcounter5,median,86,6.07484848484844,9.471247929131321,False
hpmcounter5,median,87,6.206969696969713,9.683489688560078,False
hpmcounter5,median,88,4.847575757575646,5.097249137524734,False
hpmcounter5,median,89,3.050909090909022,5.94224206684789,False
hpmcounter5,median,90,4.122121212121124,7.736544026843579,False
hpmcounter5,median,91,4.303939393939482,6.443403543868344,False
hpmcounter5,median,92,2.8469696969696314,2.277306922314846,False
hpmcounter5,median,93,2.952727272727361,2.5119540021651203,False
hpmcounter5,median,94,3.5039393939392993,4.781304623900156,False
hpmcounter5,median,95,4.430909090909177,6.6068484671312175,False
hpmcounter5,median,96,2.8651515151514557,4.285234840653749,False
hpmcounter5,median,97,1.5272727272726798,1.1375260402483804,False
hpmcounter5,median,98,2.201818181818362,1.868911221211978,False
hpmcounter5,median,99,2.0924242424240447,1.5573950025130407,False
hpmcounter5,median,100,1.60969696969712,1.5231183212479433,False
hpmcounter5,median,101,2.0715151515151775,1.72287147365548,False
hpmcounter5,median,102,1.825151515151515,1.7090437119502764,False
hpmcounter5,median,103,2.053030303030255,1.300127139364637,False
hpmcounter5,median,104,3.027878787878808,6.184308345439135,False
hpmcounter5,median,105,2.698787878787857,4.8830568067029985,False
hpmcounter5,median,106,2.4124242424242768,3.170807393298579,False
hpmcounter5,median,107,2.710909090909058,2.9041346003262203,False
hpmcounter5,median,108,2.2275757575757327,2.09053827930283,False
hpmcounter5,median,109,2.8224242424242902,1.9545432043803077,False
hpmcounter5,median,110,2.624848484848644,2.6367979990118715,False
hpmcounter5,median,111,3.7048484848484806,4.788359291900355,False
hpmcounter5,median,112,3.0506060606061056,6.174180250369453,False
hpmcounter5,median,113,2.491212121212061,4.1274361833450035,False
hpmcounter5,median,114,1.8481818181817062,1.33087271137851,False
hpmcounter5,median,115,2.521212121212147,1.5246636025885112,False
hpmcounter5,median,116,3.116666666666788,3.444516557013059,False
hpmcounter5,median,117,3.7566666666666153,5.851922789845343,False
hpmcounter5,median,118,4.4330303030304545,5.729597926352456,False
hpmcounter5,median,119,4.602424242424149,5.142766715506081,False
hpmcounter5,median,120,3.035757575757566,3.3178954673147736,False
hpmcounter5,median,121,3.4218181818181166,2.0797937685650774,False
hpmcounter5,median,122,2.8584848484850456,2.162204302723612,False
hpmcounter5,median,123,2.36151515151505,1.328812511251358,False
hpmcounter5,median,124,6.198181818182183,3.996260443255359,False
hpmcounter5,median,125,4.9115151515153,5.274256464900979,False
hpmcounter5,median,126,4.629393939393822,3.371788775654476,False
hpmcounter5,median,127,3.583333333333303,3.1843746849674623,False
hpmcounter5,median,128,3.5981818181818426,3.5624253928766776,False
hpmcounter5,median,129,2.8351515151515287,2.343902490407646,False
hpmcounter5,median,130,3.8472727272727525,3.199401616277289,False
hpmcounter5,median,131,3.1454545454544585,3.2425810452628703,False
hpmcounter5,median,132,2.948787878787857,3.875500737811485,False
hpmcounter5,median,133,4.134545454545469,4.718361780925998,False
hpmcounter5,median,134,3.516969696969727,3.95314571890077,False
hpmcounter5,median,135,3.5196969696969744,4.630353914314084,False
hpmcounter5,median,136,2.320303030302989,2.181554365584923,False
hpmcounter5,median,137,2.942727272727302,4.778615582378748,False
hpmcounter5,median,138,3.5730303030302366,4.322935059861103,False
hpmcounter5,median,139,4.927272727272589,6.333575386658451,False
hpmcounter5,median,140,5.049090909090841,7.466008199180767,False
hpmcounter5,median,141,7.149090909090978,10.309011942198804,False
hpmcounter5,median,142,6.9551515151514876,12.122508606900002,False
hpmcounter5,median,143,7.662727272727215,13.064394596265373,False
hpmcounter5,median,144,8.912727272727375,13.565446699585555,False
hpmcounter5,median,145,8.847575757575623,12.911389642655385,False
hpmcounter5,median,146,6.3800000000000185,8.826180426721386,False
hpmcounter5,median,147,6.4433333333333165,9.497632420956052,False
hpmcounter5,median,148,7.156060606060578,10.423952719352588,False
hpmcounter5,median,149,6.501818181818203,11.761923857709927,False
hpmcounter5,median,150,7.86151515151505,12.539474998254075,False
hpmcounter5,median,151,7.89818181818182,12.922041724941066,False
hpmcounter5,median,152,8.610000000000037,11.875261051644415,False
hpmcounter5,median,153,7.854545454545428,11.999892867596465,False
hpmcounter5,median,154,7.912424242424208,11.957467756011315,False
hpmcounter5,median,155,8.540000000000031,13.305289690531804,False
hpmcounter5,median,156,8.224848484848554,13.172840940245235,False
hpmcounter5,median,157,8.896363636363526,12.819741841039969,False
hpmcounter5,median,158,8.304545454545519,12.217993985259055,False
hpmcounter5,median,159,7.484242424242711,10.973802292951099,False
hpmcounter5,median,160,5.857272727272789,10.740270822060566,False
hpmcounter5,median,161,6.2636363636363965,11.617545922184702,False
hpmcounter5,median,162,6.7787878787878295,8.867135093769358,False
hpmcounter5,median,163,6.365454545454599,9.92277710063147,False
hpmcounter5,median,164,7.745757575757534,11.044631049434031,False
hpmcounter5,median,165,9.073030303030396,12.119179650173043,False
hpmcounter5,median,166,8.364848484848403,12.491410471060561,False
hpmcounter5,median,167,8.881515151514986,11.062756204459314,False
hpmcounter5,median,168,6.787878787878822,9.98136768848698,False
hpmcounter5,median,169,6.169999999999959,8.047947868128569,False
hpmcounter5,median,170,5.896666666666761,6.271889850025393,False
hpmcounter5,median,171,5.284848484848704,5.671397184542957,False
hpmcounter5,median,172,4.6821212121212055,4.4518977799061465,False
hpmcounter5,median,173,7.016363636363667,8.715105952903587,False
hpmcounter5,median,174,8.238484848484926,12.688388428346896,False
hpmcounter5,median,175,7.643333333333248,12.054740108106598,False
hpmcounter5,median,176,5.606969696969554,7.849818727364784,False
hpmcounter5,median,177,3.576060606060628,5.5960691945884875,False
hpmcounter5,median,178,4.080909090909108,3.216701182502186,False
hpmcounter5,median,179,4.323636363636433,5.994956525746531,False
hpmcounter5,median,180,5.647272727272639,10.068924156853912,False
hpmcounter5,median,181,6.267878787878772,10.819297759177323,False
hpmcounter5,median,182,5.668787878787794,9.293797927066318,False
hpmcounter5,median,183,4.526363636363817,6.121119671795293,False
hpmcounter5,median,184,3.6263636363636125,4.788625009984601,False
hpmcounter5,median,185,4.4645454545454415,5.3567790710775745,False
hpmcounter5,median,186,3.512727272727375,8.468458857330448,False
hpmcounter5,median,187,4.753030303030346,8.563332588626874,False
hpmcounter5,median,188,4.520606060606042,9.699658598485021,False
hpmcounter5,median,189,4.9718181818185485,9.306195820711348,False
hpmcounter5,median,190,2.764545454545373,4.121560298173435,False
hpmcounter5,median,191,3.505151515151715,2.4001339313072902,False
hpmcounter5,median,192,4.1227272727272295,7.6807615139169325,False
hpmcounter5,median,193,5.418787878787839,12.514834215579016,False
hpmcounter5,median,194,6.693636363636324,13.6649805662711,False
hpmcounter5,median,195,5.679090909090974,10.821049923818439,False
hpmcounter5,median,196,5.115757575757539,7.356532931518049,False
hpmcounter5,median,197,3.568181818181847,5.936466705339134,False
hpmcounter5,median,198,3.322727272727252,5.249474797151894,False
hpmcounter5,median,199,3.861515151515141,7.064482791664322,False
hpmcounter5,median,200,5.5512121212120515,9.771588198147004,False
hpmcounter5,median,201,4.935454545454445,8.621792856943959,False
hpmcounter5,median,202,5.971515151514905,7.588142501697537,False
hpmcounter5,median,203,4.496060606060655,6.961930705308819,False
hpmcounter5,median,204,3.6078787878786898,4.734251014297335,False
hpmcounter5,median,205,3.03060606060601,3.8061624317183615,False
hpmcounter5,median,206,2.967575757575787,2.340890246281437,False
hpmcounter5,median,207,3.0372727272726934,3.4470049913190652,False
hpmcounter5,median,208,5.071515151515473,5.173806205210563,False
hpmcounter5,median,209,2.9203030303030117,3.3888160663917875,False
hpmcounter5,median,210,3.1454545454544816,3.969630007835765,False
hpmcounter5,median,211,3.075151515151606,4.104093774951446,False
hpmcounter5,median,212,2.4654545454545085,3.7472640318145487,False
hpmcounter5,median,213,2.1963636363634804,1.930714129268847,False
hpmcounter5,median,214,2.860303030303021,4.064666243585263,False
hpmcounter5,median,215,2.959090909090878,4.685309960744748,False
hpmcounter5,median,216,4.977575757575755,7.112531164093146,False
hpmcounter5,median,217,1.7566666666667743,1.114832967123159,False
hpmcounter5,median,218,2.206666666666547,1.5409941575399393,False
hpmcounter5,median,219,2.70030303030303,2.0010093388519388,False
hpmcounter5,median,220,2.547272727272548,1.8523170984531885,False
hpmcounter5,median,221,2.0127272727271928,1.7500508771437724,False
hpmcounter5,median,222,2.442424242424272,1.5299829121808868,False
hpmcounter5,median,223,2.3469696969697225,3.184134874686907,False
hpmcounter5,median,224,3.0481818181818197,4.153719469737889,False
hpmcounter5,median,225,3.0187878787878617,5.924604801343286,False
hpmcounter5,median,226,4.359090909090765,7.8047900030330535,False
hpmcounter5,median,227,4.4166666666665835,8.41731425436178,False
hpmcounter5,median,228,4.335151515151551,8.575296587606509,False
hpmcounter5,median,229,4.338484848484836,9.239002849354494,False
hpmcounter5,median,230,4.209696969696983,7.824793984440773,False
hpmcounter5,median,231,4.3581818181818335,7.076218482370765,False
hpmcounter5,median,232,5.690000000000055,4.952380956165053,False
hpmcounter5,median,233,3.3351515151515514,3.698166512163691,False
hpmcounter5,median,234,3.5766666666667333,6.165528863758001,False
hpmcounter5,median,235,4.548484848484781,8.483673648443286,False
hpmcounter5,median,236,4.038787878787912,9.15849304618406,False
hpmcounter5,median,237,4.60909090909106,9.144966551231255,False
hpmcounter5,median,238,4.754545454545496,10.225743520856927,False
hpmcounter5,median,239,4.291515151515159,7.600073359789889,False
hpmcounter5,median,240,3.2096969696969153,6.663981596440849,False
hpmcounter5,median,241,2.6215151515151547,3.7548214811782596,False
hpmcounter5,median,242,1.9272727272726797,1.5722375110540745,False
hpmcounter5,median,243,1.8996969696972883,1.3980142576107562,False
hpmcounter5,median,244,3.473030303030305,6.339285825542324,False
hpmcounter5,median,245,4.149696969697016,7.480159079590132,False
hpmcounter5,median,246,4.791515151515273,10.267768705363723,False
hpmcounter5,median,247,4.732727272727243,10.802404141557771,False
hpmcounter5,median,248,4.5248484848485075,9.954865016148082,False
hpmcounter5,median,249,3.572424242424222,6.342093854815871,False
hpmcounter5,median,250,3.363939393939495,3.506749831282343,False
hpmcounter5,median,251,3.1215151515150636,5.827747477801534,False
hpmcounter5,median,252,4.50151515151515,8.847378593100263,False
hpmcounter5,median,253,6.390000000000055,10.797583985397079,False
hpmcounter5,median,254,7.1439393939394,12.43670466513711,False
hpmcounter5,median,255,7.251212121212075,12.008053533730621,False
hpmcounter5,median,256,5.620909090909118,10.982272431817622,False
hpmcounter5,median,257,4.026363636363612,5.971283162676541,False
hpmcounter5,median,258,3.439393939394131,2.652712147222209,False
hpmcounter5,median,259,2.55060606060606,3.41347718530711,False
hpmcounter5,median,260,3.5430303030302865,3.0422643673402425,False
hpmcounter5,median,261,4.756363636363767,5.63371191760091,False
hpmcounter5,median,262,4.737272727272807,5.262934782859855,False
hpmcounter5,median,263,4.232727272727243,5.677556730471442,False
hpmcounter5,median,264,5.122121212121238,7.576075852963369,False
hpmcounter5,median,265,5.773939393939372,7.226766147707472,False
hpmcounter5,median,266,4.805151515151556,6.299235845651262,False
hpmcounter5,median,267,5.604545454545428,7.807524572470873,False
hpmcounter5,median,268,7.495454545454595,9.357115225092173,False
hpmcounter5,median,269,8.383333333333349,12.539795297227526,False
hpmcounter5,median,270,7.908181818181788,13.724021679518033,False
hpmcounter5,median,271,7.980606060606101,14.076571409458818,False
hpmcounter5,median,272,8.42272727272739,12.477079367592916,False
hpmcounter5,median,273,7.604848484848253,11.248887621343211,False
hpmcounter5,median,274,3.9775757575757553,8.523534522818794,False
hpmcounter5,median,275,7.154242424242534,10.479921489891826,False
hpmcounter5,median,276,7.687272727272716,14.111299941615515,False
hpmcounter5,median,277,8.389696969696933,14.417043973302299,False
hpmcounter5,median,278,8.979696969697056,15.269900028813367,False
hpmcounter5,median,279,8.579393939393867,14.908921421217332,False
hpmcounter5,median,280,6.915454545454418,12.102419958271126,False
hpmcounter5,median,281,4.585151515151415,8.098337772045902,False
hpmcounter5,median,282,2.788787878787707,2.8346559527567283,False
hpmcounter5,median,283,3.118181818181756,5.289849557119481,False
hpmcounter5,median,284,4.258484848484886,8.905092197911747,False
hpmcounter5,median,285,4.181212121212161,9.172670689824912,False
hpmcounter5,median,286,4.211818181818285,7.856761869288602,False
hpmcounter5,median,287,4.749999999999955,7.993337778581135,False
hpmcounter5,median,288,3.97272727272732,4.871237880083921,False
hpmcounter5,median,289,2.276666666666597,2.817942247710226,False
hpmcounter5,median,290,3.2424242424243404,2.674293139657642,False
hpmcounter5,median,291,2.6324242424241673,1.751660590088678,False
hpmcounter5,median,292,2.7793939393938674,3.4101656431032263,False
hpmcounter5,median,293,3.2606060606061193,5.743457549699511,False
hpmcounter5,median,294,4.2969696969696995,7.439670848521978,False
hpmcounter5,median,295,3.803333333333262,8.192080155561502,False
hpmcounter5,median,296,3.853636363636383,8.52137257920391,False
hpmcounter5,median,297,3.3039393939394133,7.9662230438191886,False
hpmcounter5,median,298,2.369999999999982,4.165831483644589,False
hpmcounter6,mean,10,0.0,1e-06,True
hpmcounter6,mean,11,1.7763568394002505e-15,1e-06,True
hpmcounter6,mean,12,1.7763568394002505e-15,1e-06,True
hpmcounter6,mean,13,0.0,1e-06,True
hpmcounter6,mean,14,1.7763568394002505e-15,1e-06,True
hpmcounter6,mean,15,1.7763568394002505e-15,1e-06,True
hpmcounter6,mean,16,8.881784197001252e-16,1e-06,True
hpmcounter6,mean,17,8.881784197001252e-16,1e-06,True
hpmcounter6,mean,18,1.7763568394002505e-15,1e-06,True
hpmcounter6,mean,19,1.7763568394002505e-15,1e-06,True
hpmcounter6,mean,20,0.0,1e-06,True
hpmcounter6,mean,21,1.7763568394002505e-15,1e-06,True
hpmcounter6,mean,22,1.7763568394002505e-15,1e-06,True
hpmcounter6,mean,23,0.0,1e-06,True
hpmcounter6,mean,24,1.7763568394002505e-15,1e-06,True
hpmcounter6,mean,25,1.7763568394002505e-15,1e-06,True
hpmcounter6,mean,26,8.881784197001252e-16,1e-06,True
hpmcounter6,mean,27,8.881784197001252e-16,1e-06,True
hpmcounter6,mean,28,1.7763568394002505e-15,1e-06,True
hpmcounter6,mean,29,1.7763568394002505e-15,1e-06,True
hpmcounter6,mean,30,0.0,1e-06,True
hpmcounter6,mean,31,1.7763568394002505e-15,1e-06,True
hpmcounter6,mean,32,1.7763568394002505e-15,1e-06,True
hpmcounter6,mean,33,0.0,1e-06,True
hpmcounter6,mean,34,1.7763568394002505e-15,1e-06,True
hpmcounter6,mean,35,1.7763568394002505e-15,1e-06,True
hpmcounter6,mean,36,8.881784197001252e-16,1e-06,True
hpmcounter6,mean,37,8.881784197001252e-16,1e-06,True
hpmcounter6,mean,38,1.7763568394002505e-15,1e-06,True
hpmcounter6,mean,39,1.7763568394002505e-15,1e-06,True
hpmcounter6,mean,40,0.0,1e-06,True
hpmcounter6,mean,41,1.7763568394002505e-15,1e-06,True
hpmcounter6,mean,42,1.7763568394002505e-15,1e-06,True
hpmcounter6,mean,43,0.0,1e-06,True
hpmcounter6,mean,44,1.7763568394002505e-15,1e-06,True
hpmcounter6,mean,45,1.7763568394002505e-15,1e-06,True
hpmcounter6,mean,46,8.881784197001252e-16,1e-06,True
hpmcounter6,mean,47,8.881784197001252e-16,1e-06,True
hpmcounter6,mean,48,1.7763568394002505e-15,1e-06,True
hpmcounter6,mean,49,1.7763568394002505e-15,1e-06,True
hpmcounter6,mean,50,0.0,1e-06,True
hpmcounter6,mean,51,1.7763568394002505e-15,1e-06,True
hpmcounter6,mean,52,1.7763568394002505e-15,1e-06,True
hpmcounter6,mean,53,0.0,1e-06,True
hpmcounter6,mean,54,1.7763568394002505e-15,1e-06,True
hpmcounter6,mean,55,1.7763568394002505e-15,1e-06,True
hpmcounter6,mean,56,8.881784197001252e-16,1e-06,True
hpmcounter6,mean,57,8.881784197001252e-16,1e-06,True
hpmcounter6,mean,58,1.7763568394002505e-15,1e-06,True
hpmcounter6,mean,59,1.7763568394002505e-15,1e-06,True
hpmcounter6,mean,60,0.0,1e-06,True
hpmcounter6,mean,61,1.7763568394002505e-15,1e-06,True
hpmcounter6,mean,62,1.7763568394002505e-15,1e-06,True
hpmcounter6,mean,63,0.0,1e-06,True
hpmcounter6,mean,64,1.7763568394002505e-15,1e-06,True
hpmcounter6,mean,65,1.7763568394002505e-15,1e-06,True
hpmcounter6,mean,66,8.881784197001252e-16,1e-06,True
hpmcounter6,mean,67,8.881784197001252e-16,1e-06,True
hpmcounter6,mean,68,1.7763568394002505e-15,1e-06,True
hpmcounter6,mean,69,1.7763568394002505e-15,1e-06,True
hpmcounter6,mean,70,0.0,1e-06,True
hpmcounter6,mean,71,1.7763568394002505e-15,1e-06,True
hpmcounter6,mean,72,1.7763568394002505e-15,1e-06,True
hpmcounter6,mean,73,0.0,1e-06,True
hpmcounter6,mean,74,1.7763568394002505e-15,1e-06,True
hpmcounter6,mean,75,1.7763568394002505e-15,1e-06,True
hpmcounter6,mean,76,8.881784197001252e-16,1e-06,True
hpmcounter6,mean,77,8.881784197001252e-16,1e-06,True
hpmcounter6,mean,78,1.7763568394002505e-15,1e-06,True
hpmcounter6,mean,79,1.7763568394002505e-15,1e-06,True
hpmcounter6,mean,80,0.0,1e-06,True
hpmcounter6,mean,81,1.7763568394002505e-15,1e-06,True
hpmcounter6,mean,82,1.7763568394002505e-15,1e-06,True
hpmcounter6,mean,83,0.0,1e-06,True
hpmcounter6,mean,84,1.7763568394002505e-15,1e-06,True
hpmcounter6,mean,85,1.7763568394002505e-15,1e-06,True
hpmcounter6,mean,86,8.881784197001252e-16,1e-06,True
hpmcounter6,mean,87,8.881784197001252e-16,1e-06,True
hpmcounter6,mean,88,1.7763568394002505e-15,1e-06,True
hpmcounter6,mean,89,1.7763568394002505e-15,1e-06,True
hpmcounter6,mean,90,0.0,1e-06,True
hpmcounter6,mean,91,1.7763568394002505e-15,1e-06,True
hpmcounter6,mean,92,1.7763568394002505e-15,1e-06,True
hpmcounter6,mean,93,0.0,1e-06,True
hpmcounter6,mean,94,1.7763568394002505e-15,1e-06,True
hpmcounter6,mean,95,1.7763568394002505e-15,1e-06,True
hpmcounter6,mean,96,8.881784197001252e-16,1e-06,True
hpmcounter6,mean,97,8.881784197001252e-16,1e-06,True
hpmcounter6,mean,98,1.7763568394002505e-15,1e-06,True
hpmcounter6,mean,99,1.7763568394002505e-15,1e-06,True
hpmcounter6,mean,100,0.0,1e-06,True
hpmcounter6,mean,101,1.7763568394002505e-15,1e-06,True
hpmcounter6,mean,102,1.7763568394002505e-15,1e-06,True
hpmcounter6,mean,103,0.0,1e-06,True
hpmcounter6,mean,104,1.7763568394002505e-15,1e-06,True
hpmcounter6,mean,105,1.7763568394002505e-15,1e-06,True
hpmcounter6,mean,106,8.881784197001252e-16,1e-06,True
hpmcounter6,mean,107,8.881784197001252e-16,1e-06,True
hpmcounter6,mean,108,1.7763568394002505e-15,1e-06,True
hpmcounter6,mean,109,1.7763568394002505e-15,1e-06,True
hpmcounter6,mean,110,0.0,1e-06,True
hpmcounter6,mean,111,1.7763568394002505e-15,1e-06,True
hpmcounter6,mean,112,1.7763568394002505e-15,1e-06,True
hpmcounter6,mean,113,0.0,1e-06,True
hpmcounter6,mean,114,1.7763568394002505e-15,1e-06,True
hpmcounter6,mean,115,1.7763568394002505e-15,1e-06,True
hpmcounter6,mean,116,8.881784197001252e-16,1e-06,True
hpmcounter6,mean,117,8.881784197001252e-16,1e-06,True
hpmcounter6,mean,118,1.7763568394002505e-15,1e-06,True
hpmcounter6,mean,119,1.7763568394002505e-15,1e-06,True
hpmcounter6,mean,120,0.0,1e-06,True
hpmcounter6,mean,121,1.7763568394002505e-15,1e-06,True
hpmcounter6,mean,122,1.7763568394002505e-15,1e-06,True
hpmcounter6,mean,123,0.0,1e-06,True
hpmcounter6,mean,124,1.7763568394002505e-15,1e-06,True
hpmcounter6,mean,125,1.7763568394002505e-15,1e-06,True
hpmcounter6,mean,126,8.881784197001252e-16,1e-06,True
hpmcounter6,mean,127,8.881784197001252e-16,1e-06,True
hpmcounter6,mean,128,1.7763568394002505e-15,1e-06,True
hpmcounter6,mean,129,1.7763568394002505e-15,1e-06,True
hpmcounter6,mean,130,0.0,1e-06,True
hpmcounter6,mean,131,1.7763568394002505e-15,1e-06,True
hpmcounter6,mean,132,1.7763568394002505e-15,1e-06,True
hpmcounter6,mean,133,0.0,1e-06,True
hpmcounter6,mean,134,1.7763568394002505e-15,1e-06,True
hpmcounter6,mean,135,1.7763568394002505e-15,1e-06,True
hpmcounter6,mean,136,8.881784197001252e-16,1e-06,True
hpmcounter6,mean,137,8.881784197001252e-16,1e-06,True
hpmcounter6,mean,138,1.7763568394002505e-15,1e-06,True
hpmcounter6,mean,139,1.7763568394002505e-15,1e-06,True
hpmcounter6,mean,140,0.0,1e-06,True
hpmcounter6,mean,141,1.7763568394002505e-15,1e-06,True
hpmcounter6,mean,142,1.7763568394002505e-15,1e-06,True
hpmcounter6,mean,143,0.0,1e-06,True
hpmcounter6,mean,144,1.7763568394002505e-15,1e-06,True
hpmcounter6,mean,145,1.7763568394002505e-15,1e-06,True
hpmcounter6,mean,146,8.881784197001252e-16,1e-06,True
hpmcounter6,mean,147,8.881784197001252e-16,1e-06,True
hpmcounter6,mean,148,1.7763568394002505e-15,1e-06,True
hpmcounter6,mean,149,1.7763568394002505e-15,1e-06,True
hpmcounter6,mean,150,0.0,1e-06,True
hpmcounter6,mean,151,1.7763568394002505e-15,1e-06,True
hpmcounter6,mean,152,1.7763568394002505e-15,1e-06,True
hpmcounter6,mean,153,0.0,1e-06,True
hpmcounter6,mean,154,1.7763568394002505e-15,1e-06,True
hpmcounter6,mean,155,1.7763568394002505e-15,1e-06,True
hpmcounter6,mean,156,8.881784197001252e-16,1e-06,True
hpmcounter6,mean,157,8.881784197001252e-16,1e-06,True
hpmcounter6,mean,158,1.7763568394002505e-15,1e-06,True
hpmcounter6,mean,159,1.7763568394002505e-15,1e-06,True
hpmcounter6,mean,160,0.0,1e-06,True
hpmcounter6,mean,161,1.7763568394002505e-15,1e-06,True
hpmcounter6,mean,162,1.7763568394002505e-15,1e-06,True
hpmcounter6,mean,163,0.0,1e-06,True
hpmcounter6,mean,164,1.7763568394002505e-15,1e-06,True
hpmcounter6,mean,165,1.7763568394002505e-15,1e-06,True
hpmcounter6,mean,166,8.881784197001252e-16,1e-06,True
hpmcounter6,mean,167,8.881784197001252e-16,1e-06,True
hpmcounter6,mean,168,1.7763568394002505e-15,1e-06,True
hpmcounter6,mean,169,1.7763568394002505e-15,1e-06,True
hpmcounter6,mean,170,0.0,1e-06,True
hpmcounter6,mean,171,1.7763568394002505e-15,1e-06,True
hpmcounter6,mean,172,1.7763568394002505e-15,1e-06,True
hpmcounter6,mean,173,0.0,1e-06,True
hpmcounter6,mean,174,1.7763568394002505e-15,1e-06,True
hpmcounter6,mean,175,1.7763568394002505e-15,1e-06,True
hpmcounter6,mean,176,8.881784197001252e-16,1e-06,True
hpmcounter6,mean,177,8.881784197001252e-16,1e-06,True
hpmcounter6,mean,178,1.7763568394002505e-15,1e-06,True
hpmcounter6,mean,179,1.7763568394002505e-15,1e-06,True
hpmcounter6,mean,180,0.0,1e-06,True
hpmcounter6,mean,181,1.7763568394002505e-15,1e-06,True
hpmcounter6,mean,182,1.7763568394002505e-15,1e-06,True
hpmcounter6,mean,183,0.0,1e-06,True
hpmcounter6,mean,184,1.7763568394002505e-15,1e-06,True
hpmcounter6,mean,185,1.7763568394002505e-15,1e-06,True
hpmcounter6,mean,186,8.881784197001252e-16,1e-06,True
hpmcounter6,mean,187,8.881784197001252e-16,1e-06,True
hpmcounter6,mean,188,1.7763568394002505e-15,1e-06,True
hpmcounter6,mean,189,1.7763568394002505e-15,1e-06,True
hpmcounter6,mean,190,0.0,1e-06,True
hpmcounter6,mean,191,1.7763568394002505e-15,1e-06,True
hpmcounter6,mean,192,1.7763568394002505e-15,1e-06,True
hpmcounter6,mean,193,0.0,1e-06,True
hpmcounter6,mean,194,1.7763568394002505e-15,1e-06,True
hpmcounter6,mean,195,1.7763568394002505e-15,1e-06,True
hpmcounter6,mean,196,8.881784197001252e-16,1e-06,True
hpmcounter6,mean,197,8.881784197001252e-16,1e-06,True
hpmcounter6,mean,198,1.7763568394002505e-15,1e-06,True
hpmcounter6,mean,199,1.7763568394002505e-15,1e-06,True
hpmcounter6,mean,200,0.0,1e-06,True
hpmcounter6,mean,201,1.7763568394002505e-15,1e-06,True
hpmcounter6,mean,202,1.7763568394002505e-15,1e-06,True
hpmcounter6,mean,203,0.0,1e-06,True
hpmcounter6,mean,204,1.7763568394002505e-15,1e-06,True
hpmcounter6,mean,205,1.7763568394002505e-15,1e-06,True
hpmcounter6,mean,206,8.881784197001252e-16,1e-06,True
hpmcounter6,mean,207,8.881784197001252e-16,1e-06,True
hpmcounter6,mean,208,1.7763568394002505e-15,1e-06,True
hpmcounter6,mean,209,1.7763568394002505e-15,1e-06,True
hpmcounter6,mean,210,0.0,1e-06,True
hpmcounter6,mean,211,1.7763568394002505e-15,1e-06,True
hpmcounter6,mean,212,1.7763568394002505e-15,1e-06,True
hpmcounter6,mean,213,0.0,1e-06,True
hpmcounter6,mean,214,1.7763568394002505e-15,1e-06,True
hpmcounter6,mean,215,1.7763568394002505e-15,1e-06,True
hpmcounter6,mean,216,8.881784197001252e-16,1e-06,True
hpmcounter6,mean,217,8.881784197001252e-16,1e-06,True
hpmcounter6,mean,218,1.7763568394002505e-15,1e-06,True
hpmcounter6,mean,219,1.7763568394002505e-15,1e-06,True
hpmcounter6,mean,220,0.0,1e-06,True
hpmcounter6,mean,221,1.7763568394002505e-15,1e-06,True
hpmcounter6,mean,222,1.7763568394002505e-15,1e-06,True
hpmcounter6,mean,223,0.0,1e-06,True
hpmcounter6,mean,224,1.7763568394002505e-15,1e-06,True
hpmcounter6,mean,225,1.7763568394002505e-15,1e-06,True
hpmcounter6,mean,226,8.881784197001252e-16,1e-06,True
hpmcounter6,mean,227,8.881784197001252e-16,1e-06,True
hpmcounter6,mean,228,1.7763568394002505e-15,1e-06,True
hpmcounter6,mean,229,1.7763568394002505e-15,1e-06,True
hpmcounter6,mean,230,0.0,1e-06,True
hpmcounter6,mean,231,1.7763568394002505e-15,1e-06,True
hpmcounter6,mean,232,1.7763568394002505e-15,1e-06,True
hpmcounter6,mean,233,0.0,1e-06,True
hpmcounter6,mean,234,1.7763568394002505e-15,1e-06,True
hpmcounter6,mean,235,1.7763568394002505e-15,1e-06,True
hpmcounter6,mean,236,8.881784197001252e-16,1e-06,True
hpmcounter6,mean,237,8.881784197001252e-16,1e-06,True
hpmcounter6,mean,238,1.7763568394002505e-15,1e-06,True
hpmcounter6,mean,239,1.7763568394002505e-15,1e-06,True
hpmcounter6,mean,240,0.0,1e-06,True
hpmcounter6,mean,241,1.7763568394002505e-15,1e-06,True
hpmcounter6,mean,242,1.7763568394002505e-15,1e-06,True
hpmcounter6,mean,243,0.0,1e-06,True
hpmcounter6,mean,244,1.7763568394002505e-15,1e-06,True
hpmcounter6,mean,245,1.7763568394002505e-15,1e-06,True
hpmcounter6,mean,246,8.881784197001252e-16,1e-06,True
hpmcounter6,mean,247,8.881784197001252e-16,1e-06,True
hpmcounter6,mean,248,1.7763568394002505e-15,1e-06,True
hpmcounter6,mean,249,1.7763568394002505e-15,1e-06,True
hpmcounter6,mean,250,0.0,1e-06,True
hpmcounter6,mean,251,1.7763568394002505e-15,1e-06,True
hpmcounter6,mean,252,1.7763568394002505e-15,1e-06,True
hpmcounter6,mean,253,0.0,1e-06,True
hpmcounter6,mean,254,1.7763568394002505e-15,1e-06,True
hpmcounter6,mean,255,1.7763568394002505e-15,1e-06,True
hpmcounter6,mean,256,8.881784197001252e-16,1e-06,True
hpmcounter6,mean,257,8.881784197001252e-16,1e-06,True
hpmcounter6,mean,258,1.7763568394002505e-15,1e-06,True
hpmcounter6,mean,259,1.7763568394002505e-15,1e-06,True
hpmcounter6,mean,260,0.0,1e-06,True
hpmcounter6,mean,261,1.7763568394002505e-15,1e-06,True
hpmcounter6,mean,262,1.7763568394002505e-15,1e-06,True
hpmcounter6,mean,263,0.0,1e-06,True
hpmcounter6,mean,264,1.7763568394002505e-15,1e-06,True
hpmcounter6,mean,265,1.7763568394002505e-15,1e-06,True
hpmcounter6,mean,266,8.881784197001252e-16,1e-06,True
hpmcounter6,mean,267,8.881784197001252e-16,1e-06,True
hpmcounter6,mean,268,1.7763568394002505e-15,1e-06,True
hpmcounter6,mean,269,1.7763568394002505e-15,1e-06,True
hpmcounter6,mean,270,0.0,1e-06,True
hpmcounter6,mean,271,1.7763568394002505e-15,1e-06,True
hpmcounter6,mean,272,1.7763568394002505e-15,1e-06,True
hpmcounter6,mean,273,0.0,1e-06,True
hpmcounter6,mean,274,1.7763568394002505e-15,1e-06,True
hpmcounter6,mean,275,1.7763568394002505e-15,1e-06,True
hpmcounter6,mean,276,8.881784197001252e-16,1e-06,True
hpmcounter6,mean,277,8.881784197001252e-16,1e-06,True
hpmcounter6,mean,278,1.7763568394002505e-15,1e-06,True
hpmcounter6,mean,279,1.7763568394002505e-15,1e-06,True
hpmcounter6,mean,280,0.0,1e-06,True
hpmcounter6,mean,281,1.7763568394002505e-15,1e-06,True
hpmcounter6,mean,282,1.7763568394002505e-15,1e-06,True
hpmcounter6,mean,283,0.0,1e-06,True
hpmcounter6,mean,284,1.7763568394002505e-15,1e-06,True
hpmcounter6,mean,285,1.7763568394002505e-15,1e-06,True
hpmcounter6,mean,286,8.881784197001252e-16,1e-06,True
hpmcounter6,mean,287,8.881784197001252e-16,1e-06,True
hpmcounter6,mean,288,1.7763568394002505e-15,1e-06,True
hpmcounter6,mean,289,1.7763568394002505e-15,1e-06,True
hpmcounter6,mean,290,0.0,1e-06,True
hpmcounter6,mean,291,1.7763568394002505e-15,1e-06,True
hpmcounter6,mean,292,1.7763568394002505e-15,1e-06,True
hpmcounter6,mean,293,0.0,1e-06,True
hpmcounter6,mean,294,1.7763568394002505e-15,1e-06,True
hpmcounter6,mean,295,1.7763568394002505e-15,1e-06,True
hpmcounter6,mean,296,8.881784197001252e-16,1e-06,True
hpmcounter6,mean,297,8.881784197001252e-16,1e-06,True
hpmcounter6,mean,298,1.7763568394002505e-15,1e-06,True
hpmcounter6,median,10,0.0,1e-06,True
hpmcounter6,median,11,0.0,1e-06,True
hpmcounter6,median,12,0.0,1e-06,True
hpmcounter6,median,13,0.0,1e-06,True
hpmcounter6,median,14,0.0,1e-06,True
hpmcounter6,median,15,0.0,1e-06,True
hpmcounter6,median,16,0.0,1e-06,True
hpmcounter6,median,17,0.0,1e-06,True
hpmcounter6,median,18,0.0,1e-06,True
hpmcounter6,median,19,0.0,1e-06,True
hpmcounter6,median,20,0.0,1e-06,True
hpmcounter6,median,21,0.0,1e-06,True
hpmcounter6,median,22,0.0,1e-06,True
hpmcounter6,median,23,0.0,1e-06,True
hpmcounter6,median,24,0.0,1e-06,True
hpmcounter6,median,25,0.0,1e-06,True
hpmcounter6,median,26,0.0,1e-06,True
hpmcounter6,median,27,0.0,1e-06,True
hpmcounter6,median,28,0.0,1e-06,True
hpmcounter6,median,29,0.0,1e-06,True
hpmcounter6,median,30,0.0,1e-06,True
hpmcounter6,median,31,0.0,1e-06,True
hpmcounter6,median,32,0.0,1e-06,True
hpmcounter6,median,33,0.0,1e-06,True
hpmcounter6,median,34,0.0,1e-06,True
hpmcounter6,median,35,0.0,1e-06,True
hpmcounter6,median,36,0.0,1e-06,True
hpmcounter6,median,37,0.0,1e-06,True
hpmcounter6,median,38,0.0,1e-06,True
hpmcounter6,median,39,0.0,1e-06,True
hpmcounter6,median,40,0.0,1e-06,True
hpmcounter6,median,41,0.0,1e-06,True
hpmcounter6,median,42,0.0,1e-06,True
hpmcounter6,median,43,0.0,1e-06,True
hpmcounter6,median,44,0.0,1e-06,True
hpmcounter6,median,45,0.0,1e-06,True
hpmcounter6,median,46,0.0,1e-06,True
hpmcounter6,median,47,0.0,1e-06,True
hpmcounter6,median,48,0.0,1e-06,True
hpmcounter6,median,49,0.0,1e-06,True
hpmcounter6,median,50,0.0,1e-06,True
hpmcounter6,median,51,0.0,1e-06,True
hpmcounter6,median,52,0.0,1e-06,True
hpmcounter6,median,53,0.0,1e-06,True
hpmcounter6,median,54,0.0,1e-06,True
hpmcounter6,median,55,0.0,1e-06,True
hpmcounter6,median,56,0.0,1e-06,True
hpmcounter6,median,57,0.0,1e-06,True
hpmcounter6,median,58,0.0,1e-06,True
hpmcounter6,median,59,0.0,1e-06,True
hpmcounter6,median,60,0.0,1e-06,True
hpmcounter6,median,61,0.0,1e-06,True
hpmcounter6,median,62,0.0,1e-06,True
hpmcounter6,median,63,0.0,1e-06,True
hpmcounter6,median,64,0.0,1e-06,True
hpmcounter6,median,65,0.0,1e-06,True
hpmcounter6,median,66,0.0,1e-06,True
hpmcounter6,median,67,0.0,1e-06,True
hpmcounter6,median,68,0.0,1e-06,True
hpmcounter6,median,69,0.0,1e-06,True
hpmcounter6,median,70,0.0,1e-06,True
hpmcounter6,median,71,0.0,1e-06,True
hpmcounter6,median,72,0.0,1e-06,True
hpmcounter6,median,73,0.0,1e-06,True
hpmcounter6,median,74,0.0,1e-06,True
hpmcounter6,median,75,0.0,1e-06,True
hpmcounter6,median,76,0.0,1e-06,True
hpmcounter6,median,77,0.0,1e-06,True
hpmcounter6,median,78,0.0,1e-06,True
hpmcounter6,median,79,0.0,1e-06,True
hpmcounter6,median,80,0.0,1e-06,True
hpmcounter6,median,81,0.0,1e-06,True
hpmcounter6,median,82,0.0,1e-06,True
hpmcounter6,median,83,0.0,1e-06,True
hpmcounter6,median,84,0.0,1e-06,True
hpmcounter6,median,85,0.0,1e-06,True
hpmcounter6,median,86,0.0,1e-06,True
hpmcounter6,median,87,0.0,1e-06,True
hpmcounter6,median,88,0.0,1e-06,True
hpmcounter6,median,89,0.0,1e-06,True
hpmcounter6,median,90,0.0,1e-06,True
hpmcounter6,median,91,0.0,1e-06,True
hpmcounter6,median,92,0.0,1e-06,True
hpmcounter6,median,93,0.0,1e-06,True
hpmcounter6,median,94,0.0,1e-06,True
hpmcounter6,median,95,0.0,1e-06,True
hpmcounter6,median,96,0.0,1e-06,True
hpmcounter6,median,97,0.0,1e-06,True
hpmcounter6,median,98,0.0,1e-06,True
hpmcounter6,median,99,0.0,1e-06,True
hpmcounter6,median,100,0.0,1e-06,True
hpmcounter6,median,101,0.0,1e-06,True
hpmcounter6,median,102,0.0,1e-06,True
hpmcounter6,median,103,0.0,1e-06,True
hpmcounter6,median,104,0.0,1e-06,True
hpmcounter6,median,105,0.0,1e-06,True
hpmcounter6,median,106,0.0,1e-06,True
hpmcounter6,median,107,0.0,1e-06,True
hpmcounter6,median,108,0.0,1e-06,True
hpmcounter6,median,109,0.0,1e-06,True
hpmcounter6,median,110,0.0,1e-06,True
hpmcounter6,median,111,0.0,1e-06,True
hpmcounter6,median,112,0.0,1e-06,True
hpmcounter6,median,113,0.0,1e-06,True
hpmcounter6,median,114,0.0,1e-06,True
hpmcounter6,median,115,0.0,1e-06,True
hpmcounter6,median,116,0.0,1e-06,True
hpmcounter6,median,117,0.0,1e-06,True
hpmcounter6,median,118,0.0,1e-06,True
hpmcounter6,median,119,0.0,1e-06,True
hpmcounter6,median,120,0.0,1e-06,True
hpmcounter6,median,121,0.0,1e-06,True
hpmcounter6,median,122,0.0,1e-06,True
hpmcounter6,median,123,0.0,1e-06,True
hpmcounter6,median,124,0.0,1e-06,True
hpmcounter6,median,125,0.0,1e-06,True
hpmcounter6,median,126,0.0,1e-06,True
hpmcounter6,median,127,0.0,1e-06,True
hpmcounter6,median,128,0.0,1e-06,True
hpmcounter6,median,129,0.0,1e-06,True
hpmcounter6,median,130,0.0,1e-06,True
hpmcounter6,median,131,0.0,1e-06,True
hpmcounter6,median,132,0.0,1e-06,True
hpmcounter6,median,133,0.0,1e-06,True
hpmcounter6,median,134,0.0,1e-06,True
hpmcounter6,median,135,0.0,1e-06,True
hpmcounter6,median,136,0.0,1e-06,True
hpmcounter6,median,137,0.0,1e-06,True
hpmcounter6,median,138,0.0,1e-06,True
hpmcounter6,median,139,0.0,1e-06,True
hpmcounter6,median,140,0.0,1e-06,True
hpmcounter6,median,141,0.0,1e-06,True
hpmcounter6,median,142,0.0,1e-06,True
hpmcounter6,median,143,0.0,1e-06,True
hpmcounter6,median,144,0.0,1e-06,True
hpmcounter6,median,145,0.0,1e-06,True
hpmcounter6,median,146,0.0,1e-06,True
hpmcounter6,median,147,0.0,1e-06,True
hpmcounter6,median,148,0.0,1e-06,True
hpmcounter6,median,149,0.0,1e-06,True
hpmcounter6,median,150,0.0,1e-06,True
hpmcounter6,median,151,0.0,1e-06,True
hpmcounter6,median,152,0.0,1e-06,True
hpmcounter6,median,153,0.0,1e-06,True
hpmcounter6,median,154,0.0,1e-06,True
hpmcounter6,median,155,0.0,1e-06,True
hpmcounter6,median,156,0.0,1e-06,True
hpmcounter6,median,157,0.0,1e-06,True
hpmcounter6,median,158,0.0,1e-06,True
hpmcounter6,median,159,0.0,1e-06,True
hpmcounter6,median,160,0.0,1e-06,True
hpmcounter6,median,161,0.0,1e-06,True
hpmcounter6,median,162,0.0,1e-06,True
hpmcounter6,median,163,0.0,1e-06,True
hpmcounter6,median,164,0.0,1e-06,True
hpmcounter6,median,165,0.0,1e-06,True
hpmcounter6,median,166,0.0,1e-06,True
hpmcounter6,median,167,0.0,1e-06,True
hpmcounter6,median,168,0.0,1e-06,True
hpmcounter6,median,169,0.0,1e-06,True
hpmcounter6,median,170,0.0,1e-06,True
hpmcounter6,median,171,0.0,1e-06,True
hpmcounter6,median,172,0.0,1e-06,True
hpmcounter6,median,173,0.0,1e-06,True
hpmcounter6,median,174,0.0,1e-06,True
hpmcounter6,median,175,0.0,1e-06,True
hpmcounter6,median,176,0.0,1e-06,True
hpmcounter6,median,177,0.0,1e-06,True
hpmcounter6,median,178,0.0,1e-06,True
hpmcounter6,median,179,0.0,1e-06,True
hpmcounter6,median,180,0.0,1e-06,True
hpmcounter6,median,181,0.0,1e-06,True
hpmcounter6,median,182,0.0,1e-06,True
hpmcounter6,median,183,0.0,1e-06,True
hpmcounter6,median,184,0.0,1e-06,True
hpmcounter6,median,185,0.0,1e-06,True
hpmcounter6,median,186,0.0,1e-06,True
hpmcounter6,median,187,0.0,1e-06,True
hpmcounter6,median,188,0.0,1e-06,True
hpmcounter6,median,189,0.0,1e-06,True
hpmcounter6,median,190,0.0,1e-06,True
hpmcounter6,median,191,0.0,1e-06,True
hpmcounter6,median,192,0.0,1e-06,True
hpmcounter6,median,193,0.0,1e-06,True
hpmcounter6,median,194,0.0,1e-06,True
hpmcounter6,median,195,0.0,1e-06,True
hpmcounter6,median,196,0.0,1e-06,True
hpmcounter6,median,197,0.0,1e-06,True
hpmcounter6,median,198,0.0,1e-06,True
hpmcounter6,median,199,0.0,1e-06,True
hpmcounter6,median,200,0.0,1e-06,True
hpmcounter6,median,201,0.0,1e-06,True
hpmcounter6,median,202,0.0,1e-06,True
hpmcounter6,median,203,0.0,1e-06,True
hpmcounter6,median,204,0.0,1e-06,True
hpmcounter6,median,205,0.0,1e-06,True
hpmcounter6,median,206,0.0,1e-06,True
hpmcounter6,median,207,0.0,1e-06,True
hpmcounter6,median,208,0.0,1e-06,True
hpmcounter6,median,209,0.0,1e-06,True
hpmcounter6,median,210,0.0,1e-06,True
hpmcounter6,median,211,0.0,1e-06,True
hpmcounter6,median,212,0.0,1e-06,True
hpmcounter6,median,213,0.0,1e-06,True
hpmcounter6,median,214,0.0,1e-06,True
hpmcounter6,median,215,0.0,1e-06,True
hpmcounter6,median,216,0.0,1e-06,True
hpmcounter6,median,217,0.0,1e-06,True
hpmcounter6,median,218,0.0,1e-06,True
hpmcounter6,median,219,0.0,1e-06,True
hpmcounter6,median,220,0.0,1e-06,True
hpmcounter6,median,221,0.0,1e-06,True
hpmcounter6,median,222,0.0,1e-06,True
hpmcounter6,median,223,0.0,1e-06,True
hpmcounter6,median,224,0.0,1e-06,True
hpmcounter6,median,225,0.0,1e-06,True
hpmcounter6,median,226,0.0,1e-06,True
hpmcounter6,median,227,0.0,1e-06,True
hpmcounter6,median,228,0.0,1e-06,True
hpmcounter6,median,229,0.0,1e-06,True
hpmcounter6,median,230,0.0,1e-06,True
hpmcounter6,median,231,0.0,1e-06,True
hpmcounter6,median,232,0.0,1e-06,True
hpmcounter6,median,233,0.0,1e-06,True
hpmcounter6,median,234,0.0,1e-06,True
hpmcounter6,median,235,0.0,1e-06,True
hpmcounter6,median,236,0.0,1e-06,True
hpmcounter6,median,237,0.0,1e-06,True
hpmcounter6,median,238,0.0,1e-06,True
hpmcounter6,median,239,0.0,1e-06,True
hpmcounter6,median,240,0.0,1e-06,True
hpmcounter6,median,241,0.0,1e-06,True
hpmcounter6,median,242,0.0,1e-06,True
hpmcounter6,median,243,0.0,1e-06,True
hpmcounter6,median,244,0.0,1e-06,True
hpmcounter6,median,245,0.0,1e-06,True
hpmcounter6,median,246,0.0,1e-06,True
hpmcounter6,median,247,0.0,1e-06,True
hpmcounter6,median,248,0.0,1e-06,True
hpmcounter6,median,249,0.0,1e-06,True
hpmcounter6,median,250,0.0,1e-06,True
hpmcounter6,median,251,0.0,1e-06,True
hpmcounter6,median,252,0.0,1e-06,True
hpmcounter6,median,253,0.0,1e-06,True
hpmcounter6,median,254,0.0,1e-06,True
hpmcounter6,median,255,0.0,1e-06,True
hpmcounter6,median,256,0.0,1e-06,True
hpmcounter6,median,257,0.0,1e-06,True
hpmcounter6,median,258,0.0,1e-06,True
hpmcounter6,median,259,0.0,1e-06,True
hpmcounter6,median,260,0.0,1e-06,True
hpmcounter6,median,261,0.0,1e-06,True
hpmcounter6,median,262,0.0,1e-06,True
hpmcounter6,median,263,0.0,1e-06,True
hpmcounter6,median,264,0.0,1e-06,True
hpmcounter6,median,265,0.0,1e-06,True
hpmcounter6,median,266,0.0,1e-06,True
hpmcounter6,median,267,0.0,1e-06,True
hpmcounter6,median,268,0.0,1e-06,True
hpmcounter6,median,269,0.0,1e-06,True
hpmcounter6,median,270,0.0,1e-06,True
hpmcounter6,median,271,0.0,1e-06,True
hpmcounter6,median,272,0.0,1e-06,True
hpmcounter6,median,273,0.0,1e-06,True
hpmcounter6,median,274,0.0,1e-06,True
hpmcounter6,median,275,0.0,1e-06,True
hpmcounter6,median,276,0.0,1e-06,True
hpmcounter6,median,277,0.0,1e-06,True
hpmcounter6,median,278,0.0,1e-06,True
hpmcounter6,median,279,0.0,1e-06,True
hpmcounter6,median,280,0.0,1e-06,True
hpmcounter6,median,281,0.0,1e-06,True
hpmcounter6,median,282,0.0,1e-06,True
hpmcounter6,median,283,0.0,1e-06,True
hpmcounter6,median,284,0.0,1e-06,True
hpmcounter6,median,285,0.0,1e-06,True
hpmcounter6,median,286,0.0,1e-06,True
hpmcounter6,median,287,0.0,1e-06,True
hpmcounter6,median,288,0.0,1e-06,True
hpmcounter6,median,289,0.0,1e-06,True
hpmcounter6,median,290,0.0,1e-06,True
hpmcounter6,median,291,0.0,1e-06,True
hpmcounter6,median,292,0.0,1e-06,True
hpmcounter6,median,293,0.0,1e-06,True
hpmcounter6,median,294,0.0,1e-06,True
hpmcounter6,median,295,0.0,1e-06,True
hpmcounter6,median,296,0.0,1e-06,True
hpmcounter6,median,297,0.0,1e-06,True
hpmcounter6,median,298,0.0,1e-06,True
hpmcounter7,mean,10,0.0,1e-06,True
hpmcounter7,mean,11,0.0,1e-06,True
hpmcounter7,mean,12,0.0,1e-06,True
hpmcounter7,mean,13,0.0,1e-06,True
hpmcounter7,mean,14,0.0,1e-06,True
hpmcounter7,mean,15,0.0,1e-06,True
hpmcounter7,mean,16,0.0,1e-06,True
hpmcounter7,mean,17,0.0,1e-06,True
hpmcounter7,mean,18,0.0,1e-06,True
hpmcounter7,mean,19,0.0,1e-06,True
hpmcounter7,mean,20,0.0,1e-06,True
hpmcounter7,mean,21,0.0,1e-06,True
hpmcounter7,mean,22,0.0,1e-06,True
hpmcounter7,mean,23,0.0,1e-06,True
hpmcounter7,mean,24,0.0,1e-06,True
hpmcounter7,mean,25,0.0,1e-06,True
hpmcounter7,mean,26,0.0,1e-06,True
hpmcounter7,mean,27,0.0,1e-06,True
hpmcounter7,mean,28,0.0,1e-06,True
hpmcounter7,mean,29,0.0,1e-06,True
hpmcounter7,mean,30,0.0,1e-06,True
hpmcounter7,mean,31,0.0,1e-06,True
hpmcounter7,mean,32,0.0,1e-06,True
hpmcounter7,mean,33,0.0,1e-06,True
hpmcounter7,mean,34,0.0,1e-06,True
hpmcounter7,mean,35,0.0,1e-06,True
hpmcounter7,mean,36,0.0,1e-06,True
hpmcounter7,mean,37,0.0,1e-06,True
hpmcounter7,mean,38,0.0,1e-06,True
hpmcounter7,mean,39,0.0,1e-06,True
hpmcounter7,mean,40,0.0,1e-06,True
hpmcounter7,mean,41,0.0,1e-06,True
hpmcounter7,mean,42,0.0,1e-06,True
hpmcounter7,mean,43,0.0,1e-06,True
hpmcounter7,mean,44,0.0,1e-06,True
hpmcounter7,mean,45,0.0,1e-06,True
hpmcounter7,mean,46,0.0,1e-06,True
hpmcounter7,mean,47,0.0,1e-06,True
hpmcounter7,mean,48,0.0,1e-06,True
hpmcounter7,mean,49,0.0,1e-06,True
hpmcounter7,mean,50,0.0,1e-06,True
hpmcounter7,mean,51,0.0,1e-06,True
hpmcounter7,mean,52,0.0,1e-06,True
hpmcounter7,mean,53,0.0,1e-06,True
hpmcounter7,mean,54,0.0,1e-06,True
hpmcounter7,mean,55,0.0,1e-06,True
hpmcounter7,mean,56,0.0,1e-06,True
hpmcounter7,mean,57,0.0,1e-06,True
hpmcounter7,mean,58,0.0,1e-06,True
hpmcounter7,mean,59,0.0,1e-06,True
hpmcounter7,mean,60,0.0,1e-06,True
hpmcounter7,mean,61,0.0,1e-06,True
hpmcounter7,mean,62,0.0,1e-06,True
hpmcounter7,mean,63,0.0,1e-06,True
hpmcounter7,mean,64,0.0,1e-06,True
hpmcounter7,mean,65,0.0,1e-06,True
hpmcounter7,mean,66,0.0,1e-06,True
hpmcounter7,mean,67,0.0,1e-06,True
hpmcounter7,mean,68,0.0,1e-06,True
hpmcounter7,mean,69,0.0,1e-06,True
hpmcounter7,mean,70,0.0,1e-06,True
hpmcounter7,mean,71,0.0,1e-06,True
hpmcounter7,mean,72,0.0,1e-06,True
hpmcounter7,mean,73,0.0,1e-06,True
hpmcounter7,mean,74,0.0,1e-06,True
hpmcounter7,mean,75,0.0,1e-06,True
hpmcounter7,mean,76,0.0,1e-06,True
hpmcounter7,mean,77,0.0,1e-06,True
hpmcounter7,mean,78,0.0,1e-06,True
hpmcounter7,mean,79,0.0,1e-06,True
hpmcounter7,mean,80,0.0,1e-06,True
hpmcounter7,mean,81,0.0,1e-06,True
hpmcounter7,mean,82,0.0,1e-06,True
hpmcounter7,mean,83,0.0,1e-06,True
hpmcounter7,mean,84,0.0,1e-06,True
hpmcounter7,mean,85,0.0,1e-06,True
hpmcounter7,mean,86,0.0,1e-06,True
hpmcounter7,mean,87,0.0,1e-06,True
hpmcounter7,mean,88,0.0,1e-06,True
hpmcounter7,mean,89,0.0,1e-06,True
hpmcounter7,mean,90,0.0,1e-06,True
hpmcounter7,mean,91,0.0,1e-06,True
hpmcounter7,mean,92,0.0,1e-06,True
hpmcounter7,mean,93,0.0,1e-06,True
hpmcounter7,mean,94,0.0,1e-06,True
hpmcounter7,mean,95,0.0,1e-06,True
hpmcounter7,mean,96,0.0,1e-06,True
hpmcounter7,mean,97,0.0,1e-06,True
hpmcounter7,mean,98,0.0,1e-06,True
hpmcounter7,mean,99,0.0,1e-06,True
hpmcounter7,mean,100,0.0,1e-06,True
hpmcounter7,mean,101,0.0,1e-06,True
hpmcounter7,mean,102,0.0,1e-06,True
hpmcounter7,mean,103,0.0,1e-06,True
hpmcounter7,mean,104,0.0,1e-06,True
hpmcounter7,mean,105,0.0,1e-06,True
hpmcounter7,mean,106,0.0,1e-06,True
hpmcounter7,mean,107,0.0,1e-06,True
hpmcounter7,mean,108,0.0,1e-06,True
hpmcounter7,mean,109,0.0,1e-06,True
hpmcounter7,mean,110,0.0,1e-06,True
hpmcounter7,mean,111,0.0,1e-06,True
hpmcounter7,mean,112,0.0,1e-06,True
hpmcounter7,mean,113,0.0,1e-06,True
hpmcounter7,mean,114,0.0,1e-06,True
hpmcounter7,mean,115,0.0,1e-06,True
hpmcounter7,mean,116,0.0,1e-06,True
hpmcounter7,mean,117,0.0,1e-06,True
hpmcounter7,mean,118,0.0,1e-06,True
hpmcounter7,mean,119,0.0,1e-06,True
hpmcounter7,mean,120,0.0,1e-06,True
hpmcounter7,mean,121,0.0,1e-06,True
hpmcounter7,mean,122,0.0,1e-06,True
hpmcounter7,mean,123,0.0,1e-06,True
hpmcounter7,mean,124,0.0,1e-06,True
hpmcounter7,mean,125,0.0,1e-06,True
hpmcounter7,mean,126,0.0,1e-06,True
hpmcounter7,mean,127,0.0,1e-06,True
hpmcounter7,mean,128,0.0,1e-06,True
hpmcounter7,mean,129,0.0,1e-06,True
hpmcounter7,mean,130,0.0,1e-06,True
hpmcounter7,mean,131,0.0,1e-06,True
hpmcounter7,mean,132,0.0,1e-06,True
hpmcounter7,mean,133,0.0,1e-06,True
hpmcounter7,mean,134,0.0,1e-06,True
hpmcounter7,mean,135,0.0,1e-06,True
hpmcounter7,mean,136,0.0,1e-06,True
hpmcounter7,mean,137,0.0,1e-06,True
hpmcounter7,mean,138,0.0,1e-06,True
hpmcounter7,mean,139,0.0,1e-06,True
hpmcounter7,mean,140,0.0,1e-06,True
hpmcounter7,mean,141,0.0,1e-06,True
hpmcounter7,mean,142,0.0,1e-06,True
hpmcounter7,mean,143,0.0,1e-06,True
hpmcounter7,mean,144,0.0,1e-06,True
hpmcounter7,mean,145,0.0,1e-06,True
hpmcounter7,mean,146,0.0,1e-06,True
hpmcounter7,mean,147,0.0,1e-06,True
hpmcounter7,mean,148,0.0,1e-06,True
hpmcounter7,mean,149,0.0,1e-06,True
hpmcounter7,mean,150,0.0,1e-06,True
hpmcounter7,mean,151,0.0,1e-06,True
hpmcounter7,mean,152,0.0,1e-06,True
hpmcounter7,mean,153,0.0,1e-06,True
hpmcounter7,mean,154,0.0,1e-06,True
hpmcounter7,mean,155,0.0,1e-06,True
hpmcounter7,mean,156,0.0,1e-06,True
hpmcounter7,mean,157,0.0,1e-06,True
hpmcounter7,mean,158,0.0,1e-06,True
hpmcounter7,mean,159,0.0,1e-06,True
hpmcounter7,mean,160,0.0,1e-06,True
hpmcounter7,mean,161,0.0,1e-06,True
hpmcounter7,mean,162,0.0,1e-06,True
hpmcounter7,mean,163,0.0,1e-06,True
hpmcounter7,mean,164,0.0,1e-06,True
hpmcounter7,mean,165,0.0,1e-06,True
hpmcounter7,mean,166,0.0,1e-06,True
hpmcounter7,mean,167,0.0,1e-06,True
hpmcounter7,mean,168,0.0,1e-06,True
hpmcounter7,mean,169,0.0,1e-06,True
hpmcounter7,mean,170,0.0,1e-06,True
hpmcounter7,mean,171,0.0,1e-06,True
hpmcounter7,mean,172,0.0,1e-06,True
hpmcounter7,mean,173,0.0,1e-06,True
hpmcounter7,mean,174,0.0,1e-06,True
hpmcounter7,mean,175,0.0,1e-06,True
hpmcounter7,mean,176,0.0,1e-06,True
hpmcounter7,mean,177,0.0,1e-06,True
hpmcounter7,mean,178,0.0,1e-06,True
hpmcounter7,mean,179,0.0,1e-06,True
hpmcounter7,mean,180,0.0,1e-06,True
hpmcounter7,mean,181,0.0,1e-06,True
hpmcounter7,mean,182,0.0,1e-06,True
hpmcounter7,mean,183,0.0,1e-06,True
hpmcounter7,mean,184,0.0,1e-06,True
hpmcounter7,mean,185,0.0,1e-06,True
hpmcounter7,mean,186,0.0,1e-06,True
hpmcounter7,mean,187,0.0,1e-06,True
hpmcounter7,mean,188,0.0,1e-06,True
hpmcounter7,mean,189,0.0,1e-06,True
hpmcounter7,mean,190,0.0,1e-06,True
hpmcounter7,mean,191,0.0,1e-06,True
hpmcounter7,mean,192,0.0,1e-06,True
hpmcounter7,mean,193,0.0,1e-06,True
hpmcounter7,mean,194,0.0,1e-06,True
hpmcounter7,mean,195,0.0,1e-06,True
hpmcounter7,mean,196,0.0,1e-06,True
hpmcounter7,mean,197,0.0,1e-06,True
hpmcounter7,mean,198,0.0,1e-06,True
hpmcounter7,mean,199,0.0,1e-06,True
hpmcounter7,mean,200,0.0,1e-06,True
hpmcounter7,mean,201,0.0,1e-06,True
hpmcounter7,mean,202,0.0,1e-06,True
hpmcounter7,mean,203,0.0,1e-06,True
hpmcounter7,mean,204,0.0,1e-06,True
hpmcounter7,mean,205,0.0,1e-06,True
hpmcounter7,mean,206,0.0,1e-06,True
hpmcounter7,mean,207,0.0,1e-06,True
hpmcounter7,mean,208,0.0,1e-06,True
hpmcounter7,mean,209,0.0,1e-06,True
hpmcounter7,mean,210,0.0,1e-06,True
hpmcounter7,mean,211,0.0,1e-06,True
hpmcounter7,mean,212,0.0,1e-06,True
hpmcounter7,mean,213,0.0,1e-06,True
hpmcounter7,mean,214,0.0,1e-06,True
hpmcounter7,mean,215,0.0,1e-06,True
hpmcounter7,mean,216,0.0,1e-06,True
hpmcounter7,mean,217,0.0,1e-06,True
hpmcounter7,mean,218,0.0,1e-06,True
hpmcounter7,mean,219,0.0,1e-06,True
hpmcounter7,mean,220,0.0,1e-06,True
hpmcounter7,mean,221,0.0,1e-06,True
hpmcounter7,mean,222,0.0,1e-06,True
hpmcounter7,mean,223,0.0,1e-06,True
hpmcounter7,mean,224,0.0,1e-06,True
hpmcounter7,mean,225,0.0,1e-06,True
hpmcounter7,mean,226,0.0,1e-06,True
hpmcounter7,mean,227,0.0,1e-06,True
hpmcounter7,mean,228,0.0,1e-06,True
hpmcounter7,mean,229,0.0,1e-06,True
hpmcounter7,mean,230,0.0,1e-06,True
hpmcounter7,mean,231,0.0,1e-06,True
hpmcounter7,mean,232,0.0,1e-06,True
hpmcounter7,mean,233,0.0,1e-06,True
hpmcounter7,mean,234,0.0,1e-06,True
hpmcounter7,mean,235,0.0,1e-06,True
hpmcounter7,mean,236,0.0,1e-06,True
hpmcounter7,mean,237,0.0,1e-06,True
hpmcounter7,mean,238,0.0,1e-06,True
hpmcounter7,mean,239,0.0,1e-06,True
hpmcounter7,mean,240,0.0,1e-06,True
hpmcounter7,mean,241,0.0,1e-06,True
hpmcounter7,mean,242,0.0,1e-06,True
hpmcounter7,mean,243,0.0,1e-06,True
hpmcounter7,mean,244,0.0,1e-06,True
hpmcounter7,mean,245,0.0,1e-06,True
hpmcounter7,mean,246,0.0,1e-06,True
hpmcounter7,mean,247,0.0,1e-06,True
hpmcounter7,mean,248,0.0,1e-06,True
hpmcounter7,mean,249,0.0,1e-06,True
hpmcounter7,mean,250,0.0,1e-06,True
hpmcounter7,mean,251,0.0,1e-06,True
hpmcounter7,mean,252,0.0,1e-06,True
hpmcounter7,mean,253,0.0,1e-06,True
hpmcounter7,mean,254,0.0,1e-06,True
hpmcounter7,mean,255,0.0,1e-06,True
hpmcounter7,mean,256,0.0,1e-06,True
hpmcounter7,mean,257,0.0,1e-06,True
hpmcounter7,mean,258,0.0,1e-06,True
hpmcounter7,mean,259,0.0,1e-06,True
hpmcounter7,mean,260,0.0,1e-06,True
hpmcounter7,mean,261,0.0,1e-06,True
hpmcounter7,mean,262,0.0,1e-06,True
hpmcounter7,mean,263,0.0,1e-06,True
hpmcounter7,mean,264,0.0,1e-06,True
hpmcounter7,mean,265,0.0,1e-06,True
hpmcounter7,mean,266,0.0,1e-06,True
hpmcounter7,mean,267,0.0,1e-06,True
hpmcounter7,mean,268,0.0,1e-06,True
hpmcounter7,mean,269,0.0,1e-06,True
hpmcounter7,mean,270,0.0,1e-06,True
hpmcounter7,mean,271,0.0,1e-06,True
hpmcounter7,mean,272,0.0,1e-06,True
hpmcounter7,mean,273,0.0,1e-06,True
hpmcounter7,mean,274,0.0,1e-06,True
hpmcounter7,mean,275,0.0,1e-06,True
hpmcounter7,mean,276,0.0,1e-06,True
hpmcounter7,mean,277,0.0,1e-06,True
hpmcounter7,mean,278,0.0,1e-06,True
hpmcounter7,mean,279,0.0,1e-06,True
hpmcounter7,mean,280,0.0,1e-06,True
hpmcounter7,mean,281,0.0,1e-06,True
hpmcounter7,mean,282,0.0,1e-06,True
hpmcounter7,mean,283,0.0,1e-06,True
hpmcounter7,mean,284,0.0,1e-06,True
hpmcounter7,mean,285,0.0,1e-06,True
hpmcounter7,mean,286,0.0,1e-06,True
hpmcounter7,mean,287,0.0,1e-06,True
hpmcounter7,mean,288,0.0,1e-06,True
hpmcounter7,mean,289,0.0,1e-06,True
hpmcounter7,mean,290,0.0,1e-06,True
hpmcounter7,mean,291,0.0,1e-06,True
hpmcounter7,mean,292,0.0,1e-06,True
hpmcounter7,mean,293,0.0,1e-06,True
hpmcounter7,mean,294,0.0,1e-06,True
hpmcounter7,mean,295,0.0,1e-06,True
hpmcounter7,mean,296,0.0,1e-06,True
hpmcounter7,mean,297,0.0,1e-06,True
hpmcounter7,mean,298,0.0,1e-06,True
hpmcounter7,median,10,0.0,1e-06,True
hpmcounter7,median,11,0.0,1e-06,True
hpmcounter7,median,12,0.0,1e-06,True
hpmcounter7,median,13,0.0,1e-06,True
hpmcounter7,median,14,0.0,1e-06,True
hpmcounter7,median,15,0.0,1e-06,True
hpmcounter7,median,16,0.0,1e-06,True
hpmcounter7,median,17,0.0,1e-06,True
hpmcounter7,median,18,0.0,1e-06,True
hpmcounter7,median,19,0.0,1e-06,True
hpmcounter7,median,20,0.0,1e-06,True
hpmcounter7,median,21,0.0,1e-06,True
hpmcounter7,median,22,0.0,1e-06,True
hpmcounter7,median,23,0.0,1e-06,True
hpmcounter7,median,24,0.0,1e-06,True
hpmcounter7,median,25,0.0,1e-06,True
hpmcounter7,median,26,0.0,1e-06,True
hpmcounter7,median,27,0.0,1e-06,True
hpmcounter7,median,28,0.0,1e-06,True
hpmcounter7,median,29,0.0,1e-06,True
hpmcounter7,median,30,0.0,1e-06,True
hpmcounter7,median,31,0.0,1e-06,True
hpmcounter7,median,32,0.0,1e-06,True
hpmcounter7,median,33,0.0,1e-06,True
hpmcounter7,median,34,0.0,1e-06,True
hpmcounter7,median,35,0.0,1e-06,True
hpmcounter7,median,36,0.0,1e-06,True
hpmcounter7,median,37,0.0,1e-06,True
hpmcounter7,median,38,0.0,1e-06,True
hpmcounter7,median,39,0.0,1e-06,True
hpmcounter7,median,40,0.0,1e-06,True
hpmcounter7,median,41,0.0,1e-06,True
hpmcounter7,median,42,0.0,1e-06,True
hpmcounter7,median,43,0.0,1e-06,True
hpmcounter7,median,44,0.0,1e-06,True
hpmcounter7,median,45,0.0,1e-06,True
hpmcounter7,median,46,0.0,1e-06,True
hpmcounter7,median,47,0.0,1e-06,True
hpmcounter7,median,48,0.0,1e-06,True
hpmcounter7,median,49,0.0,1e-06,True
hpmcounter7,median,50,0.0,1e-06,True
hpmcounter7,median,51,0.0,1e-06,True
hpmcounter7,median,52,0.0,1e-06,True
hpmcounter7,median,53,0.0,1e-06,True
hpmcounter7,median,54,0.0,1e-06,True
hpmcounter7,median,55,0.0,1e-06,True
hpmcounter7,median,56,0.0,1e-06,True
hpmcounter7,median,57,0.0,1e-06,True
hpmcounter7,median,58,0.0,1e-06,True
hpmcounter7,median,59,0.0,1e-06,True
hpmcounter7,median,60,0.0,1e-06,True
hpmcounter7,median,61,0.0,1e-06,True
hpmcounter7,median,62,0.0,1e-06,True
hpmcounter7,median,63,0.0,1e-06,True
hpmcounter7,median,64,0.0,1e-06,True
hpmcounter7,median,65,0.0,1e-06,True
hpmcounter7,median,66,0.0,1e-06,True
hpmcounter7,median,67,0.0,1e-06,True
hpmcounter7,median,68,0.0,1e-06,True
hpmcounter7,median,69,0.0,1e-06,True
hpmcounter7,median,70,0.0,1e-06,True
hpmcounter7,median,71,0.0,1e-06,True
hpmcounter7,median,72,0.0,1e-06,True
hpmcounter7,median,73,0.0,1e-06,True
hpmcounter7,median,74,0.0,1e-06,True
hpmcounter7,median,75,0.0,1e-06,True
hpmcounter7,median,76,0.0,1e-06,True
hpmcounter7,median,77,0.0,1e-06,True
hpmcounter7,median,78,0.0,1e-06,True
hpmcounter7,median,79,0.0,1e-06,True
hpmcounter7,median,80,0.0,1e-06,True
hpmcounter7,median,81,0.0,1e-06,True
hpmcounter7,median,82,0.0,1e-06,True
hpmcounter7,median,83,0.0,1e-06,True
hpmcounter7,median,84,0.0,1e-06,True
hpmcounter7,median,85,0.0,1e-06,True
hpmcounter7,median,86,0.0,1e-06,True
hpmcounter7,median,87,0.0,1e-06,True
hpmcounter7,median,88,0.0,1e-06,True
hpmcounter7,median,89,0.0,1e-06,True
hpmcounter7,median,90,0.0,1e-06,True
hpmcounter7,median,91,0.0,1e-06,True
hpmcounter7,median,92,0.0,1e-06,True
hpmcounter7,median,93,0.0,1e-06,True
hpmcounter7,median,94,0.0,1e-06,True
hpmcounter7,median,95,0.0,1e-06,True
hpmcounter7,median,96,0.0,1e-06,True
hpmcounter7,median,97,0.0,1e-06,True
hpmcounter7,median,98,0.0,1e-06,True
hpmcounter7,median,99,0.0,1e-06,True
hpmcounter7,median,100,0.0,1e-06,True
hpmcounter7,median,101,0.0,1e-06,True
hpmcounter7,median,102,0.0,1e-06,True
hpmcounter7,median,103,0.0,1e-06,True
hpmcounter7,median,104,0.0,1e-06,True
hpmcounter7,median,105,0.0,1e-06,True
hpmcounter7,median,106,0.0,1e-06,True
hpmcounter7,median,107,0.0,1e-06,True
hpmcounter7,median,108,0.0,1e-06,True
hpmcounter7,median,109,0.0,1e-06,True
hpmcounter7,median,110,0.0,1e-06,True
hpmcounter7,median,111,0.0,1e-06,True
hpmcounter7,median,112,0.0,1e-06,True
hpmcounter7,median,113,0.0,1e-06,True
hpmcounter7,median,114,0.0,1e-06,True
hpmcounter7,median,115,0.0,1e-06,True
hpmcounter7,median,116,0.0,1e-06,True
hpmcounter7,median,117,0.0,1e-06,True
hpmcounter7,median,118,0.0,1e-06,True
hpmcounter7,median,119,0.0,1e-06,True
hpmcounter7,median,120,0.0,1e-06,True
hpmcounter7,median,121,0.0,1e-06,True
hpmcounter7,median,122,0.0,1e-06,True
hpmcounter7,median,123,0.0,1e-06,True
hpmcounter7,median,124,0.0,1e-06,True
hpmcounter7,median,125,0.0,1e-06,True
hpmcounter7,median,126,0.0,1e-06,True
hpmcounter7,median,127,0.0,1e-06,True
hpmcounter7,median,128,0.0,1e-06,True
hpmcounter7,median,129,0.0,1e-06,True
hpmcounter7,median,130,0.0,1e-06,True
hpmcounter7,median,131,0.0,1e-06,True
hpmcounter7,median,132,0.0,1e-06,True
hpmcounter7,median,133,0.0,1e-06,True
hpmcounter7,median,134,0.0,1e-06,True
hpmcounter7,median,135,0.0,1e-06,True
hpmcounter7,median,136,0.0,1e-06,True
hpmcounter7,median,137,0.0,1e-06,True
hpmcounter7,median,138,0.0,1e-06,True
hpmcounter7,median,139,0.0,1e-06,True
hpmcounter7,median,140,0.0,1e-06,True
hpmcounter7,median,141,0.0,1e-06,True
hpmcounter7,median,142,0.0,1e-06,True
hpmcounter7,median,143,0.0,1e-06,True
hpmcounter7,median,144,0.0,1e-06,True
hpmcounter7,median,145,0.0,1e-06,True
hpmcounter7,median,146,0.0,1e-06,True
hpmcounter7,median,147,0.0,1e-06,True
hpmcounter7,median,148,0.0,1e-06,True
hpmcounter7,median,149,0.0,1e-06,True
hpmcounter7,median,150,0.0,1e-06,True
hpmcounter7,median,151,0.0,1e-06,True
hpmcounter7,median,152,0.0,1e-06,True
hpmcounter7,median,153,0.0,1e-06,True
hpmcounter7,median,154,0.0,1e-06,True
hpmcounter7,median,155,0.0,1e-06,True
hpmcounter7,median,156,0.0,1e-06,True
hpmcounter7,median,157,0.0,1e-06,True
hpmcounter7,median,158,0.0,1e-06,True
hpmcounter7,median,159,0.0,1e-06,True
hpmcounter7,median,160,0.0,1e-06,True
hpmcounter7,median,161,0.0,1e-06,True
hpmcounter7,median,162,0.0,1e-06,True
hpmcounter7,median,163,0.0,1e-06,True
hpmcounter7,median,164,0.0,1e-06,True
hpmcounter7,median,165,0.0,1e-06,True
hpmcounter7,median,166,0.0,1e-06,True
hpmcounter7,median,167,0.0,1e-06,True
hpmcounter7,median,168,0.0,1e-06,True
hpmcounter7,median,169,0.0,1e-06,True
hpmcounter7,median,170,0.0,1e-06,True
hpmcounter7,median,171,0.0,1e-06,True
hpmcounter7,median,172,0.0,1e-06,True
hpmcounter7,median,173,0.0,1e-06,True
hpmcounter7,median,174,0.0,1e-06,True
hpmcounter7,median,175,0.0,1e-06,True
hpmcounter7,median,176,0.0,1e-06,True
hpmcounter7,median,177,0.0,1e-06,True
hpmcounter7,median,178,0.0,1e-06,True
hpmcounter7,median,179,0.0,1e-06,True
hpmcounter7,median,180,0.0,1e-06,True
hpmcounter7,median,181,0.0,1e-06,True
hpmcounter7,median,182,0.0,1e-06,True
hpmcounter7,median,183,0.0,1e-06,True
hpmcounter7,median,184,0.0,1e-06,True
hpmcounter7,median,185,0.0,1e-06,True
hpmcounter7,median,186,0.0,1e-06,True
hpmcounter7,median,187,0.0,1e-06,True
hpmcounter7,median,188,0.0,1e-06,True
hpmcounter7,median,189,0.0,1e-06,True
hpmcounter7,median,190,0.0,1e-06,True
hpmcounter7,median,191,0.0,1e-06,True
hpmcounter7,median,192,0.0,1e-06,True
hpmcounter7,median,193,0.0,1e-06,True
hpmcounter7,median,194,0.0,1e-06,True
hpmcounter7,median,195,0.0,1e-06,True
hpmcounter7,median,196,0.0,1e-06,True
hpmcounter7,median,197,0.0,1e-06,True
hpmcounter7,median,198,0.0,1e-06,True
hpmcounter7,median,199,0.0,1e-06,True
hpmcounter7,median,200,0.0,1e-06,True
hpmcounter7,median,201,0.0,1e-06,True
hpmcounter7,median,202,0.0,1e-06,True
hpmcounter7,median,203,0.0,1e-06,True
hpmcounter7,median,204,0.0,1e-06,True
hpmcounter7,median,205,0.0,1e-06,True
hpmcounter7,median,206,0.0,1e-06,True
hpmcounter7,median,207,0.0,1e-06,True
hpmcounter7,median,208,0.0,1e-06,True
hpmcounter7,median,209,0.0,1e-06,True
hpmcounter7,median,210,0.0,1e-06,True
hpmcounter7,median,211,0.0,1e-06,True
hpmcounter7,median,212,0.0,1e-06,True
hpmcounter7,median,213,0.0,1e-06,True
hpmcounter7,median,214,0.0,1e-06,True
hpmcounter7,median,215,0.0,1e-06,True
hpmcounter7,median,216,0.0,1e-06,True
hpmcounter7,median,217,0.0,1e-06,True
hpmcounter7,median,218,0.0,1e-06,True
hpmcounter7,median,219,0.0,1e-06,True
hpmcounter7,median,220,0.0,1e-06,True
hpmcounter7,median,221,0.0,1e-06,True
hpmcounter7,median,222,0.0,1e-06,True
hpmcounter7,median,223,0.0,1e-06,True
hpmcounter7,median,224,0.0,1e-06,True
hpmcounter7,median,225,0.0,1e-06,True
hpmcounter7,median,226,0.0,1e-06,True
hpmcounter7,median,227,0.0,1e-06,True
hpmcounter7,median,228,0.0,1e-06,True
hpmcounter7,median,229,0.0,1e-06,True
hpmcounter7,median,230,0.0,1e-06,True
hpmcounter7,median,231,0.0,1e-06,True
hpmcounter7,median,232,0.0,1e-06,True
hpmcounter7,median,233,0.0,1e-06,True
hpmcounter7,median,234,0.0,1e-06,True
hpmcounter7,median,235,0.0,1e-06,True
hpmcounter7,median,236,0.0,1e-06,True
hpmcounter7,median,237,0.0,1e-06,True
hpmcounter7,median,238,0.0,1e-06,True
hpmcounter7,median,239,0.0,1e-06,True
hpmcounter7,median,240,0.0,1e-06,True
hpmcounter7,median,241,0.0,1e-06,True
hpmcounter7,median,242,0.0,1e-06,True
hpmcounter7,median,243,0.0,1e-06,True
hpmcounter7,median,244,0.0,1e-06,True
hpmcounter7,median,245,0.0,1e-06,True
hpmcounter7,median,246,0.0,1e-06,True
hpmcounter7,median,247,0.0,1e-06,True
hpmcounter7,median,248,0.0,1e-06,True
hpmcounter7,median,249,0.0,1e-06,True
hpmcounter7,median,250,0.0,1e-06,True
hpmcounter7,median,251,0.0,1e-06,True
hpmcounter7,median,252,0.0,1e-06,True
hpmcounter7,median,253,0.0,1e-06,True
hpmcounter7,median,254,0.0,1e-06,True
hpmcounter7,median,255,0.0,1e-06,True
hpmcounter7,median,256,0.0,1e-06,True
hpmcounter7,median,257,0.0,1e-06,True
hpmcounter7,median,258,0.0,1e-06,True
hpmcounter7,median,259,0.0,1e-06,True
hpmcounter7,median,260,0.0,1e-06,True
hpmcounter7,median,261,0.0,1e-06,True
hpmcounter7,median,262,0.0,1e-06,True
hpmcounter7,median,263,0.0,1e-06,True
hpmcounter7,median,264,0.0,1e-06,True
hpmcounter7,median,265,0.0,1e-06,True
hpmcounter7,median,266,0.0,1e-06,True
hpmcounter7,median,267,0.0,1e-06,True
hpmcounter7,median,268,0.0,1e-06,True
hpmcounter7,median,269,0.0,1e-06,True
hpmcounter7,median,270,0.0,1e-06,True
hpmcounter7,median,271,0.0,1e-06,True
hpmcounter7,median,272,0.0,1e-06,True
hpmcounter7,median,273,0.0,1e-06,True
hpmcounter7,median,274,0.0,1e-06,True
hpmcounter7,median,275,0.0,1e-06,True
hpmcounter7,median,276,0.0,1e-06,True
hpmcounter7,median,277,0.0,1e-06,True
hpmcounter7,median,278,0.0,1e-06,True
hpmcounter7,median,279,0.0,1e-06,True
hpmcounter7,median,280,0.0,1e-06,True
hpmcounter7,median,281,0.0,1e-06,True
hpmcounter7,median,282,0.0,1e-06,True
hpmcounter7,median,283,0.0,1e-06,True
hpmcounter7,median,284,0.0,1e-06,True
hpmcounter7,median,285,0.0,1e-06,True
hpmcounter7,median,286,0.0,1e-06,True
hpmcounter7,median,287,0.0,1e-06,True
hpmcounter7,median,288,0.0,1e-06,True
hpmcounter7,median,289,0.0,1e-06,True
hpmcounter7,median,290,0.0,1e-06,True
hpmcounter7,median,291,0.0,1e-06,True
hpmcounter7,median,292,0.0,1e-06,True
hpmcounter7,median,293,0.0,1e-06,True
hpmcounter7,median,294,0.0,1e-06,True
hpmcounter7,median,295,0.0,1e-06,True
hpmcounter7,median,296,0.0,1e-06,True
hpmcounter7,median,297,0.0,1e-06,True
hpmcounter7,median,298,0.0,1e-06,True
hpmcounter8,mean,10,50.83487878787419,101.33979706964762,False
hpmcounter8,mean,11,97.63757575756172,145.90324399110082,False
hpmcounter8,mean,12,104.6848484848575,161.61118261534926,False
hpmcounter8,mean,13,87.47027272727173,162.918946569458,False
hpmcounter8,mean,14,75.46751515151409,168.7626027956986,False
hpmcounter8,mean,15,86.3940606060518,150.83453484409404,False
hpmcounter8,mean,16,32.780848484850864,76.17341854967121,False
hpmcounter8,mean,17,58.08181818181875,120.81187525667721,False
hpmcounter8,mean,18,58.13333333332921,140.92635587667223,False
hpmcounter8,mean,19,58.12509090909407,132.7083218984121,False
hpmcounter8,mean,20,82.38436363636319,204.63331811521385,False
hpmcounter8,mean,21,67.3362727272768,170.837647956406,False
hpmcounter8,mean,22,62.79536363637199,139.07216118690317,False
hpmcounter8,mean,23,62.985999999992416,97.75588695075218,False
hpmcounter8,mean,24,93.07784848484152,115.75955760112892,False
hpmcounter8,mean,25,73.52157575758102,160.703914493221,False
hpmcounter8,mean,26,91.36527272727616,156.82307892155143,False
hpmcounter8,mean,27,104.65090909090796,157.28303746816377,False
hpmcounter8,mean,28,112.3027575757529,161.71852427162307,False
hpmcounter8,mean,29,107.12012121213192,174.15099126611335,False
hpmcounter8,mean,30,79.85184848485042,176.71175437217954,False
hpmcounter8,mean,31,116.83721212122073,174.45780005146074,False
hpmcounter8,mean,32,146.4903333333321,187.7214569637955,False
hpmcounter8,mean,33,155.25424242424015,142.22896161476805,False
hpmcounter8,mean,34,116.37472727272907,146.4963586077983,False
hpmcounter8,mean,35,122.08554545454535,143.02482084947954,False
hpmcounter8,mean,36,120.92581818181316,187.80273888570673,False
hpmcounter8,mean,37,96.57381818181857,216.31279308331403,False
hpmcounter8,mean,38,95.27709090908357,160.34012202475188,False
hpmcounter8,mean,39,123.42015151514934,133.9830147681553,False
hpmcounter8,mean,40,130.91427272728652,136.1222087378041,False
hpmcounter8,mean,41,110.21503030302556,123.23580590134667,False
hpmcounter8,mean,42,72.15190909090052,108.08168042651126,False
hpmcounter8,mean,43,52.06242424243537,112.3174352970681,False
hpmcounter8,mean,44,65.38078787878439,101.562541766359,False
hpmcounter8,mean,45,39.19624242424034,86.1320566876004,False
hpmcounter8,mean,46,56.09178787879573,97.32291741107753,False
hpmcounter8,mean,47,78.33042424241467,109.13018563016416,False
hpmcounter8,mean,48,62.730303030305,134.47649623711305,False
hpmcounter8,mean,49,74.7335151515188,181.9661976510683,False
hpmcounter8,mean,50,61.07651515151556,143.99263667302725,False
hpmcounter8,mean,51,37.473878787891955,77.51805519209499,False
hpmcounter8,mean,52,20.335151515164036,43.36783115492615,False
hpmcounter8,mean,53,26.452272727267335,67.99089701225579,False
hpmcounter8,mean,54,62.20648484850062,99.37805909676698,False
hpmcounter8,mean,55,81.51357575756519,155.49760993509898,False
hpmcounter8,mean,56,88.72196969696051,178.313974521996,False
hpmcounter8,mean,57,146.97409090909278,185.0698417132391,False
hpmcounter8,mean,58,158.92169696969867,192.38883436812313,False
hpmcounter8,mean,59,174.54448484849127,187.92869159888525,False
hpmcounter8,mean,60,180.49575757575477,210.1880601307479,False
hpmcounter8,mean,61,160.99527272727283,156.72676565495607,False
hpmcounter8,mean,62,190.33133333333134,142.29608936481188,False
hpmcounter8,mean,63,147.6853030303082,131.27020743631272,False
hpmcounter8,mean,64,100.82848484847564,147.03614275413858,False
hpmcounter8,mean,65,86.05454545454377,150.3175563477658,False
hpmcounter8,mean,66,106.44736363636329,121.70239168937017,False
hpmcounter8,mean,67,136.5088787878736,136.6884808622802,False
hpmcounter8,mean,68,176.44421212122035,172.6740306383379,False
hpmcounter8,mean,69,215.76775757575342,216.06254006731967,False
hpmcounter8,mean,70,229.48303030302776,237.14375567784376,False
hpmcounter8,mean,71,204.80206060606434,177.3839542025142,False
hpmcounter8,mean,72,143.2439090909076,167.17470313462354,False
hpmcounter8,mean,73,31.849454545441766,52.557446939342256,False
hpmcounter8,mean,74,22.204848484837566,49.67925068161939,False
hpmcounter8,mean,75,44.80906060605848,118.01328791372589,False
hpmcounter8,mean,76,62.96181818182922,162.9812206795409,False
hpmcounter8,mean,77,80.84406060606125,181.28718964900318,False
hpmcounter8,mean,78,104.12696969696299,184.86219492619108,False
hpmcounter8,mean,79,105.6633939393956,179.96945707375357,False
hpmcounter8,mean,80,73.01539393940001,124.55694969802053,False
hpmcounter8,mean,81,69.66545454545557,131.3575196562001,False
hpmcounter8,mean,82,58.4553939393918,158.26977529642375,False
hpmcounter8,mean,83,63.888030303031336,152.1390383084011,False
hpmcounter8,mean,84,62.447151515152655,132.2330153645029,False
hpmcounter8,mean,85,89.26115151514641,152.2668560429577,False
hpmcounter8,mean,86,77.332484848487,131.62808270915286,False
hpmcounter8,mean,87,86.08606060605925,162.80193790566324,False
hpmcounter8,mean,88,44.62012121211664,99.62432339117323,False
hpmcounter8,mean,89,45.993272727281145,112.29915840946549,False
hpmcounter8,mean,90,62.80766666666168,135.87094680460626,False
hpmcounter8,mean,91,47.978272727273726,101.85006453341141,False
hpmcounter8,mean,92,28.22254545455071,25.055025141141762,False
hpmcounter8,mean,93,23.245999999987543,49.7247367645795,False
hpmcounter8,mean,94,35.3509696969697,75.35262870288196,False
hpmcounter8,mean,95,46.268030303036355,100.96144543000842,False
hpmcounter8,mean,96,25.31251515151198,57.21600659680144,False
hpmcounter8,mean,97,3.0548484848466613,3.1367612596477925,False
hpmcounter8,mean,98,2.6274848484852553,2.5344418129565054,False
hpmcounter8,mean,99,4.066727272727076,3.230243156202492,False
hpmcounter8,mean,100,3.4803636363649275,3.253975470657542,False
hpmcounter8,mean,101,5.087909090909671,3.71351541816048,False
hpmcounter8,mean,102,5.132090909090766,3.2703424087242463,False
hpmcounter8,mean,103,24.340363636369876,56.466203619951756,False
hpmcounter8,mean,104,46.01078787878323,100.47718742583343,False
hpmcounter8,mean,105,35.81066666667139,75.99888966993097,False
hpmcounter8,mean,106,23.634181818183425,50.397804973783764,False
hpmcounter8,mean,107,13.90909090908317,25.10097068447511,False
hpmcounter8,mean,108,5.231060606060782,4.752683195767788,False
hpmcounter8,mean,109,13.46506060605534,25.72873915398019,False
hpmcounter8,mean,110,24.045333333334565,50.215073691194654,False
hpmcounter8,mean,111,35.44990909090957,75.55166016777125,False
hpmcounter8,mean,112,45.07242424241995,101.28103401450407,False
hpmcounter8,mean,113,23.714545454552717,58.71410946931831,False
hpmcounter8,mean,114,4.455515151514556,2.8902052640781757,False
hpmcounter8,mean,115,4.387727272725533,4.625211751539428,False
hpmcounter8,mean,116,23.86421212121568,57.02465681523675,False
hpmcounter8,mean,117,64.29099999999126,98.81030265501222,False
hpmcounter8,mean,118,69.15606060606515,71.21039085738879,False
hpmcounter8,mean,119,66.52830303030605,46.42246650239625,False
hpmcounter8,mean,120,48.69272727272546,43.611747840550905,False
hpmcounter8,mean,121,25.835272727270784,33.91668292739778,False
hpmcounter8,mean,122,17.88818181818315,33.27031906351573,False
hpmcounter8,mean,123,11.91436363636385,20.211781418011466,False
hpmcounter8,mean,124,28.44839393938819,44.513891044676136,False
hpmcounter8,mean,125,68.88606060606472,83.57457875747036,False
hpmcounter8,mean,126,60.66578787878352,51.69274956345735,False
hpmcounter8,mean,127,28.846121212124125,52.91216942084107,False
hpmcounter8,mean,128,27.78909090909074,58.55495306993414,False
hpmcounter8,mean,129,19.42515151515072,40.04249826128469,False
hpmcounter8,mean,130,24.100363636361728,40.471203282807856,False
hpmcounter8,mean,131,34.69618181818696,49.612923996321136,False
hpmcounter8,mean,132,33.476363636366294,54.105909040227466,False
hpmcounter8,mean,133,39.658636363639744,67.97261665003127,False
hpmcounter8,mean,134,36.84469696969645,62.405861990077064,False
hpmcounter8,mean,135,28.528727272722243,61.36642205027349,False
hpmcounter8,mean,136,19.871757575763333,26.56894497882225,False
hpmcounter8,mean,137,44.53300000000017,61.3262927871683,False
hpmcounter8,mean,138,40.198818181822936,30.00562683652537,False
hpmcounter8,mean,139,80.4956969696992,113.22294610355661,False
hpmcounter8,mean,140,102.4680606060534,133.01145581779284,False
hpmcounter8,mean,141,125.36157575757461,178.5687027273082,False
hpmcounter8,mean,142,129.40887878788635,191.35125850707095,False
hpmcounter8,mean,143,156.13072727271683,184.27240490197948,False
hpmcounter8,mean,144,159.018393939401,181.97203267400587,False
hpmcounter8,mean,145,170.4844545454569,200.84851073482102,False
hpmcounter8,mean,146,118.85554545454288,155.99168441213155,False
hpmcounter8,mean,147,99.20233333332835,152.04043014983262,False
hpmcounter8,mean,148,124.16218181818404,205.23724552702623,False
hpmcounter8,mean,149,96.26133333333637,230.3345746722018,False
hpmcounter8,mean,150,126.24133333333339,236.99674518480265,False
hpmcounter8,mean,151,155.81657575757853,195.88324902514918,False
hpmcounter8,mean,152,175.13587878787183,192.39375603816683,False
hpmcounter8,mean,153,132.18727272727483,166.2384337696627,False
hpmcounter8,mean,154,155.17733333333308,198.18777870189473,False
hpmcounter8,mean,155,147.2301212121256,228.23016736849007,False
hpmcounter8,mean,156,134.21412121211762,226.56824172947205,False
hpmcounter8,mean,157,133.85033333333232,233.67631250338295,False
hpmcounter8,mean,158,151.38015151514446,200.19184888337392,False
hpmcounter8,mean,159,127.39472727273241,182.53775172420112,False
hpmcounter8,mean,160,109.61696969696823,186.4815256864827,False
hpmcounter8,mean,161,109.03157575758014,212.91080078416908,False
hpmcounter8,mean,162,62.17569696969622,105.18279677503568,False
hpmcounter8,mean,163,92.515181818181,180.76763950669363,False
hpmcounter8,mean,164,132.1649696969671,181.38729301667817,False
hpmcounter8,mean,165,146.96642424241946,208.1351374010265,False
hpmcounter8,mean,166,126.01054545454572,199.8801675673265,False
hpmcounter8,mean,167,131.29530303030114,215.20388121375638,False
hpmcounter8,mean,168,103.24015151515195,192.2360244682413,False
hpmcounter8,mean,169,90.86075757574909,145.9741468827328,False
hpmcounter8,mean,170,87.83296969697767,138.43713263740332,False
hpmcounter8,mean,171,56.68284848484909,118.4905815474993,False
hpmcounter8,mean,172,61.62154545454541,110.26148193556375,False
hpmcounter8,mean,173,111.8327878787808,160.25004966564438,False
hpmcounter8,mean,174,120.76948484848944,217.69727748121755,False
hpmcounter8,mean,175,118.64621212122111,196.62355292135416,False
hpmcounter8,mean,176,72.98639393939084,125.77239116781034,False
hpmcounter8,mean,177,41.85848484848502,101.36289725880332,False
hpmcounter8,mean,178,34.691393939398765,60.149216156867126,False
hpmcounter8,mean,179,71.36684848483746,93.86274906089689,False
hpmcounter8,mean,180,120.27003030304112,135.40898772236872,False
hpmcounter8,mean,181,139.0631515151428,144.26516291944728,False
hpmcounter8,mean,182,122.5513333333467,138.86587655620434,False
hpmcounter8,mean,183,61.11993939393651,100.86875483964934,False
hpmcounter8,mean,184,31.616454545457238,84.79412203251947,False
hpmcounter8,mean,185,43.88745454544478,102.37966211392758,False
hpmcounter8,mean,186,62.71645454545542,134.12639525213086,False
hpmcounter8,mean,187,71.76451515152003,152.1642799219007,False
hpmcounter8,mean,188,74.37566666666098,157.68846734478717,False
hpmcounter8,mean,189,71.80924242423825,152.25590900314668,False
hpmcounter8,mean,190,35.78709090908778,76.01259555765918,False
hpmcounter8,mean,191,21.107757575765937,31.103034801242366,False
hpmcounter8,mean,192,50.162939393938,134.70377354940368,False
hpmcounter8,mean,193,76.14387878787966,217.89499564371056,False
hpmcounter8,mean,194,82.14145454545505,237.77466418604476,False
hpmcounter8,mean,195,73.41230303030825,192.97872970502993,False
hpmcounter8,mean,196,63.039424242424865,144.9419808738333,False
hpmcounter8,mean,197,47.653121212121185,101.19087574289794,False
hpmcounter8,mean,198,39.65745454545686,46.679144409273185,False
hpmcounter8,mean,199,35.29481818181485,108.80804310490295,False
hpmcounter8,mean,200,72.22536363637373,160.7553193471357,False
hpmcounter8,mean,201,63.47972727271845,138.98941854434474,False
hpmcounter8,mean,202,49.47260606060627,117.21567174313013,False
hpmcounter8,mean,203,59.59721212121476,108.87012519292836,False
hpmcounter8,mean,204,49.651272727269316,77.75448723068378,False
hpmcounter8,mean,205,34.28333333333067,58.24125337593476,False
hpmcounter8,mean,206,20.09545454545514,43.69874178109805,False
hpmcounter8,mean,207,31.326939393937938,75.45609048576885,False
hpmcounter8,mean,208,29.73157575757541,83.53173103009775,False
hpmcounter8,mean,209,19.621515151514906,43.55218810445494,False
hpmcounter8,mean,210,31.310000000004948,45.96965126332667,False
hpmcounter8,mean,211,50.28893939393019,69.12303602112405,False
hpmcounter8,mean,212,27.400090909092977,58.273318831874704,False
hpmcounter8,mean,213,13.639090909094012,27.881591251812843,False
hpmcounter8,mean,214,25.197969696972358,53.87801919257227,False
hpmcounter8,mean,215,36.48887878787646,77.52884179546021,False
hpmcounter8,mean,216,44.986363636365056,103.59965001604452,False
hpmcounter8,mean,217,25.613393939393063,52.88308689503467,False
hpmcounter8,mean,218,4.027212121207777,2.0427618630644155,False
hpmcounter8,mean,219,4.634454545452172,3.6052689856632636,False
hpmcounter8,mean,220,4.915939393940062,2.298654603318234,False
hpmcounter8,mean,221,5.304090909089064,5.358790165521423,False
hpmcounter8,mean,222,4.897484848485329,3.1071339073751876,False
hpmcounter8,mean,223,25.002121212122802,56.80194061430915,False
hpmcounter8,mean,224,42.06569696969236,63.63405660355488,False
hpmcounter8,mean,225,58.76060606061583,99.55714284232612,False
hpmcounter8,mean,226,67.4826666666664,131.2105300676521,False
hpmcounter8,mean,227,71.43806060604584,151.57642777020473,False
hpmcounter8,mean,228,75.03500000001004,159.2452338376193,False
hpmcounter8,mean,229,72.20133333333506,154.41080588861612,False
hpmcounter8,mean,230,63.69733333333242,139.38520412771285,False
hpmcounter8,mean,231,49.38224242425313,115.66881246300304,False
hpmcounter8,mean,232,31.814939393938765,81.0686638975668,False
hpmcounter8,mean,233,26.42606060606886,56.452016938477456,False
hpmcounter8,mean,234,47.376787878783944,100.59599624936841,False
hpmcounter8,mean,235,62.62899999999754,132.86333794563413,False
hpmcounter8,mean,236,71.54715151515447,151.68529642671328,False
hpmcounter8,mean,237,74.36551515151514,157.61158530174447,False
hpmcounter8,mean,238,71.48257575757489,151.49563723735665,False
hpmcounter8,mean,239,61.927636363633795,132.66805375713523,False
hpmcounter8,mean,240,47.55284848484261,103.15418380110633,False
hpmcounter8,mean,241,24.952484848486346,57.833149314309814,False
hpmcounter8,mean,242,4.297212121213306,3.259597897062496,False
hpmcounter8,mean,243,23.04372727273112,51.68672588284328,False
hpmcounter8,mean,244,46.670303030292054,101.77170650565819,False
hpmcounter8,mean,245,81.01387878788664,127.52424641087723,False
hpmcounter8,mean,246,112.45648484848607,159.39636034178125,False
hpmcounter8,mean,247,129.7053939393878,178.68753330497753,False
hpmcounter8,mean,248,110.58309090909351,158.2114617384814,False
hpmcounter8,mean,249,60.015696969690545,99.61375835245967,False
hpmcounter8,mean,250,26.901696969700062,62.49314000389259,False
hpmcounter8,mean,251,44.51860606060109,94.54814699579136,False
hpmcounter8,mean,252,92.22054545453939,153.58187219032197,False
hpmcounter8,mean,253,105.31818181818889,166.9043028284816,False
hpmcounter8,mean,254,132.77818181818583,213.12317557763234,False
hpmcounter8,mean,255,111.90042424242274,213.5542556237684,False
hpmcounter8,mean,256,69.06912121211826,196.225722474621,False
hpmcounter8,mean,257,38.4634545454508,107.98796960242962,False
hpmcounter8,mean,258,23.445818181826688,49.42919264709025,False
hpmcounter8,mean,259,13.897333333327333,6.203205790255414,False
hpmcounter8,mean,260,22.807757575757932,43.31947074484003,False
hpmcounter8,mean,261,41.01306060604984,87.04596649117916,False
hpmcounter8,mean,262,39.630909090910066,103.21763607020351,False
hpmcounter8,mean,263,38.94296969696988,95.66724723715714,False
hpmcounter8,mean,264,79.30515151515829,140.8277430896312,False
hpmcounter8,mean,265,76.40654545454235,122.56718210587456,False
hpmcounter8,mean,266,87.66360606060152,100.224455294599,False
hpmcounter8,mean,267,113.24703030303536,123.06112844595198,False
hpmcounter8,mean,268,128.63557575756894,157.66344103644454,False
hpmcounter8,mean,269,134.66981818181995,186.30238847860375,False
hpmcounter8,mean,270,145.14436363636486,215.1919431386042,False
hpmcounter8,mean,271,162.8053636363602,208.69390295990817,False
hpmcounter8,mean,272,104.43945454545465,190.8196415735593,False
hpmcounter8,mean,273,97.93218181817647,203.33475684167965,False
hpmcounter8,mean,274,82.92436363637717,150.31461437192766,False
hpmcounter8,mean,275,142.16948484847708,158.63672048526712,False
hpmcounter8,mean,276,145.65533333332968,182.70121759353202,False
hpmcounter8,mean,277,162.5855757575835,236.01834886986802,False
hpmcounter8,mean,278,151.0785454545359,257.79352145442016,False
hpmcounter8,mean,279,143.80584848484432,263.22745033502804,False
hpmcounter8,mean,280,120.82375757576192,223.61070171496038,False
hpmcounter8,mean,281,62.457575757576706,148.1953155302697,False
hpmcounter8,mean,282,42.05869696970039,83.24199728386932,False
hpmcounter8,mean,283,44.45890909090449,96.80176657653521,False
hpmcounter8,mean,284,78.25042424242164,153.63708510003806,False
hpmcounter8,mean,285,71.25615151515376,151.04678879502262,False
hpmcounter8,mean,286,81.42121212122292,129.5564435232018,False
hpmcounter8,mean,287,90.57993939393346,124.00545351683739,False
hpmcounter8,mean,288,59.46072727272222,81.89800600363029,False
hpmcounter8,mean,289,23.13927272726869,49.3246126645994,False
hpmcounter8,mean,290,6.259121212119498,6.151920249624483,False
hpmcounter8,mean,291,8.359696969693323,19.297149713043073,False
hpmcounter8,mean,292,25.87460606060813,58.83632249692689,False
hpmcounter8,mean,293,48.009969696974075,112.98263190650589,False
hpmcounter8,mean,294,75.86948484847744,136.08510317554925,False
hpmcounter8,mean,295,86.23515151515275,146.69011588548346,False
hpmcounter8,mean,296,83.81448484849425,153.543175218073,False
hpmcounter8,mean,297,74.84690909090678,149.2646152713054,False
hpmcounter8,mean,298,58.251727272729475,80.59404469259546,False
hpmcounter8,median,10,56.245151515152244,106.35567836885417,False
hpmcounter8,median,11,92.657272727268,150.37249434691137,False
hpmcounter8,median,12,98.07818181817784,165.51725864420172,False
hpmcounter8,median,13,88.9124242424241,173.18356068701718,False
hpmcounter8,median,14,75.12696969696917,168.93813725339118,False
hpmcounter8,median,15,74.51424242424181,158.6573188888003,False
hpmcounter8,median,16,55.93393939393864,121.16154724682904,False
hpmcounter8,median,17,58.81818181818562,120.4536540185461,False
hpmcounter8,median,18,54.01212121212156,142.88770992724753,False
hpmcounter8,median,19,57.04969696969456,133.28613265739483,False
hpmcounter8,median,20,81.30696969696983,205.0859562207601,False
hpmcounter8,median,21,65.41636363636135,178.76481083416942,False
hpmcounter8,median,22,48.3081818181814,146.45879790552172,False
hpmcounter8,median,23,63.13818181818242,140.67074805917738,False
hpmcounter8,median,24,64.77121212121128,134.89368467605192,False
hpmcounter8,median,25,62.64454545454792,166.17651549471825,False
hpmcounter8,median,26,64.67545454545397,174.61114057841004,False
hpmcounter8,median,27,64.87303030303083,188.87674353431507,False
hpmcounter8,median,28,87.55454545454559,199.65335513924077,False
hpmcounter8,median,29,92.04121212121245,196.05416155889156,False
hpmcounter8,median,30,82.52484848484929,183.51541323913807,False
hpmcounter8,median,31,107.00090909090905,205.92228508155623,False
hpmcounter8,median,32,106.76636363636426,222.8371453413206,False
hpmcounter8,median,33,110.55242424242424,204.08642247175683,False
hpmcounter8,median,34,90.12727272727352,179.7585167923434,False
hpmcounter8,median,35,82.2487878787877,183.14143723493677,False
hpmcounter8,median,36,94.65060606060688,208.0526594345075,False
hpmcounter8,median,37,93.15272727272713,217.96201366100317,False
hpmcounter8,median,38,71.71272727272772,176.41814790176974,False
hpmcounter8,median,39,76.35787878787887,181.47816553020064,False
hpmcounter8,median,40,88.07636363636375,193.53562891460146,False
hpmcounter8,median,41,76.43242424242271,160.18206851668057,False
hpmcounter8,median,42,50.103333333334376,127.6693443680716,False
hpmcounter8,median,43,37.26545454545412,121.17443211664688,False
hpmcounter8,median,44,41.44878787878806,120.94946413716085,False
hpmcounter8,median,45,28.9242424242424,91.81187631851039,False
hpmcounter8,median,46,50.76303030302952,116.6778495338465,False
hpmcounter8,median,47,47.36757575757692,133.79514501447028,False
hpmcounter8,median,48,39.54030303030413,146.0402512672056,False
hpmcounter8,median,49,68.54757575757321,184.68596555030703,False
hpmcounter8,median,50,58.49818181818155,145.27058803457024,False
hpmcounter8,median,51,35.9042424242416,79.09356409287894,False
hpmcounter8,median,52,14.755757575758617,47.20580438994907,False
hpmcounter8,median,53,25.260303030303113,68.51606742039561,False
hpmcounter8,median,54,37.10636363636695,116.68312732900023,False
hpmcounter8,median,55,65.79090909091065,178.94615823549668,False
hpmcounter8,median,56,97.20575757575389,186.68212271059232,False
hpmcounter8,median,57,117.23727272727774,219.63192432496203,False
hpmcounter8,median,58,115.99909090909496,226.25355668907312,False
hpmcounter8,median,59,125.71454545454617,235.0761568106087,False
hpmcounter8,median,60,141.25090909091122,248.9816891280313,False
hpmcounter8,median,61,145.25878787878756,240.31506011870815,False
hpmcounter8,median,62,144.60393939393944,223.23550916341003,False
hpmcounter8,median,63,112.50060606060542,195.37309759690424,False
hpmcounter8,median,64,77.17151515151127,169.92258859018412,False
hpmcounter8,median,65,81.59757575757722,153.46373925760977,False
hpmcounter8,median,66,79.45242424242387,151.9906776248715,False
hpmcounter8,median,67,107.24848484848516,179.458478347162,False
hpmcounter8,median,68,156.64666666666307,252.7834069442659,False
hpmcounter8,median,69,180.1127272727277,271.84263048227547,False
hpmcounter8,median,70,194.72787878787932,300.1904989382528,False
hpmcounter8,median,71,160.60151515151446,243.00579411531018,False
hpmcounter8,median,72,115.47666666666665,201.53636031644785,False
hpmcounter8,median,73,46.3454545454555,91.99593968047513,False
hpmcounter8,median,74,20.24272727272546,50.75994399388493,False
hpmcounter8,median,75,44.87909090909015,117.98733024770259,False
hpmcounter8,median,76,67.58060606060572,171.6256842353326,False
hpmcounter8,median,77,84.59424242424356,187.31510188304642,False
hpmcounter8,median,78,94.05030303029962,191.44088397676026,False
hpmcounter8,median,79,90.42666666666628,191.79836800393255,False
hpmcounter8,median,80,64.88333333333394,129.99914657337547,False
hpmcounter8,median,81,70.78606060606035,132.11797995256555,False
hpmcounter8,median,82,57.79333333333343,158.58372650408668,False
hpmcounter8,median,83,66.5581818181814,154.839479750768,False
hpmcounter8,median,84,55.255151515151375,136.3503160518839,False
hpmcounter8,median,85,59.27242424242613,173.04666234571712,False
hpmcounter8,median,86,73.06727272726894,167.13381353541513,False
hpmcounter8,median,87,74.62121212121164,169.54602145532547,False
hpmcounter8,median,88,51.45060606060288,113.70285719913656,False
hpmcounter8,median,89,40.20787878787669,115.24229987315452,False
hpmcounter8,median,90,43.03060606060681,146.60198512413632,False
hpmcounter8,median,91,30.056969696969464,111.16057986131159,False
hpmcounter8,median,92,23.920909090909845,61.636641855755876,False
hpmcounter8,median,93,17.479999999999563,53.43249419853727,False
hpmcounter8,median,94,25.482424242421256,82.60813223457454,False
hpmcounter8,median,95,30.49090909091101,110.49517566022239,False
hpmcounter8,median,96,17.966060606059546,62.38373279968422,False
hpmcounter8,median,97,4.985454545456378,2.967758635721913,False
hpmcounter8,median,98,3.1145454545472604,3.2038567812271426,False
hpmcounter8,median,99,4.0687878787870435,3.311835723587569,False
hpmcounter8,median,100,3.9566666666665697,3.9920201079246276,False
hpmcounter8,median,101,5.158484848486114,3.7254978333936593,False
hpmcounter8,median,102,5.308484848483931,3.459604510712721,False
hpmcounter8,median,103,19.436060606060344,60.950976210714494,False
hpmcounter8,median,104,27.63757575757736,110.6301117998465,False
hpmcounter8,median,105,24.06969696969936,84.18572226890639,False
hpmcounter8,median,106,17.30969696969696,53.69322544468256,False
hpmcounter8,median,107,11.256969696968735,26.85730615702286,False
hpmcounter8,median,108,5.228484848484368,4.755739179640209,False
hpmcounter8,median,109,10.883939393940091,27.298328035740205,False
hpmcounter8,median,110,17.6448484848479,54.36368756743005,False
hpmcounter8,median,111,23.666363636363894,82.2991094300612,False
hpmcounter8,median,112,30.97515151515472,111.56518505891556,False
hpmcounter8,median,113,20.471818181818527,63.667061215165035,False
hpmcounter8,median,114,4.674242424241674,3.4009877114369607,False
hpmcounter8,median,115,4.476666666668825,4.259395207957127,False
hpmcounter8,median,116,17.759393939395522,61.4439750259164,False
hpmcounter8,median,117,41.16454545454726,121.34756226087678,False
hpmcounter8,median,118,47.78606060606107,106.92194609645516,False
hpmcounter8,median,119,52.836969696972304,96.89223419957418,False
hpmcounter8,median,120,34.37000000000044,64.47102223359065,False
hpmcounter8,median,121,20.275151515151084,39.23834005583147,False
hpmcounter8,median,122,19.082121212125276,33.08772337896806,False
hpmcounter8,median,123,11.439090909090009,20.82497956104723,False
hpmcounter8,median,124,38.452727272728225,75.4913924136301,False
hpmcounter8,median,125,54.63272727272779,98.53205810255537,False
hpmcounter8,median,126,52.42666666666737,90.43846030753924,False
hpmcounter8,median,127,47.043030303029084,89.96846951750574,False
hpmcounter8,median,128,33.68121212121332,72.98715455593903,False
hpmcounter8,median,129,18.98757575757736,40.43038230764186,False
hpmcounter8,median,130,23.9709090909113,43.13251553391436,False
hpmcounter8,median,131,26.200303030303257,59.5397679360523,False
hpmcounter8,median,132,41.49030303030304,88.25748977331696,False
hpmcounter8,median,133,50.90757575757634,95.07110038473891,False
hpmcounter8,median,134,33.00393939393943,65.85414889498685,False
hpmcounter8,median,135,29.16424242424364,61.08112613119705,False
hpmcounter8,median,136,35.70787878787742,75.91447582920708,False
hpmcounter8,median,137,29.871818181818526,74.32244819850891,False
hpmcounter8,median,138,34.05545454545463,75.13746695046648,False
hpmcounter8,median,139,52.3215151515149,134.88643391936523,False
hpmcounter8,median,140,75.46636363636244,161.87964090991937,False
hpmcounter8,median,141,97.0715151515149,201.7708757303128,False
hpmcounter8,median,142,94.04545454545442,226.25021491411474,False
hpmcounter8,median,143,108.4972727272685,228.02856457163094,False
hpmcounter8,median,144,122.79212121211894,241.64025684094938,False
hpmcounter8,median,145,129.7333333333332,241.5547044509311,False
hpmcounter8,median,146,97.21212121212011,182.4858306544328,False
hpmcounter8,median,147,102.77363636363552,186.51214573479297,False
hpmcounter8,median,148,114.84090909091029,209.9262420958549,False
hpmcounter8,median,149,94.14242424242403,231.38946361956192,False
hpmcounter8,median,150,118.15999999999876,243.76542258784954,False
hpmcounter8,median,151,118.30757575757525,230.49475963506336,False
hpmcounter8,median,152,126.74696969696997,241.4820378274562,False
hpmcounter8,median,153,122.09363636363487,230.41279746659538,False
hpmcounter8,median,154,121.53969696969725,229.250854070431,False
hpmcounter8,median,155,125.487575757573,244.46968389895954,False
hpmcounter8,median,156,127.53818181818205,237.55723932319967,False
hpmcounter8,median,157,136.09363636363742,237.62535357295803,False
hpmcounter8,median,158,137.49151515151425,233.00551393174115,False
hpmcounter8,median,159,109.96757575757583,205.27082410829783,False
hpmcounter8,median,160,88.42484848484855,201.05886747330555,False
hpmcounter8,median,161,100.53818181818424,214.03631350884993,False
hpmcounter8,median,162,96.46090909090962,170.32499892331668,False
hpmcounter8,median,163,89.9469696969696,187.50528957853868,False
hpmcounter8,median,164,104.22454545454494,205.838433633325,False
hpmcounter8,median,165,124.99878787878625,224.46027503712216,False
hpmcounter8,median,166,135.54757575757577,225.0630515559585,False
hpmcounter8,median,167,126.0996969696971,218.99948808755406,False
hpmcounter8,median,168,102.1793939393945,192.87361286214116,False
hpmcounter8,median,169,84.98363636363683,160.23884964537297,False
hpmcounter8,median,170,64.81939393939247,149.42654053348173,False
hpmcounter8,median,171,50.35818181818176,121.86693949769683,False
hpmcounter8,median,172,73.22818181818002,120.85539781889393,False
hpmcounter8,median,173,93.67272727272939,171.20787237251096,False
hpmcounter8,median,174,110.7033333333322,224.1735303494642,False
hpmcounter8,median,175,106.8124242424241,206.11192884151083,False
hpmcounter8,median,176,63.61636363636353,134.00507539059194,False
hpmcounter8,median,177,43.708181818182126,100.68519126793197,False
hpmcounter8,median,178,27.620000000000072,64.88086662189187,False
hpmcounter8,median,179,46.343333333333796,117.16132955380624,False
hpmcounter8,median,180,74.5978787878812,182.29670734431554,False
hpmcounter8,median,181,85.73969696969434,201.39923385677145,False
hpmcounter8,median,182,76.68242424242416,187.0206215719075,False
hpmcounter8,median,183,41.66515151515341,121.67840616397744,False
hpmcounter8,median,184,31.24242424242548,84.91482493129858,False
hpmcounter8,median,185,28.69121212121172,111.08562916206309,False
hpmcounter8,median,186,36.752424242422784,147.82102004300845,False
hpmcounter8,median,187,42.53030303030391,167.645733995862,False
hpmcounter8,median,188,44.64939393939712,174.52362092394156,False
hpmcounter8,median,189,43.89090909091065,166.30174802817163,False
hpmcounter8,median,190,23.296969696968517,83.46744193415837,False
hpmcounter8,median,191,16.789999999999782,59.54957200417922,False
hpmcounter8,median,192,47.12030303030333,135.9206962914179,False
hpmcounter8,median,193,75.43333333333285,218.26170913281564,False
hpmcounter8,median,194,82.49606060605947,237.6709705318083,False
hpmcounter8,median,195,65.99030303030523,196.08081374505056,False
hpmcounter8,median,196,48.83787878787698,151.99306221909399,False
hpmcounter8,median,197,28.911818181817942,111.02151308810812,False
hpmcounter8,median,198,31.138181818180602,83.71808631543146,False
hpmcounter8,median,199,43.09545454545478,124.19067281580162,False
hpmcounter8,median,200,52.62818181818257,170.5227576067886,False
hpmcounter8,median,201,45.421515151515635,148.7027736929206,False
hpmcounter8,median,202,63.50787878787851,132.84630203593372,False
hpmcounter8,median,203,55.574242424243494,130.9490753201231,False
hpmcounter8,median,204,33.3084848484843,90.4658887979663,False
hpmcounter8,median,205,26.85666666666875,63.4540742431854,False
hpmcounter8,median,206,20.01969696969754,43.724138853680145,False
hpmcounter8,median,207,32.502727272731136,75.31067101494119,False
hpmcounter8,median,208,42.29121212120917,100.23508960079423,False
hpmcounter8,median,209,20.32969696969376,43.57691344546181,False
hpmcounter8,median,210,20.707575757575977,55.43320002554171,False
hpmcounter8,median,211,35.89545454545441,101.49969391467424,False
hpmcounter8,median,212,18.3796969696974,63.416249875310584,False
hpmcounter8,median,213,10.788484848484586,29.425450276368725,False
hpmcounter8,median,214,18.343030303030172,58.11983866142091,False
hpmcounter8,median,215,22.956666666664386,85.13752103445931,False
hpmcounter8,median,216,29.93454545454697,112.82793881352295,False
hpmcounter8,median,217,17.491818181817145,59.448724050746435,False
hpmcounter8,median,218,4.3421212121214925,2.2540433278361918,False
hpmcounter8,median,219,4.814545454545441,3.5851340313740634,False
hpmcounter8,median,220,5.276363636364112,2.6951138893959725,False
hpmcounter8,median,221,5.021515151513813,5.530510354201338,False
hpmcounter8,median,222,4.86757575757656,3.1264444305692893,False
hpmcounter8,median,223,18.833636363639744,60.27744579931272,False
hpmcounter8,median,224,28.429696969698124,76.42791302352018,False
hpmcounter8,median,225,36.15333333333183,115.92445716241964,False
hpmcounter8,median,226,42.995454545456234,147.4450895842627,False
hpmcounter8,median,227,43.559999999998034,166.3625119538571,False
hpmcounter8,median,228,45.13242424242198,174.96405958907476,False
hpmcounter8,median,229,48.179393939397414,168.41453302959442,False
hpmcounter8,median,230,45.56848484848488,148.4890323220084,False
hpmcounter8,median,231,41.11636363636389,119.55590934084078,False
hpmcounter8,median,232,32.08393939393754,85.61460538631144,False
hpmcounter8,median,233,18.920606060603678,61.33530116743919,False
hpmcounter8,median,234,30.271515151515633,110.3173413363754,False
hpmcounter8,median,235,38.2057575757568,146.13991154361827,False
hpmcounter8,median,236,42.14484848484826,167.00574766784536,False
hpmcounter8,median,237,43.55303030303112,174.46276860246567,False
hpmcounter8,median,238,41.289999999999054,167.4382725106433,False
hpmcounter8,median,239,36.12969696969667,146.08252992362378,False
hpmcounter8,median,240,30.066060606061,112.61299808667613,False
hpmcounter8,median,241,19.33545454545456,62.407056654007235,False
hpmcounter8,median,242,5.773333333334085,3.6680840841880245,False
hpmcounter8,median,243,16.97757575757605,54.74640381570727,False
hpmcounter8,median,244,29.56030303030311,112.45251132616733,False
hpmcounter8,median,245,50.98848484848422,155.02228858006262,False
hpmcounter8,median,246,65.14181818181859,195.48484468636687,False
hpmcounter8,median,247,75.99545454545405,221.84028183085232,False
hpmcounter8,median,248,65.77818181818256,193.02875983449258,False
hpmcounter8,median,249,42.662121212120475,116.56149335281152,False
hpmcounter8,median,250,27.94969696969529,62.06251058057643,False
hpmcounter8,median,251,27.859393939392977,103.450482427277,False
hpmcounter8,median,252,55.38515151515094,179.6476999726304,False
hpmcounter8,median,253,80.117878787878,199.24366296459792,False
hpmcounter8,median,254,99.60424242424196,236.30517912952664,False
hpmcounter8,median,255,95.49000000000088,223.2664933773187,False
hpmcounter8,median,256,80.905151515151,200.74543499409313,False
hpmcounter8,median,257,45.108484848486114,125.44028973700898,False
hpmcounter8,median,258,18.848787878786606,52.418917762061604,False
hpmcounter8,median,259,19.89181818181787,60.186592218264614,False
hpmcounter8,median,260,16.103030303030028,48.10631551251623,False
hpmcounter8,median,261,25.629999999999562,95.82558339423245,False
hpmcounter8,median,262,39.2406060606063,103.4145675558133,False
hpmcounter8,median,263,46.475151515151445,109.70180108493066,False
hpmcounter8,median,264,67.09363636363742,149.73473793392048,False
hpmcounter8,median,265,61.511515151514324,135.00631027054038,False
hpmcounter8,median,266,61.35151515151556,126.64715245392455,False
hpmcounter8,median,267,83.98787878787952,155.34053843865664,False
hpmcounter8,median,268,97.6712121212131,200.6576251095895,False
hpmcounter8,median,269,117.87787878787894,237.0432545581804,False
hpmcounter8,median,270,111.14787878787975,239.74269338009813,False
hpmcounter8,median,271,120.0903030303034,243.76211623207914,False
hpmcounter8,median,272,120.22666666666483,217.7103965242005,False
hpmcounter8,median,273,99.7130303030317,206.12960953914632,False
hpmcounter8,median,274,54.140909090908465,168.81109363487803,False
hpmcounter8,median,275,102.42030303030006,200.69570604552533,False
hpmcounter8,median,276,125.77757575757605,253.87193365816944,False
hpmcounter8,median,277,130.16515151515085,262.35211199808754,False
hpmcounter8,median,278,136.4257575757605,267.67703749446986,False
hpmcounter8,median,279,142.62363636363733,265.2220057398044,False
hpmcounter8,median,280,120.70090909090905,224.75350537647918,False
hpmcounter8,median,281,60.38121212121187,149.17353836215207,False
hpmcounter8,median,282,40.5836363636372,88.01619067581545,False
hpmcounter8,median,283,32.44818181818046,103.87793378642361,False
hpmcounter8,median,284,49.41757575757547,172.9530434765136,False
hpmcounter8,median,285,41.712727272726625,166.39294128268983,False
hpmcounter8,median,286,48.65757575757598,152.7022225285629,False
hpmcounter8,median,287,53.666666666667155,153.22791495044947,False
hpmcounter8,median,288,37.691818181820054,105.91969607411176,False
hpmcounter8,median,289,16.988484848483495,54.28378478523216,False
hpmcounter8,median,290,5.393030303030537,6.122197806216136,False
hpmcounter8,median,291,8.882727272729245,19.58874246787163,False
hpmcounter8,median,292,26.448181818182274,68.20874091102976,False
hpmcounter8,median,293,39.83181818181729,117.60081840278576,False
hpmcounter8,median,294,64.17757575757496,162.99193993295904,False
hpmcounter8,median,295,51.558787878787186,170.21374845972127,False
hpmcounter8,median,296,50.80272727272859,175.05735028813635,False
hpmcounter8,median,297,46.001212121209754,166.9230845833967,False
hpmcounter8,median,298,41.562121212118655,93.69173077771099,False
hpmcounter9,mean,10,0.002878787878787459,0.006098367211363375,False
hpmcounter9,mean,11,0.0017272727272723775,0.0036590203268179852,False
hpmcounter9,mean,12,0.0005757575757581179,0.0012196734422722977,False
hpmcounter9,mean,13,0.0005757575757581179,0.0012196734422722977,False
hpmcounter9,mean,14,0.0017272727272723775,0.0036590203268179852,False
hpmcounter9,mean,15,0.002878787878787836,0.006098367211363078,False
hpmcounter9,mean,16,0.0040303030303028954,0.008537714095908368,False
hpmcounter9,mean,17,0.005181818181818354,0.010977060980453457,False
hpmcounter9,mean,18,0.0,1e-06,True
hpmcounter9,mean,19,0.0,1e-06,True
hpmcounter9,mean,20,0.005181818181818354,0.010977060980453458,False
hpmcounter9,mean,21,0.008454545454545114,0.011151783853638344,False
hpmcounter9,mean,22,0.011454545454545783,0.019039220170291932,False
hpmcounter9,mean,23,0.008181818181818068,0.014267682648561805,False
hpmcounter9,mean,24,0.004909090909090708,0.009615688049847837,False
hpmcounter9,mean,25,0.0023333333333337646,0.005124801739234478,False
hpmcounter9,mean,26,0.001727272727273177,0.0036590203268175876,False
hpmcounter9,mean,27,0.004909090909090685,0.006787081292864945,False
hpmcounter9,mean,28,0.00818181818181809,0.011235589044046337,False
hpmcounter9,mean,29,0.010696969696969672,0.01439216811060711,False
hpmcounter9,mean,30,0.009212121212121227,0.01951477507636173,False
hpmcounter9,mean,31,0.005181818181818354,0.010977060980453457,False
hpmcounter9,mean,32,0.0,1e-06,True
hpmcounter9,mean,33,0.0,1e-06,True
hpmcounter9,mean,34,0.0,1e-06,True
hpmcounter9,mean,35,0.0,1e-06,True
hpmcounter9,mean,36,0.0,1e-06,True
hpmcounter9,mean,37,0.0,1e-06,True
hpmcounter9,mean,38,0.0,1e-06,True
hpmcounter9,mean,39,0.0,1e-06,True
hpmcounter9,mean,40,0.0,1e-06,True
hpmcounter9,mean,41,0.0,1e-06,True
hpmcounter9,mean,42,0.0,1e-06,True
hpmcounter9,mean,43,0.0,1e-06,True
hpmcounter9,mean,44,0.0,1e-06,True
hpmcounter9,mean,45,0.005181818181818354,0.010977060980453458,False
hpmcounter9,mean,46,0.0040303030303028954,0.008537714095908368,False
hpmcounter9,mean,47,0.002878787878787836,0.006098367211363078,False
hpmcounter9,mean,48,0.0059090909090911085,0.007977240352174552,False
hpmcounter9,mean,49,0.007757575757575253,0.008890072899734217,False
hpmcounter9,mean,50,0.01403030303030368,0.017765869459040545,False
hpmcounter9,mean,51,0.013181818181817784,0.01393991400458345,False
hpmcounter9,mean,52,0.027515151515151336,0.022040248594720143,False
hpmcounter9,mean,53,0.02296969696969726,0.017700596075981814,False
hpmcounter9,mean,54,0.01987878787878785,0.02098451597223889,False
hpmcounter9,mean,55,0.010787878787879035,0.013468360796513475,False
hpmcounter9,mean,56,0.008969696969697316,0.01326297224412891,False
hpmcounter9,mean,57,0.01575757575757577,0.0157059638134333,False
hpmcounter9,mean,58,0.01975757575757573,0.01925026526502093,False
hpmcounter9,mean,59,0.02454545454545467,0.014924616855866754,False
hpmcounter9,mean,60,0.026787878787878673,0.022515096777727815,False
hpmcounter9,mean,61,0.02245454545454535,0.019392419198792865,False
hpmcounter9,mean,62,0.00936363636363693,0.027057792074238397,False
hpmcounter9,mean,63,0.012121212121212754,0.025712973861328717,False
hpmcounter9,mean,64,0.00872727272727214,0.018928219989257637,False
hpmcounter9,mean,65,0.007636363636363663,0.01220845794170533,False
hpmcounter9,mean,66,0.010787878787879323,0.021693423213045234,False
hpmcounter9,mean,67,0.008030303030302832,0.015400035211956804,False
hpmcounter9,mean,68,0.00872727272727285,0.017070106221475312,False
hpmcounter9,mean,69,0.008909090909091,0.02066891623671322,False
hpmcounter9,mean,70,0.012181818181818516,0.026123139987398354,False
hpmcounter9,mean,71,0.010969696969696652,0.019136448558406752,False
hpmcounter9,mean,72,0.006121212121212127,0.01690452282907394,False
hpmcounter9,mean,73,0.009030303030303166,0.02426426448412328,False
hpmcounter9,mean,74,0.010242424242424164,0.02501009413924887,False
hpmcounter9,mean,75,0.01236363636363631,0.01676788173302097,False
hpmcounter9,mean,76,0.010878787878788132,0.016389577170092165,False
hpmcounter9,mean,77,0.015121212121211891,0.01621764278671224,False
hpmcounter9,mean,78,0.010333333333333328,0.013509743520040862,False
hpmcounter9,mean,79,0.01321212121212143,0.015574448092206341,False
hpmcounter9,mean,80,0.01742424242424203,0.034126775391298096,False
hpmcounter9,mean,81,0.01851515151515155,0.03719437830619642,False
hpmcounter9,mean,82,0.025515151515151758,0.025669254712110734,False
hpmcounter9,mean,83,0.019939393939394034,0.030577323189605595,False
hpmcounter9,mean,84,0.01590909090909063,0.03259639196634115,False
hpmcounter9,mean,85,0.01233333333333313,0.026520751288387233,False
hpmcounter9,mean,86,0.01612121212121187,0.02341853579663881,False
hpmcounter9,mean,87,0.01796969696969728,0.02763801094729493,False
hpmcounter9,mean,88,0.02566666666666646,0.03529108024809646,False
hpmcounter9,mean,89,0.015030303030302972,0.012116586039073935,False
hpmcounter9,mean,90,0.01669696969696981,0.01852673894842315,False
hpmcounter9,mean,91,0.01887878787878792,0.02483274484951086,False
hpmcounter9,mean,92,0.006818181818181723,0.019271819464441172,False
hpmcounter9,mean,93,0.009363636363636485,0.027057792074238397,False
hpmcounter9,mean,94,0.009999999999999853,0.013662035024302592,False
hpmcounter9,mean,95,0.010515151515151543,0.010629547928277047,False
hpmcounter9,mean,96,0.008696969696969425,0.01144573216046049,False
hpmcounter9,mean,97,0.009696969696970315,0.019554755894212607,False
hpmcounter9,mean,98,0.005696969696969955,0.014269579460340187,False
hpmcounter9,mean,99,0.010303030303030569,0.013725563300375615,False
hpmcounter9,mean,100,0.012878787878787467,0.02336686420256404,False
hpmcounter9,mean,101,0.013393939393939158,0.025430154639134245,False
hpmcounter9,mean,102,0.010787878787878546,0.013722182550317305,False
hpmcounter9,mean,103,0.008787878787878923,0.012253662313952982,False
hpmcounter9,mean,104,0.006848484848485237,0.018095595662447804,False
hpmcounter9,mean,105,0.00715151515151542,0.01455289549173856,False
hpmcounter9,mean,106,0.00999999999999992,0.0160077068095124,False
hpmcounter9,mean,107,0.010848484848484908,0.018904714661462034,False
hpmcounter9,mean,108,0.0102727272727273,0.02020481373561645,False
hpmcounter9,mean,109,0.006333333333333302,0.018217376181409815,False
hpmcounter9,mean,110,0.005878787878787972,0.013145111958140665,False
hpmcounter9,mean,111,0.006060606060605922,0.010191724504167951,False
hpmcounter9,mean,112,0.010545454545454636,0.022916195112920243,False
hpmcounter9,mean,113,0.007939393939394024,0.017950576281168786,False
hpmcounter9,mean,114,0.006060606060605944,0.012722715064556514,False
hpmcounter9,mean,115,0.005878787878787972,0.013579146307520922,False
hpmcounter9,mean,116,0.008060606060605791,0.017075428191816736,False
hpmcounter9,mean,117,0.010636363636363732,0.015379434073208144,False
hpmcounter9,mean,118,0.004606060606060636,0.009757387538180963,False
hpmcounter9,mean,119,0.006909090909090731,0.014636081307271443,False
hpmcounter9,mean,120,0.01009090909090895,0.029201858468455223,False
hpmcounter9,mean,121,0.01851515151515153,0.021536795277366422,False
hpmcounter9,mean,122,0.01596969696969659,0.017481764838827282,False
hpmcounter9,mean,123,0.010818181818182126,0.01205929160204917,False
hpmcounter9,mean,124,0.005666666666666731,0.00701641646736403,False
hpmcounter9,mean,125,0.0017575757575755357,0.0037484067789792814,False
hpmcounter9,mean,126,0.004636363636363772,0.006986042825164552,False
hpmcounter9,mean,127,0.009787878787878545,0.012023971996238949,False
hpmcounter9,mean,128,0.0118787878787878,0.024585609149971172,False
hpmcounter9,mean,129,0.019727272727273017,0.0273045888670031,False
hpmcounter9,mean,130,0.014727272727272856,0.038786931806621835,False
hpmcounter9,mean,131,0.012545454545454438,0.023955720917767497,False
hpmcounter9,mean,132,0.01724242424242455,0.03655107195752274,False
hpmcounter9,mean,133,0.010393939393939178,0.022059865560595592,False
hpmcounter9,mean,134,0.003545454545454585,0.008537714095908212,False
hpmcounter9,mean,135,0.0060000000000000496,0.008266500159683502,False
hpmcounter9,mean,136,0.01363636363636347,0.021562384974712273,False
hpmcounter9,mean,137,0.019424242424242344,0.035467683875433705,False
hpmcounter9,mean,138,0.011515151515151345,0.02439346884545231,False
hpmcounter9,mean,139,0.01612121212121238,0.03415085638363308,False
hpmcounter9,mean,140,0.016909090909091005,0.025010094139248793,False
hpmcounter9,mean,141,0.024454545454545396,0.02530393278815332,False
hpmcounter9,mean,142,0.019878787878787763,0.017902263397386754,False
hpmcounter9,mean,143,0.013090909090909176,0.012376732595420045,False
hpmcounter9,mean,144,0.00630303030303001,0.007213742731148535,False
hpmcounter9,mean,145,0.0017575757575755357,0.0037484067789792805,False
hpmcounter9,mean,146,0.007272727272727453,0.006945036464059592,False
hpmcounter9,mean,147,0.014060606060605552,0.012065421846350913,False
hpmcounter9,mean,148,0.020848484848485206,0.017580596595029713,False
hpmcounter9,mean,149,0.025999999999999867,0.020903565828046828,False
hpmcounter9,mean,150,0.014727272727272811,0.02200399346886011,False
hpmcounter9,mean,151,0.0,1e-06,True
hpmcounter9,mean,152,0.005181818181818354,0.010977060980453458,False
hpmcounter9,mean,153,0.0040303030303028954,0.008537714095908366,False
hpmcounter9,mean,154,0.002878787878787836,0.006098367211363078,False
hpmcounter9,mean,155,0.0059090909090911085,0.007977240352174552,False
hpmcounter9,mean,156,0.004363636363636014,0.008392295395752746,False
hpmcounter9,mean,157,0.006454545454545801,0.006840632892737576,False
hpmcounter9,mean,158,0.010545454545454547,0.019695031189114264,False
hpmcounter9,mean,159,0.012303030303030104,0.02674961725150173,False
hpmcounter9,mean,160,0.01642424242424261,0.03013375367476054,False
hpmcounter9,mean,161,0.01406060606060593,0.01989931643176961,False
hpmcounter9,mean,162,0.010757575757575365,0.013097633986550167,False
hpmcounter9,mean,163,0.004787878787879274,0.011671729881651237,False
hpmcounter9,mean,164,0.008545454545454523,0.01108732653200832,False
hpmcounter9,mean,165,0.009333333333333327,0.01955317405018072,False
hpmcounter9,mean,166,0.01466666666666654,0.028820916155831697,False
hpmcounter9,mean,167,0.014939393939394252,0.02453671059329579,False
hpmcounter9,mean,168,0.014424242424242294,0.01852478234083245,False
hpmcounter9,mean,169,0.012333333333333151,0.01168642044393924,False
hpmcounter9,mean,170,0.005181818181818354,0.010977060980453458,False
hpmcounter9,mean,171,0.0,1e-06,True
hpmcounter9,mean,172,0.0,1e-06,True
hpmcounter9,mean,173,0.0,1e-06,True
hpmcounter9,mean,174,0.0,1e-06,True
hpmcounter9,mean,175,0.0,1e-06,True
hpmcounter9,mean,176,0.0,1e-06,True
hpmcounter9,mean,177,0.0,1e-06,True
hpmcounter9,mean,178,0.0,1e-06,True
hpmcounter9,mean,179,0.0,1e-06,True
hpmcounter9,mean,180,0.0,1e-06,True
hpmcounter9,mean,181,0.0,1e-06,True
hpmcounter9,mean,182,0.0,1e-06,True
hpmcounter9,mean,183,0.0,1e-06,True
hpmcounter9,mean,184,0.005181818181818354,0.010977060980453457,False
hpmcounter9,mean,185,0.009212121212120828,0.019514775076361925,False
hpmcounter9,mean,186,0.006909090909091131,0.014636081307271247,False
hpmcounter9,mean,187,0.013060606060606017,0.017109782920783852,False
hpmcounter9,mean,188,0.009818181818181749,0.01664487483569279,False
hpmcounter9,mean,189,0.005757575757576072,0.012196734422725956,False
hpmcounter9,mean,190,0.0035757575757574766,0.009310272054254312,False
hpmcounter9,mean,191,0.004666666666666796,0.01024960347846955,False
hpmcounter9,mean,192,0.007636363636363752,0.014345246270830555,False
hpmcounter9,mean,193,0.011999999999999766,0.019134630070953916,False
hpmcounter9,mean,194,0.009393939393939465,0.011929909849672465,False
hpmcounter9,mean,195,0.00806060606060619,0.01707542819181654,False
hpmcounter9,mean,196,0.010363636363636287,0.02195412196090702,False
hpmcounter9,mean,197,0.0,1e-06,True
hpmcounter9,mean,198,0.0,1e-06,True
hpmcounter9,mean,199,0.0,1e-06,True
hpmcounter9,mean,200,0.005181818181818354,0.010977060980453458,False
hpmcounter9,mean,201,0.0040303030303028954,0.008537714095908368,False
hpmcounter9,mean,202,0.002878787878787836,0.006098367211363078,False
hpmcounter9,mean,203,0.0017272727272727773,0.003659020326817787,False
hpmcounter9,mean,204,0.0005757575757573185,0.001219673442272695,False
hpmcounter9,mean,205,0.0005757575757573185,0.001219673442272695,False
hpmcounter9,mean,206,0.004545454545454253,0.008897463362356361,False
hpmcounter9,mean,207,0.008121212121212574,0.011743558621956852,False
hpmcounter9,mean,208,0.0069696969696969365,0.013573308049688024,False
hpmcounter9,mean,209,0.010909090909090447,0.01637544614892364,False
hpmcounter9,mean,210,0.00927272727272752,0.01662569997814161,False
hpmcounter9,mean,211,0.012878787878788068,0.013550322207851224,False
hpmcounter9,mean,212,0.01936363636363614,0.016313912283404824,False
hpmcounter9,mean,213,0.015151515151515294,0.020470045518277864,False
hpmcounter9,mean,214,0.015000000000000058,0.025184928133588223,False
hpmcounter9,mean,215,0.012363636363636198,0.022157907996071365,False
hpmcounter9,mean,216,0.011333333333333662,0.018161179141753164,False
hpmcounter9,mean,217,0.01090909090909078,0.01628607052014981,False
hpmcounter9,mean,218,0.013818181818182017,0.006872563561841675,False
hpmcounter9,mean,219,0.015454545454545587,0.01638960665843591,False
hpmcounter9,mean,220,0.020181818181817836,0.022965660980335412,False
hpmcounter9,mean,221,0.016969696969697013,0.027135219534600203,False
hpmcounter9,mean,222,0.0040303030303028954,0.008537714095908368,False
hpmcounter9,mean,223,0.005181818181818354,0.010977060980453458,False
hpmcounter9,mean,224,0.0,1e-06,True
hpmcounter9,mean,225,0.0,1e-06,True
hpmcounter9,mean,226,0.0,1e-06,True
hpmcounter9,mean,227,0.005181818181818354,0.010977060980453458,False
hpmcounter9,mean,228,0.009212121212120828,0.01951477507636193,False
hpmcounter9,mean,229,0.006909090909091131,0.014636081307271247,False
hpmcounter9,mean,230,0.004606060606060636,0.009757387538180964,False
hpmcounter9,mean,231,0.002303030303030096,0.004878693769090482,False
hpmcounter9,mean,232,0.0,1e-06,True
hpmcounter9,mean,233,0.002303030303030096,0.004878693769090482,False
hpmcounter9,mean,234,0.004606060606060636,0.009757387538180964,False
hpmcounter9,mean,235,0.006909090909091131,0.014636081307271247,False
hpmcounter9,mean,236,0.009212121212120828,0.01951477507636193,False
hpmcounter9,mean,237,0.005181818181818354,0.010977060980453458,False
hpmcounter9,mean,238,0.0,1e-06,True
hpmcounter9,mean,239,0.0,1e-06,True
hpmcounter9,mean,240,0.0,1e-06,True
hpmcounter9,mean,241,0.0,1e-06,True
hpmcounter9,mean,242,0.0,1e-06,True
hpmcounter9,mean,243,0.0,1e-06,True
hpmcounter9,mean,244,0.0,1e-06,True
hpmcounter9,mean,245,0.0,1e-06,True
hpmcounter9,mean,246,0.0,1e-06,True
hpmcounter9,mean,247,0.0,1e-06,True
hpmcounter9,mean,248,0.0,1e-06,True
hpmcounter9,mean,249,0.0,1e-06,True
hpmcounter9,mean,250,0.0,1e-06,True
hpmcounter9,mean,251,0.0,1e-06,True
hpmcounter9,mean,252,0.005181818181818354,0.010977060980453458,False
hpmcounter9,mean,253,0.009212121212120828,0.01951477507636193,False
hpmcounter9,mean,254,0.006909090909091131,0.014636081307271247,False
hpmcounter9,mean,255,0.004606060606060636,0.009757387538180964,False
hpmcounter9,mean,256,0.010636363636363732,0.015379434073208144,False
hpmcounter9,mean,257,0.010515151515151411,0.01585575474954404,False
hpmcounter9,mean,258,0.009515151515151477,0.014399319065197017,False
hpmcounter9,mean,259,0.00648484848484856,0.014018360337866725,False
hpmcounter9,mean,260,0.009727272727272761,0.01790590758011047,False
hpmcounter9,mean,261,0.010727272727273118,0.027594837152190046,False
hpmcounter9,mean,262,0.007151515151514576,0.015044084847813966,False
hpmcounter9,mean,263,0.0074545454545460466,0.01473376245982347,False
hpmcounter9,mean,264,0.010484848484848297,0.0170680675806068,False
hpmcounter9,mean,265,0.012181818181818271,0.014071765906166302,False
hpmcounter9,mean,266,0.0069090909090908205,0.007370160734169988,False
hpmcounter9,mean,267,0.005757575757575672,0.012196734422726155,False
hpmcounter9,mean,268,0.00806060606060619,0.01707542819181654,False
hpmcounter9,mean,269,0.010363636363636287,0.02195412196090702,False
hpmcounter9,mean,270,0.0,1e-06,True
hpmcounter9,mean,271,0.0,1e-06,True
hpmcounter9,mean,272,0.005181818181818354,0.010977060980453457,False
hpmcounter9,mean,273,0.008454545454545114,0.011151783853638344,False
hpmcounter9,mean,274,0.006545454545454387,0.009167355346031173,False
hpmcounter9,mean,275,0.004363636363636725,0.006284846793058228,False
hpmcounter9,mean,276,0.005333333333333301,0.004848883556174251,False
hpmcounter9,mean,277,0.004424242424242286,0.008558802790976606,False
hpmcounter9,mean,278,0.003000000000000136,0.007621805824405204,False
hpmcounter9,mean,279,0.004545454545454497,0.007678726071585786,False
hpmcounter9,mean,280,0.007181818181818067,0.011618398878466638,False
hpmcounter9,mean,281,0.008121212121212218,0.014601698806719129,False
hpmcounter9,mean,282,0.011818181818181617,0.02047571118279791,False
hpmcounter9,mean,283,0.009727272727272696,0.015670813773712763,False
hpmcounter9,mean,284,0.008030303030303165,0.012895336023930283,False
hpmcounter9,mean,285,0.004636363636363594,0.010822400546259736,False
hpmcounter9,mean,286,0.0035757575757576986,0.008340999808292856,False
hpmcounter9,mean,287,0.0074848484848482055,0.008621086686888838,False
hpmcounter9,mean,288,0.011424242424242425,0.011623389564135144,False
hpmcounter9,mean,289,0.012666666666666803,0.016594042147351315,False
hpmcounter9,mean,290,0.009333333333333128,0.02049920695693908,False
hpmcounter9,mean,291,0.004060606060606231,0.005962847939999378,False
hpmcounter9,mean,292,0.002303030303030096,0.004878693769090482,False
hpmcounter9,mean,293,0.004606060606061035,0.009757387538180765,False
hpmcounter9,mean,294,0.0005757575757573185,0.001219673442272695,False
hpmcounter9,mean,295,0.004545454545454253,0.008897463362356361,False
hpmcounter9,mean,296,0.004181818181818087,0.011147319091288767,False
hpmcounter9,mean,297,0.00709090909090937,0.01244014231372972,False
hpmcounter9,mean,298,0.004787878787878919,0.011638556412214522,False
hpmcounter9,median,10,0.001515151515151536,0.006775963568181274,False
hpmcounter9,median,11,0.0009090909090909039,0.004065578140908684,False
hpmcounter9,median,12,0.00030303030303029387,0.0013551927136361951,False
hpmcounter9,median,13,0.00030303030303029387,0.0013551927136361951,False
hpmcounter9,median,14,0.0009090909090909039,0.004065578140908684,False
hpmcounter9,median,15,0.0015151515151515138,0.006775963568181175,False
hpmcounter9,median,16,0.0021212121212121236,0.009486348995453664,False
hpmcounter9,median,17,0.0027272727272727336,0.012196734422726155,False
hpmcounter9,median,18,0.0,1e-06,True
hpmcounter9,median,19,0.0,1e-06,True
hpmcounter9,median,20,0.0027272727272727336,0.012196734422726155,False
hpmcounter9,median,21,0.004848484848484857,0.015052306783034972,False
hpmcounter9,median,22,0.006363636363636349,0.022374184396272038,False
hpmcounter9,median,23,0.004545454545454542,0.016553917600005925,False
hpmcounter9,median,24,0.0027272727272727336,0.01085490708302758,False
hpmcounter9,median,25,0.0015151515151514915,0.005517972533335239,False
hpmcounter9,median,26,0.0009090909090909039,0.004065578140908684,False
hpmcounter9,median,27,0.0027272727272727114,0.008451746777153994,False
hpmcounter9,median,28,0.0045454545454545634,0.014025116074899664,False
hpmcounter9,median,29,0.006363636363636372,0.01980768784102921,False
hpmcounter9,median,30,0.0048484848484848355,0.021683083418179722,False
hpmcounter9,median,31,0.0027272727272727336,0.012196734422726155,False
hpmcounter9,median,32,0.0,1e-06,True
hpmcounter9,median,33,0.0,1e-06,True
hpmcounter9,median,34,0.0,1e-06,True
hpmcounter9,median,35,0.0,1e-06,True
hpmcounter9,median,36,0.0,1e-06,True
hpmcounter9,median,37,0.0,1e-06,True
hpmcounter9,median,38,0.0,1e-06,True
hpmcounter9,median,39,0.0,1e-06,True
hpmcounter9,median,40,0.0,1e-06,True
hpmcounter9,median,41,0.0,1e-06,True
hpmcounter9,median,42,0.0,1e-06,True
hpmcounter9,median,43,0.0,1e-06,True
hpmcounter9,median,44,0.0,1e-06,True
hpmcounter9,median,45,0.0027272727272727336,0.012196734422726155,False
hpmcounter9,median,46,0.0021212121212121236,0.009486348995453664,False
hpmcounter9,median,47,0.0015151515151515138,0.006775963568181175,False
hpmcounter9,median,48,0.0036363636363636377,0.012651861344335645,False
hpmcounter9,median,49,0.005151515151515152,0.015010508136034512,False
hpmcounter9,median,50,0.009393939393939376,0.024675164785450055,False
hpmcounter9,median,51,0.010303030303030303,0.021278092899652296,False
hpmcounter9,median,52,0.021515151515151508,0.03939884646164573,False
hpmcounter9,median,53,0.021515151515151487,0.03558306291809115,False
hpmcounter9,median,54,0.014848484848484866,0.026779159564479404,False
hpmcounter9,median,55,0.007878787878787841,0.016226610407366483,False
hpmcounter9,median,56,0.007272727272727297,0.014529496828587216,False
hpmcounter9,median,57,0.01090909090909089,0.021948926000347896,False
hpmcounter9,median,58,0.016363636363636403,0.02711098592770218,False
hpmcounter9,median,59,0.019090909090909113,0.02754778889051301,False
hpmcounter9,median,60,0.017878787878787872,0.03402785236893602,False
hpmcounter9,median,61,0.021515151515151508,0.0384049579548651,False
hpmcounter9,median,62,0.010606060606060574,0.03169833889962076,False
hpmcounter9,median,63,0.006666666666666665,0.028419960706268458,False
hpmcounter9,median,64,0.005454545454545445,0.02051956704170306,False
hpmcounter9,median,65,0.006969696969696982,0.017617505277271107,False
hpmcounter9,median,66,0.007878787878787864,0.023274122765178838,False
hpmcounter9,median,67,0.010000000000000009,0.022443200744949952,False
hpmcounter9,median,68,0.007272727272727297,0.017870811617905227,False
hpmcounter9,median,69,0.007272727272727253,0.021413940797310866,False
hpmcounter9,median,70,0.007272727272727275,0.028535365297123496,False
hpmcounter9,median,71,0.0063636363636363266,0.022025859029779226,False
hpmcounter9,median,72,0.010909090909090913,0.027988135876526803,False
hpmcounter9,median,73,0.008787878787878789,0.024359763869759514,False
hpmcounter9,median,74,0.01212121212121211,0.02717508660127443,False
hpmcounter9,median,75,0.014242424242424256,0.028783261612442594,False
hpmcounter9,median,76,0.011818181818181839,0.024517971500305238,False
hpmcounter9,median,77,0.009393939393939399,0.021937913543681433,False
hpmcounter9,median,78,0.007575757575757592,0.015837730134390257,False
hpmcounter9,median,79,0.01393939393939394,0.0287715054587715,False
hpmcounter9,median,80,0.014242424242424256,0.03595060487683884,False
hpmcounter9,median,81,0.020909090909090898,0.044208328388143155,False
hpmcounter9,median,82,0.023030303030303,0.03713170765924912,False
hpmcounter9,median,83,0.020606060606060628,0.03154703331542899,False
hpmcounter9,median,84,0.020303030303030288,0.03958486428973926,False
hpmcounter9,median,85,0.014242424242424256,0.02726563792317348,False
hpmcounter9,median,86,0.012727272727272764,0.02600453892413977,False
hpmcounter9,median,87,0.011818181818181816,0.03221856391899502,False
hpmcounter9,median,88,0.015454545454545476,0.04403306300355715,False
hpmcounter9,median,89,0.009393939393939399,0.019611518730284962,False
hpmcounter9,median,90,0.0115151515151515,0.027025281858890256,False
hpmcounter9,median,91,0.01272727272727272,0.0346708599866238,False
hpmcounter9,median,92,0.007878787878787884,0.022080647082756758,False
hpmcounter9,median,93,0.010606060606060574,0.031698338899620766,False
hpmcounter9,median,94,0.006666666666666665,0.019751488773801246,False
hpmcounter9,median,95,0.008181818181818202,0.01794368240478199,False
hpmcounter9,median,96,0.006363636363636349,0.013404911539277812,False
hpmcounter9,median,97,0.007272727272727253,0.02086524307006079,False
hpmcounter9,median,98,0.007272727272727253,0.018085871241994178,False
hpmcounter9,median,99,0.010000000000000009,0.026764717519710768,False
hpmcounter9,median,100,0.012121212121212133,0.02616018954234475,False
hpmcounter9,median,101,0.01212121212121211,0.02616018954234467,False
hpmcounter9,median,102,0.010000000000000031,0.01826403526860068,False
hpmcounter9,median,103,0.007272727272727275,0.017870811617905172,False
hpmcounter9,median,104,0.007878787878787864,0.02190484295524424,False
hpmcounter9,median,105,0.009090909090909104,0.01818181818181823,False
hpmcounter9,median,106,0.010303030303030303,0.01996565607614405,False
hpmcounter9,median,107,0.008181818181818179,0.02055486651221734,False
hpmcounter9,median,108,0.014242424242424213,0.03395960892623028,False
hpmcounter9,median,109,0.007575757575757569,0.021884976615026145,False
hpmcounter9,median,110,0.0042424242424242255,0.013917880909765442,False
hpmcounter9,median,111,0.006969696969696982,0.015517120090423813,False
hpmcounter9,median,112,0.009090909090909084,0.023636772580603285,False
hpmcounter9,median,113,0.009090909090909104,0.021223510271310732,False
hpmcounter9,median,114,0.006969696969697003,0.01728517417169031,False
hpmcounter9,median,115,0.0042424242424242255,0.01432852592095292,False
hpmcounter9,median,116,0.004242424242424247,0.01897269799090733,False
hpmcounter9,median,117,0.006666666666666643,0.02470843952403152,False
hpmcounter9,median,118,0.00242424242424244,0.010841541709089958,False
hpmcounter9,median,119,0.0036363636363636377,0.01626231256363484,False
hpmcounter9,median,120,0.010303030303030281,0.03177296095422262,False
hpmcounter9,median,121,0.01515151515151516,0.03281458021798845,False
hpmcounter9,median,122,0.009393939393939399,0.023959674852595484,False
hpmcounter9,median,123,0.006363636363636372,0.016389606658436005,False
hpmcounter9,median,124,0.0033333333333333435,0.009112149561664425,False
hpmcounter9,median,125,0.0015151515151515138,0.0038707052949000418,False
hpmcounter9,median,126,0.0027272727272727336,0.008451746777154085,False
hpmcounter9,median,127,0.005757575757575762,0.015665909303970712,False
hpmcounter9,median,128,0.016969696969696968,0.033172003384115634,False
hpmcounter9,median,129,0.018181818181818188,0.03500933683812153,False
hpmcounter9,median,130,0.018181818181818188,0.04470947031422809,False
hpmcounter9,median,131,0.006969696969696959,0.027194642781399513,False
hpmcounter9,median,132,0.009393939393939376,0.040607012771811446,False
hpmcounter9,median,133,0.005757575757575762,0.024359763869759556,False
hpmcounter9,median,134,0.0027272727272727114,0.008897463362356183,False
hpmcounter9,median,135,0.0033333333333333214,0.0103067823171033,False
hpmcounter9,median,136,0.007575757575757592,0.025703574126465036,False
hpmcounter9,median,137,0.011818181818181816,0.041826502188701487,False
hpmcounter9,median,138,0.006060606060606055,0.0271038542727247,False
hpmcounter9,median,139,0.008484848484848494,0.03794539598181466,False
hpmcounter9,median,140,0.01515151515151516,0.03281458021798845,False
hpmcounter9,median,141,0.022121212121212097,0.04130559808821507,False
hpmcounter9,median,142,0.012424242424242426,0.027137712942106814,False
hpmcounter9,median,143,0.008181818181818202,0.01826403526860067,False
hpmcounter9,median,144,0.003939393939393932,0.00968799425129958,False
hpmcounter9,median,145,0.0015151515151515138,0.0038707052949000413,False
hpmcounter9,median,146,0.004545454545454542,0.010193621168277385,False
hpmcounter9,median,147,0.008787878787878812,0.018806391044295764,False
hpmcounter9,median,148,0.013030303030303036,0.027687786178306306,False
hpmcounter9,median,149,0.017272727272727263,0.036642999202525416,False
hpmcounter9,median,150,0.008181818181818179,0.026692390087068682,False
hpmcounter9,median,151,0.0,1e-06,True
hpmcounter9,median,152,0.0027272727272727336,0.012196734422726155,False
hpmcounter9,median,153,0.0021212121212121236,0.009486348995453664,False
hpmcounter9,median,154,0.0015151515151515138,0.006775963568181175,False
hpmcounter9,median,155,0.0036363636363636377,0.012651861344335645,False
hpmcounter9,median,156,0.0024242424242424177,0.009511788432374498,False
hpmcounter9,median,157,0.004545454545454542,0.01360531641915766,False
hpmcounter9,median,158,0.006666666666666643,0.021975333380261784,False
hpmcounter9,median,159,0.008181818181818179,0.028850347734472502,False
hpmcounter9,median,160,0.012424242424242426,0.034702906521473585,False
hpmcounter9,median,161,0.01333333333333333,0.027075308867993173,False
hpmcounter9,median,162,0.007575757575757592,0.015959326776510428,False
hpmcounter9,median,163,0.004545454545454542,0.01177742122322935,False
hpmcounter9,median,164,0.006363636363636372,0.016031842076606316,False
hpmcounter9,median,165,0.005454545454545423,0.021620583150668535,False
hpmcounter9,median,166,0.008484848484848474,0.03251273529864087,False
hpmcounter9,median,167,0.008787878787878789,0.028930645738033316,False
hpmcounter9,median,168,0.008484848484848474,0.02371026764593477,False
hpmcounter9,median,169,0.007575757575757592,0.018641193082833976,False
hpmcounter9,median,170,0.0027272727272727336,0.012196734422726155,False
hpmcounter9,median,171,0.0,1e-06,True
hpmcounter9,median,172,0.0,1e-06,True
hpmcounter9,median,173,0.0,1e-06,True
hpmcounter9,median,174,0.0,1e-06,True
hpmcounter9,median,175,0.0,1e-06,True
hpmcounter9,median,176,0.0,1e-06,True
hpmcounter9,median,177,0.0,1e-06,True
hpmcounter9,median,178,0.0,1e-06,True
hpmcounter9,median,179,0.0,1e-06,True
hpmcounter9,median,180,0.0,1e-06,True
hpmcounter9,median,181,0.0,1e-06,True
hpmcounter9,median,182,0.0,1e-06,True
hpmcounter9,median,183,0.0,1e-06,True
hpmcounter9,median,184,0.0027272727272727336,0.012196734422726155,False
hpmcounter9,median,185,0.0048484848484848355,0.021683083418179722,False
hpmcounter9,median,186,0.0036363636363636377,0.01626231256363484,False
hpmcounter9,median,187,0.007878787878787884,0.026167578382922028,False
hpmcounter9,median,188,0.005454545454545445,0.019455643467451527,False
hpmcounter9,median,189,0.0030303030303030277,0.01355192713636235,False
hpmcounter9,median,190,0.0030303030303030277,0.009532091098873333,False
hpmcounter9,median,191,0.00303030303030305,0.011035945066670688,False
hpmcounter9,median,192,0.004242424242424247,0.01634531433353681,False
hpmcounter9,median,193,0.006666666666666665,0.02275330778855393,False
hpmcounter9,median,194,0.005757575757575762,0.017748695462322776,False
hpmcounter9,median,195,0.004242424242424247,0.01897269799090733,False
hpmcounter9,median,196,0.005454545454545445,0.02439346884545221,False
hpmcounter9,median,197,0.0,1e-06,True
hpmcounter9,median,198,0.0,1e-06,True
hpmcounter9,median,199,0.0,1e-06,True
hpmcounter9,median,200,0.0027272727272727336,0.012196734422726155,False
hpmcounter9,median,201,0.0021212121212121236,0.009486348995453664,False
hpmcounter9,median,202,0.0015151515151515138,0.006775963568181175,False
hpmcounter9,median,203,0.0009090909090909039,0.004065578140908684,False
hpmcounter9,median,204,0.00030303030303029387,0.0013551927136361953,False
hpmcounter9,median,205,0.00030303030303029387,0.0013551927136361953,False
hpmcounter9,median,206,0.0036363636363636377,0.012651861344335645,False
hpmcounter9,median,207,0.006363636363636372,0.016031842076606278,False
hpmcounter9,median,208,0.005757575757575762,0.014243951188974141,False
hpmcounter9,median,209,0.010606060606060596,0.02702349346714298,False
hpmcounter9,median,210,0.005454545454545445,0.019155229486581018,False
hpmcounter9,median,211,0.009090909090909084,0.021404911093853424,False
hpmcounter9,median,212,0.014848484848484823,0.03233834707745129,False
hpmcounter9,median,213,0.010606060606060619,0.02454949067963828,False
hpmcounter9,median,214,0.011515151515151544,0.02814655405457598,False
hpmcounter9,median,215,0.0115151515151515,0.022668184752445465,False
hpmcounter9,median,216,0.008181818181818179,0.020270749647856294,False
hpmcounter9,median,217,0.006666666666666665,0.019554755894213,False
hpmcounter9,median,218,0.010909090909090913,0.026860251380957385,False
hpmcounter9,median,219,0.009090909090909104,0.022804229093097483,False
hpmcounter9,median,220,0.01272727272727272,0.03224405507261727,False
hpmcounter9,median,221,0.009696969696969693,0.03286755921417803,False
hpmcounter9,median,222,0.0021212121212121236,0.009486348995453664,False
hpmcounter9,median,223,0.0027272727272727336,0.012196734422726155,False
hpmcounter9,median,224,0.0,1e-06,True
hpmcounter9,median,225,0.0,1e-06,True
hpmcounter9,median,226,0.0,1e-06,True
hpmcounter9,median,227,0.0027272727272727336,0.012196734422726155,False
hpmcounter9,median,228,0.0048484848484848355,0.02168308341817972,False
hpmcounter9,median,229,0.0036363636363636377,0.01626231256363484,False
hpmcounter9,median,230,0.00242424242424244,0.01084154170908996,False
hpmcounter9,median,231,0.0012121212121211978,0.00542077085454488,False
hpmcounter9,median,232,0.0,1e-06,True
hpmcounter9,median,233,0.0012121212121211978,0.00542077085454488,False
hpmcounter9,median,234,0.00242424242424244,0.01084154170908996,False
hpmcounter9,median,235,0.0036363636363636377,0.01626231256363484,False
hpmcounter9,median,236,0.0048484848484848355,0.02168308341817972,False
hpmcounter9,median,237,0.0027272727272727336,0.012196734422726155,False
hpmcounter9,median,238,0.0,1e-06,True
hpmcounter9,median,239,0.0,1e-06,True
hpmcounter9,median,240,0.0,1e-06,True
hpmcounter9,median,241,0.0,1e-06,True
hpmcounter9,median,242,0.0,1e-06,True
hpmcounter9,median,243,0.0,1e-06,True
hpmcounter9,median,244,0.0,1e-06,True
hpmcounter9,median,245,0.0,1e-06,True
hpmcounter9,median,246,0.0,1e-06,True
hpmcounter9,median,247,0.0,1e-06,True
hpmcounter9,median,248,0.0,1e-06,True
hpmcounter9,median,249,0.0,1e-06,True
hpmcounter9,median,250,0.0,1e-06,True
hpmcounter9,median,251,0.0,1e-06,True
hpmcounter9,median,252,0.0027272727272727336,0.012196734422726155,False
hpmcounter9,median,253,0.0048484848484848355,0.02168308341817972,False
hpmcounter9,median,254,0.0036363636363636377,0.01626231256363484,False
hpmcounter9,median,255,0.00242424242424244,0.01084154170908996,False
hpmcounter9,median,256,0.006666666666666643,0.02470843952403152,False
hpmcounter9,median,257,0.006969696969696982,0.022008298047095275,False
hpmcounter9,median,258,0.006363636363636349,0.016623839421673524,False
hpmcounter9,median,259,0.005757575757575783,0.014379031984926821,False
hpmcounter9,median,260,0.010606060606060596,0.028486205811089807,False
hpmcounter9,median,261,0.009999999999999986,0.02789646482091618,False
hpmcounter9,median,262,0.007878787878787884,0.018870528707604094,False
hpmcounter9,median,263,0.005757575757575762,0.015665909303970712,False
hpmcounter9,median,264,0.006363636363636372,0.019807687841029206,False
hpmcounter9,median,265,0.008181818181818179,0.025658407465485394,False
hpmcounter9,median,266,0.0045454545454545634,0.014298136648310039,False
hpmcounter9,median,267,0.0030303030303030277,0.01355192713636235,False
hpmcounter9,median,268,0.004242424242424247,0.01897269799090733,False
hpmcounter9,median,269,0.005454545454545445,0.02439346884545221,False
hpmcounter9,median,270,0.0,1e-06,True
hpmcounter9,median,271,0.0,1e-06,True
hpmcounter9,median,272,0.0027272727272727336,0.012196734422726155,False
hpmcounter9,median,273,0.004848484848484857,0.015052306783034972,False
hpmcounter9,median,274,0.0036363636363636377,0.011363902176582771,False
hpmcounter9,median,275,0.0024242424242424177,0.007716397889229234,False
hpmcounter9,median,276,0.003939393939393932,0.012632746873011661,False
hpmcounter9,median,277,0.0027272727272727114,0.009527019488459043,False
hpmcounter9,median,278,0.0027272727272727114,0.007735164997343401,False
hpmcounter9,median,279,0.0033333333333333214,0.008451746777154013,False
hpmcounter9,median,280,0.009393939393939399,0.019112288982745484,False
hpmcounter9,median,281,0.006666666666666665,0.015470329994686855,False
hpmcounter9,median,282,0.0115151515151515,0.025019445339803183,False
hpmcounter9,median,283,0.006969696969696959,0.01761750527727107,False
hpmcounter9,median,284,0.007878787878787884,0.01770780293707136,False
hpmcounter9,median,285,0.006666666666666643,0.01547032999468685,False
hpmcounter9,median,286,0.0033333333333333214,0.008451746777154013,False
hpmcounter9,median,287,0.005151515151515129,0.010819229395443386,False
hpmcounter9,median,288,0.006969696969696982,0.01624744619928463,False
hpmcounter9,median,289,0.011515151515151544,0.02399394185134463,False
hpmcounter9,median,290,0.006060606060606033,0.022071890133341168,False
hpmcounter9,median,291,0.0027272727272727336,0.012196734422726155,False
hpmcounter9,median,292,0.0012121212121211978,0.005420770854544879,False
hpmcounter9,median,293,0.00242424242424244,0.01084154170908996,False
hpmcounter9,median,294,0.00030303030303029387,0.0013551927136361953,False
hpmcounter9,median,295,0.0036363636363636377,0.012651861344335645,False
hpmcounter9,median,296,0.0036363636363636377,0.01136390217658277,False
hpmcounter9,median,297,0.006363636363636372,0.016031842076606274,False
hpmcounter9,median,298,0.005757575757575762,0.015291221935189803,False
hpmcounter10,mean,10,0.5147575757575851,1.0513281555848417,False
hpmcounter10,mean,11,0.9888484848484154,1.517232916774725,False
hpmcounter10,mean,12,1.0603636363636724,1.7049764221441934,False
hpmcounter10,mean,13,0.9389393939395176,1.7446840501577532,False
hpmcounter10,mean,14,0.7793939393938416,1.8099109060384122,False
hpmcounter10,mean,15,0.9404242424245268,1.6069837087178136,False
hpmcounter10,mean,16,0.314727272727248,0.8316417245722137,False
hpmcounter10,mean,17,0.6055151515149987,1.2784490416346865,False
hpmcounter10,mean,18,0.614484848484824,1.477978644898665,False
hpmcounter10,mean,19,0.6200000000000415,1.4017699755407176,False
hpmcounter10,mean,20,0.8316666666666037,2.1716535053660295,False
hpmcounter10,mean,21,0.7283333333333786,1.8221597300651968,False
hpmcounter10,mean,22,0.6783333333332593,1.498001592766154,False
hpmcounter10,mean,23,0.7266666666667817,1.105203005881917,False
hpmcounter10,mean,24,1.0033333333332564,1.2495566465213397,False
hpmcounter10,mean,25,0.7933333333333223,1.7193634072864865,False
hpmcounter10,mean,26,0.9833333333334394,1.6818605681684833,False
hpmcounter10,mean,27,1.1133333333333097,1.6790557078833115,False
hpmcounter10,mean,28,1.2216666666666753,1.7302359302329111,False
hpmcounter10,mean,29,1.1433333333332598,1.8350263315350666,False
hpmcounter10,mean,30,0.8466666666666101,1.8868706107612294,False
hpmcounter10,mean,31,1.2799999999999898,1.8800398154300704,False
hpmcounter10,mean,32,1.56703030303033,2.0209026723319843,False
hpmcounter10,mean,33,1.6130000000000422,1.5003394840811715,False
hpmcounter10,mean,34,1.2282727272726817,1.5381631829810023,False
hpmcounter10,mean,35,1.2675454545454783,1.4822898434943677,False
hpmcounter10,mean,36,1.262939393939385,1.9812161196702698,False
hpmcounter10,mean,37,0.9933333333333139,2.312174743998327,False
hpmcounter10,mean,38,1.02115151515151,1.7094818673495145,False
hpmcounter10,mean,39,1.3325454545454847,1.4487413851958433,False
hpmcounter10,mean,40,1.396242424242405,1.4328312489088992,False
hpmcounter10,mean,41,1.1399090909091227,1.249441424083149,False
hpmcounter10,mean,42,0.7578787878788091,1.1428919970243878,False
hpmcounter10,mean,43,0.5431212121212212,1.1702377752536766,False
hpmcounter10,mean,44,0.692727272727177,1.063054999085799,False
hpmcounter10,mean,45,0.41657575757582493,0.909291360675623,False
hpmcounter10,mean,46,0.6003636363636474,1.0257682150979806,False
hpmcounter10,mean,47,0.8438787878788219,1.1766587973076346,False
hpmcounter10,mean,48,0.6699090909090473,1.436623254957811,False
hpmcounter10,mean,49,0.7881818181817749,1.917129452233175,False
hpmcounter10,mean,50,0.6495151515151519,1.5179638155373079,False
hpmcounter10,mean,51,0.37648484848479313,0.8423117453829229,False
hpmcounter10,mean,52,0.2216666666666754,0.4695742752749609,False
hpmcounter10,mean,53,0.26333333333330416,0.7145848997476606,False
hpmcounter10,mean,54,0.6600000000000079,1.0524046539024634,False
hpmcounter10,mean,55,0.8833333333333826,1.657148258568642,False
hpmcounter10,mean,56,0.968333333333382,1.9029824237924748,False
hpmcounter10,mean,57,1.5966666666666611,2.0251604513719785,False
hpmcounter10,mean,58,1.6966666666666925,2.0492303504583584,False
hpmcounter10,mean,59,1.8599999999999823,2.0119845604142035,False
hpmcounter10,mean,60,1.8883333333333439,2.2491135355749416,False
hpmcounter10,mean,61,1.6966666666667067,1.6679784311505474,False
hpmcounter10,mean,62,1.9995151515151406,1.4982728587049845,False
hpmcounter10,mean,63,1.5510606060605625,1.376708169154576,False
hpmcounter10,mean,64,1.0539393939394102,1.5530193254367333,False
hpmcounter10,mean,65,0.9147878787879108,1.5783311568655825,False
hpmcounter10,mean,66,1.1671515151514655,1.2866039826338302,False
hpmcounter10,mean,67,1.4293939393939723,1.4854750167286233,False
hpmcounter10,mean,68,1.8663333333333185,1.8420109550208397,False
hpmcounter10,mean,69,2.2778787878787625,2.3135866936238174,False
hpmcounter10,mean,70,2.4080303030303156,2.5374214846625103,False
hpmcounter10,mean,71,2.162848484848516,1.9059785835189975,False
hpmcounter10,mean,72,1.5716666666665873,1.8004637154476293,False
hpmcounter10,mean,73,0.42666666666675895,0.6310763107117285,False
hpmcounter10,mean,74,0.2266666666666623,0.5295479700948503,False
hpmcounter10,mean,75,0.43166666666660375,1.27826980102426,False
hpmcounter10,mean,76,0.6650000000000688,1.744749014273078,False
hpmcounter10,mean,77,0.8516666666667618,1.9406237316481916,False
hpmcounter10,mean,78,1.0933333333333508,1.9661343317602438,False
hpmcounter10,mean,79,1.1099999999999681,1.9103014060583172,False
hpmcounter10,mean,80,0.7549999999999472,1.3164401315225653,False
hpmcounter10,mean,81,0.6950000000000756,1.4136872694858302,False
hpmcounter10,mean,82,0.5666666666666658,1.6896658723646871,False
hpmcounter10,mean,83,0.6608484848486086,1.6464833390653462,False
hpmcounter10,mean,84,0.6695757575756971,1.4040388533566937,False
hpmcounter10,mean,85,0.9430303030302923,1.610473789806762,False
hpmcounter10,mean,86,0.8368484848485366,1.3804731639187124,False
hpmcounter10,mean,87,0.8933333333333195,1.710236249073463,False
hpmcounter10,mean,88,0.4513333333333037,1.052909491997045,False
hpmcounter10,mean,89,0.48645454545450095,1.1867937184462982,False
hpmcounter10,mean,90,0.6686969696970436,1.4466748151808402,False
hpmcounter10,mean,91,0.5026060606059986,1.0647115818385575,False
hpmcounter10,mean,92,0.310272727272752,0.2982187367738857,False
hpmcounter10,mean,93,0.2516060606060563,0.5329972942731426,False
hpmcounter10,mean,94,0.3771212121212528,0.7988861046885337,False
hpmcounter10,mean,95,0.5026363636363527,1.064774915104001,False
hpmcounter10,mean,96,0.2798181818181632,0.5927612929444971,False
hpmcounter10,mean,97,0.0,1e-06,True
hpmcounter10,mean,98,0.0,1e-06,True
hpmcounter10,mean,99,0.0,1e-06,True
hpmcounter10,mean,100,0.0,1e-06,True
hpmcounter10,mean,101,0.0,1e-06,True
hpmcounter10,mean,102,0.0,1e-06,True
hpmcounter10,mean,103,0.28499999999997955,0.6037383539249535,False
hpmcounter10,mean,104,0.506666666666652,1.0733126291999018,False
hpmcounter10,mean,105,0.3799999999999898,0.8049844718999294,False
hpmcounter10,mean,106,0.2533333333333786,0.5366563145999318,False
hpmcounter10,mean,107,0.12666666666661114,0.26832815729999765,False
hpmcounter10,mean,108,0.0,1e-06,True
hpmcounter10,mean,109,0.12666666666661114,0.26832815729999765,False
hpmcounter10,mean,110,0.2533333333333786,0.5366563145999318,False
hpmcounter10,mean,111,0.3799999999999898,0.8049844718999294,False
hpmcounter10,mean,112,0.506666666666652,1.0733126291999018,False
hpmcounter10,mean,113,0.28499999999997955,0.6037383539249535,False
hpmcounter10,mean,114,0.0,1e-06,True
hpmcounter10,mean,115,0.0,1e-06,True
hpmcounter10,mean,116,0.28499999999997955,0.6037383539249535,False
hpmcounter10,mean,117,0.734999999999971,1.0688833874218822,False
hpmcounter10,mean,118,0.7366666666667726,0.7531532155423214,False
hpmcounter10,mean,119,0.6699999999999676,0.4894680248682777,False
hpmcounter10,mean,120,0.5066666666666293,0.45074337559559463,False
hpmcounter10,mean,121,0.2550000000000637,0.3354799302874905,False
hpmcounter10,mean,122,0.16333333333336383,0.3598895217094308,False
hpmcounter10,mean,123,0.12666666666673052,0.22829139069248405,False
hpmcounter10,mean,124,0.32242424242422485,0.4932431174344318,False
hpmcounter10,mean,125,0.7391515151515137,0.8872048849356441,False
hpmcounter10,mean,126,0.6366969696969761,0.5736070801541493,False
hpmcounter10,mean,127,0.29618181818183303,0.5513006610971021,False
hpmcounter10,mean,128,0.21903030303022603,0.5402345617077154,False
hpmcounter10,mean,129,0.16496969696968336,0.41894766568806596,False
hpmcounter10,mean,130,0.24836363636366912,0.4212874807805938,False
hpmcounter10,mean,131,0.3606060606060623,0.511517343548059,False
hpmcounter10,mean,132,0.3704848484848924,0.5885848733275781,False
hpmcounter10,mean,133,0.37306060606061353,0.653611758736413,False
hpmcounter10,mean,134,0.3766666666667646,0.6444182289484789,False
hpmcounter10,mean,135,0.26333333333327574,0.6419451434908534,False
hpmcounter10,mean,136,0.22666666666663388,0.36668261528318796,False
hpmcounter10,mean,137,0.45333333333344117,0.6127686187435326,False
hpmcounter10,mean,138,0.3916666666665577,0.29693857044838606,False
hpmcounter10,mean,139,0.8500000000000142,1.2035522471815967,False
hpmcounter10,mean,140,1.0633333333333865,1.4117882981631167,False
hpmcounter10,mean,141,1.3216666666667152,1.8802225512170407,False
hpmcounter10,mean,142,1.4033333333332707,2.0464174944042552,False
hpmcounter10,mean,143,1.6499999999999857,1.9390568636499244,False
hpmcounter10,mean,144,1.6883333333332957,1.9118979578339828,False
hpmcounter10,mean,145,1.8003636363636617,2.123453943174739,False
hpmcounter10,mean,146,1.242787878787874,1.683538765552975,False
hpmcounter10,mean,147,1.1098181818182753,1.6413800608574414,False
hpmcounter10,mean,148,1.320363636363598,2.183610356445918,False
hpmcounter10,mean,149,1.0200606060606021,2.4456502248836687,False
hpmcounter10,mean,150,1.3387575757575632,2.5228734594673448,False
hpmcounter10,mean,151,1.6467878787879244,2.068975232427044,False
hpmcounter10,mean,152,1.8574242424242073,2.035390914815953,False
hpmcounter10,mean,153,1.4116969696970443,1.7683991286548228,False
hpmcounter10,mean,154,1.6623030303030106,2.1031155992979884,False
hpmcounter10,mean,155,1.5633333333332644,2.419496830392835,False
hpmcounter10,mean,156,1.359999999999991,2.341866601940962,False
hpmcounter10,mean,157,1.3633333333333126,2.4221057968693325,False
hpmcounter10,mean,158,1.626666666666668,2.149638892563348,False
hpmcounter10,mean,159,1.336666666666622,1.9461132354378383,False
hpmcounter10,mean,160,1.156666666666672,1.9867720447738204,False
hpmcounter10,mean,161,1.1399999999999921,2.2619041815063277,False
hpmcounter10,mean,162,0.5933333333333735,1.1257538085331313,False
hpmcounter10,mean,163,0.9733333333332894,1.907620911989524,False
hpmcounter10,mean,164,1.3800000000000068,1.9312117821120502,False
hpmcounter10,mean,165,1.551666666666702,2.1967140532119407,False
hpmcounter10,mean,166,1.2849999999999397,2.064585114715936,False
hpmcounter10,mean,167,1.3683333333333223,2.268870832330741,False
hpmcounter10,mean,168,1.0566666666666862,2.0445648960194553,False
hpmcounter10,mean,169,0.9800000000000466,1.5786921821076572,False
hpmcounter10,mean,170,0.9266666666666709,1.4694391658004393,False
hpmcounter10,mean,171,0.6116666666667072,1.264923777839055,False
hpmcounter10,mean,172,0.6233333333333235,1.2183825919434517,False
hpmcounter10,mean,173,1.1683333333333366,1.686287142655526,False
hpmcounter10,mean,174,1.2616666666666618,2.2840989880332523,False
hpmcounter10,mean,175,1.2216666666666725,1.979788960340321,False
hpmcounter10,mean,176,0.7633333333333837,1.3069047402163347,False
hpmcounter10,mean,177,0.4,1.0954451150103324,False
hpmcounter10,mean,178,0.3700000000000273,0.6412159501578395,False
hpmcounter10,mean,179,0.764999999999992,1.0064397908626186,False
hpmcounter10,mean,180,1.275,1.437056567761815,False
hpmcounter10,mean,181,1.4733333333333376,1.5219101571103886,False
hpmcounter10,mean,182,1.246666666666701,1.4478215133443917,False
hpmcounter10,mean,183,0.734999999999971,1.0688833874218822,False
hpmcounter10,mean,184,0.27000000000000457,0.8310424651889888,False
hpmcounter10,mean,185,0.5066666666667032,1.073312629199876,False
hpmcounter10,mean,186,0.6650000000000205,1.4087228258248572,False
hpmcounter10,mean,187,0.7599999999999796,1.6099689437998588,False
hpmcounter10,mean,188,0.7916666666666344,1.6770509831248679,False
hpmcounter10,mean,189,0.7599999999999796,1.6099689437998588,False
hpmcounter10,mean,190,0.3799999999999898,0.8049844718999294,False
hpmcounter10,mean,191,0.21833333333336213,0.30559595692494756,False
hpmcounter10,mean,192,0.5266666666666623,1.4291697994953112,False
hpmcounter10,mean,193,0.7949999999999591,2.297704804456204,False
hpmcounter10,mean,194,0.8316666666666549,2.5089891023656374,False
hpmcounter10,mean,195,0.7866666666667129,2.0482598519359247,False
hpmcounter10,mean,196,0.6783333333332564,1.5554572859519966,False
hpmcounter10,mean,197,0.5066666666667032,1.073312629199876,False
hpmcounter10,mean,198,0.3816666666667345,0.4720832268778194,False
hpmcounter10,mean,199,0.37833333333324504,1.139214616093295,False
hpmcounter10,mean,200,0.7716666666667408,1.7157091521399297,False
hpmcounter10,mean,201,0.6733333333332695,1.4741277528013104,False
hpmcounter10,mean,202,0.5216666666666441,1.228524289472758,False
hpmcounter10,mean,203,0.6106363636363256,1.1310032845894464,False
hpmcounter10,mean,204,0.5095151515151428,0.7933770266849417,False
hpmcounter10,mean,205,0.3372727272727218,0.5770995859853062,False
hpmcounter10,mean,206,0.16657575757570556,0.46246173141991664,False
hpmcounter10,mean,207,0.29775757575756073,0.8188786234786812,False
hpmcounter10,mean,208,0.2504242424242392,0.8995582631883936,False
hpmcounter10,mean,209,0.1648787878788255,0.4554583273486981,False
hpmcounter10,mean,210,0.32999999999995566,0.47969288420605,False
hpmcounter10,mean,211,0.532151515151537,0.733607643082242,False
hpmcounter10,mean,212,0.28039393939392027,0.5939809663867687,False
hpmcounter10,mean,213,0.12609090909090526,0.2671084838577007,False
hpmcounter10,mean,214,0.2516060606060563,0.5329972942731426,False
hpmcounter10,mean,215,0.3771212121212528,0.7988861046885337,False
hpmcounter10,mean,216,0.5026363636363527,1.064774915104001,False
hpmcounter10,mean,217,0.2798181818181632,0.5927612929444971,False
hpmcounter10,mean,218,0.0,1e-06,True
hpmcounter10,mean,219,0.0,1e-06,True
hpmcounter10,mean,220,0.0,1e-06,True
hpmcounter10,mean,221,0.0,1e-06,True
hpmcounter10,mean,222,0.0,1e-06,True
hpmcounter10,mean,223,0.28499999999997955,0.6037383539249535,False
hpmcounter10,mean,224,0.4649999999999892,0.6133481119501112,False
hpmcounter10,mean,225,0.6299999999999727,1.0471571093660854,False
hpmcounter10,mean,226,0.7200000000000273,1.3847287402991553,False
hpmcounter10,mean,227,0.7583333333333513,1.6081617488692757,False
hpmcounter10,mean,228,0.7933333333334162,1.6822290976088832,False
hpmcounter10,mean,229,0.7649999999999693,1.635872533961149,False
hpmcounter10,mean,230,0.6733333333333207,1.474127752801286,False
hpmcounter10,mean,231,0.518333333333311,1.2153730204950979,False
hpmcounter10,mean,232,0.2747272727273213,0.8403877395875297,False
hpmcounter10,mean,233,0.2890303030302306,0.6122760680208921,False
hpmcounter10,mean,234,0.5095454545454373,1.0794109964112593,False
hpmcounter10,mean,235,0.6667272727273457,1.412381846151659,False
hpmcounter10,mean,236,0.7605757575756854,1.6111886172421557,False
hpmcounter10,mean,237,0.7910909090909769,1.6758313096825328,False
hpmcounter10,mean,238,0.7582727272727083,1.606309923473044,False
hpmcounter10,mean,239,0.6621212121212323,1.4026244586134873,False
hpmcounter10,mean,240,0.5026363636363527,1.064774915104001,False
hpmcounter10,mean,241,0.2798181818181632,0.5927612929444971,False
hpmcounter10,mean,242,0.0,1e-06,True
hpmcounter10,mean,243,0.28499999999997955,0.6037383539249535,False
hpmcounter10,mean,244,0.506666666666652,1.0733126291999018,False
hpmcounter10,mean,245,0.8583333333333372,1.3532233556558222,False
hpmcounter10,mean,246,1.2000000000000142,1.6976075356304219,False
hpmcounter10,mean,247,1.3800000000000352,1.9001508096504163,False
hpmcounter10,mean,248,1.1699999999999817,1.6728796477300805,False
hpmcounter10,mean,249,0.6300000000000182,1.0471571093660668,False
hpmcounter10,mean,250,0.26166666666662197,0.6676549691979715,False
hpmcounter10,mean,251,0.475,1.0062305898749055,False
hpmcounter10,mean,252,0.9899999999999636,1.6368061897867063,False
hpmcounter10,mean,253,1.1383333333333667,1.7867372007548645,False
hpmcounter10,mean,254,1.4027878787878876,2.256968466963374,False
hpmcounter10,mean,255,1.1795757575757448,2.2545788150710577,False
hpmcounter10,mean,256,0.6986666666666508,2.0828931671300013,False
hpmcounter10,mean,257,0.3773333333332943,1.1354755385569961,False
hpmcounter10,mean,258,0.2527575757576216,0.5354366411576602,False
hpmcounter10,mean,259,0.15590909090901164,0.02653212033922474,False
hpmcounter10,mean,260,0.24163636363644797,0.46110988142629794,False
hpmcounter10,mean,261,0.44345454545456275,0.9394209205365333,False
hpmcounter10,mean,262,0.3966666666666384,1.122544102990128,False
hpmcounter10,mean,263,0.40078787878785815,1.046067833891444,False
hpmcounter10,mean,264,0.8452727272727287,1.4859377783562726,False
hpmcounter10,mean,265,0.8062424242423134,1.2956983230344026,False
hpmcounter10,mean,266,0.9240000000001004,1.0588868891935215,False
hpmcounter10,mean,267,1.1912121212120355,1.2871065890260744,False
hpmcounter10,mean,268,1.3543333333333152,1.6555940881852886,False
hpmcounter10,mean,269,1.414818181818268,1.9746089994698894,False
hpmcounter10,mean,270,1.539272727272754,2.2838274350592562,False
hpmcounter10,mean,271,1.727878787878788,2.1991513338873174,False
hpmcounter10,mean,272,1.1452424242423773,2.0014092302103554,False
hpmcounter10,mean,273,1.018696969696876,2.1498156710870098,False
hpmcounter10,mean,274,0.8800000000000466,1.598259287017573,False
hpmcounter10,mean,275,1.5233333333333632,1.7067153227713017,False
hpmcounter10,mean,276,1.5300000000000267,1.9052835125402887,False
hpmcounter10,mean,277,1.7400000000000204,2.492071638743859,False
hpmcounter10,mean,278,1.609999999999971,2.7201027672364915,False
hpmcounter10,mean,279,1.5066666666666975,2.75976946236097,False
hpmcounter10,mean,280,1.285000000000008,2.38333578701873,False
hpmcounter10,mean,281,0.6450000000000415,1.5566599045647316,False
hpmcounter10,mean,282,0.44999999999998297,0.9343978891268366,False
hpmcounter10,mean,283,0.47999999999998977,1.0410520994091608,False
hpmcounter10,mean,284,0.8400000000000262,1.653972711683641,False
hpmcounter10,mean,285,0.7600000000000307,1.6099689437998332,False
hpmcounter10,mean,286,0.8699999999999648,1.3822348206492487,False
hpmcounter10,mean,287,0.9600000000000222,1.313252290668984,False
hpmcounter10,mean,288,0.6049999999999585,0.8330367893422812,False
hpmcounter10,mean,289,0.2533333333333786,0.5366563145999317,False
hpmcounter10,mean,290,0.03166666666665208,0.06708203932499623,False
hpmcounter10,mean,291,0.09499999999995908,0.2012461179750014,False
hpmcounter10,mean,292,0.25833333333327746,0.5954874164563962,False
hpmcounter10,mean,293,0.5131515151515458,1.20546499522773,False
hpmcounter10,mean,294,0.7786060606060403,1.4191826795849793,False
hpmcounter10,mean,295,0.9272727272727593,1.5636697448311463,False
hpmcounter10,mean,296,0.8983636363635924,1.635084792975134,False
hpmcounter10,mean,297,0.8094545454545823,1.5853637556980877,False
hpmcounter10,mean,298,0.6014848484848556,0.8203255623967137,False
hpmcounter10,median,10,0.553030303030306,1.1113934927045972,False
hpmcounter10,median,11,0.9166666666666629,1.5690802887333084,False
hpmcounter10,median,12,0.9836363636363672,1.757624263753474,False
hpmcounter10,median,13,0.9054545454545462,1.845722725202448,False
hpmcounter10,median,14,0.7721212121212119,1.813213200397619,False
hpmcounter10,median,15,0.7745454545454521,1.714921676881107,False
hpmcounter10,median,16,0.5609090909090924,1.3011209259001202,False
hpmcounter10,median,17,0.5863636363636374,1.2880461473020395,False
hpmcounter10,median,18,0.5390909090909076,1.5117275187217944,False
hpmcounter10,median,19,0.5666666666666658,1.4269748806273763,False
hpmcounter10,median,20,0.8166666666666685,2.1777046771357096,False
hpmcounter10,median,21,0.6666666666666657,1.9133266091941252,False
hpmcounter10,median,22,0.4833333333333343,1.591185515591831,False
hpmcounter10,median,23,0.6666666666666657,1.548438186920434,False
hpmcounter10,median,24,0.7,1.5175387891609828,False
hpmcounter10,median,25,0.6333333333333314,1.7996100942226516,False
hpmcounter10,median,26,0.65,1.893278353538277,False
hpmcounter10,median,27,0.6333333333333371,2.0200746902988502,False
hpmcounter10,median,28,0.9,2.152382061347773,False
hpmcounter10,median,29,0.95,2.075405970291226,False
hpmcounter10,median,30,0.8666666666666657,1.992383156743413,False
hpmcounter10,median,31,1.1333333333333315,2.246244429061029,False
hpmcounter10,median,32,1.1139393939393956,2.4090902871815723,False
hpmcounter10,median,33,1.1451515151515168,2.212166633428514,False
hpmcounter10,median,34,0.9296969696969682,1.900940959330099,False
hpmcounter10,median,35,0.8142424242424227,1.9057693947928842,False
hpmcounter10,median,36,0.9487878787878771,2.2064938801960183,False
hpmcounter10,median,37,0.9666666666666714,2.32429326490583,False
hpmcounter10,median,38,0.7154545454545456,1.9065272019246167,False
hpmcounter10,median,39,0.7975757575757569,1.9781772054860693,False
hpmcounter10,median,40,0.9130303030303025,2.0940343931346357,False
hpmcounter10,median,41,0.7451515151515139,1.6716248996797483,False
hpmcounter10,median,42,0.47787878787879096,1.3414070116001036,False
hpmcounter10,median,43,0.3312121212121184,1.2739088841632444,False
hpmcounter10,median,44,0.38484848484848727,1.2787546198536808,False
hpmcounter10,median,45,0.26575757575757564,0.9821888268040483,False
hpmcounter10,median,46,0.49969696969697,1.2532580516570808,False
hpmcounter10,median,47,0.4836363636363615,1.4496096478264309,False
hpmcounter10,median,48,0.40090909090909294,1.5692064470372358,False
hpmcounter10,median,49,0.6818181818181841,1.963331636032061,False
hpmcounter10,median,50,0.5978787878787898,1.5415578042907974,False
hpmcounter10,median,51,0.33060606060605835,0.8831459336534073,False
hpmcounter10,median,52,0.11666666666666856,0.5217491947499594,False
hpmcounter10,median,53,0.23333333333333145,0.7262818875043969,False
hpmcounter10,median,54,0.3666666666666686,1.251431928370476,False
hpmcounter10,median,55,0.6666666666666685,1.9133266091941277,False
hpmcounter10,median,56,1.0166666666666657,2.0361499042920514,False
hpmcounter10,median,57,1.199999999999997,2.3679141757799465,False
hpmcounter10,median,58,1.25,2.468219046834761,False
hpmcounter10,median,59,1.3500000000000028,2.5557525985566905,False
hpmcounter10,median,60,1.5,2.674331090875948,False
hpmcounter10,median,61,1.5166666666666657,2.551172187870458,False
hpmcounter10,median,62,1.5139393939393926,2.364713777261178,False
hpmcounter10,median,63,1.1645454545454554,2.1042183490710813,False
hpmcounter10,median,64,0.7681818181818159,1.804902998631524,False
hpmcounter10,median,65,0.8342424242424272,1.6304569097854944,False
hpmcounter10,median,66,0.8169696969696929,1.6568889351448162,False
hpmcounter10,median,67,1.1163636363636358,1.937924682690672,False
hpmcounter10,median,68,1.6324242424242414,2.7009470340726938,False
hpmcounter10,median,69,1.8984848484848498,2.9210492354013295,False
hpmcounter10,median,70,2.031212121212124,3.240185710898326,False
hpmcounter10,median,71,1.6972727272727268,2.636395149126957,False
hpmcounter10,median,72,1.199999999999997,2.188219388810735,False
hpmcounter10,median,73,0.45000000000000284,1.0218375833681368,False
hpmcounter10,median,74,0.1666666666666657,0.5567239176358709,False
hpmcounter10,median,75,0.4166666666666686,1.2836124098470947,False
hpmcounter10,median,76,0.6666666666666657,1.86378223259218,False
hpmcounter10,median,77,0.85,2.0332758116684033,False
hpmcounter10,median,78,0.9333333333333315,2.1291625896895052,False
hpmcounter10,median,79,0.9,2.046534654865941,False
hpmcounter10,median,80,0.6500000000000028,1.3827466521722585,False
hpmcounter10,median,81,0.6999999999999972,1.4220486005134336,False
hpmcounter10,median,82,0.5666666666666658,1.6896658723646871,False
hpmcounter10,median,83,0.6639393939393898,1.6545781408342115,False
hpmcounter10,median,84,0.5478787878787926,1.466847761896302,False
hpmcounter10,median,85,0.5818181818181813,1.8406532662013368,False
hpmcounter10,median,86,0.7175757575757586,1.7551172377630444,False
hpmcounter10,median,87,0.7309090909090884,1.8016659762511829,False
hpmcounter10,median,88,0.4975757575757598,1.2284874371397156,False
hpmcounter10,median,89,0.3809090909090912,1.232607226233355,False
hpmcounter10,median,90,0.41424242424242264,1.5706914943218186,False
hpmcounter10,median,91,0.26484848484848555,1.1830126871384397,False
hpmcounter10,median,92,0.2136363636363626,0.7080196791253083,False
hpmcounter10,median,93,0.1324242424242442,0.5922192158590431,False
hpmcounter10,median,94,0.19848484848484702,0.8876512274317282,False
hpmcounter10,median,95,0.2645454545454555,1.1830832390044386,False
hpmcounter10,median,96,0.14727272727272692,0.6586236588272091,False
hpmcounter10,median,97,0.0,1e-06,True
hpmcounter10,median,98,0.0,1e-06,True
hpmcounter10,median,99,0.0,1e-06,True
hpmcounter10,median,100,0.0,1e-06,True
hpmcounter10,median,101,0.0,1e-06,True
hpmcounter10,median,102,0.0,1e-06,True
hpmcounter10,median,103,0.15,0.670820393249937,False
hpmcounter10,median,104,0.2666666666666657,1.1925695879998837,False
hpmcounter10,median,105,0.2,0.8944271909999157,False
hpmcounter10,median,106,0.13333333333333428,0.5962847939999482,False
hpmcounter10,median,107,0.06666666666666572,0.2981423969999677,False
hpmcounter10,median,108,0.0,1e-06,True
hpmcounter10,median,109,0.06666666666666572,0.2981423969999677,False
hpmcounter10,median,110,0.13333333333333428,0.5962847939999482,False
hpmcounter10,median,111,0.2,0.8944271909999157,False
hpmcounter10,median,112,0.2666666666666657,1.1925695879998837,False
hpmcounter10,median,113,0.15,0.670820393249937,False
hpmcounter10,median,114,0.0,1e-06,True
hpmcounter10,median,115,0.0,1e-06,True
hpmcounter10,median,116,0.15,0.670820393249937,False
hpmcounter10,median,117,0.41666666666666574,1.3371655454379694,False
hpmcounter10,median,118,0.46666666666666573,1.171793247635723,False
hpmcounter10,median,119,0.4833333333333343,1.0172488985678136,False
hpmcounter10,median,120,0.3166666666666657,0.6880347468445861,False
hpmcounter10,median,121,0.15,0.4254340748538912,False
hpmcounter10,median,122,0.14999999999999716,0.366347548532519,False
hpmcounter10,median,123,0.09999999999999716,0.2442316990216793,False
hpmcounter10,median,124,0.38060606060605834,0.809325569731533,False
hpmcounter10,median,125,0.5478787878787899,1.0738888456967521,False
hpmcounter10,median,126,0.5318181818181813,0.979884434710958,False
hpmcounter10,median,127,0.48242424242424137,1.0225061962013309,False
hpmcounter10,median,128,0.29969696969696713,0.8229055557711371,False
hpmcounter10,median,129,0.14969696969696997,0.42529875326615996,False
hpmcounter10,median,130,0.1824242424242442,0.4631796647798236,False
hpmcounter10,median,131,0.21515151515151273,0.6201628825316277,False
hpmcounter10,median,132,0.43121212121212127,1.0167154987951712,False
hpmcounter10,median,133,0.46393939393939265,1.021231240858595,False
hpmcounter10,median,134,0.28333333333333427,0.7031674369909673,False
hpmcounter10,median,135,0.25,0.6477581672776133,False
hpmcounter10,median,136,0.3666666666666657,0.929692145486944,False
hpmcounter10,median,137,0.2666666666666657,0.7692937446106503,False
hpmcounter10,median,138,0.3166666666666657,0.7834173153935776,False
hpmcounter10,median,139,0.5166666666666657,1.4528656900933006,False
hpmcounter10,median,140,0.7833333333333343,1.7380334386651293,False
hpmcounter10,median,141,0.9833333333333314,2.1452381647793146,False
hpmcounter10,median,142,0.9333333333333342,2.40759033642981,False
hpmcounter10,median,143,1.0666666666666658,2.481746225439938,False
hpmcounter10,median,144,1.2500000000000029,2.5703550622820295,False
hpmcounter10,median,145,1.3306060606060583,2.584363875138028,False
hpmcounter10,median,146,0.9854545454545474,1.991523674436532,False
hpmcounter10,median,147,1.068181818181813,2.0167937091590984,False
hpmcounter10,median,148,1.200909090909093,2.2642673166123197,False
hpmcounter10,median,149,0.9669696969696957,2.4691874113520194,False
hpmcounter10,median,150,1.2163636363636385,2.615489119791911,False
hpmcounter10,median,151,1.2157575757575756,2.4451082881176305,False
hpmcounter10,median,152,1.2984848484848441,2.582780088274905,False
hpmcounter10,median,153,1.2645454545454526,2.473378651266269,False
hpmcounter10,median,154,1.2639393939393955,2.472685425889774,False
hpmcounter10,median,155,1.2833333333333372,2.6118824293144285,False
hpmcounter10,median,156,1.3166666666666629,2.5304577400677926,False
hpmcounter10,median,157,1.4166666666666656,2.529070744445347,False
hpmcounter10,median,158,1.4166666666666656,2.52675739317739,False
hpmcounter10,median,159,1.1,2.1980852911951434,False
hpmcounter10,median,160,0.9,2.1550973166992877,False
hpmcounter10,median,161,1.0,2.3395906074624073,False
hpmcounter10,median,162,0.9666666666666629,1.8381913307436284,False
hpmcounter10,median,163,0.9,1.997366687468914,False
hpmcounter10,median,164,1.05,2.211810403980842,False
hpmcounter10,median,165,1.2833333333333343,2.4043698035133416,False
hpmcounter10,median,166,1.3833333333333315,2.39462116551153,False
hpmcounter10,median,167,1.3,2.366679021465157,False
hpmcounter10,median,168,1.0333333333333343,2.057364464068459,False
hpmcounter10,median,169,0.85,1.7184073954124446,False
hpmcounter10,median,170,0.6333333333333314,1.668069584984654,False
hpmcounter10,median,171,0.48333333333333145,1.3354150416006718,False
hpmcounter10,median,172,0.7,1.3416407864998738,False
hpmcounter10,median,173,0.9666666666666657,1.8540299082228369,False
hpmcounter10,median,174,1.1333333333333315,2.375311613906244,False
hpmcounter10,median,175,1.0833333333333344,2.173403830521679,False
hpmcounter10,median,176,0.6166666666666686,1.3987254014058705,False
hpmcounter10,median,177,0.4,1.0954451150103324,False
hpmcounter10,median,178,0.25,0.7163503994113789,False
hpmcounter10,median,179,0.45,1.2763022245616642,False
hpmcounter10,median,180,0.75,1.943274501832843,False
hpmcounter10,median,181,0.8666666666666657,2.1450337038478597,False
hpmcounter10,median,182,0.7666666666666657,1.9826734859897566,False
hpmcounter10,median,183,0.41666666666666574,1.3371655454379694,False
hpmcounter10,median,184,0.3,0.9233805168766387,False
hpmcounter10,median,185,0.2666666666666657,1.1925695879998837,False
hpmcounter10,median,186,0.35,1.565247584249853,False
hpmcounter10,median,187,0.4,1.7888543819998315,False
hpmcounter10,median,188,0.4166666666666686,1.8633899812498331,False
hpmcounter10,median,189,0.4,1.7888543819998315,False
hpmcounter10,median,190,0.2,0.8944271909999157,False
hpmcounter10,median,191,0.15,0.6708203932499369,False
hpmcounter10,median,192,0.46666666666666573,1.4525637750088038,False
hpmcounter10,median,193,0.75,2.3141441523584345,False
hpmcounter10,median,194,0.8166666666666685,2.514228515716063,False
hpmcounter10,median,195,0.6666666666666685,2.0970600417521355,False
hpmcounter10,median,196,0.48333333333333145,1.6453905133798659,False
hpmcounter10,median,197,0.2666666666666657,1.1925695879998837,False
hpmcounter10,median,198,0.28333333333333144,0.8737564262411186,False
hpmcounter10,median,199,0.4166666666666686,1.3371655454379807,False
hpmcounter10,median,200,0.5166666666666657,1.8368387539975115,False
hpmcounter10,median,201,0.4333333333333343,1.5898067115586603,False
hpmcounter10,median,202,0.6166666666666657,1.4480274948118164,False
hpmcounter10,median,203,0.547272727272724,1.384709892939055,False
hpmcounter10,median,204,0.2978787878787898,0.9396712560778017,False
hpmcounter10,median,205,0.2318181818181813,0.6438216422970235,False
hpmcounter10,median,206,0.16575757575757563,0.4627720206181835,False
hpmcounter10,median,207,0.2830303030303014,0.8245287522186358,False
hpmcounter10,median,208,0.3975757575757569,1.0870806470933967,False
hpmcounter10,median,209,0.14878787878787988,0.46161844169573507,False
hpmcounter10,median,210,0.18333333333333143,0.5871429486123941,False
hpmcounter10,median,211,0.34878787878787987,1.0851531207357197,False
hpmcounter10,median,212,0.14757575757575694,0.6599788515408441,False
hpmcounter10,median,213,0.0663636363636357,0.2967872042863327,False
hpmcounter10,median,214,0.1324242424242442,0.5922192158590431,False
hpmcounter10,median,215,0.19848484848484702,0.8876512274317282,False
hpmcounter10,median,216,0.2645454545454555,1.1830832390044386,False
hpmcounter10,median,217,0.14727272727272692,0.6586236588272091,False
hpmcounter10,median,218,0.0,1e-06,True
hpmcounter10,median,219,0.0,1e-06,True
hpmcounter10,median,220,0.0,1e-06,True
hpmcounter10,median,221,0.0,1e-06,True
hpmcounter10,median,222,0.0,1e-06,True
hpmcounter10,median,223,0.15,0.670820393249937,False
hpmcounter10,median,224,0.2666666666666657,0.8278768730669194,False
hpmcounter10,median,225,0.35,1.2305801417949622,False
hpmcounter10,median,226,0.4,1.5694450913417903,False
hpmcounter10,median,227,0.41666666666666574,1.786482708518685,False
hpmcounter10,median,228,0.4333333333333343,1.8609561775433816,False
hpmcounter10,median,229,0.45,1.79105966869954,False
hpmcounter10,median,230,0.4333333333333343,1.58980671155866,False
hpmcounter10,median,231,0.3833333333333314,1.2763022245616589,False
hpmcounter10,median,232,0.2972727272727269,0.9150289322930981,False
hpmcounter10,median,233,0.15212121212121305,0.6803067422453947,False
hpmcounter10,median,234,0.26818181818181586,1.1993455515680587,False
hpmcounter10,median,235,0.35090909090909295,1.5693131623907703,False
hpmcounter10,median,236,0.40030303030303005,1.7902095747134665,False
hpmcounter10,median,237,0.4163636363636357,1.8620347885361856,False
hpmcounter10,median,238,0.39909090909090994,1.7847888038589268,False
hpmcounter10,median,239,0.348484848484847,1.5584716206816653,False
hpmcounter10,median,240,0.2645454545454555,1.1830832390044386,False
hpmcounter10,median,241,0.14727272727272692,0.6586236588272091,False
hpmcounter10,median,242,0.0,1e-06,True
hpmcounter10,median,243,0.15,0.670820393249937,False
hpmcounter10,median,244,0.2666666666666657,1.1925695879998837,False
hpmcounter10,median,245,0.5,1.670171752907624,False
hpmcounter10,median,246,0.6666666666666657,2.097060041752129,False
hpmcounter10,median,247,0.7666666666666686,2.369642310215321,False
hpmcounter10,median,248,0.65,2.058998223459779,False
hpmcounter10,median,249,0.35,1.2305801417949713,False
hpmcounter10,median,250,0.21666666666666287,0.6863327411532484,False
hpmcounter10,median,251,0.25,1.118033988749895,False
hpmcounter10,median,252,0.55,1.9263485441244308,False
hpmcounter10,median,253,0.8166666666666685,2.1534006833202213,False
hpmcounter10,median,254,1.0139393939393926,2.516306185636669,False
hpmcounter10,median,255,0.9645454545454555,2.3758139457232077,False
hpmcounter10,median,256,0.8151515151515127,2.1480845124529546,False
hpmcounter10,median,257,0.41575757575757566,1.3336485055946317,False
hpmcounter10,median,258,0.13303030303030425,0.5949296012863131,False
hpmcounter10,median,259,0.15030303030303002,0.6707504325510248,False
hpmcounter10,median,260,0.13424242424242436,0.523529860248247,False
hpmcounter10,median,261,0.23454545454545722,1.0432271304379048,False
hpmcounter10,median,262,0.3666666666666657,1.1337460548813647,False
hpmcounter10,median,263,0.4654545454545456,1.1972623549521102,False
hpmcounter10,median,264,0.648181818181817,1.6067790214099504,False
hpmcounter10,median,265,0.5815151515151541,1.4457448743632604,False
hpmcounter10,median,266,0.598181818181817,1.3679726906253091,False
hpmcounter10,median,267,0.848181818181817,1.679255314101066,False
hpmcounter10,median,268,0.998787878787877,2.1361041162628163,False
hpmcounter10,median,269,1.2142424242424255,2.5170867634015592,False
hpmcounter10,median,270,1.1630303030303082,2.553218886640737,False
hpmcounter10,median,271,1.248484848484847,2.6137936526649415,False
hpmcounter10,median,272,1.2312121212121212,2.3183535185707256,False
hpmcounter10,median,273,0.9972727272727269,2.2032164175962086,False
hpmcounter10,median,274,0.5333333333333314,1.8077157567797921,False
hpmcounter10,median,275,1.0333333333333314,2.178845662513209,False
hpmcounter10,median,276,1.3166666666666658,2.721959648394038,False
hpmcounter10,median,277,1.35,2.814903943392441,False
hpmcounter10,median,278,1.4000000000000028,2.8564075912735927,False
hpmcounter10,median,279,1.4666666666666657,2.8354481271699106,False
hpmcounter10,median,280,1.25,2.403396719119356,False
hpmcounter10,median,281,0.5999999999999972,1.6062742477747425,False
hpmcounter10,median,282,0.3833333333333314,0.9689627902499063,False
hpmcounter10,median,283,0.3,1.1285761872936695,False
hpmcounter10,median,284,0.46666666666666856,1.8650368825037877,False
hpmcounter10,median,285,0.4,1.7888543819998315,False
hpmcounter10,median,286,0.48333333333333145,1.6453905133798659,False
hpmcounter10,median,287,0.5333333333333343,1.6415653633362495,False
hpmcounter10,median,288,0.3666666666666657,1.1491161108683936,False
hpmcounter10,median,289,0.13333333333333428,0.5962847939999482,False
hpmcounter10,median,290,0.01666666666666572,0.07453559924998876,False
hpmcounter10,median,291,0.05,0.22360679774997894,False
hpmcounter10,median,292,0.23333333333333428,0.750048731360308,False
hpmcounter10,median,293,0.38060606060605834,1.265177883192729,False
hpmcounter10,median,294,0.6478787878787898,1.7473727940560941,False
hpmcounter10,median,295,0.5151515151515127,1.8303421101270567,False
hpmcounter10,median,296,0.4990909090909099,1.8769752793560472,False
hpmcounter10,median,297,0.44969696969697,1.78971505733945,False
hpmcounter10,median,298,0.3669696969696957,1.0873990581261983,False
