counter,window_end_iter,mu_Gnew,sigma_Gnew,sigma_fragile
hpmcounter3,5,0.1757316083894786,0.24806770058084485,False
hpmcounter3,6,0.20835024666707352,0.136157553056932,False
hpmcounter3,7,0.07706131394276534,0.11766312975363709,False
hpmcounter3,8,0.08827357125665591,0.13112870194648532,False
hpmcounter3,9,0.062115841581883935,0.10802717699227049,False
hpmcounter3,10,0.049903775027595444,0.0862863942487359,False
hpmcounter3,11,0.04870221975358275,0.08129523131328684,False
hpmcounter3,12,0.040897976184473286,0.07081402464560574,False
hpmcounter3,13,0.03655203328440852,0.06746568670381393,False
hpmcounter3,14,0.03706656195794915,0.06973232940403429,False
hpmcounter3,15,0.04692782815571889,0.08029169092608122,False
hpmcounter3,16,0.03735775280343307,0.06828660315006782,False
hpmcounter3,17,0.030249333112899023,0.05992730744406728,False
hpmcounter3,18,0.027874377996393734,0.053941599773444864,False
hpmcounter3,19,0.03175955407581384,0.05368209517692703,False
hpmcounter3,20,0.034796869555484236,0.05217384754418848,False
hpmcounter3,21,0.03238699135267613,0.04913597848905371,False
hpmcounter3,22,0.030090836848758146,0.046168809746336026,False
hpmcounter3,23,0.03059383906268931,0.03881712744420339,False
hpmcounter3,24,0.021944420438732952,0.029990187168731076,False
hpmcounter3,25,0.014899200903067924,0.02471316766922569,False
hpmcounter3,26,0.011985158744710126,0.021330196590380466,False
hpmcounter3,27,0.00985231293194087,0.02087211829991108,False
hpmcounter3,28,0.009348764659847585,0.012793010324016064,False
hpmcounter3,29,0.014025322527270822,0.020950946706744106,False
hpmcounter3,30,0.018499124741166467,0.030465173365543313,False
hpmcounter3,31,0.030473775008942616,0.039841575791778244,False
hpmcounter3,32,0.03889743072843407,0.04877158522279825,False
hpmcounter3,33,0.044779842873562084,0.042752053750114004,False
hpmcounter3,34,0.04420946366819554,0.042220732103489554,False
hpmcounter3,35,0.04333930243983123,0.03877157957615408,False
hpmcounter3,36,0.03814062125723404,0.03975695088276714,False
hpmcounter3,37,0.03622226861451468,0.04830637570326123,False
hpmcounter3,38,0.02488333696855587,0.03827648049893125,False
hpmcounter3,39,0.020557830310327534,0.030127582891742232,False
hpmcounter3,40,0.016113920474760176,0.023346684865611027,False
hpmcounter3,41,0.011921140010887506,0.019231609965677427,False
hpmcounter3,42,0.015288602729064033,0.027404111856010563,False
hpmcounter3,43,0.015288842213562321,0.027395103329353496,False
hpmcounter3,44,0.015286665626957583,0.027390815996978728,False
hpmcounter3,45,0.014730784120629864,0.02711731191426705,False
hpmcounter3,46,0.015550618777160347,0.026073749661915387,False
hpmcounter3,47,0.018160069045700052,0.027793821648648222,False
hpmcounter3,48,0.021414510033662865,0.031888168038583985,False
hpmcounter3,49,0.02448408035812181,0.037423255229578234,False
hpmcounter3,50,0.02062581906417724,0.03432399729956903,False
hpmcounter3,51,0.016321402133736885,0.026343248785480156,False
hpmcounter3,52,0.012463457302449911,0.01960005035226226,False
hpmcounter3,53,0.012457894947380543,0.023104801848454676,False
hpmcounter3,54,0.011072650584096577,0.02369726309224806,False
hpmcounter3,55,0.014424289265147657,0.023654452777650666,False
hpmcounter3,56,0.018871981811107552,0.018122968844247283,False
hpmcounter3,57,0.02525203777111758,0.02461284719842432,False
hpmcounter3,58,0.031018438811731434,0.03385087895554059,False
hpmcounter3,59,0.036616795900565505,0.04021104573194515,False
hpmcounter3,60,0.03937667500060778,0.04129229207776493,False
hpmcounter3,61,0.038302169145425745,0.03964879390787676,False
hpmcounter3,62,0.03939675981683245,0.03682888558624916,False
hpmcounter3,63,0.04018079017003617,0.03724904833606631,False
hpmcounter3,64,0.036283954693279656,0.0334404156381959,False
hpmcounter3,65,0.032651894152780594,0.028546297003164228,False
hpmcounter3,66,0.023523319204199238,0.020818222802342776,False
hpmcounter3,67,0.016758525788548268,0.0141567922688389,False
hpmcounter3,68,0.011383833110378185,0.013627428410293302,False
hpmcounter3,69,0.012183535342065985,0.020092646876743666,False
hpmcounter3,70,0.012868391322732115,0.026824178670065344,False
hpmcounter3,71,0.012868115816008255,0.026825092161057093,False
hpmcounter3,72,0.012740740908871978,0.02714618644244906,False
hpmcounter3,73,0.011671880557708677,0.019964019934341562,False
hpmcounter3,74,0.010523677333367792,0.015897672283389005,False
hpmcounter3,75,0.008616643161209228,0.011318421456360115,False
hpmcounter3,76,0.010593695557568847,0.012227923448666344,False
hpmcounter3,77,0.01351182142507413,0.015545245102389017,False
hpmcounter3,78,0.016152574417786524,0.018108662110968093,False
hpmcounter3,79,0.01659969017942501,0.02492885746798321,False
hpmcounter3,80,0.016594230577386015,0.02493368614236435,False
hpmcounter3,81,0.016655762485205387,0.02002421763319598,False
hpmcounter3,82,0.014861089999163737,0.02117444776242176,False
hpmcounter3,83,0.011935685951858104,0.01975887597129548,False
hpmcounter3,84,0.009534244370501429,0.020251055007371843,False
hpmcounter3,85,0.00953610423322901,0.02025504531454295,False
hpmcounter3,86,0.009072017225850729,0.013541982830467062,False
hpmcounter3,87,0.009035251644080092,0.013519981984838602,False
hpmcounter3,88,0.006373545242547606,0.01350837349132978,False
hpmcounter3,89,0.006378863115908814,0.013519626830509017,False
hpmcounter3,90,0.006384897840895905,0.013532384718094235,False
hpmcounter3,91,0.0031567374905554723,0.006696374830213469,False
hpmcounter3,92,3.785336004773696e-05,3.034674616544967e-05,False
hpmcounter3,93,3.63127380798859e-05,2.9974041401045625e-05,False
hpmcounter3,94,3.32517959040976e-05,2.6276920333159627e-05,False
hpmcounter3,95,4.198786445860254e-05,3.0488237901156952e-05,False
hpmcounter3,96,3.1783305372777226e-05,2.6549224086425454e-05,False
hpmcounter3,97,3.86768179274459e-05,2.503557087085945e-05,False
hpmcounter3,98,3.8249896522341356e-05,2.1130041737327498e-05,False
hpmcounter3,99,4.114681589981462e-05,2.2101437576298757e-05,False
hpmcounter3,100,3.419827130072585e-05,2.5847117710919542e-05,False
hpmcounter3,101,3.623204317885903e-05,2.4525485170784095e-05,False
hpmcounter3,102,3.4289756072501675e-05,2.49486600714487e-05,False
hpmcounter3,103,0.0031244467432196207,0.00672984348485894,False
hpmcounter3,104,0.006185760106917995,0.013374644436619447,False
hpmcounter3,105,0.006188354886984178,0.01338017228243146,False
hpmcounter3,106,0.006186456954476925,0.013376126122362145,False
hpmcounter3,107,0.006187602537627597,0.013378655614771199,False
hpmcounter3,108,0.0030601479996686725,0.0066453442817697725,False
hpmcounter3,109,3.974177931505632e-05,3.0134819505194665e-05,False
hpmcounter3,110,4.357162240843891e-05,3.502957043764725e-05,False
hpmcounter3,111,4.843066193800649e-05,3.5613056685038044e-05,False
hpmcounter3,112,4.823134490030238e-05,3.695539569572864e-05,False
hpmcounter3,113,4.6110354797971456e-05,3.907871269205215e-05,False
hpmcounter3,114,4.720138918887298e-05,3.810016716396274e-05,False
hpmcounter3,115,4.7192600312223954e-05,3.6731627587734484e-05,False
hpmcounter3,116,0.003413079010219444,0.006409518783109526,False
hpmcounter3,117,0.009294579045570503,0.012579744122369832,False
hpmcounter3,118,0.0112093950078187,0.012287446816809398,False
hpmcounter3,119,0.013348281225501699,0.012207917607013877,False
hpmcounter3,120,0.01334692564364108,0.012204665038359598,False
hpmcounter3,121,0.01077661712023791,0.008319050231367678,False
hpmcounter3,122,0.005766243155801782,0.008271580874968466,False
hpmcounter3,123,0.005940520157821403,0.00835585097050677,False
hpmcounter3,124,0.005476838774961759,0.008026544959003757,False
hpmcounter3,125,0.00548710282166227,0.008041505154392293,False
hpmcounter3,126,0.005486994628250623,0.008041449158961933,False
hpmcounter3,127,0.0074618093194540784,0.00852009275988393,False
hpmcounter3,128,0.005374729610235481,0.006732821904048442,False
hpmcounter3,129,0.0030750915945226428,0.0066369369740494595,False
hpmcounter3,130,0.0030729131021212377,0.006632286669318922,False
hpmcounter3,131,0.0030695361153917538,0.00662496462236467,False
hpmcounter3,132,0.003182720113745314,0.006637776895807929,False
hpmcounter3,133,0.0058883480564211835,0.008157021411288571,False
hpmcounter3,134,0.0058907169685852145,0.008160291034542725,False
hpmcounter3,135,0.00589128422190104,0.00816104698180306,False
hpmcounter3,136,0.008438746811579294,0.008529450451068715,False
hpmcounter3,137,0.00847606585747479,0.008546526863503455,False
hpmcounter3,138,0.008500533686911971,0.008557464110586112,False
hpmcounter3,139,0.01414527937529192,0.015521273469868193,False
hpmcounter3,140,0.017219674111674528,0.01944459967848236,False
hpmcounter3,141,0.01836801833384539,0.02450632773152694,False
hpmcounter3,142,0.020520333938668416,0.03177536969033125,False
hpmcounter3,143,0.02459855616297102,0.031320824708863895,False
hpmcounter3,144,0.029044208014413674,0.03262761924820678,False
hpmcounter3,145,0.029812131701341192,0.03312753646151828,False
hpmcounter3,146,0.028556889905387135,0.027841607170928404,False
hpmcounter3,147,0.027645787365614894,0.02517455630684195,False
hpmcounter3,148,0.02604411457447451,0.02299150035433369,False
hpmcounter3,149,0.02335728778857938,0.02680520230333849,False
hpmcounter3,150,0.022026850400466556,0.030139968971947796,False
hpmcounter3,151,0.0174734103101113,0.023353876034429417,False
hpmcounter3,152,0.015636526250981084,0.017784388493597456,False
hpmcounter3,153,0.01140256321780873,0.013243062522259987,False
hpmcounter3,154,0.009917568049089933,0.016127239868092023,False
hpmcounter3,155,0.01165002948711181,0.015469724474236834,False
hpmcounter3,156,0.015078725101604499,0.015822045641766553,False
hpmcounter3,157,0.01729168377044401,0.01648502057308924,False
hpmcounter3,158,0.02057869424816637,0.02210836064142248,False
hpmcounter3,159,0.02213833492428683,0.025886768065191,False
hpmcounter3,160,0.02159616272870016,0.02825044932510823,False
hpmcounter3,161,0.020316944692265967,0.026437659085265217,False
hpmcounter3,162,0.01815861702223128,0.021171235274875258,False
hpmcounter3,163,0.015494534227660778,0.0204656686884283,False
hpmcounter3,164,0.013041998206844421,0.017491516510828618,False
hpmcounter3,165,0.013358415741209861,0.014526707984859688,False
hpmcounter3,166,0.013782376677146088,0.012218516086575553,False
hpmcounter3,167,0.013824716501351374,0.015487117838902142,False
hpmcounter3,168,0.014806007670768007,0.017406571973610816,False
hpmcounter3,169,0.014804477401214369,0.0174028543302906,False
hpmcounter3,170,0.00948913885496909,0.011470986180568238,False
hpmcounter3,171,0.00791491614279754,0.011174848789219996,False
hpmcounter3,172,0.010559421390348486,0.016480038683281076,False
hpmcounter3,173,0.014923673867777936,0.016768523899923688,False
hpmcounter3,174,0.020050198855370682,0.019346823322327865,False
hpmcounter3,175,0.022475802630059903,0.021317363233779238,False
hpmcounter3,176,0.020063085928080985,0.019746827383611835,False
hpmcounter3,177,0.015072588038277735,0.017534446346261483,False
hpmcounter3,178,0.008048241020783928,0.011936587575278025,False
hpmcounter3,179,0.002853003763899245,0.006044957785092125,False
hpmcounter3,180,4.255549321580995e-05,3.984535069627159e-05,False
hpmcounter3,181,4.416492563979866e-05,4.378665463788556e-05,False
hpmcounter3,182,3.7083761657036666e-05,3.654137990704417e-05,False
hpmcounter3,183,3.2311803360402124e-05,2.9939952542138766e-05,False
hpmcounter3,184,0.0028512835193624624,0.006041387816000617,False
hpmcounter3,185,0.005693950793131461,0.012070441478120548,False
hpmcounter3,186,0.00851332736248225,0.018062211700711685,False
hpmcounter3,187,0.011305324618745956,0.02401342670367651,False
hpmcounter3,188,0.014058685454424458,0.029905379238440794,False
hpmcounter3,189,0.01391962296477115,0.029725170280298217,False
hpmcounter3,190,0.011076919155347727,0.0237130335060611,False
hpmcounter3,191,0.010466683264182732,0.01733121128136349,False
hpmcounter3,192,0.010448074660121104,0.014492470201408435,False
hpmcounter3,193,0.010429156837710304,0.017377274121865238,False
hpmcounter3,194,0.011109153854357826,0.023574252176694947,False
hpmcounter3,195,0.011111897423415888,0.023580082674809537,False
hpmcounter3,196,0.008315234862152469,0.01766677876615461,False
hpmcounter3,197,0.005527169391442031,0.011761159727177676,False
hpmcounter3,198,0.002755252283034225,0.005873809922709632,False
hpmcounter3,199,0.0028741565168618768,0.00579537871681553,False
hpmcounter3,200,0.002877087057954822,0.005790817238832603,False
hpmcounter3,201,0.002877279867357875,0.005792785519107943,False
hpmcounter3,202,0.007464542618402086,0.0072502091613523105,False
hpmcounter3,203,0.009758200754841743,0.011373898666871421,False
hpmcounter3,204,0.007813380625113959,0.011804897602611013,False
hpmcounter3,205,0.007812411598022412,0.011802241712242005,False
hpmcounter3,206,0.007812906909726544,0.01180150648557404,False
hpmcounter3,207,0.00554212770063627,0.011752789452728464,False
hpmcounter3,208,0.0055094841983793184,0.01170947175264463,False
hpmcounter3,209,0.005509077045988531,0.011708569129326999,False
hpmcounter3,210,0.005512162708369546,0.011715105526110901,False
hpmcounter3,211,0.005514781746676627,0.011720697391325516,False
hpmcounter3,212,0.002718755536283241,0.0057876433654387004,False
hpmcounter3,213,3.3137893118902197e-05,2.667954645929572e-05,False
hpmcounter3,214,3.225470456602319e-05,2.5515108676074103e-05,False
hpmcounter3,215,3.2510392458714316e-05,2.6336814679690296e-05,False
hpmcounter3,216,3.2468926528895356e-05,2.3968319678370176e-05,False
hpmcounter3,217,3.832187556185515e-05,2.3713750184007062e-05,False
hpmcounter3,218,4.4117119719021966e-05,2.8464486984925188e-05,False
hpmcounter3,219,4.412766404135044e-05,3.182699514342189e-05,False
hpmcounter3,220,4.708218372796585e-05,3.2457275023392045e-05,False
hpmcounter3,221,4.656933912190811e-05,3.6483216306490693e-05,False
hpmcounter3,222,5.301072713043697e-05,3.527704293420826e-05,False
hpmcounter3,223,0.0028037007943614947,0.005948221329368394,False
hpmcounter3,224,0.005274103695010733,0.007246792572283116,False
hpmcounter3,225,0.00787225204289163,0.011825796180327804,False
hpmcounter3,226,0.010435477920068104,0.017224658984676292,False
hpmcounter3,227,0.012958239721571094,0.022833930992712772,False
hpmcounter3,228,0.013628782375248106,0.029117569354200522,False
hpmcounter3,229,0.013445084280157454,0.028873322521047455,False
hpmcounter3,230,0.0133396717468494,0.028563608026809198,False
hpmcounter3,231,0.013237187823847607,0.02818968889063914,False
hpmcounter3,232,0.013091654275942385,0.02767158495031889,False
hpmcounter3,233,0.010445392139513855,0.021943155688575834,False
hpmcounter3,234,0.00783942521619304,0.01628043556206005,False
hpmcounter3,235,0.005236127032684539,0.010696338736481029,False
hpmcounter3,236,0.0026028973742316247,0.0052359206578655795,False
hpmcounter3,237,3.8348810792163124e-05,2.1172867102175397e-05,False
hpmcounter3,238,3.328015137417789e-05,2.0711474898330593e-05,False
hpmcounter3,239,3.1122156522120356e-05,2.0639533276685553e-05,False
hpmcounter3,240,2.9049029265919985e-05,2.1666512058268334e-05,False
hpmcounter3,241,3.4626693508676284e-05,2.2914321025290472e-05,False
hpmcounter3,242,2.5723539762677328e-05,2.152463824916138e-05,False
hpmcounter3,243,0.003010359591940963,0.0051170323091912235,False
hpmcounter3,244,0.00599579740226683,0.010348123731919153,False
hpmcounter3,245,0.010635860433113223,0.015051743916584712,False
hpmcounter3,246,0.015947491380918853,0.02066867880732641,False
hpmcounter3,247,0.021306136525302968,0.026922508218533366,False
hpmcounter3,248,0.021235129945839586,0.026147058118302327,False
hpmcounter3,249,0.01857005629111478,0.02375077716059717,False
hpmcounter3,250,0.013286033646141716,0.01763055938913229,False
hpmcounter3,251,0.007991829212423463,0.011444167996981109,False
hpmcounter3,252,0.002850937678409088,0.005888577580403649,False
hpmcounter3,253,0.0028095896092762964,0.005961463646342182,False
hpmcounter3,254,0.005546325039959299,0.011781618086055904,False
hpmcounter3,255,0.008306796152344956,0.01767139242672509,False
hpmcounter3,256,0.0110327670877059,0.023511935519294064,False
hpmcounter3,257,0.011032238196679988,0.023510751906038727,False
hpmcounter3,258,0.008221207048311871,0.017557432026302812,False
hpmcounter3,259,0.007970378024992852,0.011864140765665172,False
hpmcounter3,260,0.007934169426477428,0.011789133863301242,False
hpmcounter3,261,0.01048875409190405,0.014351396465463026,False
hpmcounter3,262,0.01049176649460921,0.014355496569732973,False
hpmcounter3,263,0.012215234732965244,0.01361459031582116,False
hpmcounter3,264,0.014421510932285766,0.014910075149508394,False
hpmcounter3,265,0.014586767287410604,0.017794985224544386,False
hpmcounter3,266,0.014899105770053656,0.017738652140658107,False
hpmcounter3,267,0.020985206080408124,0.021990691177511158,False
hpmcounter3,268,0.025621568822634076,0.027975635232385835,False
hpmcounter3,269,0.027174096149048733,0.027708093937626504,False
hpmcounter3,270,0.029811711521581734,0.031287375115451835,False
hpmcounter3,271,0.03034653691427124,0.03402497489135637,False
hpmcounter3,272,0.02601204109027269,0.03177392718591081,False
hpmcounter3,273,0.022861803732874844,0.030229338519462808,False
hpmcounter3,274,0.017897118244933615,0.023427956343255046,False
hpmcounter3,275,0.0143387834991796,0.016386291714674144,False
hpmcounter3,276,0.010300702887436878,0.01461099579351976,False
hpmcounter3,277,0.010539729787906954,0.016528730420066796,False
hpmcounter3,278,0.013376687653134847,0.021444987674605957,False
hpmcounter3,279,0.018223200827006424,0.0268078234568067,False
hpmcounter3,280,0.01752095419280677,0.024078798719212056,False
hpmcounter3,281,0.014718075713410736,0.020544481581136288,False
hpmcounter3,282,0.01198284232765103,0.018126535291177824,False
hpmcounter3,283,0.007088689878147122,0.011488871272984383,False
hpmcounter3,284,0.002677186654901035,0.005701587410377185,False
hpmcounter3,285,0.002652355202957042,0.005672024810674686,False
hpmcounter3,286,0.0026535444160500216,0.005674532103107333,False
hpmcounter3,287,0.00265385517590882,0.005675208653147472,False
hpmcounter3,288,0.002654845547395247,0.005677318606017574,False
hpmcounter3,289,0.0026556300501752554,0.005678963752579904,False
hpmcounter3,290,3.706513983054993e-05,2.5731033861783787e-05,False
hpmcounter3,291,3.559694745236749e-05,2.4073377564779444e-05,False
hpmcounter3,292,0.0026570127269646302,0.005565740307145276,False
hpmcounter3,293,0.005291455126226909,0.010900499761522199,False
hpmcounter3,294,0.010155323792177316,0.01627176258026732,False
hpmcounter3,295,0.012623292401658031,0.02140097511969575,False
hpmcounter3,296,0.01510901628254136,0.026475720708473836,False
hpmcounter3,297,0.015058130284725973,0.025938693268270866,False
hpmcounter3,298,0.014604123951497721,0.020296935433306386,False
hpmcounter4,5,0.15285305132557594,0.13233110268310772,False
hpmcounter4,6,0.15212776585113297,0.13320796110689342,False
hpmcounter4,7,0.07641904806731659,0.1164260915868624,False
hpmcounter4,8,0.08771507091342147,0.12998895807524985,False
hpmcounter4,9,0.06167734699869489,0.10667263612875626,False
hpmcounter4,10,0.04948345866771332,0.08495537826819946,False
hpmcounter4,11,0.047966312656690165,0.0798180657910194,False
hpmcounter4,12,0.04034848365910258,0.06938803686011923,False
hpmcounter4,13,0.035686891935420725,0.06636847232332685,False
hpmcounter4,14,0.036305883372352035,0.06874361461040962,False
hpmcounter4,15,0.04662396994166941,0.0790034532606798,False
hpmcounter4,16,0.03718912311191165,0.06753795264170241,False
hpmcounter4,17,0.029991068814582994,0.05951255806287174,False
hpmcounter4,18,0.027412525408791376,0.05372149671884753,False
hpmcounter4,19,0.03155342850610354,0.05318543478253631,False
hpmcounter4,20,0.03456524312358976,0.051654810659986755,False
hpmcounter4,21,0.032233433271235706,0.0487238963674614,False
hpmcounter4,22,0.030000486472645905,0.04584757181113555,False
hpmcounter4,23,0.030464635190823965,0.03849464938377789,False
hpmcounter4,24,0.02187770166103875,0.029741934234442213,False
hpmcounter4,25,0.014871658153438789,0.024516637077716483,False
hpmcounter4,26,0.011934393596144385,0.021110674885352714,False
hpmcounter4,27,0.009743047943321186,0.020641238136796723,False
hpmcounter4,28,0.009249375644148572,0.012657409033679408,False
hpmcounter4,29,0.013876137719372067,0.020731746715771895,False
hpmcounter4,30,0.018297382751844844,0.03015064145847084,False
hpmcounter4,31,0.03015373724571303,0.03943717059679309,False
hpmcounter4,32,0.03856432461066432,0.048296997488872465,False
hpmcounter4,33,0.044440437969893,0.04243755495036897,False
hpmcounter4,34,0.043862182510053804,0.04189785076292877,False
hpmcounter4,35,0.04299124461786468,0.038483144261604305,False
hpmcounter4,36,0.037844094516609986,0.039338840626006566,False
hpmcounter4,37,0.03586964772480018,0.047719331449102675,False
hpmcounter4,38,0.02458078578117212,0.03783505358469378,False
hpmcounter4,39,0.020310428215524527,0.029781543240205956,False
hpmcounter4,40,0.01592591566875212,0.023082856937887017,False
hpmcounter4,41,0.011789520780173082,0.019012588639430856,False
hpmcounter4,42,0.015203412676654097,0.027260773496047323,False
hpmcounter4,43,0.015203412676654158,0.027260773496047292,False
hpmcounter4,44,0.015203412676654237,0.027260773496047292,False
hpmcounter4,45,0.01466706622669573,0.027014392623123527,False
hpmcounter4,46,0.015408530764826312,0.025997305692859952,False
hpmcounter4,47,0.017953912215351565,0.02752729883796875,False
hpmcounter4,48,0.02115845589676943,0.03154944064403853,False
hpmcounter4,49,0.024177450203417723,0.03699365292623814,False
hpmcounter4,50,0.020353284819975104,0.03390542671866419,False
hpmcounter4,51,0.016123588801051515,0.02604894617507076,False
hpmcounter4,52,0.012368075577615201,0.019388957939160168,False
hpmcounter4,53,0.012320626839908312,0.02295631331668383,False
hpmcounter4,54,0.01092657082444211,0.02356034390692212,False
hpmcounter4,55,0.01431526888116271,0.023464825316896917,False
hpmcounter4,56,0.01869424367768977,0.017949026158803824,False
hpmcounter4,57,0.02501050624421273,0.02435164659983351,False
hpmcounter4,58,0.030716168571470293,0.03351494281578746,False
hpmcounter4,59,0.03625923197581686,0.03983135102597473,False
hpmcounter4,60,0.03901122585743178,0.0409130968464395,False
hpmcounter4,61,0.03797185655423319,0.03932679362310997,False
hpmcounter4,62,0.03909656602847405,0.03658871085275299,False
hpmcounter4,63,0.03985432142582052,0.03698450140852911,False
hpmcounter4,64,0.03600712106824175,0.033221666738967,False
hpmcounter4,65,0.032426695981589704,0.0283617076078658,False
hpmcounter4,66,0.023372419418584638,0.020644447978284346,False
hpmcounter4,67,0.01661192237210549,0.014050440771736245,False
hpmcounter4,68,0.011292129827100154,0.013496332398103593,False
hpmcounter4,69,0.012085449334344972,0.01991400826681468,False
hpmcounter4,70,0.012785209264005762,0.026595220811472982,False
hpmcounter4,71,0.012785209264005809,0.02659522081147297,False
hpmcounter4,72,0.012644480666098357,0.026945722178771024,False
hpmcounter4,73,0.011595759379229844,0.019820227144015084,False
hpmcounter4,74,0.01045717860746465,0.015787860568391054,False
hpmcounter4,75,0.00854711384737418,0.011240864615722714,False
hpmcounter4,76,0.010506425249327352,0.012126586140153292,False
hpmcounter4,77,0.01340198665901246,0.015416769556172832,False
hpmcounter4,78,0.016018311194891603,0.017963053444597928,False
hpmcounter4,79,0.016468385880196945,0.02473724781490612,False
hpmcounter4,80,0.01646838588019698,0.02473724781490615,False
hpmcounter4,81,0.016532642222752893,0.019886230951625658,False
hpmcounter4,82,0.014739170791229873,0.021012345086669257,False
hpmcounter4,83,0.011900206431002437,0.019710973672395764,False
hpmcounter4,84,0.009515596093821112,0.02020620789450848,False
hpmcounter4,85,0.009515596093821153,0.020206207894508457,False
hpmcounter4,86,0.009056481137216708,0.013536496111444415,False
hpmcounter4,87,0.00906695969145096,0.013545253187181392,False
hpmcounter4,88,0.006378302477183536,0.01351863265871383,False
hpmcounter4,89,0.006378302477183529,0.013518632658713836,False
hpmcounter4,90,0.006378302477183533,0.013518632658713827,False
hpmcounter4,91,0.0031840870358181817,0.006754394766323135,False
hpmcounter4,92,0.0,1e-06,True
hpmcounter4,93,0.0,1e-06,True
hpmcounter4,94,0.0,1e-06,True
hpmcounter4,95,0.0,1e-06,True
hpmcounter4,96,0.0,1e-06,True
hpmcounter4,97,0.0,1e-06,True
hpmcounter4,98,0.0,1e-06,True
hpmcounter4,99,0.0,1e-06,True
hpmcounter4,100,0.0,1e-06,True
hpmcounter4,101,0.0,1e-06,True
hpmcounter4,102,0.0,1e-06,True
hpmcounter4,103,0.0030974960597402908,0.006667558774746653,False
hpmcounter4,104,0.00613549254101275,0.013256476942808496,False
hpmcounter4,105,0.006135492541012802,0.013256476942808477,False
hpmcounter4,106,0.006135492541012727,0.013256476942808517,False
hpmcounter4,107,0.0061354925410127825,0.013256476942808444,False
hpmcounter4,108,0.00303799648127247,0.006591496989706269,False
hpmcounter4,109,0.0,1e-06,True
hpmcounter4,110,0.0,1e-06,True
hpmcounter4,111,0.0,1e-06,True
hpmcounter4,112,0.0,1e-06,True
hpmcounter4,113,0.0,1e-06,True
hpmcounter4,114,0.0,1e-06,True
hpmcounter4,115,0.0,1e-06,True
hpmcounter4,116,0.0033922138093795988,0.006355695627855019,False
hpmcounter4,117,0.009228574120775454,0.012479393389152422,False
hpmcounter4,118,0.011110898307679574,0.012183535388901453,False
hpmcounter4,119,0.01323005170452254,0.012098130208966721,False
hpmcounter4,120,0.01323005170452253,0.012098130208966655,False
hpmcounter4,121,0.010683152689715276,0.008244661859760078,False
hpmcounter4,122,0.005698188526760203,0.008181656684403672,False
hpmcounter4,123,0.005878243725849583,0.008270795720705548,False
hpmcounter4,124,0.00547054091190245,0.008016595476889784,False
hpmcounter4,125,0.005470540911902447,0.008016595476889769,False
hpmcounter4,126,0.005470540911902475,0.00801659547688981,False
hpmcounter4,127,0.007385305860861437,0.00845326503667394,False
hpmcounter4,128,0.005342314679574539,0.006643373518445615,False
hpmcounter4,129,0.0030273447500235697,0.006541852443556738,False
hpmcounter4,130,0.003027344750023568,0.006541852443556772,False
hpmcounter4,131,0.003027344750023446,0.006541852443556732,False
hpmcounter4,132,0.003135294807973682,0.006547206524809113,False
hpmcounter4,133,0.005826008686315975,0.008074281597532089,False
hpmcounter4,134,0.005826008686316042,0.008074281597532072,False
hpmcounter4,135,0.005826008686316006,0.00807428159753206,False
hpmcounter4,136,0.008340594891988073,0.008432167091501458,False
hpmcounter4,137,0.008393734728571637,0.008465063619035505,False
hpmcounter4,138,0.00841872962540194,0.008475769451613985,False
hpmcounter4,139,0.0140232607241647,0.015385477935455185,False
hpmcounter4,140,0.017085847542469123,0.019280212629202327,False
hpmcounter4,141,0.018237404389674517,0.024308133843895283,False
hpmcounter4,142,0.02031655190402472,0.03156766446371046,False
hpmcounter4,143,0.024366010715392655,0.03114104828091577,False
hpmcounter4,144,0.02879130260558079,0.03243866169913712,False
hpmcounter4,145,0.02961122409893719,0.03299723487666318,False
hpmcounter4,146,0.028368612179575935,0.027718421123111302,False
hpmcounter4,147,0.027481258437899437,0.025005867707600944,False
hpmcounter4,148,0.025900876469079504,0.022797933613380714,False
hpmcounter4,149,0.023165893677076485,0.02661411315083799,False
hpmcounter4,150,0.021856785477843386,0.02990264496918693,False
hpmcounter4,151,0.01734838264751338,0.02318774045305517,False
hpmcounter4,152,0.015521885534610683,0.017650109877558304,False
hpmcounter4,153,0.01133027053931188,0.013148436543844481,False
hpmcounter4,154,0.009856298008208782,0.016012574189480912,False
hpmcounter4,155,0.011555353111801654,0.015360259533246184,False
hpmcounter4,156,0.014949699141251962,0.01570949328826341,False
hpmcounter4,157,0.01715564263558742,0.016352535100897323,False
hpmcounter4,158,0.020399746159157028,0.02194916530011224,False
hpmcounter4,159,0.021950801307954234,0.025696293102895368,False
hpmcounter4,160,0.02142833551495382,0.02802980038593107,False
hpmcounter4,161,0.020151908190616855,0.02626396287114033,False
hpmcounter4,162,0.01800662494639118,0.021028322608590704,False
hpmcounter4,163,0.015390202774073717,0.020314495822808493,False
hpmcounter4,164,0.012954105907799473,0.017360014515263377,False
hpmcounter4,165,0.013253247570652235,0.014414842303510226,False
hpmcounter4,166,0.013693412962387286,0.012137521272812944,False
hpmcounter4,167,0.013732958959563507,0.01537528010335928,False
hpmcounter4,168,0.014705308557459612,0.01728113246456987,False
hpmcounter4,169,0.014705308557459648,0.01728113246456992,False
hpmcounter4,170,0.009432691302608799,0.011395196053594188,False
hpmcounter4,171,0.00786618809490878,0.011095675791526736,False
hpmcounter4,172,0.01048682902625708,0.01635708290525044,False
hpmcounter4,173,0.014814908720963976,0.016641788229313063,False
hpmcounter4,174,0.019899140309406343,0.01918633838454775,False
hpmcounter4,175,0.022307310224709703,0.02112813266190927,False
hpmcounter4,176,0.0199103545659219,0.019567205261324598,False
hpmcounter4,177,0.014955924501174268,0.01736575125143133,False
hpmcounter4,178,0.007991592093004696,0.01182535035553,False
hpmcounter4,179,0.0028291242033858122,0.005994351261446008,False
hpmcounter4,180,0.0,1e-06,True
hpmcounter4,181,0.0,1e-06,True
hpmcounter4,182,0.0,1e-06,True
hpmcounter4,183,0.0,1e-06,True
hpmcounter4,184,0.0028295948939175077,0.005994938155205235,False
hpmcounter4,185,0.005650737273648715,0.011977386030883466,False
hpmcounter4,186,0.008454636566122348,0.01793442407899605,False
hpmcounter4,187,0.011232770047301778,0.023853450918352708,False
hpmcounter4,188,0.013977008455631174,0.02972233414090795,False
hpmcounter4,189,0.013850132938788267,0.0295630287524074,False
hpmcounter4,190,0.011028990559057174,0.023597424570077092,False
hpmcounter4,191,0.010425112363810416,0.017252836581919104,False
hpmcounter4,192,0.010401655082305077,0.014418027913695121,False
hpmcounter4,193,0.010380617933453403,0.017278195491562304,False
hpmcounter4,194,0.01105171010845729,0.023450488813170058,False
hpmcounter4,195,0.011051710108457308,0.023450488813170068,False
hpmcounter4,196,0.008272440706894233,0.017573846982049886,False
hpmcounter4,197,0.005498513701476431,0.011698354358707889,False
hpmcounter4,198,0.002738308981870692,0.0058363533485553745,False
hpmcounter4,199,0.0028525931792313663,0.005750807404252053,False
hpmcounter4,200,0.002852593179231333,0.005750807404252032,False
hpmcounter4,201,0.0028525931792313707,0.005750807404252053,False
hpmcounter4,202,0.007403171072951511,0.0071963600886021505,False
hpmcounter4,203,0.009719947974124789,0.01138976662139153,False
hpmcounter4,204,0.007803743797547079,0.011819488340863927,False
hpmcounter4,205,0.007803743797547039,0.011819488340863934,False
hpmcounter4,206,0.007803743797547077,0.011819488340863915,False
hpmcounter4,207,0.005566628371811781,0.011805129358071504,False
hpmcounter4,208,0.005535783895206035,0.01176656927576559,False
hpmcounter4,209,0.005535783895206031,0.011766569275765578,False
hpmcounter4,210,0.005535783895206063,0.011766569275765576,False
hpmcounter4,211,0.005535783895206077,0.011766569275765564,False
hpmcounter4,212,0.0027580905274079623,0.005871929529493804,False
hpmcounter4,213,0.0,1e-06,True
hpmcounter4,214,0.0,1e-06,True
hpmcounter4,215,0.0,1e-06,True
hpmcounter4,216,0.0,1e-06,True
hpmcounter4,217,0.0,1e-06,True
hpmcounter4,218,0.0,1e-06,True
hpmcounter4,219,0.0,1e-06,True
hpmcounter4,220,0.0,1e-06,True
hpmcounter4,221,0.0,1e-06,True
hpmcounter4,222,0.0,1e-06,True
hpmcounter4,223,0.0027659130918123455,0.0058699906464187955,False
hpmcounter4,224,0.005220068099302727,0.007174783742312627,False
hpmcounter4,225,0.007802685559724522,0.011733649546581789,False
hpmcounter4,226,0.01035467094297547,0.01711026028503098,False
hpmcounter4,227,0.01286903646530681,0.022693976869564658,False
hpmcounter4,228,0.013551585158351361,0.02894347440246505,False
hpmcounter4,229,0.013386489596559813,0.028734874781238356,False
hpmcounter4,230,0.01326986254570944,0.028439202686544804,False
hpmcounter4,231,0.01317082732434841,0.028075428676354736,False
hpmcounter4,232,0.013073167615799172,0.027655687627972856,False
hpmcounter4,233,0.010441825107872268,0.02195344568860805,False
hpmcounter4,234,0.007836922422621333,0.016315089137765314,False
hpmcounter4,235,0.005252876440212566,0.010756188557716258,False
hpmcounter4,236,0.0026375046661301525,0.00531553324838034,False
hpmcounter4,237,0.0,1e-06,True
hpmcounter4,238,0.0,1e-06,True
hpmcounter4,239,0.0,1e-06,True
hpmcounter4,240,0.0,1e-06,True
hpmcounter4,241,0.0,1e-06,True
hpmcounter4,242,0.0,1e-06,True
hpmcounter4,243,0.0029850537876146125,0.0050682737941580265,False
hpmcounter4,244,0.005957554483407315,0.010271566444193162,False
hpmcounter4,245,0.010572967755813987,0.014948561547010134,False
hpmcounter4,246,0.015839013749644006,0.020559874305240863,False
hpmcounter4,247,0.021172560481907982,0.026784988810466804,False
hpmcounter4,248,0.021116222055501427,0.026033360848935535,False
hpmcounter4,249,0.018468066837302483,0.023642065899659212,False
hpmcounter4,250,0.013219054040026806,0.01755464749055715,False
hpmcounter4,251,0.007954292128646137,0.011390170710238939,False
hpmcounter4,252,0.0028380739474385703,0.005861107635667566,False
hpmcounter4,253,0.002791089442482772,0.005924316497376675,False
hpmcounter4,254,0.005562747894085571,0.011822441966296863,False
hpmcounter4,255,0.008306783561338894,0.017682178362383033,False
hpmcounter4,256,0.011015416266898743,0.023491799157645526,False
hpmcounter4,257,0.011015416266898764,0.023491799157645554,False
hpmcounter4,258,0.008224326824415951,0.017578490142120026,False
hpmcounter4,259,0.007929138946172037,0.011807363533953332,False
hpmcounter4,260,0.00788695581275933,0.011727445199748821,False
hpmcounter4,261,0.010467209067046132,0.014323039115944226,False
hpmcounter4,262,0.010467209067046146,0.0143230391159442,False
hpmcounter4,263,0.012150364767260429,0.0135846220321267,False
hpmcounter4,264,0.014372075461011413,0.014888307940698316,False
hpmcounter4,265,0.014542960998223034,0.01770457271135585,False
hpmcounter4,266,0.014823264390445848,0.017652160202456062,False
hpmcounter4,267,0.02086796197413366,0.02186452229688812,False
hpmcounter4,268,0.025481456808573222,0.02776500812312112,False
hpmcounter4,269,0.026982256659230965,0.027496363118467888,False
hpmcounter4,270,0.029615090149202446,0.0310468933086514,False
hpmcounter4,271,0.0301527545136692,0.033774682416471476,False
hpmcounter4,272,0.025831394235323952,0.03157967924246588,False
hpmcounter4,273,0.022702807937925146,0.030046024921517308,False
hpmcounter4,274,0.017767102787578884,0.023279775638678547,False
hpmcounter4,275,0.014241109227731492,0.016277676748088908,False
hpmcounter4,276,0.010247769687431092,0.014519079739937378,False
hpmcounter4,277,0.010453820093660828,0.016466319070945843,False
hpmcounter4,278,0.013255910096047851,0.021359724223982593,False
hpmcounter4,279,0.018069779006170746,0.026707748904326457,False
hpmcounter4,280,0.0174002818454366,0.02397685188979771,False
hpmcounter4,281,0.014622201626541053,0.020443599808985854,False
hpmcounter4,282,0.011912619062426277,0.01801655265838954,False
hpmcounter4,283,0.007053699181919689,0.01143868732441248,False
hpmcounter4,284,0.0026719499968378088,0.005690978423341789,False
hpmcounter4,285,0.002645158056906626,0.005657261670494562,False
hpmcounter4,286,0.002645158056906654,0.0056572616704945585,False
hpmcounter4,287,0.002645158056906607,0.005657261670494515,False
hpmcounter4,288,0.0026451580569066364,0.005657261670494564,False
hpmcounter4,289,0.0026451580569066503,0.005657261670494554,False
hpmcounter4,290,0.0,1e-06,True
hpmcounter4,291,0.0,1e-06,True
hpmcounter4,292,0.0026400206606327714,0.005508096792160859,False
hpmcounter4,293,0.005310874666979597,0.010902158137946566,False
hpmcounter4,294,0.010112180929260806,0.01623774083636439,False
hpmcounter4,295,0.01256243961699198,0.021333987761707293,False
hpmcounter4,296,0.015047593984946626,0.026368046435620813,False
hpmcounter4,297,0.015024783807460054,0.025838147117825155,False
hpmcounter4,298,0.014499686886958279,0.020156296806557537,False
hpmcounter5,5,0.2550143662735091,0.22491148142675332,False
hpmcounter5,6,0.25343846742158105,0.16332064758845352,False
hpmcounter5,7,0.10688579797096627,0.1197465555758137,False
hpmcounter5,8,0.1043822553771733,0.14621083492245307,False
hpmcounter5,9,0.07848994491234045,0.11879516393108891,False
hpmcounter5,10,0.06323822003632454,0.08944811367701215,False
hpmcounter5,11,0.05712189515180521,0.08648056633560822,False
hpmcounter5,12,0.04497139249922102,0.06992406006529155,False
hpmcounter5,13,0.0427564436113221,0.0705738082972425,False
hpmcounter5,14,0.04368309614060718,0.07278072251574587,False
hpmcounter5,15,0.05259161136765909,0.08184059613664608,False
hpmcounter5,16,0.0399978252937993,0.06444062504764522,False
hpmcounter5,17,0.033402652549688355,0.05933940567255151,False
hpmcounter5,18,0.03276171979445362,0.0565191195561405,False
hpmcounter5,19,0.03720791788890375,0.05916678390823264,False
hpmcounter5,20,0.03971079047288603,0.06117068154461505,False
hpmcounter5,21,0.038486162230070065,0.0569342327012234,False
hpmcounter5,22,0.0365612720341534,0.05163376154213579,False
hpmcounter5,23,0.03343579817476909,0.04321842796235702,False
hpmcounter5,24,0.022973716936615228,0.029913930078206596,False
hpmcounter5,25,0.01584271768180568,0.023679169011224004,False
hpmcounter5,26,0.013587932154769073,0.020804405962792698,False
hpmcounter5,27,0.013404084167045974,0.02047453280731679,False
hpmcounter5,28,0.013620838179460516,0.01364627604310451,False
hpmcounter5,29,0.017888460609919034,0.024173412659047787,False
hpmcounter5,30,0.02007535952469109,0.03360426394056906,False
hpmcounter5,31,0.03014161476629587,0.041469209375756245,False
hpmcounter5,32,0.03862563921397784,0.049028845283177025,False
hpmcounter5,33,0.04544689872885217,0.0438431473004004,False
hpmcounter5,34,0.04394760630529436,0.04323458795651838,False
hpmcounter5,35,0.044524458618651744,0.04244896551603394,False
hpmcounter5,36,0.04143275174514759,0.043445975820504454,False
hpmcounter5,37,0.03942480633967986,0.04944556864399415,False
hpmcounter5,38,0.025848861737295815,0.03805160555945699,False
hpmcounter5,39,0.022711194014286035,0.029020081916576797,False
hpmcounter5,40,0.018107261591415395,0.02467413401184539,False
hpmcounter5,41,0.013986242356797168,0.021502622486345976,False
hpmcounter5,42,0.017362093692754658,0.03069275566577414,False
hpmcounter5,43,0.016304026693397318,0.029180355426502057,False
hpmcounter5,44,0.017328413993033597,0.029860716924715043,False
hpmcounter5,45,0.016357070686056498,0.027471089085171894,False
hpmcounter5,46,0.0181903763244661,0.025749397851629708,False
hpmcounter5,47,0.02085670201721817,0.028573801365471333,False
hpmcounter5,48,0.023205407583324043,0.03368206634173644,False
hpmcounter5,49,0.02635258595341624,0.039322872503922135,False
hpmcounter5,50,0.023904449719623123,0.036234673609684596,False
hpmcounter5,51,0.02018628123447381,0.02737433586678747,False
hpmcounter5,52,0.015608941475633242,0.02043130911616381,False
hpmcounter5,53,0.014783873685007809,0.022091418281378877,False
hpmcounter5,54,0.01376523732916467,0.022613605116359275,False
hpmcounter5,55,0.016535038981157303,0.023745408677046696,False
hpmcounter5,56,0.02064647732956441,0.01790993283646785,False
hpmcounter5,57,0.026295174479198734,0.026010645767279194,False
hpmcounter5,58,0.03151792123746339,0.03480456745869273,False
hpmcounter5,59,0.03857312016045995,0.04162716340306657,False
hpmcounter5,60,0.04249197180606763,0.04461630175666913,False
hpmcounter5,61,0.04164650355032228,0.04039525197690264,False
hpmcounter5,62,0.04453981438027347,0.04010842246321323,False
hpmcounter5,63,0.045717472665736975,0.041676968642076505,False
hpmcounter5,64,0.04106148406710579,0.03755495812807418,False
hpmcounter5,65,0.037703096648696637,0.03195463224237594,False
hpmcounter5,66,0.02877906654495476,0.023618206370343016,False
hpmcounter5,67,0.020199993809100404,0.016237159176723807,False
hpmcounter5,68,0.013956427069590438,0.015452713937295845,False
hpmcounter5,69,0.01371285948508007,0.020727321758250365,False
hpmcounter5,70,0.0147061201526183,0.028356931285065435,False
hpmcounter5,71,0.015907837689152445,0.028934932532519875,False
hpmcounter5,72,0.0150013344145359,0.028319732027105006,False
hpmcounter5,73,0.013301263904871949,0.021457931364561214,False
hpmcounter5,74,0.011782414902931592,0.01582213422410571,False
hpmcounter5,75,0.009281022882109535,0.011248319951540998,False
hpmcounter5,76,0.010864663123157219,0.012099723630662817,False
hpmcounter5,77,0.014365769047105556,0.015870255138048725,False
hpmcounter5,78,0.016336088433054247,0.018980155761621806,False
hpmcounter5,79,0.017689200728818227,0.02634910199556447,False
hpmcounter5,80,0.018453307723810614,0.026252083915585006,False
hpmcounter5,81,0.018726176876908453,0.022184353004277353,False
hpmcounter5,82,0.016540641171789796,0.02326669607873906,False
hpmcounter5,83,0.014148324917952029,0.02067806023022846,False
hpmcounter5,84,0.01106892845186724,0.020088289226387192,False
hpmcounter5,85,0.012834022767632899,0.01909606484283666,False
hpmcounter5,86,0.012710393007527711,0.013907806757554247,False
hpmcounter5,87,0.012524558666160207,0.015267002676532188,False
hpmcounter5,88,0.010055914917312099,0.013993759824401887,False
hpmcounter5,89,0.010610523787125351,0.014962829543187521,False
hpmcounter5,90,0.009109700024014086,0.015206892632614894,False
hpmcounter5,91,0.007748037758366896,0.008897017615006683,False
hpmcounter5,92,0.005209496683504736,0.0042533573984898975,False
hpmcounter5,93,0.005478463217573243,0.003678481764506213,False
hpmcounter5,94,0.0046919328459881565,0.0036609442743848124,False
hpmcounter5,95,0.004184120339680622,0.0034537761478211477,False
hpmcounter5,96,0.00477540018385009,0.004641344869293378,False
hpmcounter5,97,0.00405344783512265,0.003179237587474497,False
hpmcounter5,98,0.003124881789235476,0.0024628696202454274,False
hpmcounter5,99,0.0033094885521684292,0.0028462245391295544,False
hpmcounter5,100,0.003191875372129294,0.0032351448488914802,False
hpmcounter5,101,0.004052560066289915,0.0031698064295471702,False
hpmcounter5,102,0.005518356579934257,0.003937017776578071,False
hpmcounter5,103,0.005346724499997318,0.005670667727090076,False
hpmcounter5,104,0.008059215181068233,0.01246862853477865,False
hpmcounter5,105,0.007932402367898309,0.012553413057444543,False
hpmcounter5,106,0.007508219808279817,0.012973636760044736,False
hpmcounter5,107,0.009102177332589927,0.01433957585516204,False
hpmcounter5,108,0.006773841238225271,0.009131170544864495,False
hpmcounter5,109,0.004814501131417749,0.003580281493159961,False
hpmcounter5,110,0.005657381078426929,0.00447499793227508,False
hpmcounter5,111,0.006718367707803244,0.00432636073336809,False
hpmcounter5,112,0.005100381252540842,0.0025705669016562256,False
hpmcounter5,113,0.005088606461239568,0.0030493200390440955,False
hpmcounter5,114,0.0043419829225857754,0.002982106556964383,False
hpmcounter5,115,0.004544248204813172,0.0023721286161572062,False
hpmcounter5,116,0.00668525636343322,0.007101975920423282,False
hpmcounter5,117,0.012081026267469808,0.014176958539122368,False
hpmcounter5,118,0.014286645096225648,0.013146184725020535,False
hpmcounter5,119,0.016933289563355887,0.014320178433741407,False
hpmcounter5,120,0.015687037289243776,0.015343197377098876,False
hpmcounter5,121,0.0138125292502377,0.010304448893122334,False
hpmcounter5,122,0.0104682285101703,0.007955805904492096,False
hpmcounter5,123,0.010432249542067317,0.01051359827672701,False
hpmcounter5,124,0.009294816718179418,0.010437938257032865,False
hpmcounter5,125,0.008426017819962934,0.00978888293798866,False
hpmcounter5,126,0.00874119700710347,0.009580899598424225,False
hpmcounter5,127,0.0099133786483424,0.00808733515839045,False
hpmcounter5,128,0.008514466824609433,0.005920674801890825,False
hpmcounter5,129,0.005953472906440599,0.00665747982434593,False
hpmcounter5,130,0.006474139074063695,0.005579117239621121,False
hpmcounter5,131,0.005448033095244701,0.005662815791489178,False
hpmcounter5,132,0.0069544250408368645,0.007704639510160659,False
hpmcounter5,133,0.009205482316319638,0.009867042275929844,False
hpmcounter5,134,0.009117222237858692,0.009564746473198982,False
hpmcounter5,135,0.009521993595399906,0.011621644105929826,False
hpmcounter5,136,0.011309227508688388,0.012076228893420285,False
hpmcounter5,137,0.011387200257039928,0.011495980368628677,False
hpmcounter5,138,0.01072479069156368,0.010612162511016465,False
hpmcounter5,139,0.015188470238474944,0.016881947959042482,False
hpmcounter5,140,0.01789490557015925,0.020211492828125864,False
hpmcounter5,141,0.01818186168448557,0.023708294533734568,False
hpmcounter5,142,0.023126199764880423,0.029695069012474443,False
hpmcounter5,143,0.02782083947631956,0.030636208912376534,False
hpmcounter5,144,0.0322395294881455,0.03259206877490718,False
hpmcounter5,145,0.03263921175928566,0.0330174072801075,False
hpmcounter5,146,0.031242077494100674,0.028678736392219028,False
hpmcounter5,147,0.030755693984612698,0.025452008817012716,False
hpmcounter5,148,0.029577056953633774,0.02459463545136554,False
hpmcounter5,149,0.026419459079632,0.02907625665956141,False
hpmcounter5,150,0.02453573403528502,0.03264814692105288,False
hpmcounter5,151,0.018949347609972043,0.02593216853192387,False
hpmcounter5,152,0.016685158507909588,0.01905795199637723,False
hpmcounter5,153,0.012554378885668623,0.013115486778507938,False
hpmcounter5,154,0.010635036329409472,0.014936544494028538,False
hpmcounter5,155,0.013348123570755852,0.016541558220395023,False
hpmcounter5,156,0.015991376229628543,0.01802210479075147,False
hpmcounter5,157,0.01832173514878365,0.01831691676621493,False
hpmcounter5,158,0.02354423941274872,0.022018915264350722,False
hpmcounter5,159,0.024818790874934504,0.026446783969941805,False
hpmcounter5,160,0.022591926787549132,0.028385494418483398,False
hpmcounter5,161,0.021070849536678916,0.025759459557209475,False
hpmcounter5,162,0.01785678956334441,0.020163144994323732,False
hpmcounter5,163,0.014304757388096362,0.019025453874020205,False
hpmcounter5,164,0.012011001273708827,0.016281165924086512,False
hpmcounter5,165,0.01387238212082451,0.013033672368677869,False
hpmcounter5,166,0.014675383636322935,0.013109104707169502,False
hpmcounter5,167,0.015002004414429535,0.017752907500068325,False
hpmcounter5,168,0.016602278059555543,0.019685946667151923,False
hpmcounter5,169,0.01678325885075178,0.02025941710538462,False
hpmcounter5,170,0.011604381850217763,0.013971132180099924,False
hpmcounter5,171,0.01025567859251389,0.011839241077135215,False
hpmcounter5,172,0.011772715717818764,0.015688464877872236,False
hpmcounter5,173,0.016199068693337437,0.017526587654391485,False
hpmcounter5,174,0.021177378313329165,0.02037555636694023,False
hpmcounter5,175,0.023062822377261084,0.022846872402732907,False
hpmcounter5,176,0.021417788787771338,0.021826088660471886,False
hpmcounter5,177,0.016218122865750775,0.01929128920343877,False
hpmcounter5,178,0.009790064772116443,0.014211512471059028,False
hpmcounter5,179,0.0064601095301225165,0.008186083852998174,False
hpmcounter5,180,0.005128829837792598,0.0030301091505983346,False
hpmcounter5,181,0.004734635704284452,0.002368392727177082,False
hpmcounter5,182,0.005044170387097975,0.004012487917153513,False
hpmcounter5,183,0.004792921116737706,0.003956935790266633,False
hpmcounter5,184,0.007992207548615739,0.008198556153544733,False
hpmcounter5,185,0.0085947302050262,0.014204380458436984,False
hpmcounter5,186,0.010567342875814576,0.020436314025746374,False
hpmcounter5,187,0.013461949196366932,0.026176385014722605,False
hpmcounter5,188,0.015817796725284453,0.03177118599777909,False
hpmcounter5,189,0.01637429077646049,0.03006920511703967,False
hpmcounter5,190,0.01327878648408522,0.02424400250748393,False
hpmcounter5,191,0.01269044528740334,0.017343185232395128,False
hpmcounter5,192,0.011752481821868988,0.016185661555773757,False
hpmcounter5,193,0.011608587351230406,0.019465242651984162,False
hpmcounter5,194,0.013087317835517327,0.02628357681048495,False
hpmcounter5,195,0.012871636974514971,0.025374520329502555,False
hpmcounter5,196,0.009633152333588108,0.018325509507277824,False
hpmcounter5,197,0.006861750873479499,0.01191594915898521,False
hpmcounter5,198,0.003941945260423322,0.0050044134273527965,False
hpmcounter5,199,0.005302504492473696,0.005918767369777618,False
hpmcounter5,200,0.005815991907742955,0.006165913118354451,False
hpmcounter5,201,0.0055620602593463315,0.004878376987780157,False
hpmcounter5,202,0.009275672030195217,0.008581271252774378,False
hpmcounter5,203,0.010937251608682315,0.012817496906765468,False
hpmcounter5,204,0.009652646814593959,0.011738043084857496,False
hpmcounter5,205,0.009911583430486402,0.012452762852642608,False
hpmcounter5,206,0.008775453376285335,0.011844142148661443,False
hpmcounter5,207,0.006544243058953428,0.012104520720174112,False
hpmcounter5,208,0.006739075433991336,0.011317883346679216,False
hpmcounter5,209,0.007147830913185058,0.012707034585346905,False
hpmcounter5,210,0.007247658443530892,0.012520124527243003,False
hpmcounter5,211,0.008167481646869371,0.013661074472440637,False
hpmcounter5,212,0.005564832782261318,0.007060316770252654,False
hpmcounter5,213,0.003980244218566259,0.0027667928108869354,False
hpmcounter5,214,0.0037569818928106,0.0022527803839933616,False
hpmcounter5,215,0.00352947560040303,0.002469372580934619,False
hpmcounter5,216,0.0028987802527876455,0.002410480517258729,False
hpmcounter5,217,0.0022681981674099226,0.0015920159053608941,False
hpmcounter5,218,0.002734977396864559,0.001641390229435398,False
hpmcounter5,219,0.00409236241434441,0.003429386366186891,False
hpmcounter5,220,0.0036577788968407514,0.0025730354225121533,False
hpmcounter5,221,0.004579957873638021,0.003375340771971702,False
hpmcounter5,222,0.005577641803151079,0.0040082914278848965,False
hpmcounter5,223,0.0054227904069223416,0.006757070497742696,False
hpmcounter5,224,0.006703882474879057,0.008027050546735352,False
hpmcounter5,225,0.007723318688163746,0.011671066683257904,False
hpmcounter5,226,0.01066015863580021,0.017509287077782966,False
hpmcounter5,227,0.012628031765581738,0.022971621795024988,False
hpmcounter5,228,0.013756171248621241,0.029197101066728674,False
hpmcounter5,229,0.014613022469083217,0.029662635439755593,False
hpmcounter5,230,0.014511531062488045,0.02977806735297119,False
hpmcounter5,231,0.01454755176121201,0.029430046541581784,False
hpmcounter5,232,0.014896085370845177,0.028792057115956653,False
hpmcounter5,233,0.012329772107975007,0.022956451552676546,False
hpmcounter5,234,0.01095688988211587,0.016904976049765662,False
hpmcounter5,235,0.008743698783055873,0.011092873158453769,False
hpmcounter5,236,0.006698190641503589,0.006580907124617851,False
hpmcounter5,237,0.0052352267014441085,0.004035709743921667,False
hpmcounter5,238,0.004392362249016295,0.0033566322892831864,False
hpmcounter5,239,0.0032869579448060195,0.002889496361799449,False
hpmcounter5,240,0.0032364229555821205,0.0022858469226858255,False
hpmcounter5,241,0.003291970606746665,0.0019239857478440697,False
hpmcounter5,242,0.003496074264215057,0.0025601274125769857,False
hpmcounter5,243,0.005145512600380188,0.005954556010992262,False
hpmcounter5,244,0.007468805827073754,0.010292048135675915,False
hpmcounter5,245,0.01013646544344646,0.013391505218448837,False
hpmcounter5,246,0.015039418398652794,0.019208017413815583,False
hpmcounter5,247,0.019412104497074947,0.02481609954970566,False
hpmcounter5,248,0.01919569268830755,0.02431604400477695,False
hpmcounter5,249,0.016823619314113008,0.02211492285619291,False
hpmcounter5,250,0.012797749662020325,0.01668906841820418,False
hpmcounter5,251,0.008544566692476274,0.011127108095379958,False
hpmcounter5,252,0.004991416802634681,0.005951429726811528,False
hpmcounter5,253,0.0051269666033748,0.006403284749564413,False
hpmcounter5,254,0.006436582733827666,0.010283786784290344,False
hpmcounter5,255,0.008385681098910004,0.015593912376752868,False
hpmcounter5,256,0.01137716444752934,0.022449184530202854,False
hpmcounter5,257,0.011773683913646402,0.023032682859807772,False
hpmcounter5,258,0.010011190637301584,0.01574927305723477,False
hpmcounter5,259,0.0095573919254958,0.010834063518419835,False
hpmcounter5,260,0.009597405722692149,0.010838536206914197,False
hpmcounter5,261,0.010612345873585585,0.01381175457197657,False
hpmcounter5,262,0.009542443601968428,0.012804097170213654,False
hpmcounter5,263,0.011093459811876582,0.012115791143279209,False
hpmcounter5,264,0.013907974151349794,0.013109603629029827,False
hpmcounter5,265,0.013861694581381126,0.016058903339467075,False
hpmcounter5,266,0.013853359440148516,0.01722526392010936,False
hpmcounter5,267,0.01937436456067585,0.020902191164046093,False
hpmcounter5,268,0.023491062487989815,0.026067257563818877,False
hpmcounter5,269,0.024678024833867822,0.026337115074746193,False
hpmcounter5,270,0.027733760281348264,0.03007855829384935,False
hpmcounter5,271,0.028834705339120425,0.03370836178617788,False
hpmcounter5,272,0.02477304350855087,0.032736290128801714,False
hpmcounter5,273,0.022304078751875383,0.03094887695119167,False
hpmcounter5,274,0.016856212463552952,0.023507660793516943,False
hpmcounter5,275,0.013401560980594704,0.017755873454058654,False
hpmcounter5,276,0.010528519383503732,0.013531412826437559,False
hpmcounter5,277,0.009542069901587746,0.014176439022005159,False
hpmcounter5,278,0.01276306533777789,0.01999911792545475,False
hpmcounter5,279,0.017669702932728813,0.025362553425328324,False
hpmcounter5,280,0.01809926938398391,0.022580215310604754,False
hpmcounter5,281,0.014612262841302705,0.01805242974037293,False
hpmcounter5,282,0.011824189584328479,0.016088605490971773,False
hpmcounter5,283,0.007948725893918315,0.008747027963058434,False
hpmcounter5,284,0.004532256417432447,0.003141732887100728,False
hpmcounter5,285,0.004756917597017793,0.003857804549672625,False
hpmcounter5,286,0.004375863437869875,0.004320274270842093,False
hpmcounter5,287,0.004372066732047504,0.004506450475087327,False
hpmcounter5,288,0.005192006216739193,0.005086937075646536,False
hpmcounter5,289,0.005058695856523796,0.00570186457241257,False
hpmcounter5,290,0.00420746011420447,0.0029768411180703057,False
hpmcounter5,291,0.0037228980296969763,0.0035911660506964395,False
hpmcounter5,292,0.005857279780734663,0.006305880368587652,False
hpmcounter5,293,0.00670694294990373,0.010416058100209695,False
hpmcounter5,294,0.010073371857935907,0.014939316329804274,False
hpmcounter5,295,0.011470768803221452,0.018540786739060233,False
hpmcounter5,296,0.014326405299214084,0.024490021861945262,False
hpmcounter5,297,0.014154982462851361,0.02408375186898128,False
hpmcounter5,298,0.013816056938542955,0.019161679791255704,False
hpmcounter6,5,0.0,1e-06,True
hpmcounter6,6,0.0,1e-06,True
hpmcounter6,7,0.0,1e-06,True
hpmcounter6,8,0.0,1e-06,True
hpmcounter6,9,0.0,1e-06,True
hpmcounter6,10,0.0,1e-06,True
hpmcounter6,11,0.0,1e-06,True
hpmcounter6,12,0.0,1e-06,True
hpmcounter6,13,0.0,1e-06,True
hpmcounter6,14,0.0,1e-06,True
hpmcounter6,15,0.0,1e-06,True
hpmcounter6,16,0.0,1e-06,True
hpmcounter6,17,0.0,1e-06,True
hpmcounter6,18,0.0,1e-06,True
hpmcounter6,19,0.0,1e-06,True
hpmcounter6,20,0.0,1e-06,True
hpmcounter6,21,0.0,1e-06,True
hpmcounter6,22,0.0,1e-06,True
hpmcounter6,23,0.0,1e-06,True
hpmcounter6,24,0.0,1e-06,True
hpmcounter6,25,0.0,1e-06,True
hpmcounter6,26,0.0,1e-06,True
hpmcounter6,27,0.0,1e-06,True
hpmcounter6,28,0.0,1e-06,True
hpmcounter6,29,0.0,1e-06,True
hpmcounter6,30,0.0,1e-06,True
hpmcounter6,31,0.0,1e-06,True
hpmcounter6,32,0.0,1e-06,True
hpmcounter6,33,0.0,1e-06,True
hpmcounter6,34,0.0,1e-06,True
hpmcounter6,35,0.0,1e-06,True
hpmcounter6,36,0.0,1e-06,True
hpmcounter6,37,0.0,1e-06,True
hpmcounter6,38,0.0,1e-06,True
hpmcounter6,39,0.0,1e-06,True
hpmcounter6,40,0.0,1e-06,True
hpmcounter6,41,0.0,1e-06,True
hpmcounter6,42,0.0,1e-06,True
hpmcounter6,43,0.0,1e-06,True
hpmcounter6,44,0.0,1e-06,True
hpmcounter6,45,0.0,1e-06,True
hpmcounter6,46,0.0,1e-06,True
hpmcounter6,47,0.0,1e-06,True
hpmcounter6,48,0.0,1e-06,True
hpmcounter6,49,0.0,1e-06,True
hpmcounter6,50,0.0,1e-06,True
hpmcounter6,51,0.0,1e-06,True
hpmcounter6,52,0.0,1e-06,True
hpmcounter6,53,0.0,1e-06,True
hpmcounter6,54,0.0,1e-06,True
hpmcounter6,55,0.0,1e-06,True
hpmcounter6,56,0.0,1e-06,True
hpmcounter6,57,0.0,1e-06,True
hpmcounter6,58,0.0,1e-06,True
hpmcounter6,59,0.0,1e-06,True
hpmcounter6,60,0.0,1e-06,True
hpmcounter6,61,0.0,1e-06,True
hpmcounter6,62,0.0,1e-06,True
hpmcounter6,63,0.0,1e-06,True
hpmcounter6,64,0.0,1e-06,True
hpmcounter6,65,0.0,1e-06,True
hpmcounter6,66,0.0,1e-06,True
hpmcounter6,67,0.0,1e-06,True
hpmcounter6,68,0.0,1e-06,True
hpmcounter6,69,0.0,1e-06,True
hpmcounter6,70,0.0,1e-06,True
hpmcounter6,71,0.0,1e-06,True
hpmcounter6,72,0.0,1e-06,True
hpmcounter6,73,0.0,1e-06,True
hpmcounter6,74,0.0,1e-06,True
hpmcounter6,75,0.0,1e-06,True
hpmcounter6,76,0.0,1e-06,True
hpmcounter6,77,0.0,1e-06,True
hpmcounter6,78,0.0,1e-06,True
hpmcounter6,79,0.0,1e-06,True
hpmcounter6,80,0.0,1e-06,True
hpmcounter6,81,0.0,1e-06,True
hpmcounter6,82,0.0,1e-06,True
hpmcounter6,83,0.0,1e-06,True
hpmcounter6,84,0.0,1e-06,True
hpmcounter6,85,0.0,1e-06,True
hpmcounter6,86,0.0,1e-06,True
hpmcounter6,87,0.0,1e-06,True
hpmcounter6,88,0.0,1e-06,True
hpmcounter6,89,0.0,1e-06,True
hpmcounter6,90,0.0,1e-06,True
hpmcounter6,91,0.0,1e-06,True
hpmcounter6,92,0.0,1e-06,True
hpmcounter6,93,0.0,1e-06,True
hpmcounter6,94,0.0,1e-06,True
hpmcounter6,95,0.0,1e-06,True
hpmcounter6,96,0.0,1e-06,True
hpmcounter6,97,0.0,1e-06,True
hpmcounter6,98,0.0,1e-06,True
hpmcounter6,99,0.0,1e-06,True
hpmcounter6,100,0.0,1e-06,True
hpmcounter6,101,0.0,1e-06,True
hpmcounter6,102,0.0,1e-06,True
hpmcounter6,103,0.0,1e-06,True
hpmcounter6,104,0.0,1e-06,True
hpmcounter6,105,0.0,1e-06,True
hpmcounter6,106,0.0,1e-06,True
hpmcounter6,107,0.0,1e-06,True
hpmcounter6,108,0.0,1e-06,True
hpmcounter6,109,0.0,1e-06,True
hpmcounter6,110,0.0,1e-06,True
hpmcounter6,111,0.0,1e-06,True
hpmcounter6,112,0.0,1e-06,True
hpmcounter6,113,0.0,1e-06,True
hpmcounter6,114,0.0,1e-06,True
hpmcounter6,115,0.0,1e-06,True
hpmcounter6,116,0.0,1e-06,True
hpmcounter6,117,0.0,1e-06,True
hpmcounter6,118,0.0,1e-06,True
hpmcounter6,119,0.0,1e-06,True
hpmcounter6,120,0.0,1e-06,True
hpmcounter6,121,0.0,1e-06,True
hpmcounter6,122,0.0,1e-06,True
hpmcounter6,123,0.0,1e-06,True
hpmcounter6,124,0.0,1e-06,True
hpmcounter6,125,0.0,1e-06,True
hpmcounter6,126,0.0,1e-06,True
hpmcounter6,127,0.0,1e-06,True
hpmcounter6,128,0.0,1e-06,True
hpmcounter6,129,0.0,1e-06,True
hpmcounter6,130,0.0,1e-06,True
hpmcounter6,131,0.0,1e-06,True
hpmcounter6,132,0.0,1e-06,True
hpmcounter6,133,0.0,1e-06,True
hpmcounter6,134,0.0,1e-06,True
hpmcounter6,135,0.0,1e-06,True
hpmcounter6,136,0.0,1e-06,True
hpmcounter6,137,0.0,1e-06,True
hpmcounter6,138,0.0,1e-06,True
hpmcounter6,139,0.0,1e-06,True
hpmcounter6,140,0.0,1e-06,True
hpmcounter6,141,0.0,1e-06,True
hpmcounter6,142,0.0,1e-06,True
hpmcounter6,143,0.0,1e-06,True
hpmcounter6,144,0.0,1e-06,True
hpmcounter6,145,0.0,1e-06,True
hpmcounter6,146,0.0,1e-06,True
hpmcounter6,147,0.0,1e-06,True
hpmcounter6,148,0.0,1e-06,True
hpmcounter6,149,0.0,1e-06,True
hpmcounter6,150,0.0,1e-06,True
hpmcounter6,151,0.0,1e-06,True
hpmcounter6,152,0.0,1e-06,True
hpmcounter6,153,0.0,1e-06,True
hpmcounter6,154,0.0,1e-06,True
hpmcounter6,155,0.0,1e-06,True
hpmcounter6,156,0.0,1e-06,True
hpmcounter6,157,0.0,1e-06,True
hpmcounter6,158,0.0,1e-06,True
hpmcounter6,159,0.0,1e-06,True
hpmcounter6,160,0.0,1e-06,True
hpmcounter6,161,0.0,1e-06,True
hpmcounter6,162,0.0,1e-06,True
hpmcounter6,163,0.0,1e-06,True
hpmcounter6,164,0.0,1e-06,True
hpmcounter6,165,0.0,1e-06,True
hpmcounter6,166,0.0,1e-06,True
hpmcounter6,167,0.0,1e-06,True
hpmcounter6,168,0.0,1e-06,True
hpmcounter6,169,0.0,1e-06,True
hpmcounter6,170,0.0,1e-06,True
hpmcounter6,171,0.0,1e-06,True
hpmcounter6,172,0.0,1e-06,True
hpmcounter6,173,0.0,1e-06,True
hpmcounter6,174,0.0,1e-06,True
hpmcounter6,175,0.0,1e-06,True
hpmcounter6,176,0.0,1e-06,True
hpmcounter6,177,0.0,1e-06,True
hpmcounter6,178,0.0,1e-06,True
hpmcounter6,179,0.0,1e-06,True
hpmcounter6,180,0.0,1e-06,True
hpmcounter6,181,0.0,1e-06,True
hpmcounter6,182,0.0,1e-06,True
hpmcounter6,183,0.0,1e-06,True
hpmcounter6,184,0.0,1e-06,True
hpmcounter6,185,0.0,1e-06,True
hpmcounter6,186,0.0,1e-06,True
hpmcounter6,187,0.0,1e-06,True
hpmcounter6,188,0.0,1e-06,True
hpmcounter6,189,0.0,1e-06,True
hpmcounter6,190,0.0,1e-06,True
hpmcounter6,191,0.0,1e-06,True
hpmcounter6,192,0.0,1e-06,True
hpmcounter6,193,0.0,1e-06,True
hpmcounter6,194,0.0,1e-06,True
hpmcounter6,195,0.0,1e-06,True
hpmcounter6,196,0.0,1e-06,True
hpmcounter6,197,0.0,1e-06,True
hpmcounter6,198,0.0,1e-06,True
hpmcounter6,199,0.0,1e-06,True
hpmcounter6,200,0.0,1e-06,True
hpmcounter6,201,0.0,1e-06,True
hpmcounter6,202,0.0,1e-06,True
hpmcounter6,203,0.0,1e-06,True
hpmcounter6,204,0.0,1e-06,True
hpmcounter6,205,0.0,1e-06,True
hpmcounter6,206,0.0,1e-06,True
hpmcounter6,207,0.0,1e-06,True
hpmcounter6,208,0.0,1e-06,True
hpmcounter6,209,0.0,1e-06,True
hpmcounter6,210,0.0,1e-06,True
hpmcounter6,211,0.0,1e-06,True
hpmcounter6,212,0.0,1e-06,True
hpmcounter6,213,0.0,1e-06,True
hpmcounter6,214,0.0,1e-06,True
hpmcounter6,215,0.0,1e-06,True
hpmcounter6,216,0.0,1e-06,True
hpmcounter6,217,0.0,1e-06,True
hpmcounter6,218,0.0,1e-06,True
hpmcounter6,219,0.0,1e-06,True
hpmcounter6,220,0.0,1e-06,True
hpmcounter6,221,0.0,1e-06,True
hpmcounter6,222,0.0,1e-06,True
hpmcounter6,223,0.0,1e-06,True
hpmcounter6,224,0.0,1e-06,True
hpmcounter6,225,0.0,1e-06,True
hpmcounter6,226,0.0,1e-06,True
hpmcounter6,227,0.0,1e-06,True
hpmcounter6,228,0.0,1e-06,True
hpmcounter6,229,0.0,1e-06,True
hpmcounter6,230,0.0,1e-06,True
hpmcounter6,231,0.0,1e-06,True
hpmcounter6,232,0.0,1e-06,True
hpmcounter6,233,0.0,1e-06,True
hpmcounter6,234,0.0,1e-06,True
hpmcounter6,235,0.0,1e-06,True
hpmcounter6,236,0.0,1e-06,True
hpmcounter6,237,0.0,1e-06,True
hpmcounter6,238,0.0,1e-06,True
hpmcounter6,239,0.0,1e-06,True
hpmcounter6,240,0.0,1e-06,True
hpmcounter6,241,0.0,1e-06,True
hpmcounter6,242,0.0,1e-06,True
hpmcounter6,243,0.0,1e-06,True
hpmcounter6,244,0.0,1e-06,True
hpmcounter6,245,0.0,1e-06,True
hpmcounter6,246,0.0,1e-06,True
hpmcounter6,247,0.0,1e-06,True
hpmcounter6,248,0.0,1e-06,True
hpmcounter6,249,0.0,1e-06,True
hpmcounter6,250,0.0,1e-06,True
hpmcounter6,251,0.0,1e-06,True
hpmcounter6,252,0.0,1e-06,True
hpmcounter6,253,0.0,1e-06,True
hpmcounter6,254,0.0,1e-06,True
hpmcounter6,255,0.0,1e-06,True
hpmcounter6,256,0.0,1e-06,True
hpmcounter6,257,0.0,1e-06,True
hpmcounter6,258,0.0,1e-06,True
hpmcounter6,259,0.0,1e-06,True
hpmcounter6,260,0.0,1e-06,True
hpmcounter6,261,0.0,1e-06,True
hpmcounter6,262,0.0,1e-06,True
hpmcounter6,263,0.0,1e-06,True
hpmcounter6,264,0.0,1e-06,True
hpmcounter6,265,0.0,1e-06,True
hpmcounter6,266,0.0,1e-06,True
hpmcounter6,267,0.0,1e-06,True
hpmcounter6,268,0.0,1e-06,True
hpmcounter6,269,0.0,1e-06,True
hpmcounter6,270,0.0,1e-06,True
hpmcounter6,271,0.0,1e-06,True
hpmcounter6,272,0.0,1e-06,True
hpmcounter6,273,0.0,1e-06,True
hpmcounter6,274,0.0,1e-06,True
hpmcounter6,275,0.0,1e-06,True
hpmcounter6,276,0.0,1e-06,True
hpmcounter6,277,0.0,1e-06,True
hpmcounter6,278,0.0,1e-06,True
hpmcounter6,279,0.0,1e-06,True
hpmcounter6,280,0.0,1e-06,True
hpmcounter6,281,0.0,1e-06,True
hpmcounter6,282,0.0,1e-06,True
hpmcounter6,283,0.0,1e-06,True
hpmcounter6,284,0.0,1e-06,True
hpmcounter6,285,0.0,1e-06,True
hpmcounter6,286,0.0,1e-06,True
hpmcounter6,287,0.0,1e-06,True
hpmcounter6,288,0.0,1e-06,True
hpmcounter6,289,0.0,1e-06,True
hpmcounter6,290,0.0,1e-06,True
hpmcounter6,291,0.0,1e-06,True
hpmcounter6,292,0.0,1e-06,True
hpmcounter6,293,0.0,1e-06,True
hpmcounter6,294,0.0,1e-06,True
hpmcounter6,295,0.0,1e-06,True
hpmcounter6,296,0.0,1e-06,True
hpmcounter6,297,0.0,1e-06,True
hpmcounter6,298,0.0,1e-06,True
hpmcounter7,5,0.0,1e-06,True
hpmcounter7,6,0.0,1e-06,True
hpmcounter7,7,0.0,1e-06,True
hpmcounter7,8,0.0,1e-06,True
hpmcounter7,9,0.0,1e-06,True
hpmcounter7,10,0.0,1e-06,True
hpmcounter7,11,0.0,1e-06,True
hpmcounter7,12,0.0,1e-06,True
hpmcounter7,13,0.0,1e-06,True
hpmcounter7,14,0.0,1e-06,True
hpmcounter7,15,0.0,1e-06,True
hpmcounter7,16,0.0,1e-06,True
hpmcounter7,17,0.0,1e-06,True
hpmcounter7,18,0.0,1e-06,True
hpmcounter7,19,0.0,1e-06,True
hpmcounter7,20,0.0,1e-06,True
hpmcounter7,21,0.0,1e-06,True
hpmcounter7,22,0.0,1e-06,True
hpmcounter7,23,0.0,1e-06,True
hpmcounter7,24,0.0,1e-06,True
hpmcounter7,25,0.0,1e-06,True
hpmcounter7,26,0.0,1e-06,True
hpmcounter7,27,0.0,1e-06,True
hpmcounter7,28,0.0,1e-06,True
hpmcounter7,29,0.0,1e-06,True
hpmcounter7,30,0.0,1e-06,True
hpmcounter7,31,0.0,1e-06,True
hpmcounter7,32,0.0,1e-06,True
hpmcounter7,33,0.0,1e-06,True
hpmcounter7,34,0.0,1e-06,True
hpmcounter7,35,0.0,1e-06,True
hpmcounter7,36,0.0,1e-06,True
hpmcounter7,37,0.0,1e-06,True
hpmcounter7,38,0.0,1e-06,True
hpmcounter7,39,0.0,1e-06,True
hpmcounter7,40,0.0,1e-06,True
hpmcounter7,41,0.0,1e-06,True
hpmcounter7,42,0.0,1e-06,True
hpmcounter7,43,0.0,1e-06,True
hpmcounter7,44,0.0,1e-06,True
hpmcounter7,45,0.0,1e-06,True
hpmcounter7,46,0.0,1e-06,True
hpmcounter7,47,0.0,1e-06,True
hpmcounter7,48,0.0,1e-06,True
hpmcounter7,49,0.0,1e-06,True
hpmcounter7,50,0.0,1e-06,True
hpmcounter7,51,0.0,1e-06,True
hpmcounter7,52,0.0,1e-06,True
hpmcounter7,53,0.0,1e-06,True
hpmcounter7,54,0.0,1e-06,True
hpmcounter7,55,0.0,1e-06,True
hpmcounter7,56,0.0,1e-06,True
hpmcounter7,57,0.0,1e-06,True
hpmcounter7,58,0.0,1e-06,True
hpmcounter7,59,0.0,1e-06,True
hpmcounter7,60,0.0,1e-06,True
hpmcounter7,61,0.0,1e-06,True
hpmcounter7,62,0.0,1e-06,True
hpmcounter7,63,0.0,1e-06,True
hpmcounter7,64,0.0,1e-06,True
hpmcounter7,65,0.0,1e-06,True
hpmcounter7,66,0.0,1e-06,True
hpmcounter7,67,0.0,1e-06,True
hpmcounter7,68,0.0,1e-06,True
hpmcounter7,69,0.0,1e-06,True
hpmcounter7,70,0.0,1e-06,True
hpmcounter7,71,0.0,1e-06,True
hpmcounter7,72,0.0,1e-06,True
hpmcounter7,73,0.0,1e-06,True
hpmcounter7,74,0.0,1e-06,True
hpmcounter7,75,0.0,1e-06,True
hpmcounter7,76,0.0,1e-06,True
hpmcounter7,77,0.0,1e-06,True
hpmcounter7,78,0.0,1e-06,True
hpmcounter7,79,0.0,1e-06,True
hpmcounter7,80,0.0,1e-06,True
hpmcounter7,81,0.0,1e-06,True
hpmcounter7,82,0.0,1e-06,True
hpmcounter7,83,0.0,1e-06,True
hpmcounter7,84,0.0,1e-06,True
hpmcounter7,85,0.0,1e-06,True
hpmcounter7,86,0.0,1e-06,True
hpmcounter7,87,0.0,1e-06,True
hpmcounter7,88,0.0,1e-06,True
hpmcounter7,89,0.0,1e-06,True
hpmcounter7,90,0.0,1e-06,True
hpmcounter7,91,0.0,1e-06,True
hpmcounter7,92,0.0,1e-06,True
hpmcounter7,93,0.0,1e-06,True
hpmcounter7,94,0.0,1e-06,True
hpmcounter7,95,0.0,1e-06,True
hpmcounter7,96,0.0,1e-06,True
hpmcounter7,97,0.0,1e-06,True
hpmcounter7,98,0.0,1e-06,True
hpmcounter7,99,0.0,1e-06,True
hpmcounter7,100,0.0,1e-06,True
hpmcounter7,101,0.0,1e-06,True
hpmcounter7,102,0.0,1e-06,True
hpmcounter7,103,0.0,1e-06,True
hpmcounter7,104,0.0,1e-06,True
hpmcounter7,105,0.0,1e-06,True
hpmcounter7,106,0.0,1e-06,True
hpmcounter7,107,0.0,1e-06,True
hpmcounter7,108,0.0,1e-06,True
hpmcounter7,109,0.0,1e-06,True
hpmcounter7,110,0.0,1e-06,True
hpmcounter7,111,0.0,1e-06,True
hpmcounter7,112,0.0,1e-06,True
hpmcounter7,113,0.0,1e-06,True
hpmcounter7,114,0.0,1e-06,True
hpmcounter7,115,0.0,1e-06,True
hpmcounter7,116,0.0,1e-06,True
hpmcounter7,117,0.0,1e-06,True
hpmcounter7,118,0.0,1e-06,True
hpmcounter7,119,0.0,1e-06,True
hpmcounter7,120,0.0,1e-06,True
hpmcounter7,121,0.0,1e-06,True
hpmcounter7,122,0.0,1e-06,True
hpmcounter7,123,0.0,1e-06,True
hpmcounter7,124,0.0,1e-06,True
hpmcounter7,125,0.0,1e-06,True
hpmcounter7,126,0.0,1e-06,True
hpmcounter7,127,0.0,1e-06,True
hpmcounter7,128,0.0,1e-06,True
hpmcounter7,129,0.0,1e-06,True
hpmcounter7,130,0.0,1e-06,True
hpmcounter7,131,0.0,1e-06,True
hpmcounter7,132,0.0,1e-06,True
hpmcounter7,133,0.0,1e-06,True
hpmcounter7,134,0.0,1e-06,True
hpmcounter7,135,0.0,1e-06,True
hpmcounter7,136,0.0,1e-06,True
hpmcounter7,137,0.0,1e-06,True
hpmcounter7,138,0.0,1e-06,True
hpmcounter7,139,0.0,1e-06,True
hpmcounter7,140,0.0,1e-06,True
hpmcounter7,141,0.0,1e-06,True
hpmcounter7,142,0.0,1e-06,True
hpmcounter7,143,0.0,1e-06,True
hpmcounter7,144,0.0,1e-06,True
hpmcounter7,145,0.0,1e-06,True
hpmcounter7,146,0.0,1e-06,True
hpmcounter7,147,0.0,1e-06,True
hpmcounter7,148,0.0,1e-06,True
hpmcounter7,149,0.0,1e-06,True
hpmcounter7,150,0.0,1e-06,True
hpmcounter7,151,0.0,1e-06,True
hpmcounter7,152,0.0,1e-06,True
hpmcounter7,153,0.0,1e-06,True
hpmcounter7,154,0.0,1e-06,True
hpmcounter7,155,0.0,1e-06,True
hpmcounter7,156,0.0,1e-06,True
hpmcounter7,157,0.0,1e-06,True
hpmcounter7,158,0.0,1e-06,True
hpmcounter7,159,0.0,1e-06,True
hpmcounter7,160,0.0,1e-06,True
hpmcounter7,161,0.0,1e-06,True
hpmcounter7,162,0.0,1e-06,True
hpmcounter7,163,0.0,1e-06,True
hpmcounter7,164,0.0,1e-06,True
hpmcounter7,165,0.0,1e-06,True
hpmcounter7,166,0.0,1e-06,True
hpmcounter7,167,0.0,1e-06,True
hpmcounter7,168,0.0,1e-06,True
hpmcounter7,169,0.0,1e-06,True
hpmcounter7,170,0.0,1e-06,True
hpmcounter7,171,0.0,1e-06,True
hpmcounter7,172,0.0,1e-06,True
hpmcounter7,173,0.0,1e-06,True
hpmcounter7,174,0.0,1e-06,True
hpmcounter7,175,0.0,1e-06,True
hpmcounter7,176,0.0,1e-06,True
hpmcounter7,177,0.0,1e-06,True
hpmcounter7,178,0.0,1e-06,True
hpmcounter7,179,0.0,1e-06,True
hpmcounter7,180,0.0,1e-06,True
hpmcounter7,181,0.0,1e-06,True
hpmcounter7,182,0.0,1e-06,True
hpmcounter7,183,0.0,1e-06,True
hpmcounter7,184,0.0,1e-06,True
hpmcounter7,185,0.0,1e-06,True
hpmcounter7,186,0.0,1e-06,True
hpmcounter7,187,0.0,1e-06,True
hpmcounter7,188,0.0,1e-06,True
hpmcounter7,189,0.0,1e-06,True
hpmcounter7,190,0.0,1e-06,True
hpmcounter7,191,0.0,1e-06,True
hpmcounter7,192,0.0,1e-06,True
hpmcounter7,193,0.0,1e-06,True
hpmcounter7,194,0.0,1e-06,True
hpmcounter7,195,0.0,1e-06,True
hpmcounter7,196,0.0,1e-06,True
hpmcounter7,197,0.0,1e-06,True
hpmcounter7,198,0.0,1e-06,True
hpmcounter7,199,0.0,1e-06,True
hpmcounter7,200,0.0,1e-06,True
hpmcounter7,201,0.0,1e-06,True
hpmcounter7,202,0.0,1e-06,True
hpmcounter7,203,0.0,1e-06,True
hpmcounter7,204,0.0,1e-06,True
hpmcounter7,205,0.0,1e-06,True
hpmcounter7,206,0.0,1e-06,True
hpmcounter7,207,0.0,1e-06,True
hpmcounter7,208,0.0,1e-06,True
hpmcounter7,209,0.0,1e-06,True
hpmcounter7,210,0.0,1e-06,True
hpmcounter7,211,0.0,1e-06,True
hpmcounter7,212,0.0,1e-06,True
hpmcounter7,213,0.0,1e-06,True
hpmcounter7,214,0.0,1e-06,True
hpmcounter7,215,0.0,1e-06,True
hpmcounter7,216,0.0,1e-06,True
hpmcounter7,217,0.0,1e-06,True
hpmcounter7,218,0.0,1e-06,True
hpmcounter7,219,0.0,1e-06,True
hpmcounter7,220,0.0,1e-06,True
hpmcounter7,221,0.0,1e-06,True
hpmcounter7,222,0.0,1e-06,True
hpmcounter7,223,0.0,1e-06,True
hpmcounter7,224,0.0,1e-06,True
hpmcounter7,225,0.0,1e-06,True
hpmcounter7,226,0.0,1e-06,True
hpmcounter7,227,0.0,1e-06,True
hpmcounter7,228,0.0,1e-06,True
hpmcounter7,229,0.0,1e-06,True
hpmcounter7,230,0.0,1e-06,True
hpmcounter7,231,0.0,1e-06,True
hpmcounter7,232,0.0,1e-06,True
hpmcounter7,233,0.0,1e-06,True
hpmcounter7,234,0.0,1e-06,True
hpmcounter7,235,0.0,1e-06,True
hpmcounter7,236,0.0,1e-06,True
hpmcounter7,237,0.0,1e-06,True
hpmcounter7,238,0.0,1e-06,True
hpmcounter7,239,0.0,1e-06,True
hpmcounter7,240,0.0,1e-06,True
hpmcounter7,241,0.0,1e-06,True
hpmcounter7,242,0.0,1e-06,True
hpmcounter7,243,0.0,1e-06,True
hpmcounter7,244,0.0,1e-06,True
hpmcounter7,245,0.0,1e-06,True
hpmcounter7,246,0.0,1e-06,True
hpmcounter7,247,0.0,1e-06,True
hpmcounter7,248,0.0,1e-06,True
hpmcounter7,249,0.0,1e-06,True
hpmcounter7,250,0.0,1e-06,True
hpmcounter7,251,0.0,1e-06,True
hpmcounter7,252,0.0,1e-06,True
hpmcounter7,253,0.0,1e-06,True
hpmcounter7,254,0.0,1e-06,True
hpmcounter7,255,0.0,1e-06,True
hpmcounter7,256,0.0,1e-06,True
hpmcounter7,257,0.0,1e-06,True
hpmcounter7,258,0.0,1e-06,True
hpmcounter7,259,0.0,1e-06,True
hpmcounter7,260,0.0,1e-06,True
hpmcounter7,261,0.0,1e-06,True
hpmcounter7,262,0.0,1e-06,True
hpmcounter7,263,0.0,1e-06,True
hpmcounter7,264,0.0,1e-06,True
hpmcounter7,265,0.0,1e-06,True
hpmcounter7,266,0.0,1e-06,True
hpmcounter7,267,0.0,1e-06,True
hpmcounter7,268,0.0,1e-06,True
hpmcounter7,269,0.0,1e-06,True
hpmcounter7,270,0.0,1e-06,True
hpmcounter7,271,0.0,1e-06,True
hpmcounter7,272,0.0,1e-06,True
hpmcounter7,273,0.0,1e-06,True
hpmcounter7,274,0.0,1e-06,True
hpmcounter7,275,0.0,1e-06,True
hpmcounter7,276,0.0,1e-06,True
hpmcounter7,277,0.0,1e-06,True
hpmcounter7,278,0.0,1e-06,True
hpmcounter7,279,0.0,1e-06,True
hpmcounter7,280,0.0,1e-06,True
hpmcounter7,281,0.0,1e-06,True
hpmcounter7,282,0.0,1e-06,True
hpmcounter7,283,0.0,1e-06,True
hpmcounter7,284,0.0,1e-06,True
hpmcounter7,285,0.0,1e-06,True
hpmcounter7,286,0.0,1e-06,True
hpmcounter7,287,0.0,1e-06,True
hpmcounter7,288,0.0,1e-06,True
hpmcounter7,289,0.0,1e-06,True
hpmcounter7,290,0.0,1e-06,True
hpmcounter7,291,0.0,1e-06,True
hpmcounter7,292,0.0,1e-06,True
hpmcounter7,293,0.0,1e-06,True
hpmcounter7,294,0.0,1e-06,True
hpmcounter7,295,0.0,1e-06,True
hpmcounter7,296,0.0,1e-06,True
hpmcounter7,297,0.0,1e-06,True
hpmcounter7,298,0.0,1e-06,True
hpmcounter8,5,0.2477018309311812,0.23483964995779813,False
hpmcounter8,6,0.2472765631198354,0.16693301817634446,False
hpmcounter8,7,0.0858547970608717,0.1334480629250638,False
hpmcounter8,8,0.09694588520092548,0.15021759206166896,False
hpmcounter8,9,0.07091409008598278,0.12632701539682328,False
hpmcounter8,10,0.05570964124565072,0.10262745935537512,False
hpmcounter8,11,0.05651291890901382,0.09851942728859042,False
hpmcounter8,12,0.0491400122437304,0.08280892332942823,False
hpmcounter8,13,0.04502008561826805,0.07817710426404753,False
hpmcounter8,14,0.04386038742793198,0.0784262401960568,False
hpmcounter8,15,0.05161057065431342,0.08990595041444736,False
hpmcounter8,16,0.03993046788495491,0.07213398820464877,False
hpmcounter8,17,0.033646088975991896,0.061048279925247466,False
hpmcounter8,18,0.031264335015631084,0.055288085744311155,False
hpmcounter8,19,0.033202863920511486,0.05785913769027802,False
hpmcounter8,20,0.03650593992385635,0.057524075427419254,False
hpmcounter8,21,0.0331795744362271,0.05336098812328626,False
hpmcounter8,22,0.030453777244107333,0.049391206012377016,False
hpmcounter8,23,0.03121773498829684,0.041761236620923944,False
hpmcounter8,24,0.02208886980786955,0.03202479448944075,False
hpmcounter8,25,0.014931416495515545,0.026336099094529997,False
hpmcounter8,26,0.012249681077762295,0.023160835425982924,False
hpmcounter8,27,0.010737177346981333,0.0227695689360751,False
hpmcounter8,28,0.010299072854005635,0.014130482085339728,False
hpmcounter8,29,0.015531898526567445,0.02322575273067747,False
hpmcounter8,30,0.020070538274103343,0.03347694480517479,False
hpmcounter8,31,0.03294855280704094,0.043315964286242695,False
hpmcounter8,32,0.04243608212479798,0.05307028495018637,False
hpmcounter8,33,0.049160545191137064,0.0466962014667839,False
hpmcounter8,34,0.04846047456383665,0.046182385831096094,False
hpmcounter8,35,0.047906265915213644,0.04296806777902895,False
hpmcounter8,36,0.042495249222566846,0.04420493751137084,False
hpmcounter8,37,0.04042135660102007,0.05341899735789135,False
hpmcounter8,38,0.027768230820852967,0.04232849435793414,False
hpmcounter8,39,0.02287476391421777,0.033257072074499974,False
hpmcounter8,40,0.017808763226715124,0.025622264509392433,False
hpmcounter8,41,0.013057198678831969,0.021025472243933706,False
hpmcounter8,42,0.016727306478181207,0.0300558576452719,False
hpmcounter8,43,0.016645517773655073,0.030078549617507937,False
hpmcounter8,44,0.016740131129194716,0.03033469429545866,False
hpmcounter8,45,0.016005314420772892,0.029767161128830745,False
hpmcounter8,46,0.01756254972237779,0.028469872578450496,False
hpmcounter8,47,0.020022944833674266,0.03034057723273543,False
hpmcounter8,48,0.023874597538511393,0.035086670391834,False
hpmcounter8,49,0.027271769016503262,0.041162063324684126,False
hpmcounter8,50,0.023167753048152218,0.03800535732809816,False
hpmcounter8,51,0.018225804356968474,0.029040245236210085,False
hpmcounter8,52,0.014037301525992928,0.021427468531615996,False
hpmcounter8,53,0.014022401460864337,0.02429360721375541,False
hpmcounter8,54,0.013001274690079907,0.02486449379503669,False
hpmcounter8,55,0.01544660961785827,0.025653092157926827,False
hpmcounter8,56,0.020390220463549387,0.019711270182614503,False
hpmcounter8,57,0.027428633495560777,0.02681351377744307,False
hpmcounter8,58,0.03355303534675229,0.036647020182277217,False
hpmcounter8,59,0.04000890475940055,0.04359630311126106,False
hpmcounter8,60,0.04287909012985906,0.045166650455936055,False
hpmcounter8,61,0.04190256418358163,0.042917166197007396,False
hpmcounter8,62,0.04301142937256182,0.04030058093001424,False
hpmcounter8,63,0.043847312278293714,0.040992027188633366,False
hpmcounter8,64,0.039332233467832003,0.03656923113829013,False
hpmcounter8,65,0.03564235609417456,0.031216284358489974,False
hpmcounter8,66,0.025831215020503166,0.022743121873511102,False
hpmcounter8,67,0.01831309325304397,0.015490432682307705,False
hpmcounter8,68,0.012417158671763079,0.014653525884646038,False
hpmcounter8,69,0.012944690163311554,0.021300044258609128,False
hpmcounter8,70,0.013611322645862081,0.02877489104312357,False
hpmcounter8,71,0.01369774537132742,0.028785802220998673,False
hpmcounter8,72,0.013634227335771878,0.02903584130944742,False
hpmcounter8,73,0.012387338377990822,0.021377241765443766,False
hpmcounter8,74,0.011119021369770233,0.016804601224389728,False
hpmcounter8,75,0.008996117096134473,0.011972520087753869,False
hpmcounter8,76,0.011152844935151606,0.012863081231944597,False
hpmcounter8,77,0.014181061478596471,0.016473802456492288,False
hpmcounter8,78,0.017148219178459382,0.019323203554381843,False
hpmcounter8,79,0.017753271749454576,0.026666099725533483,False
hpmcounter8,80,0.017906505601959995,0.02668718574261278,False
hpmcounter8,81,0.018117043064661154,0.021499681341667725,False
hpmcounter8,82,0.01616308612887973,0.02266385280233348,False
hpmcounter8,83,0.013039729816654485,0.021286914242647177,False
hpmcounter8,84,0.010270171883328816,0.02167360966870838,False
hpmcounter8,85,0.010215510272333134,0.021552339919269012,False
hpmcounter8,86,0.009736123796569903,0.014562238598097682,False
hpmcounter8,87,0.009718531846255778,0.014622873573185131,False
hpmcounter8,88,0.0068569220457929125,0.014585723843725255,False
hpmcounter8,89,0.006854260245644226,0.014573500170862924,False
hpmcounter8,90,0.006853053173681525,0.01455739137413057,False
hpmcounter8,91,0.003561965441308054,0.007504157909551043,False
hpmcounter8,92,0.0006169725184390976,0.000568388204962974,False
hpmcounter8,93,0.0006266003554610163,0.0004577611549835691,False
hpmcounter8,94,0.0007020513927180942,0.0006797609284445122,False
hpmcounter8,95,0.000670228820375025,0.0006269440331481951,False
hpmcounter8,96,0.0007829147089983935,0.0005504291504977489,False
hpmcounter8,97,0.0007189762564953929,0.0005962980723949174,False
hpmcounter8,98,0.0005025500751155383,0.00045536879669859533,False
hpmcounter8,99,0.00036960072987540923,0.0002942383622702674,False
hpmcounter8,100,0.0004164676202495259,0.0003342821302897761,False
hpmcounter8,101,0.0005465069224054351,0.00038933252868567883,False
hpmcounter8,102,0.0006951851331989792,0.0005762435540791399,False
hpmcounter8,103,0.003373255164089731,0.007248031730114763,False
hpmcounter8,104,0.006595971423257453,0.014116282461901188,False
hpmcounter8,105,0.006544011525014247,0.014131024785239706,False
hpmcounter8,106,0.006462258295043322,0.014100991598733577,False
hpmcounter8,107,0.006536876068891938,0.014194411787926374,False
hpmcounter8,108,0.0034790224894476448,0.0071299499979043356,False
hpmcounter8,109,0.000698791384894511,0.0004634780237775523,False
hpmcounter8,110,0.000800992980052161,0.00047209898764824493,False
hpmcounter8,111,0.0006167950999825964,0.0004401729236240052,False
hpmcounter8,112,0.0005289925672027076,0.00033551422104371765,False
hpmcounter8,113,0.0005864789478949885,0.0003488594932426199,False
hpmcounter8,114,0.0006802408580617432,0.00039493949562554426,False
hpmcounter8,115,0.0006239185979130836,0.000459542626278902,False
hpmcounter8,116,0.003811582588388575,0.006769789664914269,False
hpmcounter8,117,0.010169981169971322,0.013467860928172712,False
hpmcounter8,118,0.012056596944164614,0.01311649461967377,False
hpmcounter8,119,0.014447953532517427,0.013208400460638873,False
hpmcounter8,120,0.014387805200925956,0.013148655571721084,False
hpmcounter8,121,0.011718216711083838,0.009096180708477867,False
hpmcounter8,122,0.006247464875406035,0.008947880633100971,False
hpmcounter8,123,0.006519463037132321,0.009162453765838975,False
hpmcounter8,124,0.006026113241864026,0.008743270747865186,False
hpmcounter8,125,0.005991949771394429,0.008774727268098477,False
hpmcounter8,126,0.00599930830387818,0.008826952419916177,False
hpmcounter8,127,0.008252041563319197,0.009239391383996461,False
hpmcounter8,128,0.005770108405398888,0.007324857789858584,False
hpmcounter8,129,0.0033186259681712805,0.007150444957441242,False
hpmcounter8,130,0.003368556972424594,0.007021833621779658,False
hpmcounter8,131,0.0032855544250992297,0.007000141296172124,False
hpmcounter8,132,0.003341841710668126,0.006956800476678937,False
hpmcounter8,133,0.006342412537628647,0.00879258594273143,False
hpmcounter8,134,0.006346428235398693,0.008803567799088004,False
hpmcounter8,135,0.006478941413673172,0.00896781796590191,False
hpmcounter8,136,0.009265356079670991,0.009373918264743953,False
hpmcounter8,137,0.009348663862334287,0.009445302128896169,False
hpmcounter8,138,0.009236503299570405,0.009325139032154995,False
hpmcounter8,139,0.015204108972605098,0.01656808869746078,False
hpmcounter8,140,0.01833917367230776,0.02081137200025956,False
hpmcounter8,141,0.019214339290000007,0.026107345043787457,False
hpmcounter8,142,0.022069355382072563,0.033246375237584835,False
hpmcounter8,143,0.02645290170736263,0.03268530268708283,False
hpmcounter8,144,0.0309658592661186,0.03400592566261482,False
hpmcounter8,145,0.031466166950850805,0.03442020484573776,False
hpmcounter8,146,0.030065590547529098,0.028871659144373948,False
hpmcounter8,147,0.028843910398715294,0.026276916576030748,False
hpmcounter8,148,0.027118754734508428,0.02425510739808899,False
hpmcounter8,149,0.024571551984282115,0.027959410586885298,False
hpmcounter8,150,0.02308606577634083,0.03166813308519155,False
hpmcounter8,151,0.018373370154257742,0.024569622625925457,False
hpmcounter8,152,0.016477164993426767,0.018797747629342353,False
hpmcounter8,153,0.012014210445953839,0.013927331887963183,False
hpmcounter8,154,0.010460226063901585,0.016775509817301224,False
hpmcounter8,155,0.01246622826877608,0.016235444880710458,False
hpmcounter8,156,0.015985250379999084,0.0166649587985692,False
hpmcounter8,157,0.018344821493774602,0.017371280397440982,False
hpmcounter8,158,0.021907052393152875,0.022997947663790135,False
hpmcounter8,159,0.023413830882205784,0.027128504705514037,False
hpmcounter8,160,0.02260965707700821,0.029464346680983213,False
hpmcounter8,161,0.0213204006182595,0.027478025622064438,False
hpmcounter8,162,0.018997056089055053,0.02192459615784857,False
hpmcounter8,163,0.016025254019040487,0.021306681000671693,False
hpmcounter8,164,0.013405125893070085,0.018116253331869135,False
hpmcounter8,165,0.014080282392204286,0.01504982564852585,False
hpmcounter8,166,0.014455714252761561,0.012782804666377573,False
hpmcounter8,167,0.014649814621299074,0.016329654567427358,False
hpmcounter8,168,0.015639495883363858,0.018401284736567013,False
hpmcounter8,169,0.01569792532092133,0.01848118572434628,False
hpmcounter8,170,0.010158492676774131,0.012375903425699178,False
hpmcounter8,171,0.008485793487775983,0.01171379705481214,False
hpmcounter8,172,0.010943513698930488,0.016989341160093326,False
hpmcounter8,173,0.015590614129528288,0.01744252902761022,False
hpmcounter8,174,0.020941332887831794,0.020195280672675682,False
hpmcounter8,175,0.023462952851873116,0.022337135845219454,False
hpmcounter8,176,0.021015415523824292,0.02081213625386254,False
hpmcounter8,177,0.015840662604841793,0.01847682320460975,False
hpmcounter8,178,0.008364733444855148,0.012594221681807124,False
hpmcounter8,179,0.003082020040261365,0.006566909636810083,False
hpmcounter8,180,0.0006637156739269067,0.0003497507921236797,False
hpmcounter8,181,0.0006009235990045187,0.00043001798886566393,False
hpmcounter8,182,0.0006268172350066202,0.0006147471022328054,False
hpmcounter8,183,0.0006196175293475523,0.00042414447461719016,False
hpmcounter8,184,0.003070321102610561,0.006542630564114379,False
hpmcounter8,185,0.006000414831743741,0.012749818536844251,False
hpmcounter8,186,0.008905785674912908,0.01894015520586434,False
hpmcounter8,187,0.011763305055787637,0.02505996946723227,False
hpmcounter8,188,0.014564109099401442,0.031087502502581455,False
hpmcounter8,189,0.014402767354214922,0.030910520055501933,False
hpmcounter8,190,0.011452829358629582,0.024661756796286446,False
hpmcounter8,191,0.010869240605686012,0.018076957104025966,False
hpmcounter8,192,0.010853614706312572,0.015198404131334897,False
hpmcounter8,193,0.01085083812906108,0.01810702255968818,False
hpmcounter8,194,0.01159099086416239,0.02464365357346238,False
hpmcounter8,195,0.01149909550487891,0.024446331414801785,False
hpmcounter8,196,0.008575683098708816,0.018263733911100432,False
hpmcounter8,197,0.0057433426632826825,0.012261833379375787,False
hpmcounter8,198,0.002908276230180716,0.005996722101118258,False
hpmcounter8,199,0.002907114657751599,0.0059670023531544665,False
hpmcounter8,200,0.002934101146102119,0.005991492132633414,False
hpmcounter8,201,0.002942535891700655,0.005932534062012652,False
hpmcounter8,202,0.007702137124697611,0.007522672459637948,False
hpmcounter8,203,0.01022923266719521,0.012000830943244473,False
hpmcounter8,204,0.008227904561889186,0.012385187527752974,False
hpmcounter8,205,0.008302667716954036,0.012481036531520273,False
hpmcounter8,206,0.008214575377789019,0.012429198534826444,False
hpmcounter8,207,0.005878105362969659,0.01247985920229451,False
hpmcounter8,208,0.005829065095993202,0.01240518859137796,False
hpmcounter8,209,0.005822613164291982,0.012396812562671541,False
hpmcounter8,210,0.0057896403155677425,0.012323102330998228,False
hpmcounter8,211,0.005835500125773594,0.01242558507476844,False
hpmcounter8,212,0.002911238173525473,0.00623390528061889,False
hpmcounter8,213,0.00045756246393116736,0.00031022055954921636,False
hpmcounter8,214,0.0005272907662029654,0.00039249286396231606,False
hpmcounter8,215,0.0005364220310242245,0.000417899044486929,False
hpmcounter8,216,0.000488966699329333,0.00043184365711473584,False
hpmcounter8,217,0.000371908572669355,0.0002628719355543469,False
hpmcounter8,218,0.0005274185543864024,0.00022373420946016624,False
hpmcounter8,219,0.000677550978722502,0.0004175430235956065,False
hpmcounter8,220,0.0005534122974044014,0.000391917531967585,False
hpmcounter8,221,0.0006319525755484341,0.0003637183871047409,False
hpmcounter8,222,0.0006571365754917735,0.0004610615907520018,False
hpmcounter8,223,0.0028848513444256667,0.00615154803212697,False
hpmcounter8,224,0.00547860230451126,0.007521153384623512,False
hpmcounter8,225,0.00808231532927342,0.01217743652926523,False
hpmcounter8,226,0.01078434085272928,0.017796908670746906,False
hpmcounter8,227,0.013326994870365256,0.02352790328372737,False
hpmcounter8,228,0.014050664975155044,0.03008319976831279,False
hpmcounter8,229,0.013985542641083069,0.02992096299252773,False
hpmcounter8,230,0.013841832538362468,0.0295766596551649,False
hpmcounter8,231,0.01372176090720724,0.02919590330668474,False
hpmcounter8,232,0.013622355122573496,0.028679074227597044,False
hpmcounter8,233,0.010932415145080181,0.022736317301598485,False
hpmcounter8,234,0.008308785103326447,0.01691681340340929,False
hpmcounter8,235,0.0058034865453327235,0.011218830382938636,False
hpmcounter8,236,0.003120811948034389,0.005604442452371122,False
hpmcounter8,237,0.0006289066467172026,0.000625994174156253,False
hpmcounter8,238,0.0005059124946169502,0.0004358760682132384,False
hpmcounter8,239,0.0004388700596939632,0.0003525713352565698,False
hpmcounter8,240,0.00048081268038793203,0.00038892514451002844,False
hpmcounter8,241,0.000503243986744159,0.0003778531054875774,False
hpmcounter8,242,0.0005261184676325876,0.000348207240131452,False
hpmcounter8,243,0.0031861806668698326,0.005312539283551048,False
hpmcounter8,244,0.006175721576230421,0.010506714648271456,False
hpmcounter8,245,0.010854709567985144,0.015194125989557295,False
hpmcounter8,246,0.01625824452203389,0.02106788111808556,False
hpmcounter8,247,0.021704868331657193,0.027460470466959454,False
hpmcounter8,248,0.021658255552348044,0.026687326015545545,False
hpmcounter8,249,0.019022993578773736,0.024311518080698896,False
hpmcounter8,250,0.013640232028614727,0.01806372680566659,False
hpmcounter8,251,0.008265267447725034,0.0119380030231217,False
hpmcounter8,252,0.003057798619767631,0.0062925964083441355,False
hpmcounter8,253,0.002953395616539388,0.006299303089649242,False
hpmcounter8,254,0.005739406826537649,0.01217700677509025,False
hpmcounter8,255,0.008572016610171537,0.018175588621532353,False
hpmcounter8,256,0.011448681101760835,0.024289758584567358,False
hpmcounter8,257,0.0114522832055308,0.02429777294932377,False
hpmcounter8,258,0.00850263593616706,0.018071700458510156,False
hpmcounter8,259,0.008209504287554854,0.012284129027307982,False
hpmcounter8,260,0.008185852623435609,0.012237903111631056,False
hpmcounter8,261,0.01080690091636629,0.01480200096969088,False
hpmcounter8,262,0.01073571305709307,0.014707199497744726,False
hpmcounter8,263,0.012721271195339334,0.014020977924520873,False
hpmcounter8,264,0.015026246242290231,0.015354832788718053,False
hpmcounter8,265,0.015179482167339026,0.018197926085482236,False
hpmcounter8,266,0.015404845972313761,0.018402687037625463,False
hpmcounter8,267,0.02167735117072975,0.022669290045079244,False
hpmcounter8,268,0.026513535515253744,0.02888232724695293,False
hpmcounter8,269,0.028018243336332054,0.028938706951050094,False
hpmcounter8,270,0.03084381037829036,0.03258669671147108,False
hpmcounter8,271,0.03154525465851825,0.03530280571149797,False
hpmcounter8,272,0.02705583601285032,0.03301829629556768,False
hpmcounter8,273,0.023653043629826367,0.03137170771735486,False
hpmcounter8,274,0.018438300596910234,0.02419511316764791,False
hpmcounter8,275,0.014636139976616442,0.017170585467843075,False
hpmcounter8,276,0.010431426725563003,0.014940850831585733,False
hpmcounter8,277,0.010900847463417426,0.01650189731906414,False
hpmcounter8,278,0.013852848321902294,0.021481913463354974,False
hpmcounter8,279,0.01892310500272098,0.026853373016314287,False
hpmcounter8,280,0.01836051954434908,0.024299046981606273,False
hpmcounter8,281,0.015294768230792743,0.020731267044664194,False
hpmcounter8,282,0.012423159725703297,0.018510520937998813,False
hpmcounter8,283,0.0073164359622213595,0.011732703781236498,False
hpmcounter8,284,0.002733021745086768,0.005845688712121232,False
hpmcounter8,285,0.002739403062008401,0.005896889548012617,False
hpmcounter8,286,0.002793652318922053,0.005918098205059649,False
hpmcounter8,287,0.0027455244795110702,0.005903482313666374,False
hpmcounter8,288,0.0027781864683432216,0.0059702312901852425,False
hpmcounter8,289,0.002827058741757178,0.006079247225566133,False
hpmcounter8,290,0.0005698480820731575,0.0003768079394046604,False
hpmcounter8,291,0.0005153802520821884,0.0005304196096786408,False
hpmcounter8,292,0.002844909644474566,0.00563187176786245,False
hpmcounter8,293,0.005359210922702918,0.011186274592529577,False
hpmcounter8,294,0.010301847081852169,0.01658604609959146,False
hpmcounter8,295,0.0127617729230264,0.021789494946622825,False
hpmcounter8,296,0.015293036322888611,0.027091545278745112,False
hpmcounter8,297,0.015131133202713292,0.026681167507258522,False
hpmcounter8,298,0.014723255588609976,0.020909717629445667,False
hpmcounter9,5,0.0,1e-06,True
hpmcounter9,6,0.0,1e-06,True
hpmcounter9,7,0.0,1e-06,True
hpmcounter9,8,0.02850402582394767,0.060406577011609494,False
hpmcounter9,9,0.028504025823947628,0.060406577011609515,False
hpmcounter9,10,0.028504025823947583,0.060406577011609515,False
hpmcounter9,11,0.028504025823947683,0.060406577011609466,False
hpmcounter9,12,0.028504025823947517,0.06040657701160953,False
hpmcounter9,13,0.0,1e-06,True
hpmcounter9,14,0.0,1e-06,True
hpmcounter9,15,0.0,1e-06,True
hpmcounter9,16,0.0,1e-06,True
hpmcounter9,17,0.0,1e-06,True
hpmcounter9,18,0.0,1e-06,True
hpmcounter9,19,0.0,1e-06,True
hpmcounter9,20,0.027030104454336717,0.055097927945895304,False
hpmcounter9,21,0.04411344483947312,0.06434468106349868,False
hpmcounter9,22,0.06663611200941741,0.08948195771049881,False
hpmcounter9,23,0.06663611200941721,0.08948195771049884,False
hpmcounter9,24,0.06663611200941714,0.08948195771049886,False
hpmcounter9,25,0.0510317884800902,0.08930358945504978,False
hpmcounter9,26,0.027640447461527697,0.03733416244451306,False
hpmcounter9,27,0.0,1e-06,True
hpmcounter9,28,0.0,1e-06,True
hpmcounter9,29,0.0,1e-06,True
hpmcounter9,30,0.0,1e-06,True
hpmcounter9,31,0.0,1e-06,True
hpmcounter9,32,0.0,1e-06,True
hpmcounter9,33,0.0,1e-06,True
hpmcounter9,34,0.0,1e-06,True
hpmcounter9,35,0.0,1e-06,True
hpmcounter9,36,0.0,1e-06,True
hpmcounter9,37,0.0,1e-06,True
hpmcounter9,38,0.0,1e-06,True
hpmcounter9,39,0.0,1e-06,True
hpmcounter9,40,0.0,1e-06,True
hpmcounter9,41,0.0,1e-06,True
hpmcounter9,42,0.0,1e-06,True
hpmcounter9,43,0.0,1e-06,True
hpmcounter9,44,0.0,1e-06,True
hpmcounter9,45,0.020245503870493835,0.04378544745273381,False
hpmcounter9,46,0.020245503870493932,0.04378544745273375,False
hpmcounter9,47,0.020245503870493876,0.04378544745273375,False
hpmcounter9,48,0.039850508312768575,0.05474303921015729,False
hpmcounter9,49,0.05439426417842862,0.05603910269326022,False
hpmcounter9,50,0.06583437721112036,0.0778119492869788,False
hpmcounter9,51,0.06869776064634822,0.07251673288994867,False
hpmcounter9,52,0.11821656093588617,0.10738581710708989,False
hpmcounter9,53,0.09607458849992498,0.08582843152211678,False
hpmcounter9,54,0.08307336897865968,0.08420926048212803,False
hpmcounter9,55,0.08718855569048208,0.08386528199304152,False
hpmcounter9,56,0.07402618084089116,0.08030031596585145,False
hpmcounter9,57,0.02940461552814082,0.05701132663456082,False
hpmcounter9,58,0.01385638597349042,0.02879567471724135,False
hpmcounter9,59,0.013856385973490499,0.028795674717241353,False
hpmcounter9,60,0.01385638597349032,0.02879567471724137,False
hpmcounter9,61,0.026012324067856328,0.03510747411765612,False
hpmcounter9,62,0.03869271793360263,0.05925835261092802,False
hpmcounter9,63,0.041977518752191044,0.08892526669368273,False
hpmcounter9,64,0.04197751875219108,0.0889252666936827,False
hpmcounter9,65,0.05213806399741472,0.08592644479581749,False
hpmcounter9,66,0.04956684413922911,0.07023805580027982,False
hpmcounter9,67,0.04233719448545932,0.05314401027246943,False
hpmcounter9,68,0.03566317321193465,0.053206241313736094,False
hpmcounter9,69,0.03566317321193467,0.05320624131373605,False
hpmcounter9,70,0.024379113884585368,0.029499558544778495,False
hpmcounter9,71,0.013445618756497213,0.02552188212614751,False
hpmcounter9,72,0.02499358515657481,0.052975139233473266,False
hpmcounter9,73,0.024993585156574856,0.052975139233473245,False
hpmcounter9,74,0.035695034558102266,0.05332938940219887,False
hpmcounter9,75,0.04880432787786108,0.05687100172910552,False
hpmcounter9,76,0.0590741623810069,0.05346938881978551,False
hpmcounter9,77,0.05151284994539068,0.057126213309981855,False
hpmcounter9,78,0.051512849945390606,0.057126213309981896,False
hpmcounter9,79,0.05390768374393121,0.04605816481120126,False
hpmcounter9,80,0.050526315789427734,0.05868655176207984,False
hpmcounter9,81,0.06055988598534144,0.07478018752897962,False
hpmcounter9,82,0.06432993192024786,0.07417118802347554,False
hpmcounter9,83,0.06432993192024783,0.07417118802347557,False
hpmcounter9,84,0.050475022193377087,0.05059311403527767,False
hpmcounter9,85,0.042934154880155576,0.05191098136108274,False
hpmcounter9,86,0.03885539659164058,0.05659718043966703,False
hpmcounter9,87,0.019059284427570804,0.03246421424420983,False
hpmcounter9,88,0.019059284427570912,0.03246421424420984,False
hpmcounter9,89,0.009835067230110997,0.013497834914622465,False
hpmcounter9,90,0.00983506723011112,0.013497834914622423,False
hpmcounter9,91,0.009835067230110978,0.013497834914622416,False
hpmcounter9,92,0.015011359938004818,0.021107496169149347,False
hpmcounter9,93,0.023139494152971427,0.035205280745918555,False
hpmcounter9,94,0.023342542799158796,0.03278484132487879,False
hpmcounter9,95,0.02856202637958092,0.030982499504411454,False
hpmcounter9,96,0.02856202637958096,0.030982499504411447,False
hpmcounter9,97,0.029228526448627567,0.03200900900597239,False
hpmcounter9,98,0.02443537841068973,0.03339677599990043,False
hpmcounter9,99,0.03176389221459855,0.043453891093964116,False
hpmcounter9,100,0.030445566520064006,0.03466509567630255,False
hpmcounter9,101,0.030445566520064037,0.03466509567630258,False
hpmcounter9,102,0.023903659080841407,0.03600104242429808,False
hpmcounter9,103,0.023903659080841397,0.03600104242429816,False
hpmcounter9,104,0.01587936981865069,0.021726174320062953,False
hpmcounter9,105,0.01597246366598909,0.02185824349658768,False
hpmcounter9,106,0.015972463665989006,0.02185824349658774,False
hpmcounter9,107,0.015972463665989086,0.021858243496587697,False
hpmcounter9,108,0.029315335227326805,0.03379981731214595,False
hpmcounter9,109,0.023286522292561458,0.03489471894789871,False
hpmcounter9,110,0.01625525387043912,0.034695798585700835,False
hpmcounter9,111,0.02127938127083015,0.03176037922489204,False
hpmcounter9,112,0.02904595523464789,0.032450127599364505,False
hpmcounter9,113,0.019262003264779153,0.023986432834736577,False
hpmcounter9,114,0.019262003264779053,0.02398643283473659,False
hpmcounter9,115,0.019262003264779087,0.023986432834736622,False
hpmcounter9,116,0.00948413072975678,0.011168363977690063,False
hpmcounter9,117,0.0,1e-06,True
hpmcounter9,118,0.0,1e-06,True
hpmcounter9,119,0.0,1e-06,True
hpmcounter9,120,0.015934620079075278,0.0306706066944069,False
hpmcounter9,121,0.034056744616181946,0.03508157748261883,False
hpmcounter9,122,0.03405674461618195,0.035081577482618836,False
hpmcounter9,123,0.03405674461618195,0.035081577482618836,False
hpmcounter9,124,0.03405674461618194,0.03508157748261887,False
hpmcounter9,125,0.022547699024366635,0.032424194901986225,False
hpmcounter9,126,0.0,1e-06,True
hpmcounter9,127,0.0,1e-06,True
hpmcounter9,128,0.022814678291255847,0.034213500228427327,False
hpmcounter9,129,0.02281467829125585,0.03421350022842732,False
hpmcounter9,130,0.03783675390980799,0.06596526536179718,False
hpmcounter9,131,0.03783675390980802,0.06596526536179718,False
hpmcounter9,132,0.05126375726680221,0.09651667383611588,False
hpmcounter9,133,0.03040578252126434,0.06532453521954497,False
hpmcounter9,134,0.03040578252126429,0.06532453521954489,False
hpmcounter9,135,0.01590661771740811,0.03099425144508596,False
hpmcounter9,136,0.015906617717408138,0.030994251445085906,False
hpmcounter9,137,0.0,1e-06,True
hpmcounter9,138,0.0,1e-06,True
hpmcounter9,139,0.0,1e-06,True
hpmcounter9,140,0.021129660412968973,0.02652249509900338,False
hpmcounter9,141,0.032717363052094134,0.034743151164249884,False
hpmcounter9,142,0.03271736305209418,0.03474315116424982,False
hpmcounter9,143,0.032717363052094196,0.03474315116424987,False
hpmcounter9,144,0.03271736305209412,0.034743151164249884,False
hpmcounter9,145,0.018166526789128258,0.028380462932247254,False
hpmcounter9,146,0.0,1e-06,True
hpmcounter9,147,0.0,1e-06,True
hpmcounter9,148,0.0,1e-06,True
hpmcounter9,149,0.0,1e-06,True
hpmcounter9,150,0.0,1e-06,True
hpmcounter9,151,0.0,1e-06,True
hpmcounter9,152,0.006695702372909962,0.013896730269913447,False
hpmcounter9,153,0.006695702372909909,0.013896730269913482,False
hpmcounter9,154,0.006695702372909937,0.013896730269913513,False
hpmcounter9,155,0.01244508943148311,0.0170887341287847,False
hpmcounter9,156,0.012445089431483059,0.017088734128784724,False
hpmcounter9,157,0.011705997033833428,0.012351523512093874,False
hpmcounter9,158,0.017729090061211768,0.01767543716071543,False
hpmcounter9,159,0.023834429051012344,0.024541869958089848,False
hpmcounter9,160,0.030074104144559778,0.03225242855275021,False
hpmcounter9,161,0.031535782652134026,0.032524757718667634,False
hpmcounter9,162,0.02485048926356007,0.023340829683754342,False
hpmcounter9,163,0.01845884761335801,0.016726246253975004,False
hpmcounter9,164,0.01257997931295338,0.014143406004265871,False
hpmcounter9,165,0.005506882557930116,0.011667282074592632,False
hpmcounter9,166,0.0,1e-06,True
hpmcounter9,167,0.0,1e-06,True
hpmcounter9,168,0.0,1e-06,True
hpmcounter9,169,0.0,1e-06,True
hpmcounter9,170,0.0,1e-06,True
hpmcounter9,171,0.0,1e-06,True
hpmcounter9,172,0.0,1e-06,True
hpmcounter9,173,0.0,1e-06,True
hpmcounter9,174,0.0,1e-06,True
hpmcounter9,175,0.0,1e-06,True
hpmcounter9,176,0.0,1e-06,True
hpmcounter9,177,0.0,1e-06,True
hpmcounter9,178,0.0,1e-06,True
hpmcounter9,179,0.0,1e-06,True
hpmcounter9,180,0.0,1e-06,True
hpmcounter9,181,0.0,1e-06,True
hpmcounter9,182,0.0,1e-06,True
hpmcounter9,183,0.0,1e-06,True
hpmcounter9,184,0.005693739362093347,0.011481376159255995,False
hpmcounter9,185,0.011277262152382457,0.023228829960066075,False
hpmcounter9,186,0.011277262152382492,0.023228829960066054,False
hpmcounter9,187,0.02097080029226758,0.02862563507121846,False
hpmcounter9,188,0.02097080029226758,0.02862563507121846,False
hpmcounter9,189,0.01574200874199054,0.02375152324499123,False
hpmcounter9,190,0.011194541481848076,0.02376877251752976,False
hpmcounter9,191,0.011194541481848171,0.023768772517529745,False
hpmcounter9,192,0.0,1e-06,True
hpmcounter9,193,0.0,1e-06,True
hpmcounter9,194,0.0,1e-06,True
hpmcounter9,195,0.0,1e-06,True
hpmcounter9,196,0.0,1e-06,True
hpmcounter9,197,0.0,1e-06,True
hpmcounter9,198,0.0,1e-06,True
hpmcounter9,199,0.0,1e-06,True
hpmcounter9,200,0.005626629993455086,0.011928724232373069,False
hpmcounter9,201,0.005626629993455117,0.011928724232373062,False
hpmcounter9,202,0.005626629993455041,0.011928724232373077,False
hpmcounter9,203,0.005626629993455167,0.011928724232373053,False
hpmcounter9,204,0.005626629993455026,0.011928724232373088,False
hpmcounter9,205,0.0,1e-06,True
hpmcounter9,206,0.005687334022254611,0.011860293758310039,False
hpmcounter9,207,0.009820079731148852,0.01261538933368464,False
hpmcounter9,208,0.009820079731148786,0.012615389333684533,False
hpmcounter9,209,0.016578745523430312,0.021492075762131753,False
hpmcounter9,210,0.016578745523430274,0.021492075762131774,False
hpmcounter9,211,0.01896777657864978,0.017209825613838426,False
hpmcounter9,212,0.024179156695940958,0.024210403009358512,False
hpmcounter9,213,0.024179156695941003,0.024210403009358446,False
hpmcounter9,214,0.022570246933345278,0.0310139689571422,False
hpmcounter9,215,0.02257024693334531,0.03101396895714216,False
hpmcounter9,216,0.01757527835684439,0.03049376731188072,False
hpmcounter9,217,0.004719336426968405,0.010197149506611769,False
hpmcounter9,218,0.004719336426968432,0.010197149506611753,False
hpmcounter9,219,0.0,1e-06,True
hpmcounter9,220,0.0,1e-06,True
hpmcounter9,221,0.0,1e-06,True
hpmcounter9,222,0.0,1e-06,True
hpmcounter9,223,0.0,1e-06,True
hpmcounter9,224,0.0,1e-06,True
hpmcounter9,225,0.0,1e-06,True
hpmcounter9,226,0.0,1e-06,True
hpmcounter9,227,0.004720114472836108,0.00991492510836853,False
hpmcounter9,228,0.009501364240648081,0.019447943529631504,False
hpmcounter9,229,0.009501364240648066,0.019447943529631303,False
hpmcounter9,230,0.00950136424064805,0.019447943529631473,False
hpmcounter9,231,0.009501364240648062,0.01944794352963143,False
hpmcounter9,232,0.0048063085613491395,0.009527021946005224,False
hpmcounter9,233,0.0,1e-06,True
hpmcounter9,234,0.0,1e-06,True
hpmcounter9,235,0.0,1e-06,True
hpmcounter9,236,0.0,1e-06,True
hpmcounter9,237,0.0,1e-06,True
hpmcounter9,238,0.0,1e-06,True
hpmcounter9,239,0.0,1e-06,True
hpmcounter9,240,0.0,1e-06,True
hpmcounter9,241,0.0,1e-06,True
hpmcounter9,242,0.0,1e-06,True
hpmcounter9,243,0.0,1e-06,True
hpmcounter9,244,0.0,1e-06,True
hpmcounter9,245,0.0,1e-06,True
hpmcounter9,246,0.0,1e-06,True
hpmcounter9,247,0.0,1e-06,True
hpmcounter9,248,0.0,1e-06,True
hpmcounter9,249,0.0,1e-06,True
hpmcounter9,250,0.0,1e-06,True
hpmcounter9,251,0.0,1e-06,True
hpmcounter9,252,0.004715439718804218,0.009989406228604452,False
hpmcounter9,253,0.009415681739072139,0.01995085832285942,False
hpmcounter9,254,0.009415681739072139,0.019950858322859415,False
hpmcounter9,255,0.009415681739072082,0.019950858322859425,False
hpmcounter9,256,0.01729146827786509,0.024058258896156526,False
hpmcounter9,257,0.015895496459942572,0.01897413598102165,False
hpmcounter9,258,0.012617412626668456,0.019502837258268103,False
hpmcounter9,259,0.012617412626668462,0.01950283725826811,False
hpmcounter9,260,0.017977212752036505,0.02137949973133958,False
hpmcounter9,261,0.012213092956933186,0.017914015943654178,False
hpmcounter9,262,0.009495021504223631,0.017508460789096382,False
hpmcounter9,263,0.0094950215042236,0.017508460789096274,False
hpmcounter9,264,0.0094950215042236,0.017508460789096365,False
hpmcounter9,265,0.0,1e-06,True
hpmcounter9,266,0.0,1e-06,True
hpmcounter9,267,0.0,1e-06,True
hpmcounter9,268,0.0,1e-06,True
hpmcounter9,269,0.0,1e-06,True
hpmcounter9,270,0.0,1e-06,True
hpmcounter9,271,0.0,1e-06,True
hpmcounter9,272,0.004349902025472906,0.009028898143505625,False
hpmcounter9,273,0.007722371215442674,0.00975047916098419,False
hpmcounter9,274,0.007722371215442657,0.009750479160984144,False
hpmcounter9,275,0.007722371215442704,0.009750479160984152,False
hpmcounter9,276,0.010417572512727452,0.011757297931544902,False
hpmcounter9,277,0.007821890345524605,0.011136611165181578,False
hpmcounter9,278,0.004277253513985936,0.009098509146940822,False
hpmcounter9,279,0.004277253513985847,0.00909850914694083,False
hpmcounter9,280,0.011162966370297516,0.011527481669651141,False
hpmcounter9,281,0.009873249405363296,0.011325904852277581,False
hpmcounter9,282,0.013076052498395685,0.016586164310895216,False
hpmcounter9,283,0.013076052498395729,0.01658616431089521,False
hpmcounter9,284,0.014145829853246366,0.015966214784232744,False
hpmcounter9,285,0.010925044273109962,0.016572647955021898,False
hpmcounter9,286,0.007173219529547284,0.009992852384510411,False
hpmcounter9,287,0.003954329667402812,0.008539386078009295,False
hpmcounter9,288,0.003954329667402908,0.008539386078009218,False
hpmcounter9,289,0.0039816975185502325,0.008302776743683685,False
hpmcounter9,290,0.003981697518550175,0.008302776743683722,False
hpmcounter9,291,0.003981697518550182,0.008302776743683698,False
hpmcounter9,292,0.003981697518550233,0.008302776743683625,False
hpmcounter9,293,0.003981697518550152,0.008302776743683704,False
hpmcounter9,294,0.0,1e-06,True
hpmcounter9,295,0.003987548508954079,0.008500614320944759,False
hpmcounter9,296,0.003987548508954152,0.00850061432094475,False
hpmcounter9,297,0.0076499609650634934,0.01046502824207607,False
hpmcounter9,298,0.007649960965063528,0.010465028242076067,False
hpmcounter10,5,0.27839503556439604,0.20723698592090276,False
hpmcounter10,6,0.2797277597373943,0.20629650628345048,False
hpmcounter10,7,0.08739122046054948,0.13944762465388202,False
hpmcounter10,8,0.09766109112146755,0.15306083704293172,False
hpmcounter10,9,0.07194680315681827,0.12770924453712607,False
hpmcounter10,10,0.05576444174543416,0.10521572886040044,False
hpmcounter10,11,0.05681514018350511,0.10017237628289503,False
hpmcounter10,12,0.05002605429606033,0.0845977921580103,False
hpmcounter10,13,0.04586278890812082,0.07887252059917527,False
hpmcounter10,14,0.04383554369731768,0.07918141330429433,False
hpmcounter10,15,0.05165781151885636,0.09047156696144285,False
hpmcounter10,16,0.0399490217133321,0.0726113799270761,False
hpmcounter10,17,0.03405890039198977,0.06072439084655819,False
hpmcounter10,18,0.031127861416856983,0.05486693090487142,False
hpmcounter10,19,0.033034297603628866,0.05784996131339166,False
hpmcounter10,20,0.036081048520301126,0.05695508055051948,False
hpmcounter10,21,0.03286144268820185,0.052609237274087395,False
hpmcounter10,22,0.029947484593453456,0.048531279775868734,False
hpmcounter10,23,0.0308889790956278,0.04130582511055853,False
hpmcounter10,24,0.02186235809153275,0.031895020174594176,False
hpmcounter10,25,0.014944090230565171,0.02643582310433074,False
hpmcounter10,26,0.012346605024453828,0.023288625514203555,False
hpmcounter10,27,0.010759981456303847,0.02279566809538049,False
hpmcounter10,28,0.010217200383850423,0.013977431566357749,False
hpmcounter10,29,0.01532251243550815,0.02289306005241164,False
hpmcounter10,30,0.020319098145284303,0.03331401130830325,False
hpmcounter10,31,0.033488489894579344,0.04368101707608679,False
hpmcounter10,32,0.04270704946048492,0.053338794489620554,False
hpmcounter10,33,0.04915751486534954,0.046902597857945545,False
hpmcounter10,34,0.04867363499373762,0.04650721262648623,False
hpmcounter10,35,0.0478648532599092,0.042739790342845266,False
hpmcounter10,36,0.042218047094749626,0.04387329571964307,False
hpmcounter10,37,0.04011607342193647,0.0534810028304072,False
hpmcounter10,38,0.02778942724926718,0.042469758916127066,False
hpmcounter10,39,0.022936115624602033,0.03337926995967691,False
hpmcounter10,40,0.017909588116199825,0.025756108254647483,False
hpmcounter10,41,0.013123879220833093,0.02108683535779457,False
hpmcounter10,42,0.016713707284679684,0.02999840202117048,False
hpmcounter10,43,0.01671370728467961,0.02999840202117051,False
hpmcounter10,44,0.01671370728467969,0.029998402021170455,False
hpmcounter10,45,0.016028655190745363,0.029606292882793622,False
hpmcounter10,46,0.017626875855148084,0.028323726876843484,False
hpmcounter10,47,0.020236953891917448,0.030439792391485986,False
hpmcounter10,48,0.02403239246788606,0.03517176740778855,False
hpmcounter10,49,0.027625484054532884,0.04148629137930336,False
hpmcounter10,50,0.023401228833003336,0.03813825907528176,False
hpmcounter10,51,0.018438579643695836,0.029216748449234695,False
hpmcounter10,52,0.013761630547027526,0.021687361816805504,False
hpmcounter10,53,0.013971150371175717,0.024661617706154177,False
hpmcounter10,54,0.012691796713724304,0.02503779730661587,False
hpmcounter10,55,0.015458758515138487,0.025561630154469245,False
hpmcounter10,56,0.02031236713691095,0.019768536526501977,False
hpmcounter10,57,0.027301409385294094,0.026899941315043113,False
hpmcounter10,58,0.033672905039544405,0.036770254057311984,False
hpmcounter10,59,0.03989050910962973,0.04352567351895701,False
hpmcounter10,60,0.04259386649169926,0.04488299559805653,False
hpmcounter10,61,0.04158588356681174,0.04289316546413322,False
hpmcounter10,62,0.04258827560904071,0.03988588369650577,False
hpmcounter10,63,0.043311761673529826,0.040597363637988104,False
hpmcounter10,64,0.03892375944472741,0.036282436840825105,False
hpmcounter10,65,0.03514476616900592,0.03096695357185321,False
hpmcounter10,66,0.02523223869489393,0.02256789559713712,False
hpmcounter10,67,0.018030776239609032,0.015238113421079945,False
hpmcounter10,68,0.012204405682831605,0.014592295135016291,False
hpmcounter10,69,0.013047627796335805,0.02152163551231822,False
hpmcounter10,70,0.013681575309128668,0.02880891699156998,False
hpmcounter10,71,0.013681575309128552,0.028808916991570017,False
hpmcounter10,72,0.013677410871656037,0.02911422440252604,False
hpmcounter10,73,0.012463837306827744,0.021393448359985686,False
hpmcounter10,74,0.011228366756469764,0.016999261944303953,False
hpmcounter10,75,0.009294380769127916,0.012028282485678415,False
hpmcounter10,76,0.01129469734817525,0.01308612093740918,False
hpmcounter10,77,0.014408770487240314,0.016632855620716393,False
hpmcounter10,78,0.01728466448616802,0.019362848265914598,False
hpmcounter10,79,0.0176982426802371,0.026687403690969475,False
hpmcounter10,80,0.017698242680237085,0.026687403690969513,False
hpmcounter10,81,0.017840194399913935,0.021368764815441667,False
hpmcounter10,82,0.01596904973885154,0.02248950619315792,False
hpmcounter10,83,0.01274978420274534,0.021133873799668336,False
hpmcounter10,84,0.01020550991891887,0.02165703347059885,False
hpmcounter10,85,0.010205509918919005,0.0216570334705988,False
hpmcounter10,86,0.009719466740779935,0.014519506210477751,False
hpmcounter10,87,0.009703334053830387,0.014526437219408337,False
hpmcounter10,88,0.006851000767472287,0.01452086872579759,False
hpmcounter10,89,0.006851000767472293,0.014520868725797591,False
hpmcounter10,90,0.006851000767472226,0.014520868725797612,False
hpmcounter10,91,0.0033880653353046387,0.007188053568421424,False
hpmcounter10,92,0.0,1e-06,True
hpmcounter10,93,0.0,1e-06,True
hpmcounter10,94,0.0,1e-06,True
hpmcounter10,95,0.0,1e-06,True
hpmcounter10,96,0.0,1e-06,True
hpmcounter10,97,0.0,1e-06,True
hpmcounter10,98,0.0,1e-06,True
hpmcounter10,99,0.0,1e-06,True
hpmcounter10,100,0.0,1e-06,True
hpmcounter10,101,0.0,1e-06,True
hpmcounter10,102,0.0,1e-06,True
hpmcounter10,103,0.0033181981455249706,0.007190471681549977,False
hpmcounter10,104,0.006555496088792011,0.014273325877479788,False
hpmcounter10,105,0.0065554960887920415,0.014273325877479736,False
hpmcounter10,106,0.006555496088791986,0.014273325877479771,False
hpmcounter10,107,0.006555496088792081,0.014273325877479787,False
hpmcounter10,108,0.0032850012163498756,0.007062898906540047,False
hpmcounter10,109,0.0,1e-06,True
hpmcounter10,110,0.0,1e-06,True
hpmcounter10,111,0.0,1e-06,True
hpmcounter10,112,0.0,1e-06,True
hpmcounter10,113,0.0,1e-06,True
hpmcounter10,114,0.0,1e-06,True
hpmcounter10,115,0.0,1e-06,True
hpmcounter10,116,0.0036871582979218333,0.006851513556259626,False
hpmcounter10,117,0.009982940735273645,0.013482939876316534,False
hpmcounter10,118,0.01199543027058215,0.013213964918928608,False
hpmcounter10,119,0.014271255405783102,0.013079986191943189,False
hpmcounter10,120,0.014271255405783062,0.013079986191943182,False
hpmcounter10,121,0.01154015945715825,0.008919652862187405,False
hpmcounter10,122,0.006210981170561298,0.008869055501364536,False
hpmcounter10,123,0.006404480101624038,0.008964896860469694,False
hpmcounter10,124,0.0058655464530310815,0.00860258708557003,False
hpmcounter10,125,0.005865546453031103,0.00860258708557001,False
hpmcounter10,126,0.00586554645303108,0.008602587085570023,False
hpmcounter10,127,0.008224881190529758,0.009137437500783076,False
hpmcounter10,128,0.005805904907375409,0.007552521729477501,False
hpmcounter10,129,0.0033468802143676035,0.007138460154348696,False
hpmcounter10,130,0.0033468802143675515,0.007138460154348684,False
hpmcounter10,131,0.0033468802143675294,0.007138460154348701,False
hpmcounter10,132,0.0033910097875371734,0.0071038562368627,False
hpmcounter10,133,0.006333048375992414,0.00875450612913769,False
hpmcounter10,134,0.006333048375992414,0.008754506129137701,False
hpmcounter10,135,0.006333048375992405,0.008754506129137682,False
hpmcounter10,136,0.009050641716292787,0.009134142885181816,False
hpmcounter10,137,0.009105469414903481,0.009170412232739544,False
hpmcounter10,138,0.00912366895623015,0.00917833420379585,False
hpmcounter10,139,0.01517144978340916,0.016643427658759716,False
hpmcounter10,140,0.018278898230466266,0.02088284647901646,False
hpmcounter10,141,0.019387184164155382,0.02622172001335914,False
hpmcounter10,142,0.02199356835320418,0.03359990532923948,False
hpmcounter10,143,0.02627553196821759,0.03298869975593893,False
hpmcounter10,144,0.030991207944067668,0.03422986994130264,False
hpmcounter10,145,0.031694154691382086,0.03469320230241026,False
hpmcounter10,146,0.030244263140051714,0.029113540263399355,False
hpmcounter10,147,0.029053038656446466,0.026498948843477924,False
hpmcounter10,148,0.027302292217292752,0.024201828818545358,False
hpmcounter10,149,0.02460343292318331,0.028065221178305514,False
hpmcounter10,150,0.02310223118026137,0.031752110517726195,False
hpmcounter10,151,0.018314508577310713,0.024608736387804003,False
hpmcounter10,152,0.01638433227000247,0.018746411206071616,False
hpmcounter10,153,0.011952606453855456,0.013978159560272782,False
hpmcounter10,154,0.010421975894229125,0.017018789180719533,False
hpmcounter10,155,0.012257605148422116,0.016325886751203455,False
hpmcounter10,156,0.01587608504709608,0.016717112164243625,False
hpmcounter10,157,0.018197289608040824,0.017431022908718126,False
hpmcounter10,158,0.02172723427718932,0.023212916717858443,False
hpmcounter10,159,0.023332786996083606,0.027200377694464317,False
hpmcounter10,160,0.022675730019248413,0.029715145668415967,False
hpmcounter10,161,0.021384505959885006,0.02780098726585334,False
hpmcounter10,162,0.019113157451355563,0.02226831378437053,False
hpmcounter10,163,0.01625395026123529,0.021574664362672722,False
hpmcounter10,164,0.013688798231585721,0.018424023390755273,False
hpmcounter10,165,0.014081641493764027,0.015264171396856348,False
hpmcounter10,166,0.014472393726522365,0.012847177171799154,False
hpmcounter10,167,0.014509370270054783,0.016273249021387413,False
hpmcounter10,168,0.0155231032683119,0.018305042187359698,False
hpmcounter10,169,0.01552310326831186,0.018305042187359698,False
hpmcounter10,170,0.009940225162495025,0.012063471878055652,False
hpmcounter10,171,0.008309731472834602,0.011762290143789015,False
hpmcounter10,172,0.011086156296638356,0.017327698930033848,False
hpmcounter10,173,0.01568815275543977,0.01765439027498306,False
hpmcounter10,174,0.021070536843407643,0.020380918422215327,False
hpmcounter10,175,0.023598915986629793,0.022466892623455442,False
hpmcounter10,176,0.021063791705401635,0.020797767430777502,False
hpmcounter10,177,0.015810170288579516,0.01844997638313199,False
hpmcounter10,178,0.00842527605028019,0.012553436117120908,False
hpmcounter10,179,0.002993212918086048,0.006340858629511831,False
hpmcounter10,180,0.0,1e-06,True
hpmcounter10,181,0.0,1e-06,True
hpmcounter10,182,0.0,1e-06,True
hpmcounter10,183,0.0,1e-06,True
hpmcounter10,184,0.0029891462041040885,0.0063358312241699076,False
hpmcounter10,185,0.005963630030656567,0.012651059280763436,False
hpmcounter10,186,0.008913213109220145,0.018930572551405078,False
hpmcounter10,187,0.011828085511461616,0.025159759535887935,False
hpmcounter10,188,0.014699021216034516,0.03132469826093492,False
hpmcounter10,189,0.014528365005684307,0.031109704423122865,False
hpmcounter10,190,0.011553881179131788,0.024814071272176424,False
hpmcounter10,191,0.010888467352643922,0.01812872614968086,False
hpmcounter10,192,0.010858173796205314,0.01514737781773247,False
hpmcounter10,193,0.010831180549504944,0.018164730745585913,False
hpmcounter10,194,0.011588078753716816,0.02461950882812709,False
hpmcounter10,195,0.011588078753716865,0.024619508828127076,False
hpmcounter10,196,0.008665881099805447,0.018440535831985346,False
hpmcounter10,197,0.00575409128505605,0.012268154801529622,False
hpmcounter10,198,0.0028623583856136363,0.006116651442789392,False
hpmcounter10,199,0.0029812520528107096,0.006048230808111603,False
hpmcounter10,200,0.0029812520528106853,0.006048230808111578,False
hpmcounter10,201,0.0029812520528106736,0.006048230808111584,False
hpmcounter10,202,0.007763954387361824,0.007577194005273661,False
hpmcounter10,203,0.010151727634288423,0.011871396692517053,False
hpmcounter10,204,0.008140422664213269,0.012303319474307363,False
hpmcounter10,205,0.008140422664213245,0.012303319474307371,False
hpmcounter10,206,0.008140422664213281,0.012303319474307376,False
hpmcounter10,207,0.0057890987836376456,0.012276969037804002,False
hpmcounter10,208,0.005755734188630346,0.012235255823991811,False
hpmcounter10,209,0.005755734188630352,0.012235255823991818,False
hpmcounter10,210,0.005755734188630301,0.012235255823991834,False
hpmcounter10,211,0.005755734188630401,0.012235255823991814,False
hpmcounter10,212,0.0028407044346714363,0.006049055954982744,False
hpmcounter10,213,0.0,1e-06,True
hpmcounter10,214,0.0,1e-06,True
hpmcounter10,215,0.0,1e-06,True
hpmcounter10,216,0.0,1e-06,True
hpmcounter10,217,0.0,1e-06,True
hpmcounter10,218,0.0,1e-06,True
hpmcounter10,219,0.0,1e-06,True
hpmcounter10,220,0.0,1e-06,True
hpmcounter10,221,0.0,1e-06,True
hpmcounter10,222,0.0,1e-06,True
hpmcounter10,223,0.0029133105193756862,0.006172826594088221,False
hpmcounter10,224,0.005508114020865651,0.00754284211341557,False
hpmcounter10,225,0.008229899721495994,0.012316486513917355,False
hpmcounter10,226,0.010919611662618603,0.01793594317956858,False
hpmcounter10,227,0.013569190794176409,0.0237602643265454,False
hpmcounter10,228,0.014154920313125768,0.030322470241915363,False
hpmcounter10,229,0.013992794624828506,0.030035729296531335,False
hpmcounter10,230,0.013896243996248354,0.02964607112355342,False
hpmcounter10,231,0.013765210029016059,0.02920769858209993,False
hpmcounter10,232,0.013638477472130253,0.028583849073907788,False
hpmcounter10,233,0.010967627250848492,0.022596078871318422,False
hpmcounter10,234,0.008281464294390924,0.01670996029999825,False
hpmcounter10,235,0.0055419223322609665,0.01096031418330001,False
hpmcounter10,236,0.0027605602688025024,0.005355479435156414,False
hpmcounter10,237,0.0,1e-06,True
hpmcounter10,238,0.0,1e-06,True
hpmcounter10,239,0.0,1e-06,True
hpmcounter10,240,0.0,1e-06,True
hpmcounter10,241,0.0,1e-06,True
hpmcounter10,242,0.0,1e-06,True
hpmcounter10,243,0.0030949615678088635,0.0052987138260126125,False
hpmcounter10,244,0.006179125278539414,0.010741953670322569,False
hpmcounter10,245,0.011047933567339874,0.015611788149240113,False
hpmcounter10,246,0.01660359188110036,0.02144976266108078,False
hpmcounter10,247,0.02218054450687173,0.02797085789368433,False
hpmcounter10,248,0.022099319560395715,0.027225729362450372,False
hpmcounter10,249,0.019319756409550283,0.024738996335573485,False
hpmcounter10,250,0.013819238698367093,0.01838290569010276,False
hpmcounter10,251,0.008290332621797614,0.011944335724437352,False
hpmcounter10,252,0.002949538919956992,0.006136063109690049,False
hpmcounter10,253,0.002927089972804448,0.006201789452544249,False
hpmcounter10,254,0.005801064599684975,0.012288861969031365,False
hpmcounter10,255,0.008718640278121656,0.0184724201992376,False
hpmcounter10,256,0.011616852059450473,0.024625428032896263,False
hpmcounter10,257,0.011616852059450507,0.024625428032896253,False
hpmcounter10,258,0.008689762086646046,0.018436381599484537,False
hpmcounter10,259,0.008310319896555644,0.012446620440784328,False
hpmcounter10,260,0.00830730702201353,0.012401974697883298,False
hpmcounter10,261,0.010999181907762922,0.015053786827443894,False
hpmcounter10,262,0.010999181907762884,0.015053786827443917,False
hpmcounter10,263,0.012929559944640928,0.014248630013707521,False
hpmcounter10,264,0.015363630591211496,0.01564381996056049,False
hpmcounter10,265,0.015447891505532944,0.018630498554580304,False
hpmcounter10,266,0.01563208840610382,0.018659895645614412,False
hpmcounter10,267,0.022014165685214637,0.023150545418437782,False
hpmcounter10,268,0.026907234286288967,0.029527013392578186,False
hpmcounter10,269,0.028563193183633283,0.02933028459170671,False
hpmcounter10,270,0.03132470187747375,0.03310576151541136,False
hpmcounter10,271,0.03207874505004703,0.035774921488203985,False
hpmcounter10,272,0.027486880076950125,0.03340467349976863,False
hpmcounter10,273,0.024088546168500872,0.03178230725282287,False
hpmcounter10,274,0.01883244936119214,0.024620092168841323,False
hpmcounter10,275,0.014922541225245218,0.01724500469117159,False
hpmcounter10,276,0.010654324824897437,0.015254257947788985,False
hpmcounter10,277,0.011301707251944338,0.016856956082917,False
hpmcounter10,278,0.014350262164250107,0.021853813212626222,False
hpmcounter10,279,0.01948206501992391,0.027253153464171814,False
hpmcounter10,280,0.018595822801914446,0.024562780570825248,False
hpmcounter10,281,0.015581313187785616,0.021015750569264427,False
hpmcounter10,282,0.012570261053759491,0.01870008045638776,False
hpmcounter10,283,0.007387739829422528,0.011924455381689122,False
hpmcounter10,284,0.0027978677387567666,0.0059603908118537,False
hpmcounter10,285,0.0027678315585854605,0.005922574562816473,False
hpmcounter10,286,0.0027678315585853933,0.00592257456281652,False
hpmcounter10,287,0.002767831558585431,0.005922574562816469,False
hpmcounter10,288,0.002767831558585425,0.005922574562816465,False
hpmcounter10,289,0.002767831558585406,0.005922574562816499,False
hpmcounter10,290,0.0,1e-06,True
hpmcounter10,291,0.0,1e-06,True
hpmcounter10,292,0.0027204753993109307,0.005853168956317017,False
hpmcounter10,293,0.005401605493478092,0.011507299385494975,False
hpmcounter10,294,0.010588943215369347,0.017032093426788582,False
hpmcounter10,295,0.013194963180578107,0.02244525941093749,False
hpmcounter10,296,0.015752326680451543,0.027851947856368065,False
hpmcounter10,297,0.015609337701594506,0.027420341714364933,False
hpmcounter10,298,0.015198873726303278,0.021388122058941847,False
