counter,window_end_iter,mu_Gnew,sigma_Gnew,sigma_fragile
hpmcounter3,10,0.08795135640391291,0.12435803623774204,False
hpmcounter3,11,0.10635217146954638,0.08018274006745002,False
hpmcounter3,12,0.050926722510913104,0.08618500739569405,False
hpmcounter3,13,0.05444675351749513,0.0908090355189826,False
hpmcounter3,14,0.04626681847404293,0.08028851974747375,False
hpmcounter3,15,0.046071239149071866,0.07503377194393149,False
hpmcounter3,16,0.04264359745140335,0.07044884062527088,False
hpmcounter3,17,0.03509885330159221,0.0616835840389314,False
hpmcounter3,18,0.030272444295902774,0.0558325194816029,False
hpmcounter3,19,0.02978808192597146,0.05746865408714724,False
hpmcounter3,20,0.03477051714841682,0.061015081339664906,False
hpmcounter3,21,0.031449033136205444,0.05479615738518186,False
hpmcounter3,22,0.029350874033766676,0.04995905682466711,False
hpmcounter3,23,0.028948181013188495,0.04321649080331632,False
hpmcounter3,24,0.026707408664630377,0.038287150580970555,False
hpmcounter3,25,0.024126315612576908,0.03477690499858614,False
hpmcounter3,26,0.02170620951899764,0.029745465022761614,False
hpmcounter3,27,0.019485377535628737,0.025321401999903854,False
hpmcounter3,28,0.01879458625209193,0.02074357640822663,False
hpmcounter3,29,0.016735120533814957,0.018100957514674467,False
hpmcounter3,30,0.0142115289704318,0.01644465314937738,False
hpmcounter3,31,0.018199988707760656,0.01941354419039095,False
hpmcounter3,32,0.02241404735307607,0.02308996811704742,False
hpmcounter3,33,0.024837669959709215,0.024427950790342635,False
hpmcounter3,34,0.026504345978795814,0.025902211383605715,False
hpmcounter3,35,0.029984047051997587,0.027473826558532907,False
hpmcounter3,36,0.03351574581499685,0.029815355057928247,False
hpmcounter3,37,0.034938210574657916,0.032728258551525426,False
hpmcounter3,38,0.032885596908462975,0.03136928898084773,False
hpmcounter3,39,0.03079868799331769,0.030829766887424014,False
hpmcounter3,40,0.028489477659256145,0.0280554559677654,False
hpmcounter3,41,0.02414640977257173,0.028122661624516487,False
hpmcounter3,42,0.025308773794805162,0.03447338155948362,False
hpmcounter3,43,0.020086089591059127,0.029042944851098717,False
hpmcounter3,44,0.017922247968642512,0.026374323437192104,False
hpmcounter3,45,0.015422352297695058,0.024215203673967706,False
hpmcounter3,46,0.013163600782140234,0.022433543183094127,False
hpmcounter3,47,0.01474452214783028,0.026331252442793166,False
hpmcounter3,48,0.016367984012930437,0.02664119610691317,False
hpmcounter3,49,0.017903181263782,0.027602592462525524,False
hpmcounter3,50,0.015779735358984734,0.024020760116110724,False
hpmcounter3,51,0.015238526807172654,0.023579648004550518,False
hpmcounter3,52,0.015231837076614768,0.023464978050503852,False
hpmcounter3,53,0.016587018288841897,0.026393246060637938,False
hpmcounter3,54,0.016586334120473917,0.02639350030335605,False
hpmcounter3,55,0.016475791304341677,0.022197365358081568,False
hpmcounter3,56,0.015498080336774162,0.0159174885973479,False
hpmcounter3,57,0.016424366347146023,0.01347214189105086,False
hpmcounter3,58,0.01840056805885689,0.01756211286712125,False
hpmcounter3,59,0.020735671663224608,0.019898214382287536,False
hpmcounter3,60,0.023164705121004693,0.02309603244005561,False
hpmcounter3,61,0.02428236887044885,0.028293720189514385,False
hpmcounter3,62,0.029090716316771265,0.031198555324405502,False
hpmcounter3,63,0.0324008400721376,0.033865681592039454,False
hpmcounter3,64,0.03406578437151488,0.036037715251268705,False
hpmcounter3,65,0.0331901099641715,0.0339791817172263,False
hpmcounter3,66,0.02891342208170903,0.02930874976131823,False
hpmcounter3,67,0.025427740409286637,0.024567326357728354,False
hpmcounter3,68,0.024140765831879022,0.02156547211694412,False
hpmcounter3,69,0.021777224935515687,0.017167754449442782,False
hpmcounter3,70,0.021064720860792648,0.015392200107695335,False
hpmcounter3,71,0.016569041760866838,0.01359868046132427,False
hpmcounter3,72,0.013992340925228691,0.016168094532420105,False
hpmcounter3,73,0.010570175488423712,0.016699343972288328,False
hpmcounter3,74,0.011353606337716853,0.017373965327599824,False
hpmcounter3,75,0.01007690890700919,0.016490491711028617,False
hpmcounter3,76,0.0111738242886262,0.015999033282320094,False
hpmcounter3,77,0.011896736559623752,0.012543560947378369,False
hpmcounter3,78,0.012576669850004774,0.010786695534590217,False
hpmcounter3,79,0.012609015228741161,0.01215225688590971,False
hpmcounter3,80,0.011327426877619954,0.012226867328731152,False
hpmcounter3,81,0.01264814450347391,0.012206458659902556,False
hpmcounter3,82,0.013510222791529242,0.013691815396222839,False
hpmcounter3,83,0.013634732468029476,0.015276918845650168,False
hpmcounter3,84,0.012460344956087707,0.015695471023839672,False
hpmcounter3,85,0.012459446511523973,0.015698098559813585,False
hpmcounter3,86,0.011774598378643388,0.01352666425060774,False
hpmcounter3,87,0.011219689283318908,0.013010906071866378,False
hpmcounter3,88,0.008489661083475802,0.010165155727306736,False
hpmcounter3,89,0.007534733855914595,0.01067054501151023,False
hpmcounter3,90,0.007534888267792755,0.010671759327975061,False
hpmcounter3,91,0.006036227095981216,0.008258757905127112,False
hpmcounter3,92,0.004521722984680665,0.0067617606747353036,False
hpmcounter3,93,0.0031862827262279583,0.006753236290972398,False
hpmcounter3,94,0.003189107619829823,0.006759179643341523,False
hpmcounter3,95,0.0031912734916832277,0.006763759627416419,False
hpmcounter3,96,0.0015762227488044498,0.0033437230732029305,False
hpmcounter3,97,2.8953957321203178e-05,2.0925085689860617e-05,False
hpmcounter3,98,2.840495868295205e-05,1.9353515195885698e-05,False
hpmcounter3,99,2.7593437704627814e-05,1.858206543821199e-05,False
hpmcounter3,100,2.8934131177272072e-05,2.0374602925327694e-05,False
hpmcounter3,101,2.378730839274548e-05,1.8782434143874104e-05,False
hpmcounter3,102,2.4956225198558697e-05,1.996723616485277e-05,False
hpmcounter3,103,0.001559375234092174,0.003358912086754055,False
hpmcounter3,104,0.0030897406195229513,0.00668063129622228,False
hpmcounter3,105,0.0030897430942956167,0.006680614638888914,False
hpmcounter3,106,0.0030920136881604408,0.006685477245012488,False
hpmcounter3,107,0.0030921841101496875,0.006685872100593243,False
hpmcounter3,108,0.003092297371444108,0.0066861373720240825,False
hpmcounter3,109,0.003092382347210521,0.006686315255241928,False
hpmcounter3,110,0.0030934640791055587,0.006688641502459677,False
hpmcounter3,111,0.003093441972217006,0.00668865174738056,False
hpmcounter3,112,0.0030934503668648564,0.0066887236791701695,False
hpmcounter3,113,0.0015310257642703975,0.0033250547956554188,False
hpmcounter3,114,4.006805538764556e-05,2.8287010245801896e-05,False
hpmcounter3,115,3.836593511424187e-05,2.837253536518352e-05,False
hpmcounter3,116,0.0017016898608079717,0.0032001462386747445,False
hpmcounter3,117,0.004639130609977282,0.006281792620497594,False
hpmcounter3,118,0.005588017123672479,0.006132394121716669,False
hpmcounter3,119,0.006659736764378091,0.00609228145476762,False
hpmcounter3,120,0.0066592368337231285,0.0060909130793242805,False
hpmcounter3,121,0.0066630345703523565,0.006093441254446674,False
hpmcounter3,122,0.00666720871516837,0.006097276388427434,False
hpmcounter3,123,0.008024862359109642,0.009027294801717982,False
hpmcounter3,124,0.00867420871368621,0.008654221950972159,False
hpmcounter3,125,0.008680735513540682,0.008657152460386971,False
hpmcounter3,126,0.007279708703536203,0.0058432769897838336,False
hpmcounter3,127,0.00497170995634687,0.004241169001109578,False
hpmcounter3,128,0.0039782824443089235,0.004130164115286409,False
hpmcounter3,129,0.0037284338661112983,0.004257420819903065,False
hpmcounter3,130,0.0037338367247479673,0.004263544712652077,False
hpmcounter3,131,0.003736975647669312,0.004267213056629305,False
hpmcounter3,132,0.00504654842877183,0.0042182215463857425,False
hpmcounter3,133,0.004882135552795186,0.004264683775935377,False
hpmcounter3,134,0.004261249177635143,0.004285679390438833,False
hpmcounter3,135,0.004261059382615576,0.004285446261562556,False
hpmcounter3,136,0.005331379984808184,0.004108235825857099,False
hpmcounter3,137,0.005623959768995886,0.0064699141165703656,False
hpmcounter3,138,0.006614623372216612,0.00608415003463116,False
hpmcounter3,139,0.009279593675591804,0.007883790199353782,False
hpmcounter3,140,0.010685516256602145,0.009395626959443681,False
hpmcounter3,141,0.01243198609566798,0.011691862971579382,False
hpmcounter3,142,0.012718840963455786,0.014879780659594789,False
hpmcounter3,143,0.015204392745956313,0.017720076128071055,False
hpmcounter3,144,0.018082173546398607,0.020613677279589068,False
hpmcounter3,145,0.020763624585790237,0.023738008823206463,False
hpmcounter3,146,0.02162564126643863,0.024111270366103745,False
hpmcounter3,147,0.023441217971556252,0.024503256954589006,False
hpmcounter3,148,0.024572189736232944,0.022794191298499415,False
hpmcounter3,149,0.025847922013041875,0.022505968467256044,False
hpmcounter3,150,0.023990460606418663,0.021177710438728948,False
hpmcounter3,151,0.021488096410191403,0.01913841180627631,False
hpmcounter3,152,0.020239236607137813,0.01690746654764137,False
hpmcounter3,153,0.017994517272215134,0.01584667578792467,False
hpmcounter3,154,0.016177131428352948,0.01646369493453957,False
hpmcounter3,155,0.01586841903908831,0.015237543375962195,False
hpmcounter3,156,0.014929999063853411,0.011934849404957313,False
hpmcounter3,157,0.01486987619288985,0.01011565937416895,False
hpmcounter3,158,0.01380588899244839,0.010377907719483818,False
hpmcounter3,159,0.013204833699641264,0.012564925770812226,False
hpmcounter3,160,0.014352516392880205,0.014444264114115682,False
hpmcounter3,161,0.015115039096179905,0.016626598804333936,False
hpmcounter3,162,0.015178601435106751,0.01603237067745793,False
hpmcounter3,163,0.015354095790020473,0.0165713971175597,False
hpmcounter3,164,0.015511269429953883,0.016669010493274204,False
hpmcounter3,165,0.014428818136583286,0.01605351621942115,False
hpmcounter3,166,0.01406792549651802,0.012159579879951666,False
hpmcounter3,167,0.013222073507407384,0.010734484289074663,False
hpmcounter3,168,0.013032296067713242,0.008965702439832184,False
hpmcounter3,169,0.011970824666164661,0.008253703735593768,False
hpmcounter3,170,0.010912903007217842,0.008548801969407532,False
hpmcounter3,171,0.010523572219415717,0.009212066345891353,False
hpmcounter3,172,0.010853981348869631,0.011128689294175443,False
hpmcounter3,173,0.01335906114967079,0.01307926287798594,False
hpmcounter3,174,0.015724647342314026,0.012525053545188368,False
hpmcounter3,175,0.014678174667093907,0.01078814626600484,False
hpmcounter3,176,0.01256246923194893,0.011724098098641179,False
hpmcounter3,177,0.012444079153836343,0.01210037816114225,False
hpmcounter3,178,0.011238163887241776,0.010662520504397735,False
hpmcounter3,179,0.01123552288453895,0.010662694124850925,False
hpmcounter3,180,0.011234811711444963,0.010662337639530202,False
hpmcounter3,181,0.01002361026682603,0.009873888346073542,False
hpmcounter3,182,0.007529132374777006,0.00876688309787297,False
hpmcounter3,183,0.004020741942878379,0.005966923814447591,False
hpmcounter3,184,0.0027046993134295055,0.0037001612191555106,False
hpmcounter3,185,0.0028486969248817003,0.0060389281534498915,False
hpmcounter3,186,0.0042593225085679354,0.009036770467735163,False
hpmcounter3,187,0.005652887413156611,0.012007210611138235,False
hpmcounter3,188,0.007029775683312268,0.01495361745159057,False
hpmcounter3,189,0.008385453242066819,0.017868727496618452,False
hpmcounter3,190,0.008385434974239553,0.017868669599964276,False
hpmcounter3,191,0.009269860757111632,0.017515719798769407,False
hpmcounter3,192,0.010581744906337166,0.017453330640757162,False
hpmcounter3,193,0.011874138305920889,0.017887623914364326,False
hpmcounter3,194,0.011798754605315348,0.01650357415564253,False
hpmcounter3,195,0.01045289912478631,0.014498223132647987,False
hpmcounter3,196,0.009117363221122712,0.012900393395895618,False
hpmcounter3,197,0.007797363466262361,0.011871072281362948,False
hpmcounter3,198,0.006493533536324893,0.01154522394454322,False
hpmcounter3,199,0.006621653339951919,0.011523016182693488,False
hpmcounter3,200,0.006621585724995531,0.011523923204444488,False
hpmcounter3,201,0.005295836869474976,0.008656840233248012,False
hpmcounter3,202,0.005842044213260879,0.0054452406229500115,False
hpmcounter3,203,0.005805796433849831,0.005394788548530069,False
hpmcounter3,204,0.00488261003727679,0.005690275457029136,False
hpmcounter3,205,0.00488254201582416,0.005684798719037729,False
hpmcounter3,206,0.004881605648137314,0.005681299081420107,False
hpmcounter3,207,0.006107355725279928,0.00834056820288008,False
hpmcounter3,208,0.007361989724015206,0.011081826902372536,False
hpmcounter3,209,0.0065556992102222935,0.011421403189392582,False
hpmcounter3,210,0.0065562905183319765,0.011422923077350001,False
hpmcounter3,211,0.006557204203481194,0.011424794120909899,False
hpmcounter3,212,0.004130441618459679,0.008767438103079653,False
hpmcounter3,213,0.002753418680095973,0.005851951866617791,False
hpmcounter3,214,0.002753465680185296,0.005852051678999451,False
hpmcounter3,215,0.002755008377207624,0.00585533551628269,False
hpmcounter3,216,0.0027550698800114896,0.0058554643360574305,False
hpmcounter3,217,0.0013567830736517842,0.0028884303253427918,False
hpmcounter3,218,3.115647941625208e-05,2.412418764158239e-05,False
hpmcounter3,219,3.2115813539936725e-05,2.3071456167630684e-05,False
hpmcounter3,220,3.384690577035443e-05,2.731795793053953e-05,False
hpmcounter3,221,3.418062355506068e-05,2.7630892601913133e-05,False
hpmcounter3,222,3.365111996495515e-05,3.066266514521073e-05,False
hpmcounter3,223,0.0014059796916295608,0.002983062676119577,False
hpmcounter3,224,0.002638411477812454,0.003625471549153386,False
hpmcounter3,225,0.003937317880579953,0.005908763929380394,False
hpmcounter3,226,0.005220566164917284,0.008606466976756957,False
hpmcounter3,227,0.006481898474855337,0.01141077112842009,False
hpmcounter3,228,0.007722541680829012,0.01423878682357129,False
hpmcounter3,229,0.00893702562007111,0.0170558005739416,False
hpmcounter3,230,0.010125635825908093,0.019853822277872517,False
hpmcounter3,231,0.011281461372783092,0.022611634444376243,False
hpmcounter3,232,0.012414096223087371,0.025269248060009148,False
hpmcounter3,233,0.011911558763666017,0.025518707340590027,False
hpmcounter3,234,0.0105645008010539,0.022567784711059906,False
hpmcounter3,235,0.009218469401413135,0.01963791555734651,False
hpmcounter3,236,0.007870755627385137,0.01672663957678578,False
hpmcounter3,237,0.0065435756477408985,0.013834155466035832,False
hpmcounter3,238,0.0052205968537261185,0.010970546471722168,False
hpmcounter3,239,0.003922209875769503,0.008138728347464314,False
hpmcounter3,240,0.0026209016745342914,0.005345972947398407,False
hpmcounter3,241,0.0013069677851033565,0.002615841790539255,False
hpmcounter3,242,2.752236582725595e-05,1.7881631206777564e-05,False
hpmcounter3,243,0.0015035567331945464,0.0025628074751125707,False
hpmcounter3,244,0.0029985278430126063,0.005180131523408371,False
hpmcounter3,245,0.005318542827440616,0.007530579062223803,False
hpmcounter3,246,0.007974775262075842,0.010338963879920737,False
hpmcounter3,247,0.010653940578108607,0.013463964153234908,False
hpmcounter3,248,0.011948777182950954,0.014630844646992188,False
hpmcounter3,249,0.011947697893475648,0.014632284745901268,False
hpmcounter3,250,0.011949060220232488,0.014632690268238392,False
hpmcounter3,251,0.011950770184419838,0.014632371982953484,False
hpmcounter3,252,0.011947655721192597,0.014632948148940526,False
hpmcounter3,253,0.011185482420627273,0.012685632582625679,False
hpmcounter3,254,0.011042695127500893,0.011483204277862251,False
hpmcounter3,255,0.009662752367180373,0.010317823093971418,False
hpmcounter3,256,0.008652687982126702,0.01132637950652467,False
hpmcounter3,257,0.006594701531104527,0.011441856915923643,False
hpmcounter3,258,0.0055153983287940765,0.01175385278083815,False
hpmcounter3,259,0.006648495106701652,0.01149819186354862,False
hpmcounter3,260,0.007966833736425791,0.014345371440311594,False
hpmcounter3,261,0.010573928612138066,0.01718015209287692,False
hpmcounter3,262,0.010577653424626115,0.017182787954318497,False
hpmcounter3,263,0.009777902164489063,0.013962445771896344,False
hpmcounter3,264,0.010953266358779032,0.012183456406880948,False
hpmcounter3,265,0.011001033006797379,0.012249994370824987,False
hpmcounter3,266,0.011690117943745438,0.01351871571410602,False
hpmcounter3,267,0.01432992768379158,0.015646334818675542,False
hpmcounter3,268,0.01774551818515426,0.01795939472949781,False
hpmcounter3,269,0.019000438242674084,0.015843609713615203,False
hpmcounter3,270,0.02017804183839045,0.01809494352424837,False
hpmcounter3,271,0.02110009788984561,0.019207270460513744,False
hpmcounter3,272,0.022244058636698046,0.021109746240745558,False
hpmcounter3,273,0.022201036266752128,0.023984376348483372,False
hpmcounter3,274,0.02087149853813091,0.023608609363761007,False
hpmcounter3,275,0.02002628605132467,0.02298542625905862,False
hpmcounter3,276,0.018863662767914895,0.020201984743822867,False
hpmcounter3,277,0.0165251825594927,0.01742649699216753,False
hpmcounter3,278,0.01513102582400743,0.015176127111436066,False
hpmcounter3,279,0.014740807535025038,0.014100126841639306,False
hpmcounter3,280,0.01346408100889083,0.013710617040255554,False
hpmcounter3,281,0.011544921143346697,0.013991346272877092,False
hpmcounter3,282,0.01051077328264231,0.013995761925515113,False
hpmcounter3,283,0.010156970725705232,0.014221884309160797,False
hpmcounter3,284,0.010157510491995706,0.014217975451225648,False
hpmcounter3,285,0.009853753526770028,0.01371431567194212,False
hpmcounter3,286,0.008470054079796546,0.012371449928715349,False
hpmcounter3,287,0.007152985230080363,0.011557191097790052,False
hpmcounter3,288,0.004718469971078126,0.008439925909836178,False
hpmcounter3,289,0.0026664083525381366,0.005689412137923924,False
hpmcounter3,290,0.0013244600843921657,0.002832515338230177,False
hpmcounter3,291,0.0013256266714849376,0.002834963456939435,False
hpmcounter3,292,0.002402176028699075,0.003436174581996549,False
hpmcounter3,293,0.003567953346558622,0.0055126467901057295,False
hpmcounter3,294,0.0059129790850798915,0.007834039196997763,False
hpmcounter3,295,0.0063152644633205825,0.010701492760652964,False
hpmcounter3,296,0.007560562666634095,0.01324077725203303,False
hpmcounter3,297,0.00885576145098595,0.015696392235708075,False
hpmcounter3,298,0.009906080913316408,0.01544951889858624,False
hpmcounter4,10,0.07483470518571642,0.0680539020093777,False
hpmcounter4,11,0.0763322533613794,0.06628000489767637,False
hpmcounter4,12,0.05035568227710061,0.08517044968804328,False
hpmcounter4,13,0.05389735285295326,0.08986452406483966,False
hpmcounter4,14,0.045818979495265706,0.0792563855743865,False
hpmcounter4,15,0.045611867900507475,0.07399923957193859,False
hpmcounter4,16,0.042260484351868716,0.06940096266810476,False
hpmcounter4,17,0.03487487736974554,0.06076436596666281,False
hpmcounter4,18,0.02978636052029359,0.055229634547934586,False
hpmcounter4,19,0.029722419406040125,0.05664354824193759,False
hpmcounter4,20,0.03466585582293987,0.06017976251349019,False
hpmcounter4,21,0.031199554456820565,0.054348977276757936,False
hpmcounter4,22,0.029183492274811196,0.04962812057164283,False
hpmcounter4,23,0.02878838435851831,0.042921142741021094,False
hpmcounter4,24,0.026560455483749044,0.03799245911705708,False
hpmcounter4,25,0.024012926076897693,0.03446402261500034,False
hpmcounter4,26,0.021610757561476953,0.029487494486523904,False
hpmcounter4,27,0.01940139690696724,0.025099028368888082,False
hpmcounter4,28,0.018687559094047436,0.020547444415628953,False
hpmcounter4,29,0.016636093952330174,0.01789846239216046,False
hpmcounter4,30,0.01408711592875756,0.01626995787213224,False
hpmcounter4,31,0.017988343298253932,0.019216825235753566,False
hpmcounter4,32,0.022206613304298916,0.02285601128263437,False
hpmcounter4,33,0.0246359723248048,0.024229707833015545,False
hpmcounter4,34,0.026280055030030502,0.025673841628656123,False
hpmcounter4,35,0.02972417500201412,0.02720310594233811,False
hpmcounter4,36,0.03321895357881625,0.029503876521395543,False
hpmcounter4,37,0.03462358421261701,0.0323762497483988,False
hpmcounter4,38,0.032591814175117084,0.031035489672415404,False
hpmcounter4,39,0.030530183207559243,0.030504040849148817,False
hpmcounter4,40,0.028245489215762455,0.027765703311423258,False
hpmcounter4,41,0.02395174998333809,0.027795963592759168,False
hpmcounter4,42,0.02509379883161107,0.03412461927706518,False
hpmcounter4,43,0.019892099228913118,0.028778562269019106,False
hpmcounter4,44,0.017756920446089404,0.026150804783781845,False
hpmcounter4,45,0.015296490947723933,0.024035364861470652,False
hpmcounter4,46,0.013018781424707877,0.0222970170308357,False
hpmcounter4,47,0.014603853499168696,0.026144777253709218,False
hpmcounter4,48,0.0162061253398777,0.02643892560913629,False
hpmcounter4,49,0.0177156224932017,0.02736807404769559,False
hpmcounter4,50,0.015617174652195032,0.02381302037300587,False
hpmcounter4,51,0.015088973668242477,0.02338738268289682,False
hpmcounter4,52,0.015063917089836782,0.02324151591158621,False
hpmcounter4,53,0.016412833259094768,0.026158803050058698,False
hpmcounter4,54,0.016412833259094657,0.02615880305005872,False
hpmcounter4,55,0.016301991931535597,0.021988208371987027,False
hpmcounter4,56,0.015327774664394495,0.01578357995067044,False
hpmcounter4,57,0.016250913480190567,0.013348648466504267,False
hpmcounter4,58,0.018233503297027977,0.01737294982236968,False
hpmcounter4,59,0.020553681658419854,0.019688725271877417,False
hpmcounter4,60,0.022972030290793675,0.02286368630163705,False
hpmcounter4,61,0.02409037568663922,0.028016026057139713,False
hpmcounter4,62,0.028847207612901594,0.030959545617366347,False
hpmcounter4,63,0.0321221640368618,0.03361447944287986,False
hpmcounter4,64,0.03377673216837325,0.03576896396370734,False
hpmcounter4,65,0.032912991925497466,0.03373933986504658,False
hpmcounter4,66,0.02868694505921495,0.029107490213274533,False
hpmcounter4,67,0.02523738732623338,0.02439204585001415,False
hpmcounter4,68,0.023953144113613083,0.02140660506071397,False
hpmcounter4,69,0.021618072343138027,0.017051338479250316,False
hpmcounter4,70,0.020923722131176666,0.015279073239014156,False
hpmcounter4,71,0.016459643322389573,0.013475891978966384,False
hpmcounter4,72,0.013883853601675267,0.01603819889926055,False
hpmcounter4,73,0.010497805694615382,0.01655819818167077,False
hpmcounter4,74,0.011271313970904782,0.017239083155941744,False
hpmcounter4,75,0.010004246223444669,0.016363045415130204,False
hpmcounter4,76,0.011088735056397746,0.015876523311838673,False
hpmcounter4,77,0.011808995635450056,0.012449781496833245,False
hpmcounter4,78,0.012476262296927752,0.010708549137836556,False
hpmcounter4,79,0.012508865660471682,0.012061506694221246,False
hpmcounter4,80,0.011235633233970222,0.0121310882742892,False
hpmcounter4,81,0.012545585995174182,0.012110672101080777,False
hpmcounter4,82,0.013399892009880019,0.013583564079298184,False
hpmcounter4,83,0.013546465845114758,0.015197088478923586,False
hpmcounter4,84,0.0123826746159022,0.015615130725443618,False
hpmcounter4,85,0.01238267461590226,0.015615130725443618,False
hpmcounter4,86,0.011709787543786283,0.013465276390419065,False
hpmcounter4,87,0.011184485327223808,0.012957725066760961,False
hpmcounter4,88,0.00847582623981186,0.010149128129023537,False
hpmcounter4,89,0.007527021772999748,0.010651707083781678,False
hpmcounter4,90,0.007527021772999715,0.01065170708378169,False
hpmcounter4,91,0.006037103281189915,0.00825938768224884,False
hpmcounter4,92,0.004533479845725523,0.00677262659359068,False
hpmcounter4,93,0.0031891512385917066,0.006759316329356937,False
hpmcounter4,94,0.003189151238591751,0.006759316329356905,False
hpmcounter4,95,0.0031891512385917977,0.006759316329356904,False
hpmcounter4,96,0.0015920435179091093,0.0033771973831615595,False
hpmcounter4,97,0.0,1e-06,True
hpmcounter4,98,0.0,1e-06,True
hpmcounter4,99,0.0,1e-06,True
hpmcounter4,100,0.0,1e-06,True
hpmcounter4,101,0.0,1e-06,True
hpmcounter4,102,0.0,1e-06,True
hpmcounter4,103,0.0015487480298701146,0.003333779387373345,False
hpmcounter4,104,0.0030677462705063887,0.006628238471404254,False
hpmcounter4,105,0.0030677462705064134,0.0066282384714042185,False
hpmcounter4,106,0.0030677462705064077,0.006628238471404245,False
hpmcounter4,107,0.003067746270506397,0.006628238471404231,False
hpmcounter4,108,0.0030677462705063024,0.006628238471404265,False
hpmcounter4,109,0.0030677462705064177,0.006628238471404248,False
hpmcounter4,110,0.003067746270506383,0.006628238471404252,False
hpmcounter4,111,0.0030677462705064494,0.00662823847140423,False
hpmcounter4,112,0.0030677462705063054,0.0066282384714042636,False
hpmcounter4,113,0.0015189982406362602,0.003295748494853127,False
hpmcounter4,114,0.0,1e-06,True
hpmcounter4,115,0.0,1e-06,True
hpmcounter4,116,0.001696106904689837,0.003177847813927499,False
hpmcounter4,117,0.0046142870603877685,0.006239696694576218,False
hpmcounter4,118,0.005555449153839737,0.006091767694450747,False
hpmcounter4,119,0.006615025852261284,0.00604906510448328,False
hpmcounter4,120,0.006615025852261249,0.006049065104483374,False
hpmcounter4,121,0.00661502585226129,0.006049065104483326,False
hpmcounter4,122,0.006615025852261251,0.006049065104483391,False
hpmcounter4,123,0.00795729202002828,0.008950950373756563,False
hpmcounter4,124,0.008611655426032056,0.008583597562975425,False
hpmcounter4,125,0.008611655426032103,0.00858359756297544,False
hpmcounter4,126,0.007222658319336062,0.005801422192032192,False
hpmcounter4,127,0.004905851313594864,0.004211108397850457,False
hpmcounter4,128,0.0039388158366574656,0.004075604203207054,False
hpmcounter4,129,0.0036926529304306954,0.004226632518337025,False
hpmcounter4,130,0.0036926529304307566,0.004226632518336884,False
hpmcounter4,131,0.003692652930430698,0.004226632518336946,False
hpmcounter4,132,0.004986852909427815,0.004175005375452379,False
hpmcounter4,133,0.004829659366560507,0.004224198941095582,False
hpmcounter4,134,0.004209917428407707,0.004233746738228417,False
hpmcounter4,135,0.004209917428407613,0.00423374673822845,False
hpmcounter4,136,0.005271642669281927,0.004062568098468305,False
hpmcounter4,137,0.005565016851904423,0.00640354311536153,False
hpmcounter4,138,0.006545360326934415,0.006024636551441143,False
hpmcounter4,139,0.009189457533633963,0.007809912764376554,False
hpmcounter4,140,0.010594984805585897,0.009308947401115418,False
hpmcounter4,141,0.012333907879566983,0.011588041088601881,False
hpmcounter4,142,0.01263538408633228,0.014755712225489185,False
hpmcounter4,143,0.015084821322196667,0.01759353867571974,False
hpmcounter4,144,0.017949560108668758,0.02046577247038863,False
hpmcounter4,145,0.020636324799382308,0.02360922715845534,False
hpmcounter4,146,0.021475135649967343,0.02399088572474786,False
hpmcounter4,147,0.023274150928307206,0.024378284310305882,False
hpmcounter4,148,0.02440710762282407,0.02266542947043539,False
hpmcounter4,149,0.02566567117690961,0.022382050964578917,False
hpmcounter4,150,0.02384259218394164,0.021032134605277794,False
hpmcounter4,151,0.021358988690612528,0.01899745808720497,False
hpmcounter4,152,0.020121747657677026,0.01676345190303779,False
hpmcounter4,153,0.01789621463341086,0.01570356371177541,False
hpmcounter4,154,0.016056960441765224,0.016341647134876836,False
hpmcounter4,155,0.01574387675283431,0.015121092947820965,False
hpmcounter4,156,0.014808308358807004,0.011860048761485878,False
hpmcounter4,157,0.014747336434782548,0.010045646953587064,False
hpmcounter4,158,0.013695310786421255,0.01029727568113385,False
hpmcounter4,159,0.013080099420862756,0.012476851387869433,False
hpmcounter4,160,0.014226980444294535,0.014340930992980921,False
hpmcounter4,161,0.014995474301247407,0.0164955485942033,False
hpmcounter4,162,0.015062438454524638,0.015896637366846905,False
hpmcounter4,163,0.015236808580796481,0.0164269913119096,False
hpmcounter4,164,0.01539288795112822,0.016524637501240183,False
hpmcounter4,165,0.014302852295767336,0.01592317148409961,False
hpmcounter4,166,0.013953369738139858,0.012068672946931206,False
hpmcounter4,167,0.01311593746814924,0.010655235488236556,False
hpmcounter4,168,0.012939574090928779,0.008897285076914415,False
hpmcounter4,169,0.011886730963547991,0.008192356359343591,False
hpmcounter4,170,0.010834001773863924,0.008488880330925689,False
hpmcounter4,171,0.010457399799076209,0.009143685321870553,False
hpmcounter4,172,0.010777655392594333,0.011045071875763125,False
hpmcounter4,173,0.013262520387467499,0.012982445173326937,False
hpmcounter4,174,0.015605526534242308,0.01242646923494199,False
hpmcounter4,175,0.01456940204013878,0.01069640617294182,False
hpmcounter4,176,0.012465150796292445,0.011621576025961027,False
hpmcounter4,177,0.012351204821634758,0.011992938416472629,False
hpmcounter4,178,0.01115365511235481,0.010564066330954632,False
hpmcounter4,179,0.011153655112354844,0.010564066330954565,False
hpmcounter4,180,0.011153655112354822,0.010564066330954646,False
hpmcounter4,181,0.00995517728296095,0.009783602630662303,False
hpmcounter4,182,0.007477962250587134,0.008682875625715663,False
hpmcounter4,183,0.003995796046502336,0.005912675177765016,False
hpmcounter4,184,0.0026804371981154584,0.0036667783562633234,False
hpmcounter4,185,0.002825368636824314,0.005988693015441735,False
hpmcounter4,186,0.004227318283061209,0.008967212039498025,False
hpmcounter4,187,0.005616385023650883,0.011926725459176356,False
hpmcounter4,188,0.006988504227815608,0.01486116707045396,False
hpmcounter4,189,0.008339863916352884,0.017764773537700958,False
hpmcounter4,190,0.008339863916352925,0.01776477353770096,False
hpmcounter4,191,0.00921774061488971,0.01741473121759749,False
hpmcounter4,192,0.0105222496081679,0.01735021056988194,False
hpmcounter4,193,0.01181198983120568,0.017784977235961567,False
hpmcounter4,194,0.011742878025384875,0.01641522581791188,False
hpmcounter4,195,0.010406428188606801,0.014423688234281393,False
hpmcounter4,196,0.009078064980955463,0.012834062897545774,False
hpmcounter4,197,0.0077618273469244785,0.011805018429226797,False
hpmcounter4,198,0.006461568549461019,0.011476650883002018,False
hpmcounter4,199,0.006583699173711853,0.011459394656528817,False
hpmcounter4,200,0.006583699173711835,0.011459394656528819,False
hpmcounter4,201,0.005266348549895908,0.008610084566351322,False
hpmcounter4,202,0.005795053737527112,0.005410408189277263,False
hpmcounter4,203,0.005779630239672408,0.005393284332120889,False
hpmcounter4,204,0.004859973987062381,0.005694883310695783,False
hpmcounter4,205,0.004859973987062376,0.005694883310695768,False
hpmcounter4,206,0.004859973987062389,0.005694883310695767,False
hpmcounter4,207,0.006085904798746038,0.008340624390504302,False
hpmcounter4,208,0.007359058613638442,0.011124281756636881,False
hpmcounter4,209,0.006563387369835502,0.01146511038520234,False
hpmcounter4,210,0.00656338736983546,0.01146511038520234,False
hpmcounter4,211,0.006563387369835557,0.011465110385202317,False
hpmcounter4,212,0.0041623594496098,0.008835765080792497,False
hpmcounter4,213,0.0027678919476030696,0.005883284637882779,False
hpmcounter4,214,0.0027678919476030613,0.005883284637882796,False
hpmcounter4,215,0.002767891947603024,0.005883284637882787,False
hpmcounter4,216,0.0027678919476029963,0.00588328463788279,False
hpmcounter4,217,0.0013790452637040033,0.002935964764746903,False
hpmcounter4,218,0.0,1e-06,True
hpmcounter4,219,0.0,1e-06,True
hpmcounter4,220,0.0,1e-06,True
hpmcounter4,221,0.0,1e-06,True
hpmcounter4,222,0.0,1e-06,True
hpmcounter4,223,0.0013829565459061873,0.0029349953232094056,False
hpmcounter4,224,0.002610034049651307,0.0035873918711563334,False
hpmcounter4,225,0.0039013427798622715,0.005866824773290893,False
hpmcounter4,226,0.005177335471487775,0.008555130142515487,False
hpmcounter4,227,0.006434518232653401,0.011346988434782311,False
hpmcounter4,228,0.007669646511271081,0.0141618109941006,False
hpmcounter4,229,0.008879761867341511,0.01696848528823684,False
hpmcounter4,230,0.01006222020681718,0.01975102831199814,False
hpmcounter4,231,0.011214711142494055,0.02249944814399132,False
hpmcounter4,232,0.01235267588104998,0.025197692625595975,False
hpmcounter4,233,0.011865145556644734,0.025440401424422925,False
hpmcounter4,234,0.010532955491437438,0.022516551005491662,False
hpmcounter4,235,0.00919503618333124,0.019604082332114824,False
hpmcounter4,236,0.007855501825198074,0.016708948161273777,False
hpmcounter4,237,0.006536583807899582,0.01382784381398639,False
hpmcounter4,238,0.005220912553936153,0.010976722844304013,False
hpmcounter4,239,0.003918461211310653,0.008157544568882673,False
hpmcounter4,240,0.0026264382201062774,0.005378094278858056,False
hpmcounter4,241,0.0013187523330650832,0.00265776662419023,False
hpmcounter4,242,0.0,1e-06,True
hpmcounter4,243,0.0014925268938073104,0.002534136897078987,False
hpmcounter4,244,0.0029787772417036473,0.005135783222096524,False
hpmcounter4,245,0.005286483877907007,0.00747428077350507,False
hpmcounter4,246,0.007919506874822003,0.010279937152620511,False
hpmcounter4,247,0.010586280240953977,0.013392494405233376,False
hpmcounter4,248,0.011876107520481509,0.01456020884360777,False
hpmcounter4,249,0.011876107520481564,0.014560208843607796,False
hpmcounter4,250,0.011876107520481504,0.014560208843607807,False
hpmcounter4,251,0.011876107520481464,0.014560208843607793,False
hpmcounter4,252,0.011876107520481537,0.014560208843607772,False
hpmcounter4,253,0.011126845277772423,0.012625781272563101,False
hpmcounter4,254,0.011007770850250832,0.011440497749751945,False
hpmcounter4,255,0.00962876602744791,0.010312761715412913,False
hpmcounter4,256,0.008641038408165911,0.01131155117004916,False
hpmcounter4,257,0.006585696264908803,0.011431976287976433,False
hpmcounter4,258,0.005507708133449424,0.011745899578822765,False
hpmcounter4,259,0.006638865665386009,0.01149148958420927,False
hpmcounter4,260,0.007949849138108662,0.014322406438042116,False
hpmcounter4,261,0.010563329005973066,0.017184800195015497,False
hpmcounter4,262,0.010563329005973149,0.01718480019501551,False
hpmcounter4,263,0.0097456316619493,0.013989822259735595,False
hpmcounter4,264,0.010906231053934169,0.012154207780808772,False
hpmcounter4,265,0.010955017361835592,0.012198914109715261,False
hpmcounter4,266,0.011639057818695292,0.01343876310040131,False
hpmcounter4,267,0.014264019843668527,0.015542947195865742,False
hpmcounter4,268,0.017659836349066666,0.017830265729245277,False
hpmcounter4,269,0.018909208124230758,0.01572108915021676,False
hpmcounter4,270,0.02008562049189727,0.017944348641401334,False
hpmcounter4,271,0.020972149930931168,0.019068658809385467,False
hpmcounter4,272,0.02211714387596725,0.020950792503269835,False
hpmcounter4,273,0.022078992996062245,0.023794823309071365,False
hpmcounter4,274,0.02072052842240823,0.02344604429547322,False
hpmcounter4,275,0.019883517422761426,0.022828943994349375,False
hpmcounter4,276,0.01874089207477553,0.02006649195638182,False
hpmcounter4,277,0.016434302413395132,0.017314316566886964,False
hpmcounter4,278,0.015047769459871286,0.015089019461489245,False
hpmcounter4,279,0.014666817906557819,0.01402332488881413,False
hpmcounter4,280,0.013400409425606,0.013632518573497336,False
hpmcounter4,281,0.011474184083041261,0.013927669632834167,False
hpmcounter4,282,0.010441370831090965,0.013932776962509384,False
hpmcounter4,283,0.010081830435638234,0.01415958478002062,False
hpmcounter4,284,0.010081830435638293,0.014159584780020745,False
hpmcounter4,285,0.009790198534348909,0.01365637294426482,False
hpmcounter4,286,0.008422272904444781,0.01231112463206383,False
hpmcounter4,287,0.007110398601516746,0.01149592592469873,False
hpmcounter4,288,0.004693706103465931,0.008406505371034172,False
hpmcounter4,289,0.0026585540268722076,0.0056733003240426955,False
hpmcounter4,290,0.0013225790284533347,0.002828630835247279,False
hpmcounter4,291,0.0013225790284533384,0.0028286308352472745,False
hpmcounter4,292,0.0023823644026645325,0.0034166385778995846,False
hpmcounter4,293,0.0035677780653843487,0.0055107779900709294,False
hpmcounter4,294,0.00588429165230183,0.007818130757223773,False
hpmcounter4,295,0.006281219808495955,0.010666993880853678,False
hpmcounter4,296,0.007523796992473393,0.013184023217810419,False
hpmcounter4,297,0.008829913650311305,0.01561736239223527,False
hpmcounter4,298,0.009856418083032656,0.015384395837038638,False
hpmcounter5,10,0.12096914345890138,0.10560314877993152,False
hpmcounter5,11,0.11659339007992375,0.08084567698495193,False
hpmcounter5,12,0.07076936434196104,0.08271642521209416,False
hpmcounter5,13,0.06572777839490637,0.09665701397317342,False
hpmcounter5,14,0.0569350062582419,0.08357746675916089,False
hpmcounter5,15,0.05235040915759689,0.07674807401141961,False
hpmcounter5,16,0.04473587119337688,0.07178042968615456,False
hpmcounter5,17,0.036333869938702315,0.06042263240555246,False
hpmcounter5,18,0.03208717747984733,0.0578279270632576,False
hpmcounter5,19,0.03310181457434507,0.062155760469239256,False
hpmcounter5,20,0.038879071236342225,0.06565352064310298,False
hpmcounter5,21,0.035133281870070365,0.05705409684526589,False
hpmcounter5,22,0.03351680685091093,0.05297008850903755,False
hpmcounter5,23,0.03192928770309587,0.047610005012430394,False
hpmcounter5,24,0.028395728784844608,0.04192651230543865,False
hpmcounter5,25,0.0262051247729856,0.038129245818461326,False
hpmcounter5,26,0.024102614595789815,0.033537878576320256,False
hpmcounter5,27,0.02136044976448224,0.028615471218709734,False
hpmcounter5,28,0.01980352654755937,0.02259614396163455,False
hpmcounter5,29,0.017656023554172246,0.019508664343864248,False
hpmcounter5,30,0.016162668270226974,0.019057804864354884,False
hpmcounter5,31,0.019262314625864304,0.021530477197040793,False
hpmcounter5,32,0.024565745412403927,0.02514876585457486,False
hpmcounter5,33,0.026820979267199,0.025945102140108183,False
hpmcounter5,34,0.026913115876382277,0.026358812161409333,False
hpmcounter5,35,0.030453067382396566,0.027715015011937405,False
hpmcounter5,36,0.0340185479525973,0.02935032300053341,False
hpmcounter5,37,0.03491683302041354,0.032080213306033625,False
hpmcounter5,38,0.03331986124568094,0.030800658968965763,False
hpmcounter5,39,0.031189401026542406,0.03090450402498699,False
hpmcounter5,40,0.030368709959651956,0.03001329372948285,False
hpmcounter5,41,0.026658529829663075,0.030125758142849606,False
hpmcounter5,42,0.02758914770091802,0.03576125346806832,False
hpmcounter5,43,0.020621980053614524,0.02960959738315343,False
hpmcounter5,44,0.018482171607932397,0.027576269099730866,False
hpmcounter5,45,0.01584876799605657,0.025373569861654552,False
hpmcounter5,46,0.014811420223868782,0.0236882713101157,False
hpmcounter5,47,0.01665937257065836,0.028876684956435243,False
hpmcounter5,48,0.01813977115172203,0.029031874499775366,False
hpmcounter5,49,0.019751935509163297,0.02988059289252465,False
hpmcounter5,50,0.017946315554738357,0.02534000188632783,False
hpmcounter5,51,0.01757067055667423,0.02430612324036185,False
hpmcounter5,52,0.01747545573673635,0.024259494430686753,False
hpmcounter5,53,0.018300319337949077,0.027022503341421873,False
hpmcounter5,54,0.01812412313789326,0.026137365651213818,False
hpmcounter5,55,0.017373792204032297,0.022444395029802017,False
hpmcounter5,56,0.016208640881018366,0.01622149899182715,False
hpmcounter5,57,0.017112968867686547,0.014134923812492642,False
hpmcounter5,58,0.01865686192764429,0.0178749593156528,False
hpmcounter5,59,0.021757391145459694,0.020867748422117634,False
hpmcounter5,60,0.02407927577053378,0.0244590851607614,False
hpmcounter5,61,0.025957967368661357,0.028931318494425134,False
hpmcounter5,62,0.03203907679612547,0.03260699700678465,False
hpmcounter5,63,0.03549333587349866,0.035821175012154254,False
hpmcounter5,64,0.0369506118817262,0.038302327499221175,False
hpmcounter5,65,0.0369344665161631,0.03691183721647416,False
hpmcounter5,66,0.03275543881908104,0.031284618050737706,False
hpmcounter5,67,0.02921187971154111,0.02733435749932495,False
hpmcounter5,68,0.027857210381747977,0.02506863809991442,False
hpmcounter5,69,0.024691863132649972,0.020775715911235323,False
hpmcounter5,70,0.023768930274664386,0.018381252377092268,False
hpmcounter5,71,0.01909217248072564,0.0165474426756217,False
hpmcounter5,72,0.016159286656490014,0.018010297971115637,False
hpmcounter5,73,0.012380195268806956,0.017994965990162978,False
hpmcounter5,74,0.01183659711837393,0.017835094513690673,False
hpmcounter5,75,0.010094029189978645,0.01683944896076458,False
hpmcounter5,76,0.012061289622823107,0.016589816004805902,False
hpmcounter5,77,0.012322112035061162,0.013386861224896223,False
hpmcounter5,78,0.013092474476506596,0.011762281577646612,False
hpmcounter5,79,0.013802804580416245,0.013304408524642385,False
hpmcounter5,80,0.012340864040697274,0.013226103907850402,False
hpmcounter5,81,0.013414339931409221,0.013543495421942662,False
hpmcounter5,82,0.014251831584641272,0.015294794987820139,False
hpmcounter5,83,0.014779394541535495,0.016694481544878657,False
hpmcounter5,84,0.013516676452098031,0.017116223384511145,False
hpmcounter5,85,0.013903925479086424,0.016089170302972144,False
hpmcounter5,86,0.013813051970952197,0.013636473342177184,False
hpmcounter5,87,0.012985104962273935,0.013654879166529986,False
hpmcounter5,88,0.009977182143782914,0.010298435521244409,False
hpmcounter5,89,0.0099649516652393,0.010626266584687924,False
hpmcounter5,90,0.010277597104099433,0.010686472399620419,False
hpmcounter5,91,0.008447572759331872,0.008995890507882758,False
hpmcounter5,92,0.007217319195838878,0.007479273029482984,False
hpmcounter5,93,0.006601376736858155,0.008200894800067571,False
hpmcounter5,94,0.005996034872075394,0.007763662658410177,False
hpmcounter5,95,0.0051672535717821365,0.007673908165932322,False
hpmcounter5,96,0.004426490460324124,0.004105889745587808,False
hpmcounter5,97,0.0037846407792445033,0.002703524730417934,False
hpmcounter5,98,0.0033403319463315784,0.002263816087086837,False
hpmcounter5,99,0.002888442879962881,0.0023058325715597516,False
hpmcounter5,100,0.002195857743651106,0.002355802801909213,False
hpmcounter5,101,0.0028563463639036243,0.002505746432015656,False
hpmcounter5,102,0.0032709025212720724,0.002607612915494517,False
hpmcounter5,103,0.003189137884627758,0.002828878065691412,False
hpmcounter5,104,0.003605743339540818,0.0051895825462458965,False
hpmcounter5,105,0.004229008253999685,0.005967759107470342,False
hpmcounter5,106,0.004435414616572828,0.006281452186458872,False
hpmcounter5,107,0.00425665823050596,0.0068254682063373295,False
hpmcounter5,108,0.004614580918515631,0.006711431178426498,False
hpmcounter5,109,0.004607725491971685,0.006919918052091404,False
hpmcounter5,110,0.005111819955022199,0.007104547043375374,False
hpmcounter5,111,0.0052432874043818415,0.0067613911382502934,False
hpmcounter5,112,0.005443140399161346,0.007566991735571039,False
hpmcounter5,113,0.004449704150178755,0.0045610492243606535,False
hpmcounter5,114,0.0036740060276723116,0.0024151537319911168,False
hpmcounter5,115,0.004118554292274468,0.0021929410086329666,False
hpmcounter5,116,0.004948803666755268,0.003714269234671866,False
hpmcounter5,117,0.006767583516766329,0.007435785177301987,False
hpmcounter5,118,0.007790870356864449,0.007418754183077926,False
hpmcounter5,119,0.008825571134615937,0.007555832697536665,False
hpmcounter5,120,0.008571644764124092,0.007987051973870854,False
hpmcounter5,121,0.008547471760848403,0.007961541331997116,False
hpmcounter5,122,0.00904474953725228,0.008378386666254546,False
hpmcounter5,123,0.010751392787219583,0.010987711687918015,False
hpmcounter5,124,0.010585728494825756,0.010903934839258635,False
hpmcounter5,125,0.01006899969404718,0.01084737110216362,False
hpmcounter5,126,0.008616810770256842,0.007809765188017174,False
hpmcounter5,127,0.006943319749794364,0.005005195602782675,False
hpmcounter5,128,0.0066914546335558964,0.005380413886680508,False
hpmcounter5,129,0.00510403916623686,0.004516681989636064,False
hpmcounter5,130,0.004960403430603917,0.004686045560944786,False
hpmcounter5,131,0.005278730536113034,0.004617613853079463,False
hpmcounter5,132,0.005754995864815709,0.004884542111163669,False
hpmcounter5,133,0.005736906986342402,0.00444530119158171,False
hpmcounter5,134,0.0056868386121547,0.005311725460396251,False
hpmcounter5,135,0.005970915599720873,0.005591119826608205,False
hpmcounter5,136,0.006616114184431712,0.006064563345455746,False
hpmcounter5,137,0.008320956271839682,0.008654856436397325,False
hpmcounter5,138,0.009244819515729589,0.008315771767033742,False
hpmcounter5,139,0.010785202884805323,0.00946073811927158,False
hpmcounter5,140,0.011646629409634216,0.011088309370626437,False
hpmcounter5,141,0.012493363562199222,0.011756809611439914,False
hpmcounter5,142,0.013925719520507149,0.014078743967066305,False
hpmcounter5,143,0.01624635981028835,0.017315954961837285,False
hpmcounter5,144,0.01965460528653331,0.020440289106280946,False
hpmcounter5,145,0.022717777207827063,0.02406088146339297,False
hpmcounter5,146,0.023610547610816764,0.02472527413581594,False
hpmcounter5,147,0.02610453461798835,0.024740454396167705,False
hpmcounter5,148,0.027698558366842096,0.02391985895111386,False
hpmcounter5,149,0.028771424076818063,0.0240735462383446,False
hpmcounter5,150,0.026752468576631196,0.02290266351103907,False
hpmcounter5,151,0.023625417396078097,0.020686236096321746,False
hpmcounter5,152,0.02210589949416488,0.01837965481324422,False
hpmcounter5,153,0.019960117855961853,0.01753363317368391,False
hpmcounter5,154,0.01802200350836956,0.018016442758590556,False
hpmcounter5,155,0.017303087596886854,0.016413703445802504,False
hpmcounter5,156,0.01621259632014627,0.013014404156860969,False
hpmcounter5,157,0.01580618040471421,0.01044794763140643,False
hpmcounter5,158,0.015330377650656767,0.011183105764267327,False
hpmcounter5,159,0.014505202928294542,0.013210116900792282,False
hpmcounter5,160,0.01575250169639161,0.014489613063016818,False
hpmcounter5,161,0.01596568540401632,0.016483650555153936,False
hpmcounter5,162,0.016008436724465214,0.01594074191486279,False
hpmcounter5,163,0.01571164971653833,0.01587953785356378,False
hpmcounter5,164,0.01605936887117543,0.016518737577895518,False
hpmcounter5,165,0.015149299162681446,0.015617625784173273,False
hpmcounter5,166,0.014622449453771785,0.011581869640939525,False
hpmcounter5,167,0.01380066401073835,0.009986139659773588,False
hpmcounter5,168,0.013013046341144183,0.009659150036652723,False
hpmcounter5,169,0.012462629814213574,0.009793920910196149,False
hpmcounter5,170,0.011457517282451162,0.010058367829499567,False
hpmcounter5,171,0.011292009829444678,0.0111577031079541,False
hpmcounter5,172,0.012043383837743626,0.013004802069679041,False
hpmcounter5,173,0.014270561474675713,0.014324793458506539,False
hpmcounter5,174,0.016604476717875676,0.01390588174160449,False
hpmcounter5,175,0.015351031735672432,0.011248760176917273,False
hpmcounter5,176,0.013004749662524484,0.012712984723129863,False
hpmcounter5,177,0.012770266361364791,0.012329749237423613,False
hpmcounter5,178,0.012026921246721152,0.011227888676224112,False
hpmcounter5,179,0.01200879447123099,0.011542259087729647,False
hpmcounter5,180,0.01176270190052214,0.012006641534395771,False
hpmcounter5,181,0.011088240078532924,0.011466757927394895,False
hpmcounter5,182,0.008711624890429304,0.010371368220082796,False
hpmcounter5,183,0.005720135704327452,0.007841337006828852,False
hpmcounter5,184,0.006046216256140034,0.00653633223331632,False
hpmcounter5,185,0.005687437582290485,0.007395645112143051,False
hpmcounter5,186,0.006616337068034149,0.010291008056006431,False
hpmcounter5,187,0.007691278643689322,0.01362108302586668,False
hpmcounter5,188,0.00864873995106777,0.016329264865306337,False
hpmcounter5,189,0.009801363281422767,0.019452450262187927,False
hpmcounter5,190,0.00978743484520106,0.01927203739042489,False
hpmcounter5,191,0.010984933795561947,0.01859473436883495,False
hpmcounter5,192,0.011602649737012494,0.019079815638614692,False
hpmcounter5,193,0.01253975517775804,0.01912700238639302,False
hpmcounter5,194,0.012451199699088344,0.017328277046140702,False
hpmcounter5,195,0.011329772475929523,0.015966542689109645,False
hpmcounter5,196,0.009733916840629037,0.014038888161787269,False
hpmcounter5,197,0.008404161356736876,0.012875384394552568,False
hpmcounter5,198,0.006786724721134577,0.012190102176358944,False
hpmcounter5,199,0.007273154909794355,0.012152297568638675,False
hpmcounter5,200,0.006787152716753245,0.011536131783794838,False
hpmcounter5,201,0.005434025962304254,0.008058918391921795,False
hpmcounter5,202,0.005988689326904341,0.00556122120976288,False
hpmcounter5,203,0.006056557967277279,0.006162689967797045,False
hpmcounter5,204,0.005694489209525427,0.006134135713739549,False
hpmcounter5,205,0.005775132741838498,0.005923407163848949,False
hpmcounter5,206,0.005803070201451444,0.006056024798185763,False
hpmcounter5,207,0.006900910716879918,0.009360415885230395,False
hpmcounter5,208,0.007637544741645535,0.011904415549638139,False
hpmcounter5,209,0.007386860040413665,0.011733226824935824,False
hpmcounter5,210,0.007469157175244013,0.011943029254725707,False
hpmcounter5,211,0.007434886586718935,0.012083682791371328,False
hpmcounter5,212,0.005069368294727433,0.009422714892662701,False
hpmcounter5,213,0.003929729333719994,0.005888379995430462,False
hpmcounter5,214,0.004199119044636009,0.005605219928686825,False
hpmcounter5,215,0.004102464917132173,0.005949479289867483,False
hpmcounter5,216,0.0043102936120940506,0.006454591388735257,False
hpmcounter5,217,0.0031264590674171485,0.0033502615316487686,False
hpmcounter5,218,0.0023305028447399003,0.0017881987790955057,False
hpmcounter5,219,0.002981577314683419,0.0014591625115954084,False
hpmcounter5,220,0.0028965562069046854,0.0016675648433017328,False
hpmcounter5,221,0.002603490889726075,0.001854171301815157,False
hpmcounter5,222,0.002862291217943587,0.0021123254461946125,False
hpmcounter5,223,0.003565995921814612,0.0033853657209793084,False
hpmcounter5,224,0.004137042140271647,0.004453365352876649,False
hpmcounter5,225,0.0046800323636699784,0.0063755110783216854,False
hpmcounter5,226,0.006411853422286592,0.009623629308751767,False
hpmcounter5,227,0.007611562996381933,0.012593115115142366,False
hpmcounter5,228,0.008553326526757016,0.01512649457097184,False
hpmcounter5,229,0.009586230677588807,0.01815926418220042,False
hpmcounter5,230,0.010312451660780379,0.020316406863723834,False
hpmcounter5,231,0.011642204358561635,0.02323377522756217,False
hpmcounter5,232,0.012681559845444746,0.02596160176926258,False
hpmcounter5,233,0.012707741314163568,0.02598419624661786,False
hpmcounter5,234,0.011962583011926625,0.023272032958136582,False
hpmcounter5,235,0.01053405511115246,0.02053259505697654,False
hpmcounter5,236,0.009275064780921686,0.017453276661451647,False
hpmcounter5,237,0.008002455772901727,0.014369690990601716,False
hpmcounter5,238,0.007058585260568696,0.011523466397832818,False
hpmcounter5,239,0.005969989112721247,0.008524889740331889,False
hpmcounter5,240,0.004726150469588744,0.005736654886809285,False
hpmcounter5,241,0.003812297626225275,0.00322327396978825,False
hpmcounter5,242,0.003449505247805204,0.002412503365612682,False
hpmcounter5,243,0.003398571920254191,0.0030193005607636924,False
hpmcounter5,244,0.0038358114649069573,0.0046184885477484885,False
hpmcounter5,245,0.005608783624248294,0.00674698400284397,False
hpmcounter5,246,0.007981712736227482,0.00986822781479834,False
hpmcounter5,247,0.01054822795367448,0.012891205000458317,False
hpmcounter5,248,0.011680014768719087,0.013879633698972247,False
hpmcounter5,249,0.011504469728081704,0.013249848309782273,False
hpmcounter5,250,0.011156865704229564,0.01321422987172064,False
hpmcounter5,251,0.011216147833680329,0.01340965846213452,False
hpmcounter5,252,0.010931056768332914,0.013359758801916225,False
hpmcounter5,253,0.009888577869380378,0.011344046673580792,False
hpmcounter5,254,0.0098225068349805,0.010719263846038388,False
hpmcounter5,255,0.0085127222813244,0.009601873953675179,False
hpmcounter5,256,0.007751651647214697,0.010946888726652363,False
hpmcounter5,257,0.006892801677713332,0.010940480342467895,False
hpmcounter5,258,0.006246320361803849,0.01083520019710607,False
hpmcounter5,259,0.007035094353202383,0.010460051985755099,False
hpmcounter5,260,0.008243217040501129,0.0127635543868415,False
hpmcounter5,261,0.010667171000279887,0.016308087100182132,False
hpmcounter5,262,0.010385187222627157,0.01625496382772798,False
hpmcounter5,263,0.009437356581059448,0.01288717378176773,False
hpmcounter5,264,0.010490176797216231,0.011206871576649773,False
hpmcounter5,265,0.010805922307340964,0.011397860144914108,False
hpmcounter5,266,0.010891379192403808,0.012620806278489946,False
hpmcounter5,267,0.012674839892798977,0.014704267613427956,False
hpmcounter5,268,0.015967000322158247,0.016507463650351255,False
hpmcounter5,269,0.01767809437009877,0.014620363787248946,False
hpmcounter5,270,0.018825386912539092,0.016569297815532697,False
hpmcounter5,271,0.019866457698368572,0.018112700099070313,False
hpmcounter5,272,0.021363960692363376,0.020516786779395307,False
hpmcounter5,273,0.021363780119610737,0.02301496200973339,False
hpmcounter5,274,0.019745315744847555,0.022688403694291474,False
hpmcounter5,275,0.019032171451160658,0.0228747684932074,False
hpmcounter5,276,0.017931619812365133,0.020162076897384203,False
hpmcounter5,277,0.015593162785222664,0.017279761698503603,False
hpmcounter5,278,0.014903390021759399,0.014587365781748235,False
hpmcounter5,279,0.014456811427215244,0.013532764636354848,False
hpmcounter5,280,0.013821667305380366,0.01306764462832403,False
hpmcounter5,281,0.010829317381645154,0.012719235478775114,False
hpmcounter5,282,0.009417238833494285,0.012559206622095762,False
hpmcounter5,283,0.009710110815289275,0.01294104098531643,False
hpmcounter5,284,0.009766045136669184,0.01322793827363156,False
hpmcounter5,285,0.009651198858031604,0.012552935615749723,False
hpmcounter5,286,0.00859678619220088,0.010737797242562254,False
hpmcounter5,287,0.007373566406378265,0.009711975328422757,False
hpmcounter5,288,0.00482612387140544,0.0066401167828316725,False
hpmcounter5,289,0.0036028212872555275,0.0043476282112771035,False
hpmcounter5,290,0.0029141063193129503,0.0026183548305957504,False
hpmcounter5,291,0.0027692982424290485,0.0023715550677078897,False
hpmcounter5,292,0.003852686279676113,0.004001103524548793,False
hpmcounter5,293,0.004760957131479374,0.0061098041475947185,False
hpmcounter5,294,0.006676219319919741,0.008174871213354543,False
hpmcounter5,295,0.007146249586968911,0.01015944915857911,False
hpmcounter5,296,0.008473750583381177,0.012911294631587503,False
hpmcounter5,297,0.009295525508784005,0.015127187962127623,False
hpmcounter5,298,0.009857951370408659,0.01464814838946273,False
hpmcounter6,10,0.0,1e-06,True
hpmcounter6,11,0.0,1e-06,True
hpmcounter6,12,0.0,1e-06,True
hpmcounter6,13,0.0,1e-06,True
hpmcounter6,14,0.0,1e-06,True
hpmcounter6,15,0.0,1e-06,True
hpmcounter6,16,0.0,1e-06,True
hpmcounter6,17,0.0,1e-06,True
hpmcounter6,18,0.0,1e-06,True
hpmcounter6,19,0.0,1e-06,True
hpmcounter6,20,0.0,1e-06,True
hpmcounter6,21,0.0,1e-06,True
hpmcounter6,22,0.0,1e-06,True
hpmcounter6,23,0.0,1e-06,True
hpmcounter6,24,0.0,1e-06,True
hpmcounter6,25,0.0,1e-06,True
hpmcounter6,26,0.0,1e-06,True
hpmcounter6,27,0.0,1e-06,True
hpmcounter6,28,0.0,1e-06,True
hpmcounter6,29,0.0,1e-06,True
hpmcounter6,30,0.0,1e-06,True
hpmcounter6,31,0.0,1e-06,True
hpmcounter6,32,0.0,1e-06,True
hpmcounter6,33,0.0,1e-06,True
hpmcounter6,34,0.0,1e-06,True
hpmcounter6,35,0.0,1e-06,True
hpmcounter6,36,0.0,1e-06,True
hpmcounter6,37,0.0,1e-06,True
hpmcounter6,38,0.0,1e-06,True
hpmcounter6,39,0.0,1e-06,True
hpmcounter6,40,0.0,1e-06,True
hpmcounter6,41,0.0,1e-06,True
hpmcounter6,42,0.0,1e-06,True
hpmcounter6,43,0.0,1e-06,True
hpmcounter6,44,0.0,1e-06,True
hpmcounter6,45,0.0,1e-06,True
hpmcounter6,46,0.0,1e-06,True
hpmcounter6,47,0.0,1e-06,True
hpmcounter6,48,0.0,1e-06,True
hpmcounter6,49,0.0,1e-06,True
hpmcounter6,50,0.0,1e-06,True
hpmcounter6,51,0.0,1e-06,True
hpmcounter6,52,0.0,1e-06,True
hpmcounter6,53,0.0,1e-06,True
hpmcounter6,54,0.0,1e-06,True
hpmcounter6,55,0.0,1e-06,True
hpmcounter6,56,0.0,1e-06,True
hpmcounter6,57,0.0,1e-06,True
hpmcounter6,58,0.0,1e-06,True
hpmcounter6,59,0.0,1e-06,True
hpmcounter6,60,0.0,1e-06,True
hpmcounter6,61,0.0,1e-06,True
hpmcounter6,62,0.0,1e-06,True
hpmcounter6,63,0.0,1e-06,True
hpmcounter6,64,0.0,1e-06,True
hpmcounter6,65,0.0,1e-06,True
hpmcounter6,66,0.0,1e-06,True
hpmcounter6,67,0.0,1e-06,True
hpmcounter6,68,0.0,1e-06,True
hpmcounter6,69,0.0,1e-06,True
hpmcounter6,70,0.0,1e-06,True
hpmcounter6,71,0.0,1e-06,True
hpmcounter6,72,0.0,1e-06,True
hpmcounter6,73,0.0,1e-06,True
hpmcounter6,74,0.0,1e-06,True
hpmcounter6,75,0.0,1e-06,True
hpmcounter6,76,0.0,1e-06,True
hpmcounter6,77,0.0,1e-06,True
hpmcounter6,78,0.0,1e-06,True
hpmcounter6,79,0.0,1e-06,True
hpmcounter6,80,0.0,1e-06,True
hpmcounter6,81,0.0,1e-06,True
hpmcounter6,82,0.0,1e-06,True
hpmcounter6,83,0.0,1e-06,True
hpmcounter6,84,0.0,1e-06,True
hpmcounter6,85,0.0,1e-06,True
hpmcounter6,86,0.0,1e-06,True
hpmcounter6,87,0.0,1e-06,True
hpmcounter6,88,0.0,1e-06,True
hpmcounter6,89,0.0,1e-06,True
hpmcounter6,90,0.0,1e-06,True
hpmcounter6,91,0.0,1e-06,True
hpmcounter6,92,0.0,1e-06,True
hpmcounter6,93,0.0,1e-06,True
hpmcounter6,94,0.0,1e-06,True
hpmcounter6,95,0.0,1e-06,True
hpmcounter6,96,0.0,1e-06,True
hpmcounter6,97,0.0,1e-06,True
hpmcounter6,98,0.0,1e-06,True
hpmcounter6,99,0.0,1e-06,True
hpmcounter6,100,0.0,1e-06,True
hpmcounter6,101,0.0,1e-06,True
hpmcounter6,102,0.0,1e-06,True
hpmcounter6,103,0.0,1e-06,True
hpmcounter6,104,0.0,1e-06,True
hpmcounter6,105,0.0,1e-06,True
hpmcounter6,106,0.0,1e-06,True
hpmcounter6,107,0.0,1e-06,True
hpmcounter6,108,0.0,1e-06,True
hpmcounter6,109,0.0,1e-06,True
hpmcounter6,110,0.0,1e-06,True
hpmcounter6,111,0.0,1e-06,True
hpmcounter6,112,0.0,1e-06,True
hpmcounter6,113,0.0,1e-06,True
hpmcounter6,114,0.0,1e-06,True
hpmcounter6,115,0.0,1e-06,True
hpmcounter6,116,0.0,1e-06,True
hpmcounter6,117,0.0,1e-06,True
hpmcounter6,118,0.0,1e-06,True
hpmcounter6,119,0.0,1e-06,True
hpmcounter6,120,0.0,1e-06,True
hpmcounter6,121,0.0,1e-06,True
hpmcounter6,122,0.0,1e-06,True
hpmcounter6,123,0.0,1e-06,True
hpmcounter6,124,0.0,1e-06,True
hpmcounter6,125,0.0,1e-06,True
hpmcounter6,126,0.0,1e-06,True
hpmcounter6,127,0.0,1e-06,True
hpmcounter6,128,0.0,1e-06,True
hpmcounter6,129,0.0,1e-06,True
hpmcounter6,130,0.0,1e-06,True
hpmcounter6,131,0.0,1e-06,True
hpmcounter6,132,0.0,1e-06,True
hpmcounter6,133,0.0,1e-06,True
hpmcounter6,134,0.0,1e-06,True
hpmcounter6,135,0.0,1e-06,True
hpmcounter6,136,0.0,1e-06,True
hpmcounter6,137,0.0,1e-06,True
hpmcounter6,138,0.0,1e-06,True
hpmcounter6,139,0.0,1e-06,True
hpmcounter6,140,0.0,1e-06,True
hpmcounter6,141,0.0,1e-06,True
hpmcounter6,142,0.0,1e-06,True
hpmcounter6,143,0.0,1e-06,True
hpmcounter6,144,0.0,1e-06,True
hpmcounter6,145,0.0,1e-06,True
hpmcounter6,146,0.0,1e-06,True
hpmcounter6,147,0.0,1e-06,True
hpmcounter6,148,0.0,1e-06,True
hpmcounter6,149,0.0,1e-06,True
hpmcounter6,150,0.0,1e-06,True
hpmcounter6,151,0.0,1e-06,True
hpmcounter6,152,0.0,1e-06,True
hpmcounter6,153,0.0,1e-06,True
hpmcounter6,154,0.0,1e-06,True
hpmcounter6,155,0.0,1e-06,True
hpmcounter6,156,0.0,1e-06,True
hpmcounter6,157,0.0,1e-06,True
hpmcounter6,158,0.0,1e-06,True
hpmcounter6,159,0.0,1e-06,True
hpmcounter6,160,0.0,1e-06,True
hpmcounter6,161,0.0,1e-06,True
hpmcounter6,162,0.0,1e-06,True
hpmcounter6,163,0.0,1e-06,True
hpmcounter6,164,0.0,1e-06,True
hpmcounter6,165,0.0,1e-06,True
hpmcounter6,166,0.0,1e-06,True
hpmcounter6,167,0.0,1e-06,True
hpmcounter6,168,0.0,1e-06,True
hpmcounter6,169,0.0,1e-06,True
hpmcounter6,170,0.0,1e-06,True
hpmcounter6,171,0.0,1e-06,True
hpmcounter6,172,0.0,1e-06,True
hpmcounter6,173,0.0,1e-06,True
hpmcounter6,174,0.0,1e-06,True
hpmcounter6,175,0.0,1e-06,True
hpmcounter6,176,0.0,1e-06,True
hpmcounter6,177,0.0,1e-06,True
hpmcounter6,178,0.0,1e-06,True
hpmcounter6,179,0.0,1e-06,True
hpmcounter6,180,0.0,1e-06,True
hpmcounter6,181,0.0,1e-06,True
hpmcounter6,182,0.0,1e-06,True
hpmcounter6,183,0.0,1e-06,True
hpmcounter6,184,0.0,1e-06,True
hpmcounter6,185,0.0,1e-06,True
hpmcounter6,186,0.0,1e-06,True
hpmcounter6,187,0.0,1e-06,True
hpmcounter6,188,0.0,1e-06,True
hpmcounter6,189,0.0,1e-06,True
hpmcounter6,190,0.0,1e-06,True
hpmcounter6,191,0.0,1e-06,True
hpmcounter6,192,0.0,1e-06,True
hpmcounter6,193,0.0,1e-06,True
hpmcounter6,194,0.0,1e-06,True
hpmcounter6,195,0.0,1e-06,True
hpmcounter6,196,0.0,1e-06,True
hpmcounter6,197,0.0,1e-06,True
hpmcounter6,198,0.0,1e-06,True
hpmcounter6,199,0.0,1e-06,True
hpmcounter6,200,0.0,1e-06,True
hpmcounter6,201,0.0,1e-06,True
hpmcounter6,202,0.0,1e-06,True
hpmcounter6,203,0.0,1e-06,True
hpmcounter6,204,0.0,1e-06,True
hpmcounter6,205,0.0,1e-06,True
hpmcounter6,206,0.0,1e-06,True
hpmcounter6,207,0.0,1e-06,True
hpmcounter6,208,0.0,1e-06,True
hpmcounter6,209,0.0,1e-06,True
hpmcounter6,210,0.0,1e-06,True
hpmcounter6,211,0.0,1e-06,True
hpmcounter6,212,0.0,1e-06,True
hpmcounter6,213,0.0,1e-06,True
hpmcounter6,214,0.0,1e-06,True
hpmcounter6,215,0.0,1e-06,True
hpmcounter6,216,0.0,1e-06,True
hpmcounter6,217,0.0,1e-06,True
hpmcounter6,218,0.0,1e-06,True
hpmcounter6,219,0.0,1e-06,True
hpmcounter6,220,0.0,1e-06,True
hpmcounter6,221,0.0,1e-06,True
hpmcounter6,222,0.0,1e-06,True
hpmcounter6,223,0.0,1e-06,True
hpmcounter6,224,0.0,1e-06,True
hpmcounter6,225,0.0,1e-06,True
hpmcounter6,226,0.0,1e-06,True
hpmcounter6,227,0.0,1e-06,True
hpmcounter6,228,0.0,1e-06,True
hpmcounter6,229,0.0,1e-06,True
hpmcounter6,230,0.0,1e-06,True
hpmcounter6,231,0.0,1e-06,True
hpmcounter6,232,0.0,1e-06,True
hpmcounter6,233,0.0,1e-06,True
hpmcounter6,234,0.0,1e-06,True
hpmcounter6,235,0.0,1e-06,True
hpmcounter6,236,0.0,1e-06,True
hpmcounter6,237,0.0,1e-06,True
hpmcounter6,238,0.0,1e-06,True
hpmcounter6,239,0.0,1e-06,True
hpmcounter6,240,0.0,1e-06,True
hpmcounter6,241,0.0,1e-06,True
hpmcounter6,242,0.0,1e-06,True
hpmcounter6,243,0.0,1e-06,True
hpmcounter6,244,0.0,1e-06,True
hpmcounter6,245,0.0,1e-06,True
hpmcounter6,246,0.0,1e-06,True
hpmcounter6,247,0.0,1e-06,True
hpmcounter6,248,0.0,1e-06,True
hpmcounter6,249,0.0,1e-06,True
hpmcounter6,250,0.0,1e-06,True
hpmcounter6,251,0.0,1e-06,True
hpmcounter6,252,0.0,1e-06,True
hpmcounter6,253,0.0,1e-06,True
hpmcounter6,254,0.0,1e-06,True
hpmcounter6,255,0.0,1e-06,True
hpmcounter6,256,0.0,1e-06,True
hpmcounter6,257,0.0,1e-06,True
hpmcounter6,258,0.0,1e-06,True
hpmcounter6,259,0.0,1e-06,True
hpmcounter6,260,0.0,1e-06,True
hpmcounter6,261,0.0,1e-06,True
hpmcounter6,262,0.0,1e-06,True
hpmcounter6,263,0.0,1e-06,True
hpmcounter6,264,0.0,1e-06,True
hpmcounter6,265,0.0,1e-06,True
hpmcounter6,266,0.0,1e-06,True
hpmcounter6,267,0.0,1e-06,True
hpmcounter6,268,0.0,1e-06,True
hpmcounter6,269,0.0,1e-06,True
hpmcounter6,270,0.0,1e-06,True
hpmcounter6,271,0.0,1e-06,True
hpmcounter6,272,0.0,1e-06,True
hpmcounter6,273,0.0,1e-06,True
hpmcounter6,274,0.0,1e-06,True
hpmcounter6,275,0.0,1e-06,True
hpmcounter6,276,0.0,1e-06,True
hpmcounter6,277,0.0,1e-06,True
hpmcounter6,278,0.0,1e-06,True
hpmcounter6,279,0.0,1e-06,True
hpmcounter6,280,0.0,1e-06,True
hpmcounter6,281,0.0,1e-06,True
hpmcounter6,282,0.0,1e-06,True
hpmcounter6,283,0.0,1e-06,True
hpmcounter6,284,0.0,1e-06,True
hpmcounter6,285,0.0,1e-06,True
hpmcounter6,286,0.0,1e-06,True
hpmcounter6,287,0.0,1e-06,True
hpmcounter6,288,0.0,1e-06,True
hpmcounter6,289,0.0,1e-06,True
hpmcounter6,290,0.0,1e-06,True
hpmcounter6,291,0.0,1e-06,True
hpmcounter6,292,0.0,1e-06,True
hpmcounter6,293,0.0,1e-06,True
hpmcounter6,294,0.0,1e-06,True
hpmcounter6,295,0.0,1e-06,True
hpmcounter6,296,0.0,1e-06,True
hpmcounter6,297,0.0,1e-06,True
hpmcounter6,298,0.0,1e-06,True
hpmcounter7,10,0.0,1e-06,True
hpmcounter7,11,0.0,1e-06,True
hpmcounter7,12,0.0,1e-06,True
hpmcounter7,13,0.0,1e-06,True
hpmcounter7,14,0.0,1e-06,True
hpmcounter7,15,0.0,1e-06,True
hpmcounter7,16,0.0,1e-06,True
hpmcounter7,17,0.0,1e-06,True
hpmcounter7,18,0.0,1e-06,True
hpmcounter7,19,0.0,1e-06,True
hpmcounter7,20,0.0,1e-06,True
hpmcounter7,21,0.0,1e-06,True
hpmcounter7,22,0.0,1e-06,True
hpmcounter7,23,0.0,1e-06,True
hpmcounter7,24,0.0,1e-06,True
hpmcounter7,25,0.0,1e-06,True
hpmcounter7,26,0.0,1e-06,True
hpmcounter7,27,0.0,1e-06,True
hpmcounter7,28,0.0,1e-06,True
hpmcounter7,29,0.0,1e-06,True
hpmcounter7,30,0.0,1e-06,True
hpmcounter7,31,0.0,1e-06,True
hpmcounter7,32,0.0,1e-06,True
hpmcounter7,33,0.0,1e-06,True
hpmcounter7,34,0.0,1e-06,True
hpmcounter7,35,0.0,1e-06,True
hpmcounter7,36,0.0,1e-06,True
hpmcounter7,37,0.0,1e-06,True
hpmcounter7,38,0.0,1e-06,True
hpmcounter7,39,0.0,1e-06,True
hpmcounter7,40,0.0,1e-06,True
hpmcounter7,41,0.0,1e-06,True
hpmcounter7,42,0.0,1e-06,True
hpmcounter7,43,0.0,1e-06,True
hpmcounter7,44,0.0,1e-06,True
hpmcounter7,45,0.0,1e-06,True
hpmcounter7,46,0.0,1e-06,True
hpmcounter7,47,0.0,1e-06,True
hpmcounter7,48,0.0,1e-06,True
hpmcounter7,49,0.0,1e-06,True
hpmcounter7,50,0.0,1e-06,True
hpmcounter7,51,0.0,1e-06,True
hpmcounter7,52,0.0,1e-06,True
hpmcounter7,53,0.0,1e-06,True
hpmcounter7,54,0.0,1e-06,True
hpmcounter7,55,0.0,1e-06,True
hpmcounter7,56,0.0,1e-06,True
hpmcounter7,57,0.0,1e-06,True
hpmcounter7,58,0.0,1e-06,True
hpmcounter7,59,0.0,1e-06,True
hpmcounter7,60,0.0,1e-06,True
hpmcounter7,61,0.0,1e-06,True
hpmcounter7,62,0.0,1e-06,True
hpmcounter7,63,0.0,1e-06,True
hpmcounter7,64,0.0,1e-06,True
hpmcounter7,65,0.0,1e-06,True
hpmcounter7,66,0.0,1e-06,True
hpmcounter7,67,0.0,1e-06,True
hpmcounter7,68,0.0,1e-06,True
hpmcounter7,69,0.0,1e-06,True
hpmcounter7,70,0.0,1e-06,True
hpmcounter7,71,0.0,1e-06,True
hpmcounter7,72,0.0,1e-06,True
hpmcounter7,73,0.0,1e-06,True
hpmcounter7,74,0.0,1e-06,True
hpmcounter7,75,0.0,1e-06,True
hpmcounter7,76,0.0,1e-06,True
hpmcounter7,77,0.0,1e-06,True
hpmcounter7,78,0.0,1e-06,True
hpmcounter7,79,0.0,1e-06,True
hpmcounter7,80,0.0,1e-06,True
hpmcounter7,81,0.0,1e-06,True
hpmcounter7,82,0.0,1e-06,True
hpmcounter7,83,0.0,1e-06,True
hpmcounter7,84,0.0,1e-06,True
hpmcounter7,85,0.0,1e-06,True
hpmcounter7,86,0.0,1e-06,True
hpmcounter7,87,0.0,1e-06,True
hpmcounter7,88,0.0,1e-06,True
hpmcounter7,89,0.0,1e-06,True
hpmcounter7,90,0.0,1e-06,True
hpmcounter7,91,0.0,1e-06,True
hpmcounter7,92,0.0,1e-06,True
hpmcounter7,93,0.0,1e-06,True
hpmcounter7,94,0.0,1e-06,True
hpmcounter7,95,0.0,1e-06,True
hpmcounter7,96,0.0,1e-06,True
hpmcounter7,97,0.0,1e-06,True
hpmcounter7,98,0.0,1e-06,True
hpmcounter7,99,0.0,1e-06,True
hpmcounter7,100,0.0,1e-06,True
hpmcounter7,101,0.0,1e-06,True
hpmcounter7,102,0.0,1e-06,True
hpmcounter7,103,0.0,1e-06,True
hpmcounter7,104,0.0,1e-06,True
hpmcounter7,105,0.0,1e-06,True
hpmcounter7,106,0.0,1e-06,True
hpmcounter7,107,0.0,1e-06,True
hpmcounter7,108,0.0,1e-06,True
hpmcounter7,109,0.0,1e-06,True
hpmcounter7,110,0.0,1e-06,True
hpmcounter7,111,0.0,1e-06,True
hpmcounter7,112,0.0,1e-06,True
hpmcounter7,113,0.0,1e-06,True
hpmcounter7,114,0.0,1e-06,True
hpmcounter7,115,0.0,1e-06,True
hpmcounter7,116,0.0,1e-06,True
hpmcounter7,117,0.0,1e-06,True
hpmcounter7,118,0.0,1e-06,True
hpmcounter7,119,0.0,1e-06,True
hpmcounter7,120,0.0,1e-06,True
hpmcounter7,121,0.0,1e-06,True
hpmcounter7,122,0.0,1e-06,True
hpmcounter7,123,0.0,1e-06,True
hpmcounter7,124,0.0,1e-06,True
hpmcounter7,125,0.0,1e-06,True
hpmcounter7,126,0.0,1e-06,True
hpmcounter7,127,0.0,1e-06,True
hpmcounter7,128,0.0,1e-06,True
hpmcounter7,129,0.0,1e-06,True
hpmcounter7,130,0.0,1e-06,True
hpmcounter7,131,0.0,1e-06,True
hpmcounter7,132,0.0,1e-06,True
hpmcounter7,133,0.0,1e-06,True
hpmcounter7,134,0.0,1e-06,True
hpmcounter7,135,0.0,1e-06,True
hpmcounter7,136,0.0,1e-06,True
hpmcounter7,137,0.0,1e-06,True
hpmcounter7,138,0.0,1e-06,True
hpmcounter7,139,0.0,1e-06,True
hpmcounter7,140,0.0,1e-06,True
hpmcounter7,141,0.0,1e-06,True
hpmcounter7,142,0.0,1e-06,True
hpmcounter7,143,0.0,1e-06,True
hpmcounter7,144,0.0,1e-06,True
hpmcounter7,145,0.0,1e-06,True
hpmcounter7,146,0.0,1e-06,True
hpmcounter7,147,0.0,1e-06,True
hpmcounter7,148,0.0,1e-06,True
hpmcounter7,149,0.0,1e-06,True
hpmcounter7,150,0.0,1e-06,True
hpmcounter7,151,0.0,1e-06,True
hpmcounter7,152,0.0,1e-06,True
hpmcounter7,153,0.0,1e-06,True
hpmcounter7,154,0.0,1e-06,True
hpmcounter7,155,0.0,1e-06,True
hpmcounter7,156,0.0,1e-06,True
hpmcounter7,157,0.0,1e-06,True
hpmcounter7,158,0.0,1e-06,True
hpmcounter7,159,0.0,1e-06,True
hpmcounter7,160,0.0,1e-06,True
hpmcounter7,161,0.0,1e-06,True
hpmcounter7,162,0.0,1e-06,True
hpmcounter7,163,0.0,1e-06,True
hpmcounter7,164,0.0,1e-06,True
hpmcounter7,165,0.0,1e-06,True
hpmcounter7,166,0.0,1e-06,True
hpmcounter7,167,0.0,1e-06,True
hpmcounter7,168,0.0,1e-06,True
hpmcounter7,169,0.0,1e-06,True
hpmcounter7,170,0.0,1e-06,True
hpmcounter7,171,0.0,1e-06,True
hpmcounter7,172,0.0,1e-06,True
hpmcounter7,173,0.0,1e-06,True
hpmcounter7,174,0.0,1e-06,True
hpmcounter7,175,0.0,1e-06,True
hpmcounter7,176,0.0,1e-06,True
hpmcounter7,177,0.0,1e-06,True
hpmcounter7,178,0.0,1e-06,True
hpmcounter7,179,0.0,1e-06,True
hpmcounter7,180,0.0,1e-06,True
hpmcounter7,181,0.0,1e-06,True
hpmcounter7,182,0.0,1e-06,True
hpmcounter7,183,0.0,1e-06,True
hpmcounter7,184,0.0,1e-06,True
hpmcounter7,185,0.0,1e-06,True
hpmcounter7,186,0.0,1e-06,True
hpmcounter7,187,0.0,1e-06,True
hpmcounter7,188,0.0,1e-06,True
hpmcounter7,189,0.0,1e-06,True
hpmcounter7,190,0.0,1e-06,True
hpmcounter7,191,0.0,1e-06,True
hpmcounter7,192,0.0,1e-06,True
hpmcounter7,193,0.0,1e-06,True
hpmcounter7,194,0.0,1e-06,True
hpmcounter7,195,0.0,1e-06,True
hpmcounter7,196,0.0,1e-06,True
hpmcounter7,197,0.0,1e-06,True
hpmcounter7,198,0.0,1e-06,True
hpmcounter7,199,0.0,1e-06,True
hpmcounter7,200,0.0,1e-06,True
hpmcounter7,201,0.0,1e-06,True
hpmcounter7,202,0.0,1e-06,True
hpmcounter7,203,0.0,1e-06,True
hpmcounter7,204,0.0,1e-06,True
hpmcounter7,205,0.0,1e-06,True
hpmcounter7,206,0.0,1e-06,True
hpmcounter7,207,0.0,1e-06,True
hpmcounter7,208,0.0,1e-06,True
hpmcounter7,209,0.0,1e-06,True
hpmcounter7,210,0.0,1e-06,True
hpmcounter7,211,0.0,1e-06,True
hpmcounter7,212,0.0,1e-06,True
hpmcounter7,213,0.0,1e-06,True
hpmcounter7,214,0.0,1e-06,True
hpmcounter7,215,0.0,1e-06,True
hpmcounter7,216,0.0,1e-06,True
hpmcounter7,217,0.0,1e-06,True
hpmcounter7,218,0.0,1e-06,True
hpmcounter7,219,0.0,1e-06,True
hpmcounter7,220,0.0,1e-06,True
hpmcounter7,221,0.0,1e-06,True
hpmcounter7,222,0.0,1e-06,True
hpmcounter7,223,0.0,1e-06,True
hpmcounter7,224,0.0,1e-06,True
hpmcounter7,225,0.0,1e-06,True
hpmcounter7,226,0.0,1e-06,True
hpmcounter7,227,0.0,1e-06,True
hpmcounter7,228,0.0,1e-06,True
hpmcounter7,229,0.0,1e-06,True
hpmcounter7,230,0.0,1e-06,True
hpmcounter7,231,0.0,1e-06,True
hpmcounter7,232,0.0,1e-06,True
hpmcounter7,233,0.0,1e-06,True
hpmcounter7,234,0.0,1e-06,True
hpmcounter7,235,0.0,1e-06,True
hpmcounter7,236,0.0,1e-06,True
hpmcounter7,237,0.0,1e-06,True
hpmcounter7,238,0.0,1e-06,True
hpmcounter7,239,0.0,1e-06,True
hpmcounter7,240,0.0,1e-06,True
hpmcounter7,241,0.0,1e-06,True
hpmcounter7,242,0.0,1e-06,True
hpmcounter7,243,0.0,1e-06,True
hpmcounter7,244,0.0,1e-06,True
hpmcounter7,245,0.0,1e-06,True
hpmcounter7,246,0.0,1e-06,True
hpmcounter7,247,0.0,1e-06,True
hpmcounter7,248,0.0,1e-06,True
hpmcounter7,249,0.0,1e-06,True
hpmcounter7,250,0.0,1e-06,True
hpmcounter7,251,0.0,1e-06,True
hpmcounter7,252,0.0,1e-06,True
hpmcounter7,253,0.0,1e-06,True
hpmcounter7,254,0.0,1e-06,True
hpmcounter7,255,0.0,1e-06,True
hpmcounter7,256,0.0,1e-06,True
hpmcounter7,257,0.0,1e-06,True
hpmcounter7,258,0.0,1e-06,True
hpmcounter7,259,0.0,1e-06,True
hpmcounter7,260,0.0,1e-06,True
hpmcounter7,261,0.0,1e-06,True
hpmcounter7,262,0.0,1e-06,True
hpmcounter7,263,0.0,1e-06,True
hpmcounter7,264,0.0,1e-06,True
hpmcounter7,265,0.0,1e-06,True
hpmcounter7,266,0.0,1e-06,True
hpmcounter7,267,0.0,1e-06,True
hpmcounter7,268,0.0,1e-06,True
hpmcounter7,269,0.0,1e-06,True
hpmcounter7,270,0.0,1e-06,True
hpmcounter7,271,0.0,1e-06,True
hpmcounter7,272,0.0,1e-06,True
hpmcounter7,273,0.0,1e-06,True
hpmcounter7,274,0.0,1e-06,True
hpmcounter7,275,0.0,1e-06,True
hpmcounter7,276,0.0,1e-06,True
hpmcounter7,277,0.0,1e-06,True
hpmcounter7,278,0.0,1e-06,True
hpmcounter7,279,0.0,1e-06,True
hpmcounter7,280,0.0,1e-06,True
hpmcounter7,281,0.0,1e-06,True
hpmcounter7,282,0.0,1e-06,True
hpmcounter7,283,0.0,1e-06,True
hpmcounter7,284,0.0,1e-06,True
hpmcounter7,285,0.0,1e-06,True
hpmcounter7,286,0.0,1e-06,True
hpmcounter7,287,0.0,1e-06,True
hpmcounter7,288,0.0,1e-06,True
hpmcounter7,289,0.0,1e-06,True
hpmcounter7,290,0.0,1e-06,True
hpmcounter7,291,0.0,1e-06,True
hpmcounter7,292,0.0,1e-06,True
hpmcounter7,293,0.0,1e-06,True
hpmcounter7,294,0.0,1e-06,True
hpmcounter7,295,0.0,1e-06,True
hpmcounter7,296,0.0,1e-06,True
hpmcounter7,297,0.0,1e-06,True
hpmcounter7,298,0.0,1e-06,True
hpmcounter8,10,0.11707795534002774,0.1092240845896501,False
hpmcounter8,11,0.10918621267332349,0.0965183289402049,False
hpmcounter8,12,0.05703425305292946,0.09832825427217944,False
hpmcounter8,13,0.05998552991532091,0.10303914590666381,False
hpmcounter8,14,0.0550437337281798,0.08981425393887935,False
hpmcounter8,15,0.051791211430281606,0.0848147598216452,False
hpmcounter8,16,0.0466118330147604,0.0803777644267909,False
hpmcounter8,17,0.03971655952296371,0.06742211625811358,False
hpmcounter8,18,0.03418832552089003,0.06078300323483669,False
hpmcounter8,19,0.032308095190117785,0.06323955594674247,False
hpmcounter8,20,0.036955587605686985,0.06750673105546062,False
hpmcounter8,21,0.03394684623764185,0.05771156314296493,False
hpmcounter8,22,0.031431908537093725,0.05188248431337986,False
hpmcounter8,23,0.02989195784751897,0.0457779057423314,False
hpmcounter8,24,0.02757791211150947,0.040853321747129065,False
hpmcounter8,25,0.024825332489032365,0.0377280397501635,False
hpmcounter8,26,0.02224748383002231,0.03223602222552701,False
hpmcounter8,27,0.01997212531806081,0.027518315203205104,False
hpmcounter8,28,0.019495847662716313,0.022646701273254608,False
hpmcounter8,29,0.017454538911596575,0.020053522072697488,False
hpmcounter8,30,0.015484080447938453,0.018320827717885586,False
hpmcounter8,31,0.01996549572853498,0.021388191655352027,False
hpmcounter8,32,0.024611992486433747,0.025342451738446004,False
hpmcounter8,33,0.02732767206963555,0.026627392075366765,False
hpmcounter8,34,0.02903294958051981,0.02814087454903632,False
hpmcounter8,35,0.032950473149085294,0.02994933964752728,False
hpmcounter8,36,0.036820468626471266,0.03251650562867721,False
hpmcounter8,37,0.03847305346224826,0.03581547087588438,False
hpmcounter8,38,0.036364001467648316,0.03445424492022315,False
hpmcounter8,39,0.03401691317285841,0.033978938001391686,False
hpmcounter8,40,0.03160829825138703,0.0310502950360384,False
hpmcounter8,41,0.02685296127135257,0.031009681244184847,False
hpmcounter8,42,0.028018012674064823,0.03792586303261392,False
hpmcounter8,43,0.02220687429725397,0.03184874273326947,False
hpmcounter8,44,0.019807447521706302,0.028986190532353528,False
hpmcounter8,45,0.016907038823743947,0.026476437920432895,False
hpmcounter8,46,0.014805323107454593,0.024418273699719367,False
hpmcounter8,47,0.016318007296613524,0.02882379307616845,False
hpmcounter8,48,0.018247912865604836,0.029300239308531588,False
hpmcounter8,49,0.020024607698813028,0.030459797831492136,False
hpmcounter8,50,0.01768128929589623,0.02656423476137291,False
hpmcounter8,51,0.01705001698190487,0.026049441762805492,False
hpmcounter8,52,0.016849780673202974,0.025644084701932572,False
hpmcounter8,53,0.018213679761881978,0.028638465902365077,False
hpmcounter8,54,0.018145189530359318,0.028544112684381385,False
hpmcounter8,55,0.018055965611059478,0.024115774286988766,False
hpmcounter8,56,0.017030912095663236,0.017298323518527114,False
hpmcounter8,57,0.01811245532166711,0.014643021411863553,False
hpmcounter8,58,0.019950035876020553,0.019243131709546515,False
hpmcounter8,59,0.022569941283344074,0.021931682693426838,False
hpmcounter8,60,0.024996301639629664,0.025535989771382356,False
hpmcounter8,61,0.02610433028896575,0.030996293481662877,False
hpmcounter8,62,0.031808028979251085,0.03374819615092488,False
hpmcounter8,63,0.035403864568950186,0.03656757748271688,False
hpmcounter8,64,0.03716659659929457,0.03890666599374959,False
hpmcounter8,65,0.036272459985495005,0.0368380302811688,False
hpmcounter8,66,0.03168993219257367,0.03174833511873667,False
hpmcounter8,67,0.027920357571463373,0.026836712696587047,False
hpmcounter8,68,0.0264377185491463,0.023865373139705274,False
hpmcounter8,69,0.02370538051495471,0.019016820132899178,False
hpmcounter8,70,0.02302883895104891,0.016838408827899158,False
hpmcounter8,71,0.01809411972471163,0.014785619826835806,False
hpmcounter8,72,0.01526583585535157,0.017325878190150308,False
hpmcounter8,73,0.01143835611055358,0.01783377401257368,False
hpmcounter8,74,0.012023330838576294,0.01842240564542829,False
hpmcounter8,75,0.01063978997628756,0.017516148699154636,False
hpmcounter8,76,0.011916486683337333,0.017059674161696098,False
hpmcounter8,77,0.012650694956360764,0.013404791876267638,False
hpmcounter8,78,0.013411580863195011,0.011546731514868668,False
hpmcounter8,79,0.013520882586536498,0.013033529624911448,False
hpmcounter8,80,0.012184403829031038,0.0131063372449384,False
hpmcounter8,81,0.013594011277110341,0.013123431233592456,False
hpmcounter8,82,0.014589477936347146,0.01472917171911086,False
hpmcounter8,83,0.014815626001094429,0.016424029155150045,False
hpmcounter8,84,0.013529251082002985,0.016765259679135794,False
hpmcounter8,85,0.013540853159689923,0.016691539864536746,False
hpmcounter8,86,0.012691418063870304,0.014417719121310348,False
hpmcounter8,87,0.012004586107984282,0.013963480691139982,False
hpmcounter8,88,0.009071253671857075,0.010916214170125919,False
hpmcounter8,89,0.008060059300082346,0.011426398452391053,False
hpmcounter8,90,0.00806323831052284,0.011431718835519916,False
hpmcounter8,91,0.006525874185056073,0.008966257234897634,False
hpmcounter8,92,0.004849459215031127,0.007324183024084405,False
hpmcounter8,93,0.003480349537994626,0.007388661201659039,False
hpmcounter8,94,0.0034543697479459297,0.00735879326810617,False
hpmcounter8,95,0.0034500289541942327,0.00734130916155902,False
hpmcounter8,96,0.0018158600411171254,0.0037041577288651558,False
hpmcounter8,97,0.0005084303037429825,0.0004489284383561859,False
hpmcounter8,98,0.0005091432514517273,0.0003644794256115907,False
hpmcounter8,99,0.0004430075335291238,0.00036504826789028404,False
hpmcounter8,100,0.0004310531936002948,0.00040181040277989624,False
hpmcounter8,101,0.0004166798064333052,0.00040488214492844003,False
hpmcounter8,102,0.0005221395515172658,0.000422949191756379,False
hpmcounter8,103,0.0017071582424959964,0.00369063658276282,False
hpmcounter8,104,0.0033414786432648764,0.007098754501005824,False
hpmcounter8,105,0.0033207898149547437,0.00714820405950554,False
hpmcounter8,106,0.0032855924121749265,0.007174330780658867,False
hpmcounter8,107,0.0032936259085367668,0.0071911371352963134,False
hpmcounter8,108,0.003302917629705067,0.007214481241494698,False
hpmcounter8,109,0.0032957266405699605,0.007186504626163977,False
hpmcounter8,110,0.0032957376265413743,0.007157159073339107,False
hpmcounter8,111,0.003274533335776668,0.007103659111586516,False
hpmcounter8,112,0.003349988158270524,0.00715337462347373,False
hpmcounter8,113,0.0017965889109488986,0.003598210708477203,False
hpmcounter8,114,0.0004999651697901264,0.00043226734311102187,False
hpmcounter8,115,0.0005140582797495949,0.0004054717829821605,False
hpmcounter8,116,0.0019857469076399632,0.0034063100781112,False
hpmcounter8,117,0.0050706563614629375,0.006770855219148479,False
hpmcounter8,118,0.0060286117435970135,0.006555408856231919,False
hpmcounter8,119,0.007158763760745893,0.006586215279694883,False
hpmcounter8,120,0.00717748641036664,0.006605226466723708,False
hpmcounter8,121,0.007192867986002155,0.006605322458650066,False
hpmcounter8,122,0.007259536323403102,0.006638865096970674,False
hpmcounter8,123,0.008770054602716683,0.00974623910541462,False
hpmcounter8,124,0.009569141255638318,0.009351808774173137,False
hpmcounter8,125,0.009570611095414962,0.00934842553447909,False
hpmcounter8,126,0.008097891559021221,0.006452658982653808,False
hpmcounter8,127,0.00579002267416742,0.004717925272487958,False
hpmcounter8,128,0.004573132717116282,0.004841778825302852,False
hpmcounter8,129,0.0040812260531878615,0.0045947507357491256,False
hpmcounter8,130,0.004143102689506836,0.004659766564286782,False
hpmcounter8,131,0.004119429812694339,0.004629192498875891,False
hpmcounter8,132,0.005386541596157246,0.004460898453602295,False
hpmcounter8,133,0.00517224305051824,0.0044653548325263685,False
hpmcounter8,134,0.004543910962407978,0.004608329434432826,False
hpmcounter8,135,0.004557204405718213,0.004628182111061304,False
hpmcounter8,136,0.005710350775266143,0.004424196726262983,False
hpmcounter8,137,0.00607517556251552,0.007040126343889824,False
hpmcounter8,138,0.007193333976303906,0.006699052362029718,False
hpmcounter8,139,0.010038719297883636,0.00845080916872031,False
hpmcounter8,140,0.011409176894814677,0.01014511930970514,False
hpmcounter8,141,0.013169401925011027,0.012495300754344716,False
hpmcounter8,142,0.01347785469770588,0.01579764229982409,False
hpmcounter8,143,0.01600800908524712,0.018769012635694925,False
hpmcounter8,144,0.019001521970341936,0.021754842883010248,False
hpmcounter8,145,0.021862627820743257,0.025057061842077507,False
hpmcounter8,146,0.02283831552309699,0.025344622450869127,False
hpmcounter8,147,0.024806103301261935,0.0256259531310749,False
hpmcounter8,148,0.026024447933720902,0.02381475584823857,False
hpmcounter8,149,0.027375118550053184,0.02346280841562384,False
hpmcounter8,150,0.02526057997200516,0.022060667059208165,False
hpmcounter8,151,0.02250308932294806,0.019993080247039902,False
hpmcounter8,152,0.021115078915311034,0.017853178822150057,False
hpmcounter8,153,0.018833560700314313,0.016788989813196795,False
hpmcounter8,154,0.017055543072471972,0.017287661219978368,False
hpmcounter8,155,0.016812970727966565,0.01603340790936375,False
hpmcounter8,156,0.01586990583472318,0.012603477396955371,False
hpmcounter8,157,0.015821705532886744,0.010650600498710935,False
hpmcounter8,158,0.014697975395225854,0.010981385212943265,False
hpmcounter8,159,0.014156745666532388,0.01319699700853743,False
hpmcounter8,160,0.015284546169454499,0.01511900730770195,False
hpmcounter8,161,0.01594340438246804,0.01738751675352448,False
hpmcounter8,162,0.016040916953974117,0.016773316846945985,False
hpmcounter8,163,0.01608946907539152,0.0173601767719105,False
hpmcounter8,164,0.0161319378350695,0.01754733124852206,False
hpmcounter8,165,0.015138639792458627,0.01680433885358445,False
hpmcounter8,166,0.014690043463630315,0.012724107701000555,False
hpmcounter8,167,0.01389004427026938,0.01120719419697979,False
hpmcounter8,168,0.01374412135884227,0.009439191427781908,False
hpmcounter8,169,0.012629846726514283,0.008789541456146018,False
hpmcounter8,170,0.011527276984167572,0.009101757807607663,False
hpmcounter8,171,0.01117473348564483,0.00977565922772112,False
hpmcounter8,172,0.011533831680443422,0.011738888330948353,False
hpmcounter8,173,0.014061531425356022,0.013693857085980435,False
hpmcounter8,174,0.01655166627496236,0.01311733682691052,False
hpmcounter8,175,0.01545833484106197,0.011259053463182003,False
hpmcounter8,176,0.013244788531717806,0.012218033611698037,False
hpmcounter8,177,0.013001833287847878,0.012622275179079821,False
hpmcounter8,178,0.011767444682455278,0.011230539010001659,False
hpmcounter8,179,0.011830251575859447,0.011242556521710603,False
hpmcounter8,180,0.011817076416329064,0.011236707499313976,False
hpmcounter8,181,0.010573016192441673,0.010394979493629424,False
hpmcounter8,182,0.007973673495602646,0.009238074034275798,False
hpmcounter8,183,0.004211501502921556,0.006329512517761698,False
hpmcounter8,184,0.0030378751969455295,0.004176216751841438,False
hpmcounter8,185,0.003041693564766706,0.006472115002395684,False
hpmcounter8,186,0.004473074421902612,0.009521208908872852,False
hpmcounter8,187,0.005900918552658349,0.012577452024374686,False
hpmcounter8,188,0.007299159251904361,0.015582928751923282,False
hpmcounter8,189,0.008736544228412703,0.0186938590089705,False
hpmcounter8,190,0.00872662209518673,0.01867415161271128,False
hpmcounter8,191,0.0096457354506712,0.01830102062285101,False
hpmcounter8,192,0.010958572429651833,0.01825140753759239,False
hpmcounter8,193,0.012276578721401353,0.01866647447936236,False
hpmcounter8,194,0.012190472771227897,0.01719819243782366,False
hpmcounter8,195,0.010849601710113354,0.015184749841253502,False
hpmcounter8,196,0.009482035538665442,0.01352254079305478,False
hpmcounter8,197,0.008120009025793712,0.012426527936774213,False
hpmcounter8,198,0.006763690219447329,0.011978017456554413,False
hpmcounter8,199,0.00687011663617734,0.012010802085391,False
hpmcounter8,200,0.006863740467477161,0.011989647241204299,False
hpmcounter8,201,0.0054674086581330906,0.00898048131954289,False
hpmcounter8,202,0.006001998722911623,0.005658010449724179,False
hpmcounter8,203,0.006022811656010961,0.005666363008756962,False
hpmcounter8,204,0.00511233180571518,0.005931058996067743,False
hpmcounter8,205,0.005117861836968093,0.005956089308880261,False
hpmcounter8,206,0.0050783527316589794,0.006012770156406397,False
hpmcounter8,207,0.006392622695044839,0.008870583030485041,False
hpmcounter8,208,0.007727966865699159,0.011760290480987931,False
hpmcounter8,209,0.006890095623050976,0.012045595122597721,False
hpmcounter8,210,0.006914424294950439,0.012044182946962674,False
hpmcounter8,211,0.0069328172425546205,0.012066037489109378,False
hpmcounter8,212,0.004394671768247583,0.009342963884295586,False
hpmcounter8,213,0.0029077260756288034,0.0062013071914093386,False
hpmcounter8,214,0.0028878756846722267,0.006157625456108854,False
hpmcounter8,215,0.002870537931468802,0.00611697738290736,False
hpmcounter8,216,0.0028914700316473355,0.006162335586230058,False
hpmcounter8,217,0.0014409449962849673,0.003047723297791912,False
hpmcounter8,218,0.00037004026060246943,0.0002595382840759283,False
hpmcounter8,219,0.0004542358146733337,0.00027726747351991207,False
hpmcounter8,220,0.0004323490090802844,0.0003365182855322526,False
hpmcounter8,221,0.0004205450870624246,0.00032744011575470565,False
hpmcounter8,222,0.00047099155642449375,0.00024350492067281345,False
hpmcounter8,223,0.0014668628548340917,0.0031424773137267857,False
hpmcounter8,224,0.00277291123739143,0.003826542628145213,False
hpmcounter8,225,0.004082100637499516,0.006115880294676026,False
hpmcounter8,226,0.005430605408286076,0.008945695458870357,False
hpmcounter8,227,0.006747786590098333,0.011889593610037427,False
hpmcounter8,228,0.008046364780790786,0.01479104149743642,False
hpmcounter8,229,0.009328097504615007,0.01774768991654693,False
hpmcounter8,230,0.01051773891278776,0.020528265722349063,False
hpmcounter8,231,0.011741486851244706,0.023367385766658783,False
hpmcounter8,232,0.012944862335429744,0.026075255153954462,False
hpmcounter8,233,0.012349422780810552,0.026393699107320156,False
hpmcounter8,234,0.011030023482062553,0.02341742087091452,False
hpmcounter8,235,0.009630017021311511,0.020455273896571556,False
hpmcounter8,236,0.008237849416972217,0.017462328539513582,False
hpmcounter8,237,0.0068715050556014375,0.014500303963368039,False
hpmcounter8,238,0.005581780608314539,0.011510462219311362,False
hpmcounter8,239,0.004272384512352613,0.008544144706779359,False
hpmcounter8,240,0.0029461116519342344,0.005657273434390456,False
hpmcounter8,241,0.0016426374029217562,0.0028815749082433334,False
hpmcounter8,242,0.0004776301915148936,0.00036461029598329665,False
hpmcounter8,243,0.001686046273515802,0.0026201477538533246,False
hpmcounter8,244,0.0030913784894109116,0.005231617011440811,False
hpmcounter8,245,0.005464353892426427,0.007667678889551366,False
hpmcounter8,246,0.00820507407660628,0.010559274020943735,False
hpmcounter8,247,0.010928002990211894,0.01375771484254451,False
hpmcounter8,248,0.012229225897094667,0.015015982945918868,False
hpmcounter8,249,0.012220935140378161,0.014969960319284874,False
hpmcounter8,250,0.012227120885882037,0.014901581380171464,False
hpmcounter8,251,0.012254044508412068,0.014979321748226653,False
hpmcounter8,252,0.012275904480135009,0.01499861605401116,False
hpmcounter8,253,0.011464757206624146,0.012950392785690998,False
hpmcounter8,254,0.011308488639475851,0.01177929453209113,False
hpmcounter8,255,0.009948680162672986,0.01052067937360142,False
hpmcounter8,256,0.00881957881748058,0.011734731175944355,False
hpmcounter8,257,0.006821575846390937,0.011812435163418525,False
hpmcounter8,258,0.00572801577635322,0.01215725118032709,False
hpmcounter8,259,0.006865859990883872,0.011894953811214795,False
hpmcounter8,260,0.008215890448744522,0.014822886549056563,False
hpmcounter8,261,0.010902433515030254,0.01781488169073144,False
hpmcounter8,262,0.010888729147941065,0.01778987018295243,False
hpmcounter8,263,0.010190948237377248,0.014450918165027558,False
hpmcounter8,264,0.011419504232582835,0.012548949703619581,False
hpmcounter8,265,0.01145802008456784,0.012559469620532391,False
hpmcounter8,266,0.012068132883426001,0.013871330479530212,False
hpmcounter8,267,0.014741929281408384,0.01602053677161224,False
hpmcounter8,268,0.018311679559719483,0.018441541586019454,False
hpmcounter8,269,0.019652555221232538,0.016292550051951966,False
hpmcounter8,270,0.020828993284154336,0.018711483262961966,False
hpmcounter8,271,0.021875529995729677,0.019877234430957322,False
hpmcounter8,272,0.02311867315014171,0.021823009560887993,False
hpmcounter8,273,0.023094248927929616,0.024743095544450987,False
hpmcounter8,274,0.021694691789876624,0.02440751328576074,False
hpmcounter8,275,0.0207914138101928,0.02391517491702547,False
hpmcounter8,276,0.019519982459618276,0.020991163813504476,False
hpmcounter8,277,0.017063231289207576,0.018028271625613403,False
hpmcounter8,278,0.01546748472806451,0.01566450736403082,False
hpmcounter8,279,0.015024813098913233,0.014446606374210967,False
hpmcounter8,280,0.013781910769282535,0.014084310148612987,False
hpmcounter8,281,0.011933359854793942,0.014114404661856612,False
hpmcounter8,282,0.010948177302544583,0.01401017641959282,False
hpmcounter8,283,0.010584642142061802,0.014281530743200991,False
hpmcounter8,284,0.010594511484230396,0.01431475045944179,False
hpmcounter8,285,0.010269963435851685,0.013950841218005234,False
hpmcounter8,286,0.008812929058162063,0.012641008213658805,False
hpmcounter8,287,0.007383881897512087,0.01192825616830608,False
hpmcounter8,288,0.004884425690351271,0.008724350451762463,False
hpmcounter8,289,0.0027800402434219732,0.005950225335391852,False
hpmcounter8,290,0.0014304373572865275,0.0030768388090622145,False
hpmcounter8,291,0.0014653248127168453,0.0030845290880594095,False
hpmcounter8,292,0.0025435304683518556,0.0036244877931962322,False
hpmcounter8,293,0.003713103068872798,0.005713309953689884,False
hpmcounter8,294,0.006127165803897934,0.008033250667939546,False
hpmcounter8,295,0.006429694018755751,0.010936176933209184,False
hpmcounter8,296,0.007651747293146692,0.013572814598709734,False
hpmcounter8,297,0.00893297120147701,0.016120653506959185,False
hpmcounter8,298,0.010041233255656415,0.015891072410257886,False
hpmcounter9,10,0.014252012911973807,0.030203288505804768,False
hpmcounter9,11,0.014252012911973862,0.030203288505804723,False
hpmcounter9,12,0.014252012911973668,0.030203288505804792,False
hpmcounter9,13,0.01425201291197396,0.03020328850580471,False
hpmcounter9,14,0.01425201291197382,0.030203288505804747,False
hpmcounter9,15,0.01425201291197371,0.03020328850580477,False
hpmcounter9,16,0.014252012911973916,0.03020328850580472,False
hpmcounter9,17,0.01425201291197371,0.03020328850580478,False
hpmcounter9,18,0.0,1e-06,True
hpmcounter9,19,0.0,1e-06,True
hpmcounter9,20,0.01351505222716835,0.027548963972947663,False
hpmcounter9,21,0.022056722419736628,0.03217234053174932,False
hpmcounter9,22,0.03331805600470854,0.04474097885524943,False
hpmcounter9,23,0.033318056004708614,0.044740978855249434,False
hpmcounter9,24,0.03331805600470862,0.044740978855249455,False
hpmcounter9,25,0.03331805600470872,0.04474097885524934,False
hpmcounter9,26,0.03331805600470857,0.044740978855249476,False
hpmcounter9,27,0.03331805600470868,0.044740978855249414,False
hpmcounter9,28,0.03331805600470857,0.044740978855249386,False
hpmcounter9,29,0.033318056004708586,0.04474097885524946,False
hpmcounter9,30,0.02551589424004516,0.044651794727524834,False
hpmcounter9,31,0.013820223730763793,0.01866708122225656,False
hpmcounter9,32,0.0,1e-06,True
hpmcounter9,33,0.0,1e-06,True
hpmcounter9,34,0.0,1e-06,True
hpmcounter9,35,0.0,1e-06,True
hpmcounter9,36,0.0,1e-06,True
hpmcounter9,37,0.0,1e-06,True
hpmcounter9,38,0.0,1e-06,True
hpmcounter9,39,0.0,1e-06,True
hpmcounter9,40,0.0,1e-06,True
hpmcounter9,41,0.0,1e-06,True
hpmcounter9,42,0.0,1e-06,True
hpmcounter9,43,0.0,1e-06,True
hpmcounter9,44,0.0,1e-06,True
hpmcounter9,45,0.010122751935246796,0.02189272372636694,False
hpmcounter9,46,0.010122751935247063,0.021892723726366883,False
hpmcounter9,47,0.010122751935246938,0.02189272372636689,False
hpmcounter9,48,0.019925254156384194,0.02737151960507865,False
hpmcounter9,49,0.027197132089214298,0.02801955134663009,False
hpmcounter9,50,0.038138503569823734,0.03776052862930633,False
hpmcounter9,51,0.03739516607361441,0.03550868399424769,False
hpmcounter9,52,0.05899069161339323,0.053847260925420116,False
hpmcounter9,53,0.053511466235336015,0.05204930417651594,False
hpmcounter9,54,0.05351146623533605,0.05204930417651597,False
hpmcounter9,55,0.05598405044291114,0.05094655722553118,False
hpmcounter9,56,0.055984050442911173,0.050946557225531125,False
hpmcounter9,57,0.05598405044291123,0.05094655722553108,False
hpmcounter9,58,0.05356785860231576,0.03948124622737937,False
hpmcounter9,59,0.04734698089277147,0.0391936451020598,False
hpmcounter9,60,0.049660552762522146,0.03838767450365595,False
hpmcounter9,61,0.04804170564734846,0.03418804366875218,False
hpmcounter9,62,0.03275113036864205,0.03584724835674445,False
hpmcounter9,63,0.026000506687534897,0.042940422189144685,False
hpmcounter9,64,0.02600050668753486,0.04294042218914477,False
hpmcounter9,65,0.030560868813935427,0.0408714339212849,False
hpmcounter9,66,0.03575950282346748,0.042533186203660735,False
hpmcounter9,67,0.0373667291970864,0.03992826527579321,False
hpmcounter9,68,0.03323569997907637,0.04290085720552258,False
hpmcounter9,69,0.03323569997907642,0.04290085720552259,False
hpmcounter9,70,0.033235699979076314,0.04290085720552263,False
hpmcounter9,71,0.02667889309189218,0.03317198239582509,False
hpmcounter9,72,0.02964480213228161,0.03159680723388381,False
hpmcounter9,73,0.026876789761977243,0.03263620369134055,False
hpmcounter9,74,0.03126094573989739,0.030784980413800584,False
hpmcounter9,75,0.026680761387591918,0.026709030549932733,False
hpmcounter9,76,0.03124743424673424,0.02564170245751282,False
hpmcounter9,77,0.03415127569319139,0.029434441620013973,False
hpmcounter9,78,0.03415127569319144,0.029434441620013945,False
hpmcounter9,79,0.03696213774326805,0.026643057242363773,False
hpmcounter9,80,0.03850335855795435,0.031523315679424485,False
hpmcounter9,81,0.04156045663131854,0.03634015862394703,False
hpmcounter9,82,0.03856411452956286,0.03402792836981297,False
hpmcounter9,83,0.03856411452956277,0.03402792836981313,False
hpmcounter9,84,0.03696778102393107,0.03105441190338783,False
hpmcounter9,85,0.0375740761991029,0.03438815428843567,False
hpmcounter9,86,0.0370274334472361,0.03435774713792037,False
hpmcounter9,87,0.03759154032300846,0.03435954609341762,False
hpmcounter9,88,0.037591540323008585,0.03435954609341745,False
hpmcounter9,89,0.027726258961501583,0.026183306380324796,False
hpmcounter9,90,0.023481381179313865,0.024075188313873407,False
hpmcounter9,91,0.01938896551713039,0.025993855017276007,False
hpmcounter9,92,0.013558939281049185,0.016167009553164708,False
hpmcounter9,93,0.01674762294039795,0.021442735459066466,False
hpmcounter9,94,0.014974704097834208,0.017076356201989235,False
hpmcounter9,95,0.01755432713284924,0.016200954948649895,False
hpmcounter9,96,0.017554327132849254,0.01620095494864982,False
hpmcounter9,97,0.021252891732866735,0.019142876161501694,False
hpmcounter9,98,0.021252891732866708,0.0191428761615016,False
hpmcounter9,99,0.023167998608978044,0.020757616430081612,False
hpmcounter9,100,0.024737890041225404,0.019375809637702652,False
hpmcounter9,101,0.024737890041225303,0.019375809637702655,False
hpmcounter9,102,0.02216622638466769,0.017871234276605988,False
hpmcounter9,103,0.020687610236432098,0.019202379509121813,False
hpmcounter9,104,0.02119768347000567,0.019201649103330914,False
hpmcounter9,105,0.020196475280665503,0.014952175479495143,False
hpmcounter9,106,0.020196475280665503,0.014952175479495127,False
hpmcounter9,107,0.01789735326756115,0.01641911973418428,False
hpmcounter9,108,0.022498966270177563,0.01761156693373483,False
hpmcounter9,109,0.017327255963641413,0.015840858879346345,False
hpmcounter9,110,0.014657667613663323,0.016899908656073017,False
hpmcounter9,111,0.01493427234948791,0.01597181137882829,False
hpmcounter9,112,0.017258679845909897,0.016398806673388007,False
hpmcounter9,113,0.017258679845909917,0.01639880667338814,False
hpmcounter9,114,0.015989153276022017,0.01671161223194216,False
hpmcounter9,115,0.014522977617323924,0.016225063799682252,False
hpmcounter9,116,0.014522977617323934,0.016225063799682273,False
hpmcounter9,117,0.01452297761732398,0.016225063799682252,False
hpmcounter9,118,0.00963100163238958,0.011993216417368308,False
hpmcounter9,119,0.009631001632389558,0.011993216417368379,False
hpmcounter9,120,0.014308820579075676,0.020345711190219624,False
hpmcounter9,121,0.02019085712302975,0.01763590878774127,False
hpmcounter9,122,0.017028372308090938,0.017540788741309446,False
hpmcounter9,123,0.01702837230809101,0.01754078874130946,False
hpmcounter9,124,0.017028372308090855,0.017540788741309425,False
hpmcounter9,125,0.017028372308091067,0.01754078874130938,False
hpmcounter9,126,0.017028372308091004,0.017540788741309436,False
hpmcounter9,127,0.017028372308090917,0.01754078874130946,False
hpmcounter9,128,0.02344877389449207,0.016931032751619144,False
hpmcounter9,129,0.02344877389449194,0.016931032751619158,False
hpmcounter9,130,0.026196996018638896,0.03088900315290722,False
hpmcounter9,131,0.018918376954903955,0.03298263268089859,False
hpmcounter9,132,0.025631878633401155,0.048258336918057934,False
hpmcounter9,133,0.02563187863340107,0.04825833691805797,False
hpmcounter9,134,0.025631878633401196,0.04825833691805793,False
hpmcounter9,135,0.02563187863340106,0.048258336918057955,False
hpmcounter9,136,0.025631878633401144,0.04825833691805791,False
hpmcounter9,137,0.02563187863340106,0.04825833691805799,False
hpmcounter9,138,0.015202891260632154,0.03266226760977244,False
hpmcounter9,139,0.01520289126063221,0.03266226760977247,False
hpmcounter9,140,0.014175148301542002,0.014462956304547064,False
hpmcounter9,141,0.019010485684129375,0.016026316092069726,False
hpmcounter9,142,0.016358681526047122,0.0173715755821249,False
hpmcounter9,143,0.0163586815260471,0.01737157558212491,False
hpmcounter9,144,0.016358681526047004,0.017371575582124956,False
hpmcounter9,145,0.016358681526047095,0.017371575582124932,False
hpmcounter9,146,0.016358681526047098,0.01737157558212494,False
hpmcounter9,147,0.016358681526047095,0.017371575582124956,False
hpmcounter9,148,0.016358681526047074,0.017371575582124887,False
hpmcounter9,149,0.016358681526047088,0.017371575582125,False
hpmcounter9,150,0.009083263394564126,0.01419023146612364,False
hpmcounter9,151,0.0,1e-06,True
hpmcounter9,152,0.0033478511864549836,0.006948365134956724,False
hpmcounter9,153,0.0033478511864550448,0.006948365134956709,False
hpmcounter9,154,0.0033478511864549615,0.006948365134956761,False
hpmcounter9,155,0.006222544715741615,0.008544367064392322,False
hpmcounter9,156,0.006222544715741562,0.008544367064392355,False
hpmcounter9,157,0.007528196094191394,0.008484250327070909,False
hpmcounter9,158,0.010351670420268116,0.01030478617855299,False
hpmcounter9,159,0.01324067693117775,0.013198192589981169,False
hpmcounter9,160,0.01573412139985826,0.016070542720940422,False
hpmcounter9,161,0.016212789640344095,0.01612437478079005,False
hpmcounter9,162,0.015162119644015135,0.01566125277082985,False
hpmcounter9,163,0.01516211964401512,0.015661252770829994,False
hpmcounter9,164,0.015162119644015074,0.015661252770829887,False
hpmcounter9,165,0.01576789132606696,0.016262378859333782,False
hpmcounter9,166,0.01576789132606702,0.01626237885933391,False
hpmcounter9,167,0.01242524463178006,0.011670414841877159,False
hpmcounter9,168,0.009229423806679035,0.008363123126987488,False
hpmcounter9,169,0.0062899896564766605,0.007071703002132949,False
hpmcounter9,170,0.002753441278965059,0.0058336410372963115,False
hpmcounter9,171,0.0,1e-06,True
hpmcounter9,172,0.0,1e-06,True
hpmcounter9,173,0.0,1e-06,True
hpmcounter9,174,0.0,1e-06,True
hpmcounter9,175,0.0,1e-06,True
hpmcounter9,176,0.0,1e-06,True
hpmcounter9,177,0.0,1e-06,True
hpmcounter9,178,0.0,1e-06,True
hpmcounter9,179,0.0,1e-06,True
hpmcounter9,180,0.0,1e-06,True
hpmcounter9,181,0.0,1e-06,True
hpmcounter9,182,0.0,1e-06,True
hpmcounter9,183,0.0,1e-06,True
hpmcounter9,184,0.0028468696810467187,0.00574068807962799,False
hpmcounter9,185,0.005638631076191279,0.011614414980033,False
hpmcounter9,186,0.005638631076191164,0.011614414980033053,False
hpmcounter9,187,0.010485400146133871,0.014312817535609184,False
hpmcounter9,188,0.010485400146133767,0.014312817535609234,False
hpmcounter9,189,0.010485400146133816,0.014312817535609241,False
hpmcounter9,190,0.0104854001461338,0.014312817535609217,False
hpmcounter9,191,0.010485400146133769,0.01431281753560926,False
hpmcounter9,192,0.010485400146133814,0.014312817535609213,False
hpmcounter9,193,0.010485400146133805,0.014312817535609245,False
hpmcounter9,194,0.007871004370995253,0.011875761622495613,False
hpmcounter9,195,0.005597270740924009,0.011884386258764887,False
hpmcounter9,196,0.005597270740924152,0.011884386258764859,False
hpmcounter9,197,0.0,1e-06,True
hpmcounter9,198,0.0,1e-06,True
hpmcounter9,199,0.0,1e-06,True
hpmcounter9,200,0.002813314996727481,0.0059643621161865525,False
hpmcounter9,201,0.002813314996727553,0.005964362116186533,False
hpmcounter9,202,0.0028133149967276188,0.005964362116186515,False
hpmcounter9,203,0.0028133149967275177,0.005964362116186544,False
hpmcounter9,204,0.0028133149967275247,0.00596436211618654,False
hpmcounter9,205,0.0028133149967275897,0.005964362116186531,False
hpmcounter9,206,0.005342141368352428,0.007321926120008074,False
hpmcounter9,207,0.0064505066799381535,0.00728651540810243,False
hpmcounter9,208,0.0064505066799381006,0.007286515408102428,False
hpmcounter9,209,0.009373843884498597,0.010808026767199311,False
hpmcounter9,210,0.008289372761715177,0.010746037881065887,False
hpmcounter9,211,0.010633002061307595,0.009095417694052465,False
hpmcounter9,212,0.013528324552544194,0.01116366761305657,False
hpmcounter9,213,0.01352832455254424,0.01116366761305655,False
hpmcounter9,214,0.015121870229939327,0.014224142837035275,False
hpmcounter9,215,0.015121870229939294,0.014224142837035292,False
hpmcounter9,216,0.014431692902486604,0.01430790422580317,False
hpmcounter9,217,0.013931149709171291,0.01525183096107929,False
hpmcounter9,218,0.013931149709171187,0.015251830961079398,False
hpmcounter9,219,0.011285123466672622,0.015506984478571084,False
hpmcounter9,220,0.011285123466672691,0.015506984478571097,False
hpmcounter9,221,0.008787639178422188,0.015246883655940346,False
hpmcounter9,222,0.002359668213484244,0.005098574753305873,False
hpmcounter9,223,0.0023596682134841883,0.005098574753305874,False
hpmcounter9,224,0.0,1e-06,True
hpmcounter9,225,0.0,1e-06,True
hpmcounter9,226,0.0,1e-06,True
hpmcounter9,227,0.0023600572364180367,0.004957462554184257,False
hpmcounter9,228,0.00475068212032404,0.00972397176481574,False
hpmcounter9,229,0.0047506821203239374,0.00972397176481569,False
hpmcounter9,230,0.004750682120324029,0.009723971764815716,False
hpmcounter9,231,0.004750682120324061,0.009723971764815702,False
hpmcounter9,232,0.004750682120323996,0.009723971764815735,False
hpmcounter9,233,0.004750682120324057,0.009723971764815709,False
hpmcounter9,234,0.0047506821203240155,0.00972397176481576,False
hpmcounter9,235,0.004750682120324047,0.00972397176481566,False
hpmcounter9,236,0.0047506821203240675,0.009723971764815705,False
hpmcounter9,237,0.002403154280674522,0.004763510973002637,False
hpmcounter9,238,0.0,1e-06,True
hpmcounter9,239,0.0,1e-06,True
hpmcounter9,240,0.0,1e-06,True
hpmcounter9,241,0.0,1e-06,True
hpmcounter9,242,0.0,1e-06,True
hpmcounter9,243,0.0,1e-06,True
hpmcounter9,244,0.0,1e-06,True
hpmcounter9,245,0.0,1e-06,True
hpmcounter9,246,0.0,1e-06,True
hpmcounter9,247,0.0,1e-06,True
hpmcounter9,248,0.0,1e-06,True
hpmcounter9,249,0.0,1e-06,True
hpmcounter9,250,0.0,1e-06,True
hpmcounter9,251,0.0,1e-06,True
hpmcounter9,252,0.002357719859402106,0.004994703114302226,False
hpmcounter9,253,0.004707840869536092,0.0099754291614297,False
hpmcounter9,254,0.004707840869536013,0.00997542916142972,False
hpmcounter9,255,0.00470784086953609,0.009975429161429702,False
hpmcounter9,256,0.008645734138932501,0.012029129448078263,False
hpmcounter9,257,0.010060857777536774,0.011426889778672868,False
hpmcounter9,258,0.010060857777536802,0.011426889778672842,False
hpmcounter9,259,0.01006085777753683,0.011426889778672854,False
hpmcounter9,260,0.011810707377176417,0.011646874566504746,False
hpmcounter9,261,0.011810707377176446,0.01164687456650466,False
hpmcounter9,262,0.009816558573155054,0.010440055023208286,False
hpmcounter9,263,0.008988606376018227,0.010689749865669783,False
hpmcounter9,264,0.008988606376018273,0.010689749865669767,False
hpmcounter9,265,0.008988606376018293,0.010689749865669769,False
hpmcounter9,266,0.006106546478466468,0.008957007971827143,False
hpmcounter9,267,0.0047475107521118875,0.008754230394548137,False
hpmcounter9,268,0.004747510752111729,0.00875423039454815,False
hpmcounter9,269,0.0047475107521118155,0.008754230394548198,False
hpmcounter9,270,0.0,1e-06,True
hpmcounter9,271,0.0,1e-06,True
hpmcounter9,272,0.002174951012736446,0.004514449071752832,False
hpmcounter9,273,0.003861185607721382,0.004875239580492029,False
hpmcounter9,274,0.003861185607721298,0.004875239580492087,False
hpmcounter9,275,0.003861185607721359,0.004875239580492075,False
hpmcounter9,276,0.00520878625636369,0.005878648965772484,False
hpmcounter9,277,0.005208786256363784,0.005878648965772446,False
hpmcounter9,278,0.005208786256363637,0.005878648965772522,False
hpmcounter9,279,0.005208786256363773,0.005878648965772396,False
hpmcounter9,280,0.006819132853662905,0.005742137238452089,False
hpmcounter9,281,0.007925083511252675,0.008176702814144567,False
hpmcounter9,282,0.0076818781322074425,0.007937279260131613,False
hpmcounter9,283,0.007889420614622094,0.008097681239803185,False
hpmcounter9,284,0.008254523222781005,0.0077503446336692995,False
hpmcounter9,285,0.008254523222780991,0.00775034463366926,False
hpmcounter9,286,0.007072914926623186,0.007983107392116346,False
hpmcounter9,287,0.0070729149266232135,0.007983107392116382,False
hpmcounter9,288,0.007072914926623144,0.007983107392116393,False
hpmcounter9,289,0.008491085735419299,0.009278810513620868,False
hpmcounter9,290,0.007180636522351525,0.00999598295085387,False
hpmcounter9,291,0.005304724150570208,0.008284653872097356,False
hpmcounter9,292,0.003962749266951652,0.008421236664156987,False
hpmcounter9,293,0.003962749266951684,0.008421236664156964,False
hpmcounter9,294,0.0019908487592750672,0.004151388371841889,False
hpmcounter9,295,0.0035876439886356817,0.005169279253987365,False
hpmcounter9,296,0.0035876439886357255,0.005169279253987324,False
hpmcounter9,297,0.005317401768057221,0.005482393746494004,False
hpmcounter9,298,0.005317401768057119,0.005482393746494046,False
hpmcounter10,10,0.13446940382547726,0.10503147145104762,False
hpmcounter10,11,0.13521962275732877,0.10071956240843401,False
hpmcounter10,12,0.05801291908426513,0.10053876577939234,False
hpmcounter10,13,0.060484056837499425,0.10447420679367675,False
hpmcounter10,14,0.05608506640726527,0.08997975234958146,False
hpmcounter10,15,0.05228980236996918,0.08565777389178833,False
hpmcounter10,16,0.04680639283501689,0.08126401045282423,False
hpmcounter10,17,0.04018862266147428,0.06834498470392528,False
hpmcounter10,18,0.034352517958349545,0.06110893190496462,False
hpmcounter10,19,0.03234961792612585,0.06337864583050286,False
hpmcounter10,20,0.03692709469949618,0.0674395005582866,False
hpmcounter10,21,0.03363835509693138,0.05766359481286042,False
hpmcounter10,22,0.030958838929001864,0.05148042804198082,False
hpmcounter10,23,0.029565103818651805,0.04530700013567969,False
hpmcounter10,24,0.027378267100547016,0.04066510583278801,False
hpmcounter10,25,0.02455863949565213,0.03752913133962538,False
hpmcounter10,26,0.02199555016413631,0.03194209930785514,False
hpmcounter10,27,0.019733857257771832,0.027177067353259143,False
hpmcounter10,28,0.019377416495945078,0.022393282813276,False
hpmcounter10,29,0.01730241259356627,0.0198832095778954,False
hpmcounter10,30,0.015418414347903576,0.018046311722282816,False
hpmcounter10,31,0.02014660911585201,0.021313887335405717,False
hpmcounter10,32,0.02458811777683609,0.025277553160815036,False
hpmcounter10,33,0.02723759879574348,0.026822110124852184,False
hpmcounter10,34,0.029117596484373585,0.028534262418584345,False
hpmcounter10,35,0.033005211709739024,0.030249159241505362,False
hpmcounter10,36,0.036930391995096803,0.03285285221472074,False
hpmcounter10,37,0.03854380609622253,0.03614451543813107,False
hpmcounter10,38,0.03631640428002507,0.034685043854640704,False
hpmcounter10,39,0.034040117168238,0.03409587671103166,False
hpmcounter10,40,0.03149136590481837,0.030955810164119173,False
hpmcounter10,41,0.026660538949937425,0.03095476365542559,False
hpmcounter10,42,0.027893933552570478,0.037900646397018914,False
hpmcounter10,43,0.022251567266973433,0.03192284887843634,False
hpmcounter10,44,0.01982491145464082,0.0289621157576172,False
hpmcounter10,45,0.01696912165347264,0.026509295020531804,False
hpmcounter10,46,0.01485724768783774,0.024385382102500783,False
hpmcounter10,47,0.016418115301056406,0.028788319481503618,False
hpmcounter10,48,0.018315834589040673,0.029269922628950368,False
hpmcounter10,49,0.020112380382364063,0.03046541753478044,False
hpmcounter10,50,0.01778241771302449,0.026597349545821262,False
hpmcounter10,51,0.01714490833701192,0.026049457340162487,False
hpmcounter10,52,0.016999292219472485,0.025732217363276817,False
hpmcounter10,53,0.018421663967550052,0.028791039889538093,False
hpmcounter10,54,0.018421663967550052,0.02879103988953817,False
hpmcounter10,55,0.018211041019437955,0.024268985439216066,False
hpmcounter10,56,0.017024015366812112,0.017421299545698484,False
hpmcounter10,57,0.018051018032254906,0.014529791743854166,False
hpmcounter10,58,0.019965937275776793,0.019108066864174777,False
hpmcounter10,59,0.02231324456895567,0.021793687922901338,False
hpmcounter10,60,0.02479598646032085,0.025335537076687203,False
hpmcounter10,61,0.02591449439889677,0.03098855610885125,False
hpmcounter10,62,0.031606825135841135,0.033639091274009846,False
hpmcounter10,63,0.03511621604837731,0.03651349218368558,False
hpmcounter10,64,0.036885810374453536,0.03882317702522404,False
hpmcounter10,65,0.035939349849434955,0.036620094416598824,False
hpmcounter10,66,0.03129178038455303,0.03160972430360999,False
hpmcounter10,67,0.02746320526866383,0.02654372949287117,False
hpmcounter10,68,0.025942339334469423,0.02352346532724055,False
hpmcounter10,69,0.023349782463749608,0.018660533031044684,False
hpmcounter10,70,0.02263428995665998,0.01666183103354732,False
hpmcounter10,71,0.017752892792405117,0.014680090907038975,False
hpmcounter10,72,0.014986316967531402,0.01735919131007579,False
hpmcounter10,73,0.011282925687787475,0.017898873308824077,False
hpmcounter10,74,0.012135283089540237,0.018588253603142497,False
hpmcounter10,75,0.010757959087946956,0.017641641311379727,False
hpmcounter10,76,0.011940537856578256,0.01712113725722787,False
hpmcounter10,77,0.01269987378165885,0.01344115135182673,False
hpmcounter10,78,0.013473016265327787,0.011554848596481935,False
hpmcounter10,79,0.013506713413615899,0.013016663903836762,False
hpmcounter10,80,0.012135503341265803,0.013089500737017158,False
hpmcounter10,81,0.01357305440905332,0.013075099799206062,False
hpmcounter10,82,0.014534261477887231,0.014650258823414085,False
hpmcounter10,83,0.01466418681800736,0.016297138990631635,False
hpmcounter10,84,0.013380377232079008,0.016699754726523564,False
hpmcounter10,85,0.013380377232079063,0.01669975472652358,False
hpmcounter10,86,0.012563351813378181,0.01446221850470014,False
hpmcounter10,87,0.011962447405825558,0.013912249107111868,False
hpmcounter10,88,0.009074822759781576,0.01089267543106702,False
hpmcounter10,89,0.008061144207455972,0.011428552348959559,False
hpmcounter10,90,0.008061144207455918,0.011428552348959571,False
hpmcounter10,91,0.006467952125500444,0.008856683353858055,False
hpmcounter10,92,0.004851667026915167,0.0072632186097041865,False
hpmcounter10,93,0.003425500383736152,0.007260434362898799,False
hpmcounter10,94,0.0034255003837361407,0.007260434362898786,False
hpmcounter10,95,0.0034255003837361407,0.0072604343628987975,False
hpmcounter10,96,0.001694032667652314,0.003594026784210714,False
hpmcounter10,97,0.0,1e-06,True
hpmcounter10,98,0.0,1e-06,True
hpmcounter10,99,0.0,1e-06,True
hpmcounter10,100,0.0,1e-06,True
hpmcounter10,101,0.0,1e-06,True
hpmcounter10,102,0.0,1e-06,True
hpmcounter10,103,0.0016590990727624669,0.003595235840774976,False
hpmcounter10,104,0.003277748044396004,0.007136662938739904,False
hpmcounter10,105,0.003277748044395995,0.00713666293873988,False
hpmcounter10,106,0.0032777480443959804,0.007136662938739907,False
hpmcounter10,107,0.0032777480443960385,0.007136662938739899,False
hpmcounter10,108,0.0032777480443960372,0.007136662938739876,False
hpmcounter10,109,0.00327774804439599,0.007136662938739883,False
hpmcounter10,110,0.003277748044396015,0.007136662938739923,False
hpmcounter10,111,0.0032777480443959917,0.007136662938739857,False
hpmcounter10,112,0.0032777480443960108,0.007136662938739882,False
hpmcounter10,113,0.0016425006081749384,0.0035314494532700503,False
hpmcounter10,114,0.0,1e-06,True
hpmcounter10,115,0.0,1e-06,True
hpmcounter10,116,0.001843579148960875,0.0034257567781298217,False
hpmcounter10,117,0.004991470367636875,0.006741469938158225,False
hpmcounter10,118,0.005997715135291045,0.006606982459464321,False
hpmcounter10,119,0.007135627702891575,0.006539993095971567,False
hpmcounter10,120,0.00713562770289154,0.006539993095971622,False
hpmcounter10,121,0.007135627702891485,0.0065399930959716135,False
hpmcounter10,122,0.007135627702891574,0.006539993095971575,False
hpmcounter10,123,0.008584540127752073,0.009681351652362712,False
hpmcounter10,124,0.009307032517670405,0.009256039266169141,False
hpmcounter10,125,0.00930703251767033,0.009256039266169183,False
hpmcounter10,126,0.007816088635773544,0.0062471425753673855,False
hpmcounter10,127,0.005576177584753787,0.004493249046695808,False
hpmcounter10,128,0.004457502090179025,0.004542074640547911,False
hpmcounter10,129,0.004112440595264869,0.004568718750391549,False
hpmcounter10,130,0.00411244059526482,0.004568718750391503,False
hpmcounter10,131,0.004112440595264883,0.004568718750391533,False
hpmcounter10,132,0.005476319077930789,0.004484203262783759,False
hpmcounter10,133,0.005316868549122588,0.004541209944961242,False
hpmcounter10,134,0.004550895653477172,0.004581761407796764,False
hpmcounter10,135,0.004550895653477244,0.004581761407796748,False
hpmcounter10,136,0.005710108068336793,0.004393961196687774,False
hpmcounter10,137,0.006040434596620302,0.006938913106901144,False
hpmcounter10,138,0.007109029477573238,0.0065233757459612195,False
hpmcounter10,139,0.009960320297902189,0.00844737525647255,False
hpmcounter10,140,0.011347407540394878,0.010122290763911001,False
hpmcounter10,141,0.013144279372982747,0.01255124298278976,False
hpmcounter10,142,0.013369731087043295,0.015906384916421306,False
hpmcounter10,143,0.016044915290189553,0.018863157924656662,False
hpmcounter10,144,0.019046807052722967,0.02192341864758979,False
hpmcounter10,145,0.02186605143858442,0.025174906080089605,False
hpmcounter10,146,0.02289217966560316,0.02541339148357059,False
hpmcounter10,147,0.024813217873139927,0.02577397808700054,False
hpmcounter10,148,0.025994535176625904,0.023879548461415583,False
hpmcounter10,149,0.02738186470239263,0.023459161384697204,False
hpmcounter10,150,0.025302052803482418,0.0221820062466918,False
hpmcounter10,151,0.02257554468880053,0.020122501520145258,False
hpmcounter10,152,0.02117558315611601,0.01788897216783115,False
hpmcounter10,153,0.018803853797706112,0.016781831165016362,False
hpmcounter10,154,0.016992616376713253,0.01732984580266085,False
hpmcounter10,155,0.01667222419271249,0.016068161389871917,False
hpmcounter10,156,0.01568974894753547,0.012593003404725545,False
hpmcounter10,157,0.015631846914013103,0.010682245385856519,False
hpmcounter10,158,0.01446694057172751,0.011006611442653746,False
hpmcounter10,159,0.013970079452324997,0.013167750844096427,False
hpmcounter10,160,0.015151042581538732,0.015161277172913223,False
hpmcounter10,161,0.01593156233926123,0.01749955658027243,False
hpmcounter10,162,0.01601715095894022,0.01686541078891347,False
hpmcounter10,163,0.016109720144746674,0.017523900061140546,False
hpmcounter10,164,0.016250091523864595,0.017636663817622408,False
hpmcounter10,165,0.01518199658375241,0.016939494599098107,False
hpmcounter10,166,0.014745950685644105,0.012847122319172705,False
hpmcounter10,167,0.013861502522892482,0.011345542886773754,False
hpmcounter10,168,0.013694808420718347,0.009455811357908316,False
hpmcounter10,169,0.01258074285479982,0.008698870847431652,False
hpmcounter10,170,0.011468529921448551,0.008994566442187516,False
hpmcounter10,171,0.011057039025602036,0.009691727471176624,False
hpmcounter10,172,0.011416196734654774,0.011695866048902851,False
hpmcounter10,173,0.014050512921096214,0.013758720306031032,False
hpmcounter10,174,0.016536169256797916,0.01318735513091428,False
hpmcounter10,175,0.015424165556034899,0.011371313929041903,False
hpmcounter10,176,0.01321511884286411,0.012341106480393235,False
hpmcounter10,177,0.013067156052116289,0.01274647153014571,False
hpmcounter10,178,0.011799457993314905,0.01123344631172771,False
hpmcounter10,179,0.011799457993314926,0.011233446311727718,False
hpmcounter10,180,0.011799457993314867,0.011233446311727725,False
hpmcounter10,181,0.010531895852700836,0.01039888371538875,False
hpmcounter10,182,0.007905085144289743,0.009224988191566003,False
hpmcounter10,183,0.004212638025140114,0.006276718058560446,False
hpmcounter10,184,0.002833260367787738,0.0038768773646374634,False
hpmcounter10,185,0.0029818150153282873,0.006325529640381723,False
hpmcounter10,186,0.004456606554610101,0.009465286275702532,False
hpmcounter10,187,0.0059140427557307276,0.012579879767943959,False
hpmcounter10,188,0.007349510608017284,0.01566234913046747,False
hpmcounter10,189,0.008758755604894225,0.01870616148537887,False
hpmcounter10,190,0.008758755604894189,0.01870616148537885,False
hpmcounter10,191,0.00966235114248994,0.018337774849332793,False
hpmcounter10,192,0.01102528442470711,0.018263392657172993,False
hpmcounter10,193,0.012368425689133135,0.01871325116901535,False
hpmcounter10,194,0.012272337362598853,0.017254561482018975,False
hpmcounter10,195,0.010864686207654406,0.015154850501011027,False
hpmcounter10,196,0.009469507462352455,0.013482088524065745,False
hpmcounter10,197,0.008091427401916068,0.012402509270179808,False
hpmcounter10,198,0.006734789514139824,0.012060694437261028,False
hpmcounter10,199,0.006920998587121171,0.012029571059356307,False
hpmcounter10,200,0.006920998587121164,0.012029571059356264,False
hpmcounter10,201,0.005532986774460203,0.009035511773513263,False
hpmcounter10,202,0.006109162521645501,0.00567124633179337,False
hpmcounter10,203,0.006062899088429514,0.005609822236974178,False
hpmcounter10,204,0.005075863817144209,0.0059356983462585155,False
hpmcounter10,205,0.005075863817144242,0.005935698346258508,False
hpmcounter10,206,0.005075863817144147,0.005935698346258524,False
hpmcounter10,207,0.00637049327050222,0.008697226969512467,False
hpmcounter10,208,0.007681005289283262,0.011560931189793393,False
hpmcounter10,209,0.006837155600749637,0.01192012971433775,False
hpmcounter10,210,0.006837155600749699,0.011920129714337712,False
hpmcounter10,211,0.006837155600749633,0.01192012971433774,False
hpmcounter10,212,0.0043149016091545275,0.009159942427942493,False
hpmcounter10,213,0.0028778670943152085,0.006117627911995914,False
hpmcounter10,214,0.0028778670943151404,0.006117627911995905,False
hpmcounter10,215,0.002877867094315179,0.006117627911995893,False
hpmcounter10,216,0.0028778670943151704,0.006117627911995936,False
hpmcounter10,217,0.001420352217335718,0.0030245279774913578,False
hpmcounter10,218,0.0,1e-06,True
hpmcounter10,219,0.0,1e-06,True
hpmcounter10,220,0.0,1e-06,True
hpmcounter10,221,0.0,1e-06,True
hpmcounter10,222,0.0,1e-06,True
hpmcounter10,223,0.0014566552596878397,0.0030864132970441177,False
hpmcounter10,224,0.002754057010432795,0.003771421056707792,False
hpmcounter10,225,0.004114949860748016,0.0061582432569586764,False
hpmcounter10,226,0.005459805831309341,0.008967971589784275,False
hpmcounter10,227,0.00678459539708817,0.01188013216327274,False
hpmcounter10,228,0.008085599557222517,0.014809803339409067,False
hpmcounter10,229,0.009359453847289728,0.017724086606505346,False
hpmcounter10,230,0.010603180697420616,0.02060608135018984,False
hpmcounter10,231,0.011818596142700807,0.023442960392590466,False
hpmcounter10,232,0.013045804135097169,0.026144115657894797,False
hpmcounter10,233,0.01239599427809995,0.02645977960913506,False
hpmcounter10,234,0.010989976916897303,0.023394487857111405,False
hpmcounter10,235,0.009581159758515045,0.020344037999647197,False
hpmcounter10,236,0.008202997091428724,0.017300935226549106,False
hpmcounter10,237,0.006819238736065124,0.014291924536953883,False
hpmcounter10,238,0.005483813625424291,0.01129803943565921,False
hpmcounter10,239,0.004140732147195419,0.00835498014999909,False
hpmcounter10,240,0.0027709611661304685,0.005480157091649986,False
hpmcounter10,241,0.001380280134401258,0.002677739717578257,False
hpmcounter10,242,0.0,1e-06,True
hpmcounter10,243,0.0015474807839044222,0.0026493569130063006,False
hpmcounter10,244,0.003089562639269734,0.00537097683516126,False
hpmcounter10,245,0.005523966783669886,0.007805894074620036,False
hpmcounter10,246,0.008301795940550203,0.010724881330540429,False
hpmcounter10,247,0.011090272253435887,0.013985428946842151,False
hpmcounter10,248,0.012433586132853414,0.01521472582120485,False
hpmcounter10,249,0.012433586132853464,0.015214725821204823,False
hpmcounter10,250,0.012433586132853502,0.015214725821204894,False
hpmcounter10,251,0.012433586132853471,0.015214725821204833,False
hpmcounter10,252,0.012433586132853457,0.015214725821204875,False
hpmcounter10,253,0.011564961083655729,0.013205993069846744,False
hpmcounter10,254,0.01143196497059061,0.011904213091043517,False
hpmcounter10,255,0.010108324432511102,0.010594948331906506,False
hpmcounter10,256,0.00892559468997179,0.011864239741274102,False
hpmcounter10,257,0.006883421500978262,0.011984697244573494,False
hpmcounter10,258,0.005808426029725264,0.012312714016448126,False
hpmcounter10,259,0.0069027736429863925,0.01204883701998334,False
hpmcounter10,260,0.008297154807585336,0.015065667372214571,False
hpmcounter10,261,0.011039048947309218,0.01803742070658392,False
hpmcounter10,262,0.011039048947309163,0.018037420706583936,False
hpmcounter10,263,0.010358221748161279,0.014649280568227663,False
hpmcounter10,264,0.011616815926486442,0.012768123572896403,False
hpmcounter10,265,0.011642813344075126,0.012805004622243552,False
hpmcounter10,266,0.012259508585931656,0.014181989872372285,False
hpmcounter10,267,0.01496992220531527,0.01644321809783521,False
hpmcounter10,268,0.018532881609091688,0.018887143188539117,False
hpmcounter10,269,0.019858600705283235,0.016672599511864717,False
hpmcounter10,270,0.021082964194042497,0.019120898968078164,False
hpmcounter10,271,0.022168578737525625,0.02021742352207126,False
hpmcounter10,272,0.023364025262035355,0.02221983607026539,False
hpmcounter10,273,0.02332448359287882,0.025277279573954092,False
hpmcounter10,274,0.022063832861944042,0.024794741012019363,False
hpmcounter10,275,0.02109287535877081,0.024161934208939945,False
hpmcounter10,276,0.019790867951680065,0.02124582853335576,False
hpmcounter10,277,0.01724080805616853,0.018325162665983594,False
hpmcounter10,278,0.01567235484803949,0.015934150092267205,False
hpmcounter10,279,0.015164110671943365,0.014753385187899785,False
hpmcounter10,280,0.013795032752797004,0.014326871158386415,False
hpmcounter10,281,0.012171156467885438,0.014273690028214258,False
hpmcounter10,282,0.011150203713671591,0.014247712274505513,False
hpmcounter10,283,0.010820298884031045,0.0144806776531202,False
hpmcounter10,284,0.010820298884031002,0.014480677653120187,False
hpmcounter10,285,0.010442586309011733,0.014041072205789927,False
hpmcounter10,286,0.008935331501947346,0.01272901469463578,False
hpmcounter10,287,0.007429805434934213,0.012008918723262386,False
hpmcounter10,288,0.004878380693326706,0.008803772761394272,False
hpmcounter10,289,0.002782849648671081,0.00594054190477469,False
hpmcounter10,290,0.0013839157792927541,0.0029612872814082356,False
hpmcounter10,291,0.0013839157792927038,0.0029612872814082413,False
hpmcounter10,292,0.002527220883326212,0.003593885080951965,False
hpmcounter10,293,0.0037269626704212076,0.005802619487281159,False
hpmcounter10,294,0.006190191720916496,0.008201079537964959,False
hpmcounter10,295,0.006597481590289044,0.011222629705468749,False
hpmcounter10,296,0.007876163340225773,0.013925973928183986,False
hpmcounter10,297,0.009161323468292137,0.01657837610018622,False
hpmcounter10,298,0.010288642173157248,0.016277060679675763,False
