counter,window_end_iter,mu_V,sigma_V
hpmcounter3,29,0.22967618215420676,0.31202970545030556
hpmcounter3,30,0.19464097478505232,0.2835823486355039
hpmcounter3,31,0.15581553859842273,0.27714928603430006
hpmcounter3,32,0.14142236893542312,0.2539433148114688
hpmcounter3,33,0.1232201193188706,0.23087221093655766
hpmcounter3,34,0.11011147290653056,0.21036318138363125
hpmcounter3,35,0.09918948565520244,0.18800088409590304
hpmcounter3,36,0.09030946128128953,0.16216924013323653
hpmcounter3,37,0.08461273719793136,0.14195931452686034
hpmcounter3,38,0.08035935602437624,0.12572779078787438
hpmcounter3,39,0.07562937664157957,0.10865170954177673
hpmcounter3,40,0.06971817138189071,0.09079312998413677
hpmcounter3,41,0.06574150213361601,0.0807521318125727
hpmcounter3,42,0.0637692906277593,0.07835251345580924
hpmcounter3,43,0.062234342493692064,0.07999640312614707
hpmcounter3,44,0.06080396692744845,0.08337512977296024
hpmcounter3,45,0.060265899362277296,0.08748018391419168
hpmcounter3,46,0.060390599304607426,0.09249777892730399
hpmcounter3,47,0.06113587541635209,0.09820391464528182
hpmcounter3,48,0.061730083473072996,0.10302693678034204
hpmcounter3,49,0.062340349946730544,0.10646406653288631
hpmcounter3,50,0.06276815539104001,0.10858817767328861
hpmcounter3,51,0.0631009311796882,0.11124073459341595
hpmcounter3,52,0.0631696921034873,0.11449596137331622
hpmcounter3,53,0.06310609351794719,0.11826374542925278
hpmcounter3,54,0.06214305038357526,0.1209274756131042
hpmcounter3,55,0.06031522118421425,0.12229717919615528
hpmcounter3,56,0.057627167322432636,0.12210331604960409
hpmcounter3,57,0.0544272862423678,0.12036368814155948
hpmcounter3,58,0.05168278121489013,0.11708542291152121
hpmcounter3,59,0.04892576391767419,0.11207609355799311
hpmcounter3,60,0.047033753353668925,0.10624741246491698
hpmcounter3,61,0.04638401310458694,0.09902964198446033
hpmcounter3,62,0.04584041467061462,0.09092425045553008
hpmcounter3,63,0.04648182801688726,0.08609093499742147
hpmcounter3,64,0.04725952851722679,0.08243275526335787
hpmcounter3,65,0.04845656738448195,0.08162218483826819
hpmcounter3,66,0.04985623262039177,0.08284440822522057
hpmcounter3,67,0.050702643512570124,0.08394172167246815
hpmcounter3,68,0.05096514333409317,0.0848705099376494
hpmcounter3,69,0.05071195148904841,0.08566985307560604
hpmcounter3,70,0.050827464951596346,0.08688089321249969
hpmcounter3,71,0.050993090435287027,0.0880392757884878
hpmcounter3,72,0.05148405228765699,0.08873671257857037
hpmcounter3,73,0.05158296979350937,0.0888243683279248
hpmcounter3,74,0.051317472580910205,0.08834824275151058
hpmcounter3,75,0.050935536455989874,0.08721993763926705
hpmcounter3,76,0.050591105505690806,0.08531645655382053
hpmcounter3,77,0.05025116571426689,0.08255205603976526
hpmcounter3,78,0.04948518697705448,0.07881714364094679
hpmcounter3,79,0.04821917230586557,0.0740689482808455
hpmcounter3,80,0.04629834600849257,0.06853860122619869
hpmcounter3,81,0.0438684915729048,0.06209510879253379
hpmcounter3,82,0.04086988549754163,0.054684348122078535
hpmcounter3,83,0.03721880837619332,0.046358703981970485
hpmcounter3,84,0.03275229551980338,0.037808705345723705
hpmcounter3,85,0.02817823574287242,0.03163885146700382
hpmcounter3,86,0.024499916593050557,0.028107660038550034
hpmcounter3,87,0.021714739817039135,0.026408907827538113
hpmcounter3,88,0.019182907637525566,0.025548785892025725
hpmcounter3,89,0.017357671384611646,0.025237692200846814
hpmcounter3,90,0.015839330993664507,0.025020761108430916
hpmcounter3,91,0.014851272547016976,0.02453027367324805
hpmcounter3,92,0.014125749395422566,0.023684774003310136
hpmcounter3,93,0.013502315657851854,0.02264467577191458
hpmcounter3,94,0.012687167472901828,0.021641702577399724
hpmcounter3,95,0.011862094035902344,0.020777263633371866
hpmcounter3,96,0.010871957565205204,0.02013950028334495
hpmcounter3,97,0.010057143518880035,0.019699246254776617
hpmcounter3,98,0.009369543644649848,0.019118832312413455
hpmcounter3,99,0.008744996054685403,0.018262331550189543
hpmcounter3,100,0.008104436357179504,0.01711592278177583
hpmcounter3,101,0.0073596106839069544,0.01581233634413973
hpmcounter3,102,0.006507764712663844,0.014276560245334143
hpmcounter3,103,0.0056993128032278495,0.01260038335489623
hpmcounter3,104,0.004958748810173378,0.01085911618783506
hpmcounter3,105,0.004112676890424392,0.009232702055247231
hpmcounter3,106,0.003421585217788152,0.007788301357070535
hpmcounter3,107,0.0028377236029119408,0.00630199079691297
hpmcounter3,108,0.0025547597550036882,0.005598191260833829
hpmcounter3,109,0.0022451606808716706,0.004992682790679145
hpmcounter3,110,0.0018873240594054514,0.004712659729566797
hpmcounter3,111,0.0016985285682067559,0.004750213600797134
hpmcounter3,112,0.0016054320972512693,0.004802076366694772
hpmcounter3,113,0.0015228487981185923,0.004850594507482123
hpmcounter3,114,0.0014171830662600227,0.004940492570615731
hpmcounter3,115,0.0012882934112130086,0.005081593129304912
hpmcounter3,116,0.0013149714134554748,0.005193138169845307
hpmcounter3,117,0.0015178750309083637,0.0052380256903556905
hpmcounter3,118,0.0017196050663710997,0.00526482713633088
hpmcounter3,119,0.0019244711407199928,0.005242995989927875
hpmcounter3,120,0.002101121577686234,0.005221595329542549
hpmcounter3,121,0.0022496653879615575,0.005194328892176385
hpmcounter3,122,0.002370400733894832,0.00515725977231912
hpmcounter3,123,0.0026304215986916396,0.005512425199789552
hpmcounter3,124,0.002855828814214323,0.00593016720401203
hpmcounter3,125,0.003039828450333826,0.006375650323092844
hpmcounter3,126,0.00318232842318865,0.006813433243297427
hpmcounter3,127,0.0032953144239606753,0.007194489680304504
hpmcounter3,128,0.003368126671129371,0.00753588833719661
hpmcounter3,129,0.003400762665349167,0.007829558977832359
hpmcounter3,130,0.0033930645827198354,0.008071238308364623
hpmcounter3,131,0.0033455784170628444,0.008260245599182396
hpmcounter3,132,0.0032849853041802242,0.008349133524791262
hpmcounter3,133,0.0033256376139937614,0.008301966516439096
hpmcounter3,134,0.0033608147877560246,0.00816284979761801
hpmcounter3,135,0.0033616078848254525,0.0079424554588743
hpmcounter3,136,0.0033461350613725052,0.007617470133705739
hpmcounter3,137,0.0033913462597244064,0.007194979018305807
hpmcounter3,138,0.003410068196836552,0.006702429183345965
hpmcounter3,139,0.003576019299171343,0.006109140970695039
hpmcounter3,140,0.0038694400770946254,0.005596613522007794
hpmcounter3,141,0.0043784438381536785,0.005672563779586145
hpmcounter3,142,0.005160728229374755,0.007117302268797715
hpmcounter3,143,0.006289734392752653,0.010109427768846466
hpmcounter3,144,0.007851753820078734,0.014370577588772583
hpmcounter3,145,0.009886848094698777,0.019618517826681166
hpmcounter3,146,0.012034988413883823,0.024157059366853983
hpmcounter3,147,0.014324188163029808,0.027959035673074988
hpmcounter3,148,0.016729041513513045,0.031143327932186667
hpmcounter3,149,0.019216181619575487,0.03383576074002526
hpmcounter3,150,0.02162223278031207,0.036235807296471946
hpmcounter3,151,0.02367902237239656,0.03838811208381752
hpmcounter3,152,0.025457406146966753,0.0401727678250098
hpmcounter3,153,0.02702158215569791,0.04146558697951923
hpmcounter3,154,0.02859638133548298,0.042432513176957586
hpmcounter3,155,0.02987251303014208,0.043069074870612734
hpmcounter3,156,0.030858135722873537,0.04330982714404348
hpmcounter3,157,0.031623051113604056,0.04299692295602591
hpmcounter3,158,0.03219807673341057,0.04203669996084431
hpmcounter3,159,0.032578263812338304,0.040668811727816966
hpmcounter3,160,0.03280622284626703,0.03891279578316691
hpmcounter3,161,0.03290954702154149,0.03690372650769195
hpmcounter3,162,0.032706326518791254,0.034681387549905546
hpmcounter3,163,0.03224182066416442,0.0322101387804839
hpmcounter3,164,0.031373513420837,0.029753808319889
hpmcounter3,165,0.030108708610738187,0.027403709278766727
hpmcounter3,166,0.028584560806977438,0.025290440872476134
hpmcounter3,167,0.02667907444579886,0.02364515463748264
hpmcounter3,168,0.024733086601803497,0.022737794283618284
hpmcounter3,169,0.022584251458034818,0.02213920991083255
hpmcounter3,170,0.020714680094173658,0.02195701645112382
hpmcounter3,171,0.019152256930286365,0.0218316133317142
hpmcounter3,172,0.017884726395178945,0.021644716616963815
hpmcounter3,173,0.01714438053943519,0.021313187402898243
hpmcounter3,174,0.016679445878647985,0.02094435598540785
hpmcounter3,175,0.01628245609188852,0.02067869809597458
hpmcounter3,176,0.016012386972779086,0.020376536915266637
hpmcounter3,177,0.01579162610253034,0.019907139500597765
hpmcounter3,178,0.015700135899204163,0.019269378839922174
hpmcounter3,179,0.01551187548426689,0.018506709469173318
hpmcounter3,180,0.015080338381010819,0.01765900941764861
hpmcounter3,181,0.014442564120304974,0.016812245044386886
hpmcounter3,182,0.013738065141008055,0.016000844814869204
hpmcounter3,183,0.012927929313468941,0.015291209030484637
hpmcounter3,184,0.01198273540090377,0.014738570476211403
hpmcounter3,185,0.011106289802324351,0.014295029048911634
hpmcounter3,186,0.01057631860033385,0.014158876031856957
hpmcounter3,187,0.010371145967899294,0.014141615452742087
hpmcounter3,188,0.010455281499415898,0.014413283777694318
hpmcounter3,189,0.010810582451040513,0.01557222198157432
hpmcounter3,190,0.011048179417798511,0.017244029523577863
hpmcounter3,191,0.011203653266301912,0.018999600552357703
hpmcounter3,192,0.01130428580939442,0.020701824480696022
hpmcounter3,193,0.011347120652109412,0.02230203407894743
hpmcounter3,194,0.011413647804751174,0.023881330757768483
hpmcounter3,195,0.011627511942626843,0.025516319373141846
hpmcounter3,196,0.011793349590220579,0.026991694651821354
hpmcounter3,197,0.011787544072089083,0.028333756812901442
hpmcounter3,198,0.011803801008738228,0.029499491253938356
hpmcounter3,199,0.011694643080804926,0.030454586985910047
hpmcounter3,200,0.011446455060746267,0.03123659304379881
hpmcounter3,201,0.011184640824473163,0.03175720607825574
hpmcounter3,202,0.011008178446924938,0.03185925778228803
hpmcounter3,203,0.010999833433549901,0.0314631332589699
hpmcounter3,204,0.010975209418158204,0.030676800269018912
hpmcounter3,205,0.010853769996592022,0.029560268105948112
hpmcounter3,206,0.010617439689552994,0.028172826331014256
hpmcounter3,207,0.010394559132820502,0.026474993175868045
hpmcounter3,208,0.010229406776290539,0.02455550022615618
hpmcounter3,209,0.00992107265266498,0.022515857654399216
hpmcounter3,210,0.009467648327128247,0.020399897320769463
hpmcounter3,211,0.008866922229823403,0.01829446073940914
hpmcounter3,212,0.00811583780635809,0.016358759272762625
hpmcounter3,213,0.007211897849635539,0.01487019550412636
hpmcounter3,214,0.00650266982527496,0.014300448911599517
hpmcounter3,215,0.005957553837564924,0.014114564311669653
hpmcounter3,216,0.005533141289667065,0.013980342396180635
hpmcounter3,217,0.0051765489105741105,0.01377353113622098
hpmcounter3,218,0.004827853178006861,0.013498184078578739
hpmcounter3,219,0.004421112697349454,0.01321406590853841
hpmcounter3,220,0.003941648669947677,0.013021685584565764
hpmcounter3,221,0.0036175920071537374,0.012897135289107076
hpmcounter3,222,0.0034000836007091516,0.012647534151328093
hpmcounter3,223,0.0032591879700002192,0.01218609814904787
hpmcounter3,224,0.0031257526054831774,0.011522269518740807
hpmcounter3,225,0.0030423149089855153,0.010699211954347468
hpmcounter3,226,0.003064274347166659,0.009803579258214368
hpmcounter3,227,0.003236537251535774,0.009158751436585481
hpmcounter3,228,0.0035925642755458486,0.009469098385208466
hpmcounter3,229,0.004167704324558647,0.011452608350332877
hpmcounter3,230,0.004955149868240838,0.015312286580615798
hpmcounter3,231,0.005950756312447481,0.020722162835993173
hpmcounter3,232,0.007366480249812091,0.02726875251669934
hpmcounter3,233,0.00872046926800995,0.033080053888878566
hpmcounter3,234,0.009886769542340298,0.038178158572643214
hpmcounter3,235,0.010875686586272647,0.042603901547885646
hpmcounter3,236,0.011695581341296123,0.046392425779451824
hpmcounter3,237,0.012446985507327368,0.04951425998223073
hpmcounter3,238,0.013069450311311473,0.05199560475193916
hpmcounter3,239,0.013545592797517608,0.053896969137902
hpmcounter3,240,0.013878565962017975,0.055232483170450354
hpmcounter3,241,0.014070574118443788,0.05601196795580029
hpmcounter3,242,0.014123040908535014,0.05624168015700901
hpmcounter3,243,0.014075246251971365,0.05595434848680324
hpmcounter3,244,0.013978265129446115,0.05512143586775322
hpmcounter3,245,0.013892268515110454,0.05372638139538875
hpmcounter3,246,0.01390956737058741,0.051749025457247876
hpmcounter3,247,0.014114441433922315,0.04921680226702834
hpmcounter3,248,0.014281360958147896,0.04614665498861558
hpmcounter3,249,0.014200342791333285,0.04259881879481783
hpmcounter3,250,0.013865420027209674,0.03857151216119816
hpmcounter3,251,0.013269154008695707,0.034095650059283195
hpmcounter3,252,0.012401112599125753,0.029271357732981333
hpmcounter3,253,0.011259767803002986,0.02421358479143317
hpmcounter3,254,0.010377574523186633,0.0208755682650143
hpmcounter3,255,0.00982069621348847,0.01911130167310008
hpmcounter3,256,0.009633142557057151,0.018575495850165272
hpmcounter3,257,0.009587421863157254,0.01879650643341709
hpmcounter3,258,0.009655775182692517,0.01928139014608587
hpmcounter3,259,0.009803611321216012,0.0196805414823962
hpmcounter3,260,0.010207244672889944,0.020285149735937792
hpmcounter3,261,0.010903598619639902,0.021283670431396094
hpmcounter3,262,0.011481384129073877,0.022344324797369614
hpmcounter3,263,0.01190616567744267,0.02327934159238766
hpmcounter3,264,0.012361160921364864,0.023932232910927748
hpmcounter3,265,0.012840032639301776,0.024446970462524347
hpmcounter3,266,0.013473630151657442,0.02503179819685656
hpmcounter3,267,0.014311053839804183,0.025854008589542107
hpmcounter3,268,0.015460327673091603,0.027191021377268546
hpmcounter3,269,0.016645330350426542,0.028696934944528144
hpmcounter3,270,0.01793999587962667,0.030217250713295066
hpmcounter3,271,0.01936421828111167,0.03166976097354975
hpmcounter3,272,0.02071498771105219,0.03332191339359764
hpmcounter3,273,0.022247645171330196,0.03558974669839558
hpmcounter3,274,0.023526446351674387,0.037955101080571964
hpmcounter3,275,0.024675573555748863,0.040096088794670665
hpmcounter3,276,0.02572542253995701,0.041959242448555346
hpmcounter3,277,0.0266761815754556,0.04353891524806598
hpmcounter3,278,0.02737838320450367,0.04459282784312321
hpmcounter3,279,0.02794931787261415,0.045213961314243434
hpmcounter3,280,0.0282755263482607,0.045560701622478016
hpmcounter3,281,0.02827102128746835,0.04576472798910008
hpmcounter3,282,0.027935280809624884,0.04584307021949895
hpmcounter3,283,0.027569893295632853,0.045652701524044846
hpmcounter3,284,0.027130238387027113,0.045080305812907395
hpmcounter3,285,0.026701817914273413,0.04400409850606085
hpmcounter3,286,0.026086599574833037,0.042569722005150086
hpmcounter3,287,0.02517815907350749,0.04088952270591702
hpmcounter3,288,0.02397257174983299,0.03900937459749949
hpmcounter3,289,0.02276558312282228,0.0370348668932106
hpmcounter3,290,0.02132571033217847,0.03476967109278454
hpmcounter3,291,0.019841625967892927,0.03220536730572616
hpmcounter3,292,0.01807602987888986,0.029351150015300333
hpmcounter3,293,0.01613048071737392,0.026207465210104457
hpmcounter3,294,0.01425400947894335,0.02268368166408907
hpmcounter3,295,0.012425873781961295,0.019099501235940508
hpmcounter3,296,0.01101436699235327,0.016865416795448618
hpmcounter3,297,0.010230661164673716,0.016135206482600556
hpmcounter3,298,0.009756702076837442,0.016396896940995293
hpmcounter4,29,0.17913994434016406,0.29339199326912185
hpmcounter4,30,0.16703428818545935,0.2843870505111392
hpmcounter4,31,0.15338609503753725,0.27378078709685266
hpmcounter4,32,0.13918378129457173,0.2507265141337501
hpmcounter4,33,0.12117242084586917,0.22779433513405234
hpmcounter4,34,0.1082293586115132,0.20757893677706807
hpmcounter4,35,0.09747162154381532,0.18560344402059253
hpmcounter4,36,0.08874218298452373,0.1602241750383232
hpmcounter4,37,0.08313993059294421,0.1403469483988289
hpmcounter4,38,0.07895983815934256,0.12435818918518014
hpmcounter4,39,0.07432813457218193,0.10745696246005827
hpmcounter4,40,0.06854540775683446,0.08969347124112742
hpmcounter4,41,0.06463093941124651,0.07948380343972837
hpmcounter4,42,0.06268746407374369,0.07682643386799477
hpmcounter4,43,0.061175137363732236,0.07828694409617735
hpmcounter4,44,0.05977471899047967,0.08156619924456582
hpmcounter4,45,0.05925912663325257,0.08563012034600136
hpmcounter4,46,0.05939226447797311,0.09061492261627142
hpmcounter4,47,0.0601333971436258,0.09629589056995932
hpmcounter4,48,0.060720736893927464,0.10110598540234587
hpmcounter4,49,0.06131724738925248,0.10455049975507882
hpmcounter4,50,0.06173178041957744,0.10669941761486222
hpmcounter4,51,0.062058097876212234,0.10938419489536987
hpmcounter4,52,0.062127090699226395,0.11267794375614759
hpmcounter4,53,0.06206725781750253,0.11649616622125901
hpmcounter4,54,0.061122049027685754,0.11921968481908084
hpmcounter4,55,0.059323977621791105,0.1206572396446671
hpmcounter4,56,0.05667773158167879,0.12054421819218816
hpmcounter4,57,0.0535264311489426,0.11889817951266109
hpmcounter4,58,0.05082136263208664,0.11572671266316063
hpmcounter4,59,0.04810258487121519,0.11083395444257596
hpmcounter4,60,0.046234123628703085,0.10510369957939013
hpmcounter4,61,0.04559182097778701,0.09797946196943912
hpmcounter4,62,0.0450734631573581,0.08995215474183654
hpmcounter4,63,0.04572152887443519,0.08512592882762626
hpmcounter4,64,0.04650214445000777,0.08145256113858934
hpmcounter4,65,0.047693582202379695,0.08060181732062231
hpmcounter4,66,0.049080970264396125,0.08177329231496555
hpmcounter4,67,0.04992048517322832,0.08282867639015665
hpmcounter4,68,0.05018299409938962,0.08372472436442736
hpmcounter4,69,0.04993621010050812,0.08450233872672622
hpmcounter4,70,0.05005176924162143,0.08569622908747983
hpmcounter4,71,0.0502162460858739,0.0868450320949023
hpmcounter4,72,0.05070894248311847,0.08754113442325377
hpmcounter4,73,0.05081570105290574,0.08763392977022624
hpmcounter4,74,0.050564529585455556,0.08717173094880432
hpmcounter4,75,0.05019834141522731,0.0860613337206582
hpmcounter4,76,0.0498634795420647,0.08418410352703787
hpmcounter4,77,0.049530578155418496,0.08145617536066597
hpmcounter4,78,0.04877428925139869,0.07776973699189361
hpmcounter4,79,0.04752499084714575,0.07308242563484671
hpmcounter4,80,0.04562998653656378,0.0676193852110632
hpmcounter4,81,0.043232849802114115,0.06125498929864841
hpmcounter4,82,0.040273966731518826,0.053937046999360694
hpmcounter4,83,0.03667741755956281,0.04571775040550864
hpmcounter4,84,0.03227877658446542,0.037279010730771237
hpmcounter4,85,0.02777444669628897,0.03118551690665609
hpmcounter4,86,0.02414980424947427,0.027697096732643554
hpmcounter4,87,0.021408120218058928,0.026019382078643755
hpmcounter4,88,0.018918112430747036,0.025172858583244726
hpmcounter4,89,0.01712186375854063,0.02487102952466703
hpmcounter4,90,0.015626943792168658,0.024665424455949433
hpmcounter4,91,0.014656213870644707,0.024193003643911734
hpmcounter4,92,0.013945462908818346,0.02337147865663833
hpmcounter4,93,0.013335148907592331,0.02236082166068609
hpmcounter4,94,0.01253542686275817,0.021386702557937006
hpmcounter4,95,0.011725591161726978,0.02054726674360507
hpmcounter4,96,0.010753144409720538,0.019928615369748263
hpmcounter4,97,0.009952372442308885,0.01949966204255774
hpmcounter4,98,0.00927629919362437,0.018930748477222325
hpmcounter4,99,0.008661536693507665,0.018088737308602547
hpmcounter4,100,0.00803047766018567,0.016961556247054574
hpmcounter4,101,0.0072960643413762915,0.015678800113991045
hpmcounter4,102,0.006455467343186513,0.01416725487945189
hpmcounter4,103,0.005656725432212925,0.012514758885271933
hpmcounter4,104,0.00492403214086152,0.010795370986962457
hpmcounter4,105,0.0040872826839845975,0.00918687865740075
hpmcounter4,106,0.003402371281237027,0.007754836376373435
hpmcounter4,107,0.002822842984409337,0.006279774791644727
hpmcounter4,108,0.0025399396759575752,0.005573945746377734
hpmcounter4,109,0.0022305631356196827,0.004963378506398976
hpmcounter4,110,0.0018733124933480421,0.0046737895773659825
hpmcounter4,111,0.0016832556885717342,0.004701327911908659
hpmcounter4,112,0.0015884144310532647,0.004745396015162528
hpmcounter4,113,0.001504694815789392,0.004786509979648542
hpmcounter4,114,0.0013982659556654442,0.004870226373232294
hpmcounter4,115,0.001269063767436266,0.005006646722280332
hpmcounter4,116,0.0012935954103560612,0.005115537770003212
hpmcounter4,117,0.001493108783946519,0.0051577070220974585
hpmcounter4,118,0.001691555194452655,0.00518207262282763
hpmcounter4,119,0.0018931604111871298,0.005159114867721718
hpmcounter4,120,0.002067155829656991,0.0051367702546931526
hpmcounter4,121,0.0022135837659668007,0.00510922535267253
hpmcounter4,122,0.0023324766073772804,0.005072131598658362
hpmcounter4,123,0.0025882413197901863,0.005421154637262911
hpmcounter4,124,0.0028111118921529937,0.005832842567612422
hpmcounter4,125,0.0029930904003139984,0.006272224432276616
hpmcounter4,126,0.0031343882478659193,0.006704596935547307
hpmcounter4,127,0.003245903694538555,0.007082416258378135
hpmcounter4,128,0.0033177314712156485,0.007420878371449926
hpmcounter4,129,0.0033499798041949766,0.0077120543150558645
hpmcounter4,130,0.003342726394935222,0.007951816450767446
hpmcounter4,131,0.0032960188568682824,0.008138839462224472
hpmcounter4,132,0.0032359291716629844,0.008226402549255697
hpmcounter4,133,0.00327461816017204,0.008179491595065702
hpmcounter4,134,0.0033076383013560945,0.008041156410029653
hpmcounter4,135,0.0033068116817212153,0.007822554876993773
hpmcounter4,136,0.003289545565551448,0.007500319169934588
hpmcounter4,137,0.003332032985294391,0.0070820204305615895
hpmcounter4,138,0.0033482402542075206,0.006594905131777326
hpmcounter4,139,0.0035089663339421006,0.006009105831668272
hpmcounter4,140,0.00379591720771105,0.005503450752923752
hpmcounter4,141,0.004296051644738891,0.005579035218637656
hpmcounter4,142,0.005066495748963769,0.007007182844083223
hpmcounter4,143,0.006180136022213913,0.00996757871611415
hpmcounter4,144,0.007721583835750746,0.01418242441071736
hpmcounter4,145,0.009737641069295196,0.019402367671302708
hpmcounter4,146,0.011863171402466451,0.023918483095410586
hpmcounter4,147,0.014126277371331921,0.027703940854623063
hpmcounter4,148,0.01650259371068243,0.03087470189668217
hpmcounter4,149,0.0189594684563697,0.0335549379102915
hpmcounter4,150,0.02133596570443192,0.03594070656270599
hpmcounter4,151,0.02336774217750062,0.03807719278023263
hpmcounter4,152,0.025124235177292037,0.03984692709859527
hpmcounter4,153,0.026669250518965727,0.041128328403010964
hpmcounter4,154,0.0282270514724198,0.042086912760909215
hpmcounter4,155,0.029489191605927483,0.042716353013970754
hpmcounter4,156,0.03046444755181337,0.042952792406271194
hpmcounter4,157,0.031220862782409188,0.042640229483421714
hpmcounter4,158,0.031789113959956476,0.0416877958961052
hpmcounter4,159,0.03216341715937442,0.04033051582494744
hpmcounter4,160,0.03238633875508809,0.03858592263692975
hpmcounter4,161,0.0324850693797014,0.03658637018239652
hpmcounter4,162,0.03228034333489568,0.03437127313449673
hpmcounter4,163,0.03181746921176135,0.03190618866028745
hpmcounter4,164,0.030955210882977542,0.029449114790067503
hpmcounter4,165,0.029700651957765677,0.02709252674090449
hpmcounter4,166,0.028190798860989373,0.02496636796073905
hpmcounter4,167,0.02630447798874126,0.02330168475814443
hpmcounter4,168,0.024378183561325775,0.02238210125221449
hpmcounter4,169,0.022252592317930305,0.021778096927562426
hpmcounter4,170,0.020403013603314285,0.021593210665907265
hpmcounter4,171,0.018857896396819885,0.021469349143438156
hpmcounter4,172,0.017605237292505592,0.021287302543376383
hpmcounter4,173,0.016873042092153203,0.02096282516286618
hpmcounter4,174,0.01641373980016281,0.020600778056101495
hpmcounter4,175,0.016021631551480744,0.020337879238724006
hpmcounter4,176,0.015754392336857277,0.020039590292304753
hpmcounter4,177,0.015536845122409123,0.019577698323374495
hpmcounter4,178,0.015447231655901667,0.018950582419023105
hpmcounter4,179,0.015263025097000716,0.01820030804797672
hpmcounter4,180,0.014839045477408361,0.017366698536179608
hpmcounter4,181,0.014212866167112693,0.0165354168233157
hpmcounter4,182,0.013521236551814234,0.015738891498832626
hpmcounter4,183,0.012726032255506791,0.015042926466582904
hpmcounter4,184,0.011797434887810692,0.014501057047623727
hpmcounter4,185,0.010936363894279887,0.014066385291006688
hpmcounter4,186,0.01041565385809701,0.013933464211735181
hpmcounter4,187,0.010215357914803939,0.01391768936370572
hpmcounter4,188,0.010300037766364697,0.014189447437203169
hpmcounter4,189,0.010653165954471142,0.015343032757790203
hpmcounter4,190,0.010890204946941866,0.017005544252079584
hpmcounter4,191,0.01104548613040906,0.018752382840203714
hpmcounter4,192,0.011147201572121991,0.02044650549918514
hpmcounter4,193,0.01119270681269385,0.02203989716591712
hpmcounter4,194,0.011262410319427395,0.023611775202857708
hpmcounter4,195,0.011476463829025604,0.025236139060559624
hpmcounter4,196,0.011643731840523763,0.026702619347756747
hpmcounter4,197,0.011641200548000556,0.028036240709877015
hpmcounter4,198,0.011660263989586056,0.029194382800655522
hpmcounter4,199,0.011555261366867917,0.030143017421861488
hpmcounter4,200,0.011312853907403674,0.030919071125547044
hpmcounter4,201,0.011056966830826201,0.03143655745564295
hpmcounter4,202,0.01088438512716094,0.03153869165490867
hpmcounter4,203,0.010878356545713416,0.03114593785748962
hpmcounter4,204,0.010855420764359481,0.030367267897537794
hpmcounter4,205,0.010736391855712579,0.029261619739516243
hpmcounter4,206,0.010504060464585543,0.027888831208166723
hpmcounter4,207,0.010285632420067036,0.026208766524672942
hpmcounter4,208,0.010129001125234058,0.024311654427649994
hpmcounter4,209,0.009830248183727273,0.022299586555863136
hpmcounter4,210,0.009387611485367011,0.02021729033035877
hpmcounter4,211,0.008798910454397091,0.018151380492300185
hpmcounter4,212,0.008061511657851718,0.01626060611180694
hpmcounter4,213,0.007172286709672215,0.014816278391962834
hpmcounter4,214,0.006474590858120105,0.01427872423591696
hpmcounter4,215,0.005938022374333999,0.014117954684013077
hpmcounter4,216,0.0055204900797625744,0.014007101308812676
hpmcounter4,217,0.005170123369591021,0.013823887119231004
hpmcounter4,218,0.004827293339825992,0.013570664770037991
hpmcounter4,219,0.00442636814380237,0.01330447802353706
hpmcounter4,220,0.003953196318736432,0.013123167635647711
hpmcounter4,221,0.0036329235074889915,0.013000770232086772
hpmcounter4,222,0.003417356057123402,0.012750336558480357
hpmcounter4,223,0.0032761901172637595,0.01228740987240224
hpmcounter4,224,0.003141497873892013,0.011621158274994622
hpmcounter4,225,0.003055401495467067,0.010793885450278788
hpmcounter4,226,0.0030728320267829497,0.009889161085192513
hpmcounter4,227,0.0032384966775050273,0.00922116667118596
hpmcounter4,228,0.0035856183145374435,0.009481260974395478
hpmcounter4,229,0.004149571330963453,0.011395279867103347
hpmcounter4,230,0.004923514427192219,0.015186687388985936
hpmcounter4,231,0.005903872535056276,0.02053699939132315
hpmcounter4,232,0.0073085467134661975,0.027058627623852995
hpmcounter4,233,0.008655400594019865,0.03285215249494449
hpmcounter4,234,0.009815687574735717,0.0379364151026239
hpmcounter4,235,0.010799614349884435,0.04235172971717873
hpmcounter4,236,0.011615595277196047,0.04613336523906001
hpmcounter4,237,0.012364009300737043,0.049250452249888506
hpmcounter4,238,0.012985110388155563,0.05172861211491264
hpmcounter4,239,0.013460397761916163,0.0536280256256446
hpmcounter4,240,0.013793144248606965,0.054963253502591854
hpmcounter4,241,0.013985611412498345,0.05574435477249207
hpmcounter4,242,0.014039106878324409,0.05597714158007273
hpmcounter4,243,0.013991908567933387,0.05569335932877608
hpmcounter4,244,0.013894782733165944,0.054865495245436546
hpmcounter4,245,0.013807236052872058,0.05347703917237026
hpmcounter4,246,0.013820950541249339,0.05150757981327989
hpmcounter4,247,0.01401959949432583,0.048984662730320955
hpmcounter4,248,0.014180950812849868,0.04592611065669288
hpmcounter4,249,0.0140967438158806,0.0423921112209669
hpmcounter4,250,0.013761092182861904,0.03838077712585374
hpmcounter4,251,0.013166277304193823,0.033920984310596286
hpmcounter4,252,0.012302463670659052,0.029111785605774626
hpmcounter4,253,0.011168285493525033,0.02406468115346868
hpmcounter4,254,0.010291586339096957,0.020715968138872845
hpmcounter4,255,0.009738400764437183,0.018936535062479932
hpmcounter4,256,0.009552445735186757,0.01839192476727335
hpmcounter4,257,0.009507436475582803,0.018611565893484425
hpmcounter4,258,0.009575731363724539,0.019100760480978897
hpmcounter4,259,0.009723536259596783,0.019508375648039093
hpmcounter4,260,0.010125922225453478,0.020125733553485653
hpmcounter4,261,0.010824310473872242,0.021148190446897492
hpmcounter4,262,0.011404988674807935,0.022231929958164674
hpmcounter4,263,0.011832731348396661,0.023188259871862925
hpmcounter4,264,0.012289687494851523,0.023858599917686334
hpmcounter4,265,0.012768629966492136,0.0243881334627109
hpmcounter4,266,0.013399125066596903,0.024980509588859227
hpmcounter4,267,0.014229758119522956,0.025799061456348655
hpmcounter4,268,0.015367361191557507,0.02711507015557182
hpmcounter4,269,0.016538751672500168,0.028591669966194614
hpmcounter4,270,0.017817604142846392,0.030078089003177863
hpmcounter4,271,0.01922332525288683,0.03149328805090541
hpmcounter4,272,0.02055474197612903,0.033100815141948146
hpmcounter4,273,0.02206455651588384,0.035310157360757564
hpmcounter4,274,0.02332263722693901,0.037616692137746606
hpmcounter4,275,0.024452498451350065,0.03970429708873435
hpmcounter4,276,0.025484514219763187,0.04151963669740346
hpmcounter4,277,0.026418884714498582,0.04305679715280466
hpmcounter4,278,0.02710731710027008,0.04407785498721307
hpmcounter4,279,0.027665730578925664,0.044676089649772585
hpmcounter4,280,0.02798073846180755,0.04500602293547145
hpmcounter4,281,0.02796826412772451,0.04519907955000039
hpmcounter4,282,0.027627790765284155,0.04527263943040937
hpmcounter4,283,0.02725926829815597,0.04508641388548206
hpmcounter4,284,0.02682309962583742,0.04452388697642269
hpmcounter4,285,0.026399049414897506,0.043464554894210236
hpmcounter4,286,0.02579141185359448,0.04205254837898162
hpmcounter4,287,0.024893774980113293,0.04039730565565367
hpmcounter4,288,0.02370234112441833,0.038544016184153734
hpmcounter4,289,0.022508970235527333,0.03659757121732088
hpmcounter4,290,0.02108587897205206,0.03436496829294711
hpmcounter4,291,0.01961965630424959,0.0318387257210928
hpmcounter4,292,0.017874131849515792,0.029025359081331786
hpmcounter4,293,0.01595309604850599,0.025926061606392704
hpmcounter4,294,0.014101069379164416,0.02245111865532299
hpmcounter4,295,0.012296839682466162,0.01891700117415558
hpmcounter4,296,0.010903425437357612,0.01671126832010997
hpmcounter4,297,0.010129010682769893,0.015987765075613454
hpmcounter4,298,0.009660523148184913,0.016243018214111123
hpmcounter5,29,0.25300600493239467,0.2996069057357701
hpmcounter5,30,0.21459489423590422,0.2898802698534789
hpmcounter5,31,0.1754633114172079,0.2918838276276652
hpmcounter5,32,0.1577545109729156,0.2723985377809284
hpmcounter5,33,0.1367088586025032,0.24746324080529922
hpmcounter5,34,0.12170797989223006,0.22655584548038238
hpmcounter5,35,0.10997043504901731,0.20399044360565285
hpmcounter5,36,0.10068589787521136,0.17610270563276803
hpmcounter5,37,0.09537087563250704,0.1558960641305561
hpmcounter5,38,0.09086978098379292,0.13847392098768546
hpmcounter5,39,0.08522933612383075,0.11935705832031088
hpmcounter5,40,0.07864898814328335,0.10009103734750113
hpmcounter5,41,0.07421144208716987,0.0892887243719138
hpmcounter5,42,0.07160559667321652,0.08553695055459778
hpmcounter5,43,0.06922788385009551,0.08556755195463399
hpmcounter5,44,0.06695414311897735,0.08749934267607061
hpmcounter5,45,0.0658126953459796,0.09083193320135266
hpmcounter5,46,0.06542406394486833,0.09600821418685931
hpmcounter5,47,0.06606245420953358,0.1025095885780739
hpmcounter5,48,0.06673788143563586,0.10806605979709123
hpmcounter5,49,0.06738748415113528,0.11167287641681622
hpmcounter5,50,0.06770688023830798,0.11380021419204965
hpmcounter5,51,0.06801842120798293,0.1166748580440152
hpmcounter5,52,0.06799606425279196,0.12019969131899629
hpmcounter5,53,0.06781291719147219,0.1244343081834058
hpmcounter5,54,0.06693310198762752,0.1277430826531373
hpmcounter5,55,0.06517590140184798,0.1297590095909603
hpmcounter5,56,0.06243822147481916,0.12974606043512185
hpmcounter5,57,0.05941361719066659,0.1280690180858795
hpmcounter5,58,0.056794224238647016,0.12450286234634246
hpmcounter5,59,0.05416332049548438,0.11919076940881103
hpmcounter5,60,0.05229807324726334,0.11290591025992437
hpmcounter5,61,0.051565835407165306,0.10500720083078688
hpmcounter5,62,0.05126936073361761,0.09626860625683761
hpmcounter5,63,0.05239644028423348,0.09124702958847969
hpmcounter5,64,0.05360070152558338,0.08731820580799797
hpmcounter5,65,0.05533045989379317,0.08707595264648915
hpmcounter5,66,0.05715200730387512,0.08885938032855323
hpmcounter5,67,0.058283333705475726,0.090461530087371
hpmcounter5,68,0.05891813797243177,0.09253025208414076
hpmcounter5,69,0.05895608987951467,0.09459131127890287
hpmcounter5,70,0.0594834574324679,0.09711960042527291
hpmcounter5,71,0.05998801434282982,0.09935157809734488
hpmcounter5,72,0.060740294465313496,0.1008632117712697
hpmcounter5,73,0.061116717639175644,0.10170526731931097
hpmcounter5,74,0.06097214225161315,0.10174021261052792
hpmcounter5,75,0.06053440526460754,0.10096694370006638
hpmcounter5,76,0.06008541093057405,0.09923325034429452
hpmcounter5,77,0.05965262840728094,0.09637954325707247
hpmcounter5,78,0.058753085572202365,0.09239280325268906
hpmcounter5,79,0.05733949928836881,0.08717585946189756
hpmcounter5,80,0.05531361905938774,0.08107737139338012
hpmcounter5,81,0.05265787270054221,0.07399512058833481
hpmcounter5,82,0.04918643571477628,0.065683960600939
hpmcounter5,83,0.0449999584403157,0.05629471953050645
hpmcounter5,84,0.03984482846681402,0.046078993905162194
hpmcounter5,85,0.03430016149945951,0.03786803562276553
hpmcounter5,86,0.029827552614139746,0.03263738307608919
hpmcounter5,87,0.026313611831205515,0.029627167323255925
hpmcounter5,88,0.0229952237640682,0.027829310854151842
hpmcounter5,89,0.020657845266240493,0.027145653379214166
hpmcounter5,90,0.018757856354298472,0.026733206768195086
hpmcounter5,91,0.017495789145302986,0.02608335575058527
hpmcounter5,92,0.016580873539915383,0.025000174406619023
hpmcounter5,93,0.015873234054608977,0.02365305700073174
hpmcounter5,94,0.014974807905367085,0.022418094303532737
hpmcounter5,95,0.01404358935118239,0.021345287986237416
hpmcounter5,96,0.012885397604084562,0.020497189264582792
hpmcounter5,97,0.011977227488314807,0.01997253223161976
hpmcounter5,98,0.011214451123013372,0.019375037348024184
hpmcounter5,99,0.010535281017249144,0.01844398724629354
hpmcounter5,100,0.009890362542068199,0.01731796115712238
hpmcounter5,101,0.009171326597171948,0.016158449160990573
hpmcounter5,102,0.008369884724433757,0.014835238092942253
hpmcounter5,103,0.007537716864168625,0.01339909003830804
hpmcounter5,104,0.006621233918719627,0.011754191128105407
hpmcounter5,105,0.005600390412603219,0.01022053951108488
hpmcounter5,106,0.004727576163572037,0.008843006521318697
hpmcounter5,107,0.003995237943401475,0.007386833362839342
hpmcounter5,108,0.003612573708258407,0.006607061562544014
hpmcounter5,109,0.0031865092262808453,0.005770906453561047
hpmcounter5,110,0.0027024488223162135,0.005141192703643309
hpmcounter5,111,0.0024133710230284837,0.004795766161910245
hpmcounter5,112,0.0022215995915320693,0.00453580365409895
hpmcounter5,113,0.0020552429398559124,0.004309494360535089
hpmcounter5,114,0.0018710995348133106,0.004221436169709602
hpmcounter5,115,0.0016983771336582048,0.004333818213107888
hpmcounter5,116,0.001738157456636876,0.004547294631426986
hpmcounter5,117,0.0020140177789883694,0.004779343401038062
hpmcounter5,118,0.0023280194528061027,0.0050469878097502
hpmcounter5,119,0.0027163575983887144,0.00533321848695567
hpmcounter5,120,0.0030821079837493395,0.005608645898976489
hpmcounter5,121,0.0034158155417459758,0.0058166397566121394
hpmcounter5,122,0.003719918829126201,0.005997718853052746
hpmcounter5,123,0.004204232725908311,0.006643201279582962
hpmcounter5,124,0.004644330404763583,0.00740497286141584
hpmcounter5,125,0.004975862263364982,0.00813939083206743
hpmcounter5,126,0.005249766666557229,0.008869426046487753
hpmcounter5,127,0.005431016172716852,0.009510592689785182
hpmcounter5,128,0.005594611145757242,0.010151167734285165
hpmcounter5,129,0.0056471105291724865,0.010699207456514984
hpmcounter5,130,0.005653080532444879,0.011181746528051092
hpmcounter5,131,0.005589375252458615,0.011532709313902574
hpmcounter5,132,0.005431893496857663,0.011812063655678103
hpmcounter5,133,0.005367780591593882,0.011775712384881759
hpmcounter5,134,0.005385228229477101,0.011671753175973775
hpmcounter5,135,0.005371610655049788,0.01137535009297382
hpmcounter5,136,0.005300971181698479,0.011002471488472196
hpmcounter5,137,0.005257589359772372,0.010447103222839564
hpmcounter5,138,0.0052090847476461985,0.009799081525168623
hpmcounter5,139,0.005293628690126037,0.009018506785983265
hpmcounter5,140,0.005456285286704077,0.00811441468958408
hpmcounter5,141,0.005767249744054319,0.007503177989945357
hpmcounter5,142,0.006402682262156269,0.007942863891649717
hpmcounter5,143,0.007466460858259994,0.010208594462493557
hpmcounter5,144,0.00906100881441435,0.014341107566744178
hpmcounter5,145,0.011171872400013487,0.019759595900611018
hpmcounter5,146,0.013446714992904552,0.02450901218391235
hpmcounter5,147,0.015953891102976812,0.02850580490613763
hpmcounter5,148,0.01864251307780561,0.0320839105410674
hpmcounter5,149,0.021505497616353682,0.03524621703325556
hpmcounter5,150,0.024332449736178912,0.03822779444024537
hpmcounter5,151,0.02672720570672546,0.040889923101701246
hpmcounter5,152,0.02890176632959234,0.04336331985791744
hpmcounter5,153,0.03086836847371921,0.04530507875174602
hpmcounter5,154,0.032892110575228645,0.04702621339083885
hpmcounter5,155,0.03455802291819257,0.04827382492502503
hpmcounter5,156,0.03583867490520409,0.04898780745250959
hpmcounter5,157,0.03679620117218397,0.049042522257588594
hpmcounter5,158,0.03759700161763918,0.04835562807608073
hpmcounter5,159,0.038109166761681794,0.04709517413902844
hpmcounter5,160,0.038347778748787545,0.04535210081398153
hpmcounter5,161,0.03841355365948969,0.043359951965602286
hpmcounter5,162,0.038078285516925985,0.04105829013090228
hpmcounter5,163,0.03744381202430487,0.03840181691162049
hpmcounter5,164,0.03634256277006583,0.03563569533426093
hpmcounter5,165,0.034771013859287374,0.03268045330473634
hpmcounter5,166,0.032908946020986665,0.02985045734639399
hpmcounter5,167,0.03064096712652401,0.027366122544921236
hpmcounter5,168,0.028244506029098275,0.0252507764220699
hpmcounter5,169,0.02570385548013835,0.02338738700042253
hpmcounter5,170,0.023509278811548885,0.02223572427953489
hpmcounter5,171,0.021663764086385803,0.02146000823905447
hpmcounter5,172,0.020280154716256518,0.020826602364758858
hpmcounter5,173,0.019437890679254794,0.02017558437062433
hpmcounter5,174,0.018857516029549784,0.01959046929027398
hpmcounter5,175,0.01833395556511109,0.019282732790397304
hpmcounter5,176,0.018023963690937183,0.01915541351305684
hpmcounter5,177,0.017763958106446005,0.018898252674058414
hpmcounter5,178,0.017592548643319533,0.01832497092695396
hpmcounter5,179,0.01737098045684508,0.017720822241984378
hpmcounter5,180,0.016905749974194344,0.017137404635707548
hpmcounter5,181,0.016273654005280334,0.01660500008903613
hpmcounter5,182,0.015524973782058388,0.016021719611741113
hpmcounter5,183,0.014713715661054377,0.01567733007241367
hpmcounter5,184,0.013783928824997802,0.015429290664003824
hpmcounter5,185,0.01302152682759039,0.015254949055349175
hpmcounter5,186,0.012627338048475458,0.015195924033996151
hpmcounter5,187,0.012599245325058378,0.015283882911870154
hpmcounter5,188,0.012923179399765145,0.015957312336694784
hpmcounter5,189,0.013485939469568877,0.017966277191874463
hpmcounter5,190,0.01386936766089999,0.020551597774963997
hpmcounter5,191,0.014092347787288378,0.023066671239258717
hpmcounter5,192,0.014227689933622088,0.02546372806597249
hpmcounter5,193,0.014284544955676015,0.02757850234540309
hpmcounter5,194,0.014380100985191773,0.029581321313686623
hpmcounter5,195,0.014673488009213248,0.03167173284922314
hpmcounter5,196,0.014872992657059072,0.0334675672430538
hpmcounter5,197,0.014859415741405377,0.03488222683517338
hpmcounter5,198,0.014790420024080157,0.036084700881734384
hpmcounter5,199,0.014570113190726725,0.03685261895640398
hpmcounter5,200,0.0141471430953867,0.03731129545892068
hpmcounter5,201,0.01367598974838515,0.03744085763065192
hpmcounter5,202,0.013271667147370514,0.03704927167945532
hpmcounter5,203,0.013028607313676336,0.03593937519200378
hpmcounter5,204,0.012791173613286156,0.03454276757100804
hpmcounter5,205,0.012508930629510551,0.03287788863685738
hpmcounter5,206,0.012125246604012258,0.031000044387023952
hpmcounter5,207,0.011727476985980523,0.028746323208740033
hpmcounter5,208,0.011434789340290876,0.02640454477353643
hpmcounter5,209,0.011010626846701323,0.023933121425493198
hpmcounter5,210,0.010447077713933958,0.021420359240357217
hpmcounter5,211,0.00975825223317686,0.01903361506271712
hpmcounter5,212,0.008905586860578511,0.016921496014459525
hpmcounter5,213,0.007904436787843066,0.015428593526623334
hpmcounter5,214,0.007176231582779432,0.014995598973649424
hpmcounter5,215,0.0066467871909408035,0.014966708360188477
hpmcounter5,216,0.006266679199767068,0.01496671467148704
hpmcounter5,217,0.005903186067845477,0.014750745279063197
hpmcounter5,218,0.005534974725521112,0.01441443467506356
hpmcounter5,219,0.005121656710011796,0.01403288188791181
hpmcounter5,220,0.004639226836063711,0.013640345307409039
hpmcounter5,221,0.004322283766386257,0.013316316341967312
hpmcounter5,222,0.004114843343828966,0.012871662093947639
hpmcounter5,223,0.003991000159203991,0.012251274476279049
hpmcounter5,224,0.0038583481835966437,0.0115347463078169
hpmcounter5,225,0.0037876717007450504,0.010781073640624337
hpmcounter5,226,0.003807719149821672,0.009784308872621751
hpmcounter5,227,0.0039588578640269,0.009043846481493902
hpmcounter5,228,0.004300555801351287,0.009498661303182006
hpmcounter5,229,0.004924288273538581,0.012029936007087344
hpmcounter5,230,0.005722070770708501,0.016318488130805758
hpmcounter5,231,0.00682201974357096,0.022335177510114053
hpmcounter5,232,0.00836715270177119,0.029536676850330533
hpmcounter5,233,0.009826151561452914,0.03579149004489181
hpmcounter5,234,0.011099905298270474,0.04127980200429414
hpmcounter5,235,0.01217183406734385,0.045908433264679596
hpmcounter5,236,0.013098419808445363,0.05001898475286866
hpmcounter5,237,0.0139587932731182,0.05346673361008248
hpmcounter5,238,0.01468753368567571,0.056259742029696296
hpmcounter5,239,0.01523931141781606,0.058416686986482176
hpmcounter5,240,0.015593120348883684,0.059814132423549646
hpmcounter5,241,0.01575553836048891,0.06043368366466677
hpmcounter5,242,0.015770612888704252,0.0604310787190856
hpmcounter5,243,0.01565747221737109,0.05979839346323255
hpmcounter5,244,0.015486338281643943,0.05869500004334344
hpmcounter5,245,0.015291689008006865,0.05697376448649316
hpmcounter5,246,0.015119493861390462,0.054421632877521386
hpmcounter5,247,0.01506825974037269,0.05121118375797496
hpmcounter5,248,0.014979786430439818,0.04742403718081036
hpmcounter5,249,0.014620398675835875,0.04311353981048287
hpmcounter5,250,0.014090509955658562,0.038517687876212424
hpmcounter5,251,0.013325565406284512,0.03356783408513406
hpmcounter5,252,0.012346197719618597,0.028367854717801927
hpmcounter5,253,0.011057786884996274,0.022731491101579952
hpmcounter5,254,0.009972569725413195,0.018678759074264965
hpmcounter5,255,0.009143645039732726,0.01616901527513473
hpmcounter5,256,0.008744968465701972,0.015168993089977085
hpmcounter5,257,0.008560800810036595,0.015161183862931962
hpmcounter5,258,0.008520256967402256,0.015555973358713716
hpmcounter5,259,0.008596116954601062,0.015857008565229185
hpmcounter5,260,0.008899509276164081,0.016339214928264418
hpmcounter5,261,0.009563848596826349,0.01728784305090377
hpmcounter5,262,0.010070279126569309,0.018266507823358983
hpmcounter5,263,0.010450278862872165,0.019152176352613914
hpmcounter5,264,0.010889949987764647,0.01977909201021666
hpmcounter5,265,0.011361689177674576,0.0203329908587787
hpmcounter5,266,0.011934708256348011,0.020925436636153177
hpmcounter5,267,0.012662612868063597,0.021888805182009585
hpmcounter5,268,0.013661130543997872,0.02339613486194142
hpmcounter5,269,0.01471899239724726,0.024989721906158512
hpmcounter5,270,0.01587073559319834,0.026549039054863152
hpmcounter5,271,0.017161093725513447,0.027973161405899314
hpmcounter5,272,0.01848699711349256,0.02963508480516202
hpmcounter5,273,0.019983127504089825,0.031907364901073196
hpmcounter5,274,0.021175065426401428,0.034259395140436785
hpmcounter5,275,0.022297097209100454,0.03661788741268983
hpmcounter5,276,0.023298322455912117,0.03863356465809707
hpmcounter5,277,0.024142105873995394,0.04031031182528669
hpmcounter5,278,0.02475826915271679,0.04145157166997216
hpmcounter5,279,0.025285697493648968,0.04214004262822844
hpmcounter5,280,0.025638370682556498,0.04253925459833569
hpmcounter5,281,0.025583287967475766,0.042748026465966926
hpmcounter5,282,0.025180378175467096,0.042750243499372446
hpmcounter5,283,0.02479035830086989,0.04247049960678335
hpmcounter5,284,0.0243341583828574,0.041854736096250955
hpmcounter5,285,0.023916149156152665,0.040816603248821526
hpmcounter5,286,0.02331076160131371,0.03929356886957488
hpmcounter5,287,0.022480056115802546,0.03760275205787412
hpmcounter5,288,0.02138719080365754,0.03566262226542205
hpmcounter5,289,0.020300261120941847,0.033649763372324955
hpmcounter5,290,0.019023083354408075,0.03138114271102127
hpmcounter5,291,0.01769752778537731,0.028979876327635636
hpmcounter5,292,0.01610313677695156,0.026239119995289238
hpmcounter5,293,0.014394083589687745,0.02330508693447823
hpmcounter5,294,0.01282505830249587,0.020078208638325917
hpmcounter5,295,0.011217145869484734,0.016650225384347277
hpmcounter5,296,0.009996268152102111,0.014476955967474047
hpmcounter5,297,0.009339788296848065,0.013900244317578333
hpmcounter5,298,0.008928815148673462,0.014420900116887118
hpmcounter6,29,5.327520694439449e-32,1e-09
hpmcounter6,30,5.327520694439449e-32,1e-09
hpmcounter6,31,5.327520694439449e-32,1e-09
hpmcounter6,32,5.327520694439449e-32,1e-09
hpmcounter6,33,5.327520694439449e-32,1e-09
hpmcounter6,34,5.327520694439449e-32,1e-09
hpmcounter6,35,5.327520694439449e-32,1e-09
hpmcounter6,36,5.327520694439449e-32,1e-09
hpmcounter6,37,5.327520694439449e-32,1e-09
hpmcounter6,38,5.327520694439449e-32,1e-09
hpmcounter6,39,5.327520694439449e-32,1e-09
hpmcounter6,40,5.327520694439449e-32,1e-09
hpmcounter6,41,5.327520694439449e-32,1e-09
hpmcounter6,42,5.327520694439449e-32,1e-09
hpmcounter6,43,5.327520694439449e-32,1e-09
hpmcounter6,44,5.327520694439449e-32,1e-09
hpmcounter6,45,5.327520694439449e-32,1e-09
hpmcounter6,46,5.327520694439449e-32,1e-09
hpmcounter6,47,5.327520694439449e-32,1e-09
hpmcounter6,48,5.327520694439449e-32,1e-09
hpmcounter6,49,5.327520694439449e-32,1e-09
hpmcounter6,50,5.327520694439449e-32,1e-09
hpmcounter6,51,5.327520694439449e-32,1e-09
hpmcounter6,52,5.327520694439449e-32,1e-09
hpmcounter6,53,5.327520694439449e-32,1e-09
hpmcounter6,54,5.327520694439449e-32,1e-09
hpmcounter6,55,5.327520694439449e-32,1e-09
hpmcounter6,56,5.327520694439449e-32,1e-09
hpmcounter6,57,5.327520694439449e-32,1e-09
hpmcounter6,58,5.327520694439449e-32,1e-09
hpmcounter6,59,5.327520694439449e-32,1e-09
hpmcounter6,60,5.327520694439449e-32,1e-09
hpmcounter6,61,5.327520694439449e-32,1e-09
hpmcounter6,62,5.327520694439449e-32,1e-09
hpmcounter6,63,5.327520694439449e-32,1e-09
hpmcounter6,64,5.327520694439449e-32,1e-09
hpmcounter6,65,5.327520694439449e-32,1e-09
hpmcounter6,66,5.327520694439449e-32,1e-09
hpmcounter6,67,5.327520694439449e-32,1e-09
hpmcounter6,68,5.327520694439449e-32,1e-09
hpmcounter6,69,5.327520694439449e-32,1e-09
hpmcounter6,70,5.327520694439449e-32,1e-09
hpmcounter6,71,5.327520694439449e-32,1e-09
hpmcounter6,72,5.327520694439449e-32,1e-09
hpmcounter6,73,5.327520694439449e-32,1e-09
hpmcounter6,74,5.327520694439449e-32,1e-09
hpmcounter6,75,5.327520694439449e-32,1e-09
hpmcounter6,76,5.327520694439449e-32,1e-09
hpmcounter6,77,5.327520694439449e-32,1e-09
hpmcounter6,78,5.327520694439449e-32,1e-09
hpmcounter6,79,5.327520694439449e-32,1e-09
hpmcounter6,80,5.327520694439449e-32,1e-09
hpmcounter6,81,5.327520694439449e-32,1e-09
hpmcounter6,82,5.327520694439449e-32,1e-09
hpmcounter6,83,5.327520694439449e-32,1e-09
hpmcounter6,84,5.327520694439449e-32,1e-09
hpmcounter6,85,5.327520694439449e-32,1e-09
hpmcounter6,86,5.327520694439449e-32,1e-09
hpmcounter6,87,5.327520694439449e-32,1e-09
hpmcounter6,88,5.327520694439449e-32,1e-09
hpmcounter6,89,5.327520694439449e-32,1e-09
hpmcounter6,90,5.327520694439449e-32,1e-09
hpmcounter6,91,5.327520694439449e-32,1e-09
hpmcounter6,92,5.327520694439449e-32,1e-09
hpmcounter6,93,5.327520694439449e-32,1e-09
hpmcounter6,94,5.327520694439449e-32,1e-09
hpmcounter6,95,5.327520694439449e-32,1e-09
hpmcounter6,96,5.327520694439449e-32,1e-09
hpmcounter6,97,5.327520694439449e-32,1e-09
hpmcounter6,98,5.327520694439449e-32,1e-09
hpmcounter6,99,5.327520694439449e-32,1e-09
hpmcounter6,100,5.327520694439449e-32,1e-09
hpmcounter6,101,5.327520694439449e-32,1e-09
hpmcounter6,102,5.327520694439449e-32,1e-09
hpmcounter6,103,5.327520694439449e-32,1e-09
hpmcounter6,104,5.327520694439449e-32,1e-09
hpmcounter6,105,5.327520694439449e-32,1e-09
hpmcounter6,106,5.327520694439449e-32,1e-09
hpmcounter6,107,5.327520694439449e-32,1e-09
hpmcounter6,108,5.327520694439449e-32,1e-09
hpmcounter6,109,5.327520694439449e-32,1e-09
hpmcounter6,110,5.327520694439449e-32,1e-09
hpmcounter6,111,5.327520694439449e-32,1e-09
hpmcounter6,112,5.327520694439449e-32,1e-09
hpmcounter6,113,5.327520694439449e-32,1e-09
hpmcounter6,114,5.327520694439449e-32,1e-09
hpmcounter6,115,5.327520694439449e-32,1e-09
hpmcounter6,116,5.327520694439449e-32,1e-09
hpmcounter6,117,5.327520694439449e-32,1e-09
hpmcounter6,118,5.327520694439449e-32,1e-09
hpmcounter6,119,5.327520694439449e-32,1e-09
hpmcounter6,120,5.327520694439449e-32,1e-09
hpmcounter6,121,5.327520694439449e-32,1e-09
hpmcounter6,122,5.327520694439449e-32,1e-09
hpmcounter6,123,5.327520694439449e-32,1e-09
hpmcounter6,124,5.327520694439449e-32,1e-09
hpmcounter6,125,5.327520694439449e-32,1e-09
hpmcounter6,126,5.327520694439449e-32,1e-09
hpmcounter6,127,5.327520694439449e-32,1e-09
hpmcounter6,128,5.327520694439449e-32,1e-09
hpmcounter6,129,5.327520694439449e-32,1e-09
hpmcounter6,130,5.327520694439449e-32,1e-09
hpmcounter6,131,5.327520694439449e-32,1e-09
hpmcounter6,132,5.327520694439449e-32,1e-09
hpmcounter6,133,5.327520694439449e-32,1e-09
hpmcounter6,134,5.327520694439449e-32,1e-09
hpmcounter6,135,5.327520694439449e-32,1e-09
hpmcounter6,136,5.327520694439449e-32,1e-09
hpmcounter6,137,5.327520694439449e-32,1e-09
hpmcounter6,138,5.327520694439449e-32,1e-09
hpmcounter6,139,5.327520694439449e-32,1e-09
hpmcounter6,140,5.327520694439449e-32,1e-09
hpmcounter6,141,5.327520694439449e-32,1e-09
hpmcounter6,142,5.327520694439449e-32,1e-09
hpmcounter6,143,5.327520694439449e-32,1e-09
hpmcounter6,144,5.327520694439449e-32,1e-09
hpmcounter6,145,5.327520694439449e-32,1e-09
hpmcounter6,146,5.327520694439449e-32,1e-09
hpmcounter6,147,5.327520694439449e-32,1e-09
hpmcounter6,148,5.327520694439449e-32,1e-09
hpmcounter6,149,5.327520694439449e-32,1e-09
hpmcounter6,150,5.327520694439449e-32,1e-09
hpmcounter6,151,5.327520694439449e-32,1e-09
hpmcounter6,152,5.327520694439449e-32,1e-09
hpmcounter6,153,5.327520694439449e-32,1e-09
hpmcounter6,154,5.327520694439449e-32,1e-09
hpmcounter6,155,5.327520694439449e-32,1e-09
hpmcounter6,156,5.327520694439449e-32,1e-09
hpmcounter6,157,5.327520694439449e-32,1e-09
hpmcounter6,158,5.327520694439449e-32,1e-09
hpmcounter6,159,5.327520694439449e-32,1e-09
hpmcounter6,160,5.327520694439449e-32,1e-09
hpmcounter6,161,5.327520694439449e-32,1e-09
hpmcounter6,162,5.327520694439449e-32,1e-09
hpmcounter6,163,5.327520694439449e-32,1e-09
hpmcounter6,164,5.327520694439449e-32,1e-09
hpmcounter6,165,5.327520694439449e-32,1e-09
hpmcounter6,166,5.327520694439449e-32,1e-09
hpmcounter6,167,5.327520694439449e-32,1e-09
hpmcounter6,168,5.327520694439449e-32,1e-09
hpmcounter6,169,5.327520694439449e-32,1e-09
hpmcounter6,170,5.327520694439449e-32,1e-09
hpmcounter6,171,5.327520694439449e-32,1e-09
hpmcounter6,172,5.327520694439449e-32,1e-09
hpmcounter6,173,5.327520694439449e-32,1e-09
hpmcounter6,174,5.327520694439449e-32,1e-09
hpmcounter6,175,5.327520694439449e-32,1e-09
hpmcounter6,176,5.327520694439449e-32,1e-09
hpmcounter6,177,5.327520694439449e-32,1e-09
hpmcounter6,178,5.327520694439449e-32,1e-09
hpmcounter6,179,5.327520694439449e-32,1e-09
hpmcounter6,180,5.327520694439449e-32,1e-09
hpmcounter6,181,5.327520694439449e-32,1e-09
hpmcounter6,182,5.327520694439449e-32,1e-09
hpmcounter6,183,5.327520694439449e-32,1e-09
hpmcounter6,184,5.327520694439449e-32,1e-09
hpmcounter6,185,5.327520694439449e-32,1e-09
hpmcounter6,186,5.327520694439449e-32,1e-09
hpmcounter6,187,5.327520694439449e-32,1e-09
hpmcounter6,188,5.327520694439449e-32,1e-09
hpmcounter6,189,5.327520694439449e-32,1e-09
hpmcounter6,190,5.327520694439449e-32,1e-09
hpmcounter6,191,5.327520694439449e-32,1e-09
hpmcounter6,192,5.327520694439449e-32,1e-09
hpmcounter6,193,5.327520694439449e-32,1e-09
hpmcounter6,194,5.327520694439449e-32,1e-09
hpmcounter6,195,5.327520694439449e-32,1e-09
hpmcounter6,196,5.327520694439449e-32,1e-09
hpmcounter6,197,5.327520694439449e-32,1e-09
hpmcounter6,198,5.327520694439449e-32,1e-09
hpmcounter6,199,5.327520694439449e-32,1e-09
hpmcounter6,200,5.327520694439449e-32,1e-09
hpmcounter6,201,5.327520694439449e-32,1e-09
hpmcounter6,202,5.327520694439449e-32,1e-09
hpmcounter6,203,5.327520694439449e-32,1e-09
hpmcounter6,204,5.327520694439449e-32,1e-09
hpmcounter6,205,5.327520694439449e-32,1e-09
hpmcounter6,206,5.327520694439449e-32,1e-09
hpmcounter6,207,5.327520694439449e-32,1e-09
hpmcounter6,208,5.327520694439449e-32,1e-09
hpmcounter6,209,5.327520694439449e-32,1e-09
hpmcounter6,210,5.327520694439449e-32,1e-09
hpmcounter6,211,5.327520694439449e-32,1e-09
hpmcounter6,212,5.327520694439449e-32,1e-09
hpmcounter6,213,5.327520694439449e-32,1e-09
hpmcounter6,214,5.327520694439449e-32,1e-09
hpmcounter6,215,5.327520694439449e-32,1e-09
hpmcounter6,216,5.327520694439449e-32,1e-09
hpmcounter6,217,5.327520694439449e-32,1e-09
hpmcounter6,218,5.327520694439449e-32,1e-09
hpmcounter6,219,5.327520694439449e-32,1e-09
hpmcounter6,220,5.327520694439449e-32,1e-09
hpmcounter6,221,5.327520694439449e-32,1e-09
hpmcounter6,222,5.327520694439449e-32,1e-09
hpmcounter6,223,5.327520694439449e-32,1e-09
hpmcounter6,224,5.327520694439449e-32,1e-09
hpmcounter6,225,5.327520694439449e-32,1e-09
hpmcounter6,226,5.327520694439449e-32,1e-09
hpmcounter6,227,5.327520694439449e-32,1e-09
hpmcounter6,228,5.327520694439449e-32,1e-09
hpmcounter6,229,5.327520694439449e-32,1e-09
hpmcounter6,230,5.327520694439449e-32,1e-09
hpmcounter6,231,5.327520694439449e-32,1e-09
hpmcounter6,232,5.327520694439449e-32,1e-09
hpmcounter6,233,5.327520694439449e-32,1e-09
hpmcounter6,234,5.327520694439449e-32,1e-09
hpmcounter6,235,5.327520694439449e-32,1e-09
hpmcounter6,236,5.327520694439449e-32,1e-09
hpmcounter6,237,5.327520694439449e-32,1e-09
hpmcounter6,238,5.327520694439449e-32,1e-09
hpmcounter6,239,5.327520694439449e-32,1e-09
hpmcounter6,240,5.327520694439449e-32,1e-09
hpmcounter6,241,5.327520694439449e-32,1e-09
hpmcounter6,242,5.327520694439449e-32,1e-09
hpmcounter6,243,5.327520694439449e-32,1e-09
hpmcounter6,244,5.327520694439449e-32,1e-09
hpmcounter6,245,5.327520694439449e-32,1e-09
hpmcounter6,246,5.327520694439449e-32,1e-09
hpmcounter6,247,5.327520694439449e-32,1e-09
hpmcounter6,248,5.327520694439449e-32,1e-09
hpmcounter6,249,5.327520694439449e-32,1e-09
hpmcounter6,250,5.327520694439449e-32,1e-09
hpmcounter6,251,5.327520694439449e-32,1e-09
hpmcounter6,252,5.327520694439449e-32,1e-09
hpmcounter6,253,5.327520694439449e-32,1e-09
hpmcounter6,254,5.327520694439449e-32,1e-09
hpmcounter6,255,5.327520694439449e-32,1e-09
hpmcounter6,256,5.327520694439449e-32,1e-09
hpmcounter6,257,5.327520694439449e-32,1e-09
hpmcounter6,258,5.327520694439449e-32,1e-09
hpmcounter6,259,5.327520694439449e-32,1e-09
hpmcounter6,260,5.327520694439449e-32,1e-09
hpmcounter6,261,5.327520694439449e-32,1e-09
hpmcounter6,262,5.327520694439449e-32,1e-09
hpmcounter6,263,5.327520694439449e-32,1e-09
hpmcounter6,264,5.327520694439449e-32,1e-09
hpmcounter6,265,5.327520694439449e-32,1e-09
hpmcounter6,266,5.327520694439449e-32,1e-09
hpmcounter6,267,5.327520694439449e-32,1e-09
hpmcounter6,268,5.327520694439449e-32,1e-09
hpmcounter6,269,5.327520694439449e-32,1e-09
hpmcounter6,270,5.327520694439449e-32,1e-09
hpmcounter6,271,5.327520694439449e-32,1e-09
hpmcounter6,272,5.327520694439449e-32,1e-09
hpmcounter6,273,5.327520694439449e-32,1e-09
hpmcounter6,274,5.327520694439449e-32,1e-09
hpmcounter6,275,5.327520694439449e-32,1e-09
hpmcounter6,276,5.327520694439449e-32,1e-09
hpmcounter6,277,5.327520694439449e-32,1e-09
hpmcounter6,278,5.327520694439449e-32,1e-09
hpmcounter6,279,5.327520694439449e-32,1e-09
hpmcounter6,280,5.327520694439449e-32,1e-09
hpmcounter6,281,5.327520694439449e-32,1e-09
hpmcounter6,282,5.327520694439449e-32,1e-09
hpmcounter6,283,5.327520694439449e-32,1e-09
hpmcounter6,284,5.327520694439449e-32,1e-09
hpmcounter6,285,5.327520694439449e-32,1e-09
hpmcounter6,286,5.327520694439449e-32,1e-09
hpmcounter6,287,5.327520694439449e-32,1e-09
hpmcounter6,288,5.327520694439449e-32,1e-09
hpmcounter6,289,5.327520694439449e-32,1e-09
hpmcounter6,290,5.327520694439449e-32,1e-09
hpmcounter6,291,5.327520694439449e-32,1e-09
hpmcounter6,292,5.327520694439449e-32,1e-09
hpmcounter6,293,5.327520694439449e-32,1e-09
hpmcounter6,294,5.327520694439449e-32,1e-09
hpmcounter6,295,5.327520694439449e-32,1e-09
hpmcounter6,296,5.327520694439449e-32,1e-09
hpmcounter6,297,5.327520694439449e-32,1e-09
hpmcounter6,298,5.327520694439449e-32,1e-09
hpmcounter7,29,0.0,1e-09
hpmcounter7,30,0.0,1e-09
hpmcounter7,31,0.0,1e-09
hpmcounter7,32,0.0,1e-09
hpmcounter7,33,0.0,1e-09
hpmcounter7,34,0.0,1e-09
hpmcounter7,35,0.0,1e-09
hpmcounter7,36,0.0,1e-09
hpmcounter7,37,0.0,1e-09
hpmcounter7,38,0.0,1e-09
hpmcounter7,39,0.0,1e-09
hpmcounter7,40,0.0,1e-09
hpmcounter7,41,0.0,1e-09
hpmcounter7,42,0.0,1e-09
hpmcounter7,43,0.0,1e-09
hpmcounter7,44,0.0,1e-09
hpmcounter7,45,0.0,1e-09
hpmcounter7,46,0.0,1e-09
hpmcounter7,47,0.0,1e-09
hpmcounter7,48,0.0,1e-09
hpmcounter7,49,0.0,1e-09
hpmcounter7,50,0.0,1e-09
hpmcounter7,51,0.0,1e-09
hpmcounter7,52,0.0,1e-09
hpmcounter7,53,0.0,1e-09
hpmcounter7,54,0.0,1e-09
hpmcounter7,55,0.0,1e-09
hpmcounter7,56,0.0,1e-09
hpmcounter7,57,0.0,1e-09
hpmcounter7,58,0.0,1e-09
hpmcounter7,59,0.0,1e-09
hpmcounter7,60,0.0,1e-09
hpmcounter7,61,0.0,1e-09
hpmcounter7,62,0.0,1e-09
hpmcounter7,63,0.0,1e-09
hpmcounter7,64,0.0,1e-09
hpmcounter7,65,0.0,1e-09
hpmcounter7,66,0.0,1e-09
hpmcounter7,67,0.0,1e-09
hpmcounter7,68,0.0,1e-09
hpmcounter7,69,0.0,1e-09
hpmcounter7,70,0.0,1e-09
hpmcounter7,71,0.0,1e-09
hpmcounter7,72,0.0,1e-09
hpmcounter7,73,0.0,1e-09
hpmcounter7,74,0.0,1e-09
hpmcounter7,75,0.0,1e-09
hpmcounter7,76,0.0,1e-09
hpmcounter7,77,0.0,1e-09
hpmcounter7,78,0.0,1e-09
hpmcounter7,79,0.0,1e-09
hpmcounter7,80,0.0,1e-09
hpmcounter7,81,0.0,1e-09
hpmcounter7,82,0.0,1e-09
hpmcounter7,83,0.0,1e-09
hpmcounter7,84,0.0,1e-09
hpmcounter7,85,0.0,1e-09
hpmcounter7,86,0.0,1e-09
hpmcounter7,87,0.0,1e-09
hpmcounter7,88,0.0,1e-09
hpmcounter7,89,0.0,1e-09
hpmcounter7,90,0.0,1e-09
hpmcounter7,91,0.0,1e-09
hpmcounter7,92,0.0,1e-09
hpmcounter7,93,0.0,1e-09
hpmcounter7,94,0.0,1e-09
hpmcounter7,95,0.0,1e-09
hpmcounter7,96,0.0,1e-09
hpmcounter7,97,0.0,1e-09
hpmcounter7,98,0.0,1e-09
hpmcounter7,99,0.0,1e-09
hpmcounter7,100,0.0,1e-09
hpmcounter7,101,0.0,1e-09
hpmcounter7,102,0.0,1e-09
hpmcounter7,103,0.0,1e-09
hpmcounter7,104,0.0,1e-09
hpmcounter7,105,0.0,1e-09
hpmcounter7,106,0.0,1e-09
hpmcounter7,107,0.0,1e-09
hpmcounter7,108,0.0,1e-09
hpmcounter7,109,0.0,1e-09
hpmcounter7,110,0.0,1e-09
hpmcounter7,111,0.0,1e-09
hpmcounter7,112,0.0,1e-09
hpmcounter7,113,0.0,1e-09
hpmcounter7,114,0.0,1e-09
hpmcounter7,115,0.0,1e-09
hpmcounter7,116,0.0,1e-09
hpmcounter7,117,0.0,1e-09
hpmcounter7,118,0.0,1e-09
hpmcounter7,119,0.0,1e-09
hpmcounter7,120,0.0,1e-09
hpmcounter7,121,0.0,1e-09
hpmcounter7,122,0.0,1e-09
hpmcounter7,123,0.0,1e-09
hpmcounter7,124,0.0,1e-09
hpmcounter7,125,0.0,1e-09
hpmcounter7,126,0.0,1e-09
hpmcounter7,127,0.0,1e-09
hpmcounter7,128,0.0,1e-09
hpmcounter7,129,0.0,1e-09
hpmcounter7,130,0.0,1e-09
hpmcounter7,131,0.0,1e-09
hpmcounter7,132,0.0,1e-09
hpmcounter7,133,0.0,1e-09
hpmcounter7,134,0.0,1e-09
hpmcounter7,135,0.0,1e-09
hpmcounter7,136,0.0,1e-09
hpmcounter7,137,0.0,1e-09
hpmcounter7,138,0.0,1e-09
hpmcounter7,139,0.0,1e-09
hpmcounter7,140,0.0,1e-09
hpmcounter7,141,0.0,1e-09
hpmcounter7,142,0.0,1e-09
hpmcounter7,143,0.0,1e-09
hpmcounter7,144,0.0,1e-09
hpmcounter7,145,0.0,1e-09
hpmcounter7,146,0.0,1e-09
hpmcounter7,147,0.0,1e-09
hpmcounter7,148,0.0,1e-09
hpmcounter7,149,0.0,1e-09
hpmcounter7,150,0.0,1e-09
hpmcounter7,151,0.0,1e-09
hpmcounter7,152,0.0,1e-09
hpmcounter7,153,0.0,1e-09
hpmcounter7,154,0.0,1e-09
hpmcounter7,155,0.0,1e-09
hpmcounter7,156,0.0,1e-09
hpmcounter7,157,0.0,1e-09
hpmcounter7,158,0.0,1e-09
hpmcounter7,159,0.0,1e-09
hpmcounter7,160,0.0,1e-09
hpmcounter7,161,0.0,1e-09
hpmcounter7,162,0.0,1e-09
hpmcounter7,163,0.0,1e-09
hpmcounter7,164,0.0,1e-09
hpmcounter7,165,0.0,1e-09
hpmcounter7,166,0.0,1e-09
hpmcounter7,167,0.0,1e-09
hpmcounter7,168,0.0,1e-09
hpmcounter7,169,0.0,1e-09
hpmcounter7,170,0.0,1e-09
hpmcounter7,171,0.0,1e-09
hpmcounter7,172,0.0,1e-09
hpmcounter7,173,0.0,1e-09
hpmcounter7,174,0.0,1e-09
hpmcounter7,175,0.0,1e-09
hpmcounter7,176,0.0,1e-09
hpmcounter7,177,0.0,1e-09
hpmcounter7,178,0.0,1e-09
hpmcounter7,179,0.0,1e-09
hpmcounter7,180,0.0,1e-09
hpmcounter7,181,0.0,1e-09
hpmcounter7,182,0.0,1e-09
hpmcounter7,183,0.0,1e-09
hpmcounter7,184,0.0,1e-09
hpmcounter7,185,0.0,1e-09
hpmcounter7,186,0.0,1e-09
hpmcounter7,187,0.0,1e-09
hpmcounter7,188,0.0,1e-09
hpmcounter7,189,0.0,1e-09
hpmcounter7,190,0.0,1e-09
hpmcounter7,191,0.0,1e-09
hpmcounter7,192,0.0,1e-09
hpmcounter7,193,0.0,1e-09
hpmcounter7,194,0.0,1e-09
hpmcounter7,195,0.0,1e-09
hpmcounter7,196,0.0,1e-09
hpmcounter7,197,0.0,1e-09
hpmcounter7,198,0.0,1e-09
hpmcounter7,199,0.0,1e-09
hpmcounter7,200,0.0,1e-09
hpmcounter7,201,0.0,1e-09
hpmcounter7,202,0.0,1e-09
hpmcounter7,203,0.0,1e-09
hpmcounter7,204,0.0,1e-09
hpmcounter7,205,0.0,1e-09
hpmcounter7,206,0.0,1e-09
hpmcounter7,207,0.0,1e-09
hpmcounter7,208,0.0,1e-09
hpmcounter7,209,0.0,1e-09
hpmcounter7,210,0.0,1e-09
hpmcounter7,211,0.0,1e-09
hpmcounter7,212,0.0,1e-09
hpmcounter7,213,0.0,1e-09
hpmcounter7,214,0.0,1e-09
hpmcounter7,215,0.0,1e-09
hpmcounter7,216,0.0,1e-09
hpmcounter7,217,0.0,1e-09
hpmcounter7,218,0.0,1e-09
hpmcounter7,219,0.0,1e-09
hpmcounter7,220,0.0,1e-09
hpmcounter7,221,0.0,1e-09
hpmcounter7,222,0.0,1e-09
hpmcounter7,223,0.0,1e-09
hpmcounter7,224,0.0,1e-09
hpmcounter7,225,0.0,1e-09
hpmcounter7,226,0.0,1e-09
hpmcounter7,227,0.0,1e-09
hpmcounter7,228,0.0,1e-09
hpmcounter7,229,0.0,1e-09
hpmcounter7,230,0.0,1e-09
hpmcounter7,231,0.0,1e-09
hpmcounter7,232,0.0,1e-09
hpmcounter7,233,0.0,1e-09
hpmcounter7,234,0.0,1e-09
hpmcounter7,235,0.0,1e-09
hpmcounter7,236,0.0,1e-09
hpmcounter7,237,0.0,1e-09
hpmcounter7,238,0.0,1e-09
hpmcounter7,239,0.0,1e-09
hpmcounter7,240,0.0,1e-09
hpmcounter7,241,0.0,1e-09
hpmcounter7,242,0.0,1e-09
hpmcounter7,243,0.0,1e-09
hpmcounter7,244,0.0,1e-09
hpmcounter7,245,0.0,1e-09
hpmcounter7,246,0.0,1e-09
hpmcounter7,247,0.0,1e-09
hpmcounter7,248,0.0,1e-09
hpmcounter7,249,0.0,1e-09
hpmcounter7,250,0.0,1e-09
hpmcounter7,251,0.0,1e-09
hpmcounter7,252,0.0,1e-09
hpmcounter7,253,0.0,1e-09
hpmcounter7,254,0.0,1e-09
hpmcounter7,255,0.0,1e-09
hpmcounter7,256,0.0,1e-09
hpmcounter7,257,0.0,1e-09
hpmcounter7,258,0.0,1e-09
hpmcounter7,259,0.0,1e-09
hpmcounter7,260,0.0,1e-09
hpmcounter7,261,0.0,1e-09
hpmcounter7,262,0.0,1e-09
hpmcounter7,263,0.0,1e-09
hpmcounter7,264,0.0,1e-09
hpmcounter7,265,0.0,1e-09
hpmcounter7,266,0.0,1e-09
hpmcounter7,267,0.0,1e-09
hpmcounter7,268,0.0,1e-09
hpmcounter7,269,0.0,1e-09
hpmcounter7,270,0.0,1e-09
hpmcounter7,271,0.0,1e-09
hpmcounter7,272,0.0,1e-09
hpmcounter7,273,0.0,1e-09
hpmcounter7,274,0.0,1e-09
hpmcounter7,275,0.0,1e-09
hpmcounter7,276,0.0,1e-09
hpmcounter7,277,0.0,1e-09
hpmcounter7,278,0.0,1e-09
hpmcounter7,279,0.0,1e-09
hpmcounter7,280,0.0,1e-09
hpmcounter7,281,0.0,1e-09
hpmcounter7,282,0.0,1e-09
hpmcounter7,283,0.0,1e-09
hpmcounter7,284,0.0,1e-09
hpmcounter7,285,0.0,1e-09
hpmcounter7,286,0.0,1e-09
hpmcounter7,287,0.0,1e-09
hpmcounter7,288,0.0,1e-09
hpmcounter7,289,0.0,1e-09
hpmcounter7,290,0.0,1e-09
hpmcounter7,291,0.0,1e-09
hpmcounter7,292,0.0,1e-09
hpmcounter7,293,0.0,1e-09
hpmcounter7,294,0.0,1e-09
hpmcounter7,295,0.0,1e-09
hpmcounter7,296,0.0,1e-09
hpmcounter7,297,0.0,1e-09
hpmcounter7,298,0.0,1e-09
hpmcounter8,29,0.2648159295618247,0.3162523904090134
hpmcounter8,30,0.22172232969022415,0.3110905032449537
hpmcounter8,31,0.18084984814062702,0.3103280102638344
hpmcounter8,32,0.16445720784034823,0.28451832446732056
hpmcounter8,33,0.1436663304184979,0.25888690180317836
hpmcounter8,34,0.12833839572233693,0.23503471840406626
hpmcounter8,35,0.11557765310200421,0.2086629157915019
hpmcounter8,36,0.10509978288776027,0.17809802586483994
hpmcounter8,37,0.09881580483237207,0.1552842545288343
hpmcounter8,38,0.09410860784290213,0.13724492608591157
hpmcounter8,39,0.0885631740432907,0.11926159645373086
hpmcounter8,40,0.08148141790388365,0.10153126698715212
hpmcounter8,41,0.077087527277733,0.0938025692935218
hpmcounter8,42,0.07508241769562034,0.09373672611576517
hpmcounter8,43,0.07351042417152213,0.0967389691115012
hpmcounter8,44,0.07194306504424483,0.10077511242647214
hpmcounter8,45,0.07130022266043244,0.10519537013197104
hpmcounter8,46,0.0714311696470973,0.11062685351895522
hpmcounter8,47,0.07229091381186122,0.11683748894402868
hpmcounter8,48,0.07300543878366489,0.12205272960206308
hpmcounter8,49,0.07376442477586587,0.12563572838148673
hpmcounter8,50,0.07429143264317162,0.12772183370305362
hpmcounter8,51,0.07468402881888883,0.13037623047642957
hpmcounter8,52,0.07476084427162293,0.13364509211289616
hpmcounter8,53,0.07462940982304242,0.13730127541815984
hpmcounter8,54,0.07349056773541794,0.13978652768271832
hpmcounter8,55,0.07134944023430971,0.14084033263393275
hpmcounter8,56,0.06821838075731619,0.14013310914621044
hpmcounter8,57,0.06450828441167053,0.13774795812533885
hpmcounter8,58,0.06130282480570485,0.13362721729800348
hpmcounter8,59,0.0581146999771968,0.12761470752760662
hpmcounter8,60,0.055893950485527866,0.12089288316664006
hpmcounter8,61,0.05509213964883718,0.11272361390685019
hpmcounter8,62,0.05441425899140954,0.10365399248761885
hpmcounter8,63,0.05511846628508058,0.09837920350121325
hpmcounter8,64,0.05596208096436618,0.094336440907697
hpmcounter8,65,0.05732190125686655,0.09349853866399263
hpmcounter8,66,0.058911592265283294,0.09483764555512735
hpmcounter8,67,0.05988458910692829,0.0960189552750966
hpmcounter8,68,0.060186068796020384,0.09703586462073296
hpmcounter8,69,0.059870107202923385,0.09789697756996288
hpmcounter8,70,0.05997155783031164,0.09923698499987331
hpmcounter8,71,0.06011658288850462,0.10052593576565826
hpmcounter8,72,0.06065892679685061,0.10131070904065546
hpmcounter8,73,0.06072720627084258,0.10141484285415503
hpmcounter8,74,0.060340957909320744,0.10084514773884018
hpmcounter8,75,0.05978104489812869,0.09954992536059037
hpmcounter8,76,0.05929427467623237,0.09737145518875892
hpmcounter8,77,0.058819493678256875,0.09422567479331573
hpmcounter8,78,0.057889296963884916,0.08997583506786637
hpmcounter8,79,0.05638858581251053,0.08458617649660712
hpmcounter8,80,0.05415207306639323,0.07832366169711294
hpmcounter8,81,0.05134625601845313,0.07106794795889826
hpmcounter8,82,0.04787044738078537,0.06270218275287416
hpmcounter8,83,0.04364743663219166,0.05324750026259194
hpmcounter8,84,0.038438893093259326,0.043446272144168935
hpmcounter8,85,0.033048947767188225,0.0362320774022553
hpmcounter8,86,0.02868160581320555,0.03205079208905426
hpmcounter8,87,0.02533261554009853,0.029999704113383863
hpmcounter8,88,0.022264286116119504,0.028925543202381686
hpmcounter8,89,0.02006696335135494,0.02855199235431478
hpmcounter8,90,0.018231723716393464,0.028327038064548726
hpmcounter8,91,0.01704295947370907,0.02778849254048631
hpmcounter8,92,0.016183150170053357,0.026836715725012648
hpmcounter8,93,0.015465050968904149,0.02565117868569356
hpmcounter8,94,0.014545979440588894,0.024519420376047305
hpmcounter8,95,0.013610669991152577,0.023534420154959945
hpmcounter8,96,0.012477736048997951,0.022796007130754706
hpmcounter8,97,0.011543014871336795,0.02228112817268989
hpmcounter8,98,0.010754146284871598,0.021612059053866907
hpmcounter8,99,0.010034635831705472,0.020616249926581273
hpmcounter8,100,0.009299135564900585,0.019301095373582614
hpmcounter8,101,0.008452358111726116,0.017823633800378907
hpmcounter8,102,0.007483559591986236,0.01608726142981738
hpmcounter8,103,0.006567178867988165,0.01421316274478632
hpmcounter8,104,0.005721369610696853,0.012270379232441495
hpmcounter8,105,0.004754668633377218,0.01046319370587585
hpmcounter8,106,0.003961487659409681,0.00886737200655899
hpmcounter8,107,0.003292666293126554,0.007224383246804775
hpmcounter8,108,0.002967157526564957,0.00643296653807807
hpmcounter8,109,0.002613696022594922,0.005744693003221543
hpmcounter8,110,0.002205696161124213,0.005411779841924302
hpmcounter8,111,0.001983543567130711,0.0054240076340273955
hpmcounter8,112,0.0018718099390194428,0.005461088154528897
hpmcounter8,113,0.0017719099244930987,0.005496786301274628
hpmcounter8,114,0.001646269695785674,0.00558683747294181
hpmcounter8,115,0.001494286475753029,0.005744628327775288
hpmcounter8,116,0.0015227065755496361,0.005878309292601368
hpmcounter8,117,0.0017597857694273598,0.0059432284672647885
hpmcounter8,118,0.001993866660973614,0.005997072150456517
hpmcounter8,119,0.0022347116091576405,0.005993331053657845
hpmcounter8,120,0.002443012765233438,0.005988360877091134
hpmcounter8,121,0.002619680020179865,0.005972158186669299
hpmcounter8,122,0.0027629640800763593,0.005938340551378505
hpmcounter8,123,0.003067164432830277,0.006354185758998071
hpmcounter8,124,0.0033372936471571793,0.006849168308008521
hpmcounter8,125,0.003561098405394849,0.007383182261422955
hpmcounter8,126,0.0037401137341571814,0.007916432504000075
hpmcounter8,127,0.003882800667435536,0.008381888352839534
hpmcounter8,128,0.0039761332251105775,0.008794726459756274
hpmcounter8,129,0.00402267010764017,0.009140413476803055
hpmcounter8,130,0.004028289177443975,0.009435800007064354
hpmcounter8,131,0.003984390848975389,0.009658209350584871
hpmcounter8,132,0.003915308780051102,0.00976217352932167
hpmcounter8,133,0.003956446207483716,0.009701875486213984
hpmcounter8,134,0.004000955858766278,0.009544273117722457
hpmcounter8,135,0.004004631842792442,0.009287642522683165
hpmcounter8,136,0.003982572923482556,0.008907240648206945
hpmcounter8,137,0.004024167031969219,0.008405214288326884
hpmcounter8,138,0.004040955037469334,0.007835046547033913
hpmcounter8,139,0.004217757953601175,0.00714822158395466
hpmcounter8,140,0.0045302398845062965,0.0065244505650175096
hpmcounter8,141,0.005076969302971878,0.006514499989482771
hpmcounter8,142,0.005926666610630118,0.007977075609163848
hpmcounter8,143,0.007157486169535264,0.011179169943634815
hpmcounter8,144,0.008856017895331603,0.01578379416300839
hpmcounter8,145,0.011073150785754717,0.02149023349571626
hpmcounter8,146,0.013409975481246719,0.026386938982247178
hpmcounter8,147,0.015911516823674542,0.030467989555189492
hpmcounter8,148,0.01853865474939543,0.03387288279638663
hpmcounter8,149,0.021263889645994394,0.03673232345473888
hpmcounter8,150,0.0238957244999252,0.039290560151117836
hpmcounter8,151,0.026140586760666395,0.0415893013858587
hpmcounter8,152,0.028099001818980167,0.043530791428633565
hpmcounter8,153,0.02983442171532232,0.0449482259421678
hpmcounter8,154,0.03158888728817967,0.04601952900875634
hpmcounter8,155,0.03301610778985608,0.04672403681295388
hpmcounter8,156,0.034119658800023774,0.04699276815848732
hpmcounter8,157,0.03498511653518704,0.04666928338334853
hpmcounter8,158,0.03564123687909372,0.04564978081926957
hpmcounter8,159,0.03608395740848257,0.044169719515372734
hpmcounter8,160,0.03633992900016323,0.04227089046476688
hpmcounter8,161,0.03644854880877548,0.0401008198068529
hpmcounter8,162,0.03622343069426808,0.03769853061845891
hpmcounter8,163,0.03571343473247455,0.035031295223102714
hpmcounter8,164,0.03475796832795116,0.03239363941704309
hpmcounter8,165,0.0333701205666795,0.029855631697348235
hpmcounter8,166,0.03167470278254437,0.027567438697867257
hpmcounter8,167,0.029563930879220622,0.02580386998998442
hpmcounter8,168,0.027410897557685367,0.024807137986924282
hpmcounter8,169,0.025033235211427453,0.024133544504246818
hpmcounter8,170,0.0229800815472195,0.023897210869265342
hpmcounter8,171,0.021270763746757466,0.02373099814029058
hpmcounter8,172,0.01989417790577705,0.02351226821614584
hpmcounter8,173,0.01909177915179118,0.02314315957388321
hpmcounter8,174,0.01858311493114766,0.022747546392877634
hpmcounter8,175,0.01814155365437716,0.022493728950804398
hpmcounter8,176,0.017836101900537783,0.022194240712732367
hpmcounter8,177,0.017580715143491715,0.021704913007443406
hpmcounter8,178,0.017462140911261415,0.021009919760120562
hpmcounter8,179,0.017244226495553423,0.02018417879093552
hpmcounter8,180,0.016759646111806772,0.019280523642344664
hpmcounter8,181,0.016054774914662652,0.018397855610465096
hpmcounter8,182,0.015267406790717863,0.017542006156546136
hpmcounter8,183,0.014365624616159773,0.0168044214413266
hpmcounter8,184,0.013325550524082139,0.016251475666266543
hpmcounter8,185,0.012369998987366824,0.015820494152800187
hpmcounter8,186,0.011794697920647667,0.015698508407501047
hpmcounter8,187,0.011574516565097389,0.015684525900433524
hpmcounter8,188,0.011662776444150324,0.015970749376800167
hpmcounter8,189,0.012046874430539214,0.017211215374066505
hpmcounter8,190,0.012298223558509545,0.019019495458801248
hpmcounter8,191,0.01245980216737953,0.020913273879693738
hpmcounter8,192,0.012553757540871038,0.02274011653570805
hpmcounter8,193,0.01257809898864769,0.02444016824059379
hpmcounter8,194,0.01262445495906318,0.026109431253524915
hpmcounter8,195,0.012838226828679179,0.02786919925484073
hpmcounter8,196,0.013003773656445682,0.02944336025427763
hpmcounter8,197,0.012983418631378831,0.03084876209363363
hpmcounter8,198,0.012977850524531645,0.03207358077946475
hpmcounter8,199,0.012836593098384325,0.03307426383049325
hpmcounter8,200,0.012540191732259115,0.033881890086345234
hpmcounter8,201,0.012225271714188628,0.03439612916767277
hpmcounter8,202,0.012004190073933428,0.034472066752677624
hpmcounter8,203,0.011978363600300074,0.033992918795670665
hpmcounter8,204,0.01194196972607087,0.033107762743215655
hpmcounter8,205,0.011808114169340708,0.031878144643101236
hpmcounter8,206,0.011552177065071093,0.030377401973844347
hpmcounter8,207,0.011311250150207624,0.02854338992014331
hpmcounter8,208,0.011135919387973679,0.026472512263691066
hpmcounter8,209,0.010800268844301669,0.024268805060674047
hpmcounter8,210,0.010311214337519112,0.0219982319852521
hpmcounter8,211,0.009662876293354444,0.019754858413702024
hpmcounter8,212,0.008852035774230927,0.01771602025202146
hpmcounter8,213,0.007872329012021475,0.016174217240496166
hpmcounter8,214,0.007108250501902785,0.015627063338692862
hpmcounter8,215,0.006520728193603814,0.015478373899140654
hpmcounter8,216,0.006063955488207326,0.015378578048241798
hpmcounter8,217,0.005673466770270201,0.015181648409202449
hpmcounter8,218,0.005294128343997345,0.014906041958689957
hpmcounter8,219,0.004855819332440936,0.014612724184736763
hpmcounter8,220,0.004343746876574349,0.014404007353274075
hpmcounter8,221,0.003996247423904524,0.014252884399519862
hpmcounter8,222,0.003759625922253089,0.013959983381048079
hpmcounter8,223,0.0036078963069040653,0.01343822127244941
hpmcounter8,224,0.003462938755484253,0.01271037207770452
hpmcounter8,225,0.0033707583591873124,0.011818631559372695
hpmcounter8,226,0.0033843463571539235,0.010812498839522662
hpmcounter8,227,0.0035550028006386064,0.010043583282326301
hpmcounter8,228,0.003922034532461765,0.010276112992924991
hpmcounter8,229,0.004528797309349698,0.012321976743276153
hpmcounter8,230,0.00535419479433391,0.016368895947024904
hpmcounter8,231,0.006402021842142934,0.02208583211603
hpmcounter8,232,0.007904362990280937,0.02902776830037103
hpmcounter8,233,0.00934676903381496,0.035190850276148246
hpmcounter8,234,0.01059392785403854,0.04061510770269448
hpmcounter8,235,0.011654451447904345,0.04532699335473379
hpmcounter8,236,0.012537960694707986,0.04937949833650565
hpmcounter8,237,0.013356358041872898,0.052747860467235334
hpmcounter8,238,0.014038427064885495,0.05544036412733964
hpmcounter8,239,0.014561832006501279,0.05750949274489034
hpmcounter8,240,0.014925838492992286,0.058951131870108815
hpmcounter8,241,0.01514039926904017,0.059807298705322594
hpmcounter8,242,0.015201913062465985,0.06006675828003746
hpmcounter8,243,0.015155388107782043,0.05977929368487911
hpmcounter8,244,0.015052740323344646,0.058915532208368884
hpmcounter8,245,0.014959583691298493,0.0574587016572585
hpmcounter8,246,0.014969484425701046,0.05536971666494078
hpmcounter8,247,0.015167227150525524,0.052668408056756065
hpmcounter8,248,0.0153268030987937,0.0493976735176326
hpmcounter8,249,0.015216982383210032,0.04559358328256409
hpmcounter8,250,0.014842871681203185,0.041296378519158225
hpmcounter8,251,0.014194975610646521,0.03650980788167443
hpmcounter8,252,0.013266007838189242,0.031357158669585466
hpmcounter8,253,0.012037137424911894,0.025912610775210777
hpmcounter8,254,0.01106657168991683,0.02222023718001971
hpmcounter8,255,0.010436076238460264,0.020177023752142448
hpmcounter8,256,0.010199402734874392,0.019462358541374607
hpmcounter8,257,0.010117301471572828,0.019599795278059218
hpmcounter8,258,0.01016424011825761,0.020063092123703764
hpmcounter8,259,0.010305750505988942,0.020458408063378414
hpmcounter8,260,0.01072323246978918,0.021086825937426
hpmcounter8,261,0.01146382926146084,0.022166653427502223
hpmcounter8,262,0.012080615927037294,0.023321358551636306
hpmcounter8,263,0.012544142948310572,0.024375114542870453
hpmcounter8,264,0.013037928747400385,0.025123452744131025
hpmcounter8,265,0.013556589730035798,0.025731370158404647
hpmcounter8,266,0.014230857810132332,0.02637603721501826
hpmcounter8,267,0.015113762556198177,0.027249955564159302
hpmcounter8,268,0.016329371997541343,0.028657746693064083
hpmcounter8,269,0.01759271483148072,0.03024134382709569
hpmcounter8,270,0.018981442279783236,0.031853423988809214
hpmcounter8,271,0.0205128663290165,0.03340523111004006
hpmcounter8,272,0.021976692672407115,0.03518414428385652
hpmcounter8,273,0.023632111209045997,0.03761093936846026
hpmcounter8,274,0.025005734083777726,0.04013988116998683
hpmcounter8,275,0.02625477185440307,0.042467817329754874
hpmcounter8,276,0.02738922871844989,0.04448705288801011
hpmcounter8,277,0.02841014596171797,0.04618914142447579
hpmcounter8,278,0.02915862326418381,0.0473357721877806
hpmcounter8,279,0.029759993402473862,0.04801504757976453
hpmcounter8,280,0.030113266094961712,0.0484136215561769
hpmcounter8,281,0.030104453336743546,0.04867243950592452
hpmcounter8,282,0.029744233123225938,0.04880605743431166
hpmcounter8,283,0.02935964549620234,0.04865567473316019
hpmcounter8,284,0.028894870777378907,0.04808766823936027
hpmcounter8,285,0.028452895333874566,0.046981669440372645
hpmcounter8,286,0.027803356111491522,0.04545028829347315
hpmcounter8,287,0.026837935948432867,0.043647380922849456
hpmcounter8,288,0.025552759176336294,0.04161437209066174
hpmcounter8,289,0.024269154235256503,0.03948465185614421
hpmcounter8,290,0.022735079031171536,0.03702603284264055
hpmcounter8,291,0.02115001588623972,0.03425621507165703
hpmcounter8,292,0.019262666202478622,0.031176564756678925
hpmcounter8,293,0.017191393521793583,0.027802807785636166
hpmcounter8,294,0.01518473123376384,0.024002958252632507
hpmcounter8,295,0.013218863022729888,0.02009482691324682
hpmcounter8,296,0.011699799092092634,0.01766084461237501
hpmcounter8,297,0.010852277115410681,0.016898913076450847
hpmcounter8,298,0.010343951672695799,0.01725182024967897
hpmcounter9,29,0.07417160684864964,0.21198195199947864
hpmcounter9,30,0.07539377352334435,0.21270279872051626
hpmcounter9,31,0.0758389758373206,0.21124269224241016
hpmcounter9,32,0.07549864293403416,0.2075564077461187
hpmcounter9,33,0.07434726439081653,0.20153027980646593
hpmcounter9,34,0.07233946336960204,0.19297125614562397
hpmcounter9,35,0.06940454066434748,0.1815870269106408
hpmcounter9,36,0.06543701592516962,0.1669538545625087
hpmcounter9,37,0.060280175018665436,0.1484683213542713
hpmcounter9,38,0.05912262944191797,0.14633144477508267
hpmcounter9,39,0.057493036919517994,0.14315209635579224
hpmcounter9,40,0.05537938860799729,0.13889011624831168
hpmcounter9,41,0.05276517310341485,0.13348901902368648
hpmcounter9,42,0.04962866245867207,0.12687311418236155
hpmcounter9,43,0.04594188963303549,0.11894337261898269
hpmcounter9,44,0.041669194268927165,0.10957155569451389
hpmcounter9,45,0.03835795335435596,0.09800856382481984
hpmcounter9,46,0.03427550272617095,0.08532005874214228
hpmcounter9,47,0.02935769050530388,0.0715071974709204
hpmcounter9,48,0.025367640116513025,0.056483548333756066
hpmcounter9,49,0.02141266235977,0.042748786146005434
hpmcounter9,50,0.02195720605422369,0.03901734803304434
hpmcounter9,51,0.027105245895549496,0.04774099542155286
hpmcounter9,52,0.043985476326420955,0.06368304876443366
hpmcounter9,53,0.057009602623554125,0.07949432874297979
hpmcounter9,54,0.06843496727059231,0.0948943849204057
hpmcounter9,55,0.07843896873975219,0.10891309336435376
hpmcounter9,56,0.08715780704109351,0.1213167955801119
hpmcounter9,57,0.09469770041223859,0.13209768682930148
hpmcounter9,58,0.10203151353748963,0.1406338466828938
hpmcounter9,59,0.10827005616381727,0.14777247833378154
hpmcounter9,60,0.11346621704460573,0.15357176981818751
hpmcounter9,61,0.11848522307184672,0.1574731764459875
hpmcounter9,62,0.12466864162518894,0.15876159912954527
hpmcounter9,63,0.13266140159835701,0.1594809828285293
hpmcounter9,64,0.13886441742600913,0.16180585233751202
hpmcounter9,65,0.1427229256020957,0.16389001098016737
hpmcounter9,66,0.1455610596814058,0.16549430685382696
hpmcounter9,67,0.14747310952921422,0.1663163740678191
hpmcounter9,68,0.1481685346285571,0.16635561381184694
hpmcounter9,69,0.1476608019145647,0.1655448217113983
hpmcounter9,70,0.1459483602843806,0.16386206225120536
hpmcounter9,71,0.14301486941343539,0.16132782665726117
hpmcounter9,72,0.14027590485292235,0.1568214397361222
hpmcounter9,73,0.13625754736181228,0.15189602846762837
hpmcounter9,74,0.13107595182104928,0.14647452373201933
hpmcounter9,75,0.12459067810444227,0.14068066749465577
hpmcounter9,76,0.11713286254129762,0.1352835547275706
hpmcounter9,77,0.10896842473320836,0.130927251226532
hpmcounter9,78,0.10291314458959774,0.12817708531986893
hpmcounter9,79,0.09765088215004641,0.12444343613894587
hpmcounter9,80,0.09189674917705234,0.12127104980285384
hpmcounter9,81,0.08790863680718551,0.11864849975323387
hpmcounter9,82,0.08592815970645395,0.11336874550974252
hpmcounter9,83,0.08665762806777651,0.1084697929145262
hpmcounter9,84,0.08655074698666988,0.10318298159422269
hpmcounter9,85,0.08594059689373437,0.09793796664881875
hpmcounter9,86,0.0848149198431253,0.09284066424234767
hpmcounter9,87,0.08315712954372995,0.08807090615353924
hpmcounter9,88,0.08109379660208843,0.08285930966548948
hpmcounter9,89,0.0791192212585911,0.08074714742748737
hpmcounter9,90,0.07640484668754043,0.08083139862204372
hpmcounter9,91,0.07573369275095694,0.08331210004562573
hpmcounter9,92,0.07637384802941699,0.08565827611848345
hpmcounter9,93,0.07723398125494407,0.08684646817300916
hpmcounter9,94,0.07788238694372167,0.08809660846016168
hpmcounter9,95,0.07912158528000522,0.08957369506593651
hpmcounter9,96,0.07930058216294233,0.08988557084078466
hpmcounter9,97,0.079335992277956,0.08862816738448968
hpmcounter9,98,0.07855413037847511,0.08710708108284929
hpmcounter9,99,0.07699003355485504,0.08470781248153793
hpmcounter9,100,0.07471233720251405,0.08205610090691556
hpmcounter9,101,0.07176619530068282,0.07923533035548634
hpmcounter9,102,0.06874515077703901,0.07542670925558075
hpmcounter9,103,0.06499435272867246,0.07137892899471955
hpmcounter9,104,0.06128817374247285,0.06612129136323057
hpmcounter9,105,0.057488955616964675,0.058803505232291754
hpmcounter9,106,0.05275999915894698,0.051214516791823594
hpmcounter9,107,0.046799390785929804,0.045001965216615605
hpmcounter9,108,0.04021309951241717,0.042740139654892144
hpmcounter9,109,0.037932603645074316,0.04245532968241074
hpmcounter9,110,0.03612168968721414,0.04216396064488025
hpmcounter9,111,0.033964626053599865,0.042181740607475385
hpmcounter9,112,0.03375328412303236,0.041332292061966716
hpmcounter9,113,0.03316195260131214,0.040324551624176454
hpmcounter9,114,0.033034721606003264,0.03892566847154513
hpmcounter9,115,0.03252862923906936,0.03728460778802637
hpmcounter9,116,0.03164077938375092,0.035427646375963406
hpmcounter9,117,0.030367064643325926,0.03340650621621503
hpmcounter9,118,0.02870207838523208,0.031312398042448744
hpmcounter9,119,0.027140383145969393,0.02932570742127799
hpmcounter9,120,0.0262727643584336,0.02709757118919384
hpmcounter9,121,0.02618329619247355,0.025244673955140528
hpmcounter9,122,0.02653497543633404,0.024734239612230507
hpmcounter9,123,0.02688572475018026,0.02498174098954681
hpmcounter9,124,0.026897206237093907,0.02600714715430903
hpmcounter9,125,0.027236835243665814,0.027145855003349793
hpmcounter9,126,0.027241004253627514,0.0286196370026046
hpmcounter9,127,0.02701174797898447,0.030064164222389486
hpmcounter9,128,0.027452438733356732,0.030506482159731268
hpmcounter9,129,0.02822968160796462,0.030714971526878874
hpmcounter9,130,0.03136256180628124,0.03375311951314083
hpmcounter9,131,0.033777733539302864,0.0404710302140962
hpmcounter9,132,0.038919010507271895,0.060161226694797135
hpmcounter9,133,0.042790402215538245,0.07915658636295062
hpmcounter9,134,0.04594103623092399,0.09580591194793425
hpmcounter9,135,0.04843498183687038,0.11007943291495538
hpmcounter9,136,0.05013677174747096,0.12242360896303221
hpmcounter9,137,0.05111540542677566,0.1330549554757346
hpmcounter9,138,0.052227354532445994,0.1417448005786462
hpmcounter9,139,0.05275226602921772,0.14901171017219839
hpmcounter9,140,0.05287443351010237,0.15263733024336357
hpmcounter9,141,0.054038763283209876,0.15417556766947987
hpmcounter9,142,0.05504111373309848,0.15498917588999087
hpmcounter9,143,0.055561571294435105,0.15507878653746265
hpmcounter9,144,0.055601741182806384,0.15444296470074528
hpmcounter9,145,0.055160639481642515,0.1530737748801809
hpmcounter9,146,0.05423464734431995,0.1509564803963944
hpmcounter9,147,0.05281737748180987,0.14806913588582493
hpmcounter9,148,0.050899441925953984,0.14438207763143016
hpmcounter9,149,0.04846810137597666,0.1398573538933999
hpmcounter9,150,0.04593652795822504,0.1334867096359824
hpmcounter9,151,0.04399320959563709,0.12451754398422289
hpmcounter9,152,0.04173252894508169,0.11397638355941815
hpmcounter9,153,0.03891454981690916,0.10175078227221467
hpmcounter9,154,0.03547568263094168,0.08760527403965973
hpmcounter9,155,0.03174225338890389,0.07138791807527052
hpmcounter9,156,0.027150411473385833,0.053084035243012154
hpmcounter9,157,0.021489872222241146,0.03363543292252321
hpmcounter9,158,0.019269448432588078,0.027495902412895644
hpmcounter9,159,0.017022849925786166,0.023158899872223877
hpmcounter9,160,0.017238767377092866,0.022601661821836466
hpmcounter9,161,0.017313331350836538,0.02222085948002904
hpmcounter9,162,0.01749471047198386,0.0217623175545972
hpmcounter9,163,0.01746270332892897,0.021408518527791045
hpmcounter9,164,0.01721790815130849,0.021133050725026168
hpmcounter9,165,0.016760496923133344,0.020922277992632743
hpmcounter9,166,0.016090218395366084,0.0207764542950629
hpmcounter9,167,0.015206397571933369,0.02071038549845899
hpmcounter9,168,0.01410793167299785,0.020753542868997735
hpmcounter9,169,0.012793282512601773,0.02094923890118097
hpmcounter9,170,0.012150381905394716,0.021644018054420715
hpmcounter9,171,0.01230156816020785,0.02198544350156357
hpmcounter9,172,0.012341203678612243,0.022128844148473856
hpmcounter9,173,0.012269380422921933,0.022074767704682446
hpmcounter9,174,0.012086034264461991,0.021823623100394936
hpmcounter9,175,0.011790944769479415,0.02137572562004493
hpmcounter9,176,0.011383733835656792,0.020731400190284487
hpmcounter9,177,0.010863863156372635,0.01989117125652411
hpmcounter9,178,0.010230630468534839,0.018856098839124234
hpmcounter9,179,0.009483164517080573,0.017628382155741407
hpmcounter9,180,0.008620418644319122,0.016212486730628254
hpmcounter9,181,0.007641162884316285,0.014617367603327549
hpmcounter9,182,0.006719111065368483,0.0128167197760762
hpmcounter9,183,0.005689291410004029,0.010813672879214673
hpmcounter9,184,0.004687240102097981,0.008583395334140962
hpmcounter9,185,0.003863434762499277,0.005998185947247131
hpmcounter9,186,0.0028661075124833215,0.005020584472623239
hpmcounter9,187,0.002915865438726285,0.006305877043617623
hpmcounter9,188,0.003280527543162481,0.00825798959780299
hpmcounter9,189,0.0037702410727220616,0.010204042526634509
hpmcounter9,190,0.004342943141703331,0.01202208191202723
hpmcounter9,191,0.004969321653415128,0.01363209943336694
hpmcounter9,192,0.005525565033926983,0.015075335700562595
hpmcounter9,193,0.006012573827784498,0.01634696040405603
hpmcounter9,194,0.006431127931485948,0.017445063344542242
hpmcounter9,195,0.0067818914136843,0.01836910467799059
hpmcounter9,196,0.0070654165609277285,0.01911918316014683
hpmcounter9,197,0.007282147201876796,0.01969566553283334
hpmcounter9,198,0.007432421352784911,0.02009899003485621
hpmcounter9,199,0.007516473217836693,0.020329560927070108
hpmcounter9,200,0.00764467230780441,0.02027461871284764
hpmcounter9,201,0.007700885242772163,0.020069672320038565
hpmcounter9,202,0.00768504679932268,0.01971385823602876
hpmcounter9,203,0.0075969980072173844,0.019206734607947716
hpmcounter9,204,0.007436485134596939,0.018548362088987427
hpmcounter9,205,0.007203158152501339,0.017739499562677195
hpmcounter9,206,0.007006380150615103,0.016695178065833084
hpmcounter9,207,0.006771195173052265,0.015473517534187738
hpmcounter9,208,0.006455854680924755,0.014141030765437268
hpmcounter9,209,0.006412075032436061,0.01258561484989743
hpmcounter9,210,0.00626684866521085,0.01116794146625408
hpmcounter9,211,0.006034174974057188,0.009773167331427968
hpmcounter9,212,0.006351003828787845,0.009192929736189067
hpmcounter9,213,0.00651865491174512,0.009534114426934807
hpmcounter9,214,0.007385040090235049,0.011868426140066645
hpmcounter9,215,0.008161003607248658,0.014545367572839668
hpmcounter9,216,0.008764286994209452,0.017307656698419757
hpmcounter9,217,0.00970010712117993,0.01959064751803165
hpmcounter9,218,0.010491462603440197,0.0215213570374437
hpmcounter9,219,0.011140759333151732,0.02310071139117926
hpmcounter9,220,0.011649923562240065,0.024331800681716746
hpmcounter9,221,0.012020432699460465,0.025217961223770874
hpmcounter9,222,0.012253338334623318,0.02576195905489196
hpmcounter9,223,0.01234928229661144,0.025965626339340016
hpmcounter9,224,0.012308506294114521,0.02582970639120808
hpmcounter9,225,0.012130855463061835,0.025353812950508186
hpmcounter9,226,0.011815775938725006,0.02453647829105267
hpmcounter9,227,0.011697004429636813,0.02465903258785042
hpmcounter9,228,0.011852081574232171,0.025993677684006053
hpmcounter9,229,0.011759627036838147,0.026571272675629677
hpmcounter9,230,0.01192272813723198,0.028407590241748715
hpmcounter9,231,0.011910439810332137,0.029781576679345723
hpmcounter9,232,0.011724762959813222,0.03069478479256424
hpmcounter9,233,0.01136691596080749,0.03114902523383315
hpmcounter9,234,0.010837365030907379,0.031145225728440574
hpmcounter9,235,0.01013583825774603,0.030682956876785187
hpmcounter9,236,0.009335900809181627,0.029618160551102238
hpmcounter9,237,0.008328345126255184,0.027791876724049952
hpmcounter9,238,0.007139787141975934,0.025444582359106776
hpmcounter9,239,0.0059859761073572,0.022127650282666056
hpmcounter9,240,0.004649539529912693,0.01819621955863084
hpmcounter9,241,0.0033013296717405035,0.013054906946671796
hpmcounter9,242,0.00304044693769796,0.012001700017261776
hpmcounter9,243,0.002721466931050154,0.010716474664610781
hpmcounter9,244,0.0026717655860439707,0.010520919065261092
hpmcounter9,245,0.002597226485999202,0.010227780660513667
hpmcounter9,246,0.00249776247562496,0.009836671983037256
hpmcounter9,247,0.002373256853878247,0.009347074210158676
hpmcounter9,248,0.0022235628588990943,0.008758334862540957
hpmcounter9,249,0.0020485030155627977,0.008069664889232888
hpmcounter9,250,0.0018478683394828849,0.007280135111866945
hpmcounter9,251,0.0016214173898519628,0.006388671994844092
hpmcounter9,252,0.0014636756123184397,0.0053734298224243
hpmcounter9,253,0.001554745361028665,0.004591850811906736
hpmcounter9,254,0.0015925654795589821,0.0044518031258528375
hpmcounter9,255,0.0015772705278389088,0.004979070945077256
hpmcounter9,256,0.001832146613490787,0.005879669302990509
hpmcounter9,257,0.00235564297915734,0.006978262178622655
hpmcounter9,258,0.002913351461373397,0.008029084671316734
hpmcounter9,259,0.003418631238567909,0.009015125166702513
hpmcounter9,260,0.0040470662927320775,0.009624862496147963
hpmcounter9,261,0.004613645155003315,0.010203965880633832
hpmcounter9,262,0.005118711725078296,0.010734206524019829
hpmcounter9,263,0.005562567097148696,0.011203237538581287
hpmcounter9,264,0.005945470328225964,0.01160261811765095
hpmcounter9,265,0.006267639083664241,0.011926533489479035
hpmcounter9,266,0.0065292501635767514,0.012170974169340596
hpmcounter9,267,0.00673043991306751,0.01233321259084028
hpmcounter9,268,0.0068713045184559726,0.012411474646845586
hpmcounter9,269,0.006951900190948995,0.012404744211471228
hpmcounter9,270,0.006972243238503796,0.012312665582541934
hpmcounter9,271,0.006932310025919991,0.012135527536441062
hpmcounter9,272,0.006853556538892897,0.011802099864082911
hpmcounter9,273,0.006891090269007305,0.011690654629640931
hpmcounter9,274,0.006852822733602379,0.011545019103614875
hpmcounter9,275,0.006738808028813739,0.011358168305873575
hpmcounter9,276,0.006613664676799478,0.011076377353116928
hpmcounter9,277,0.006410171240959525,0.010763203899139779
hpmcounter9,278,0.006128191599038551,0.010424925756749765
hpmcounter9,279,0.005767523207390411,0.010073472452915613
hpmcounter9,280,0.005365125938903129,0.009527941111529247
hpmcounter9,281,0.0049961407481325755,0.009011664347143398
hpmcounter9,282,0.005022127366358987,0.008561490222690015
hpmcounter9,283,0.0050045538103147035,0.008257791795151872
hpmcounter9,284,0.004898720221211188,0.008095999466194565
hpmcounter9,285,0.0046994157367496875,0.008153983845909582
hpmcounter9,286,0.0046525340193950245,0.008165120687970054
hpmcounter9,287,0.00457339696870892,0.008239235989873384
hpmcounter9,288,0.004422984147223722,0.008481004449915872
hpmcounter9,289,0.004318963044369939,0.008780922084504353
hpmcounter9,290,0.004554448564550882,0.008999526794218615
hpmcounter9,291,0.004737239806801531,0.009139211328840947
hpmcounter9,292,0.004867419516678435,0.009197499917097729
hpmcounter9,293,0.0049450314389291325,0.009173260423043336
hpmcounter9,294,0.004970080369442303,0.009066556105425543
hpmcounter9,295,0.00496648115637489,0.008814121962636715
hpmcounter9,296,0.00491223905776922,0.00849003827970661
hpmcounter9,297,0.004858848057550266,0.008053269788555658
hpmcounter9,298,0.00475246008906771,0.007565306030747928
hpmcounter10,29,0.2798537636848593,0.3408765005337049
hpmcounter10,30,0.23562428000070165,0.32425281208689677
hpmcounter10,31,0.18272928166127167,0.3120622110702352
hpmcounter10,32,0.16543704404503048,0.285991207006108
hpmcounter10,33,0.14414472489156013,0.26019428960077245
hpmcounter10,34,0.12874319557604702,0.23599383645037753
hpmcounter10,35,0.1158003170809248,0.20914064845144184
hpmcounter10,36,0.10524857552049793,0.17811074022393575
hpmcounter10,37,0.09882790247390044,0.1546930695260863
hpmcounter10,38,0.09409266163494603,0.13653948720637188
hpmcounter10,39,0.08851686892762108,0.1186618593042596
hpmcounter10,40,0.08134191600669644,0.10133829619031251
hpmcounter10,41,0.07694450540987605,0.0942301051970054
hpmcounter10,42,0.07502192818843775,0.09473590538773953
hpmcounter10,43,0.07352327676022016,0.09802795439145925
hpmcounter10,44,0.07198729260972445,0.10216319932828503
hpmcounter10,45,0.07137384220475204,0.10653697962301394
hpmcounter10,46,0.0715615261017053,0.11183831370681543
hpmcounter10,47,0.07246542377114465,0.11784215404631847
hpmcounter10,48,0.07321310907337893,0.12288873858182196
hpmcounter10,49,0.07401584983798494,0.1263808248191592
hpmcounter10,50,0.07458327762882559,0.12840618717652405
hpmcounter10,51,0.07500402427466302,0.13095314046734968
hpmcounter10,52,0.07510524234104046,0.1340895576667881
hpmcounter10,53,0.07499944377980779,0.1376109869383381
hpmcounter10,54,0.07383899448090318,0.13992637082879164
hpmcounter10,55,0.07166617315745777,0.14084376644972013
hpmcounter10,56,0.0684898490305032,0.14007678825843192
hpmcounter10,57,0.06470894388322823,0.13762141118891644
hpmcounter10,58,0.061445054572405275,0.1334579967030298
hpmcounter10,59,0.05817779960212501,0.12743376994010594
hpmcounter10,60,0.05589474808869281,0.12069234233677216
hpmcounter10,61,0.05507789754195917,0.11254860720342873
hpmcounter10,62,0.05435355957273334,0.10354479305981826
hpmcounter10,63,0.05496524007166104,0.09826784631634451
hpmcounter10,64,0.0557293631191248,0.09424053087529041
hpmcounter10,65,0.056986466366296805,0.0933186230494979
hpmcounter10,66,0.05849469433588874,0.09460834890252147
hpmcounter10,67,0.05938024998890663,0.09571339159975241
hpmcounter10,68,0.05957816257870867,0.09659660816087273
hpmcounter10,69,0.05916566092678953,0.09730549786968151
hpmcounter10,70,0.059174383601212674,0.09849236767816114
hpmcounter10,71,0.0592412062214376,0.09965241930559045
hpmcounter10,72,0.05970508429142583,0.10034204506059599
hpmcounter10,73,0.05970860760432747,0.1003744663732386
hpmcounter10,74,0.05928286960442718,0.09979691340210385
hpmcounter10,75,0.05872371479591791,0.09854297971921085
hpmcounter10,76,0.058256364128580464,0.0964140879289098
hpmcounter10,77,0.05782749614471668,0.09332321291849792
hpmcounter10,78,0.05695766295070883,0.0891328479266317
hpmcounter10,79,0.0555286320345587,0.08381488862302501
hpmcounter10,80,0.053344108380584954,0.07761602486198449
hpmcounter10,81,0.05057864203756364,0.0704169776922512
hpmcounter10,82,0.047158464172920724,0.062119785381006244
hpmcounter10,83,0.04298732011622714,0.05274908113766517
hpmcounter10,84,0.037854275959281244,0.04309491962951432
hpmcounter10,85,0.03256216061966172,0.03606567346721809
hpmcounter10,86,0.028287447248395974,0.032032658642283614
hpmcounter10,87,0.025040714930745632,0.03008679784552027
hpmcounter10,88,0.022070432499975895,0.02907239940058048
hpmcounter10,89,0.01993787946853535,0.02869836161595557
hpmcounter10,90,0.01815774761172214,0.02845058967260488
hpmcounter10,91,0.01700414330350706,0.027886015492055598
hpmcounter10,92,0.016162238095310148,0.026911379968764044
hpmcounter10,93,0.015445759614945565,0.025711471756785592
hpmcounter10,94,0.01451257719263076,0.024553568235912784
hpmcounter10,95,0.013570402346476915,0.02355716569621182
hpmcounter10,96,0.012437968760573678,0.022822010010612313
hpmcounter10,97,0.011503775731823918,0.022316080920155405
hpmcounter10,98,0.01071475242324933,0.021651464844988047
hpmcounter10,99,0.009997630436522877,0.020670928920795792
hpmcounter10,100,0.009261946857715954,0.01936106807499281
hpmcounter10,101,0.008405986624092912,0.017871379190601562
hpmcounter10,102,0.007426366057864088,0.016119771288937497
hpmcounter10,103,0.006502208112290504,0.014223314014072676
hpmcounter10,104,0.005660499251989186,0.01227195916076859
hpmcounter10,105,0.004697966280752824,0.010456016982685017
hpmcounter10,106,0.0039107648801709445,0.008846645364572582
hpmcounter10,107,0.003247074196345639,0.007183183106742438
hpmcounter10,108,0.00292297072338591,0.006379148334780179
hpmcounter10,109,0.002568105708110483,0.005678691171959055
hpmcounter10,110,0.002157718380768089,0.005343326827759601
hpmcounter10,111,0.001939632916434373,0.005368905552553886
hpmcounter10,112,0.0018312847425709382,0.0054128607498923256
hpmcounter10,113,0.0017350671888342072,0.005455406728664484
hpmcounter10,114,0.0016126732148067254,0.005548325274764411
hpmcounter10,115,0.0014640172906596836,0.005703547824430175
hpmcounter10,116,0.0014949800928467745,0.005831110387785824
hpmcounter10,117,0.0017306672192899542,0.00589026213138265
hpmcounter10,118,0.0019656004683407165,0.005930920972187328
hpmcounter10,119,0.0022021672648394573,0.005914575346779849
hpmcounter10,120,0.0024063729984831845,0.005899695398586773
hpmcounter10,121,0.002578277523090735,0.005879033026683089
hpmcounter10,122,0.0027179270057532605,0.005847146761249717
hpmcounter10,123,0.0030175547305312986,0.0062742247407369875
hpmcounter10,124,0.0032767050960762233,0.006767828202291395
hpmcounter10,125,0.003488092162097225,0.007289445561154937
hpmcounter10,126,0.0036520060590272962,0.00779896662165777
hpmcounter10,127,0.003785550680255766,0.008230927355841076
hpmcounter10,128,0.0038724506607372955,0.008614989616001217
hpmcounter10,129,0.003912848712464421,0.008942614629887127
hpmcounter10,130,0.003906846115083876,0.009209496453618897
hpmcounter10,131,0.003854503380860961,0.009414464516283867
hpmcounter10,132,0.0037854974497017746,0.009504637074918306
hpmcounter10,133,0.0038311033423446745,0.009443296355893475
hpmcounter10,134,0.0038707866586082267,0.009281360827421226
hpmcounter10,135,0.003871015641533612,0.009027313852987428
hpmcounter10,136,0.003852440367370687,0.008653646293612306
hpmcounter10,137,0.003903562118858647,0.008169840445771506
hpmcounter10,138,0.003923820466144599,0.0076079920667129495
hpmcounter10,139,0.004112680947698518,0.006932254980130776
hpmcounter10,140,0.004444701899487341,0.006348928278878253
hpmcounter10,141,0.005017222798432726,0.00642554375834392
hpmcounter10,142,0.005891595737070865,0.008021304075274795
hpmcounter10,143,0.0071502248577427485,0.01132957238982416
hpmcounter10,144,0.008884634126255557,0.016019972126036577
hpmcounter10,145,0.011134189980785865,0.02176396892600066
hpmcounter10,146,0.013505115614836869,0.026701975910842064
hpmcounter10,147,0.016027114079948487,0.03080469460027158
hpmcounter10,148,0.01866992593166735,0.034211594772843676
hpmcounter10,149,0.021399164264378524,0.037066962873695444
hpmcounter10,150,0.024039932845495306,0.03961676367184366
hpmcounter10,151,0.026293584593418778,0.04190935125363987
hpmcounter10,152,0.028239508423247444,0.04381035314947932
hpmcounter10,153,0.02994954824301898,0.045180345438273276
hpmcounter10,154,0.03167644225053838,0.04619423287997771
hpmcounter10,155,0.03307558554399198,0.046852298854400586
hpmcounter10,156,0.03415124396500345,0.047082454968861626
hpmcounter10,157,0.0349878379399811,0.04672235382974967
hpmcounter10,158,0.03560448010445834,0.04565055534658867
hpmcounter10,159,0.036006571598983524,0.04414031625382544
hpmcounter10,160,0.0362410106494057,0.042213326931674754
hpmcounter10,161,0.036342108928993526,0.040017073926427844
hpmcounter10,162,0.03611208158428084,0.03759189963862511
hpmcounter10,163,0.03559754501833268,0.034901871600581155
hpmcounter10,164,0.03463615403280411,0.032246682082708776
hpmcounter10,165,0.033241970371957336,0.029726831709215935
hpmcounter10,166,0.03155170438373352,0.02748188337032626
hpmcounter10,167,0.02943923239426328,0.025784926805390868
hpmcounter10,168,0.027290342789058453,0.024899561387026592
hpmcounter10,169,0.02491822770003984,0.02434632055396901
hpmcounter10,170,0.022860241678171325,0.02420731192238287
hpmcounter10,171,0.02114494279220321,0.024101865924675354
hpmcounter10,172,0.019757936617535467,0.02391452584613224
hpmcounter10,173,0.018956985017509746,0.023562714081154377
hpmcounter10,174,0.018459544196351672,0.023170579129098146
hpmcounter10,175,0.018032067000176913,0.022896888503512198
hpmcounter10,176,0.01774136172390557,0.02257944812232231
hpmcounter10,177,0.01750216883549024,0.022072356216850983
hpmcounter10,178,0.0174030153155686,0.02137719489060822
hpmcounter10,179,0.01719288530229451,0.02053892475710482
hpmcounter10,180,0.01671338557794516,0.019605208255580268
hpmcounter10,181,0.016004522117871095,0.018670764639804157
hpmcounter10,182,0.01522103645733001,0.017773849679350546
hpmcounter10,183,0.014320365986739308,0.016987810618371863
hpmcounter10,184,0.013269688799501383,0.016373885022911688
hpmcounter10,185,0.012295203800962403,0.015878531745406505
hpmcounter10,186,0.011701781050910538,0.015721525850667675
hpmcounter10,187,0.011466470685255125,0.015692785124006226
hpmcounter10,188,0.011548672570240035,0.01597290123243372
hpmcounter10,189,0.011925306379349703,0.017197450426215635
hpmcounter10,190,0.012172674916105752,0.018972379393665126
hpmcounter10,191,0.012330020653004418,0.02083109818206752
hpmcounter10,192,0.012426579346971627,0.0226255770274699
hpmcounter10,193,0.01245871435036549,0.024306291437751162
hpmcounter10,194,0.01251370277120548,0.02596335403850254
hpmcounter10,195,0.012732567232706157,0.02769303805913148
hpmcounter10,196,0.0128977332301539,0.02925159748598595
hpmcounter10,197,0.012875621718229074,0.03067103386815451
hpmcounter10,198,0.012879528557065017,0.03190701517559563
hpmcounter10,199,0.012746886615856722,0.03292045855195223
hpmcounter10,200,0.012461748785033517,0.03375056846479264
hpmcounter10,201,0.012163978961642109,0.0343025332240371
hpmcounter10,202,0.011965276197017182,0.03440963461661311
hpmcounter10,203,0.011954617109901176,0.03398152480983221
hpmcounter10,204,0.01192925510076801,0.0331355351223733
hpmcounter10,205,0.011799028597058123,0.0319336518479734
hpmcounter10,206,0.011544400580010244,0.030440970325410377
hpmcounter10,207,0.01130417315116754,0.028611680647133576
hpmcounter10,208,0.01112637725206431,0.026542216938249586
hpmcounter10,209,0.010792366636588165,0.02434335029248592
hpmcounter10,210,0.010300022162899696,0.022062781397423195
hpmcounter10,211,0.009646715210518504,0.019794066334209767
hpmcounter10,212,0.008829262044748645,0.01771055658334274
hpmcounter10,213,0.007843867559704173,0.016111927192331073
hpmcounter10,214,0.007070942987628712,0.015509025958290495
hpmcounter10,215,0.006476954608748949,0.015317164282702215
hpmcounter10,216,0.006015097540845283,0.01517725001477859
hpmcounter10,217,0.00562768397358828,0.014956727002805929
hpmcounter10,218,0.005248639631376741,0.014660294539989599
hpmcounter10,219,0.004805640238877739,0.014352985984424317
hpmcounter10,220,0.004283416750854016,0.014145568874605148
hpmcounter10,221,0.003930718675269588,0.014012056084051195
hpmcounter10,222,0.0036944442704010157,0.01374277776395305
hpmcounter10,223,0.0035418371146800722,0.013247476972146897
hpmcounter10,224,0.0033977550070521815,0.012531441185556009
hpmcounter10,225,0.003308024697860084,0.011640836489444691
hpmcounter10,226,0.0033326006982198108,0.010669434648554755
hpmcounter10,227,0.003519699432171337,0.009965151124882363
hpmcounter10,228,0.0039043913426308357,0.01028089626222468
hpmcounter10,229,0.004523934467226302,0.012383497841845765
hpmcounter10,230,0.005368384911140735,0.01648687605565968
hpmcounter10,231,0.006431618159585909,0.02223308026810001
hpmcounter10,232,0.007941211446163648,0.029166164053881737
hpmcounter10,233,0.009385401900366642,0.03531285699003006
hpmcounter10,234,0.010627568946928137,0.040697876383608785
hpmcounter10,235,0.01167928623801858,0.04536721156120232
hpmcounter10,236,0.01255005310625007,0.049360754775232406
hpmcounter10,237,0.013349182914890016,0.05264591449497259
hpmcounter10,238,0.01401123610914436,0.055252094087185864
hpmcounter10,239,0.01451692822895751,0.05724492362332368
hpmcounter10,240,0.014869901228068711,0.058640584778492634
hpmcounter10,241,0.015072660459796744,0.05945020471820586
hpmcounter10,242,0.015126641868812163,0.05968015461126112
hpmcounter10,243,0.015075001117842868,0.059371070127466945
hpmcounter10,244,0.014972789635787548,0.05849109862552907
hpmcounter10,245,0.01488557924617968,0.05702383901411535
hpmcounter10,246,0.014913273722626385,0.05494528563248828
hpmcounter10,247,0.015146736523304598,0.052285954400583035
hpmcounter10,248,0.015341355905253684,0.04906029825969426
hpmcounter10,249,0.015268351929869532,0.045333081361116453
hpmcounter10,250,0.014921121893351225,0.041100846540103625
hpmcounter10,251,0.014290901522738219,0.036394288270371604
hpmcounter10,252,0.013366412432223293,0.031321734577317475
hpmcounter10,253,0.012140807711491116,0.026004329233056914
hpmcounter10,254,0.011188401140786262,0.02250008402973892
hpmcounter10,255,0.010584320215027691,0.020637413175074865
hpmcounter10,256,0.010379021996917426,0.020044410295558028
hpmcounter10,257,0.010325220759891071,0.020243678011776834
hpmcounter10,258,0.01039347649809272,0.020722017031934378
hpmcounter10,259,0.010545535724591179,0.021111039185545778
hpmcounter10,260,0.01097752392011467,0.021729341233150845
hpmcounter10,261,0.011730800195878186,0.0227972303705373
hpmcounter10,262,0.012358929500283418,0.02395447530815983
hpmcounter10,263,0.01282644067262086,0.02500191599450981
hpmcounter10,264,0.013332117691311962,0.025761469489524
hpmcounter10,265,0.01386456410087783,0.02637437016371609
hpmcounter10,266,0.014564489061839981,0.027045840713291743
hpmcounter10,267,0.015485625081029181,0.027960549682625783
hpmcounter10,268,0.016748491218470173,0.029432243283945874
hpmcounter10,269,0.01805269904141601,0.031089279748706636
hpmcounter10,270,0.019481627639394747,0.03276725292368617
hpmcounter10,271,0.0210571350037679,0.034383101451922526
hpmcounter10,272,0.022555932895893797,0.03622826202317274
hpmcounter10,273,0.024248740781873883,0.038738855356912426
hpmcounter10,274,0.025661778580483373,0.04135018146923968
hpmcounter10,275,0.026926046871361974,0.04370344907760823
hpmcounter10,276,0.02807505736425047,0.0457381128725607
hpmcounter10,277,0.02910840373926764,0.04744817971950939
hpmcounter10,278,0.02986628579294871,0.048587334461964685
hpmcounter10,279,0.030475537793330242,0.04925569934796042
hpmcounter10,280,0.03081978117334287,0.04963409271264943
hpmcounter10,281,0.030807267569618924,0.04986910813549311
hpmcounter10,282,0.030437351205958717,0.049980807632644314
hpmcounter10,283,0.030032988714023906,0.04979947316284221
hpmcounter10,284,0.029548122132671568,0.04919530132027427
hpmcounter10,285,0.029074343250058816,0.04802864854749288
hpmcounter10,286,0.028396653612386663,0.04645370381525282
hpmcounter10,287,0.02740155159316244,0.044609483624301595
hpmcounter10,288,0.026084440010583087,0.04254418429324689
hpmcounter10,289,0.0247671148900478,0.04038170272695901
hpmcounter10,290,0.02319291091906923,0.03787868530136582
hpmcounter10,291,0.021569131696892573,0.03503542750817696
hpmcounter10,292,0.01964003188097377,0.03186781207106723
hpmcounter10,293,0.017512578188643862,0.02836617529958102
hpmcounter10,294,0.015460365713688227,0.02443212413784585
hpmcounter10,295,0.013464866500205582,0.020419355468763202
hpmcounter10,296,0.011929869316014906,0.017942275137388032
hpmcounter10,297,0.011089181815298632,0.017234652676653237
hpmcounter10,298,0.010587475110186104,0.017684972016785965
