counter,window_end_iter,mu_Vnew,sigma_Vnew,sigma_fragile
hpmcounter3,10,0.09366124864967851,0.2304217388999083,False
hpmcounter3,11,0.11570941648959047,0.1286923748932618,False
hpmcounter3,12,0.01838990473078368,0.037395021290159744,False
hpmcounter3,13,0.029918968999257455,0.06925114002498338,False
hpmcounter3,14,0.018217382725734824,0.03575442650295039,False
hpmcounter3,15,0.015605841423444969,0.03137851069976676,False
hpmcounter3,16,0.013059073575352992,0.023698982335658283,False
hpmcounter3,17,0.0062607376279483675,0.014677711115059442,False
hpmcounter3,18,0.006445537404114615,0.014657190885842046,False
hpmcounter3,19,0.003439583076369817,0.0068140247944830845,False
hpmcounter3,20,0.009116539474240527,0.017916992208185652,False
hpmcounter3,21,0.007088051829109941,0.013454838280689932,False
hpmcounter3,22,0.005387237314785629,0.010883832645729176,False
hpmcounter3,23,0.006021059235290764,0.011054385669999875,False
hpmcounter3,24,0.005574580857349352,0.012510000625136504,False
hpmcounter3,25,0.006153119476002158,0.01481053501396605,False
hpmcounter3,26,0.0052877835765278505,0.011942919567697557,False
hpmcounter3,27,0.004172002299149991,0.00921846689829798,False
hpmcounter3,28,0.004099572103326298,0.007130540283431832,False
hpmcounter3,29,0.003790902966706349,0.007012582672352604,False
hpmcounter3,30,0.0031855144323181157,0.008458397217570687,False
hpmcounter3,31,0.004564561817514186,0.011913906505853252,False
hpmcounter3,32,0.005889830246021589,0.01440940407400541,False
hpmcounter3,33,0.0053425802493594615,0.009716629713056608,False
hpmcounter3,34,0.004099840829487553,0.00881089867068661,False
hpmcounter3,35,0.005228350296201442,0.010698952486324171,False
hpmcounter3,36,0.006704801835152108,0.014473550763256831,False
hpmcounter3,37,0.007341946943729633,0.017217044447982614,False
hpmcounter3,38,0.004359235896256784,0.010666999477764248,False
hpmcounter3,39,0.005193258053319289,0.009221133768484584,False
hpmcounter3,40,0.00521865464528924,0.009356137247630408,False
hpmcounter3,41,0.003614026008265139,0.007367650275711563,False
hpmcounter3,42,0.003291867452082335,0.010277791810561402,False
hpmcounter3,43,0.0025862625843196064,0.008670103584974071,False
hpmcounter3,44,0.002656313563255641,0.006870445822325015,False
hpmcounter3,45,0.0012620468429626126,0.0035032101356561028,False
hpmcounter3,46,0.0017531912686222623,0.00572119467378689,False
hpmcounter3,47,0.0019555744909748925,0.005171359649709028,False
hpmcounter3,48,0.0018228329579987727,0.004780587655238917,False
hpmcounter3,49,0.0038464965793109764,0.010764601388428125,False
hpmcounter3,50,0.002764533060425308,0.008140423969740192,False
hpmcounter3,51,0.0011753622129713668,0.002943085284881405,False
hpmcounter3,52,0.0007531427649345665,0.0020304203897240497,False
hpmcounter3,53,0.0010858819747716236,0.003242651978664951,False
hpmcounter3,54,0.002182665705613876,0.005371295686855886,False
hpmcounter3,55,0.0028231888325392796,0.007132489028222363,False
hpmcounter3,56,0.002389919233887452,0.004848813157203096,False
hpmcounter3,57,0.002713324745879162,0.005352450702968735,False
hpmcounter3,58,0.003740883744427087,0.008324018718575459,False
hpmcounter3,59,0.004422959040593641,0.009323289249010405,False
hpmcounter3,60,0.004595552822797994,0.009891960612827795,False
hpmcounter3,61,0.003986151476586092,0.008505563122268472,False
hpmcounter3,62,0.0040709352626832045,0.006154423800814478,False
hpmcounter3,63,0.002527321108443766,0.003353673085429072,False
hpmcounter3,64,0.00380191988322875,0.005207171599120623,False
hpmcounter3,65,0.004607569588371076,0.008952581661790561,False
hpmcounter3,66,0.004130266022633798,0.008881743375448468,False
hpmcounter3,67,0.003824179941846336,0.008347304243954067,False
hpmcounter3,68,0.004668929063031022,0.007715265012886986,False
hpmcounter3,69,0.004294035181999531,0.006643083543953036,False
hpmcounter3,70,0.004426703959030959,0.006631862168782249,False
hpmcounter3,71,0.0027346994420645613,0.004278848382144735,False
hpmcounter3,72,0.002027253965317583,0.004904030332551403,False
hpmcounter3,73,0.0006126474519519143,0.0017959889527165067,False
hpmcounter3,74,0.0004709865188983125,0.0011476427022832946,False
hpmcounter3,75,0.001136803128911885,0.0036838835724465027,False
hpmcounter3,76,0.0018337401141179308,0.006621536061563405,False
hpmcounter3,77,0.0017655021256980188,0.005489178650596465,False
hpmcounter3,78,0.0017769878633078443,0.004677482814499842,False
hpmcounter3,79,0.001811465403732912,0.005397969826233638,False
hpmcounter3,80,0.0011384902173567609,0.003376728652179843,False
hpmcounter3,81,0.0010329601255841428,0.001879037871990484,False
hpmcounter3,82,0.0011822335465822256,0.0028628933345552494,False
hpmcounter3,83,0.0016574770847217195,0.004844245847556941,False
hpmcounter3,84,0.0015240666051954594,0.004313978656576851,False
hpmcounter3,85,0.001661526759693266,0.0050271215882038076,False
hpmcounter3,86,0.001160132035108405,0.003171324430343972,False
hpmcounter3,87,0.0014529470259922698,0.0033317675228829546,False
hpmcounter3,88,0.0007970293315134604,0.0020456562383307448,False
hpmcounter3,89,0.0008602947934125045,0.0028275242761812585,False
hpmcounter3,90,0.0010387904440331476,0.00377889532658815,False
hpmcounter3,91,0.0004916440111953186,0.0018826001237336155,False
hpmcounter3,92,0.00023132102030249806,0.0006208832803149702,False
hpmcounter3,93,0.00023355006549004433,0.0009876994284107683,False
hpmcounter3,94,0.00035284482367303955,0.0014926061306348181,False
hpmcounter3,95,0.0004744504956186258,0.002007837842762587,False
hpmcounter3,96,0.0001310729879911201,0.000554014957964902,False
hpmcounter3,97,3.8130154940081724e-09,1e-06,True
hpmcounter3,98,4.037147139054446e-09,1e-06,True
hpmcounter3,99,3.72548347028998e-09,1e-06,True
hpmcounter3,100,4.933400181877622e-09,1e-06,True
hpmcounter3,101,4.334317692142604e-09,1e-06,True
hpmcounter3,102,3.771688951664423e-09,1e-06,True
hpmcounter3,103,0.0001319173458457455,0.0005433186916492338,False
hpmcounter3,104,0.0004595347972929999,0.0018786969425008705,False
hpmcounter3,105,0.0003422522826064669,0.0013981528132470354,False
hpmcounter3,106,0.00022673243844376962,0.0009255432539429211,False
hpmcounter3,107,0.0001130332144101527,0.0004608778743446176,False
hpmcounter3,108,5.605169005790827e-07,1e-06,True
hpmcounter3,109,0.00011353703460075951,0.00046457385815851015,False
hpmcounter3,110,0.0002280746031344129,0.0009326805863335641,False
hpmcounter3,111,0.00034325068434539233,0.0014038830637891585,False
hpmcounter3,112,0.0004605863985537399,0.001884661200100955,False
hpmcounter3,113,0.0001280116996177724,0.0005199966049650931,False
hpmcounter3,114,5.780429497770722e-09,1e-06,True
hpmcounter3,115,7.342703187536057e-09,1e-06,True
hpmcounter3,116,0.00012661218405851988,0.0005076039549998553,False
hpmcounter3,117,0.0005357377054455399,0.0016526625241884655,False
hpmcounter3,118,0.0004922265982590468,0.0011394684816744267,False
hpmcounter3,119,0.00046542826094318616,0.0008604297496385428,False
hpmcounter3,120,0.00028903143482172965,0.0005007958596037247,False
hpmcounter3,121,0.00012133479642804854,0.0002627020864638201,False
hpmcounter3,122,0.00016406948852804227,0.00041480427121389597,False
hpmcounter3,123,0.00012105358811589069,0.0002789273978632133,False
hpmcounter3,124,0.00037696510112278733,0.0006371551725765822,False
hpmcounter3,125,0.0006448736285845823,0.0015755595211956424,False
hpmcounter3,126,0.00042052790412195923,0.0006356031633242656,False
hpmcounter3,127,0.00027911592348853225,0.000633652347040835,False
hpmcounter3,128,0.00016816799289190595,0.00039443967549387867,False
hpmcounter3,129,0.00011726506701414044,0.0003079357489281153,False
hpmcounter3,130,0.00013992755190532543,0.0003527929046414852,False
hpmcounter3,131,0.0001733202732512374,0.00044620304800227153,False
hpmcounter3,132,0.0003175767114669619,0.0007419257193404112,False
hpmcounter3,133,0.00030979052874632125,0.0005785150115873015,False
hpmcounter3,134,0.00022839785812653774,0.0005117377111939293,False
hpmcounter3,135,0.00020132548392665954,0.0004827361751849173,False
hpmcounter3,136,0.0002753013254393305,0.0006693082739877252,False
hpmcounter3,137,0.0003170739110470314,0.0009047503005794745,False
hpmcounter3,138,0.00029860177301110934,0.0005463571900807475,False
hpmcounter3,139,0.0008156185165113484,0.001950069008750269,False
hpmcounter3,140,0.001208565628049643,0.0032265946213960077,False
hpmcounter3,141,0.001744271845011604,0.004691652493934199,False
hpmcounter3,142,0.0020451020536121165,0.005650932387529684,False
hpmcounter3,143,0.0024860588099411994,0.005827235952409647,False
hpmcounter3,144,0.0028447283366056383,0.005483016164989983,False
hpmcounter3,145,0.002883582022470415,0.004964059184436404,False
hpmcounter3,146,0.0020854219836077908,0.0033680737996651952,False
hpmcounter3,147,0.002956034305503372,0.007241816565781293,False
hpmcounter3,148,0.002734651648838265,0.0072858549729772504,False
hpmcounter3,149,0.0029043459729560465,0.006879994798972496,False
hpmcounter3,150,0.0033277277414414342,0.006481066802550914,False
hpmcounter3,151,0.002890454487329456,0.00443617344093083,False
hpmcounter3,152,0.0024645013567502136,0.0036143584785266357,False
hpmcounter3,153,0.0020716546803938836,0.0028157193837082518,False
hpmcounter3,154,0.002302266192642018,0.0044538848840539385,False
hpmcounter3,155,0.002305086230283376,0.005707602188255722,False
hpmcounter3,156,0.0016787140990791375,0.004101669468484932,False
hpmcounter3,157,0.0018100367692117224,0.0032527512811141306,False
hpmcounter3,158,0.001816892912427881,0.003865887455526336,False
hpmcounter3,159,0.001726483661759727,0.004028089517690456,False
hpmcounter3,160,0.0018264508455005878,0.004993529189156911,False
hpmcounter3,161,0.0018420705237792135,0.005899391872064005,False
hpmcounter3,162,0.0012927157014461445,0.0031566451149173803,False
hpmcounter3,163,0.0011106953406186848,0.0029684367733889888,False
hpmcounter3,164,0.0018617140362179306,0.0041494984772168534,False
hpmcounter3,165,0.0020452574058438516,0.005737404843364815,False
hpmcounter3,166,0.001806332686064789,0.004914710530265498,False
hpmcounter3,167,0.0016370993256989651,0.004299700212345393,False
hpmcounter3,168,0.0014013467604407329,0.0030496025048981873,False
hpmcounter3,169,0.0010807404769557299,0.0021321069291539083,False
hpmcounter3,170,0.0008869320468759014,0.002235623756274008,False
hpmcounter3,171,0.0006463745117411244,0.0015880074851144757,False
hpmcounter3,172,0.0008151968530258939,0.0022648671159037274,False
hpmcounter3,173,0.0013736613394034285,0.0030940746814335012,False
hpmcounter3,174,0.0015035425561862568,0.003087962889242123,False
hpmcounter3,175,0.0014118086027397662,0.002830994149929201,False
hpmcounter3,176,0.0008771876437737132,0.002061766301351945,False
hpmcounter3,177,0.0008122485034659751,0.002268225816401953,False
hpmcounter3,178,0.00045303457998494245,0.0011192898115195888,False
hpmcounter3,179,0.0007495637055256144,0.001758980881587237,False
hpmcounter3,180,0.0012660893247522587,0.0025879068778211643,False
hpmcounter3,181,0.0013306473348291908,0.0025905255470979813,False
hpmcounter3,182,0.001050858257771768,0.0027481066784107197,False
hpmcounter3,183,0.00045243712883531246,0.001497460917614919,False
hpmcounter3,184,0.0002038853952314536,0.0006237692500559332,False
hpmcounter3,185,0.0003776264927091518,0.0015974329625847853,False
hpmcounter3,186,0.0007317287336656848,0.0030883318658327576,False
hpmcounter3,187,0.0010885483532981043,0.004577740706474735,False
hpmcounter3,188,0.001372512053010827,0.005741119988701343,False
hpmcounter3,189,0.0015205913762871667,0.006311277553250162,False
hpmcounter3,190,0.0007383295497957584,0.003042409621439938,False
hpmcounter3,191,0.00015577630442671866,0.00035044414209194026,False
hpmcounter3,192,0.0010845787433442274,0.003606327872573414,False
hpmcounter3,193,0.002150080003899673,0.007116254454586029,False
hpmcounter3,194,0.00229780278884195,0.007093189924000312,False
hpmcounter3,195,0.0016935850937281629,0.005142666505640263,False
hpmcounter3,196,0.0010332435146928134,0.0030827240874657822,False
hpmcounter3,197,0.00038401361368829283,0.0012820661047988312,False
hpmcounter3,198,0.0004193885545947132,0.0013570708993707369,False
hpmcounter3,199,0.0007676941385901921,0.002962784518692,False
hpmcounter3,200,0.0011173886643429903,0.004456948541547079,False
hpmcounter3,201,0.0007504727218484586,0.0029423757561625507,False
hpmcounter3,202,0.0005336394555729689,0.001516768506044966,False
hpmcounter3,203,0.0004934700830112138,0.0014296710136850654,False
hpmcounter3,204,0.00032287717012699914,0.0010477323943645785,False
hpmcounter3,205,0.00022934765031724043,0.0007138491121369874,False
hpmcounter3,206,0.00014126961641497664,0.00041179941490700005,False
hpmcounter3,207,0.0003646085279093431,0.0012948852437852665,False
hpmcounter3,208,0.0006224155607885069,0.00225022319917102,False
hpmcounter3,209,0.00022555701270555642,0.0007589921057610639,False
hpmcounter3,210,0.00024038979959076904,0.0006990073149083385,False
hpmcounter3,211,0.0006007968369221913,0.0021116654733428952,False
hpmcounter3,212,0.0002943801172225447,0.001244145508636809,False
hpmcounter3,213,8.798072703280841e-05,0.00037053658969459966,False
hpmcounter3,214,0.00017643704154546378,0.0007429577756990251,False
hpmcounter3,215,0.0002657016547101974,0.001119011352030234,False
hpmcounter3,216,0.0003562358805448214,0.0015007278139462085,False
hpmcounter3,217,9.794436458311585e-05,0.0004115409416973144,False
hpmcounter3,218,4.158435215458812e-09,1e-06,True
hpmcounter3,219,4.5890266973772055e-09,1e-06,True
hpmcounter3,220,5.472889405640867e-09,1e-06,True
hpmcounter3,221,3.5087822744049766e-09,1e-06,True
hpmcounter3,222,5.094257159748127e-09,1e-06,True
hpmcounter3,223,0.00010361787774719618,0.00043788841442563757,False
hpmcounter3,224,0.0001722465630453872,0.00047317915721182006,False
hpmcounter3,225,0.0004001445872583279,0.0014433987596948331,False
hpmcounter3,226,0.0007108889339695622,0.002836316687916457,False
hpmcounter3,227,0.0010350901848189037,0.004244025341759767,False
hpmcounter3,228,0.0013175563594794064,0.0053496704522558855,False
hpmcounter3,229,0.0014656808301353624,0.005899722264021781,False
hpmcounter3,230,0.0014350290811630403,0.005705725980375996,False
hpmcounter3,231,0.0011938650561148058,0.004611423386007608,False
hpmcounter3,232,0.0006917664015571774,0.0024355371018278133,False
hpmcounter3,233,0.0008865069005232656,0.003743149637312925,False
hpmcounter3,234,0.0012682251089352905,0.005279444953635239,False
hpmcounter3,235,0.0014342350466842266,0.005858244085902424,False
hpmcounter3,236,0.0014016410147561398,0.005655216199871412,False
hpmcounter3,237,0.0012161468096280885,0.004858473184117962,False
hpmcounter3,238,0.0009305897319339576,0.0036849153938188304,False
hpmcounter3,239,0.0006054659778394081,0.002376882916849805,False
hpmcounter3,240,0.00030204797593944184,0.0011753177025423459,False
hpmcounter3,241,8.209697429504675e-05,0.0003165568959905455,False
hpmcounter3,242,2.4164228294873253e-09,1e-06,True
hpmcounter3,243,8.477366207349031e-05,0.00032147125865100696,False
hpmcounter3,244,0.000305238837434862,0.0011693610189745871,False
hpmcounter3,245,0.000648871027444741,0.0021407299279665934,False
hpmcounter3,246,0.0011576362758489568,0.003266215475619239,False
hpmcounter3,247,0.0017289652590555039,0.004504352461631513,False
hpmcounter3,248,0.0015958038916518702,0.004031951123900682,False
hpmcounter3,249,0.0008452600027861499,0.002443224334823423,False
hpmcounter3,250,0.0005185602562622206,0.0015672812378341714,False
hpmcounter3,251,0.0007635094360569581,0.0024828998004058954,False
hpmcounter3,252,0.0013870542989938887,0.0041512343038876956,False
hpmcounter3,253,0.0015319058460082126,0.0036834168376911475,False
hpmcounter3,254,0.001815790856327424,0.004103364581161144,False
hpmcounter3,255,0.0015753111141826146,0.0037821563907154535,False
hpmcounter3,256,0.0014276512041573187,0.004526289884109201,False
hpmcounter3,257,0.0007713440536262291,0.002905308320646342,False
hpmcounter3,258,0.00033780556268302533,0.0014054676904974802,False
hpmcounter3,259,0.00011629479467931403,0.0003482425971990014,False
hpmcounter3,260,0.00011373737648757138,0.00028514538644554315,False
hpmcounter3,261,0.00037776249885354486,0.0011759168785764474,False
hpmcounter3,262,0.0009736616620045848,0.003428325984953832,False
hpmcounter3,263,0.0008637667120551029,0.0030911877759521073,False
hpmcounter3,264,0.0011537343070957698,0.002787583582735093,False
hpmcounter3,265,0.0010909111482352517,0.0027238466334631012,False
hpmcounter3,266,0.0010812320878586408,0.0030737762830813464,False
hpmcounter3,267,0.0013958617350800615,0.003255583576737608,False
hpmcounter3,268,0.001803740675512348,0.0033279248458939793,False
hpmcounter3,269,0.002250231410492428,0.003968875209686808,False
hpmcounter3,270,0.0026742018714879887,0.005713713361934583,False
hpmcounter3,271,0.003240314191708106,0.006905545848418079,False
hpmcounter3,272,0.0031080123912341634,0.006977299167141371,False
hpmcounter3,273,0.002751488472432022,0.007364752963536382,False
hpmcounter3,274,0.0014003306284568297,0.003559794262036188,False
hpmcounter3,275,0.0024739976372562637,0.00491452771553237,False
hpmcounter3,276,0.0031775261588127433,0.006749201336442153,False
hpmcounter3,277,0.0030660594677270206,0.006803074084261793,False
hpmcounter3,278,0.002878208002582478,0.006438432220878322,False
hpmcounter3,279,0.0026685796217636192,0.00569501451618576,False
hpmcounter3,280,0.0019292048335178454,0.003999696597584681,False
hpmcounter3,281,0.0009194333461189118,0.0022117702925383855,False
hpmcounter3,282,0.0005718343754307206,0.0014548657479054221,False
hpmcounter3,283,0.000837923004564636,0.0027188689697515873,False
hpmcounter3,284,0.0012796201530529262,0.004376713398083736,False
hpmcounter3,285,0.0009767465167229011,0.0031841404097937044,False
hpmcounter3,286,0.0008755003984764035,0.002146623406967599,False
hpmcounter3,287,0.000916593534687931,0.0026634705841136496,False
hpmcounter3,288,0.00046377604749644715,0.0015984200712586291,False
hpmcounter3,289,0.00016815426962508862,0.0007050165407338232,False
hpmcounter3,290,1.033314836655781e-05,4.306906449092465e-05,False
hpmcounter3,291,3.117751570146912e-05,0.00012995789910461505,False
hpmcounter3,292,0.00013854647439141937,0.000410144395098999,False
hpmcounter3,293,0.00037222187519411217,0.0012585417203434853,False
hpmcounter3,294,0.000768209998934935,0.0024576791572616477,False
hpmcounter3,295,0.0009749781967585672,0.003549327293560503,False
hpmcounter3,296,0.0011841489507792666,0.004385486984151697,False
hpmcounter3,297,0.0012770219268478484,0.004736943886501271,False
hpmcounter3,298,0.0007179142068910649,0.0023856882147707805,False
hpmcounter4,10,0.04158508979347135,0.06609894207806752,False
hpmcounter4,11,0.06251202770140013,0.12123765875382568,False
hpmcounter4,12,0.01791303901916735,0.036627853292846936,False
hpmcounter4,13,0.02950427428400885,0.06853571951252203,False
hpmcounter4,14,0.01780196342757286,0.035126949913411185,False
hpmcounter4,15,0.015067327359836142,0.030437566110889477,False
hpmcounter4,16,0.012648010433138873,0.02294504141501796,False
hpmcounter4,17,0.006216204607213135,0.014418164484989558,False
hpmcounter4,18,0.006318403045217774,0.014553816231387365,False
hpmcounter4,19,0.0032873294836064083,0.006598285070393509,False
hpmcounter4,20,0.0088394736383005,0.01704870352852363,False
hpmcounter4,21,0.00677506045790395,0.012864839894090237,False
hpmcounter4,22,0.005194785370440259,0.01049258097699661,False
hpmcounter4,23,0.005911097801008851,0.010889103686682177,False
hpmcounter4,24,0.00547415613660161,0.012399184588224114,False
hpmcounter4,25,0.006044432085297829,0.014639920877567783,False
hpmcounter4,26,0.005209548097643036,0.011850533956868442,False
hpmcounter4,27,0.004121284779694973,0.009157478760177518,False
hpmcounter4,28,0.00404123650850284,0.007060320520891973,False
hpmcounter4,29,0.0037321640398871197,0.006883969833613216,False
hpmcounter4,30,0.0031276700080918735,0.008297960363938796,False
hpmcounter4,31,0.0044658744972145125,0.01169304009223482,False
hpmcounter4,32,0.005794782802221058,0.014156037685033753,False
hpmcounter4,33,0.005280950131114239,0.009629839898789077,False
hpmcounter4,34,0.004044416031774181,0.008660959103666021,False
hpmcounter4,35,0.005141224381253589,0.010463528153385599,False
hpmcounter4,36,0.006578556927976676,0.014169004526327569,False
hpmcounter4,37,0.007203208484798539,0.016877382097587282,False
hpmcounter4,38,0.004281156005438548,0.010465947249867052,False
hpmcounter4,39,0.005119752497547215,0.009072000904928906,False
hpmcounter4,40,0.005155177947718113,0.00925489130375627,False
hpmcounter4,41,0.0035754190697419837,0.0072421508036221134,False
hpmcounter4,42,0.0032579486938487,0.010050425981254857,False
hpmcounter4,43,0.002543155987561533,0.00846143192578435,False
hpmcounter4,44,0.002589801690376045,0.006691338682637488,False
hpmcounter4,45,0.0012435147369538738,0.003430528383481319,False
hpmcounter4,46,0.0017247525527838187,0.0056630651080238565,False
hpmcounter4,47,0.0019180591912025407,0.005097787118399332,False
hpmcounter4,48,0.001782537467773393,0.004635094146320715,False
hpmcounter4,49,0.003779810552816254,0.010561478365773983,False
hpmcounter4,50,0.002723941454661478,0.008035477216605755,False
hpmcounter4,51,0.0011726077518837196,0.0029285836787832464,False
hpmcounter4,52,0.000740404962675112,0.002009519164551145,False
hpmcounter4,53,0.0010612353993065312,0.003172757996698397,False
hpmcounter4,54,0.0021331937403174465,0.005228988667126998,False
hpmcounter4,55,0.0027591592433085952,0.00692312761758138,False
hpmcounter4,56,0.0023371183243018996,0.004717164257836563,False
hpmcounter4,57,0.0026580804569654934,0.005237279323914068,False
hpmcounter4,58,0.0036771163930140625,0.008166750611217133,False
hpmcounter4,59,0.004353703494723518,0.009176874393808043,False
hpmcounter4,60,0.004530759866895525,0.009747826477007325,False
hpmcounter4,61,0.0039382183369938185,0.008393184570503169,False
hpmcounter4,62,0.004028139960799185,0.006109273602115762,False
hpmcounter4,63,0.002481302052340901,0.003310100328146443,False
hpmcounter4,64,0.0037195006502607104,0.005079618099979185,False
hpmcounter4,65,0.004523216117455759,0.00879073093033715,False
hpmcounter4,66,0.004066071243067678,0.00875358360063478,False
hpmcounter4,67,0.003769008901657688,0.008234261147919931,False
hpmcounter4,68,0.004596686914738819,0.0076071645023739485,False
hpmcounter4,69,0.004232305679602006,0.006551162685949538,False
hpmcounter4,70,0.004366034647926889,0.006535750269850719,False
hpmcounter4,71,0.002695579085175371,0.004216146466689986,False
hpmcounter4,72,0.0019971856446131383,0.004836134513502305,False
hpmcounter4,73,0.00060666877686888,0.001778708794323855,False
hpmcounter4,74,0.0004616262337937279,0.0011222671081363173,False
hpmcounter4,75,0.001118850941235324,0.003623610981855988,False
hpmcounter4,76,0.0018045981451790254,0.006517629027801911,False
hpmcounter4,77,0.0017385567409632457,0.00540868131941091,False
hpmcounter4,78,0.0017493861120832233,0.004609723637545921,False
hpmcounter4,79,0.0017845259303419132,0.005319578795953332,False
hpmcounter4,80,0.001121683618640319,0.0033300106371615397,False
hpmcounter4,81,0.0010177785811457147,0.0018566970805430605,False
hpmcounter4,82,0.001162880549639925,0.0028213020596332982,False
hpmcounter4,83,0.0016437829204533744,0.004822373890621924,False
hpmcounter4,84,0.0015096233604629534,0.0042743957250236725,False
hpmcounter4,85,0.0016401761389680607,0.004955187277442327,False
hpmcounter4,86,0.0011417084245678479,0.00312984433633364,False
hpmcounter4,87,0.0014401959896570486,0.0033047306191556236,False
hpmcounter4,88,0.0007934312249345341,0.002040853381502222,False
hpmcounter4,89,0.0008566266450638843,0.0028140548032456066,False
hpmcounter4,90,0.0010326748445335886,0.003756442026364168,False
hpmcounter4,91,0.0004912515432801822,0.0018821356676536531,False
hpmcounter4,92,0.00023337703774097977,0.0006268161527291115,False
hpmcounter4,93,0.00023360393759474062,0.0009879091214572277,False
hpmcounter4,94,0.00035222659958983636,0.0014899422506599932,False
hpmcounter4,95,0.0004731166975057833,0.0020021138713205936,False
hpmcounter4,96,0.0001335375511698142,0.0005644067681739058,False
hpmcounter4,97,0.0,1e-06,True
hpmcounter4,98,0.0,1e-06,True
hpmcounter4,99,0.0,1e-06,True
hpmcounter4,100,0.0,1e-06,True
hpmcounter4,101,0.0,1e-06,True
hpmcounter4,102,0.0,1e-06,True
hpmcounter4,103,0.0001294262708101533,0.0005336095279789728,False
hpmcounter4,104,0.0004515505807106112,0.0018483177934737294,False
hpmcounter4,105,0.0003363250393834733,0.0013756395874224062,False
hpmcounter4,106,0.00022304113461687268,0.0009116297672450067,False
hpmcounter4,107,0.00011102865954352366,0.00045329607114381594,False
hpmcounter4,108,7.098088067121558e-07,2.1966516116338746e-06,False
hpmcounter4,109,0.00011174385112049105,0.0004577811684593692,False
hpmcounter4,110,0.00022376546298669242,0.0009161560655726794,False
hpmcounter4,111,0.00033706480711178977,0.001380235496902863,False
hpmcounter4,112,0.00045231241714396175,0.0018530131872218512,False
hpmcounter4,113,0.0001261290632795171,0.0005130697437858392,False
hpmcounter4,114,0.0,1e-06,True
hpmcounter4,115,0.0,1e-06,True
hpmcounter4,116,0.00012457928228131729,0.0004993859749489336,False
hpmcounter4,117,0.0005275856039920401,0.0016264516417877114,False
hpmcounter4,118,0.0004840070000513682,0.0011207360424507454,False
hpmcounter4,119,0.0004569456277098635,0.000845369115121771,False
hpmcounter4,120,0.000283571395271796,0.0004913106134087516,False
hpmcounter4,121,0.00011868471689863863,0.000256441569208962,False
hpmcounter4,122,0.00016144435697573555,0.000408929656305828,False
hpmcounter4,123,0.00011858308342797843,0.0002730486929350161,False
hpmcounter4,124,0.00037292139547533473,0.0006267563658227677,False
hpmcounter4,125,0.0006348548567899413,0.0015481543337838007,False
hpmcounter4,126,0.0004133543077816523,0.0006260722331578781,False
hpmcounter4,127,0.0002709282481888676,0.0006154686203263657,False
hpmcounter4,128,0.0001623156500402277,0.0003783213098972313,False
hpmcounter4,129,0.00011465924807145735,0.0002993160520718427,False
hpmcounter4,130,0.00013771586551375407,0.0003458996382843754,False
hpmcounter4,131,0.00017150337347205915,0.00043926687456492716,False
hpmcounter4,132,0.00031342910257704755,0.0007271999570064175,False
hpmcounter4,133,0.00030401656771545917,0.0005668251708769844,False
hpmcounter4,134,0.00022315077666005834,0.000499169164286819,False
hpmcounter4,135,0.00019672080905620555,0.00046996071506437913,False
hpmcounter4,136,0.0002693787418502806,0.0006525313567485205,False
hpmcounter4,137,0.0003115584312061634,0.0008903604938263738,False
hpmcounter4,138,0.00029355956652846063,0.0005372153698752925,False
hpmcounter4,139,0.0008010317135993371,0.001916287027653623,False
hpmcounter4,140,0.0011877475886359471,0.003179009122186253,False
hpmcounter4,141,0.0017177096366125081,0.0046288747539906805,False
hpmcounter4,142,0.00201732166684964,0.005583466525030062,False
hpmcounter4,143,0.002451938124485165,0.005771373019054017,False
hpmcounter4,144,0.002805894312258525,0.005428792230387905,False
hpmcounter4,145,0.0028597484705323575,0.004939786916828751,False
hpmcounter4,146,0.0020443313984803728,0.003295016175122084,False
hpmcounter4,147,0.0029128566452534957,0.007127067124289787,False
hpmcounter4,148,0.0026967827056555227,0.007199536110846072,False
hpmcounter4,149,0.00286357164845288,0.0068138746601854655,False
hpmcounter4,150,0.003287398851143591,0.006415188105761108,False
hpmcounter4,151,0.0028583955105293607,0.004393985050434414,False
hpmcounter4,152,0.002437330688621706,0.003562351809516647,False
hpmcounter4,153,0.0020456850597111,0.0027704759726172854,False
hpmcounter4,154,0.0022682822693678856,0.004382280570925346,False
hpmcounter4,155,0.0022699875084271123,0.005616650243471314,False
hpmcounter4,156,0.0016545447885827,0.004044373465851715,False
hpmcounter4,157,0.0017815858845574184,0.003204580778229764,False
hpmcounter4,158,0.0017904373335957662,0.0038091746763244372,False
hpmcounter4,159,0.0016999936399616216,0.003964848563829753,False
hpmcounter4,160,0.0018001354039802048,0.004921269021171543,False
hpmcounter4,161,0.0018181346473040128,0.005822585419828784,False
hpmcounter4,162,0.0012750855471437544,0.003117716544456481,False
hpmcounter4,163,0.0010961041473573018,0.0029240530181613676,False
hpmcounter4,164,0.0018341960073000047,0.004088792142735585,False
hpmcounter4,165,0.0020133132165229242,0.005646852160462537,False
hpmcounter4,166,0.0017811160392188674,0.004845776508759732,False
hpmcounter4,167,0.0016124077144787224,0.004240730099990111,False
hpmcounter4,168,0.0013810321846120716,0.003007972202464749,False
hpmcounter4,169,0.0010655592161808829,0.0021021419726486973,False
hpmcounter4,170,0.0008737762749774806,0.002202398362764282,False
hpmcounter4,171,0.0006380472296435461,0.001567555326500631,False
hpmcounter4,172,0.0008032945638294547,0.0022320307283866005,False
hpmcounter4,173,0.001353637158951164,0.0030517697066899615,False
hpmcounter4,174,0.0014796148595644953,0.003040383806225841,False
hpmcounter4,175,0.0013882476711983924,0.002781381381982029,False
hpmcounter4,176,0.0008628358769129643,0.0020257225776959703,False
hpmcounter4,177,0.0007995433392366047,0.0022343543796681242,False
hpmcounter4,178,0.00044609642410777857,0.001102524922493722,False
hpmcounter4,179,0.0007379701401353958,0.001731704966746304,False
hpmcounter4,180,0.0012461865795674678,0.0025455381148357286,False
hpmcounter4,181,0.001309399260984771,0.0025465430835370094,False
hpmcounter4,182,0.001033152904786168,0.0026977992680368105,False
hpmcounter4,183,0.00044478907613796227,0.0014706997505313046,False
hpmcounter4,184,0.00020043819887745356,0.0006133090503393658,False
hpmcounter4,185,0.0003718098096015293,0.0015731417080240946,False
hpmcounter4,186,0.0007217603928273478,0.0030472949767755735,False
hpmcounter4,187,0.0010753598826589844,0.004524549980827045,False
hpmcounter4,188,0.001357881984684817,0.005683921116878685,False
hpmcounter4,189,0.001506008775083094,0.006256782007331826,False
hpmcounter4,190,0.0007324641471632304,0.0030218245885216166,False
hpmcounter4,191,0.00015187749954413175,0.00034147259475865926,False
hpmcounter4,192,0.0010714724888377326,0.003560357706210312,False
hpmcounter4,193,0.002125208983099375,0.007035198273484172,False
hpmcounter4,194,0.002273420840513021,0.007022156057519868,False
hpmcounter4,195,0.001677103672442734,0.0050962638959103045,False
hpmcounter4,196,0.0010236737183367942,0.0030579489520291586,False
hpmcounter4,197,0.0003807277998363065,0.0012742392800207296,False
hpmcounter4,198,0.0004154009330836929,0.0013440516888093878,False
hpmcounter4,199,0.0007593594493935986,0.0029326006960182127,False
hpmcounter4,200,0.001105028536695038,0.004409159731140038,False
hpmcounter4,201,0.0007423969770983163,0.0029121386112671683,False
hpmcounter4,202,0.000526684908137778,0.001500608209661526,False
hpmcounter4,203,0.0004932261265757222,0.0014365801984895803,False
hpmcounter4,204,0.0003236935161169826,0.0010559580563387478,False
hpmcounter4,205,0.0002301158128008197,0.0007210061910570808,False
hpmcounter4,206,0.00014151772713193845,0.00041542455221017544,False
hpmcounter4,207,0.0003630015142742065,0.0012915745663573757,False
hpmcounter4,208,0.0006262864998996885,0.0022733528538856633,False
hpmcounter4,209,0.000228376032394704,0.0007733162888533782,False
hpmcounter4,210,0.00023775379879333887,0.0006926763981637388,False
hpmcounter4,211,0.0006000225718400781,0.002116291865138854,False
hpmcounter4,212,0.00029991908996983784,0.0012674513488168798,False
hpmcounter4,213,8.868798928486232e-05,0.0003734475895248767,False
hpmcounter4,214,0.00017769389404429534,0.0007481102732436045,False
hpmcounter4,215,0.00026754916273773313,0.0011265701076488767,False
hpmcounter4,216,0.00035869609324304055,0.0015108043973257974,False
hpmcounter4,217,0.00010081626814674304,0.0004235130100602967,False
hpmcounter4,218,0.0,1e-06,True
hpmcounter4,219,0.0,1e-06,True
hpmcounter4,220,0.0,1e-06,True
hpmcounter4,221,0.0,1e-06,True
hpmcounter4,222,0.0,1e-06,True
hpmcounter4,223,0.00010086921374913749,0.000426011040623799,False
hpmcounter4,224,0.00016895071112064727,0.0004642829979264938,False
hpmcounter4,225,0.0003942174526652657,0.0014238106841171132,False
hpmcounter4,226,0.0007019510609132489,0.002801926396567235,False
hpmcounter4,227,0.0010232074900528884,0.0041979128615079325,False
hpmcounter4,228,0.0013034004151548195,0.005296981571813128,False
hpmcounter4,229,0.0014518428567874618,0.00585153995488396,False
hpmcounter4,230,0.001422217663934545,0.00566595990562431,False
hpmcounter4,231,0.0011844117484287528,0.004589803853038817,False
hpmcounter4,232,0.0007013455481381345,0.0024907279356811097,False
hpmcounter4,233,0.000866075750074408,0.0036559751613859295,False
hpmcounter4,234,0.0012520398295136042,0.005217053202585364,False
hpmcounter4,235,0.0014213090565159618,0.005811354826819006,False
hpmcounter4,236,0.0013922675489622595,0.005623943718704996,False
hpmcounter4,237,0.0012108514247779313,0.004843458160456671,False
hpmcounter4,238,0.0009291532552439966,0.0036843408501402043,False
hpmcounter4,239,0.0006064227988161819,0.0023841929134382593,False
hpmcounter4,240,0.0003047765689390414,0.0011878465901669051,False
hpmcounter4,241,8.444233081932552e-05,0.0003261494178998383,False
hpmcounter4,242,0.0,1e-06,True
hpmcounter4,243,8.323311984158947e-05,0.0003156639177002682,False
hpmcounter4,244,0.00030090376282299167,0.001152815622965782,False
hpmcounter4,245,0.0006406683817805408,0.0021142637001784117,False
hpmcounter4,246,0.0011448265237519214,0.0032315323828407674,False
hpmcounter4,247,0.0017111454572662193,0.004459906568339608,False
hpmcounter4,248,0.001581270806287699,0.00399858022151876,False
hpmcounter4,249,0.0008379850501375952,0.002422732732239539,False
hpmcounter4,250,0.0005128282099899183,0.0015508045922860004,False
hpmcounter4,251,0.0007542787356087453,0.002454205832960568,False
hpmcounter4,252,0.0013714764976511383,0.004104437376595909,False
hpmcounter4,253,0.0015175400067007406,0.003648351235104443,False
hpmcounter4,254,0.0018037210070565453,0.0040715063439749925,False
hpmcounter4,255,0.0015667885710370839,0.0037676172354508142,False
hpmcounter4,256,0.0014223974908937427,0.004506368810576854,False
hpmcounter4,257,0.0007697008840033013,0.0028948496230133333,False
hpmcounter4,258,0.000337107905025118,0.0014004402044242269,False
hpmcounter4,259,0.00011511427155993809,0.00034470222201288123,False
hpmcounter4,260,0.0001093827589895506,0.0002774065055227747,False
hpmcounter4,261,0.00037073427615407097,0.001159653163542606,False
hpmcounter4,262,0.0009681977486182592,0.003408680817529798,False
hpmcounter4,263,0.0008604209467805782,0.003096923564114243,False
hpmcounter4,264,0.0011438701173942783,0.0027614340944885794,False
hpmcounter4,265,0.0010810781310099365,0.0026936015267315016,False
hpmcounter4,266,0.0010709310709607778,0.003038547960475177,False
hpmcounter4,267,0.001381220397017512,0.003217098725684246,False
hpmcounter4,268,0.0017817492225071598,0.0032874675700604564,False
hpmcounter4,269,0.002223501451574953,0.003909554872959501,False
hpmcounter4,270,0.0026426889444448954,0.0056298162879917435,False
hpmcounter4,271,0.0032025734268009477,0.006814316598887835,False
hpmcounter4,272,0.0030766337960889236,0.006890960605624626,False
hpmcounter4,273,0.002722356509198954,0.007281282015755571,False
hpmcounter4,274,0.0013838650737433632,0.003517412703714738,False
hpmcounter4,275,0.002439020200335595,0.004839212860773032,False
hpmcounter4,276,0.0031361771985708754,0.006653025018238068,False
hpmcounter4,277,0.0030331766960093954,0.006720335678091387,False
hpmcounter4,278,0.0028473691892091486,0.006367330981743956,False
hpmcounter4,279,0.0026410975254771213,0.00563930895896583,False
hpmcounter4,280,0.0019092900346655655,0.003954760911284922,False
hpmcounter4,281,0.0009092804717548156,0.0021848180332030404,False
hpmcounter4,282,0.0005657890970016278,0.0014418217330254104,False
hpmcounter4,283,0.0008295618837924638,0.002696514891466443,False
hpmcounter4,284,0.0012657139451598375,0.0043425856104552145,False
hpmcounter4,285,0.000969685157913989,0.003164682524308488,False
hpmcounter4,286,0.0008659185715972342,0.0021282787962798875,False
hpmcounter4,287,0.0009053636329638841,0.0026275479161468884,False
hpmcounter4,288,0.00045930745572235146,0.0015822514605519976,False
hpmcounter4,289,0.00016700190231346227,0.0007000412667319814,False
hpmcounter4,290,1.0343152090794603e-05,4.310308177508495e-05,False
hpmcounter4,291,3.1040693117537094e-05,0.00012935945896359974,False
hpmcounter4,292,0.00013650043751868769,0.0004029516077979994,False
hpmcounter4,293,0.0003725773872081229,0.0012583294886705921,False
hpmcounter4,294,0.0007635891952301202,0.002444223430991737,False
hpmcounter4,295,0.0009676110967830991,0.003517984956211161,False
hpmcounter4,296,0.001173836222416099,0.004337921893476217,False
hpmcounter4,297,0.0012646677599778137,0.004678287231516508,False
hpmcounter4,298,0.0007097881413076346,0.002353743202770576,False
hpmcounter5,10,0.11565841713169009,0.15187530808377867,False
hpmcounter5,11,0.12894944856173715,0.14612701639884865,False
hpmcounter5,12,0.029705404426835245,0.03559185034353681,False
hpmcounter5,13,0.04077373625089274,0.08212863414235444,False
hpmcounter5,14,0.025865370914415698,0.053164290266310026,False
hpmcounter5,15,0.020556912932172575,0.042212773839458394,False
hpmcounter5,16,0.016230575782449914,0.02992803634612758,False
hpmcounter5,17,0.006394422466609581,0.013383913047636779,False
hpmcounter5,18,0.007202181825545426,0.015423916183807552,False
hpmcounter5,19,0.00308963709976262,0.006554706682230316,False
hpmcounter5,20,0.010299650024440997,0.02029774465056932,False
hpmcounter5,21,0.008071241248313116,0.015915079521498017,False
hpmcounter5,22,0.005976995855202878,0.012370224564688339,False
hpmcounter5,23,0.0061332681652345135,0.011653458276714226,False
hpmcounter5,24,0.00666170393521863,0.014569604443737904,False
hpmcounter5,25,0.007219829114301508,0.017002735331537438,False
hpmcounter5,26,0.007073336030469629,0.015672027369565238,False
hpmcounter5,27,0.005734868257206191,0.0119780687040444,False
hpmcounter5,28,0.005001829907512487,0.008373931840203607,False
hpmcounter5,29,0.004343541812577572,0.008168477590533062,False
hpmcounter5,30,0.0033954429398758527,0.009331761336017437,False
hpmcounter5,31,0.004563650593246631,0.011771814435220919,False
hpmcounter5,32,0.005843328257398378,0.013687358400536927,False
hpmcounter5,33,0.00576113867245162,0.010670461920510535,False
hpmcounter5,34,0.00452759694882788,0.010300590925681904,False
hpmcounter5,35,0.006207917081062028,0.012395765258681914,False
hpmcounter5,36,0.007405557379630122,0.015363363423769438,False
hpmcounter5,37,0.00715504710683889,0.017031795960349802,False
hpmcounter5,38,0.004544027891082445,0.009696609175444395,False
hpmcounter5,39,0.005229956933630736,0.009409623324511103,False
hpmcounter5,40,0.005780313535986715,0.011452162271754298,False
hpmcounter5,41,0.004559890973512143,0.009376036288380145,False
hpmcounter5,42,0.003751293689743273,0.011003523437369692,False
hpmcounter5,43,0.002599824741850292,0.008771536429262617,False
hpmcounter5,44,0.002746362464440692,0.006983075826787163,False
hpmcounter5,45,0.0014280536564389025,0.0036270075918776487,False
hpmcounter5,46,0.0019213499801946539,0.005940574782845277,False
hpmcounter5,47,0.0018752783344874555,0.0043790036718553095,False
hpmcounter5,48,0.002166481628234033,0.0053983796600887935,False
hpmcounter5,49,0.004574423583445992,0.012344015198140624,False
hpmcounter5,50,0.0032540491903246004,0.009010511269841384,False
hpmcounter5,51,0.0013458295630623188,0.0033367809185973264,False
hpmcounter5,52,0.0008229980904379068,0.0016961730797277177,False
hpmcounter5,53,0.0012021204277736204,0.0033505219744712836,False
hpmcounter5,54,0.0024086967662706868,0.0059046054142545745,False
hpmcounter5,55,0.0029805851993571163,0.007608342026985979,False
hpmcounter5,56,0.002764621288431958,0.005531980121322089,False
hpmcounter5,57,0.003072096173655876,0.005798722519896583,False
hpmcounter5,58,0.003879416508127785,0.008703089809125354,False
hpmcounter5,59,0.004672629768688101,0.00959351103366242,False
hpmcounter5,60,0.005145496317844569,0.010469234155424683,False
hpmcounter5,61,0.004599476396392987,0.00896800701977825,False
hpmcounter5,62,0.005175748343303329,0.007484286910112571,False
hpmcounter5,63,0.0038025431036282165,0.004799301475625576,False
hpmcounter5,64,0.004435853609564127,0.005398516975399119,False
hpmcounter5,65,0.005217447052646042,0.00963503796523374,False
hpmcounter5,66,0.004277818723004487,0.009036826411196191,False
hpmcounter5,67,0.004485410212885603,0.008573755555363077,False
hpmcounter5,68,0.005591434676577353,0.00825990980873838,False
hpmcounter5,69,0.005242197375971711,0.007565888445623588,False
hpmcounter5,70,0.005336820447202525,0.007655917794895265,False
hpmcounter5,71,0.0035862607046230066,0.005397691733949869,False
hpmcounter5,72,0.002489482434396474,0.005222233990612805,False
hpmcounter5,73,0.0008149294913282357,0.001865747982933019,False
hpmcounter5,74,0.0006597256337080714,0.0016005172434066352,False
hpmcounter5,75,0.001281098798655871,0.004164304590710495,False
hpmcounter5,76,0.002083549759124069,0.007430445092480626,False
hpmcounter5,77,0.0019302802912959504,0.005875630005181482,False
hpmcounter5,78,0.0019000830611372783,0.004780006390100919,False
hpmcounter5,79,0.0020218398028891823,0.005844541166887556,False
hpmcounter5,80,0.0013299039762502093,0.0037890590913846303,False
hpmcounter5,81,0.0012467766755118715,0.0021441153709004196,False
hpmcounter5,82,0.001258805165408035,0.0028103603051571452,False
hpmcounter5,83,0.0017986968916758965,0.005027936447478779,False
hpmcounter5,84,0.001697274615201061,0.004553037210675234,False
hpmcounter5,85,0.00182964525428824,0.00560757991155502,False
hpmcounter5,86,0.001612003134632142,0.00380141542888805,False
hpmcounter5,87,0.0018745687381360842,0.003987654599355548,False
hpmcounter5,88,0.0009531321118017173,0.0021450690312747717,False
hpmcounter5,89,0.0009548886064385795,0.0026588358194844708,False
hpmcounter5,90,0.001093374296233567,0.00352978784439446,False
hpmcounter5,91,0.0006284846673154639,0.001849699876740057,False
hpmcounter5,92,0.0004011124792711694,0.0007021054720809559,False
hpmcounter5,93,0.0003518108238584651,0.0010568380740195124,False
hpmcounter5,94,0.0005698941148518942,0.0018098294710950594,False
hpmcounter5,95,0.0006797347914308863,0.0024713457745667677,False
hpmcounter5,96,0.00025340285473143603,0.0007222469707372554,False
hpmcounter5,97,6.906441859489491e-05,9.588467126088072e-05,False
hpmcounter5,98,4.659994784748625e-05,7.387367972008126e-05,False
hpmcounter5,99,5.193237322635583e-05,6.895779345452243e-05,False
hpmcounter5,100,4.2880851710752614e-05,5.930657280803783e-05,False
hpmcounter5,101,8.159829074705158e-05,0.00010332107844968624,False
hpmcounter5,102,8.321521029106994e-05,0.000106082288217062,False
hpmcounter5,103,0.00013704613069616246,0.0002941617018396215,False
hpmcounter5,104,0.0004208308588920328,0.0015621508182640795,False
hpmcounter5,105,0.00036938462220451404,0.0013872745525470465,False
hpmcounter5,106,0.0002865750399269078,0.0009799989563702874,False
hpmcounter5,107,0.00024610680641296283,0.0006910097859980314,False
hpmcounter5,108,0.00015979856989527803,0.0003328177187900423,False
hpmcounter5,109,0.00016306739625462772,0.0003694182836688108,False
hpmcounter5,110,0.0002497156278348293,0.0007381450230214874,False
hpmcounter5,111,0.000398773745725843,0.0012776622367573671,False
hpmcounter5,112,0.0005312099442637201,0.00206283151275309,False
hpmcounter5,113,0.0002570095637804388,0.0007959500612598907,False
hpmcounter5,114,7.006352940705931e-05,7.02630728464546e-05,False
hpmcounter5,115,9.953116675096455e-05,0.00010360660390470991,False
hpmcounter5,116,0.0002245302839203575,0.000598808146704819,False
hpmcounter5,117,0.0007161272284144334,0.0020850288184829082,False
hpmcounter5,118,0.0006330775764240323,0.0013172930993962848,False
hpmcounter5,119,0.000646882717967189,0.001182649924717626,False
hpmcounter5,120,0.0004394338773776298,0.0007324604237892929,False
hpmcounter5,121,0.00031415587217155795,0.00044778216778834423,False
hpmcounter5,122,0.00022890819352176412,0.0004278029564829109,False
hpmcounter5,123,0.00030395403309587684,0.0004591901261133518,False
hpmcounter5,124,0.0005629668997520621,0.000731491397606682,False
hpmcounter5,125,0.0009253887145153723,0.001925752243935617,False
hpmcounter5,126,0.00061893003331007,0.0008175762493445622,False
hpmcounter5,127,0.0003708038409137363,0.00048185333728819756,False
hpmcounter5,128,0.0003064373495803805,0.00044428093593488794,False
hpmcounter5,129,0.000235670194185801,0.00032324925023496085,False
hpmcounter5,130,0.00025279089586189196,0.0004849763191039162,False
hpmcounter5,131,0.0002974865789964612,0.0007097704505396579,False
hpmcounter5,132,0.00041669290580057536,0.0008893099719786431,False
hpmcounter5,133,0.00039058573832451924,0.0006502551778726551,False
hpmcounter5,134,0.0003528235325779258,0.0006896222123190615,False
hpmcounter5,135,0.0003842610469268321,0.0008245243168191038,False
hpmcounter5,136,0.00038735300813502597,0.0006431934874968255,False
hpmcounter5,137,0.0005243765793717132,0.0014045565234347647,False
hpmcounter5,138,0.0005047296577057085,0.0008397784882278014,False
hpmcounter5,139,0.000913041684334567,0.00198406900064911,False
hpmcounter5,140,0.0013220855905985468,0.003066212928114923,False
hpmcounter5,141,0.0017853965790364215,0.004253214776341571,False
hpmcounter5,142,0.002196769852031014,0.005472735511554229,False
hpmcounter5,143,0.0027351285845786293,0.006241768787254634,False
hpmcounter5,144,0.003286272536951652,0.0063854286404017606,False
hpmcounter5,145,0.0032794038019302446,0.005496706014215287,False
hpmcounter5,146,0.0022016668778326665,0.003406505681954783,False
hpmcounter5,147,0.0031088931110062365,0.006862806267908508,False
hpmcounter5,148,0.0030976752994040873,0.007186835422981111,False
hpmcounter5,149,0.003090336785135581,0.007295213026672975,False
hpmcounter5,150,0.003504000395419285,0.007063013782697528,False
hpmcounter5,151,0.0031883022146522327,0.004964500890075684,False
hpmcounter5,152,0.0025979025260947945,0.0036972470442624434,False
hpmcounter5,153,0.002261691870814657,0.0030713210767573,False
hpmcounter5,154,0.0025355371882402077,0.004988259721234876,False
hpmcounter5,155,0.0027172381883424413,0.006564603109468775,False
hpmcounter5,156,0.0021550915681504187,0.005051449725781133,False
hpmcounter5,157,0.0020305044540138532,0.003548999948344659,False
hpmcounter5,158,0.0019108598346007466,0.003988838167409769,False
hpmcounter5,159,0.001741802188088799,0.00401575736241735,False
hpmcounter5,160,0.001865958447161232,0.004768413271790045,False
hpmcounter5,161,0.0020178328266434514,0.005797111279463781,False
hpmcounter5,162,0.0013980036929769784,0.0027668088704686706,False
hpmcounter5,163,0.0012113731648851524,0.002920178684274316,False
hpmcounter5,164,0.0020355148863463596,0.004355942762563942,False
hpmcounter5,165,0.0021621036894972985,0.005897949833340332,False
hpmcounter5,166,0.0019135331357222865,0.0048248244522707305,False
hpmcounter5,167,0.0017980394656696389,0.004065428291435709,False
hpmcounter5,168,0.0014768742612912653,0.0029425387762268707,False
hpmcounter5,169,0.0011891688742801908,0.002162865916329468,False
hpmcounter5,170,0.0008601065928289782,0.001887912733185381,False
hpmcounter5,171,0.0005952691194224995,0.001216015837251812,False
hpmcounter5,172,0.0008921470611925854,0.0021184975063253857,False
hpmcounter5,173,0.001660890179995054,0.0033927953345290773,False
hpmcounter5,174,0.001842306313240214,0.003869411062660015,False
hpmcounter5,175,0.0016802281355545485,0.003092012479762182,False
hpmcounter5,176,0.0010668763931537865,0.002324207758425828,False
hpmcounter5,177,0.0009368813077103615,0.0022203822322774524,False
hpmcounter5,178,0.0006830065308452448,0.0012195801180794948,False
hpmcounter5,179,0.0007714540645639581,0.001711073752856988,False
hpmcounter5,180,0.0013007775919624545,0.002780851988460794,False
hpmcounter5,181,0.0014439074808274305,0.0027715605611087317,False
hpmcounter5,182,0.0012058574363843881,0.003049124030093524,False
hpmcounter5,183,0.0006033267134685578,0.001942993650745651,False
hpmcounter5,184,0.0004400312653596404,0.0011137397289520375,False
hpmcounter5,185,0.0005474214218018812,0.0020623556522700237,False
hpmcounter5,186,0.0009380660752591757,0.003737721677321436,False
hpmcounter5,187,0.0013056993812295083,0.00511423290137354,False
hpmcounter5,188,0.0015998340427371967,0.0062253994162548175,False
hpmcounter5,189,0.0016283374354463544,0.006445537537496793,False
hpmcounter5,190,0.0007528883544197436,0.00267558124647437,False
hpmcounter5,191,0.0004013135218759988,0.0008564129527404886,False
hpmcounter5,192,0.0013357430713624974,0.00420195149246902,False
hpmcounter5,193,0.0024674759503176096,0.007883617526029152,False
hpmcounter5,194,0.002644647584113873,0.007670591582159658,False
hpmcounter5,195,0.0019725547216268386,0.005648764821880859,False
hpmcounter5,196,0.0011894413176534,0.003199822751319374,False
hpmcounter5,197,0.0004846084224300872,0.0013762159572022529,False
hpmcounter5,198,0.0006372081209309029,0.0020961697681553,False
hpmcounter5,199,0.000962283936289407,0.0035743238342590645,False
hpmcounter5,200,0.0012564865254658304,0.004842275249678819,False
hpmcounter5,201,0.0008028131572656154,0.0030372540342054025,False
hpmcounter5,202,0.0005997649800804103,0.0015020360170216259,False
hpmcounter5,203,0.0005709651129525904,0.0015642222582407015,False
hpmcounter5,204,0.0003707331655973665,0.00104157737315031,False
hpmcounter5,205,0.00033220914467730153,0.000802203450781171,False
hpmcounter5,206,0.00019251105213771626,0.0003329175152133986,False
hpmcounter5,207,0.0003598817375737304,0.001009239674642564,False
hpmcounter5,208,0.0006246055079453654,0.0021336169268440174,False
hpmcounter5,209,0.0003956616874488999,0.0011228086699318618,False
hpmcounter5,210,0.0002904064453812761,0.000619734755545618,False
hpmcounter5,211,0.0005649003524082222,0.0017212141559646216,False
hpmcounter5,212,0.0003651356476702201,0.0013859416462003043,False
hpmcounter5,213,0.00011346742974560606,0.00035894117499981254,False
hpmcounter5,214,0.0002581373976219799,0.0008818949706448226,False
hpmcounter5,215,0.00032714396711806397,0.0011779914863351748,False
hpmcounter5,216,0.0004412671539994523,0.0017048587679366876,False
hpmcounter5,217,0.00015613892090645182,0.0005028066733150635,False
hpmcounter5,218,3.7275492200401406e-05,4.970655706821699e-05,False
hpmcounter5,219,5.993025411793922e-05,5.990664281598204e-05,False
hpmcounter5,220,4.5379120727974506e-05,5.267403042745401e-05,False
hpmcounter5,221,3.639377369514506e-05,4.4499113187383296e-05,False
hpmcounter5,222,6.254355014678182e-05,6.612661588351892e-05,False
hpmcounter5,223,0.00015303914516924077,0.0004621168578944765,False
hpmcounter5,224,0.00022530890095197797,0.0005432239320758717,False
hpmcounter5,225,0.00038395951203195244,0.0014063384076083375,False
hpmcounter5,226,0.0007524369793762335,0.002989373412904408,False
hpmcounter5,227,0.0010937374949384032,0.004437428416302612,False
hpmcounter5,228,0.001334448027681425,0.005267084573037172,False
hpmcounter5,229,0.0015163326192698726,0.006047412733385673,False
hpmcounter5,230,0.0014877866100942868,0.005780177234014495,False
hpmcounter5,231,0.0013888117858593726,0.005230795082467561,False
hpmcounter5,232,0.000954403726347508,0.0034004404986859526,False
hpmcounter5,233,0.0009119007023870581,0.003397920838088929,False
hpmcounter5,234,0.0013062942414681115,0.005280586144400416,False
hpmcounter5,235,0.0016514675479523972,0.006774079192278805,False
hpmcounter5,236,0.0015139884382527739,0.0060868543716106815,False
hpmcounter5,237,0.0013216964372353584,0.005173630156680443,False
hpmcounter5,238,0.0010810516536022316,0.004167731056508884,False
hpmcounter5,239,0.0007249419283477127,0.0025295121742129707,False
hpmcounter5,240,0.0004182006369965678,0.001395895337460279,False
hpmcounter5,241,0.0001556013557566909,0.0003273848553943572,False
hpmcounter5,242,6.858005464889668e-05,9.145561988499441e-05,False
hpmcounter5,243,0.00011916612170233159,0.0003213958577095838,False
hpmcounter5,244,0.0003087608171665843,0.001083368009872258,False
hpmcounter5,245,0.0005624072880246894,0.0018191252215702097,False
hpmcounter5,246,0.0009967122959532305,0.0028986667237257016,False
hpmcounter5,247,0.0014302996985821321,0.0037888053686562454,False
hpmcounter5,248,0.0013509932384837419,0.003428381831321288,False
hpmcounter5,249,0.000686617743211107,0.0021174204457299717,False
hpmcounter5,250,0.0005719459840175827,0.0014267629499058842,False
hpmcounter5,251,0.0007300601478863708,0.002272309539073053,False
hpmcounter5,252,0.0011529572616336954,0.0035730945174177035,False
hpmcounter5,253,0.0012826320471065213,0.003013020552065315,False
hpmcounter5,254,0.001554153059856343,0.0035814307267329824,False
hpmcounter5,255,0.0013815115594694955,0.003266844879382242,False
hpmcounter5,256,0.001304711786831047,0.004075366952277105,False
hpmcounter5,257,0.0007595173837663268,0.002642132642782078,False
hpmcounter5,258,0.00033411391960047447,0.0009986458759323527,False
hpmcounter5,259,0.00022650596867041078,0.0004653154357198529,False
hpmcounter5,260,0.00018453614996500207,0.0003402588963604427,False
hpmcounter5,261,0.00039617887264871995,0.0010432404612150652,False
hpmcounter5,262,0.0009783231241531844,0.0031681440568321786,False
hpmcounter5,263,0.0007791397114547495,0.002532587854609116,False
hpmcounter5,264,0.001016364669720184,0.0023356925981567263,False
hpmcounter5,265,0.0009303678956837771,0.0020348167565615123,False
hpmcounter5,266,0.0009366560462497713,0.0026095192171320374,False
hpmcounter5,267,0.0011568683157600831,0.0028570186785319787,False
hpmcounter5,268,0.001526960617223026,0.002956896301601032,False
hpmcounter5,269,0.0020365768774722667,0.003642656165063998,False
hpmcounter5,270,0.0022814313328678297,0.0049289447608632,False
hpmcounter5,271,0.003083608743623096,0.006709881030549419,False
hpmcounter5,272,0.003189976318762814,0.007088611187608345,False
hpmcounter5,273,0.002806324079012991,0.007232382444095918,False
hpmcounter5,274,0.0013180138539149514,0.0031803695618214073,False
hpmcounter5,275,0.0021942287041436955,0.004367149665134006,False
hpmcounter5,276,0.0029406748565411057,0.006515808805073987,False
hpmcounter5,277,0.002837773678260704,0.00658944025225722,False
hpmcounter5,278,0.0028410909046039665,0.00632879415731127,False
hpmcounter5,279,0.002561628570730928,0.005575070896058656,False
hpmcounter5,280,0.00188033393798726,0.003919666300153321,False
hpmcounter5,281,0.0007512116964506842,0.001724904244202477,False
hpmcounter5,282,0.000393680853311512,0.0008641768628812513,False
hpmcounter5,283,0.0006701889103175533,0.0021884087235528042,False
hpmcounter5,284,0.001121156305701776,0.0037489573392405365,False
hpmcounter5,285,0.0008866292969334279,0.0030740044299283295,False
hpmcounter5,286,0.000817159880855068,0.0020120411654035754,False
hpmcounter5,287,0.0008360063056552572,0.0021726337802464627,False
hpmcounter5,288,0.0003365299446799548,0.001016840257728083,False
hpmcounter5,289,0.00013558292953579824,0.00038204045583461343,False
hpmcounter5,290,5.848269498930028e-05,5.2425883848424123e-05,False
hpmcounter5,291,5.613495655242902e-05,9.154805689123478e-05,False
hpmcounter5,292,0.0001554727264428563,0.00040453105809550743,False
hpmcounter5,293,0.00033363573227146567,0.001138861539282252,False
hpmcounter5,294,0.0007082983586440735,0.002239343638660659,False
hpmcounter5,295,0.0008087811040055392,0.0028629770489454827,False
hpmcounter5,296,0.0010277230357804011,0.003649575439185477,False
hpmcounter5,297,0.0010393729163279402,0.0037980379743531843,False
hpmcounter5,298,0.0006266604548391219,0.0019357087401279099,False
hpmcounter6,10,0.0,1e-06,True
hpmcounter6,11,0.0,1e-06,True
hpmcounter6,12,0.0,1e-06,True
hpmcounter6,13,0.0,1e-06,True
hpmcounter6,14,0.0,1e-06,True
hpmcounter6,15,0.0,1e-06,True
hpmcounter6,16,0.0,1e-06,True
hpmcounter6,17,0.0,1e-06,True
hpmcounter6,18,0.0,1e-06,True
hpmcounter6,19,0.0,1e-06,True
hpmcounter6,20,0.0,1e-06,True
hpmcounter6,21,0.0,1e-06,True
hpmcounter6,22,0.0,1e-06,True
hpmcounter6,23,0.0,1e-06,True
hpmcounter6,24,0.0,1e-06,True
hpmcounter6,25,0.0,1e-06,True
hpmcounter6,26,0.0,1e-06,True
hpmcounter6,27,0.0,1e-06,True
hpmcounter6,28,0.0,1e-06,True
hpmcounter6,29,0.0,1e-06,True
hpmcounter6,30,0.0,1e-06,True
hpmcounter6,31,0.0,1e-06,True
hpmcounter6,32,0.0,1e-06,True
hpmcounter6,33,0.0,1e-06,True
hpmcounter6,34,0.0,1e-06,True
hpmcounter6,35,0.0,1e-06,True
hpmcounter6,36,0.0,1e-06,True
hpmcounter6,37,0.0,1e-06,True
hpmcounter6,38,0.0,1e-06,True
hpmcounter6,39,0.0,1e-06,True
hpmcounter6,40,0.0,1e-06,True
hpmcounter6,41,0.0,1e-06,True
hpmcounter6,42,0.0,1e-06,True
hpmcounter6,43,0.0,1e-06,True
hpmcounter6,44,0.0,1e-06,True
hpmcounter6,45,0.0,1e-06,True
hpmcounter6,46,0.0,1e-06,True
hpmcounter6,47,0.0,1e-06,True
hpmcounter6,48,0.0,1e-06,True
hpmcounter6,49,0.0,1e-06,True
hpmcounter6,50,0.0,1e-06,True
hpmcounter6,51,0.0,1e-06,True
hpmcounter6,52,0.0,1e-06,True
hpmcounter6,53,0.0,1e-06,True
hpmcounter6,54,0.0,1e-06,True
hpmcounter6,55,0.0,1e-06,True
hpmcounter6,56,0.0,1e-06,True
hpmcounter6,57,0.0,1e-06,True
hpmcounter6,58,0.0,1e-06,True
hpmcounter6,59,0.0,1e-06,True
hpmcounter6,60,0.0,1e-06,True
hpmcounter6,61,0.0,1e-06,True
hpmcounter6,62,0.0,1e-06,True
hpmcounter6,63,0.0,1e-06,True
hpmcounter6,64,0.0,1e-06,True
hpmcounter6,65,0.0,1e-06,True
hpmcounter6,66,0.0,1e-06,True
hpmcounter6,67,0.0,1e-06,True
hpmcounter6,68,0.0,1e-06,True
hpmcounter6,69,0.0,1e-06,True
hpmcounter6,70,0.0,1e-06,True
hpmcounter6,71,0.0,1e-06,True
hpmcounter6,72,0.0,1e-06,True
hpmcounter6,73,0.0,1e-06,True
hpmcounter6,74,0.0,1e-06,True
hpmcounter6,75,0.0,1e-06,True
hpmcounter6,76,0.0,1e-06,True
hpmcounter6,77,0.0,1e-06,True
hpmcounter6,78,0.0,1e-06,True
hpmcounter6,79,0.0,1e-06,True
hpmcounter6,80,0.0,1e-06,True
hpmcounter6,81,0.0,1e-06,True
hpmcounter6,82,0.0,1e-06,True
hpmcounter6,83,0.0,1e-06,True
hpmcounter6,84,0.0,1e-06,True
hpmcounter6,85,0.0,1e-06,True
hpmcounter6,86,0.0,1e-06,True
hpmcounter6,87,0.0,1e-06,True
hpmcounter6,88,0.0,1e-06,True
hpmcounter6,89,0.0,1e-06,True
hpmcounter6,90,0.0,1e-06,True
hpmcounter6,91,0.0,1e-06,True
hpmcounter6,92,0.0,1e-06,True
hpmcounter6,93,0.0,1e-06,True
hpmcounter6,94,0.0,1e-06,True
hpmcounter6,95,0.0,1e-06,True
hpmcounter6,96,0.0,1e-06,True
hpmcounter6,97,0.0,1e-06,True
hpmcounter6,98,0.0,1e-06,True
hpmcounter6,99,0.0,1e-06,True
hpmcounter6,100,0.0,1e-06,True
hpmcounter6,101,0.0,1e-06,True
hpmcounter6,102,0.0,1e-06,True
hpmcounter6,103,0.0,1e-06,True
hpmcounter6,104,0.0,1e-06,True
hpmcounter6,105,0.0,1e-06,True
hpmcounter6,106,0.0,1e-06,True
hpmcounter6,107,0.0,1e-06,True
hpmcounter6,108,0.0,1e-06,True
hpmcounter6,109,0.0,1e-06,True
hpmcounter6,110,0.0,1e-06,True
hpmcounter6,111,0.0,1e-06,True
hpmcounter6,112,0.0,1e-06,True
hpmcounter6,113,0.0,1e-06,True
hpmcounter6,114,0.0,1e-06,True
hpmcounter6,115,0.0,1e-06,True
hpmcounter6,116,0.0,1e-06,True
hpmcounter6,117,0.0,1e-06,True
hpmcounter6,118,0.0,1e-06,True
hpmcounter6,119,0.0,1e-06,True
hpmcounter6,120,0.0,1e-06,True
hpmcounter6,121,0.0,1e-06,True
hpmcounter6,122,0.0,1e-06,True
hpmcounter6,123,0.0,1e-06,True
hpmcounter6,124,0.0,1e-06,True
hpmcounter6,125,0.0,1e-06,True
hpmcounter6,126,0.0,1e-06,True
hpmcounter6,127,0.0,1e-06,True
hpmcounter6,128,0.0,1e-06,True
hpmcounter6,129,0.0,1e-06,True
hpmcounter6,130,0.0,1e-06,True
hpmcounter6,131,0.0,1e-06,True
hpmcounter6,132,0.0,1e-06,True
hpmcounter6,133,0.0,1e-06,True
hpmcounter6,134,0.0,1e-06,True
hpmcounter6,135,0.0,1e-06,True
hpmcounter6,136,0.0,1e-06,True
hpmcounter6,137,0.0,1e-06,True
hpmcounter6,138,0.0,1e-06,True
hpmcounter6,139,0.0,1e-06,True
hpmcounter6,140,0.0,1e-06,True
hpmcounter6,141,0.0,1e-06,True
hpmcounter6,142,0.0,1e-06,True
hpmcounter6,143,0.0,1e-06,True
hpmcounter6,144,0.0,1e-06,True
hpmcounter6,145,0.0,1e-06,True
hpmcounter6,146,0.0,1e-06,True
hpmcounter6,147,0.0,1e-06,True
hpmcounter6,148,0.0,1e-06,True
hpmcounter6,149,0.0,1e-06,True
hpmcounter6,150,0.0,1e-06,True
hpmcounter6,151,0.0,1e-06,True
hpmcounter6,152,0.0,1e-06,True
hpmcounter6,153,0.0,1e-06,True
hpmcounter6,154,0.0,1e-06,True
hpmcounter6,155,0.0,1e-06,True
hpmcounter6,156,0.0,1e-06,True
hpmcounter6,157,0.0,1e-06,True
hpmcounter6,158,0.0,1e-06,True
hpmcounter6,159,0.0,1e-06,True
hpmcounter6,160,0.0,1e-06,True
hpmcounter6,161,0.0,1e-06,True
hpmcounter6,162,0.0,1e-06,True
hpmcounter6,163,0.0,1e-06,True
hpmcounter6,164,0.0,1e-06,True
hpmcounter6,165,0.0,1e-06,True
hpmcounter6,166,0.0,1e-06,True
hpmcounter6,167,0.0,1e-06,True
hpmcounter6,168,0.0,1e-06,True
hpmcounter6,169,0.0,1e-06,True
hpmcounter6,170,0.0,1e-06,True
hpmcounter6,171,0.0,1e-06,True
hpmcounter6,172,0.0,1e-06,True
hpmcounter6,173,0.0,1e-06,True
hpmcounter6,174,0.0,1e-06,True
hpmcounter6,175,0.0,1e-06,True
hpmcounter6,176,0.0,1e-06,True
hpmcounter6,177,0.0,1e-06,True
hpmcounter6,178,0.0,1e-06,True
hpmcounter6,179,0.0,1e-06,True
hpmcounter6,180,0.0,1e-06,True
hpmcounter6,181,0.0,1e-06,True
hpmcounter6,182,0.0,1e-06,True
hpmcounter6,183,0.0,1e-06,True
hpmcounter6,184,0.0,1e-06,True
hpmcounter6,185,0.0,1e-06,True
hpmcounter6,186,0.0,1e-06,True
hpmcounter6,187,0.0,1e-06,True
hpmcounter6,188,0.0,1e-06,True
hpmcounter6,189,0.0,1e-06,True
hpmcounter6,190,0.0,1e-06,True
hpmcounter6,191,0.0,1e-06,True
hpmcounter6,192,0.0,1e-06,True
hpmcounter6,193,0.0,1e-06,True
hpmcounter6,194,0.0,1e-06,True
hpmcounter6,195,0.0,1e-06,True
hpmcounter6,196,0.0,1e-06,True
hpmcounter6,197,0.0,1e-06,True
hpmcounter6,198,0.0,1e-06,True
hpmcounter6,199,0.0,1e-06,True
hpmcounter6,200,0.0,1e-06,True
hpmcounter6,201,0.0,1e-06,True
hpmcounter6,202,0.0,1e-06,True
hpmcounter6,203,0.0,1e-06,True
hpmcounter6,204,0.0,1e-06,True
hpmcounter6,205,0.0,1e-06,True
hpmcounter6,206,0.0,1e-06,True
hpmcounter6,207,0.0,1e-06,True
hpmcounter6,208,0.0,1e-06,True
hpmcounter6,209,0.0,1e-06,True
hpmcounter6,210,0.0,1e-06,True
hpmcounter6,211,0.0,1e-06,True
hpmcounter6,212,0.0,1e-06,True
hpmcounter6,213,0.0,1e-06,True
hpmcounter6,214,0.0,1e-06,True
hpmcounter6,215,0.0,1e-06,True
hpmcounter6,216,0.0,1e-06,True
hpmcounter6,217,0.0,1e-06,True
hpmcounter6,218,0.0,1e-06,True
hpmcounter6,219,0.0,1e-06,True
hpmcounter6,220,0.0,1e-06,True
hpmcounter6,221,0.0,1e-06,True
hpmcounter6,222,0.0,1e-06,True
hpmcounter6,223,0.0,1e-06,True
hpmcounter6,224,0.0,1e-06,True
hpmcounter6,225,0.0,1e-06,True
hpmcounter6,226,0.0,1e-06,True
hpmcounter6,227,0.0,1e-06,True
hpmcounter6,228,0.0,1e-06,True
hpmcounter6,229,0.0,1e-06,True
hpmcounter6,230,0.0,1e-06,True
hpmcounter6,231,0.0,1e-06,True
hpmcounter6,232,0.0,1e-06,True
hpmcounter6,233,0.0,1e-06,True
hpmcounter6,234,0.0,1e-06,True
hpmcounter6,235,0.0,1e-06,True
hpmcounter6,236,0.0,1e-06,True
hpmcounter6,237,0.0,1e-06,True
hpmcounter6,238,0.0,1e-06,True
hpmcounter6,239,0.0,1e-06,True
hpmcounter6,240,0.0,1e-06,True
hpmcounter6,241,0.0,1e-06,True
hpmcounter6,242,0.0,1e-06,True
hpmcounter6,243,0.0,1e-06,True
hpmcounter6,244,0.0,1e-06,True
hpmcounter6,245,0.0,1e-06,True
hpmcounter6,246,0.0,1e-06,True
hpmcounter6,247,0.0,1e-06,True
hpmcounter6,248,0.0,1e-06,True
hpmcounter6,249,0.0,1e-06,True
hpmcounter6,250,0.0,1e-06,True
hpmcounter6,251,0.0,1e-06,True
hpmcounter6,252,0.0,1e-06,True
hpmcounter6,253,0.0,1e-06,True
hpmcounter6,254,0.0,1e-06,True
hpmcounter6,255,0.0,1e-06,True
hpmcounter6,256,0.0,1e-06,True
hpmcounter6,257,0.0,1e-06,True
hpmcounter6,258,0.0,1e-06,True
hpmcounter6,259,0.0,1e-06,True
hpmcounter6,260,0.0,1e-06,True
hpmcounter6,261,0.0,1e-06,True
hpmcounter6,262,0.0,1e-06,True
hpmcounter6,263,0.0,1e-06,True
hpmcounter6,264,0.0,1e-06,True
hpmcounter6,265,0.0,1e-06,True
hpmcounter6,266,0.0,1e-06,True
hpmcounter6,267,0.0,1e-06,True
hpmcounter6,268,0.0,1e-06,True
hpmcounter6,269,0.0,1e-06,True
hpmcounter6,270,0.0,1e-06,True
hpmcounter6,271,0.0,1e-06,True
hpmcounter6,272,0.0,1e-06,True
hpmcounter6,273,0.0,1e-06,True
hpmcounter6,274,0.0,1e-06,True
hpmcounter6,275,0.0,1e-06,True
hpmcounter6,276,0.0,1e-06,True
hpmcounter6,277,0.0,1e-06,True
hpmcounter6,278,0.0,1e-06,True
hpmcounter6,279,0.0,1e-06,True
hpmcounter6,280,0.0,1e-06,True
hpmcounter6,281,0.0,1e-06,True
hpmcounter6,282,0.0,1e-06,True
hpmcounter6,283,0.0,1e-06,True
hpmcounter6,284,0.0,1e-06,True
hpmcounter6,285,0.0,1e-06,True
hpmcounter6,286,0.0,1e-06,True
hpmcounter6,287,0.0,1e-06,True
hpmcounter6,288,0.0,1e-06,True
hpmcounter6,289,0.0,1e-06,True
hpmcounter6,290,0.0,1e-06,True
hpmcounter6,291,0.0,1e-06,True
hpmcounter6,292,0.0,1e-06,True
hpmcounter6,293,0.0,1e-06,True
hpmcounter6,294,0.0,1e-06,True
hpmcounter6,295,0.0,1e-06,True
hpmcounter6,296,0.0,1e-06,True
hpmcounter6,297,0.0,1e-06,True
hpmcounter6,298,0.0,1e-06,True
hpmcounter7,10,0.0,1e-06,True
hpmcounter7,11,0.0,1e-06,True
hpmcounter7,12,0.0,1e-06,True
hpmcounter7,13,0.0,1e-06,True
hpmcounter7,14,0.0,1e-06,True
hpmcounter7,15,0.0,1e-06,True
hpmcounter7,16,0.0,1e-06,True
hpmcounter7,17,0.0,1e-06,True
hpmcounter7,18,0.0,1e-06,True
hpmcounter7,19,0.0,1e-06,True
hpmcounter7,20,0.0,1e-06,True
hpmcounter7,21,0.0,1e-06,True
hpmcounter7,22,0.0,1e-06,True
hpmcounter7,23,0.0,1e-06,True
hpmcounter7,24,0.0,1e-06,True
hpmcounter7,25,0.0,1e-06,True
hpmcounter7,26,0.0,1e-06,True
hpmcounter7,27,0.0,1e-06,True
hpmcounter7,28,0.0,1e-06,True
hpmcounter7,29,0.0,1e-06,True
hpmcounter7,30,0.0,1e-06,True
hpmcounter7,31,0.0,1e-06,True
hpmcounter7,32,0.0,1e-06,True
hpmcounter7,33,0.0,1e-06,True
hpmcounter7,34,0.0,1e-06,True
hpmcounter7,35,0.0,1e-06,True
hpmcounter7,36,0.0,1e-06,True
hpmcounter7,37,0.0,1e-06,True
hpmcounter7,38,0.0,1e-06,True
hpmcounter7,39,0.0,1e-06,True
hpmcounter7,40,0.0,1e-06,True
hpmcounter7,41,0.0,1e-06,True
hpmcounter7,42,0.0,1e-06,True
hpmcounter7,43,0.0,1e-06,True
hpmcounter7,44,0.0,1e-06,True
hpmcounter7,45,0.0,1e-06,True
hpmcounter7,46,0.0,1e-06,True
hpmcounter7,47,0.0,1e-06,True
hpmcounter7,48,0.0,1e-06,True
hpmcounter7,49,0.0,1e-06,True
hpmcounter7,50,0.0,1e-06,True
hpmcounter7,51,0.0,1e-06,True
hpmcounter7,52,0.0,1e-06,True
hpmcounter7,53,0.0,1e-06,True
hpmcounter7,54,0.0,1e-06,True
hpmcounter7,55,0.0,1e-06,True
hpmcounter7,56,0.0,1e-06,True
hpmcounter7,57,0.0,1e-06,True
hpmcounter7,58,0.0,1e-06,True
hpmcounter7,59,0.0,1e-06,True
hpmcounter7,60,0.0,1e-06,True
hpmcounter7,61,0.0,1e-06,True
hpmcounter7,62,0.0,1e-06,True
hpmcounter7,63,0.0,1e-06,True
hpmcounter7,64,0.0,1e-06,True
hpmcounter7,65,0.0,1e-06,True
hpmcounter7,66,0.0,1e-06,True
hpmcounter7,67,0.0,1e-06,True
hpmcounter7,68,0.0,1e-06,True
hpmcounter7,69,0.0,1e-06,True
hpmcounter7,70,0.0,1e-06,True
hpmcounter7,71,0.0,1e-06,True
hpmcounter7,72,0.0,1e-06,True
hpmcounter7,73,0.0,1e-06,True
hpmcounter7,74,0.0,1e-06,True
hpmcounter7,75,0.0,1e-06,True
hpmcounter7,76,0.0,1e-06,True
hpmcounter7,77,0.0,1e-06,True
hpmcounter7,78,0.0,1e-06,True
hpmcounter7,79,0.0,1e-06,True
hpmcounter7,80,0.0,1e-06,True
hpmcounter7,81,0.0,1e-06,True
hpmcounter7,82,0.0,1e-06,True
hpmcounter7,83,0.0,1e-06,True
hpmcounter7,84,0.0,1e-06,True
hpmcounter7,85,0.0,1e-06,True
hpmcounter7,86,0.0,1e-06,True
hpmcounter7,87,0.0,1e-06,True
hpmcounter7,88,0.0,1e-06,True
hpmcounter7,89,0.0,1e-06,True
hpmcounter7,90,0.0,1e-06,True
hpmcounter7,91,0.0,1e-06,True
hpmcounter7,92,0.0,1e-06,True
hpmcounter7,93,0.0,1e-06,True
hpmcounter7,94,0.0,1e-06,True
hpmcounter7,95,0.0,1e-06,True
hpmcounter7,96,0.0,1e-06,True
hpmcounter7,97,0.0,1e-06,True
hpmcounter7,98,0.0,1e-06,True
hpmcounter7,99,0.0,1e-06,True
hpmcounter7,100,0.0,1e-06,True
hpmcounter7,101,0.0,1e-06,True
hpmcounter7,102,0.0,1e-06,True
hpmcounter7,103,0.0,1e-06,True
hpmcounter7,104,0.0,1e-06,True
hpmcounter7,105,0.0,1e-06,True
hpmcounter7,106,0.0,1e-06,True
hpmcounter7,107,0.0,1e-06,True
hpmcounter7,108,0.0,1e-06,True
hpmcounter7,109,0.0,1e-06,True
hpmcounter7,110,0.0,1e-06,True
hpmcounter7,111,0.0,1e-06,True
hpmcounter7,112,0.0,1e-06,True
hpmcounter7,113,0.0,1e-06,True
hpmcounter7,114,0.0,1e-06,True
hpmcounter7,115,0.0,1e-06,True
hpmcounter7,116,0.0,1e-06,True
hpmcounter7,117,0.0,1e-06,True
hpmcounter7,118,0.0,1e-06,True
hpmcounter7,119,0.0,1e-06,True
hpmcounter7,120,0.0,1e-06,True
hpmcounter7,121,0.0,1e-06,True
hpmcounter7,122,0.0,1e-06,True
hpmcounter7,123,0.0,1e-06,True
hpmcounter7,124,0.0,1e-06,True
hpmcounter7,125,0.0,1e-06,True
hpmcounter7,126,0.0,1e-06,True
hpmcounter7,127,0.0,1e-06,True
hpmcounter7,128,0.0,1e-06,True
hpmcounter7,129,0.0,1e-06,True
hpmcounter7,130,0.0,1e-06,True
hpmcounter7,131,0.0,1e-06,True
hpmcounter7,132,0.0,1e-06,True
hpmcounter7,133,0.0,1e-06,True
hpmcounter7,134,0.0,1e-06,True
hpmcounter7,135,0.0,1e-06,True
hpmcounter7,136,0.0,1e-06,True
hpmcounter7,137,0.0,1e-06,True
hpmcounter7,138,0.0,1e-06,True
hpmcounter7,139,0.0,1e-06,True
hpmcounter7,140,0.0,1e-06,True
hpmcounter7,141,0.0,1e-06,True
hpmcounter7,142,0.0,1e-06,True
hpmcounter7,143,0.0,1e-06,True
hpmcounter7,144,0.0,1e-06,True
hpmcounter7,145,0.0,1e-06,True
hpmcounter7,146,0.0,1e-06,True
hpmcounter7,147,0.0,1e-06,True
hpmcounter7,148,0.0,1e-06,True
hpmcounter7,149,0.0,1e-06,True
hpmcounter7,150,0.0,1e-06,True
hpmcounter7,151,0.0,1e-06,True
hpmcounter7,152,0.0,1e-06,True
hpmcounter7,153,0.0,1e-06,True
hpmcounter7,154,0.0,1e-06,True
hpmcounter7,155,0.0,1e-06,True
hpmcounter7,156,0.0,1e-06,True
hpmcounter7,157,0.0,1e-06,True
hpmcounter7,158,0.0,1e-06,True
hpmcounter7,159,0.0,1e-06,True
hpmcounter7,160,0.0,1e-06,True
hpmcounter7,161,0.0,1e-06,True
hpmcounter7,162,0.0,1e-06,True
hpmcounter7,163,0.0,1e-06,True
hpmcounter7,164,0.0,1e-06,True
hpmcounter7,165,0.0,1e-06,True
hpmcounter7,166,0.0,1e-06,True
hpmcounter7,167,0.0,1e-06,True
hpmcounter7,168,0.0,1e-06,True
hpmcounter7,169,0.0,1e-06,True
hpmcounter7,170,0.0,1e-06,True
hpmcounter7,171,0.0,1e-06,True
hpmcounter7,172,0.0,1e-06,True
hpmcounter7,173,0.0,1e-06,True
hpmcounter7,174,0.0,1e-06,True
hpmcounter7,175,0.0,1e-06,True
hpmcounter7,176,0.0,1e-06,True
hpmcounter7,177,0.0,1e-06,True
hpmcounter7,178,0.0,1e-06,True
hpmcounter7,179,0.0,1e-06,True
hpmcounter7,180,0.0,1e-06,True
hpmcounter7,181,0.0,1e-06,True
hpmcounter7,182,0.0,1e-06,True
hpmcounter7,183,0.0,1e-06,True
hpmcounter7,184,0.0,1e-06,True
hpmcounter7,185,0.0,1e-06,True
hpmcounter7,186,0.0,1e-06,True
hpmcounter7,187,0.0,1e-06,True
hpmcounter7,188,0.0,1e-06,True
hpmcounter7,189,0.0,1e-06,True
hpmcounter7,190,0.0,1e-06,True
hpmcounter7,191,0.0,1e-06,True
hpmcounter7,192,0.0,1e-06,True
hpmcounter7,193,0.0,1e-06,True
hpmcounter7,194,0.0,1e-06,True
hpmcounter7,195,0.0,1e-06,True
hpmcounter7,196,0.0,1e-06,True
hpmcounter7,197,0.0,1e-06,True
hpmcounter7,198,0.0,1e-06,True
hpmcounter7,199,0.0,1e-06,True
hpmcounter7,200,0.0,1e-06,True
hpmcounter7,201,0.0,1e-06,True
hpmcounter7,202,0.0,1e-06,True
hpmcounter7,203,0.0,1e-06,True
hpmcounter7,204,0.0,1e-06,True
hpmcounter7,205,0.0,1e-06,True
hpmcounter7,206,0.0,1e-06,True
hpmcounter7,207,0.0,1e-06,True
hpmcounter7,208,0.0,1e-06,True
hpmcounter7,209,0.0,1e-06,True
hpmcounter7,210,0.0,1e-06,True
hpmcounter7,211,0.0,1e-06,True
hpmcounter7,212,0.0,1e-06,True
hpmcounter7,213,0.0,1e-06,True
hpmcounter7,214,0.0,1e-06,True
hpmcounter7,215,0.0,1e-06,True
hpmcounter7,216,0.0,1e-06,True
hpmcounter7,217,0.0,1e-06,True
hpmcounter7,218,0.0,1e-06,True
hpmcounter7,219,0.0,1e-06,True
hpmcounter7,220,0.0,1e-06,True
hpmcounter7,221,0.0,1e-06,True
hpmcounter7,222,0.0,1e-06,True
hpmcounter7,223,0.0,1e-06,True
hpmcounter7,224,0.0,1e-06,True
hpmcounter7,225,0.0,1e-06,True
hpmcounter7,226,0.0,1e-06,True
hpmcounter7,227,0.0,1e-06,True
hpmcounter7,228,0.0,1e-06,True
hpmcounter7,229,0.0,1e-06,True
hpmcounter7,230,0.0,1e-06,True
hpmcounter7,231,0.0,1e-06,True
hpmcounter7,232,0.0,1e-06,True
hpmcounter7,233,0.0,1e-06,True
hpmcounter7,234,0.0,1e-06,True
hpmcounter7,235,0.0,1e-06,True
hpmcounter7,236,0.0,1e-06,True
hpmcounter7,237,0.0,1e-06,True
hpmcounter7,238,0.0,1e-06,True
hpmcounter7,239,0.0,1e-06,True
hpmcounter7,240,0.0,1e-06,True
hpmcounter7,241,0.0,1e-06,True
hpmcounter7,242,0.0,1e-06,True
hpmcounter7,243,0.0,1e-06,True
hpmcounter7,244,0.0,1e-06,True
hpmcounter7,245,0.0,1e-06,True
hpmcounter7,246,0.0,1e-06,True
hpmcounter7,247,0.0,1e-06,True
hpmcounter7,248,0.0,1e-06,True
hpmcounter7,249,0.0,1e-06,True
hpmcounter7,250,0.0,1e-06,True
hpmcounter7,251,0.0,1e-06,True
hpmcounter7,252,0.0,1e-06,True
hpmcounter7,253,0.0,1e-06,True
hpmcounter7,254,0.0,1e-06,True
hpmcounter7,255,0.0,1e-06,True
hpmcounter7,256,0.0,1e-06,True
hpmcounter7,257,0.0,1e-06,True
hpmcounter7,258,0.0,1e-06,True
hpmcounter7,259,0.0,1e-06,True
hpmcounter7,260,0.0,1e-06,True
hpmcounter7,261,0.0,1e-06,True
hpmcounter7,262,0.0,1e-06,True
hpmcounter7,263,0.0,1e-06,True
hpmcounter7,264,0.0,1e-06,True
hpmcounter7,265,0.0,1e-06,True
hpmcounter7,266,0.0,1e-06,True
hpmcounter7,267,0.0,1e-06,True
hpmcounter7,268,0.0,1e-06,True
hpmcounter7,269,0.0,1e-06,True
hpmcounter7,270,0.0,1e-06,True
hpmcounter7,271,0.0,1e-06,True
hpmcounter7,272,0.0,1e-06,True
hpmcounter7,273,0.0,1e-06,True
hpmcounter7,274,0.0,1e-06,True
hpmcounter7,275,0.0,1e-06,True
hpmcounter7,276,0.0,1e-06,True
hpmcounter7,277,0.0,1e-06,True
hpmcounter7,278,0.0,1e-06,True
hpmcounter7,279,0.0,1e-06,True
hpmcounter7,280,0.0,1e-06,True
hpmcounter7,281,0.0,1e-06,True
hpmcounter7,282,0.0,1e-06,True
hpmcounter7,283,0.0,1e-06,True
hpmcounter7,284,0.0,1e-06,True
hpmcounter7,285,0.0,1e-06,True
hpmcounter7,286,0.0,1e-06,True
hpmcounter7,287,0.0,1e-06,True
hpmcounter7,288,0.0,1e-06,True
hpmcounter7,289,0.0,1e-06,True
hpmcounter7,290,0.0,1e-06,True
hpmcounter7,291,0.0,1e-06,True
hpmcounter7,292,0.0,1e-06,True
hpmcounter7,293,0.0,1e-06,True
hpmcounter7,294,0.0,1e-06,True
hpmcounter7,295,0.0,1e-06,True
hpmcounter7,296,0.0,1e-06,True
hpmcounter7,297,0.0,1e-06,True
hpmcounter7,298,0.0,1e-06,True
hpmcounter8,10,0.12781424361631885,0.165195436392851,False
hpmcounter8,11,0.1284607237788158,0.14345136268787737,False
hpmcounter8,12,0.021991852603097595,0.0421798313288629,False
hpmcounter8,13,0.03650357042674102,0.08358660903751895,False
hpmcounter8,14,0.024562612850622202,0.04701581552881229,False
hpmcounter8,15,0.022754545344333882,0.043786026360611956,False
hpmcounter8,16,0.0182150070773613,0.033734453358749986,False
hpmcounter8,17,0.0066168759373717275,0.016573017786544894,False
hpmcounter8,18,0.007930616073786978,0.016790453297496344,False
hpmcounter8,19,0.005227338241136183,0.011213302129925284,False
hpmcounter8,20,0.013590511118170712,0.027405297634921364,False
hpmcounter8,21,0.00980672882345305,0.019252178718450447,False
hpmcounter8,22,0.006723320800328203,0.013769990263405602,False
hpmcounter8,23,0.006525115539337746,0.011849587776745284,False
hpmcounter8,24,0.006427234782056856,0.0132057682821051,False
hpmcounter8,25,0.007174806128498563,0.01653716253753216,False
hpmcounter8,26,0.006024065615328899,0.013067967856419898,False
hpmcounter8,27,0.004640412159037649,0.01005476349879021,False
hpmcounter8,28,0.004590973159193712,0.007979833251755553,False
hpmcounter8,29,0.004331831719820538,0.008345520056444664,False
hpmcounter8,30,0.003712632928416409,0.010097710706789933,False
hpmcounter8,31,0.005404137720477787,0.01388330763163792,False
hpmcounter8,32,0.006893676201243391,0.01665079285142127,False
hpmcounter8,33,0.006360672210329203,0.011474617253020502,False
hpmcounter8,34,0.004890548069437818,0.010822708210133503,False
hpmcounter8,35,0.006340823960128814,0.01319705667849241,False
hpmcounter8,36,0.007979332626460077,0.017296093377686905,False
hpmcounter8,37,0.008614828178966768,0.02034180470097349,False
hpmcounter8,38,0.005299559831106234,0.012549903523212797,False
hpmcounter8,39,0.006036917279124332,0.010700713980005298,False
hpmcounter8,40,0.006229953832558687,0.011313181446396434,False
hpmcounter8,41,0.004427324222310128,0.009165283292574706,False
hpmcounter8,42,0.0039469586022989195,0.012703272389165753,False
hpmcounter8,43,0.0031300058618833775,0.010845277287174626,False
hpmcounter8,44,0.003189406184714661,0.008443316708707063,False
hpmcounter8,45,0.0015296242838994498,0.004386526037131373,False
hpmcounter8,46,0.0021094877167984116,0.00664194299841328,False
hpmcounter8,47,0.0023074363662677396,0.005958960209018953,False
hpmcounter8,48,0.002219438235946185,0.0061693070023262795,False
hpmcounter8,49,0.0046220139004235035,0.013272154069682658,False
hpmcounter8,50,0.003353264573821212,0.009840246806980608,False
hpmcounter8,51,0.0013938725349949745,0.0035605574224865876,False
hpmcounter8,52,0.0008602926740623549,0.0021756269568995595,False
hpmcounter8,53,0.0012992286814600819,0.003880361535047423,False
hpmcounter8,54,0.0026121346096593676,0.006660821838573028,False
hpmcounter8,55,0.003383189136468477,0.009038905026463163,False
hpmcounter8,56,0.0028497944199511447,0.006111718738765546,False
hpmcounter8,57,0.0032715051975057536,0.006401303666502981,False
hpmcounter8,58,0.0043317637992081656,0.009729544169200459,False
hpmcounter8,59,0.005118064203319877,0.010735775489763276,False
hpmcounter8,60,0.005276756797911455,0.01130676074192469,False
hpmcounter8,61,0.004512009265705101,0.009602462341595744,False
hpmcounter8,62,0.004797615206237934,0.007037180860661042,False
hpmcounter8,63,0.003070805566384316,0.00418231146091577,False
hpmcounter8,64,0.004616586428409215,0.006333303012161403,False
hpmcounter8,65,0.005444216158931791,0.010504188555175034,False
hpmcounter8,66,0.004823587923223784,0.010218319087236171,False
hpmcounter8,67,0.00450407593163494,0.009471241273169695,False
hpmcounter8,68,0.005525779020283311,0.008868749263952933,False
hpmcounter8,69,0.005029520355127862,0.007557083985581627,False
hpmcounter8,70,0.005215973847599328,0.0075902587093952725,False
hpmcounter8,71,0.003239362531541486,0.0049241332007469414,False
hpmcounter8,72,0.002371378682751943,0.005533222284765458,False
hpmcounter8,73,0.0007129272919520231,0.002000378224630372,False
hpmcounter8,74,0.000531567606222649,0.0012956971536632206,False
hpmcounter8,75,0.001277437364621713,0.004149894032265773,False
hpmcounter8,76,0.002067203419025993,0.007478737311908037,False
hpmcounter8,77,0.002006605543155905,0.006237465304615449,False
hpmcounter8,78,0.0020321800581887908,0.005308393725729294,False
hpmcounter8,79,0.002069952804877292,0.006167948237385621,False
hpmcounter8,80,0.0012983734129472803,0.003866137268767196,False
hpmcounter8,81,0.0011835830806271237,0.0021320686082004106,False
hpmcounter8,82,0.001311624750064215,0.0031782571478716375,False
hpmcounter8,83,0.0019028315400101564,0.00549647723683146,False
hpmcounter8,84,0.0017307835715733512,0.004914115243038129,False
hpmcounter8,85,0.0019106290990769416,0.005768885924594783,False
hpmcounter8,86,0.0013651819886862308,0.003695360158515164,False
hpmcounter8,87,0.0016838024183296596,0.003811382536178906,False
hpmcounter8,88,0.0009302311815528373,0.00235116285356985,False
hpmcounter8,89,0.00098502993235066,0.003190281208617467,False
hpmcounter8,90,0.0011768272043729943,0.004232356554271818,False
hpmcounter8,91,0.000573183157627687,0.0021541842438684666,False
hpmcounter8,92,0.0002724991340219178,0.0007245000629321953,False
hpmcounter8,93,0.00026885719309336465,0.0011306670953146753,False
hpmcounter8,94,0.00040738826507783437,0.001721179306312487,False
hpmcounter8,95,0.0005495971459427818,0.002326682277406603,False
hpmcounter8,96,0.0001573912835126378,0.0006633066699333138,False
hpmcounter8,97,1.6199953278923615e-06,2.423512908443098e-06,False
hpmcounter8,98,1.0163478716033261e-06,1.0972974055684325e-06,False
hpmcounter8,99,1.4633441535878993e-06,2.5943500987461747e-06,False
hpmcounter8,100,1.4179190152796618e-06,2.522535501470444e-06,False
hpmcounter8,101,1.4396171414275665e-06,2.0968167883652494e-06,False
hpmcounter8,102,2.068737296140179e-06,1.8005689766964367e-06,False
hpmcounter8,103,0.0001477188124536218,0.0006013021262285191,False
hpmcounter8,104,0.0005112854689465962,0.002060447379866611,False
hpmcounter8,105,0.0003861104728030781,0.0015530183459340765,False
hpmcounter8,106,0.0002530666105140907,0.0010181097612476924,False
hpmcounter8,107,0.00012872909970522387,0.0005103790608329272,False
hpmcounter8,108,1.0583402703604943e-05,1.982013016112754e-05,False
hpmcounter8,109,0.00012905991353080116,0.0005189727592322233,False
hpmcounter8,110,0.00025077774455744607,0.0010107426792999917,False
hpmcounter8,111,0.00037930788098503065,0.0015283391042027817,False
hpmcounter8,112,0.0005142531025515467,0.0020741314352310477,False
hpmcounter8,113,0.00014951894647910534,0.0005960399551160795,False
hpmcounter8,114,1.2847796979814394e-06,1.3353238875790115e-06,False
hpmcounter8,115,1.2440735277686325e-06,1.5898752485382632e-06,False
hpmcounter8,116,0.00014435683886747442,0.0005770886323225809,False
hpmcounter8,117,0.000621987480345703,0.0019030311766072053,False
hpmcounter8,118,0.0005641481146865342,0.0013038531844281915,False
hpmcounter8,119,0.0005407368169975613,0.000999781690093786,False
hpmcounter8,120,0.0003368226992973604,0.0005897113544364882,False
hpmcounter8,121,0.0001526648332476423,0.000331719481393077,False
hpmcounter8,122,0.0001886463065617648,0.00047596517420811903,False
hpmcounter8,123,0.00013976640629864107,0.0003416768814372555,False
hpmcounter8,124,0.000440780973360056,0.0007224383747536628,False
hpmcounter8,125,0.0007484793229139369,0.0017790050183830715,False
hpmcounter8,126,0.0004946420174863205,0.0007432165596442579,False
hpmcounter8,127,0.0003409403012686909,0.0007418980179941855,False
hpmcounter8,128,0.00021639717191233293,0.0005005257950868519,False
hpmcounter8,129,0.0001424315894192318,0.00037313491389035826,False
hpmcounter8,130,0.00016709100515109102,0.0004217623392144599,False
hpmcounter8,131,0.0002072848149505512,0.0005356741719325161,False
hpmcounter8,132,0.0003672991754911632,0.0008423043257704001,False
hpmcounter8,133,0.00036025003199435855,0.0006640255078186066,False
hpmcounter8,134,0.00026964719102332864,0.000604527582994272,False
hpmcounter8,135,0.0002393322619154478,0.0005758415781169515,False
hpmcounter8,136,0.00031811409171632777,0.0007513385761697125,False
hpmcounter8,137,0.00037664473303081496,0.0010977575507244315,False
hpmcounter8,138,0.00036341320823517567,0.0006707851410581118,False
hpmcounter8,139,0.0009180140580109991,0.0021910167879694233,False
hpmcounter8,140,0.0013880602393309233,0.0036171474984544156,False
hpmcounter8,141,0.0019640096655818813,0.0051625884758718125,False
hpmcounter8,142,0.0022734624307117575,0.006155872464084101,False
hpmcounter8,143,0.00275717653628041,0.006370458404118976,False
hpmcounter8,144,0.0031462826298961507,0.005941320954452335,False
hpmcounter8,145,0.0031673127495822065,0.005402330304230553,False
hpmcounter8,146,0.0023097799279469407,0.003728831681036335,False
hpmcounter8,147,0.0032169653060684514,0.007954897815242385,False
hpmcounter8,148,0.0030268529926232544,0.007964727946437457,False
hpmcounter8,149,0.003228788410124464,0.007509333356562622,False
hpmcounter8,150,0.0036187563810100567,0.006992475119083705,False
hpmcounter8,151,0.0031406433890746044,0.004789943762323721,False
hpmcounter8,152,0.002673333681939598,0.003912095780939697,False
hpmcounter8,153,0.0022501619807697394,0.0030640667738691145,False
hpmcounter8,154,0.002508101405803197,0.004854432147901114,False
hpmcounter8,155,0.0025445059927479037,0.00625327671537733,False
hpmcounter8,156,0.0018697105653138855,0.004544564754595336,False
hpmcounter8,157,0.0020071388715975384,0.003592665365995511,False
hpmcounter8,158,0.0019795868885898677,0.004233671457164089,False
hpmcounter8,159,0.0018978475092112008,0.004431388919065808,False
hpmcounter8,160,0.00199121435748445,0.005402829694419296,False
hpmcounter8,161,0.0020146190689465304,0.006392597535805359,False
hpmcounter8,162,0.0014266082558852164,0.003387120879187736,False
hpmcounter8,163,0.0012074504885131758,0.003248731678822327,False
hpmcounter8,164,0.0020449826911040333,0.00456363687088455,False
hpmcounter8,165,0.0022304649012489367,0.006224871646517446,False
hpmcounter8,166,0.001966124542931622,0.005351722796312883,False
hpmcounter8,167,0.001785638987706096,0.004661768798741971,False
hpmcounter8,168,0.0015552489801264567,0.003328306816032833,False
hpmcounter8,169,0.0011850122785667307,0.002337683929406781,False
hpmcounter8,170,0.000964127352214454,0.00242165337979291,False
hpmcounter8,171,0.0006944985560843281,0.0017142055478965837,False
hpmcounter8,172,0.000890308495560186,0.0024291939512258924,False
hpmcounter8,173,0.0015072381999579171,0.0033633330149676023,False
hpmcounter8,174,0.0016661043614544402,0.003433901643192697,False
hpmcounter8,175,0.001569579458715616,0.0031288393868616404,False
hpmcounter8,176,0.0009757307384742418,0.0022709741272746637,False
hpmcounter8,177,0.0008858484964062626,0.002429542178207645,False
hpmcounter8,178,0.0004937912462037993,0.0012077808938715212,False
hpmcounter8,179,0.0008072937721336464,0.0018943504324829676,False
hpmcounter8,180,0.0013824855390230895,0.0028309443400524794,False
hpmcounter8,181,0.0014601549134030192,0.002847257141011763,False
hpmcounter8,182,0.0011642261049977904,0.0030428581575115423,False
hpmcounter8,183,0.0004948138796333589,0.0016550229754983754,False
hpmcounter8,184,0.0002375106589231968,0.0007173351801052321,False
hpmcounter8,185,0.0004173269010846908,0.0017624858808483333,False
hpmcounter8,186,0.0008015257096263594,0.003371396678130259,False
hpmcounter8,187,0.0011768934011562857,0.004924671810467004,False
hpmcounter8,188,0.0014673708048218675,0.006096582189227377,False
hpmcounter8,189,0.0016353661156403433,0.006723652563640799,False
hpmcounter8,190,0.0007890108584650767,0.003209419320159499,False
hpmcounter8,191,0.00018011251006195026,0.00039951631627094817,False
hpmcounter8,192,0.0011630261924555048,0.0038725050918326977,False
hpmcounter8,193,0.002317165486815607,0.007655139661386702,False
hpmcounter8,194,0.002480106911854684,0.007610899187128443,False
hpmcounter8,195,0.0018201960975209575,0.005495379892242054,False
hpmcounter8,196,0.0011069931853867371,0.0032748888722778278,False
hpmcounter8,197,0.0004156486719482071,0.0013837411751101742,False
hpmcounter8,198,0.00046988671453071317,0.0014967607164495772,False
hpmcounter8,199,0.000831866381446334,0.0031984462131179167,False
hpmcounter8,200,0.0011861945504906513,0.004720243717109432,False
hpmcounter8,201,0.0007982773684049555,0.00312658426713555,False
hpmcounter8,202,0.0005782256096301081,0.0016472863635558829,False
hpmcounter8,203,0.0005441221762425912,0.0015780325380866985,False
hpmcounter8,204,0.0003576800169295813,0.0011709531071000957,False
hpmcounter8,205,0.0002655557887520718,0.0008309948359659618,False
hpmcounter8,206,0.00016077377983546995,0.0004596929488165697,False
hpmcounter8,207,0.00039020421577302467,0.0014002030466273084,False
hpmcounter8,208,0.0006704003051473812,0.002451083158110892,False
hpmcounter8,209,0.00025008258420091333,0.0008408592376569484,False
hpmcounter8,210,0.0002606239216631292,0.0007465096125041734,False
hpmcounter8,211,0.0006537820162568638,0.0022840347069827674,False
hpmcounter8,212,0.00033294636902426566,0.0014079263463624874,False
hpmcounter8,213,0.00010389699564549515,0.0004353554715138866,False
hpmcounter8,214,0.00020152020834441974,0.000845976167097693,False
hpmcounter8,215,0.0002917034213603916,0.0012280526886252134,False
hpmcounter8,216,0.00039194924737358694,0.001650389957542028,False
hpmcounter8,217,0.00011013125364019798,0.0004616269035662415,False
hpmcounter8,218,8.308651778375252e-07,1e-06,True
hpmcounter8,219,1.07445371681297e-06,1.0741853571395092e-06,False
hpmcounter8,220,9.331852968497907e-07,1e-06,True
hpmcounter8,221,1.0462894546249522e-06,1e-06,True
hpmcounter8,222,9.77679153835139e-07,1e-06,True
hpmcounter8,223,0.00010962221111970936,0.0004638981627628588,False
hpmcounter8,224,0.00018274060455391347,0.0005087290802585654,False
hpmcounter8,225,0.000423920224921869,0.0015445547861392677,False
hpmcounter8,226,0.0007589504549547168,0.003033183508414838,False
hpmcounter8,227,0.0011039604942995316,0.004523033820905795,False
hpmcounter8,228,0.0014060434646269975,0.005691626123360112,False
hpmcounter8,229,0.0015618003783712418,0.0062514783295974435,False
hpmcounter8,230,0.0015225920415603213,0.005986151694569586,False
hpmcounter8,231,0.0012741782444105417,0.004826934562620641,False
hpmcounter8,232,0.0007707725899726546,0.0026058461330351864,False
hpmcounter8,233,0.0009243404778493343,0.0038920592164888687,False
hpmcounter8,234,0.0013327615608327824,0.005531562991410107,False
hpmcounter8,235,0.001526075499309633,0.006202838671111133,False
hpmcounter8,236,0.0014970799079171437,0.005998010100250517,False
hpmcounter8,237,0.0013021493075232782,0.005158794844118611,False
hpmcounter8,238,0.001002505100324618,0.003930255406150952,False
hpmcounter8,239,0.0006553083302926902,0.0025418227145565845,False
hpmcounter8,240,0.00033894979737920255,0.0013021436308621006,False
hpmcounter8,241,9.69299649003242e-05,0.000367918110203803,False
hpmcounter8,242,1.4245126109775202e-06,1.9951537308181504e-06,False
hpmcounter8,243,8.855837536712074e-05,0.00033576229278031776,False
hpmcounter8,244,0.0003153227142226894,0.0012083465807658509,False
hpmcounter8,245,0.0006724559570703279,0.0022115891471669873,False
hpmcounter8,246,0.0012038873387995148,0.003396469259075024,False
hpmcounter8,247,0.001795850169168835,0.004678196603992619,False
hpmcounter8,248,0.0016647864620557488,0.004213346777361988,False
hpmcounter8,249,0.000881226842084354,0.002552922999931227,False
hpmcounter8,250,0.0005467085176879551,0.0016358336294244327,False
hpmcounter8,251,0.0008016828800092683,0.0025783329093129084,False
hpmcounter8,252,0.0014300203871089653,0.004295714969988192,False
hpmcounter8,253,0.0015769225357386747,0.0038246446346016333,False
hpmcounter8,254,0.001899868617332536,0.0043260133292466535,False
hpmcounter8,255,0.001662164862475032,0.0040249575852928715,False
hpmcounter8,256,0.0015087280528821817,0.004882406091240225,False
hpmcounter8,257,0.0008238160608042989,0.0031517015346859897,False
hpmcounter8,258,0.00035131700940279546,0.001471084203755226,False
hpmcounter8,259,0.00012770244488872692,0.00036551209992596216,False
hpmcounter8,260,0.0001277259147973456,0.00030791496921486587,False
hpmcounter8,261,0.0003744385056497209,0.0011769722389121141,False
hpmcounter8,262,0.0010139659059700606,0.0036258774386405614,False
hpmcounter8,263,0.0009213973922366283,0.0032516232360663673,False
hpmcounter8,264,0.0012385087593008227,0.0029922343743454074,False
hpmcounter8,265,0.0011692037295030775,0.0028722465037224107,False
hpmcounter8,266,0.0011602363333551434,0.003266724830342163,False
hpmcounter8,267,0.0014920970929434907,0.0035188013066756916,False
hpmcounter8,268,0.0019452551796676093,0.0036399899401940907,False
hpmcounter8,269,0.0024315400691793435,0.004320358045786782,False
hpmcounter8,270,0.002802859246589021,0.00610114093152002,False
hpmcounter8,271,0.003456901782086255,0.007444367684613536,False
hpmcounter8,272,0.003331109292394538,0.007512880706615813,False
hpmcounter8,273,0.002962592332983978,0.007908944960830928,False
hpmcounter8,274,0.0015191788231565658,0.0038829782611887057,False
hpmcounter8,275,0.0026501300853129447,0.0052753858777123365,False
hpmcounter8,276,0.0033898796074404956,0.007263750078313717,False
hpmcounter8,277,0.0032504264361746756,0.007269144783163428,False
hpmcounter8,278,0.0030358947304598184,0.006804491489729509,False
hpmcounter8,279,0.002782191992407209,0.005933000854486551,False
hpmcounter8,280,0.0020310622971864644,0.0042361518150898355,False
hpmcounter8,281,0.0009667241212665287,0.0023206102054660702,False
hpmcounter8,282,0.0005919129633843928,0.0014811830271715632,False
hpmcounter8,283,0.0008571792322626161,0.002712425706268424,False
hpmcounter8,284,0.0013077715084761949,0.0043723520403981175,False
hpmcounter8,285,0.0010148365219890354,0.003237508080231241,False
hpmcounter8,286,0.0009112009025325638,0.0022001490895019347,False
hpmcounter8,287,0.0009651870344651537,0.0028021012186371106,False
hpmcounter8,288,0.0004806101405067477,0.00163948129125354,False
hpmcounter8,289,0.00017377446109757093,0.0007282479286485309,False
hpmcounter8,290,1.036441899040847e-05,3.782248201288553e-05,False
hpmcounter8,291,3.44266575333122e-05,0.00014311074633777997,False
hpmcounter8,292,0.00014659506867545564,0.00043373416521553523,False
hpmcounter8,293,0.00039218906756088065,0.0013327827863459172,False
hpmcounter8,294,0.0008052722472612799,0.002593934629015043,False
hpmcounter8,295,0.0010100780589659916,0.0037541864505838294,False
hpmcounter8,296,0.001231256168306446,0.00465734023424352,False
hpmcounter8,297,0.0013269842616975022,0.005036348694325254,False
hpmcounter8,298,0.0007521883134723698,0.0025546499105205626,False
hpmcounter9,10,0.004282886773143754,0.017739413676164516,False
hpmcounter9,11,0.0024258121889550737,0.010000248580436485,False
hpmcounter9,12,0.0007867299560444218,0.003235630467034658,False
hpmcounter9,13,0.0007867299560444276,0.0032356304670346833,False
hpmcounter9,14,0.002425812188955068,0.01000024858043646,False
hpmcounter9,15,0.004282886773143752,0.017739413676164505,False
hpmcounter9,16,0.006589625679550308,0.027488964113389115,False
hpmcounter9,17,0.009787214543918902,0.041221710989772134,False
hpmcounter9,18,0.0,1e-06,True
hpmcounter9,19,0.0,1e-06,True
hpmcounter9,20,0.00847102321360458,0.03252508985271007,False
hpmcounter9,21,0.011896378545710646,0.027702961696270033,False
hpmcounter9,22,0.02017457117640177,0.05775854332926654,False
hpmcounter9,23,0.01263878844972215,0.03528244656215872,False
hpmcounter9,24,0.00746097341580227,0.02078348700476893,False
hpmcounter9,25,0.0038354517192963123,0.010134656030441754,False
hpmcounter9,26,0.0022923796753218824,0.006189006187640496,False
hpmcounter9,27,0.0067620389113345085,0.012804981787811198,False
hpmcounter9,28,0.01174041036012447,0.02333662719811258,False
hpmcounter9,29,0.017704359413635982,0.03755146376807311,False
hpmcounter9,30,0.018965039984358202,0.06731853705677675,False
hpmcounter9,31,0.0050799844797983496,0.01616637288583537,False
hpmcounter9,32,0.0,1e-06,True
hpmcounter9,33,0.0,1e-06,True
hpmcounter9,34,0.0,1e-06,True
hpmcounter9,35,0.0,1e-06,True
hpmcounter9,36,0.0,1e-06,True
hpmcounter9,37,0.0,1e-06,True
hpmcounter9,38,0.0,1e-06,True
hpmcounter9,39,0.0,1e-06,True
hpmcounter9,40,0.0,1e-06,True
hpmcounter9,41,0.0,1e-06,True
hpmcounter9,42,0.0,1e-06,True
hpmcounter9,43,0.0,1e-06,True
hpmcounter9,44,0.0,1e-06,True
hpmcounter9,45,0.005331794236127122,0.021717397443809794,False
hpmcounter9,46,0.003842646664076898,0.015533255826115814,False
hpmcounter9,47,0.002603321414461602,0.010464219501910578,False
hpmcounter9,48,0.006839773143046936,0.022126117425217636,False
hpmcounter9,49,0.008643108522796147,0.021680210905844436,False
hpmcounter9,50,0.019492290785915228,0.04504364467905999,False
hpmcounter9,51,0.013709129177539392,0.023633591444743973,False
hpmcounter9,52,0.035911298478356876,0.06190667540548473,False
hpmcounter9,53,0.021417875369448492,0.03178320512206175,False
hpmcounter9,54,0.013005091987659211,0.018465434769537582,False
hpmcounter9,55,0.009646401230106566,0.014121662968637245,False
hpmcounter9,56,0.011348221374695776,0.020934456209048182,False
hpmcounter9,57,0.019278508184198608,0.035791814154213904,False
hpmcounter9,58,0.020875756949112423,0.028442292140974785,False
hpmcounter9,59,0.0190289225109634,0.024362648155415507,False
hpmcounter9,60,0.025440972131551314,0.03432097058029176,False
hpmcounter9,61,0.02798928299958161,0.046642411879120105,False
hpmcounter9,62,0.01724861015943468,0.047126096716479986,False
hpmcounter9,63,0.013618812187609856,0.054178055611723126,False
hpmcounter9,64,0.008600190073080041,0.03236046005173607,False
hpmcounter9,65,0.007203377291730637,0.01752544241022378,False
hpmcounter9,66,0.009844651945428773,0.02661784814669222,False
hpmcounter9,67,0.009843228539451961,0.017095790893484102,False
hpmcounter9,68,0.008399487006787458,0.020638926815488158,False
hpmcounter9,69,0.009728489747892184,0.032267410039283816,False
hpmcounter9,70,0.013392331742976058,0.05205868389523774,False
hpmcounter9,71,0.009265923240772083,0.02965915513655052,False
hpmcounter9,72,0.011781029920790676,0.032824547094869594,False
hpmcounter9,73,0.010090540165063288,0.027838007527824407,False
hpmcounter9,74,0.012373195282921908,0.028795843144666343,False
hpmcounter9,75,0.007549964990284383,0.01608368707014522,False
hpmcounter9,76,0.007369379776643002,0.014892569676692224,False
hpmcounter9,77,0.009127044208863472,0.016713451791482,False
hpmcounter9,78,0.006892123797762571,0.013103643315487018,False
hpmcounter9,79,0.009791765787555393,0.018550543576959726,False
hpmcounter9,80,0.013079510426809344,0.031259615800675086,False
hpmcounter9,81,0.016931579510118356,0.03661502760247292,False
hpmcounter9,82,0.012576147474571458,0.019503518923785167,False
hpmcounter9,83,0.0102299943196442,0.017512981855250246,False
hpmcounter9,84,0.00711722189442979,0.013718212617001128,False
hpmcounter9,85,0.008030227195446424,0.014691190586345968,False
hpmcounter9,86,0.00897088610732787,0.01776175039272398,False
hpmcounter9,87,0.01170694436839696,0.026564761864636025,False
hpmcounter9,88,0.016764639212150326,0.03850793748812953,False
hpmcounter9,89,0.005443137208376996,0.00805646026046979,False
hpmcounter9,90,0.006361965711626299,0.012071954283315506,False
hpmcounter9,91,0.008049490570932499,0.020899347893219594,False
hpmcounter9,92,0.0032369289478717395,0.008852920516022232,False
hpmcounter9,93,0.00588392850403527,0.01565530757120108,False
hpmcounter9,94,0.0027946815704238885,0.008034054515803397,False
hpmcounter9,95,0.002479725833599202,0.004561327104142681,False
hpmcounter9,96,0.0017031911849767715,0.0024498766901761785,False
hpmcounter9,97,0.003456177788982125,0.009333141963973448,False
hpmcounter9,98,0.003302045861578516,0.007501549653554179,False
hpmcounter9,99,0.00550990982878948,0.01430261520154606,False
hpmcounter9,100,0.005337026076037573,0.011767205346240438,False
hpmcounter9,101,0.005092769025602085,0.011431927963624924,False
hpmcounter9,102,0.0034049765862107528,0.0052741042813491,False
hpmcounter9,103,0.00306357587393023,0.006310593242382112,False
hpmcounter9,104,0.0037954545848308714,0.010617160596136342,False
hpmcounter9,105,0.0028738857693151446,0.005743889768705596,False
hpmcounter9,106,0.0036593825286998167,0.007497057966589878,False
hpmcounter9,107,0.0037304492121615638,0.010122824860317856,False
hpmcounter9,108,0.006803015049851811,0.017794940457964217,False
hpmcounter9,109,0.0034097314068649333,0.010145224983678251,False
hpmcounter9,110,0.0021017910533618284,0.006907518872089299,False
hpmcounter9,111,0.0019331619362195167,0.003398214675878398,False
hpmcounter9,112,0.0026747814632623974,0.005058548571224638,False
hpmcounter9,113,0.002751007509819642,0.0048570167197824745,False
hpmcounter9,114,0.002442632485160895,0.005386979797478464,False
hpmcounter9,115,0.00194813951835871,0.006465593495059736,False
hpmcounter9,116,0.00250504188501532,0.008510616687821309,False
hpmcounter9,117,0.0032231081997637656,0.01097288886710789,False
hpmcounter9,118,0.0009883043602807381,0.0029379476906735173,False
hpmcounter9,119,0.0014941190506222051,0.0044556808234658025,False
hpmcounter9,120,0.004506461916497047,0.012319123681181309,False
hpmcounter9,121,0.005416893298770669,0.010289319168193891,False
hpmcounter9,122,0.003792269763866433,0.007739045246361716,False
hpmcounter9,123,0.0025232912052708745,0.005226267132154243,False
hpmcounter9,124,0.0012991675009606817,0.002990287742170732,False
hpmcounter9,125,0.0006084098165745286,0.0015787202010665948,False
hpmcounter9,126,0.001104813405391646,0.002915902596252345,False
hpmcounter9,127,0.002326977211744171,0.005139727561026982,False
hpmcounter9,128,0.006448283472372636,0.013793996071792713,False
hpmcounter9,129,0.007135141478247233,0.013183990663484281,False
hpmcounter9,130,0.011904331160267552,0.0371824380139387,False
hpmcounter9,131,0.005695874967482709,0.022448204130780386,False
hpmcounter9,132,0.010219849471495762,0.040008208927305444,False
hpmcounter9,133,0.005522008584673928,0.020580011447207384,False
hpmcounter9,134,0.0019787669266395926,0.005911725568374793,False
hpmcounter9,135,0.0023123813399569333,0.007570545210207216,False
hpmcounter9,136,0.006145216299761882,0.022526126211775174,False
hpmcounter9,137,0.011272843349412979,0.0428376038624362,False
hpmcounter9,138,0.005398447810444544,0.021526542310486122,False
hpmcounter9,139,0.00842189416802681,0.03392720524346624,False
hpmcounter9,140,0.004191954830266888,0.010099467693102777,False
hpmcounter9,141,0.006112393101070882,0.011069356036476593,False
hpmcounter9,142,0.0035677104842544377,0.006246870422549826,False
hpmcounter9,143,0.0023487248399776646,0.0042549896855262346,False
hpmcounter9,144,0.0011614280486331899,0.0024228153634716742,False
hpmcounter9,145,0.0004421185573273708,0.001119168280228763,False
hpmcounter9,146,0.001185426874057216,0.0021308118139504824,False
hpmcounter9,147,0.0023650869656260025,0.003916105533622367,False
hpmcounter9,148,0.0035791517605968646,0.005874760826819784,False
hpmcounter9,149,0.004839864852599803,0.007962416957831257,False
hpmcounter9,150,0.0026968888029826445,0.00882032392092521,False
hpmcounter9,151,0.0,1e-06,True
hpmcounter9,152,0.0005679493643040713,0.0023479132244294213,False
hpmcounter9,153,0.00043792887197748487,0.0018091298418921931,False
hpmcounter9,154,0.0003107984557205472,0.001283262410832198,False
hpmcounter9,155,0.0007054793778729529,0.0021532158933271735,False
hpmcounter9,156,0.0004659618659426246,0.0016148257835905593,False
hpmcounter9,157,0.0005666756050111766,0.0009062107386645887,False
hpmcounter9,158,0.001333186340410559,0.0029099165738721614,False
hpmcounter9,159,0.002376693271754934,0.005244467516617947,False
hpmcounter9,160,0.003166234913932199,0.006196127820677397,False
hpmcounter9,161,0.002577016972284542,0.004233260999206147,False
hpmcounter9,162,0.0010914779049893066,0.002045238375612467,False
hpmcounter9,163,0.00039895133195604353,0.0007572521268756815,False
hpmcounter9,164,0.0012540832911776272,0.0019501935207810743,False
hpmcounter9,165,0.002142970177307209,0.005168354595724745,False
hpmcounter9,166,0.0031238798162038332,0.007688942190541506,False
hpmcounter9,167,0.0020122535791794087,0.004127661402275174,False
hpmcounter9,168,0.0011958451701861337,0.0017581436041009355,False
hpmcounter9,169,0.0007850856072010037,0.0014991953334824845,False
hpmcounter9,170,0.0003976824339152066,0.0016841525019541152,False
hpmcounter9,171,0.0,1e-06,True
hpmcounter9,172,0.0,1e-06,True
hpmcounter9,173,0.0,1e-06,True
hpmcounter9,174,0.0,1e-06,True
hpmcounter9,175,0.0,1e-06,True
hpmcounter9,176,0.0,1e-06,True
hpmcounter9,177,0.0,1e-06,True
hpmcounter9,178,0.0,1e-06,True
hpmcounter9,179,0.0,1e-06,True
hpmcounter9,180,0.0,1e-06,True
hpmcounter9,181,0.0,1e-06,True
hpmcounter9,182,0.0,1e-06,True
hpmcounter9,183,0.0,1e-06,True
hpmcounter9,184,0.00039279191610094914,0.0016232681951724537,False
hpmcounter9,185,0.0013961957431842156,0.005820086994350086,False
hpmcounter9,186,0.0010255436354285122,0.004269143460906903,False
hpmcounter9,187,0.002165723806632202,0.006479786541003802,False
hpmcounter9,188,0.0014813950939832313,0.004812550814932679,False
hpmcounter9,189,0.0009023929544477064,0.0034044301823919335,False
hpmcounter9,190,0.0008095678394618451,0.002488599896660661,False
hpmcounter9,191,0.0008542569026776057,0.0027574383612025024,False
hpmcounter9,192,0.0011239520715199147,0.003960401171535178,False
hpmcounter9,193,0.0017933352996811285,0.005481692037735679,False
hpmcounter9,194,0.0011978360919201998,0.0035179196706004614,False
hpmcounter9,195,0.0012365080832839556,0.005205621936767189,False
hpmcounter9,196,0.0016310189156085713,0.006877251626125829,False
hpmcounter9,197,0.0,1e-06,True
hpmcounter9,198,0.0,1e-06,True
hpmcounter9,199,0.0,1e-06,True
hpmcounter9,200,0.00041553862807336124,0.001757812097918257,False
hpmcounter9,201,0.0003210622397087047,0.0013576433757160433,False
hpmcounter9,202,0.00022820056311673013,0.00096469448927807,False
hpmcounter9,203,0.00013647239268775322,0.0005768138145676627,False
hpmcounter9,204,4.541652580778578e-05,0.00019193918359549823,False
hpmcounter9,205,4.541652580778561e-05,0.00019193918359549747,False
hpmcounter9,206,0.0005476769113246704,0.0017527185145552048,False
hpmcounter9,207,0.000736986127788047,0.0016125505888335899,False
hpmcounter9,208,0.0006652086161103208,0.0015814470361685934,False
hpmcounter9,209,0.0017837179187084311,0.00515279276930498,False
hpmcounter9,210,0.0010787554348503133,0.003888206703304056,False
hpmcounter9,211,0.0009501891599980811,0.0016455463540027333,False
hpmcounter9,212,0.00209901110835792,0.0038768888542794378,False
hpmcounter9,213,0.0015852395297214401,0.0031923188304360667,False
hpmcounter9,214,0.0023236801337601113,0.006552624219931889,False
hpmcounter9,215,0.0019393846804100355,0.004875068203563827,False
hpmcounter9,216,0.0015145148095160631,0.003206693336382906,False
hpmcounter9,217,0.0012188319518263424,0.0028811256110693752,False
hpmcounter9,218,0.0017284204412293925,0.0035441185119595947,False
hpmcounter9,219,0.0016256575895564763,0.003948249737280655,False
hpmcounter9,220,0.002406007443236258,0.00611438412787483,False
hpmcounter9,221,0.002516584707100253,0.009196993022001717,False
hpmcounter9,222,0.000233720855669408,0.0009570124870168909,False
hpmcounter9,223,0.000301863973831577,0.0012365403898768061,False
hpmcounter9,224,0.0,1e-06,True
hpmcounter9,225,0.0,1e-06,True
hpmcounter9,226,0.0,1e-06,True
hpmcounter9,227,0.00028849907515428156,0.0011543766738166654,False
hpmcounter9,228,0.000985049176357945,0.0038801473229502035,False
hpmcounter9,229,0.0007284865386253919,0.0028636514397096997,False
hpmcounter9,230,0.00048052634701389136,0.001885405951388184,False
hpmcounter9,231,0.0002380912665280941,0.0009317228166661334,False
hpmcounter9,232,2.9244725451818562e-06,9.972836435730618e-06,False
hpmcounter9,233,0.00024142557458341104,0.0009518623583253593,False
hpmcounter9,234,0.0004839461922479022,0.0019059334217022906,False
hpmcounter9,235,0.0007320531096656586,0.002884844028107333,False
hpmcounter9,236,0.0009888303126253165,0.003902312022033768,False
hpmcounter9,237,0.0002727442251548771,0.001060318036971602,False
hpmcounter9,238,0.0,1e-06,True
hpmcounter9,239,0.0,1e-06,True
hpmcounter9,240,0.0,1e-06,True
hpmcounter9,241,0.0,1e-06,True
hpmcounter9,242,0.0,1e-06,True
hpmcounter9,243,0.0,1e-06,True
hpmcounter9,244,0.0,1e-06,True
hpmcounter9,245,0.0,1e-06,True
hpmcounter9,246,0.0,1e-06,True
hpmcounter9,247,0.0,1e-06,True
hpmcounter9,248,0.0,1e-06,True
hpmcounter9,249,0.0,1e-06,True
hpmcounter9,250,0.0,1e-06,True
hpmcounter9,251,0.0,1e-06,True
hpmcounter9,252,0.00029181571107618807,0.001236106728591623,False
hpmcounter9,253,0.0010222556804833764,0.004325422871253962,False
hpmcounter9,254,0.0007545051438323406,0.0031895074219524403,False
hpmcounter9,255,0.0004973372096133417,0.002100910793078269,False
hpmcounter9,256,0.001255523317568648,0.0041573473360062025,False
hpmcounter9,257,0.0011113013152331686,0.002964458097256125,False
hpmcounter9,258,0.0010051111228571593,0.002387893956136271,False
hpmcounter9,259,0.000918315393583445,0.002403143498009721,False
hpmcounter9,260,0.0015954499517209903,0.003945788999827903,False
hpmcounter9,261,0.001638177975717202,0.004316766578600481,False
hpmcounter9,262,0.0009379512153082588,0.0022209376978968008,False
hpmcounter9,263,0.000857358720454398,0.0023785918104211497,False
hpmcounter9,264,0.0010351119977325672,0.0028586900892799707,False
hpmcounter9,265,0.0012204391935875434,0.0035566497214768824,False
hpmcounter9,266,0.0005222377119277618,0.0012515049934846794,False
hpmcounter9,267,0.0005152107556096301,0.0019257723919732625,False
hpmcounter9,268,0.0007277301098047325,0.0027245234955952722,False
hpmcounter9,269,0.0009469571236510776,0.0035529345593853004,False
hpmcounter9,270,0.0,1e-06,True
hpmcounter9,271,0.0,1e-06,True
hpmcounter9,272,0.00024045173619792817,0.0009571765255471623,False
hpmcounter9,273,0.00032897252078576994,0.0007135273942014271,False
hpmcounter9,274,0.00024550337311951044,0.0005332081348693594,False
hpmcounter9,275,0.00016236799539441315,0.00035803323743816587,False
hpmcounter9,276,0.0003110906101532277,0.0009674130697545781,False
hpmcounter9,277,0.00023096533901788285,0.0007578864641559296,False
hpmcounter9,278,0.00020837486679436477,0.0005898405192002108,False
hpmcounter9,279,0.000244034958469508,0.0005112688634666094,False
hpmcounter9,280,0.0005033893829921525,0.0011337825132349962,False
hpmcounter9,281,0.0003255596580421537,0.0008148205759095004,False
hpmcounter9,282,0.0008951152544789257,0.0023804309289822737,False
hpmcounter9,283,0.0007242760341750645,0.0018395446783457576,False
hpmcounter9,284,0.0006247145491425998,0.001187217959584357,False
hpmcounter9,285,0.0004495060542856195,0.0009960849151301008,False
hpmcounter9,286,0.00016985226457333754,0.00046131691795830597,False
hpmcounter9,287,0.0003827866507873218,0.0007615004534537872,False
hpmcounter9,288,0.0005973278880927048,0.0012362954154265637,False
hpmcounter9,289,0.001118235042174401,0.002278504861939506,False
hpmcounter9,290,0.0009105266323223773,0.002686137485439452,False
hpmcounter9,291,0.0002290347189566442,0.0005816155057416774,False
hpmcounter9,292,0.00018646687665872027,0.0007555971777719625,False
hpmcounter9,293,0.000369669307186794,0.001489158924400459,False
hpmcounter9,294,2.2398486092314703e-05,8.858459259279664e-05,False
hpmcounter9,295,0.00027038468412584065,0.0008766225415345402,False
hpmcounter9,296,0.0002572716122058734,0.0007896016837383135,False
hpmcounter9,297,0.00045276836828734776,0.0010522942464299856,False
hpmcounter9,298,0.00041370908831046637,0.0009787366815602208,False
hpmcounter10,10,0.09726682774819502,0.10365066402290356,False
hpmcounter10,11,0.1715589331250639,0.21412391709361683,False
hpmcounter10,12,0.02486115277742721,0.04799691679430842,False
hpmcounter10,13,0.037580197523946715,0.08726174135011353,False
hpmcounter10,14,0.025132672630626064,0.04795066991217556,False
hpmcounter10,15,0.023845089574796176,0.04572291648943871,False
hpmcounter10,16,0.018389272944556622,0.034243909525813826,False
hpmcounter10,17,0.007098873488506713,0.016621908474075086,False
hpmcounter10,18,0.007863178925626114,0.016586839592814005,False
hpmcounter10,19,0.005814194237023411,0.012371660403753993,False
hpmcounter10,20,0.014260089803067541,0.028938757468923215,False
hpmcounter10,21,0.010066029120868845,0.02009346803811167,False
hpmcounter10,22,0.006801505100775382,0.014083766317141219,False
hpmcounter10,23,0.00647145031105293,0.011806728393318318,False
hpmcounter10,24,0.0064414796297111955,0.013159922229835521,False
hpmcounter10,25,0.007137115773234598,0.01638395880141873,False
hpmcounter10,26,0.005885882948286379,0.012774191218755785,False
hpmcounter10,27,0.004480637132615666,0.009830726193550826,False
hpmcounter10,28,0.004509184722641607,0.007941899710824204,False
hpmcounter10,29,0.0042472612559355345,0.008274312592278444,False
hpmcounter10,30,0.003746649261589878,0.010023476898000086,False
hpmcounter10,31,0.005533740925001961,0.014107808478997423,False
hpmcounter10,32,0.006952463938949671,0.016854168468042895,False
hpmcounter10,33,0.006336216573473249,0.01150838881797622,False
hpmcounter10,34,0.004907242511711511,0.010780933723266346,False
hpmcounter10,35,0.006211006373500469,0.013025858501768765,False
hpmcounter10,36,0.007936291303212759,0.017294319932946715,False
hpmcounter10,37,0.008685859408459095,0.020496356484206134,False
hpmcounter10,38,0.005260868139739434,0.012685293981712836,False
hpmcounter10,39,0.006140605913653991,0.010938916310520918,False
hpmcounter10,40,0.006229156526154736,0.011184815870715918,False
hpmcounter10,41,0.004332320122953517,0.008960060160049617,False
hpmcounter10,42,0.003934590831925035,0.012649140879354037,False
hpmcounter10,43,0.0031495202828138646,0.010923936919066433,False
hpmcounter10,44,0.003226968779537382,0.008536712962784767,False
hpmcounter10,45,0.0015316156620128892,0.004438928656571898,False
hpmcounter10,46,0.0021250227316596715,0.006657463309102798,False
hpmcounter10,47,0.0023652598406710273,0.006091933795734487,False
hpmcounter10,48,0.0022311811147333127,0.006331145943380132,False
hpmcounter10,49,0.00457816243227357,0.013238013466538464,False
hpmcounter10,50,0.003360665174533041,0.009778212447723436,False
hpmcounter10,51,0.0013861166854914236,0.003542073935349194,False
hpmcounter10,52,0.0008764315816344812,0.0022241995561331353,False
hpmcounter10,53,0.0013292458340282511,0.003880094927705061,False
hpmcounter10,54,0.0026840923809592692,0.006898471483419742,False
hpmcounter10,55,0.003459151288287913,0.009310357183142418,False
hpmcounter10,56,0.0029004601361954643,0.0063151096842301935,False
hpmcounter10,57,0.0032840025073160015,0.00643670585097005,False
hpmcounter10,58,0.004371871004371973,0.009791541787905004,False
hpmcounter10,59,0.005082212139526245,0.010715206231444707,False
hpmcounter10,60,0.005189951941792498,0.01119535311291152,False
hpmcounter10,61,0.004427809947535242,0.0095938714408198,False
hpmcounter10,62,0.004697475893779215,0.006908374186255986,False
hpmcounter10,63,0.0029563289638619102,0.00410974177288608,False
hpmcounter10,64,0.0045535099056730486,0.006367058723234975,False
hpmcounter10,65,0.005404041009571887,0.010453603478433871,False
hpmcounter10,66,0.0048147319754816495,0.010203590447887977,False
hpmcounter10,67,0.004439883509341063,0.009473998886124548,False
hpmcounter10,68,0.005445167144501181,0.008829422765582157,False
hpmcounter10,69,0.0049674476853694225,0.007563376463084676,False
hpmcounter10,70,0.005128413288861802,0.007605605052016767,False
hpmcounter10,71,0.0031562867875923315,0.004894716369298169,False
hpmcounter10,72,0.002333177417012523,0.005582276236044788,False
hpmcounter10,73,0.0006933445091487969,0.002023096616067016,False
hpmcounter10,74,0.0005406128837529215,0.0013201267651709848,False
hpmcounter10,75,0.00129459036509597,0.004198745879757777,False
hpmcounter10,76,0.0020870454788338663,0.007538634110974688,False
hpmcounter10,77,0.002016799699959818,0.006273130473481067,False
hpmcounter10,78,0.002035595372091509,0.005341296385023691,False
hpmcounter10,79,0.0020686463055485985,0.006149795865699793,False
hpmcounter10,80,0.0012938909508855962,0.003838263452696867,False
hpmcounter10,81,0.0011743746067330188,0.0021120544776808913,False
hpmcounter10,82,0.001343754854935849,0.003206638967983805,False
hpmcounter10,83,0.001888832095617236,0.005452974958077559,False
hpmcounter10,84,0.0017243503773426456,0.004899028286231907,False
hpmcounter10,85,0.0018977646660161978,0.005726087951236416,False
hpmcounter10,86,0.0013206307367381247,0.0036257026340609706,False
hpmcounter10,87,0.001652126387985264,0.0037514196512909454,False
hpmcounter10,88,0.0009120981239478234,0.0023262909360503427,False
hpmcounter10,89,0.0009854475488207492,0.0032041192654710467,False
hpmcounter10,90,0.0011868218818195896,0.004283182023112845,False
hpmcounter10,91,0.0005625959883502148,0.002148341545541746,False
hpmcounter10,92,0.00026610297084613097,0.0007135952998143212,False
hpmcounter10,93,0.00026936152939724606,0.001138902902813014,False
hpmcounter10,94,0.0004061549576681462,0.0017177968169837065,False
hpmcounter10,95,0.0005459649521399386,0.0023101788249242543,False
hpmcounter10,96,0.00015120370445610113,0.0006389231155889257,False
hpmcounter10,97,0.0,1e-06,True
hpmcounter10,98,0.0,1e-06,True
hpmcounter10,99,0.0,1e-06,True
hpmcounter10,100,0.0,1e-06,True
hpmcounter10,101,0.0,1e-06,True
hpmcounter10,102,0.0,1e-06,True
hpmcounter10,103,0.00015013109889871261,0.0006119901663339224,False
hpmcounter10,104,0.0005214889637767484,0.0021063475714851124,False
hpmcounter10,105,0.00038806354066899397,0.0015659162439879241,False
hpmcounter10,106,0.0002571642867839466,0.0010367523401326937,False
hpmcounter10,107,0.00012791613565796696,0.0005149469546380972,False
hpmcounter10,108,9.76932145635657e-07,3.186746121178473e-06,False
hpmcounter10,109,0.00012896334138972292,0.0005214355993738698,False
hpmcounter10,110,0.00025822786215232764,0.001043308627421857,False
hpmcounter10,111,0.0003891527003540929,0.0015725875894866874,False
hpmcounter10,112,0.0005226146797225261,0.0021131838558598012,False
hpmcounter10,113,0.0001452821586587971,0.0005822022790349919,False
hpmcounter10,114,0.0,1e-06,True
hpmcounter10,115,0.0,1e-06,True
hpmcounter10,116,0.00014530642065057226,0.0005820180669498553,False
hpmcounter10,117,0.0006160297001020246,0.0018984091804593887,False
hpmcounter10,118,0.0005666563193585936,0.001312248125290928,False
hpmcounter10,119,0.0005325712351337245,0.0009820550665572002,False
hpmcounter10,120,0.00033063661902428483,0.0005730828930959474,False
hpmcounter10,121,0.00013997359068494442,0.00030428950130622403,False
hpmcounter10,122,0.00018861668085684487,0.0004789116895915929,False
hpmcounter10,123,0.0001392216605853944,0.000320684400049991,False
hpmcounter10,124,0.0004331793356298205,0.0007294637140588401,False
hpmcounter10,125,0.0007433549513228107,0.001799252864178044,False
hpmcounter10,126,0.00048352305424191063,0.0007281947272213307,False
hpmcounter10,127,0.00033899756045358914,0.0007546881622172249,False
hpmcounter10,128,0.00021445446585506618,0.0004997817635756809,False
hpmcounter10,129,0.00013605415804009616,0.0003703998609152967,False
hpmcounter10,130,0.0001637454255159091,0.00040703950538841074,False
hpmcounter10,131,0.00019974740527107978,0.0005083716181541122,False
hpmcounter10,132,0.0003666448378246014,0.0008414925217953834,False
hpmcounter10,133,0.00036677831040397,0.0006710168728564405,False
hpmcounter10,134,0.00026295505854831305,0.0005954613103715964,False
hpmcounter10,135,0.000230387714529196,0.0005667907448615072,False
hpmcounter10,136,0.00031450613249576814,0.0007788914754245664,False
hpmcounter10,137,0.00036565357817263907,0.0010466565505122857,False
hpmcounter10,138,0.00034460270700402515,0.0006323956895106499,False
hpmcounter10,139,0.0009365652050002575,0.0022362235781856823,False
hpmcounter10,140,0.0013801840441315947,0.0036651735356680627,False
hpmcounter10,141,0.0019704585387929287,0.005273414044472859,False
hpmcounter10,142,0.002282803883778428,0.006270374811622071,False
hpmcounter10,143,0.0027696608122522773,0.006403216432526382,False
hpmcounter10,144,0.0031505268131186925,0.005966722729551618,False
hpmcounter10,145,0.0031698397342011624,0.005425582694803855,False
hpmcounter10,146,0.002354634301411377,0.0038062225282338913,False
hpmcounter10,147,0.0032915970892292063,0.008143523843679218,False
hpmcounter10,148,0.003064035173877689,0.008085029286618138,False
hpmcounter10,149,0.0032549104192236755,0.007552063184475561,False
hpmcounter10,150,0.0036921904545388897,0.007094429967714472,False
hpmcounter10,151,0.0031884394088159177,0.00484764152248198,False
hpmcounter10,152,0.002713570167069998,0.004005864207398638,False
hpmcounter10,153,0.0022789410392902248,0.003095981914163848,False
hpmcounter10,154,0.002537283902138085,0.004909901462961861,False
hpmcounter10,155,0.002544665781014854,0.006299224721150521,False
hpmcounter10,156,0.0018573744161655432,0.004541726201693632,False
hpmcounter10,157,0.0020003769729819375,0.0036157624715662147,False
hpmcounter10,158,0.0020001599345139194,0.004292336396552952,False
hpmcounter10,159,0.0019095398763121225,0.004453793114050247,False
hpmcounter10,160,0.0020159802060062885,0.00551002111486588,False
hpmcounter10,161,0.0020308698484891724,0.006503833171900312,False
hpmcounter10,162,0.001431056642530731,0.0034832683748769874,False
hpmcounter10,163,0.001231919903864433,0.0032977688163502513,False
hpmcounter10,164,0.002053676272537449,0.004595840986502245,False
hpmcounter10,165,0.002253155710338598,0.006309907093713429,False
hpmcounter10,166,0.00198933458480506,0.005432933733818588,False
hpmcounter10,167,0.0018060636726471505,0.004756148614710426,False
hpmcounter10,168,0.001549078465452543,0.0033785431502138495,False
hpmcounter10,169,0.0011952059086194782,0.0023623223707329483,False
hpmcounter10,170,0.0009774877925905097,0.0024729866831943877,False
hpmcounter10,171,0.0007146458523032686,0.0017581385882629887,False
hpmcounter10,172,0.0009007931663415899,0.0024996927446465185,False
hpmcounter10,173,0.001520395588082558,0.003424678403275759,False
hpmcounter10,174,0.0016680577805798023,0.003423438885645313,False
hpmcounter10,175,0.0015631664980655078,0.0031384822861277913,False
hpmcounter10,176,0.0009702193322186969,0.002276545705747386,False
hpmcounter10,177,0.0008965440113220689,0.002500587578902498,False
hpmcounter10,178,0.0004987719576682755,0.0012375555542122087,False
hpmcounter10,179,0.0008279577288164639,0.0019508592853372953,False
hpmcounter10,180,0.0013988605677751208,0.0028741488504971597,False
hpmcounter10,181,0.0014701806365522525,0.002875144387389864,False
hpmcounter10,182,0.0011600547846332457,0.0030373424591554235,False
hpmcounter10,183,0.0004988262378321158,0.0016520809615778909,False
hpmcounter10,184,0.00022415499518601425,0.0006853227364345957,False
hpmcounter10,185,0.00041440302068677254,0.001750751443242109,False
hpmcounter10,186,0.0008022531724161091,0.0033791302936775876,False
hpmcounter10,187,0.0011909516505471175,0.004993511812414193,False
hpmcounter10,188,0.0014971388400903279,0.0062361872330198445,False
hpmcounter10,189,0.0016518149708975994,0.0068160085123810926,False
hpmcounter10,190,0.0008003696909785026,0.0032729241900879653,False
hpmcounter10,191,0.00017628684071332293,0.0003916831974075556,False
hpmcounter10,192,0.0011805429274221021,0.003925695093690808,False
hpmcounter10,193,0.002338917283170231,0.007736100992632441,False
hpmcounter10,194,0.0024965591680004,0.007700075371477393,False
hpmcounter10,195,0.001840992754533402,0.005573226397108886,False
hpmcounter10,196,0.0011236124758657547,0.0033308910073657464,False
hpmcounter10,197,0.0004184095703768473,0.0013745272263686887,False
hpmcounter10,198,0.0004545234090327536,0.0014656643045141567,False
hpmcounter10,199,0.0008357131324791885,0.0032114047654440933,False
hpmcounter10,200,0.0012156604901038374,0.0048359551911151925,False
hpmcounter10,201,0.0008165858447609706,0.0031925627016071326,False
hpmcounter10,202,0.0005817182798320738,0.0016435293243523823,False
hpmcounter10,203,0.0005359601902834013,0.0015509718463584078,False
hpmcounter10,204,0.0003506527117903472,0.0011383424768104636,False
hpmcounter10,205,0.0002494957308451475,0.0007770846533293461,False
hpmcounter10,206,0.0001536957249180754,0.00044949615435858046,False
hpmcounter10,207,0.00039700095210346427,0.0014091994488434568,False
hpmcounter10,208,0.000677365451459649,0.0024462325054575313,False
hpmcounter10,209,0.0002465568771861492,0.0008276417009522188,False
hpmcounter10,210,0.00025968896600244004,0.0007545288244236621,False
hpmcounter10,211,0.0006509645009856326,0.002289185977503307,False
hpmcounter10,212,0.0003205444121163433,0.0013545348842942016,False
hpmcounter10,213,9.620634779819639e-05,0.00040501763474792916,False
hpmcounter10,214,0.0001923498250081715,0.0008096349325186023,False
hpmcounter10,215,0.0002894863263522056,0.0012186915992637882,False
hpmcounter10,216,0.0003881335219476404,0.0016345018826193036,False
hpmcounter10,217,0.00010697616487851111,0.0004492315250236157,False
hpmcounter10,218,0.0,1e-06,True
hpmcounter10,219,0.0,1e-06,True
hpmcounter10,220,0.0,1e-06,True
hpmcounter10,221,0.0,1e-06,True
hpmcounter10,222,0.0,1e-06,True
hpmcounter10,223,0.00011160252864628252,0.000472633675989316,False
hpmcounter10,224,0.0001871562536090901,0.000516301145142206,False
hpmcounter10,225,0.0004352111668676087,0.0015679274057635165,False
hpmcounter10,226,0.0007721725117253622,0.003070190326801652,False
hpmcounter10,227,0.0011177465571448257,0.0045775448607101536,False
hpmcounter10,228,0.0014204612081731675,0.0057417964669361,False
hpmcounter10,229,0.0015779958423762937,0.006298818504218153,False
hpmcounter10,230,0.001545246475624203,0.006045241575430902,False
hpmcounter10,231,0.0012850049821257659,0.004832653438048375,False
hpmcounter10,232,0.0007461120166225326,0.0024767343217907637,False
hpmcounter10,233,0.000960871808099251,0.004063073436876766,False
hpmcounter10,234,0.0013683325588250536,0.005663190681547198,False
hpmcounter10,235,0.0015412729649080807,0.006245248020360669,False
hpmcounter10,236,0.001503152121393203,0.006004434940512142,False
hpmcounter10,237,0.0013018535069366358,0.005142601677982896,False
hpmcounter10,238,0.0009945310676284665,0.0038895233913075577,False
hpmcounter10,239,0.0006453530947160812,0.002499549935449634,False
hpmcounter10,240,0.0003214205916688566,0.0012326687043230109,False
hpmcounter10,241,8.711371905571341e-05,0.00033069812262828316,False
hpmcounter10,242,0.0,1e-06,True
hpmcounter10,243,9.056817265667743e-05,0.00034347250325505817,False
hpmcounter10,244,0.0003275982553296544,0.0012555797010849817,False
hpmcounter10,245,0.0006986995005148542,0.002307273345316597,False
hpmcounter10,246,0.0012494938744446553,0.0035325662094783635,False
hpmcounter10,247,0.0018675893468206657,0.004881258386649994,False
hpmcounter10,248,0.0017258524726516751,0.004384868840569457,False
hpmcounter10,249,0.0009147580442457048,0.0026543625165419025,False
hpmcounter10,250,0.0005575949896811043,0.0016888139248663558,False
hpmcounter10,251,0.000818760608218026,0.002669205755410302,False
hpmcounter10,252,0.0014935117000138471,0.004477083392301872,False
hpmcounter10,253,0.001639307896191413,0.0040097735926271656,False
hpmcounter10,254,0.001951921910648541,0.00446130496102325,False
hpmcounter10,255,0.001710308567096747,0.004140780301876108,False
hpmcounter10,256,0.0015444977268121848,0.005027550042222465,False
hpmcounter10,257,0.0008363103508477589,0.003230286189197745,False
hpmcounter10,258,0.00037180243431039815,0.0015655294809329779,False
hpmcounter10,259,0.00012519922576551955,0.00035901178339593776,False
hpmcounter10,260,0.00012690799340076562,0.00030400579846235845,False
hpmcounter10,261,0.00039635695682839337,0.0012383796742053846,False
hpmcounter10,262,0.001041121339685255,0.0037383243460456057,False
hpmcounter10,263,0.0009604675136666281,0.0033925538161181487,False
hpmcounter10,264,0.00128405676626699,0.00309442814993371,False
hpmcounter10,265,0.0012128879869149297,0.003009458604769896,False
hpmcounter10,266,0.0011952757787221063,0.0033930825104833513,False
hpmcounter10,267,0.0015400987330759942,0.00362921911033586,False
hpmcounter10,268,0.0020049255891299335,0.0037374866702665393,False
hpmcounter10,269,0.0024952944852481354,0.004444975205763228,False
hpmcounter10,270,0.002926685862675564,0.006354859565347484,False
hpmcounter10,271,0.003562039440653266,0.007657832894126925,False
hpmcounter10,272,0.0034017109774680783,0.007704830393187791,False
hpmcounter10,273,0.003035226337585292,0.00810404492368984,False
hpmcounter10,274,0.0015527721397599534,0.003966685864437905,False
hpmcounter10,275,0.0027434986234105944,0.005453722672622979,False
hpmcounter10,276,0.0035029743022980085,0.007477342913087111,False
hpmcounter10,277,0.0033532536094248782,0.007509762907999936,False
hpmcounter10,278,0.0031122749424270296,0.007035769994175993,False
hpmcounter10,279,0.002851021692941742,0.006115693504281805,False
hpmcounter10,280,0.002051492561274464,0.004304508987957789,False
hpmcounter10,281,0.0009851661743515026,0.0023843437718950866,False
hpmcounter10,282,0.0006158947834840561,0.0015533962982977414,False
hpmcounter10,283,0.0008987782490947046,0.002846819255811352,False
hpmcounter10,284,0.0013681030908202858,0.00457142169483296,False
hpmcounter10,285,0.0010439832315029352,0.003309022322779021,False
hpmcounter10,286,0.0009346372208262928,0.0022371491169142018,False
hpmcounter10,287,0.0009837390900802804,0.0028645432687441938,False
hpmcounter10,288,0.000500182692525847,0.0017301198323896436,False
hpmcounter10,289,0.00018303263516701872,0.0007668878324244938,False
hpmcounter10,290,1.1329207290013025e-05,4.717075013242081e-05,False
hpmcounter10,291,3.4001081574798594e-05,0.00014157239504892003,False
hpmcounter10,292,0.00015115982727715666,0.00045392027875541113,False
hpmcounter10,293,0.0004088079274570916,0.0014055540619766923,False
hpmcounter10,294,0.0008390291139178264,0.0027298014250673823,False
hpmcounter10,295,0.0010678910688593662,0.003963602570443356,False
hpmcounter10,296,0.0013003314337219011,0.004912090956908794,False
hpmcounter10,297,0.0014048693978167773,0.005317980605689853,False
hpmcounter10,298,0.0007836068268475781,0.002658989782031076,False
