counter,window_end_iter,mu_G0,sigma_G0,sigma_fragile
hpmcounter3,19,2.312317004538045e-14,0.7188840695033825,False
hpmcounter3,20,2.2890023210209166e-14,0.7336403133956023,False
hpmcounter3,21,-3.1502578323738816e-16,0.7313411748070546,False
hpmcounter3,22,-1.5265566588595902e-16,0.6969717047049557,False
hpmcounter3,23,0.0,0.6597520259586124,False
hpmcounter3,24,1.4988010832439614e-16,0.6221956726205865,False
hpmcounter3,25,5.828670879282072e-17,0.5819918342582451,False
hpmcounter3,26,2.2620794126737565e-16,0.5401309211105707,False
hpmcounter3,27,3.4555691641457995e-16,0.5049575660689063,False
hpmcounter3,28,4.871103520542875e-16,0.4733219906262193,False
hpmcounter3,29,6.272760089132135e-16,0.4321978800045102,False
hpmcounter3,30,6.439293542825908e-16,0.3774759036147229,False
hpmcounter3,31,4.163336342344337e-16,0.3267534400920156,False
hpmcounter3,32,3.969047313034935e-16,0.28398725417619264,False
hpmcounter3,33,4.3021142204224816e-16,0.25067221617869384,False
hpmcounter3,34,4.135580766728708e-16,0.23475886353231487,False
hpmcounter3,35,5.218048215738236e-16,0.23280376365176633,False
hpmcounter3,36,6.994405055138486e-16,0.2511000168489991,False
hpmcounter3,37,4.1078251911130794e-16,0.28516336618595955,False
hpmcounter3,38,1.7763568394002506e-16,0.32001724565044987,False
hpmcounter3,39,-1.3877787807814457e-17,0.35190942662626884,False
hpmcounter3,40,-1.9984014443252818e-16,0.3736510748645177,False
hpmcounter3,41,-2.4424906541753446e-16,0.3824877418256408,False
hpmcounter3,42,-4.9127368839663175e-16,0.3909120273979147,False
hpmcounter3,43,-6.550315845288424e-16,0.38932499228624784,False
hpmcounter3,44,-8.659739592076221e-16,0.3844261546869049,False
hpmcounter3,45,-7.993605777301127e-16,0.37207345829573746,False
hpmcounter3,46,-1.2462253451417382e-15,0.3515519872577999,False
hpmcounter3,47,-7.632783294297951e-16,0.33086340733876246,False
hpmcounter3,48,-7.133182933216631e-16,0.3159258848152501,False
hpmcounter3,49,-6.925016116099414e-16,0.30737941060401713,False
hpmcounter3,50,-4.635181127810028e-16,0.2987170308423074,False
hpmcounter3,51,-2.4494295480792514e-16,0.29054986029295654,False
hpmcounter3,52,1.9151347174783951e-16,0.27813097177565166,False
hpmcounter3,53,5.426215032855453e-16,0.27965149957352603,False
hpmcounter3,54,5.023759186428834e-16,0.2855136090518907,False
hpmcounter3,55,2.4702462297909734e-16,0.29019722501329964,False
hpmcounter3,56,6.043776590303196e-16,0.2871748080497811,False
hpmcounter3,57,3.559652572704408e-16,0.2720710317041378,False
hpmcounter3,58,3.5874081483200373e-16,0.255364822925647,False
hpmcounter3,59,4.1494585545365224e-16,0.23670816525344845,False
hpmcounter3,60,4.829470157119431e-16,0.22808280170612197,False
hpmcounter3,61,1.7486012637846215e-16,0.2262254675119389,False
hpmcounter3,62,-3.9135361618036767e-16,0.23467658609078249,False
hpmcounter3,63,-6.63358257213531e-16,0.2541509832141672,False
hpmcounter3,64,-4.163336342344337e-16,0.2887859617363438,False
hpmcounter3,65,-4.4408920985006264e-17,0.32739631955894677,False
hpmcounter3,66,-5.551115123125783e-17,0.35718182284343436,False
hpmcounter3,67,-2.220446049250313e-16,0.3752315865623333,False
hpmcounter3,68,-1.6653345369377347e-17,0.38460680535275477,False
hpmcounter3,69,2.1371793224034264e-16,0.38439539147697105,False
hpmcounter3,70,1.4988010832439614e-16,0.376957866906128,False
hpmcounter3,71,2.2759572004815707e-16,0.3581953949802756,False
hpmcounter3,72,6.938893903907228e-16,0.32918195684045654,False
hpmcounter3,73,9.367506770274758e-16,0.29402345168394534,False
hpmcounter3,74,7.424616477180734e-16,0.25830154794389304,False
hpmcounter3,75,3.740063814205996e-16,0.22865800686208076,False
hpmcounter3,76,3.282096816548119e-16,0.21068710972557914,False
hpmcounter3,77,2.2759572004815707e-16,0.19833176519929888,False
hpmcounter3,78,9.853229343548264e-17,0.1864672698439049,False
hpmcounter3,79,-3.6012859361278514e-16,0.1760106100355437,False
hpmcounter3,80,-7.91033905045424e-16,0.16456838235557342,False
hpmcounter3,81,-4.954370247389761e-16,0.1589090504310216,False
hpmcounter3,82,-5.051514762044462e-16,0.15294229533470502,False
hpmcounter3,83,-1.0796918914479647e-15,0.15085034526523688,False
hpmcounter3,84,-1.1324274851176596e-15,0.15112709844193198,False
hpmcounter3,85,-1.0824674490095276e-15,0.15842485420773825,False
hpmcounter3,86,-1.2934098236883074e-15,0.16455431326541098,False
hpmcounter3,87,-1.0103029524088924e-15,0.16816651917040973,False
hpmcounter3,88,-8.104628079763643e-16,0.16516302484801865,False
hpmcounter3,89,-1.1102230246251565e-16,0.15919334739223467,False
hpmcounter3,90,3.0253577421035517e-16,0.15565164561234693,False
hpmcounter3,91,2.0816681711721685e-16,0.14878462898639097,False
hpmcounter3,92,1.7208456881689927e-16,0.13747354013381707,False
hpmcounter3,93,7.743805596760466e-16,0.12235387805465922,False
hpmcounter3,94,1.0623446566881966e-15,0.10987699321215538,False
hpmcounter3,95,1.3829215550487107e-15,0.10081158775796224,False
hpmcounter3,96,1.9394208461420703e-15,0.09032952301687751,False
hpmcounter3,97,2.0866988692525014e-15,0.07581277243161139,False
hpmcounter3,98,1.5933435126846973e-15,0.06403127410422264,False
hpmcounter3,99,1.1875916916537222e-15,0.052590323995355605,False
hpmcounter3,100,9.91567938868343e-16,0.04216948486741499,False
hpmcounter3,101,9.547918011776346e-16,0.03373885580187263,False
hpmcounter3,102,7.251144129583054e-16,0.026216465577856975,False
hpmcounter3,103,5.169475958410885e-16,0.018830319249659364,False
hpmcounter3,104,2.9004576518332213e-16,0.015213395579723621,False
hpmcounter3,105,8.638922910364499e-17,0.018561732609024044,False
hpmcounter3,106,-4.1668057892962904e-16,0.02583634942908281,False
hpmcounter3,107,-5.995204332975846e-16,0.03324867825077369,False
hpmcounter3,108,1.0200174038743625e-16,0.0406580748621754,False
hpmcounter3,109,1.6306400674181987e-17,0.04807036220186384,False
hpmcounter3,110,1.0581813203458523e-16,0.05549041270418239,False
hpmcounter3,111,-8.291978215169137e-17,0.062906048082384,False
hpmcounter3,112,2.4494295480792514e-16,0.07032092360216505,False
hpmcounter3,113,3.028827189055505e-16,0.07027774453561196,False
hpmcounter3,114,-2.7304547511874945e-16,0.06289007161174595,False
hpmcounter3,115,-2.622901895676932e-16,0.05550367590300438,False
hpmcounter3,116,-2.6194324487249787e-16,0.04825138634575878,False
hpmcounter3,117,-2.3904489498960404e-16,0.04221783186895658,False
hpmcounter3,118,-1.05609965217468e-15,0.03821811181199785,False
hpmcounter3,119,-1.4127587988355117e-15,0.037184596965752915,False
hpmcounter3,120,-8.198303147466391e-16,0.040025088223716226,False
hpmcounter3,121,-9.461181837977505e-16,0.04603838942425258,False
hpmcounter3,122,-1.136590821460004e-15,0.05418705323841242,False
hpmcounter3,123,-9.277301149523964e-16,0.06641866943806433,False
hpmcounter3,124,-1.0928757898653885e-16,0.07852622545224316,False
hpmcounter3,125,-9.159339953157541e-17,0.09073155679400327,False
hpmcounter3,126,1.8769708010069053e-16,0.09690712364364593,False
hpmcounter3,127,-2.4077961846558084e-16,0.0948356102836743,False
hpmcounter3,128,7.743805596760466e-16,0.09093047429165288,False
hpmcounter3,129,1.1705914015891493e-15,0.08521988564516438,False
hpmcounter3,130,7.632783294297952e-18,0.0800800292144575,False
hpmcounter3,131,8.625045122556685e-16,0.07561996034894623,False
hpmcounter3,132,1.021405182655144e-15,0.07171397646695088,False
hpmcounter3,133,2.345346139520643e-16,0.06255953911988808,False
hpmcounter3,134,2.2898349882893852e-17,0.05350585727624207,False
hpmcounter3,135,3.9759862069388417e-16,0.04748301256532843,False
hpmcounter3,136,-1.734723475976807e-16,0.0466382895182859,False
hpmcounter3,137,1.9984014443252818e-16,0.046937622146303454,False
hpmcounter3,138,-7.5842110369706e-16,0.049125571996955844,False
hpmcounter3,139,-7.757683384568281e-16,0.053876859428250455,False
hpmcounter3,140,-1.3183898417423734e-16,0.0624931031826683,False
hpmcounter3,141,-9.804657086220914e-16,0.07486605201835828,False
hpmcounter3,142,-1.5390466678866233e-15,0.08672196762295362,False
hpmcounter3,143,-3.9968028886505636e-16,0.10095995982217819,False
hpmcounter3,144,1.3322676295501878e-16,0.12181732998868058,False
hpmcounter3,145,-3.4416913763379854e-16,0.14858965965881943,False
hpmcounter3,146,2.7755575615628914e-16,0.17615829634972702,False
hpmcounter3,147,2.609024107869118e-16,0.20457298800448004,False
hpmcounter3,148,9.992007221626409e-16,0.2301727595417872,False
hpmcounter3,149,8.826273045769995e-16,0.2527043600864619,False
hpmcounter3,150,9.18709552877317e-16,0.27007411084295174,False
hpmcounter3,151,7.799316747991725e-16,0.28178739726367613,False
hpmcounter3,152,8.659739592076221e-16,0.2880273224067471,False
hpmcounter3,153,8.881784197001253e-17,0.2869338950668163,False
hpmcounter3,154,-8.049116928532385e-16,0.2800113490424671,False
hpmcounter3,155,-9.103828801926283e-16,0.2687371502895909,False
hpmcounter3,156,-7.716050021144838e-16,0.2548337613325317,False
hpmcounter3,157,-6.300515664747763e-16,0.23796814328071592,False
hpmcounter3,158,-1.4918621893400541e-15,0.21677466976039636,False
hpmcounter3,159,-7.216449660063518e-16,0.1937602404113691,False
hpmcounter3,160,-3.871902798380233e-16,0.17538005850419214,False
hpmcounter3,161,1.0824674490095276e-16,0.16665962802136625,False
hpmcounter3,162,1.0491607582707729e-15,0.16387285962138814,False
hpmcounter3,163,8.604228440844963e-16,0.165804781574767,False
hpmcounter3,164,1.5404344466674047e-15,0.1720383474303317,False
hpmcounter3,165,1.63202784619898e-15,0.18023718055513913,False
hpmcounter3,166,7.660538869913581e-16,0.1855964577985498,False
hpmcounter3,167,4.496403249731884e-16,0.18639418705589353,False
hpmcounter3,168,1.2934098236883074e-15,0.18192496413129874,False
hpmcounter3,169,1.6653345369377348e-16,0.17528450576303406,False
hpmcounter3,170,-5.60662627435704e-16,0.16637095561323945,False
hpmcounter3,171,-5.301314942585123e-16,0.1542248912695017,False
hpmcounter3,172,-1.6209256159527285e-15,0.14363621675458993,False
hpmcounter3,173,-1.273980920757367e-15,0.13564601688732203,False
hpmcounter3,174,-1.970645868709653e-15,0.13428538540646742,False
hpmcounter3,175,-1.6778245459647679e-15,0.13373788195003705,False
hpmcounter3,176,-1.3152673394856152e-15,0.13475369973131596,False
hpmcounter3,177,-1.0101294800612947e-15,0.13762685107218198,False
hpmcounter3,178,-1.519617764955683e-15,0.13960968905799342,False
hpmcounter3,179,-6.439293542825908e-16,0.1447478555141384,False
hpmcounter3,180,-5.231926003546051e-16,0.15233310036825082,False
hpmcounter3,181,-8.465450562766819e-16,0.15691713257107545,False
hpmcounter3,182,1.5681900222830337e-16,0.15601623504769685,False
hpmcounter3,183,1.942890293094024e-16,0.1462000485617665,False
hpmcounter3,184,3.060052211623088e-16,0.13066350349862796,False
hpmcounter3,185,3.3306690738754696e-16,0.11327808283581718,False
hpmcounter3,186,1.027997131863856e-15,0.09727146954777421,False
hpmcounter3,187,7.105427357601002e-16,0.08391036143418334,False
hpmcounter3,188,6.827871601444713e-16,0.07798109780223221,False
hpmcounter3,189,1.158795281952507e-16,0.08173292735766256,False
hpmcounter3,190,3.677613769070831e-16,0.09322010790162227,False
hpmcounter3,191,3.452099717193846e-16,0.10967344681174994,False
hpmcounter3,192,-8.884386282215217e-16,0.12883216520826263,False
hpmcounter3,193,-7.157469061880306e-16,0.14922767973740775,False
hpmcounter3,194,-1.1726730697603215e-16,0.16377405322097183,False
hpmcounter3,195,-9.672818102046677e-16,0.17236544781961932,False
hpmcounter3,196,-1.9068080447937064e-15,0.1753956878505955,False
hpmcounter3,197,-1.5348833315442788e-15,0.173316838756581,False
hpmcounter3,198,-1.1823875212257918e-15,0.16687993835244022,False
hpmcounter3,199,-1.1851630787873547e-15,0.15724790199604646,False
hpmcounter3,200,-8.465450562766819e-16,0.15105065200768672,False
hpmcounter3,201,-4.85722573273506e-16,0.14348580528039667,False
hpmcounter3,202,5.3568260938163805e-16,0.13293251072867768,False
hpmcounter3,203,5.745404152435185e-16,0.11902572819021856,False
hpmcounter3,204,2.7755575615628914e-17,0.10275343898274333,False
hpmcounter3,205,1.174060848541103e-15,0.08962593562273712,False
hpmcounter3,206,1.5348833315442788e-15,0.07958986783507616,False
hpmcounter3,207,1.0227929614359255e-15,0.074040509944288,False
hpmcounter3,208,5.370703881624195e-16,0.07449053085918063,False
hpmcounter3,209,5.773159728050814e-16,0.07748848898178771,False
hpmcounter3,210,-8.326672684688674e-18,0.0849949755243627,False
hpmcounter3,211,-5.2735593669694933e-17,0.09600155572571015,False
hpmcounter3,212,-6.716849298982197e-16,0.10076911723947672,False
hpmcounter3,213,-7.188694084447888e-16,0.09988109966325046,False
hpmcounter3,214,-5.578870698741412e-16,0.09902426457861664,False
hpmcounter3,215,-8.992806499463768e-16,0.09836635445555451,False
hpmcounter3,216,-4.940492459581947e-16,0.0979072542096372,False
hpmcounter3,217,0.0,0.09112053874174425,False
hpmcounter3,218,6.411537967210279e-16,0.078102657136725,False
hpmcounter3,219,7.840950111415168e-16,0.06496455273656371,False
hpmcounter3,220,1.2378986724570496e-15,0.051884966723400025,False
hpmcounter3,221,1.0380585280245213e-15,0.03892393079602958,False
hpmcounter3,222,2.0518309273853674e-15,0.02918745550946539,False
hpmcounter3,223,1.3773704399255848e-15,0.022761457804402314,False
hpmcounter3,224,1.5730472480157686e-15,0.017246653538942645,False
hpmcounter3,225,1.1809997424450102e-15,0.01604278776202369,False
hpmcounter3,226,6.362965709882929e-16,0.022993112987181253,False
hpmcounter3,227,5.231926003546051e-16,0.035673422625674876,False
hpmcounter3,228,-9.506284648352902e-17,0.051515434973551405,False
hpmcounter3,229,5.176414852314792e-16,0.0705110075652558,False
hpmcounter3,230,9.49240686054509e-16,0.092609936815818,False
hpmcounter3,231,5.10702591327572e-16,0.11774161312812845,False
hpmcounter3,232,-5.384581669432009e-16,0.14579908014876553,False
hpmcounter3,233,-3.302913498259841e-16,0.17305576279782334,False
hpmcounter3,234,-8.326672684688674e-18,0.19422644350397075,False
hpmcounter3,235,2.7755575615628914e-17,0.20914514060705525,False
hpmcounter3,236,-4.635181127810028e-16,0.21775536816193083,False
hpmcounter3,237,-6.439293542825908e-16,0.2200611119224687,False
hpmcounter3,238,1.1102230246251566e-17,0.21609775281292318,False
hpmcounter3,239,-2.9420910152566647e-16,0.20593453431850747,False
hpmcounter3,240,-2.32314167902814e-15,0.18963983606372833,False
hpmcounter3,241,-1.1185496973098451e-15,0.16732308023051887,False
hpmcounter3,242,-8.021361352916756e-16,0.13920317824809061,False
hpmcounter3,243,4.829470157119431e-16,0.11114226474823567,False
hpmcounter3,244,-1.3461454173580023e-15,0.08688034440422548,False
hpmcounter3,245,-4.843347944927245e-16,0.06760349060921714,False
hpmcounter3,246,1.1657341758564144e-15,0.05645365726539107,False
hpmcounter3,247,1.3072876114961219e-15,0.057919825370437154,False
hpmcounter3,248,6.022959908591474e-16,0.06946288548612067,False
hpmcounter3,249,3.552713678800501e-16,0.0857257501943794,False
hpmcounter3,250,1.6736612096224234e-15,0.10379154458885179,False
hpmcounter3,251,-3.608224830031759e-17,0.12248812663997993,False
hpmcounter3,252,-4.0245584642661925e-16,0.14143316052409735,False
hpmcounter3,253,-2.4147350785597155e-15,0.1555037174747314,False
hpmcounter3,254,-1.0658141036401502e-15,0.16513047915489076,False
hpmcounter3,255,-2.4702462297909733e-15,0.16724626268191026,False
hpmcounter3,256,-3.766431611040843e-15,0.16218583358355299,False
hpmcounter3,257,-3.1225022567582528e-15,0.15029021552640426,False
hpmcounter3,258,-3.072542220650121e-15,0.1364909228986387,False
hpmcounter3,259,-3.7997383017795984e-15,0.12540976069398294,False
hpmcounter3,260,-3.094746681142624e-15,0.12052417661776592,False
hpmcounter3,261,-7.188694084447888e-16,0.12390403001424975,False
hpmcounter3,262,-2.914335439641036e-16,0.1338388494195955,False
hpmcounter3,263,1.7319479184152442e-15,0.14243186733383462,False
hpmcounter3,264,2.051137037994977e-15,0.14827394107860167,False
hpmcounter3,265,3.452793606584237e-15,0.15116781004620364,False
hpmcounter3,266,3.780309398848658e-15,0.1511282213472348,False
hpmcounter3,267,2.4522051056408144e-15,0.154768801306322,False
hpmcounter3,268,4.121702978920894e-15,0.16333580499275036,False
hpmcounter3,269,4.414524301665779e-15,0.17152070264751587,False
hpmcounter3,270,3.4236502521878263e-15,0.17981234303706065,False
hpmcounter3,271,9.950373858202966e-16,0.18593964665670662,False
hpmcounter3,272,1.990074771640593e-15,0.19902344302756134,False
hpmcounter3,273,6.591949208711867e-16,0.21779584643834338,False
hpmcounter3,274,3.1502578323738816e-16,0.23523969870319988,False
hpmcounter3,275,-1.3600232051658168e-15,0.2518337995518868,False
hpmcounter3,276,-1.011690731189674e-15,0.26371017723809737,False
hpmcounter3,277,6.716849298982197e-16,0.26790005183907045,False
hpmcounter3,278,-1.0422218643668656e-15,0.2641991951448178,False
hpmcounter3,279,-3.3584246494910984e-16,0.25649099140316345,False
hpmcounter3,280,6.869504964868156e-17,0.2433081139237929,False
hpmcounter3,281,2.085831507514513e-15,0.2255524378210397,False
hpmcounter3,282,3.518019209280965e-16,0.20660507189366295,False
hpmcounter3,283,6.800116025829084e-16,0.1877511190457315,False
hpmcounter3,284,3.4486302702418927e-16,0.17559639678609318,False
hpmcounter3,285,1.0658141036401502e-15,0.167543515097656,False
hpmcounter3,286,1.0456913113188192e-15,0.16304798892820233,False
hpmcounter3,287,-1.3385126340637044e-15,0.160363428282692,False
hpmcounter3,288,-9.797718192317006e-16,0.15394454908078611,False
hpmcounter3,289,-1.6670692604137116e-15,0.14211418365026351,False
hpmcounter3,290,-2.0712598303163077e-15,0.12749367995927074,False
hpmcounter3,291,-3.3438529722928932e-15,0.11312098220977175,False
hpmcounter3,292,-3.3632818752238335e-15,0.0988275653052118,False
hpmcounter3,293,-3.981190377366772e-15,0.08508096749371433,False
hpmcounter3,294,-2.6645352591003757e-15,0.07379386458540076,False
hpmcounter3,295,-2.331815296408024e-15,0.06273369180642246,False
hpmcounter3,296,-2.689862221849637e-15,0.06058653691119037,False
hpmcounter3,297,-6.560724186144284e-16,0.06895780019094128,False
hpmcounter3,298,-1.2975731600306517e-15,0.08389554814560655,False
hpmcounter4,19,2.4980018054066023e-17,0.6672575703987915,False
hpmcounter4,20,0.0,0.6925644674157028,False
hpmcounter4,21,-3.8857805861880476e-17,0.7230730560855003,False
hpmcounter4,22,-4.163336342344337e-17,0.6894143015113393,False
hpmcounter4,23,8.326672684688674e-17,0.6529075151762305,False
hpmcounter4,24,2.3592239273284576e-17,0.6160901103969344,False
hpmcounter4,25,3.608224830031759e-17,0.5765981027024495,False
hpmcounter4,26,1.6653345369377347e-17,0.5354676466097231,False
hpmcounter4,27,-1.9428902930940238e-17,0.5008701407754568,False
hpmcounter4,28,-1.249000902703301e-16,0.469666314844299,False
hpmcounter4,29,-1.0269562977782698e-16,0.4290654460846213,False
hpmcounter4,30,-3.191891195797325e-17,0.3749113273736565,False
hpmcounter4,31,3.8857805861880476e-17,0.3244812108277203,False
hpmcounter4,32,0.0,0.28178420940480253,False
hpmcounter4,33,-7.494005416219807e-17,0.2484842499899658,False
hpmcounter4,34,-6.38378239159465e-17,0.2324982799300801,False
hpmcounter4,35,-1.3877787807814457e-17,0.23043595291920108,False
hpmcounter4,36,4.163336342344337e-17,0.24851849531513487,False
hpmcounter4,37,6.938893903907228e-17,0.28228041837192985,False
hpmcounter4,38,2.4980018054066023e-17,0.31686513977231484,False
hpmcounter4,39,3.608224830031759e-17,0.34853949504562676,False
hpmcounter4,40,-8.881784197001253e-17,0.37016963867415287,False
hpmcounter4,41,3.3306690738754695e-17,0.378985229230794,False
hpmcounter4,42,-5.551115123125783e-18,0.38727237731133113,False
hpmcounter4,43,1.9428902930940238e-17,0.38558542718251904,False
hpmcounter4,44,-1.6653345369377347e-17,0.38067532070855153,False
hpmcounter4,45,5.551115123125783e-18,0.3684486151610122,False
hpmcounter4,46,-1.6653345369377347e-17,0.3481593779168627,False
hpmcounter4,47,-1.6653345369377347e-17,0.3277344979515542,False
hpmcounter4,48,6.661338147750939e-17,0.31300651648263844,False
hpmcounter4,49,6.800116025829084e-17,0.3046116853127696,False
hpmcounter4,50,9.159339953157541e-17,0.29611353144624963,False
hpmcounter4,51,-1.3877787807814457e-17,0.2881328917087894,False
hpmcounter4,52,-4.093947403305265e-17,0.2758146241103082,False
hpmcounter4,53,-4.718447854656915e-17,0.27729731178487294,False
hpmcounter4,54,6.661338147750939e-17,0.28306149836713623,False
hpmcounter4,55,-2.0816681711721685e-17,0.2876221728377709,False
hpmcounter4,56,-2.983724378680108e-17,0.2845822987384377,False
hpmcounter4,57,3.95516952522712e-17,0.2695747798510237,False
hpmcounter4,58,1.6653345369377347e-17,0.2530134704230839,False
hpmcounter4,59,2.6367796834847467e-17,0.23454815861038278,False
hpmcounter4,60,-5.967448757360216e-17,0.22601212647196506,False
hpmcounter4,61,-3.3306690738754695e-17,0.22414452916096303,False
hpmcounter4,62,1.9428902930940238e-17,0.23254149715862552,False
hpmcounter4,63,5.828670879282072e-17,0.2518559597156237,False
hpmcounter4,64,-6.106226635438361e-17,0.2862215044987844,False
hpmcounter4,65,2.2204460492503132e-17,0.3245620521445344,False
hpmcounter4,66,8.881784197001253e-17,0.35418292003227114,False
hpmcounter4,67,-7.771561172376095e-17,0.3721667216908199,False
hpmcounter4,68,1.9428902930940238e-17,0.3815380148806491,False
hpmcounter4,69,-7.771561172376095e-17,0.38140777083391025,False
hpmcounter4,70,-2.7755575615628915e-18,0.37410685342248223,False
hpmcounter4,71,-8.326672684688674e-18,0.35555070010542034,False
hpmcounter4,72,-2.7755575615628914e-17,0.3267603881053956,False
hpmcounter4,73,-7.355227538141662e-17,0.2918761463331194,False
hpmcounter4,74,1.8041124150158794e-17,0.25642494542383415,False
hpmcounter4,75,-2.0816681711721685e-17,0.22698186709194257,False
hpmcounter4,76,-1.0408340855860843e-16,0.209111537761186,False
hpmcounter4,77,4.5102810375396984e-17,0.19684141361518503,False
hpmcounter4,78,-4.5796699765787705e-17,0.18506121972406495,False
hpmcounter4,79,2.7755575615628915e-18,0.17467505153485233,False
hpmcounter4,80,2.0816681711721685e-17,0.16330307008880954,False
hpmcounter4,81,-1.9428902930940238e-17,0.1576756635947353,False
hpmcounter4,82,5.551115123125783e-17,0.1517359205004117,False
hpmcounter4,83,1.9428902930940238e-17,0.14966117909011042,False
hpmcounter4,84,1.6653345369377347e-17,0.1499457993950732,False
hpmcounter4,85,-3.608224830031759e-17,0.1572133395066154,False
hpmcounter4,86,6.106226635438361e-17,0.16335266347192332,False
hpmcounter4,87,-3.3306690738754695e-17,0.16699589968641157,False
hpmcounter4,88,5.551115123125783e-18,0.1640912579776203,False
hpmcounter4,89,2.7755575615628915e-18,0.15826016847501598,False
hpmcounter4,90,3.8857805861880476e-17,0.15484846255770393,False
hpmcounter4,91,6.38378239159465e-17,0.14813647351883502,False
hpmcounter4,92,-4.4408920985006264e-17,0.13701466121919026,False
hpmcounter4,93,5.689893001203927e-17,0.122012475110183,False
hpmcounter4,94,4.371503159461554e-17,0.10963880507657346,False
hpmcounter4,95,4.0592529337857284e-17,0.10065664492831236,False
hpmcounter4,96,-3.122502256758253e-17,0.09028348346327568,False
hpmcounter4,97,6.7654215563095475e-18,0.07580810009471955,False
hpmcounter4,98,-8.153200337090994e-18,0.06403821334198706,False
hpmcounter4,99,-1.6653345369377347e-17,0.052616643227459334,False
hpmcounter4,100,-6.175615574477434e-17,0.04221756930007969,False
hpmcounter4,101,-3.9898639947466563e-17,0.03379780350772653,False
hpmcounter4,102,1.97758476261356e-17,0.02627977183360394,False
hpmcounter4,103,-6.938893903907228e-18,0.018899377227757867,False
hpmcounter4,104,-2.8449465006019634e-17,0.015253697591510592,False
hpmcounter4,105,-3.400058012914542e-17,0.01851293239331667,False
hpmcounter4,106,-4.163336342344337e-17,0.025705305186897284,False
hpmcounter4,107,-6.106226635438361e-17,0.03304285647070937,False
hpmcounter4,108,1.3877787807814457e-17,0.04038041451266736,False
hpmcounter4,109,-1.5265566588595904e-17,0.04771797619518606,False
hpmcounter4,110,-2.0816681711721685e-17,0.0550555400626714,False
hpmcounter4,111,-9.228728892196614e-17,0.06239310534425302,False
hpmcounter4,112,-2.0122792321330962e-17,0.06973067159352657,False
hpmcounter4,113,-7.91033905045424e-17,0.06968321788207127,False
hpmcounter4,114,-6.800116025829084e-17,0.062345651638035106,False
hpmcounter4,115,-3.191891195797325e-17,0.05500808636392295,False
hpmcounter4,116,4.163336342344337e-18,0.04780251343318601,False
hpmcounter4,117,1.1102230246251566e-17,0.04182495712711889,False
hpmcounter4,118,-3.053113317719181e-17,0.037896247246501084,False
hpmcounter4,119,-3.3306690738754695e-17,0.036933407063704994,False
hpmcounter4,120,-1.8041124150158794e-17,0.03981236777845548,False
hpmcounter4,121,4.9960036108132046e-17,0.04581451481516456,False
hpmcounter4,122,6.938893903907228e-18,0.05390651144527094,False
hpmcounter4,123,3.469446951953614e-17,0.06602204415382851,False
hpmcounter4,124,4.787836793695988e-17,0.07800453772144574,False
hpmcounter4,125,3.469446951953614e-17,0.09007768529739103,False
hpmcounter4,126,6.730727086790011e-17,0.09618217651971973,False
hpmcounter4,127,5.342948306008566e-17,0.09410502369500702,False
hpmcounter4,128,1.8041124150158794e-17,0.09021023989945845,False
hpmcounter4,129,1.0477729794899915e-16,0.08454628737434937,False
hpmcounter4,130,4.5796699765787705e-17,0.07944067026342079,False
hpmcounter4,131,4.5796699765787705e-17,0.07500748983977737,False
hpmcounter4,132,1.1102230246251566e-17,0.07112926362873201,False
hpmcounter4,133,-2.5673907444456746e-17,0.06204636794892048,False
hpmcounter4,134,-7.077671781985372e-17,0.052988882846976906,False
hpmcounter4,135,3.469446951953614e-18,0.04693356376331107,False
hpmcounter4,136,-3.677613769070831e-17,0.04602776852373948,False
hpmcounter4,137,1.1796119636642288e-17,0.04632219120134127,False
hpmcounter4,138,1.9428902930940238e-17,0.04849306754038123,False
hpmcounter4,139,-5.4817261840867107e-17,0.0532034179273727,False
hpmcounter4,140,-3.677613769070831e-17,0.06176352420638637,False
hpmcounter4,141,3.053113317719181e-17,0.0740535270422016,False
hpmcounter4,142,4.4408920985006264e-17,0.08586024006358373,False
hpmcounter4,143,6.800116025829084e-17,0.10002454576574014,False
hpmcounter4,144,6.106226635438361e-17,0.1207715141563906,False
hpmcounter4,145,4.9960036108132046e-17,0.14743486369027078,False
hpmcounter4,146,4.163336342344337e-17,0.1748884935380332,False
hpmcounter4,147,-2.7755575615628915e-18,0.20317550249968186,False
hpmcounter4,148,5.551115123125783e-18,0.22865948587942428,False
hpmcounter4,149,-1.6653345369377347e-17,0.2510936106419652,False
hpmcounter4,150,3.8857805861880476e-17,0.2683890333049987,False
hpmcounter4,151,-1.3877787807814457e-17,0.28005125830409655,False
hpmcounter4,152,-2.2204460492503132e-17,0.2862579874043198,False
hpmcounter4,153,-3.8857805861880476e-17,0.2851820873828384,False
hpmcounter4,154,1.1102230246251566e-17,0.27829750358058525,False
hpmcounter4,155,-1.9428902930940238e-17,0.2670138140369408,False
hpmcounter4,156,-4.9960036108132046e-17,0.2531487469394886,False
hpmcounter4,157,-8.049116928532385e-17,0.23634809235842844,False
hpmcounter4,158,-1.0685896612017132e-16,0.21526747234704027,False
hpmcounter4,159,-8.326672684688674e-18,0.19237084162220247,False
hpmcounter4,160,8.326672684688674e-18,0.17407620164860532,False
hpmcounter4,161,-6.938893903907228e-18,0.16537298403159442,False
hpmcounter4,162,-6.38378239159465e-17,0.1625721864386314,False
hpmcounter4,163,-1.6653345369377347e-17,0.1644542016460418,False
hpmcounter4,164,2.7755575615628915e-18,0.17061642067170402,False
hpmcounter4,165,0.0,0.17873089326984054,False
hpmcounter4,166,2.7755575615628914e-17,0.18405175236690227,False
hpmcounter4,167,9.43689570931383e-17,0.18484571663731078,False
hpmcounter4,168,8.326672684688674e-17,0.18041598444061369,False
hpmcounter4,169,-1.6653345369377347e-17,0.17383746228838276,False
hpmcounter4,170,-2.2204460492503132e-17,0.1649928398153974,False
hpmcounter4,171,5.551115123125783e-18,0.15295016646848744,False
hpmcounter4,172,5.551115123125783e-17,0.14245970708682484,False
hpmcounter4,173,1.3877787807814457e-17,0.13455475762279165,False
hpmcounter4,174,3.608224830031759e-17,0.13323575967804416,False
hpmcounter4,175,-3.191891195797325e-17,0.13272499015006647,False
hpmcounter4,176,3.469446951953614e-18,0.13374592490564988,False
hpmcounter4,177,-1.43982048506075e-17,0.13659835340641904,False
hpmcounter4,178,0.0,0.13855273313486566,False
hpmcounter4,179,9.714451465470119e-18,0.14363498504113437,False
hpmcounter4,180,1.457167719820518e-17,0.1511447115795933,False
hpmcounter4,181,-2.42861286636753e-17,0.15567908729679267,False
hpmcounter4,182,3.538835890992686e-17,0.15476874342243957,False
hpmcounter4,183,5.551115123125783e-17,0.1450145914958466,False
hpmcounter4,184,-6.071532165918825e-17,0.12959610509904454,False
hpmcounter4,185,2.4980018054066023e-17,0.11234594647154604,False
hpmcounter4,186,-2.4286128663675298e-18,0.09647014476509144,False
hpmcounter4,187,-3.2959746043559335e-17,0.08322227027598171,False
hpmcounter4,188,-3.3653635433950055e-17,0.07736205597295205,False
hpmcounter4,189,3.434752482434078e-17,0.08113164297436112,False
hpmcounter4,190,-1.3877787807814457e-17,0.09257998024361923,False
hpmcounter4,191,3.469446951953614e-18,0.10895699743582525,False
hpmcounter4,192,-1.734723475976807e-17,0.12801367272344255,False
hpmcounter4,193,-7.979727989493313e-17,0.14830035569826355,False
hpmcounter4,194,4.093947403305265e-17,0.16278622760569922,False
hpmcounter4,195,-1.1102230246251566e-17,0.17136061249065238,False
hpmcounter4,196,0.0,0.17440922112768756,False
hpmcounter4,197,1.9428902930940238e-17,0.17236619606461911,False
hpmcounter4,198,1.1102230246251566e-17,0.16597832763217726,False
hpmcounter4,199,-3.608224830031759e-17,0.15640241102095612,False
hpmcounter4,200,-3.053113317719181e-17,0.15023905630764237,False
hpmcounter4,201,2.2204460492503132e-17,0.14272038932294828,False
hpmcounter4,202,-4.718447854656915e-17,0.1322218791550505,False
hpmcounter4,203,6.106226635438361e-17,0.11837438929056847,False
hpmcounter4,204,-5.2735593669694933e-17,0.10216852751581448,False
hpmcounter4,205,-3.3306690738754695e-17,0.08910077448586085,False
hpmcounter4,206,1.6653345369377347e-17,0.07912611974550357,False
hpmcounter4,207,-6.938893903907228e-18,0.07364685491974543,False
hpmcounter4,208,5.551115123125783e-18,0.07420674855519982,False
hpmcounter4,209,3.3306690738754695e-17,0.07734734861933847,False
hpmcounter4,210,6.661338147750939e-17,0.08497631580486144,False
hpmcounter4,211,-3.3306690738754695e-17,0.09606888428849453,False
hpmcounter4,212,7.494005416219807e-17,0.10098193808500201,False
hpmcounter4,213,-1.1102230246251566e-17,0.10014577264699717,False
hpmcounter4,214,2.7755575615628915e-18,0.09933349582006312,False
hpmcounter4,215,1.6653345369377347e-17,0.09870909905069272,False
hpmcounter4,216,0.0,0.09827616348718016,False
hpmcounter4,217,-2.7755575615628915e-18,0.09154947909711265,False
hpmcounter4,218,8.326672684688674e-18,0.07849876784795246,False
hpmcounter4,219,-5.551115123125783e-18,0.06532018370400036,False
hpmcounter4,220,-4.302114220422482e-17,0.052201383088958324,False
hpmcounter4,221,1.1102230246251566e-17,0.03920243035162757,False
hpmcounter4,222,-4.926614671774132e-17,0.02938993654756545,False
hpmcounter4,223,-7.632783294297952e-18,0.022902124952789652,False
hpmcounter4,224,4.9960036108132046e-17,0.017288624966167242,False
hpmcounter4,225,4.163336342344337e-17,0.015935327121661118,False
hpmcounter4,226,-3.7470027081099036e-17,0.02277759899286698,False
hpmcounter4,227,-1.734723475976807e-17,0.03540665611446572,False
hpmcounter4,228,5.4817261840867107e-17,0.05118139701759781,False
hpmcounter4,229,2.7755575615628914e-17,0.07008779164391468,False
hpmcounter4,230,5.551115123125783e-18,0.09207163931247467,False
hpmcounter4,231,1.1102230246251566e-17,0.11707509239710553,False
hpmcounter4,232,-1.9428902930940238e-17,0.14503710328571964,False
hpmcounter4,233,2.7755575615628915e-18,0.17221418938439426,False
hpmcounter4,234,-2.7755575615628914e-17,0.19335777036097346,False
hpmcounter4,235,-2.7755575615628915e-18,0.20828395453557796,False
hpmcounter4,236,1.9428902930940238e-17,0.21693354321641847,False
hpmcounter4,237,2.4980018054066023e-17,0.21930715175475823,False
hpmcounter4,238,-4.4408920985006264e-17,0.21544083774003656,False
hpmcounter4,239,-2.2204460492503132e-17,0.2053953833299215,False
hpmcounter4,240,0.0,0.1892511673216114,False
hpmcounter4,241,-8.326672684688674e-18,0.16710625037206175,False
hpmcounter4,242,2.3592239273284576e-17,0.13907845663927118,False
hpmcounter4,243,9.714451465470119e-18,0.11110170494533424,False
hpmcounter4,244,-2.3592239273284576e-17,0.08687838206191628,False
hpmcounter4,245,-6.522560269672795e-17,0.06758409517854289,False
hpmcounter4,246,-2.7755575615628915e-18,0.05633093016625638,False
hpmcounter4,247,-2.3592239273284576e-17,0.05762553679822237,False
hpmcounter4,248,-2.914335439641036e-17,0.0690230599042698,False
hpmcounter4,249,-4.4408920985006264e-17,0.08517799963495311,False
hpmcounter4,250,1.5265566588595904e-17,0.10314890878603966,False
hpmcounter4,251,-4.163336342344337e-18,0.12175083076508386,False
hpmcounter4,252,-1.3877787807814458e-18,0.14060397186455473,False
hpmcounter4,253,-2.7755575615628914e-17,0.1546251074099009,False
hpmcounter4,254,-2.7755575615628915e-18,0.16423235968506586,False
hpmcounter4,255,3.608224830031759e-17,0.16637905013433057,False
hpmcounter4,256,-1.1102230246251566e-17,0.16139498532931051,False
hpmcounter4,257,4.9960036108132046e-17,0.14961505391470323,False
hpmcounter4,258,2.7755575615628914e-17,0.13594443866884792,False
hpmcounter4,259,4.718447854656915e-17,0.12500080597432597,False
hpmcounter4,260,5.551115123125783e-18,0.12024295787945194,False
hpmcounter4,261,4.163336342344337e-17,0.123753968285292,False
hpmcounter4,262,5.551115123125783e-18,0.1337665364040464,False
hpmcounter4,263,6.938893903907228e-17,0.14242755083568542,False
hpmcounter4,264,-2.7755575615628915e-18,0.1482107841076813,False
hpmcounter4,265,2.7755575615628914e-17,0.1510470199914191,False
hpmcounter4,266,-1.1102230246251566e-17,0.1509468772644791,False
hpmcounter4,267,1.3877787807814457e-17,0.15449329762912015,False
hpmcounter4,268,5.551115123125783e-18,0.16292114546085723,False
hpmcounter4,269,4.163336342344337e-18,0.1709848378600776,False
hpmcounter4,270,2.7755575615628915e-18,0.1791363249811023,False
hpmcounter4,271,-1.9428902930940238e-17,0.18507535769680164,False
hpmcounter4,272,2.7755575615628915e-18,0.19795729742935037,False
hpmcounter4,273,-6.661338147750939e-17,0.21652075098131834,False
hpmcounter4,274,1.9428902930940238e-17,0.23376934507713934,False
hpmcounter4,275,1.6653345369377347e-17,0.2501959656060583,False
hpmcounter4,276,1.9428902930940238e-17,0.2619613482720892,False
hpmcounter4,277,-4.163336342344337e-17,0.2661176824087154,False
hpmcounter4,278,-4.718447854656915e-17,0.26244618822097615,False
hpmcounter4,279,-1.5265566588595904e-17,0.25480820701057344,False
hpmcounter4,280,-1.8041124150158794e-17,0.24173709692051273,False
hpmcounter4,281,-8.326672684688674e-18,0.22413884977209572,False
hpmcounter4,282,0.0,0.20536456224308178,False
hpmcounter4,283,3.191891195797325e-17,0.186692117501799,False
hpmcounter4,284,-1.1102230246251566e-17,0.1746739943759729,False
hpmcounter4,285,-1.1102230246251566e-17,0.16671486390757528,False
hpmcounter4,286,1.9428902930940238e-17,0.16225480333678016,False
hpmcounter4,287,1.1102230246251566e-17,0.15956558498401932,False
hpmcounter4,288,5.828670879282072e-17,0.15316809868626963,False
hpmcounter4,289,3.608224830031759e-17,0.14138843517920108,False
hpmcounter4,290,2.42861286636753e-17,0.12683693691049425,False
hpmcounter4,291,2.0816681711721684e-18,0.11254213348950846,False
hpmcounter4,292,1.457167719820518e-17,0.09832950827488703,False
hpmcounter4,293,-9.714451465470119e-18,0.08465929348786495,False
hpmcounter4,294,-5.551115123125783e-18,0.0734401329072116,False
hpmcounter4,295,1.6653345369377347e-17,0.0624534924831895,False
hpmcounter4,296,-3.538835890992686e-17,0.06034006561075948,False
hpmcounter4,297,-1.8735013540549518e-17,0.06868857884415291,False
hpmcounter4,298,-5.342948306008566e-17,0.08355896055961066,False
hpmcounter5,19,-1.0700607067093416e-13,0.6818722100594512,False
hpmcounter5,20,5.2305382247652684e-15,0.7236649555016991,False
hpmcounter5,21,1.424554918472154e-15,0.7634776888959448,False
hpmcounter5,22,3.147482274812319e-15,0.7264834607383441,False
hpmcounter5,23,7.301104165691186e-15,0.6879247585714069,False
hpmcounter5,24,5.28882493355809e-15,0.6505864147914006,False
hpmcounter5,25,4.9155124415278804e-15,0.6133372184004762,False
hpmcounter5,26,3.2931990467943707e-15,0.5763016462777346,False
hpmcounter5,27,3.0198066269804257e-15,0.5465554997534403,False
hpmcounter5,28,3.910760604242114e-15,0.5152254786371337,False
hpmcounter5,29,2.7082502906949913e-15,0.46908544147373643,False
hpmcounter5,30,1.00301711380979e-15,0.4086604138914537,False
hpmcounter5,31,-7.771561172376096e-16,0.3550380401640548,False
hpmcounter5,32,-2.242650509742816e-15,0.3086383398828541,False
hpmcounter5,33,-3.5443870061158123e-15,0.2716985710182903,False
hpmcounter5,34,-2.4619195571062847e-15,0.25417826982031083,False
hpmcounter5,35,-4.385380947269368e-15,0.2496713351292724,False
hpmcounter5,36,-2.6173507805538065e-15,0.26638767173326083,False
hpmcounter5,37,-3.2557290197132715e-15,0.2985682250933626,False
hpmcounter5,38,-3.971822870596497e-15,0.331291094403748,False
hpmcounter5,39,-2.756128658631951e-15,0.35979986902698385,False
hpmcounter5,40,-3.6914915568786457e-16,0.3803866538289611,False
hpmcounter5,41,7.494005416219807e-16,0.3908432320951736,False
hpmcounter5,42,3.0475622025960546e-15,0.4001956878642824,False
hpmcounter5,43,5.279110482092619e-15,0.39720983672377064,False
hpmcounter5,44,3.0364599723498033e-15,0.3936754221495355,False
hpmcounter5,45,4.901634653720066e-15,0.3824193597993291,False
hpmcounter5,46,3.658184866139891e-15,0.36328389486980217,False
hpmcounter5,47,3.1835645231126365e-15,0.3457171086573231,False
hpmcounter5,48,2.9795610423377637e-15,0.3336657803515684,False
hpmcounter5,49,3.3702207691277407e-15,0.3275421736711076,False
hpmcounter5,50,1.754846268298138e-15,0.3187582984446281,False
hpmcounter5,51,1.96787031114809e-15,0.31044851343681895,False
hpmcounter5,52,3.969047313034935e-16,0.29886410402127533,False
hpmcounter5,53,-1.5321077739827161e-15,0.301004006348317,False
hpmcounter5,54,8.0629947163402e-16,0.305804915311615,False
hpmcounter5,55,-1.5959455978986625e-16,0.3095745897627786,False
hpmcounter5,56,2.6506574712925614e-16,0.3049200032990122,False
hpmcounter5,57,-6.661338147750939e-17,0.2878015355691094,False
hpmcounter5,58,4.1078251911130794e-16,0.26812579676088744,False
hpmcounter5,59,-8.93729534823251e-16,0.24718733323340814,False
hpmcounter5,60,-2.4258373088059672e-15,0.2367490183214945,False
hpmcounter5,61,-2.9601321394068238e-15,0.2341063245998633,False
hpmcounter5,62,-2.989275493803234e-15,0.24350305050899232,False
hpmcounter5,63,-1.8013368574543166e-15,0.2652330661781731,False
hpmcounter5,64,-1.990074771640593e-15,0.30331340677173996,False
hpmcounter5,65,-1.0880185641326535e-15,0.3467461662196363,False
hpmcounter5,66,-1.7458257062230586e-15,0.38052067759651975,False
hpmcounter5,67,-8.1601392309949e-16,0.4032504212796024,False
hpmcounter5,68,-2.4646951146678474e-15,0.41778643640122387,False
hpmcounter5,69,-7.771561172376096e-16,0.4210082211463462,False
hpmcounter5,70,1.279532035880493e-15,0.4164188939174741,False
hpmcounter5,71,2.581268532253489e-16,0.40034177946533867,False
hpmcounter5,72,1.3627987627273797e-15,0.3712763284530378,False
hpmcounter5,73,-7.993605777301127e-16,0.33521484737997576,False
hpmcounter5,74,-1.5862311464331924e-15,0.29691139483917706,False
hpmcounter5,75,-1.6903145549918008e-15,0.2620258754240944,False
hpmcounter5,76,-1.686498163344652e-15,0.23883565847073684,False
hpmcounter5,77,-3.823330541052883e-16,0.2210967715341682,False
hpmcounter5,78,2.586819647376615e-15,0.20434500154192156,False
hpmcounter5,79,3.497202527569243e-16,0.19127136291180455,False
hpmcounter5,80,1.6847634398686751e-15,0.17805887473575582,False
hpmcounter5,81,3.547162563677375e-15,0.17095035018550203,False
hpmcounter5,82,3.219646771412954e-16,0.16394897703370523,False
hpmcounter5,83,2.4480417692984703e-15,0.16159881515728813,False
hpmcounter5,84,3.247402347028583e-15,0.16299828006491207,False
hpmcounter5,85,3.58046925441613e-15,0.1715118640323775,False
hpmcounter5,86,5.67323965583455e-15,0.17810056120468556,False
hpmcounter5,87,2.9198865547641618e-15,0.1820469869866245,False
hpmcounter5,88,4.3298697960381104e-16,0.17851956836435037,False
hpmcounter5,89,1.7708057242771246e-15,0.17109242537637057,False
hpmcounter5,90,-6.356026815979021e-16,0.16677920956893408,False
hpmcounter5,91,-2.1288526497187377e-15,0.1595162770717718,False
hpmcounter5,92,7.494005416219807e-16,0.1482584136269249,False
hpmcounter5,93,4.9960036108132046e-17,0.13373583059539,False
hpmcounter5,94,-2.840783164259619e-15,0.1220055748235028,False
hpmcounter5,95,-4.278521981149197e-15,0.11480108177735363,False
hpmcounter5,96,-6.3893335067177756e-15,0.10565886965109689,False
hpmcounter5,97,-5.051514762044462e-15,0.09266001257937265,False
hpmcounter5,98,-5.780098621954721e-15,0.08305183527372112,False
hpmcounter5,99,-4.216071936014032e-15,0.07285395060003132,False
hpmcounter5,100,-3.559652572704408e-15,0.06332910315238695,False
hpmcounter5,101,-3.588795927100819e-15,0.05538042367210531,False
hpmcounter5,102,-5.73985303731206e-15,0.04893859202853037,False
hpmcounter5,103,-4.9953097214228136e-15,0.039908847475297035,False
hpmcounter5,104,-3.5367542228215142e-15,0.03090190081382771,False
hpmcounter5,105,-4.179989687713714e-15,0.024660466986459666,False
hpmcounter5,106,-2.0913826226376385e-15,0.024236900112258944,False
hpmcounter5,107,-2.7630675525358583e-15,0.029292581192192527,False
hpmcounter5,108,9.853229343548264e-17,0.0359478972682339,False
hpmcounter5,109,-1.4106771306643396e-15,0.04465016163420337,False
hpmcounter5,110,-3.51316198354823e-15,0.053463041118424044,False
hpmcounter5,111,-1.329492071988625e-15,0.06206698983228536,False
hpmcounter5,112,2.90878432451791e-15,0.07190247318950475,False
hpmcounter5,113,2.8886615321965793e-15,0.07478000343951764,False
hpmcounter5,114,5.710015793525258e-15,0.0713559769166567,False
hpmcounter5,115,8.446715549226269e-15,0.06756210935036076,False
hpmcounter5,116,7.753520048225938e-15,0.06387431415333343,False
hpmcounter5,117,9.15795217437676e-15,0.059636613929827206,False
hpmcounter5,118,6.310230116213233e-15,0.05806397619091075,False
hpmcounter5,119,6.279698983036042e-15,0.05942433961264818,False
hpmcounter5,120,8.369693826892899e-15,0.06293079827282855,False
hpmcounter5,121,5.54833956556422e-15,0.06845743449810567,False
hpmcounter5,122,5.551115123125783e-18,0.0762777158414379,False
hpmcounter5,123,-2.1149748619109233e-15,0.08914490050392318,False
hpmcounter5,124,-4.992534163861251e-15,0.10292553392298004,False
hpmcounter5,125,-5.649647416561266e-15,0.11634277873969,False
hpmcounter5,126,-8.493206138382448e-15,0.12327330370517968,False
hpmcounter5,127,-9.14823772291129e-15,0.12000491727795838,False
hpmcounter5,128,-5.595524044110789e-15,0.11587803173074084,False
hpmcounter5,129,-4.8960835385969405e-15,0.10917061629457911,False
hpmcounter5,130,-2.1094237467877974e-15,0.1025527857857718,False
hpmcounter5,131,2.0594637106796655e-15,0.09615887457663735,False
hpmcounter5,132,7.5842110369706e-15,0.08861956591032755,False
hpmcounter5,133,8.944234242136417e-15,0.07532120983817923,False
hpmcounter5,134,9.73318647901067e-15,0.06324887259475526,False
hpmcounter5,135,9.021949853860179e-15,0.05601081768825896,False
hpmcounter5,136,1.2501805146669654e-14,0.054379950149321114,False
hpmcounter5,137,1.383199110804867e-14,0.056547697597419705,False
hpmcounter5,138,9.602041384226822e-15,0.06059453285898276,False
hpmcounter5,139,7.630007736736388e-15,0.06769179502165838,False
hpmcounter5,140,3.456956942926581e-15,0.07906334304786565,False
hpmcounter5,141,-1.9470536294363684e-15,0.09128568386390679,False
hpmcounter5,142,-6.714073741420634e-15,0.1014725602904339,False
hpmcounter5,143,-6.6502359175046875e-15,0.11305573311384688,False
hpmcounter5,144,-7.355227538141662e-15,0.13151921284107382,False
hpmcounter5,145,-9.239831122442865e-15,0.1573532922407178,False
hpmcounter5,146,-1.0638712133470563e-14,0.18428154109648948,False
hpmcounter5,147,-1.3841705559514139e-14,0.21230157727894447,False
hpmcounter5,148,-1.1091128016005314e-14,0.2395890611358637,False
hpmcounter5,149,-7.985279104616438e-15,0.2646538810013868,False
hpmcounter5,150,-7.727152251391089e-15,0.28537672327102415,False
hpmcounter5,151,-2.681188604469753e-15,0.30101678088950745,False
hpmcounter5,152,-2.2676305277968823e-15,0.3100422943282064,False
hpmcounter5,153,-1.6653345369377347e-17,0.3114973394016698,False
hpmcounter5,154,2.4175106361212782e-15,0.3070292610528077,False
hpmcounter5,155,7.860379014346108e-15,0.2971735322970213,False
hpmcounter5,156,7.310818617156655e-15,0.2835341612222946,False
hpmcounter5,157,7.943645741192995e-15,0.2646990180552652,False
hpmcounter5,158,8.451572774959004e-15,0.24049889284564638,False
hpmcounter5,159,3.2085445411667022e-15,0.21415516866199147,False
hpmcounter5,160,7.815970093361103e-15,0.19262313783592272,False
hpmcounter5,161,1.9262369477246468e-15,0.1812041856027616,False
hpmcounter5,162,5.81756864903582e-15,0.17627234712294387,False
hpmcounter5,163,-1.1712852909795402e-15,0.176303255497613,False
hpmcounter5,164,-4.035660694512444e-15,0.18102047510537603,False
hpmcounter5,165,-1.2340128918708616e-14,0.1875836282790403,False
hpmcounter5,166,-1.4099832412739488e-14,0.19185917285084758,False
hpmcounter5,167,-1.0580425424677742e-14,0.19114623642854822,False
hpmcounter5,168,-1.1723955140041652e-14,0.1838526130324569,False
hpmcounter5,169,-3.602673714908633e-15,0.17565498348403988,False
hpmcounter5,170,-9.400813461013513e-15,0.166281475083596,False
hpmcounter5,171,-3.5915714846623816e-15,0.1558540091132668,False
hpmcounter5,172,-7.0915495697931874e-15,0.14846577007963194,False
hpmcounter5,173,2.378652830259398e-15,0.14504240189022574,False
hpmcounter5,174,5.982714323948813e-15,0.147370747982104,False
hpmcounter5,175,1.560002127476423e-14,0.14822107817974747,False
hpmcounter5,176,2.0324020244544272e-14,0.14891615031996558,False
hpmcounter5,177,1.671093818877978e-14,0.14958929718646638,False
hpmcounter5,178,1.556949014158704e-14,0.1498959881521186,False
hpmcounter5,179,7.2476746826311e-15,0.1530455534157646,False
hpmcounter5,180,9.586775817638226e-15,0.15956159802484532,False
hpmcounter5,181,7.224776332748207e-15,0.1642469219520918,False
hpmcounter5,182,7.2178374388443e-15,0.16426184769555524,False
hpmcounter5,183,-6.036837696399288e-17,0.15610459425361717,False
hpmcounter5,184,-5.002942504717112e-15,0.14222957666053598,False
hpmcounter5,185,-9.924006061368118e-15,0.12727602139034042,False
hpmcounter5,186,-1.3399004128444858e-14,0.1136530875180072,False
hpmcounter5,187,-9.744982598647312e-15,0.1040288990206408,False
hpmcounter5,188,-8.60006510450262e-15,0.10117316893291957,False
hpmcounter5,189,-3.690103778097864e-15,0.10646345541294601,False
hpmcounter5,190,-6.089226345373788e-15,0.11768606252522296,False
hpmcounter5,191,-3.697736561392162e-15,0.13281622198083873,False
hpmcounter5,192,1.1684880493745275e-15,0.1505250729674565,False
hpmcounter5,193,1.336084021197337e-15,0.16891660487200216,False
hpmcounter5,194,2.5653090762745023e-15,0.18104249889640348,False
hpmcounter5,195,-2.2190582704695317e-15,0.1889786586656859,False
hpmcounter5,196,2.5146551507759794e-15,0.1914244847933504,False
hpmcounter5,197,-3.425038030968608e-15,0.18821773140108847,False
hpmcounter5,198,-5.7787108431739395e-15,0.1806856832146799,False
hpmcounter5,199,-4.6546100307409685e-15,0.16959316667158938,False
hpmcounter5,200,1.3100631690576848e-15,0.1612718191074179,False
hpmcounter5,201,-2.2870594307278226e-15,0.15151240347038067,False
hpmcounter5,202,-7.158162951270696e-15,0.13850668533489083,False
hpmcounter5,203,-3.627653732962699e-15,0.12267837370807108,False
hpmcounter5,204,-1.2073675392798577e-15,0.10433480665134949,False
hpmcounter5,205,4.785061236134425e-15,0.08863485456891704,False
hpmcounter5,206,2.7755575615628915e-18,0.07805683560427674,False
hpmcounter5,207,8.242018179061006e-15,0.0737444213444297,False
hpmcounter5,208,1.2964629370060266e-14,0.07674147177276201,False
hpmcounter5,209,9.389711230767262e-15,0.08194243620542391,False
hpmcounter5,210,4.5907722068250225e-15,0.09143922114034907,False
hpmcounter5,211,3.4777736246383028e-15,0.10317437827876698,False
hpmcounter5,212,3.5443870061158123e-15,0.10800593494841301,False
hpmcounter5,213,1.1990408665951691e-15,0.10648190786435295,False
hpmcounter5,214,2.345346139520643e-15,0.10532530601318062,False
hpmcounter5,215,3.5166314305001834e-15,0.10485322316141446,False
hpmcounter5,216,5.834221994405197e-15,0.10493626925556791,False
hpmcounter5,217,1.1879386363489174e-15,0.09789633331359597,False
hpmcounter5,218,-2.3536728122053318e-15,0.08504389593276933,False
hpmcounter5,219,-3.4958147487884617e-15,0.07163652567671117,False
hpmcounter5,220,-2.260691633892975e-15,0.05825410427553716,False
hpmcounter5,221,2.4119595209981527e-15,0.04486193006603752,False
hpmcounter5,222,2.321060010856968e-15,0.03564116786306896,False
hpmcounter5,223,7.038813976123492e-15,0.0310961729675373,False
hpmcounter5,224,4.9960036108132046e-17,0.0291676388480715,False
hpmcounter5,225,-1.1962653090336062e-15,0.03005704518115178,False
hpmcounter5,226,-5.803690861228006e-15,0.03711896099828363,False
hpmcounter5,227,-1.047217867977679e-14,0.04981377227504727,False
hpmcounter5,228,-8.154588115871775e-15,0.06545079061038338,False
hpmcounter5,229,-4.629630012686903e-15,0.0837549992426978,False
hpmcounter5,230,-6.9111383282915995e-15,0.104237217840089,False
hpmcounter5,231,-1.0458300891968975e-14,0.1278807550004517,False
hpmcounter5,232,-4.629630012686903e-15,0.15453945126831345,False
hpmcounter5,233,-9.353628982466944e-15,0.18131747809808726,False
hpmcounter5,234,-2.3037127760972e-16,0.20289161831049368,False
hpmcounter5,235,-2.5118795932144167e-15,0.2188272134256342,False
hpmcounter5,236,3.247402347028583e-15,0.2273649510263944,False
hpmcounter5,237,1.0139111772389242e-14,0.22926616556306487,False
hpmcounter5,238,9.009459844833146e-15,0.2254044772751056,False
hpmcounter5,239,7.796541190430161e-15,0.21509222478417747,False
hpmcounter5,240,1.4518941604535485e-14,0.1993955043795033,False
hpmcounter5,241,1.5756840276992535e-14,0.17701066412416402,False
hpmcounter5,242,9.986456106503283e-15,0.148700494057942,False
hpmcounter5,243,1.0075273948473296e-14,0.12046199824475864,False
hpmcounter5,244,1.174060848541103e-15,0.095234570862463,False
hpmcounter5,245,-9.631184738623234e-16,0.07495642855827679,False
hpmcounter5,246,-2.0788926136106058e-15,0.061898249744891186,False
hpmcounter5,247,-6.6308070145737476e-15,0.06093169378939204,False
hpmcounter5,248,-5.528910662633279e-15,0.07044445334087683,False
hpmcounter5,249,-4.343747583845925e-15,0.08454800744308946,False
hpmcounter5,250,-8.729128531115293e-15,0.10013707992098843,False
hpmcounter5,251,-8.756884106730922e-15,0.11681101587081567,False
hpmcounter5,252,-1.095235013792717e-14,0.13324774594275682,False
hpmcounter5,253,-1.1063372440389686e-14,0.1444517165836799,False
hpmcounter5,254,-2.1788126858268697e-15,0.15243015404936686,False
hpmcounter5,255,2.242650509742816e-15,0.15359445330654878,False
hpmcounter5,256,-8.049116928532385e-17,0.1474977097368649,False
hpmcounter5,257,6.7584826624056404e-15,0.13560675946449513,False
hpmcounter5,258,6.705747068735945e-15,0.12273784587831818,False
hpmcounter5,259,5.530298441414061e-15,0.11318755363655449,False
hpmcounter5,260,3.1502578323738817e-15,0.10936188172277775,False
hpmcounter5,261,9.381384558082572e-16,0.1148651416016367,False
hpmcounter5,262,6.59472476627343e-15,0.12626423838297532,False
hpmcounter5,263,1.0047518372857667e-14,0.13521507645740566,False
hpmcounter5,264,3.3528735343679727e-15,0.14116426876063243,False
hpmcounter5,265,1.1879386363489174e-15,0.14474418246414764,False
hpmcounter5,266,1.1379786002407854e-16,0.1445012469231919,False
hpmcounter5,267,-5.541400671660313e-15,0.1465573733643488,False
hpmcounter5,268,-8.84986528504328e-15,0.15305392609277463,False
hpmcounter5,269,-1.1100842467470784e-14,0.15948733324906045,False
hpmcounter5,270,-6.5072947030841985e-15,0.16633761224910532,False
hpmcounter5,271,-4.340972026284362e-15,0.17094288260332438,False
hpmcounter5,272,-4.367339823119209e-15,0.18356236873265178,False
hpmcounter5,273,-7.768785614814532e-15,0.20208552644360012,False
hpmcounter5,274,-4.4117487441042155e-15,0.21935352399515415,False
hpmcounter5,275,-2.0816681711721685e-17,0.2373000940551373,False
hpmcounter5,276,1.099120794378905e-15,0.25046975546195505,False
hpmcounter5,277,3.316791286067655e-15,0.25603110798703327,False
hpmcounter5,278,7.69939667577546e-15,0.25406728911895654,False
hpmcounter5,279,1.1121659149182505e-14,0.24722206946705366,False
hpmcounter5,280,4.39648317751562e-15,0.2357840576845477,False
hpmcounter5,281,7.771561172376096e-15,0.2188206892956605,False
hpmcounter5,282,4.351380367140223e-15,0.1985378085434414,False
hpmcounter5,283,5.536543445927577e-15,0.17853576080821046,False
hpmcounter5,284,1.0692835505921039e-15,0.1655116407802352,False
hpmcounter5,285,-3.384792446325946e-15,0.15710470967291304,False
hpmcounter5,286,-2.2044865932713264e-15,0.15238195291666154,False
hpmcounter5,287,-4.415218191056169e-15,0.1494679789248136,False
hpmcounter5,288,-1.0919043447188414e-14,0.1418958695995813,False
hpmcounter5,289,-1.2112880143355654e-14,0.12924656196050618,False
hpmcounter5,290,-5.446164352829186e-15,0.11420306738421139,False
hpmcounter5,291,-9.870403105960434e-15,0.10081989553651756,False
hpmcounter5,292,-1.1978612546315048e-14,0.08795955834960399,False
hpmcounter5,293,-9.86918879952725e-15,0.0756988423834568,False
hpmcounter5,294,-3.3051686387786105e-15,0.0676441833402674,False
hpmcounter5,295,-2.1784657411316743e-15,0.06188809581513147,False
hpmcounter5,296,-1.1431827706687159e-15,0.06568438238048772,False
hpmcounter5,297,-9.124645483638006e-17,0.07773788922824332,False
hpmcounter5,298,5.441133654748853e-15,0.09220376471448789,False
hpmcounter6,19,0.0,1e-06,True
hpmcounter6,20,0.0,1e-06,True
hpmcounter6,21,0.0,1e-06,True
hpmcounter6,22,0.0,1e-06,True
hpmcounter6,23,0.0,1e-06,True
hpmcounter6,24,0.0,1e-06,True
hpmcounter6,25,0.0,1e-06,True
hpmcounter6,26,0.0,1e-06,True
hpmcounter6,27,0.0,1e-06,True
hpmcounter6,28,0.0,1e-06,True
hpmcounter6,29,0.0,1e-06,True
hpmcounter6,30,0.0,1e-06,True
hpmcounter6,31,0.0,1e-06,True
hpmcounter6,32,0.0,1e-06,True
hpmcounter6,33,0.0,1e-06,True
hpmcounter6,34,0.0,1e-06,True
hpmcounter6,35,0.0,1e-06,True
hpmcounter6,36,0.0,1e-06,True
hpmcounter6,37,0.0,1e-06,True
hpmcounter6,38,0.0,1e-06,True
hpmcounter6,39,0.0,1e-06,True
hpmcounter6,40,0.0,1e-06,True
hpmcounter6,41,0.0,1e-06,True
hpmcounter6,42,0.0,1e-06,True
hpmcounter6,43,0.0,1e-06,True
hpmcounter6,44,0.0,1e-06,True
hpmcounter6,45,0.0,1e-06,True
hpmcounter6,46,0.0,1e-06,True
hpmcounter6,47,0.0,1e-06,True
hpmcounter6,48,0.0,1e-06,True
hpmcounter6,49,0.0,1e-06,True
hpmcounter6,50,0.0,1e-06,True
hpmcounter6,51,0.0,1e-06,True
hpmcounter6,52,0.0,1e-06,True
hpmcounter6,53,0.0,1e-06,True
hpmcounter6,54,0.0,1e-06,True
hpmcounter6,55,0.0,1e-06,True
hpmcounter6,56,0.0,1e-06,True
hpmcounter6,57,0.0,1e-06,True
hpmcounter6,58,0.0,1e-06,True
hpmcounter6,59,0.0,1e-06,True
hpmcounter6,60,0.0,1e-06,True
hpmcounter6,61,0.0,1e-06,True
hpmcounter6,62,0.0,1e-06,True
hpmcounter6,63,0.0,1e-06,True
hpmcounter6,64,0.0,1e-06,True
hpmcounter6,65,0.0,1e-06,True
hpmcounter6,66,0.0,1e-06,True
hpmcounter6,67,0.0,1e-06,True
hpmcounter6,68,0.0,1e-06,True
hpmcounter6,69,0.0,1e-06,True
hpmcounter6,70,0.0,1e-06,True
hpmcounter6,71,0.0,1e-06,True
hpmcounter6,72,0.0,1e-06,True
hpmcounter6,73,0.0,1e-06,True
hpmcounter6,74,0.0,1e-06,True
hpmcounter6,75,0.0,1e-06,True
hpmcounter6,76,0.0,1e-06,True
hpmcounter6,77,0.0,1e-06,True
hpmcounter6,78,0.0,1e-06,True
hpmcounter6,79,0.0,1e-06,True
hpmcounter6,80,0.0,1e-06,True
hpmcounter6,81,0.0,1e-06,True
hpmcounter6,82,0.0,1e-06,True
hpmcounter6,83,0.0,1e-06,True
hpmcounter6,84,0.0,1e-06,True
hpmcounter6,85,0.0,1e-06,True
hpmcounter6,86,0.0,1e-06,True
hpmcounter6,87,0.0,1e-06,True
hpmcounter6,88,0.0,1e-06,True
hpmcounter6,89,0.0,1e-06,True
hpmcounter6,90,0.0,1e-06,True
hpmcounter6,91,0.0,1e-06,True
hpmcounter6,92,0.0,1e-06,True
hpmcounter6,93,0.0,1e-06,True
hpmcounter6,94,0.0,1e-06,True
hpmcounter6,95,0.0,1e-06,True
hpmcounter6,96,0.0,1e-06,True
hpmcounter6,97,0.0,1e-06,True
hpmcounter6,98,0.0,1e-06,True
hpmcounter6,99,0.0,1e-06,True
hpmcounter6,100,0.0,1e-06,True
hpmcounter6,101,0.0,1e-06,True
hpmcounter6,102,0.0,1e-06,True
hpmcounter6,103,0.0,1e-06,True
hpmcounter6,104,0.0,1e-06,True
hpmcounter6,105,0.0,1e-06,True
hpmcounter6,106,0.0,1e-06,True
hpmcounter6,107,0.0,1e-06,True
hpmcounter6,108,0.0,1e-06,True
hpmcounter6,109,0.0,1e-06,True
hpmcounter6,110,0.0,1e-06,True
hpmcounter6,111,0.0,1e-06,True
hpmcounter6,112,0.0,1e-06,True
hpmcounter6,113,0.0,1e-06,True
hpmcounter6,114,0.0,1e-06,True
hpmcounter6,115,0.0,1e-06,True
hpmcounter6,116,0.0,1e-06,True
hpmcounter6,117,0.0,1e-06,True
hpmcounter6,118,0.0,1e-06,True
hpmcounter6,119,0.0,1e-06,True
hpmcounter6,120,0.0,1e-06,True
hpmcounter6,121,0.0,1e-06,True
hpmcounter6,122,0.0,1e-06,True
hpmcounter6,123,0.0,1e-06,True
hpmcounter6,124,0.0,1e-06,True
hpmcounter6,125,0.0,1e-06,True
hpmcounter6,126,0.0,1e-06,True
hpmcounter6,127,0.0,1e-06,True
hpmcounter6,128,0.0,1e-06,True
hpmcounter6,129,0.0,1e-06,True
hpmcounter6,130,0.0,1e-06,True
hpmcounter6,131,0.0,1e-06,True
hpmcounter6,132,0.0,1e-06,True
hpmcounter6,133,0.0,1e-06,True
hpmcounter6,134,0.0,1e-06,True
hpmcounter6,135,0.0,1e-06,True
hpmcounter6,136,0.0,1e-06,True
hpmcounter6,137,0.0,1e-06,True
hpmcounter6,138,0.0,1e-06,True
hpmcounter6,139,0.0,1e-06,True
hpmcounter6,140,0.0,1e-06,True
hpmcounter6,141,0.0,1e-06,True
hpmcounter6,142,0.0,1e-06,True
hpmcounter6,143,0.0,1e-06,True
hpmcounter6,144,0.0,1e-06,True
hpmcounter6,145,0.0,1e-06,True
hpmcounter6,146,0.0,1e-06,True
hpmcounter6,147,0.0,1e-06,True
hpmcounter6,148,0.0,1e-06,True
hpmcounter6,149,0.0,1e-06,True
hpmcounter6,150,0.0,1e-06,True
hpmcounter6,151,0.0,1e-06,True
hpmcounter6,152,0.0,1e-06,True
hpmcounter6,153,0.0,1e-06,True
hpmcounter6,154,0.0,1e-06,True
hpmcounter6,155,0.0,1e-06,True
hpmcounter6,156,0.0,1e-06,True
hpmcounter6,157,0.0,1e-06,True
hpmcounter6,158,0.0,1e-06,True
hpmcounter6,159,0.0,1e-06,True
hpmcounter6,160,0.0,1e-06,True
hpmcounter6,161,0.0,1e-06,True
hpmcounter6,162,0.0,1e-06,True
hpmcounter6,163,0.0,1e-06,True
hpmcounter6,164,0.0,1e-06,True
hpmcounter6,165,0.0,1e-06,True
hpmcounter6,166,0.0,1e-06,True
hpmcounter6,167,0.0,1e-06,True
hpmcounter6,168,0.0,1e-06,True
hpmcounter6,169,0.0,1e-06,True
hpmcounter6,170,0.0,1e-06,True
hpmcounter6,171,0.0,1e-06,True
hpmcounter6,172,0.0,1e-06,True
hpmcounter6,173,0.0,1e-06,True
hpmcounter6,174,0.0,1e-06,True
hpmcounter6,175,0.0,1e-06,True
hpmcounter6,176,0.0,1e-06,True
hpmcounter6,177,0.0,1e-06,True
hpmcounter6,178,0.0,1e-06,True
hpmcounter6,179,0.0,1e-06,True
hpmcounter6,180,0.0,1e-06,True
hpmcounter6,181,0.0,1e-06,True
hpmcounter6,182,0.0,1e-06,True
hpmcounter6,183,0.0,1e-06,True
hpmcounter6,184,0.0,1e-06,True
hpmcounter6,185,0.0,1e-06,True
hpmcounter6,186,0.0,1e-06,True
hpmcounter6,187,0.0,1e-06,True
hpmcounter6,188,0.0,1e-06,True
hpmcounter6,189,0.0,1e-06,True
hpmcounter6,190,0.0,1e-06,True
hpmcounter6,191,0.0,1e-06,True
hpmcounter6,192,0.0,1e-06,True
hpmcounter6,193,0.0,1e-06,True
hpmcounter6,194,0.0,1e-06,True
hpmcounter6,195,0.0,1e-06,True
hpmcounter6,196,0.0,1e-06,True
hpmcounter6,197,0.0,1e-06,True
hpmcounter6,198,0.0,1e-06,True
hpmcounter6,199,0.0,1e-06,True
hpmcounter6,200,0.0,1e-06,True
hpmcounter6,201,0.0,1e-06,True
hpmcounter6,202,0.0,1e-06,True
hpmcounter6,203,0.0,1e-06,True
hpmcounter6,204,0.0,1e-06,True
hpmcounter6,205,0.0,1e-06,True
hpmcounter6,206,0.0,1e-06,True
hpmcounter6,207,0.0,1e-06,True
hpmcounter6,208,0.0,1e-06,True
hpmcounter6,209,0.0,1e-06,True
hpmcounter6,210,0.0,1e-06,True
hpmcounter6,211,0.0,1e-06,True
hpmcounter6,212,0.0,1e-06,True
hpmcounter6,213,0.0,1e-06,True
hpmcounter6,214,0.0,1e-06,True
hpmcounter6,215,0.0,1e-06,True
hpmcounter6,216,0.0,1e-06,True
hpmcounter6,217,0.0,1e-06,True
hpmcounter6,218,0.0,1e-06,True
hpmcounter6,219,0.0,1e-06,True
hpmcounter6,220,0.0,1e-06,True
hpmcounter6,221,0.0,1e-06,True
hpmcounter6,222,0.0,1e-06,True
hpmcounter6,223,0.0,1e-06,True
hpmcounter6,224,0.0,1e-06,True
hpmcounter6,225,0.0,1e-06,True
hpmcounter6,226,0.0,1e-06,True
hpmcounter6,227,0.0,1e-06,True
hpmcounter6,228,0.0,1e-06,True
hpmcounter6,229,0.0,1e-06,True
hpmcounter6,230,0.0,1e-06,True
hpmcounter6,231,0.0,1e-06,True
hpmcounter6,232,0.0,1e-06,True
hpmcounter6,233,0.0,1e-06,True
hpmcounter6,234,0.0,1e-06,True
hpmcounter6,235,0.0,1e-06,True
hpmcounter6,236,0.0,1e-06,True
hpmcounter6,237,0.0,1e-06,True
hpmcounter6,238,0.0,1e-06,True
hpmcounter6,239,0.0,1e-06,True
hpmcounter6,240,0.0,1e-06,True
hpmcounter6,241,0.0,1e-06,True
hpmcounter6,242,0.0,1e-06,True
hpmcounter6,243,0.0,1e-06,True
hpmcounter6,244,0.0,1e-06,True
hpmcounter6,245,0.0,1e-06,True
hpmcounter6,246,0.0,1e-06,True
hpmcounter6,247,0.0,1e-06,True
hpmcounter6,248,0.0,1e-06,True
hpmcounter6,249,0.0,1e-06,True
hpmcounter6,250,0.0,1e-06,True
hpmcounter6,251,0.0,1e-06,True
hpmcounter6,252,0.0,1e-06,True
hpmcounter6,253,0.0,1e-06,True
hpmcounter6,254,0.0,1e-06,True
hpmcounter6,255,0.0,1e-06,True
hpmcounter6,256,0.0,1e-06,True
hpmcounter6,257,0.0,1e-06,True
hpmcounter6,258,0.0,1e-06,True
hpmcounter6,259,0.0,1e-06,True
hpmcounter6,260,0.0,1e-06,True
hpmcounter6,261,0.0,1e-06,True
hpmcounter6,262,0.0,1e-06,True
hpmcounter6,263,0.0,1e-06,True
hpmcounter6,264,0.0,1e-06,True
hpmcounter6,265,0.0,1e-06,True
hpmcounter6,266,0.0,1e-06,True
hpmcounter6,267,0.0,1e-06,True
hpmcounter6,268,0.0,1e-06,True
hpmcounter6,269,0.0,1e-06,True
hpmcounter6,270,0.0,1e-06,True
hpmcounter6,271,0.0,1e-06,True
hpmcounter6,272,0.0,1e-06,True
hpmcounter6,273,0.0,1e-06,True
hpmcounter6,274,0.0,1e-06,True
hpmcounter6,275,0.0,1e-06,True
hpmcounter6,276,0.0,1e-06,True
hpmcounter6,277,0.0,1e-06,True
hpmcounter6,278,0.0,1e-06,True
hpmcounter6,279,0.0,1e-06,True
hpmcounter6,280,0.0,1e-06,True
hpmcounter6,281,0.0,1e-06,True
hpmcounter6,282,0.0,1e-06,True
hpmcounter6,283,0.0,1e-06,True
hpmcounter6,284,0.0,1e-06,True
hpmcounter6,285,0.0,1e-06,True
hpmcounter6,286,0.0,1e-06,True
hpmcounter6,287,0.0,1e-06,True
hpmcounter6,288,0.0,1e-06,True
hpmcounter6,289,0.0,1e-06,True
hpmcounter6,290,0.0,1e-06,True
hpmcounter6,291,0.0,1e-06,True
hpmcounter6,292,0.0,1e-06,True
hpmcounter6,293,0.0,1e-06,True
hpmcounter6,294,0.0,1e-06,True
hpmcounter6,295,0.0,1e-06,True
hpmcounter6,296,0.0,1e-06,True
hpmcounter6,297,0.0,1e-06,True
hpmcounter6,298,0.0,1e-06,True
hpmcounter7,19,0.0,1e-06,True
hpmcounter7,20,0.0,1e-06,True
hpmcounter7,21,0.0,1e-06,True
hpmcounter7,22,0.0,1e-06,True
hpmcounter7,23,0.0,1e-06,True
hpmcounter7,24,0.0,1e-06,True
hpmcounter7,25,0.0,1e-06,True
hpmcounter7,26,0.0,1e-06,True
hpmcounter7,27,0.0,1e-06,True
hpmcounter7,28,0.0,1e-06,True
hpmcounter7,29,0.0,1e-06,True
hpmcounter7,30,0.0,1e-06,True
hpmcounter7,31,0.0,1e-06,True
hpmcounter7,32,0.0,1e-06,True
hpmcounter7,33,0.0,1e-06,True
hpmcounter7,34,0.0,1e-06,True
hpmcounter7,35,0.0,1e-06,True
hpmcounter7,36,0.0,1e-06,True
hpmcounter7,37,0.0,1e-06,True
hpmcounter7,38,0.0,1e-06,True
hpmcounter7,39,0.0,1e-06,True
hpmcounter7,40,0.0,1e-06,True
hpmcounter7,41,0.0,1e-06,True
hpmcounter7,42,0.0,1e-06,True
hpmcounter7,43,0.0,1e-06,True
hpmcounter7,44,0.0,1e-06,True
hpmcounter7,45,0.0,1e-06,True
hpmcounter7,46,0.0,1e-06,True
hpmcounter7,47,0.0,1e-06,True
hpmcounter7,48,0.0,1e-06,True
hpmcounter7,49,0.0,1e-06,True
hpmcounter7,50,0.0,1e-06,True
hpmcounter7,51,0.0,1e-06,True
hpmcounter7,52,0.0,1e-06,True
hpmcounter7,53,0.0,1e-06,True
hpmcounter7,54,0.0,1e-06,True
hpmcounter7,55,0.0,1e-06,True
hpmcounter7,56,0.0,1e-06,True
hpmcounter7,57,0.0,1e-06,True
hpmcounter7,58,0.0,1e-06,True
hpmcounter7,59,0.0,1e-06,True
hpmcounter7,60,0.0,1e-06,True
hpmcounter7,61,0.0,1e-06,True
hpmcounter7,62,0.0,1e-06,True
hpmcounter7,63,0.0,1e-06,True
hpmcounter7,64,0.0,1e-06,True
hpmcounter7,65,0.0,1e-06,True
hpmcounter7,66,0.0,1e-06,True
hpmcounter7,67,0.0,1e-06,True
hpmcounter7,68,0.0,1e-06,True
hpmcounter7,69,0.0,1e-06,True
hpmcounter7,70,0.0,1e-06,True
hpmcounter7,71,0.0,1e-06,True
hpmcounter7,72,0.0,1e-06,True
hpmcounter7,73,0.0,1e-06,True
hpmcounter7,74,0.0,1e-06,True
hpmcounter7,75,0.0,1e-06,True
hpmcounter7,76,0.0,1e-06,True
hpmcounter7,77,0.0,1e-06,True
hpmcounter7,78,0.0,1e-06,True
hpmcounter7,79,0.0,1e-06,True
hpmcounter7,80,0.0,1e-06,True
hpmcounter7,81,0.0,1e-06,True
hpmcounter7,82,0.0,1e-06,True
hpmcounter7,83,0.0,1e-06,True
hpmcounter7,84,0.0,1e-06,True
hpmcounter7,85,0.0,1e-06,True
hpmcounter7,86,0.0,1e-06,True
hpmcounter7,87,0.0,1e-06,True
hpmcounter7,88,0.0,1e-06,True
hpmcounter7,89,0.0,1e-06,True
hpmcounter7,90,0.0,1e-06,True
hpmcounter7,91,0.0,1e-06,True
hpmcounter7,92,0.0,1e-06,True
hpmcounter7,93,0.0,1e-06,True
hpmcounter7,94,0.0,1e-06,True
hpmcounter7,95,0.0,1e-06,True
hpmcounter7,96,0.0,1e-06,True
hpmcounter7,97,0.0,1e-06,True
hpmcounter7,98,0.0,1e-06,True
hpmcounter7,99,0.0,1e-06,True
hpmcounter7,100,0.0,1e-06,True
hpmcounter7,101,0.0,1e-06,True
hpmcounter7,102,0.0,1e-06,True
hpmcounter7,103,0.0,1e-06,True
hpmcounter7,104,0.0,1e-06,True
hpmcounter7,105,0.0,1e-06,True
hpmcounter7,106,0.0,1e-06,True
hpmcounter7,107,0.0,1e-06,True
hpmcounter7,108,0.0,1e-06,True
hpmcounter7,109,0.0,1e-06,True
hpmcounter7,110,0.0,1e-06,True
hpmcounter7,111,0.0,1e-06,True
hpmcounter7,112,0.0,1e-06,True
hpmcounter7,113,0.0,1e-06,True
hpmcounter7,114,0.0,1e-06,True
hpmcounter7,115,0.0,1e-06,True
hpmcounter7,116,0.0,1e-06,True
hpmcounter7,117,0.0,1e-06,True
hpmcounter7,118,0.0,1e-06,True
hpmcounter7,119,0.0,1e-06,True
hpmcounter7,120,0.0,1e-06,True
hpmcounter7,121,0.0,1e-06,True
hpmcounter7,122,0.0,1e-06,True
hpmcounter7,123,0.0,1e-06,True
hpmcounter7,124,0.0,1e-06,True
hpmcounter7,125,0.0,1e-06,True
hpmcounter7,126,0.0,1e-06,True
hpmcounter7,127,0.0,1e-06,True
hpmcounter7,128,0.0,1e-06,True
hpmcounter7,129,0.0,1e-06,True
hpmcounter7,130,0.0,1e-06,True
hpmcounter7,131,0.0,1e-06,True
hpmcounter7,132,0.0,1e-06,True
hpmcounter7,133,0.0,1e-06,True
hpmcounter7,134,0.0,1e-06,True
hpmcounter7,135,0.0,1e-06,True
hpmcounter7,136,0.0,1e-06,True
hpmcounter7,137,0.0,1e-06,True
hpmcounter7,138,0.0,1e-06,True
hpmcounter7,139,0.0,1e-06,True
hpmcounter7,140,0.0,1e-06,True
hpmcounter7,141,0.0,1e-06,True
hpmcounter7,142,0.0,1e-06,True
hpmcounter7,143,0.0,1e-06,True
hpmcounter7,144,0.0,1e-06,True
hpmcounter7,145,0.0,1e-06,True
hpmcounter7,146,0.0,1e-06,True
hpmcounter7,147,0.0,1e-06,True
hpmcounter7,148,0.0,1e-06,True
hpmcounter7,149,0.0,1e-06,True
hpmcounter7,150,0.0,1e-06,True
hpmcounter7,151,0.0,1e-06,True
hpmcounter7,152,0.0,1e-06,True
hpmcounter7,153,0.0,1e-06,True
hpmcounter7,154,0.0,1e-06,True
hpmcounter7,155,0.0,1e-06,True
hpmcounter7,156,0.0,1e-06,True
hpmcounter7,157,0.0,1e-06,True
hpmcounter7,158,0.0,1e-06,True
hpmcounter7,159,0.0,1e-06,True
hpmcounter7,160,0.0,1e-06,True
hpmcounter7,161,0.0,1e-06,True
hpmcounter7,162,0.0,1e-06,True
hpmcounter7,163,0.0,1e-06,True
hpmcounter7,164,0.0,1e-06,True
hpmcounter7,165,0.0,1e-06,True
hpmcounter7,166,0.0,1e-06,True
hpmcounter7,167,0.0,1e-06,True
hpmcounter7,168,0.0,1e-06,True
hpmcounter7,169,0.0,1e-06,True
hpmcounter7,170,0.0,1e-06,True
hpmcounter7,171,0.0,1e-06,True
hpmcounter7,172,0.0,1e-06,True
hpmcounter7,173,0.0,1e-06,True
hpmcounter7,174,0.0,1e-06,True
hpmcounter7,175,0.0,1e-06,True
hpmcounter7,176,0.0,1e-06,True
hpmcounter7,177,0.0,1e-06,True
hpmcounter7,178,0.0,1e-06,True
hpmcounter7,179,0.0,1e-06,True
hpmcounter7,180,0.0,1e-06,True
hpmcounter7,181,0.0,1e-06,True
hpmcounter7,182,0.0,1e-06,True
hpmcounter7,183,0.0,1e-06,True
hpmcounter7,184,0.0,1e-06,True
hpmcounter7,185,0.0,1e-06,True
hpmcounter7,186,0.0,1e-06,True
hpmcounter7,187,0.0,1e-06,True
hpmcounter7,188,0.0,1e-06,True
hpmcounter7,189,0.0,1e-06,True
hpmcounter7,190,0.0,1e-06,True
hpmcounter7,191,0.0,1e-06,True
hpmcounter7,192,0.0,1e-06,True
hpmcounter7,193,0.0,1e-06,True
hpmcounter7,194,0.0,1e-06,True
hpmcounter7,195,0.0,1e-06,True
hpmcounter7,196,0.0,1e-06,True
hpmcounter7,197,0.0,1e-06,True
hpmcounter7,198,0.0,1e-06,True
hpmcounter7,199,0.0,1e-06,True
hpmcounter7,200,0.0,1e-06,True
hpmcounter7,201,0.0,1e-06,True
hpmcounter7,202,0.0,1e-06,True
hpmcounter7,203,0.0,1e-06,True
hpmcounter7,204,0.0,1e-06,True
hpmcounter7,205,0.0,1e-06,True
hpmcounter7,206,0.0,1e-06,True
hpmcounter7,207,0.0,1e-06,True
hpmcounter7,208,0.0,1e-06,True
hpmcounter7,209,0.0,1e-06,True
hpmcounter7,210,0.0,1e-06,True
hpmcounter7,211,0.0,1e-06,True
hpmcounter7,212,0.0,1e-06,True
hpmcounter7,213,0.0,1e-06,True
hpmcounter7,214,0.0,1e-06,True
hpmcounter7,215,0.0,1e-06,True
hpmcounter7,216,0.0,1e-06,True
hpmcounter7,217,0.0,1e-06,True
hpmcounter7,218,0.0,1e-06,True
hpmcounter7,219,0.0,1e-06,True
hpmcounter7,220,0.0,1e-06,True
hpmcounter7,221,0.0,1e-06,True
hpmcounter7,222,0.0,1e-06,True
hpmcounter7,223,0.0,1e-06,True
hpmcounter7,224,0.0,1e-06,True
hpmcounter7,225,0.0,1e-06,True
hpmcounter7,226,0.0,1e-06,True
hpmcounter7,227,0.0,1e-06,True
hpmcounter7,228,0.0,1e-06,True
hpmcounter7,229,0.0,1e-06,True
hpmcounter7,230,0.0,1e-06,True
hpmcounter7,231,0.0,1e-06,True
hpmcounter7,232,0.0,1e-06,True
hpmcounter7,233,0.0,1e-06,True
hpmcounter7,234,0.0,1e-06,True
hpmcounter7,235,0.0,1e-06,True
hpmcounter7,236,0.0,1e-06,True
hpmcounter7,237,0.0,1e-06,True
hpmcounter7,238,0.0,1e-06,True
hpmcounter7,239,0.0,1e-06,True
hpmcounter7,240,0.0,1e-06,True
hpmcounter7,241,0.0,1e-06,True
hpmcounter7,242,0.0,1e-06,True
hpmcounter7,243,0.0,1e-06,True
hpmcounter7,244,0.0,1e-06,True
hpmcounter7,245,0.0,1e-06,True
hpmcounter7,246,0.0,1e-06,True
hpmcounter7,247,0.0,1e-06,True
hpmcounter7,248,0.0,1e-06,True
hpmcounter7,249,0.0,1e-06,True
hpmcounter7,250,0.0,1e-06,True
hpmcounter7,251,0.0,1e-06,True
hpmcounter7,252,0.0,1e-06,True
hpmcounter7,253,0.0,1e-06,True
hpmcounter7,254,0.0,1e-06,True
hpmcounter7,255,0.0,1e-06,True
hpmcounter7,256,0.0,1e-06,True
hpmcounter7,257,0.0,1e-06,True
hpmcounter7,258,0.0,1e-06,True
hpmcounter7,259,0.0,1e-06,True
hpmcounter7,260,0.0,1e-06,True
hpmcounter7,261,0.0,1e-06,True
hpmcounter7,262,0.0,1e-06,True
hpmcounter7,263,0.0,1e-06,True
hpmcounter7,264,0.0,1e-06,True
hpmcounter7,265,0.0,1e-06,True
hpmcounter7,266,0.0,1e-06,True
hpmcounter7,267,0.0,1e-06,True
hpmcounter7,268,0.0,1e-06,True
hpmcounter7,269,0.0,1e-06,True
hpmcounter7,270,0.0,1e-06,True
hpmcounter7,271,0.0,1e-06,True
hpmcounter7,272,0.0,1e-06,True
hpmcounter7,273,0.0,1e-06,True
hpmcounter7,274,0.0,1e-06,True
hpmcounter7,275,0.0,1e-06,True
hpmcounter7,276,0.0,1e-06,True
hpmcounter7,277,0.0,1e-06,True
hpmcounter7,278,0.0,1e-06,True
hpmcounter7,279,0.0,1e-06,True
hpmcounter7,280,0.0,1e-06,True
hpmcounter7,281,0.0,1e-06,True
hpmcounter7,282,0.0,1e-06,True
hpmcounter7,283,0.0,1e-06,True
hpmcounter7,284,0.0,1e-06,True
hpmcounter7,285,0.0,1e-06,True
hpmcounter7,286,0.0,1e-06,True
hpmcounter7,287,0.0,1e-06,True
hpmcounter7,288,0.0,1e-06,True
hpmcounter7,289,0.0,1e-06,True
hpmcounter7,290,0.0,1e-06,True
hpmcounter7,291,0.0,1e-06,True
hpmcounter7,292,0.0,1e-06,True
hpmcounter7,293,0.0,1e-06,True
hpmcounter7,294,0.0,1e-06,True
hpmcounter7,295,0.0,1e-06,True
hpmcounter7,296,0.0,1e-06,True
hpmcounter7,297,0.0,1e-06,True
hpmcounter7,298,0.0,1e-06,True
hpmcounter8,19,9.852119120523639e-14,0.738913581995294,False
hpmcounter8,20,-1.590672038531693e-14,0.7805127883747015,False
hpmcounter8,21,3.294586825575152e-15,0.8086832275743598,False
hpmcounter8,22,2.4258373088059672e-15,0.7633403715024993,False
hpmcounter8,23,2.750577543508825e-15,0.717820249688596,False
hpmcounter8,24,1.4460654895742664e-15,0.672040098792104,False
hpmcounter8,25,6.855627177060341e-16,0.62516739185753,False
hpmcounter8,26,1.2018164241567319e-15,0.5767170264222927,False
hpmcounter8,27,1.344757638577221e-15,0.5375850498591633,False
hpmcounter8,28,6.467049118441537e-16,0.5032758030459891,False
hpmcounter8,29,1.5334955527634975e-15,0.4580214972816671,False
hpmcounter8,30,5.148659276699164e-16,0.3987350277264018,False
hpmcounter8,31,-1.3378187446733137e-15,0.34648773496811286,False
hpmcounter8,32,-8.770761894538737e-16,0.3036727750969516,False
hpmcounter8,33,-1.609823385706477e-15,0.27082804836441565,False
hpmcounter8,34,-1.1768364061026659e-15,0.2563775660459941,False
hpmcounter8,35,-3.4416913763379854e-16,0.2559857253256414,False
hpmcounter8,36,-3.552713678800501e-16,0.2767749253453655,False
hpmcounter8,37,-9.631184738623234e-16,0.3140689563042814,False
hpmcounter8,38,-8.049116928532385e-16,0.3520015618149242,False
hpmcounter8,39,-1.6153745008296028e-15,0.38647030776636565,False
hpmcounter8,40,-3.108624468950438e-16,0.4102028640297522,False
hpmcounter8,41,9.992007221626409e-16,0.4203000937649152,False
hpmcounter8,42,-3.9412917374193055e-16,0.43005298993619134,False
hpmcounter8,43,-1.784683512084939e-15,0.428526469381396,False
hpmcounter8,44,-2.2815083156046968e-15,0.42351147770103786,False
hpmcounter8,45,-1.8596235662471372e-15,0.4098369638443989,False
hpmcounter8,46,-2.3425705819590805e-15,0.3872175999411201,False
hpmcounter8,47,-2.456368441983159e-15,0.36433824799628306,False
hpmcounter8,48,-2.4424906541753444e-15,0.3478847301004395,False
hpmcounter8,49,-1.1504686092678185e-15,0.33874062723611603,False
hpmcounter8,50,-2.040034807748725e-15,0.32947111466098755,False
hpmcounter8,51,-3.072542220650121e-15,0.3208160888268427,False
hpmcounter8,52,-1.3350431871117508e-15,0.3071524844728772,False
hpmcounter8,53,1.6930901125533636e-16,0.30839759622935675,False
hpmcounter8,54,4.4408920985006264e-17,0.31416612336616173,False
hpmcounter8,55,-2.5701663020072372e-15,0.31898635382497564,False
hpmcounter8,56,-1.254552017826427e-15,0.31537894459773463,False
hpmcounter8,57,-5.48172618408671e-16,0.2989007988713459,False
hpmcounter8,58,-1.3711254354120683e-15,0.28011955751427575,False
hpmcounter8,59,-3.429201367310952e-15,0.25921601817451145,False
hpmcounter8,60,-1.6237011735142914e-15,0.2492965149890798,False
hpmcounter8,61,1.304512053934559e-16,0.24691151844248668,False
hpmcounter8,62,-7.133182933216631e-16,0.25616355813724045,False
hpmcounter8,63,6.439293542825908e-16,0.27743467040101694,False
hpmcounter8,64,7.382983113757291e-16,0.31489167130179463,False
hpmcounter8,65,2.936539900133539e-15,0.356661944418145,False
hpmcounter8,66,2.3536728122053318e-15,0.38882729279081346,False
hpmcounter8,67,3.674838211509268e-15,0.40852425051575053,False
hpmcounter8,68,5.639932965095795e-15,0.41903771872854784,False
hpmcounter8,69,7.222000775186643e-15,0.41894861805408107,False
hpmcounter8,70,5.662137425588298e-15,0.41106761371822115,False
hpmcounter8,71,3.4194869158454822e-15,0.3910150163788275,False
hpmcounter8,72,3.0808688933348094e-15,0.359665057321356,False
hpmcounter8,73,5.662137425588298e-16,0.32157367308510476,False
hpmcounter8,74,1.5557000132560005e-15,0.2825314250321839,False
hpmcounter8,75,1.3752887717544126e-15,0.2495248011295887,False
hpmcounter8,76,2.1094237467877973e-16,0.22896444747566308,False
hpmcounter8,77,-2.2266910537638294e-15,0.2143879383849584,False
hpmcounter8,78,-3.659572644920672e-15,0.20065602265845825,False
hpmcounter8,79,-4.685141163918161e-15,0.18892358395459935,False
hpmcounter8,80,-4.952982468608979e-15,0.17624994375232458,False
hpmcounter8,81,-3.566591466608315e-15,0.1699621411674666,False
hpmcounter8,82,-2.2565282975506306e-15,0.16351440445021886,False
hpmcounter8,83,-1.1962653090336062e-15,0.16149859654993845,False
hpmcounter8,84,-2.242650509742816e-15,0.1621874558744332,False
hpmcounter8,85,-2.8532731732866522e-15,0.1703316461001807,False
hpmcounter8,86,-1.937339177970898e-15,0.17706555282434447,False
hpmcounter8,87,-1.27675647831893e-15,0.18102240594957897,False
hpmcounter8,88,-2.3037127760972e-15,0.17781152076423637,False
hpmcounter8,89,-2.3037127760972e-15,0.17124384387766092,False
hpmcounter8,90,-9.631184738623234e-16,0.16717974207225034,False
hpmcounter8,91,-1.96787031114809e-15,0.15965854500266263,False
hpmcounter8,92,-4.901634653720066e-15,0.14732364086455077,False
hpmcounter8,93,-5.279110482092619e-15,0.1309115814223708,False
hpmcounter8,94,-3.873290577161015e-15,0.1175569182723099,False
hpmcounter8,95,-3.3480163086352377e-15,0.10804162015462497,False
hpmcounter8,96,-1.6431300764452318e-15,0.09712210149935974,False
hpmcounter8,97,-1.325675680341476e-15,0.08176094615248483,False
hpmcounter8,98,2.6402491304367004e-15,0.06934461503256088,False
hpmcounter8,99,5.244416012573083e-15,0.05731232676091619,False
hpmcounter8,100,5.8224258747685555e-15,0.04644118529754842,False
hpmcounter8,101,7.16614267926019e-15,0.037491160722776466,False
hpmcounter8,102,1.1086617734967774e-14,0.029704778365197613,False
hpmcounter8,103,1.3323023240197074e-14,0.021904647575838803,False
hpmcounter8,104,1.103006574965093e-14,0.017853156528966824,False
hpmcounter8,105,1.1434950208943917e-14,0.0207276203895266,False
hpmcounter8,106,8.422082475867398e-15,0.02806330431340645,False
hpmcounter8,107,9.747931628556472e-15,0.03587306812731449,False
hpmcounter8,108,5.194802921160146e-15,0.0438212994522589,False
hpmcounter8,109,2.5732888042639958e-15,0.05175405723612918,False
hpmcounter8,110,-6.505213034913027e-16,0.05965248907933513,False
hpmcounter8,111,-1.3053794156725473e-15,0.06744654935058515,False
hpmcounter8,112,-3.91405657884647e-15,0.0753001465940996,False
hpmcounter8,113,-8.334999357373363e-15,0.07526300158514991,False
hpmcounter8,114,-5.868742991577136e-15,0.06755883557861592,False
hpmcounter8,115,-5.868049102186745e-15,0.05979971077471177,False
hpmcounter8,116,-5.806813363484764e-15,0.052261143087420664,False
hpmcounter8,117,-7.755081299354316e-15,0.04593858777030997,False
hpmcounter8,118,-3.852387159275494e-15,0.04170550259575143,False
hpmcounter8,119,-1.9316145905001747e-15,0.040662826016892036,False
hpmcounter8,120,6.848688283156435e-16,0.043690688542593524,False
hpmcounter8,121,1.9937176909401443e-15,0.05001706215595878,False
hpmcounter8,122,3.2781069525533724e-15,0.05863758287226395,False
hpmcounter8,123,8.379408278358368e-15,0.0718019737130059,False
hpmcounter8,124,7.161979342917846e-15,0.08512243180006593,False
hpmcounter8,125,6.458028556366458e-15,0.09848696377595745,False
hpmcounter8,126,1.0278583539857777e-14,0.1054836098517647,False
hpmcounter8,127,1.0947492912194435e-14,0.1034610425668701,False
hpmcounter8,128,7.025283133010874e-15,0.09972963312401724,False
hpmcounter8,129,4.4568515544796125e-15,0.09381713808629365,False
hpmcounter8,130,3.165870343657673e-15,0.08852004762754397,False
hpmcounter8,131,-8.291978215169137e-17,0.08382350642207323,False
hpmcounter8,132,-7.129713486264677e-16,0.07947295165344252,False
hpmcounter8,133,-3.2803620930721422e-15,0.06946767845370526,False
hpmcounter8,134,-3.316791286067655e-15,0.05941783018740957,False
hpmcounter8,135,-3.933658954125008e-15,0.052458858714003555,False
hpmcounter8,136,-8.319733790784767e-15,0.0507133524232076,False
hpmcounter8,137,-7.732703366514216e-15,0.050327251632284305,False
hpmcounter8,138,-6.436171040569149e-15,0.05234751742576698,False
hpmcounter8,139,-3.863749598043143e-15,0.057261630256737396,False
hpmcounter8,140,-3.833044992518353e-15,0.06650902842231238,False
hpmcounter8,141,-1.840194663316197e-15,0.07991683711812533,False
hpmcounter8,142,-2.500777362968165e-15,0.09279494839648393,False
hpmcounter8,143,-4.918287999089443e-15,0.1077933399108075,False
hpmcounter8,144,-6.6308070145737476e-15,0.12957029316678592,False
hpmcounter8,145,-5.520583989948591e-15,0.15764950219230164,False
hpmcounter8,146,-3.0753177782116835e-15,0.1864891203906405,False
hpmcounter8,147,-4.3104408931071706e-15,0.2161421086107251,False
hpmcounter8,148,-1.837419105754634e-15,0.24287813412480927,False
hpmcounter8,149,-4.946043574705072e-15,0.2663583909674783,False
hpmcounter8,150,-3.574918139293004e-15,0.2843010214351272,False
hpmcounter8,151,-4.074518500374325e-15,0.2963752521853446,False
hpmcounter8,152,-2.373101715136272e-15,0.30272385912657274,False
hpmcounter8,153,1.1657341758564144e-15,0.3015017335730638,False
hpmcounter8,154,5.093148125467906e-15,0.2943560025333309,False
hpmcounter8,155,3.0309088572266774e-15,0.2826992258746306,False
hpmcounter8,156,1.8512968935624486e-15,0.2683018510943739,False
hpmcounter8,157,3.549938121238938e-15,0.25075972276861475,False
hpmcounter8,158,1.2434497875801752e-15,0.2286354550283861,False
hpmcounter8,159,4.628242233906121e-15,0.20468056642606697,False
hpmcounter8,160,3.291811268013589e-15,0.1856977498353127,False
hpmcounter8,161,3.749778265671466e-15,0.1767315651092327,False
hpmcounter8,162,1.1407541578023484e-15,0.17384171377001215,False
hpmcounter8,163,-1.101896351940468e-15,0.17578053808478178,False
hpmcounter8,164,-3.2307490016592057e-15,0.18207280397443615,False
hpmcounter8,165,-5.60662627435704e-16,0.19035106424456186,False
hpmcounter8,166,1.6264767310758544e-15,0.19562431426228272,False
hpmcounter8,167,3.8857805861880476e-17,0.19611644872358353,False
hpmcounter8,168,-5.384581669432009e-16,0.19112011778756582,False
hpmcounter8,169,-3.6914915568786455e-15,0.18386673757345545,False
hpmcounter8,170,-1.021405182655144e-15,0.17445216387492704,False
hpmcounter8,171,1.3877787807814457e-17,0.16190831871128275,False
hpmcounter8,172,1.0352829704629584e-15,0.15116510543238884,False
hpmcounter8,173,3.2002178684820136e-15,0.14327979923192247,False
hpmcounter8,174,3.247402347028583e-15,0.14231836784471802,False
hpmcounter8,175,2.743638649604918e-15,0.1419438108034279,False
hpmcounter8,176,6.189493362285248e-16,0.14296960800502445,False
hpmcounter8,177,2.8275992658421956e-15,0.14550048766506,False
hpmcounter8,178,3.830963324347181e-15,0.14717622506796693,False
hpmcounter8,179,5.960509863456309e-15,0.15222897501808935,False
hpmcounter8,180,6.13398221105399e-16,0.1599798721847915,False
hpmcounter8,181,-4.996003610813204e-16,0.16478438231769313,False
hpmcounter8,182,-1.0644263248593689e-15,0.1639381636754723,False
hpmcounter8,183,-2.141342658745771e-15,0.15376130821037448,False
hpmcounter8,184,-5.57748291996063e-15,0.13772170589387198,False
hpmcounter8,185,-7.242817456898365e-15,0.11980784613689904,False
hpmcounter8,186,-7.293124437701692e-15,0.10335081338097075,False
hpmcounter8,187,-1.2304740559798688e-14,0.0897379450095713,False
hpmcounter8,188,-1.005098781980962e-14,0.08368232359854559,False
hpmcounter8,189,-8.36136715420821e-15,0.08740743974699813,False
hpmcounter8,190,-5.138250935843303e-15,0.09900449693087768,False
hpmcounter8,191,-7.213327157806759e-15,0.11574022771532518,False
hpmcounter8,192,-1.697253448895708e-15,0.135363358238414,False
hpmcounter8,193,-5.793976409762536e-16,0.15628186064167213,False
hpmcounter8,194,6.0555727099398385e-15,0.17108233172374984,False
hpmcounter8,195,5.073719222536966e-15,0.17991122683364916,False
hpmcounter8,196,7.761846720910625e-15,0.1830690036820976,False
hpmcounter8,197,1.328659404720156e-14,0.18095596768863478,False
hpmcounter8,198,1.2151391004522339e-14,0.17432913701627684,False
hpmcounter8,199,8.815170815523744e-15,0.164247723619393,False
hpmcounter8,200,9.955924973326091e-15,0.15765180219060568,False
hpmcounter8,201,1.4288570326925763e-14,0.1496179283095277,False
hpmcounter8,202,6.564193633096238e-15,0.13859892715040645,False
hpmcounter8,203,5.4900528567713994e-15,0.12412683456922628,False
hpmcounter8,204,2.1871393585115583e-15,0.10714191088021137,False
hpmcounter8,205,6.464273560879974e-15,0.09329066431505573,False
hpmcounter8,206,-8.326672684688674e-18,0.08275580061020743,False
hpmcounter8,207,-3.322342401190781e-15,0.07696753084373467,False
hpmcounter8,208,-4.388156504830931e-15,0.0777273478008482,False
hpmcounter8,209,-5.4095616874860754e-15,0.08119744599760643,False
hpmcounter8,210,-4.377054274584679e-15,0.08930981514279891,False
hpmcounter8,211,-7.610578833805448e-15,0.10102933027978564,False
hpmcounter8,212,-3.2113200987282654e-15,0.10635425923423676,False
hpmcounter8,213,-5.42343947529389e-15,0.10554452103731655,False
hpmcounter8,214,-7.624456621613262e-15,0.10472195009372405,False
hpmcounter8,215,-7.602252161120759e-15,0.10401310552178328,False
hpmcounter8,216,-1.0824674490095276e-15,0.10349511072332065,False
hpmcounter8,217,-1.0463852007092101e-15,0.0962744958479493,False
hpmcounter8,218,-2.1094237467877974e-15,0.08244304297807376,False
hpmcounter8,219,1.0644263248593689e-15,0.06850549743538151,False
hpmcounter8,220,1.3877787807814457e-17,0.05456513593336787,False
hpmcounter8,221,-8.326672684688674e-18,0.04068621678310258,False
hpmcounter8,222,-3.28279070593851e-15,0.030234272331368654,False
hpmcounter8,223,1.1129985821867195e-15,0.02357455905181529,False
hpmcounter8,224,4.418687638008123e-15,0.018030369413040963,False
hpmcounter8,225,2.7755575615628915e-18,0.017008851772260147,False
hpmcounter8,226,-3.2029934260435768e-15,0.024290775822523508,False
hpmcounter8,227,1.0408340855860843e-17,0.03751657901885877,False
hpmcounter8,228,1.0498546476611637e-15,0.05394310712947624,False
hpmcounter8,229,2.120525977034049e-15,0.07372453228657992,False
hpmcounter8,230,-2.1885271372923397e-15,0.09654288415346346,False
hpmcounter8,231,3.111400026512001e-15,0.12246969208596957,False
hpmcounter8,232,8.47655279301307e-15,0.15132445066165215,False
hpmcounter8,233,4.188316360398403e-15,0.17945971485675535,False
hpmcounter8,234,3.0558888752807432e-15,0.20141411791309183,False
hpmcounter8,235,6.342149028171207e-15,0.21702219246279797,False
hpmcounter8,236,9.46465128492946e-15,0.22606217011275961,False
hpmcounter8,237,7.271960811294775e-15,0.22856090959938696,False
hpmcounter8,238,8.31279489688086e-15,0.22460236948918816,False
hpmcounter8,239,2.045585922871851e-15,0.21415532518946126,False
hpmcounter8,240,6.2727600891321345e-15,0.1974980673982966,False
hpmcounter8,241,2.051137037994977e-15,0.17466254067427897,False
hpmcounter8,242,-1.609823385706477e-16,0.14579270865848698,False
hpmcounter8,243,8.951173136040325e-16,0.11694340451565344,False
hpmcounter8,244,-1.5126788710517758e-16,0.09188223908048801,False
hpmcounter8,245,-2.220446049250313e-15,0.07181594382453403,False
hpmcounter8,246,-4.247296958581615e-15,0.05990874001000938,False
hpmcounter8,247,-3.0822566721155908e-15,0.060650210624183826,False
hpmcounter8,248,-3.9246383920499285e-15,0.07192809424841427,False
hpmcounter8,249,4.450606549966096e-15,0.08824643652134026,False
hpmcounter8,250,3.4430791551187666e-15,0.10645576970689052,False
hpmcounter8,251,2.7478019859472625e-16,0.12549581709451435,False
hpmcounter8,252,-2.761679773755077e-15,0.14484724055373527,False
hpmcounter8,253,-7.438494264988549e-16,0.15913113922873692,False
hpmcounter8,254,2.4841240175987878e-15,0.16898550366668305,False
hpmcounter8,255,5.670464098272987e-15,0.1711348752317757,False
hpmcounter8,256,3.4305891460917336e-15,0.16587278239911746,False
hpmcounter8,257,-2.040034807748725e-15,0.1536844443269447,False
hpmcounter8,258,-3.291811268013589e-15,0.13964787569314666,False
hpmcounter8,259,-8.590350653037149e-15,0.12849302247139552,False
hpmcounter8,260,-9.69502256253918e-15,0.1237655309724293,False
hpmcounter8,261,-6.536438057480609e-15,0.12757210348841644,False
hpmcounter8,262,-2.3175905639050143e-15,0.13807681919765113,False
hpmcounter8,263,-4.3215431233534215e-15,0.14722112759795752,False
hpmcounter8,264,-6.475375791126226e-15,0.15346931639604863,False
hpmcounter8,265,-9.753309271332e-15,0.15663025407556075,False
hpmcounter8,266,-5.449807272128737e-15,0.15652126968337715,False
hpmcounter8,267,1.0574874309554616e-15,0.15997136435886095,False
hpmcounter8,268,1.083855227790309e-15,0.16848447033890784,False
hpmcounter8,269,3.3459346404640654e-15,0.17668241492314593,False
hpmcounter8,270,4.371503159461554e-15,0.18499465698142636,False
hpmcounter8,271,5.4012350148013864e-15,0.19124930591433395,False
hpmcounter8,272,2.2620794126737565e-15,0.20489516897894075,False
hpmcounter8,273,5.4178883601707636e-15,0.22451288179251352,False
hpmcounter8,274,4.3381964687227995e-15,0.2428387587832021,False
hpmcounter8,275,4.367339823119209e-15,0.26050491907252765,False
hpmcounter8,276,3.3209546224099997e-15,0.27317857561137726,False
hpmcounter8,277,4.718447854656915e-17,0.27781115948191604,False
hpmcounter8,278,1.0935696792557792e-15,0.2741040662293602,False
hpmcounter8,279,-2.2343238370581275e-15,0.26602786486272983,False
hpmcounter8,280,-1.3877787807814457e-17,0.2522781397471985,False
hpmcounter8,281,-2.080280392391387e-15,0.23365498209656185,False
hpmcounter8,282,-2.248201624865942e-15,0.21353724598066437,False
hpmcounter8,283,-2.2565282975506306e-15,0.19348057159759102,False
hpmcounter8,284,-3.241851231905457e-15,0.1802593773919765,False
hpmcounter8,285,-3.229361222878424e-15,0.1714630678852943,False
hpmcounter8,286,-4.445055434842971e-15,0.16666891057872615,False
hpmcounter8,287,-1.1865508575681362e-16,0.16400742937702636,False
hpmcounter8,288,9.096889908022376e-16,0.15762344536544431,False
hpmcounter8,289,2.032402024454427e-15,0.14580924285369462,False
hpmcounter8,290,8.847089727481716e-16,0.1310066875515624,False
hpmcounter8,291,4.029415689998928e-15,0.11659085116917002,False
hpmcounter8,292,7.221306885796253e-15,0.1023078954293484,False
hpmcounter8,293,9.46465128492946e-16,0.08856817441852585,False
hpmcounter8,294,6.1631255654504006e-15,0.07735933311645622,False
hpmcounter8,295,8.286427100046012e-15,0.06619055880274015,False
hpmcounter8,296,4.247296958581615e-15,0.06383613334821364,False
hpmcounter8,297,-3.122502256758253e-17,0.07188829064942813,False
hpmcounter8,298,-8.118505867571457e-17,0.08675290560275907,False
hpmcounter9,19,-1.3088030659247351e-12,0.2684532320612032,False
hpmcounter9,20,-1.0403178318796336e-12,0.23396033217679826,False
hpmcounter9,21,-9.149736523994534e-13,0.2312152352866186,False
hpmcounter9,22,-6.96676050182532e-13,0.25192544173976417,False
hpmcounter9,23,-4.781564033606856e-13,0.2757477148373753,False
hpmcounter9,24,-2.596450832115238e-13,0.3019463646997988,False
hpmcounter9,25,-4.128086761312488e-14,0.32995581969097565,False
hpmcounter9,26,1.7728873924482969e-13,0.35935290400328423,False
hpmcounter9,27,3.956224237100514e-13,0.3898238155351387,False
hpmcounter9,28,4.504008277450566e-13,0.4458547691157067,False
hpmcounter9,29,5.052125384708006e-13,0.501947099899338,False
hpmcounter9,30,3.503364265355913e-13,0.5311760239418829,False
hpmcounter9,31,4.817035659243629e-13,0.514874007135916,False
hpmcounter9,32,4.2686965073812645e-13,0.45877046951652267,False
hpmcounter9,33,3.7210234893336746e-13,0.40272322027158486,False
hpmcounter9,34,3.172101470383382e-13,0.34675955438993983,False
hpmcounter9,35,2.623429251613629e-13,0.29092771085751423,False
hpmcounter9,36,2.0748680551463394e-13,0.23532153598463215,False
hpmcounter9,37,1.5266676811620527e-13,0.18015011968030736,False
hpmcounter9,38,9.786615962070755e-14,0.12598592743946088,False
hpmcounter9,39,4.30600000100867e-14,0.0750425890679589,False
hpmcounter9,40,9.305889392408063e-14,0.02344165229623664,False
hpmcounter9,41,0.0,1e-06,True
hpmcounter9,42,0.0,1e-06,True
hpmcounter9,43,0.0,1e-06,True
hpmcounter9,44,0.0,1e-06,True
hpmcounter9,45,7.861211681614578e-14,0.024231273644081078,False
hpmcounter9,46,1.569577801063815e-13,0.04846254728816222,False
hpmcounter9,47,2.3542279237176444e-13,0.0726938209322433,False
hpmcounter9,48,1.9545753904282038e-13,0.09973920996977474,False
hpmcounter9,49,2.340586058302563e-13,0.12995016591806907,False
hpmcounter9,50,2.3402946247585985e-13,0.16739968125138574,False
hpmcounter9,51,2.991357161974406e-13,0.20814739554437497,False
hpmcounter9,52,3.564870620920146e-13,0.26725098994498203,False
hpmcounter9,53,3.8259950763119833e-13,0.32600743185104863,False
hpmcounter9,54,4.0870085094013575e-13,0.39062159748154224,False
hpmcounter9,55,2.778194341246376e-13,0.44066607279888126,False
hpmcounter9,56,1.4712675522332575e-13,0.500268753367477,False
hpmcounter9,57,1.63202784619898e-14,0.5664202910018442,False
hpmcounter9,58,4.274636200563009e-14,0.6074965391062892,False
hpmcounter9,59,-8.792411243518928e-14,0.6342191302168609,False
hpmcounter9,60,-1.413924533011368e-13,0.6473677352278195,False
hpmcounter9,61,-2.716854519135836e-13,0.6618023240228733,False
hpmcounter9,62,-3.3139324617792456e-13,0.6022182762693329,False
hpmcounter9,63,-4.10477207779536e-13,0.5392035066969986,False
hpmcounter9,64,-4.894806782118622e-13,0.48585787605046443,False
hpmcounter9,65,-4.3713921371590915e-13,0.43519262059396085,False
hpmcounter9,66,-4.609979065151038e-13,0.39833644981314226,False
hpmcounter9,67,-4.347799897885807e-13,0.38454056937850095,False
hpmcounter9,68,-3.676781101802362e-13,0.38797123455799665,False
hpmcounter9,69,-2.2213342276700132e-13,0.411811816769666,False
hpmcounter9,70,-1.1503992203287794e-13,0.45211292789666996,False
hpmcounter9,71,-4.9910076072023914e-14,0.4761609590968376,False
hpmcounter9,72,-1.264044424686972e-13,0.4696705522827068,False
hpmcounter9,73,-7.045891647905478e-14,0.4417375537556319,False
hpmcounter9,74,3.3308078517535476e-14,0.4234163422358761,False
hpmcounter9,75,7.0443650912466186e-15,0.38891381227046845,False
hpmcounter9,76,1.7723600365116e-13,0.3470906099881525,False
hpmcounter9,77,1.8156448566841732e-13,0.3143627238617565,False
hpmcounter9,78,1.0618173007514997e-13,0.29751602195035337,False
hpmcounter9,79,5.2713389209202434e-14,0.2913789714877367,False
hpmcounter9,80,3.743672039036028e-14,0.30728729261987014,False
hpmcounter9,81,5.522804435997841e-14,0.3394265873553326,False
hpmcounter9,82,1.9209356327820614e-13,0.3379652912155983,False
hpmcounter9,83,2.4701629630641266e-13,0.35297635944489797,False
hpmcounter9,84,1.880884337168709e-13,0.36498310665747496,False
hpmcounter9,85,2.3019919304090306e-13,0.3706180583346377,False
hpmcounter9,86,1.0820788709509088e-13,0.38015011385402814,False
hpmcounter9,87,1.6764922783352176e-13,0.39092462164482894,False
hpmcounter9,88,2.271988153168536e-13,0.4180358020520053,False
hpmcounter9,89,1.9668433548503117e-13,0.4209946762200158,False
hpmcounter9,90,8.95672425116345e-14,0.41778433110751256,False
hpmcounter9,91,2.370881269087022e-14,0.40841550642983093,False
hpmcounter9,92,-6.832034937787057e-14,0.3810369330571732,False
hpmcounter9,93,-1.289482409738696e-13,0.3615199318989894,False
hpmcounter9,94,-1.5285411825161076e-13,0.330047934326921,False
hpmcounter9,95,-1.682071149033959e-13,0.2947541651783107,False
hpmcounter9,96,-1.3972434320663752e-13,0.2623879212562842,False
hpmcounter9,97,-2.266617449286912e-13,0.23488658220044667,False
hpmcounter9,98,-3.137518023166308e-13,0.21554725537672514,False
hpmcounter9,99,-2.207151128530427e-13,0.2056416710406479,False
hpmcounter9,100,-1.3759826611448034e-13,0.21060401615990024,False
hpmcounter9,101,-7.508438315539933e-14,0.22816850213500134,False
hpmcounter9,102,-5.719313911356494e-14,0.23789076327338624,False
hpmcounter9,103,-1.0201006706012095e-13,0.24081038987914904,False
hpmcounter9,104,-3.7883585157771907e-14,0.24443767222226478,False
hpmcounter9,105,-8.722744748723698e-14,0.2462931545064661,False
hpmcounter9,106,-1.365685342591405e-13,0.2519439150324814,False
hpmcounter9,107,-8.62171445348281e-14,0.250333674112666,False
hpmcounter9,108,2.786659791809143e-14,0.25194609565230575,False
hpmcounter9,109,-3.55576679211822e-14,0.2311488496333132,False
hpmcounter9,110,-2.345346139520643e-15,0.2087069068271507,False
hpmcounter9,111,-1.559863349598345e-14,0.18914177390628628,False
hpmcounter9,112,3.083644450896372e-14,0.17688040085622103,False
hpmcounter9,113,1.0877965195277283e-13,0.17669540250304883,False
hpmcounter9,114,7.480682739924304e-14,0.1771230410249137,False
hpmcounter9,115,1.701666585418593e-13,0.17765224514808908,False
hpmcounter9,116,2.6552648968447557e-13,0.18627685850377954,False
hpmcounter9,117,3.110622870394764e-13,0.20093365637663943,False
hpmcounter9,118,2.292499523548486e-13,0.1910800226499729,False
hpmcounter9,119,2.1306567621337535e-13,0.182256890095183,False
hpmcounter9,120,1.3426065814670096e-13,0.18038863780068937,False
hpmcounter9,121,1.6344564590653476e-13,0.1765587528402521,False
hpmcounter9,122,1.341815547561964e-13,0.16737540895441813,False
hpmcounter9,123,1.0490636137561183e-13,0.16355492620420717,False
hpmcounter9,124,1.0788592241794959e-13,0.1662310392482727,False
hpmcounter9,125,6.237232952344129e-14,0.1735558256080519,False
hpmcounter9,126,1.6966983373833954e-14,0.18576366448088621,False
hpmcounter9,127,-2.8407831642596193e-14,0.20197104180100914,False
hpmcounter9,128,5.512257317263902e-15,0.2174010284426352,False
hpmcounter9,129,3.95294907917787e-14,0.23589068454004447,False
hpmcounter9,130,8.604505996601119e-14,0.23873085397428392,False
hpmcounter9,131,5.5719318048375044e-14,0.2248187795512838,False
hpmcounter9,132,3.927413949611491e-14,0.23201372308809706,False
hpmcounter9,133,2.2826185386293218e-14,0.25552921264068984,False
hpmcounter9,134,6.261657858885883e-15,0.2914411022378981,False
hpmcounter9,135,-1.0058620603103918e-14,0.33579544425708074,False
hpmcounter9,136,-2.6578739209526248e-14,0.38569051251395703,False
hpmcounter9,137,-4.3076653355456074e-14,0.4392421760851828,False
hpmcounter9,138,-9.107159471000159e-14,0.45608251948809975,False
hpmcounter9,139,-1.3915535390651713e-13,0.4748006194202334,False
hpmcounter9,140,-1.9589885269510887e-13,0.45075441824603235,False
hpmcounter9,141,-2.2382096176443156e-13,0.4234709467701863,False
hpmcounter9,142,-2.2102319974237616e-13,0.363922462709382,False
hpmcounter9,143,-2.1839197117401453e-13,0.30742441993657443,False
hpmcounter9,144,-2.1574964037540667e-13,0.2560044688771489,False
hpmcounter9,145,-2.1314061626753755e-13,0.2133661200838996,False
hpmcounter9,146,-2.1038726316646716e-13,0.18566155584045194,False
hpmcounter9,147,-2.0785873022788336e-13,0.1799267196316088,False
hpmcounter9,148,-1.893735168678745e-13,0.19580868657509237,False
hpmcounter9,149,-1.7086609904737316e-13,0.22173496349414085,False
hpmcounter9,150,-1.15737974759611e-13,0.2251894467424961,False
hpmcounter9,151,-8.776868121174175e-14,0.20556361759297875,False
hpmcounter9,152,-4.97241137153992e-14,0.18157499005112623,False
hpmcounter9,153,-1.1557421686347879e-14,0.15802779597270963,False
hpmcounter9,154,2.6745272663220022e-14,0.13515296053616324,False
hpmcounter9,155,2.686184608080566e-14,0.11764945964005304,False
hpmcounter9,156,2.7000623958883806e-14,0.10223904189941102,False
hpmcounter9,157,5.245248679841552e-14,0.08886570785192213,False
hpmcounter9,158,1.0099976410771206e-13,0.08066561375004007,False
hpmcounter9,159,1.1514400544143655e-13,0.08235457046614648,False
hpmcounter9,160,9.313938509336594e-14,0.09357198151331267,False
hpmcounter9,161,1.0592637877948619e-13,0.11248290661690849,False
hpmcounter9,162,6.765282778431469e-14,0.12368612726639507,False
hpmcounter9,163,2.931543896522726e-14,0.13805836015696843,False
hpmcounter9,164,-9.060807659722058e-15,0.15471897903684975,False
hpmcounter9,165,2.859656955678247e-14,0.17057527412022905,False
hpmcounter9,166,6.634970350916092e-14,0.18905100215848833,False
hpmcounter9,167,5.3618220974271934e-14,0.1978531877378697,False
hpmcounter9,168,-5.4012350148013864e-15,0.19718700442061693,False
hpmcounter9,169,4.135580766728708e-15,0.1880619018370525,False
hpmcounter9,170,3.362865541589599e-14,0.16977667903740493,False
hpmcounter9,171,2.0844437287337314e-14,0.1482805452645398,False
hpmcounter9,172,3.365363543395006e-14,0.1268711529150416,False
hpmcounter9,173,4.6505854722767025e-14,0.10573545826657302,False
hpmcounter9,174,5.934142066621462e-14,0.0850776890994359,False
hpmcounter9,175,3.4254543646028426e-14,0.06291256082110414,False
hpmcounter9,176,9.001133172148457e-15,0.04159472756707149,False
hpmcounter9,177,9.026113190202522e-15,0.025874721913238172,False
hpmcounter9,178,3.217426325363704e-14,0.014550370081405374,False
hpmcounter9,179,2.1087645518669264e-14,0.006481653317442276,False
hpmcounter9,180,0.0,1e-06,True
hpmcounter9,181,0.0,1e-06,True
hpmcounter9,182,0.0,1e-06,True
hpmcounter9,183,0.0,1e-06,True
hpmcounter9,184,2.129060816535855e-14,0.00644101917622447,False
hpmcounter9,185,1.0556139296014066e-14,0.019414276637504033,False
hpmcounter9,186,-9.645062526431048e-17,0.032389286683993414,False
hpmcounter9,187,-2.1760718227348265e-14,0.04642136745209749,False
hpmcounter9,188,-4.3398618032597367e-14,0.06246594717640908,False
hpmcounter9,189,-6.497996585252963e-14,0.07931090400107504,False
hpmcounter9,190,-8.655576255733877e-14,0.09653816948020137,False
hpmcounter9,191,-1.0813017148336713e-13,0.1139745172220833,False
hpmcounter9,192,-1.297767449059961e-13,0.1315368264849216,False
hpmcounter9,193,-1.513483782744629e-13,0.14918061738624197,False
hpmcounter9,194,-2.1554702467341257e-13,0.15712245295334024,False
hpmcounter9,195,-2.1564139363050572e-13,0.15686486068670016,False
hpmcounter9,196,-2.1596058275008546e-13,0.15891773578197577,False
hpmcounter9,197,-1.942973559820871e-13,0.14124088235107166,False
hpmcounter9,198,-1.7265633367458123e-13,0.12362969176070611,False
hpmcounter9,199,-1.5107637363342975e-13,0.10611686133072196,False
hpmcounter9,200,-1.0783873793940302e-13,0.08850423095654703,False
hpmcounter9,201,-6.467881785710006e-14,0.07191403019904508,False
hpmcounter9,202,-2.1514734438454752e-14,0.057242246509564346,False
hpmcounter9,203,2.168265567092931e-14,0.04634803162149925,False
hpmcounter9,204,8.62018789682395e-14,0.04121909133111852,False
hpmcounter9,205,1.1858500292838415e-13,0.04120082117024143,False
hpmcounter9,206,1.72956961252968e-13,0.04655633489471072,False
hpmcounter9,207,1.841402030855477e-13,0.05363653405752454,False
hpmcounter9,208,1.9537045592432633e-13,0.06148209363377078,False
hpmcounter9,209,1.966444368450837e-13,0.06948322954800795,False
hpmcounter9,210,1.546995170853549e-13,0.06844269414960422,False
hpmcounter9,211,1.5239753903273367e-13,0.07041285465870274,False
hpmcounter9,212,1.1212211714628495e-13,0.0816450983905449,False
hpmcounter9,213,7.178979632982418e-14,0.09417555669080016,False
hpmcounter9,214,5.012379400426426e-14,0.11024194526850042,False
hpmcounter9,215,2.8577140653851527e-14,0.1266339634559294,False
hpmcounter9,216,-3.652772528894843e-14,0.13812684229484937,False
hpmcounter9,217,-3.732569808789776e-14,0.14983031363997495,False
hpmcounter9,218,-3.8218039843940234e-14,0.16311132164097156,False
hpmcounter9,219,-1.9209633883576772e-14,0.16534198557313515,False
hpmcounter9,220,2.1410651029896143e-14,0.17490668755673006,False
hpmcounter9,221,-1.7137680163870074e-14,0.18330319776769272,False
hpmcounter9,222,2.03517758201599e-14,0.1716149741728803,False
hpmcounter9,223,5.782041512247815e-14,0.1606667337939205,False
hpmcounter9,224,5.78759262737094e-14,0.14107468691885738,False
hpmcounter9,225,5.786621182224394e-14,0.12196884952802232,False
hpmcounter9,226,7.957245973244653e-14,0.102905785354244,False
hpmcounter9,227,8.754941216437829e-14,0.08870982937047985,False
hpmcounter9,228,6.82141843011408e-14,0.08084258580952276,False
hpmcounter9,229,3.883837695894954e-14,0.07290515996528578,False
hpmcounter9,230,9.525713551283843e-15,0.06633998699072247,False
hpmcounter9,231,1.975503094442388e-14,0.06028483561181033,False
hpmcounter9,232,-8.031075804382227e-15,0.06552966915530488,False
hpmcounter9,233,-3.5810243659284425e-14,0.07077837366108722,False
hpmcounter9,234,-4.4850234637294764e-14,0.0816555066838249,False
hpmcounter9,235,-5.387773560627807e-14,0.09253264430798329,False
hpmcounter9,236,-6.291356324794605e-14,0.1034097850815639,False
hpmcounter9,237,-1.086172818354214e-13,0.1032563155057748,False
hpmcounter9,238,-9.962031199961529e-14,0.09237917476943258,False
hpmcounter9,239,-9.052342209159291e-14,0.08150203719838266,False
hpmcounter9,240,-8.154726893749853e-14,0.07062490425511114,False
hpmcounter9,241,-7.251699241095366e-14,0.05974777846709101,False
hpmcounter9,242,-6.346173586635472e-14,0.04887066461194745,False
hpmcounter9,243,-5.444672490639846e-14,0.03799357293840925,False
hpmcounter9,244,-4.540673392838812e-14,0.02711653013921386,False
hpmcounter9,245,-3.6379926848795205e-14,0.016239634420376226,False
hpmcounter9,246,-2.7342711428346433e-14,0.00536378062339821,False
hpmcounter9,247,0.0,1e-06,True
hpmcounter9,248,0.0,1e-06,True
hpmcounter9,249,0.0,1e-06,True
hpmcounter9,250,0.0,1e-06,True
hpmcounter9,251,0.0,1e-06,True
hpmcounter9,252,1.8061940831870515e-14,0.005549637178793851,False
hpmcounter9,253,9.049011540085416e-15,0.016631586956561063,False
hpmcounter9,254,1.1449174941446927e-16,0.027714614010475876,False
hpmcounter9,255,-8.895661984809067e-15,0.03879779514333634,False
hpmcounter9,256,1.779687508474126e-14,0.05033469845888097,False
hpmcounter9,257,1.8088308628705364e-14,0.06310690836374526,False
hpmcounter9,258,1.8346435481930712e-14,0.07684807130480004,False
hpmcounter9,259,1.8590684547348245e-14,0.09112087800860426,False
hpmcounter9,260,1.0630385460785874e-14,0.10464457427472824,False
hpmcounter9,261,2.6117996654306806e-15,0.1190081000882134,False
hpmcounter9,262,-4.142242104876459e-14,0.1252474726093159,False
hpmcounter9,263,-3.141931159689193e-14,0.1250637720463912,False
hpmcounter9,264,-2.1449508835758023e-14,0.12774438090599832,False
hpmcounter9,265,-1.1418643808269734e-14,0.13311637284262456,False
hpmcounter9,266,-7.275013924612494e-14,0.12620392478596137,False
hpmcounter9,267,-8.127387651768458e-14,0.1188858211097296,False
hpmcounter9,268,-8.971573484117812e-14,0.11456532124507433,False
hpmcounter9,269,-9.81908998554104e-14,0.11358500668899023,False
hpmcounter9,270,-9.023476410519038e-14,0.09949543611014973,False
hpmcounter9,271,-8.221201497349284e-14,0.08638343773170154,False
hpmcounter9,272,-3.922834279634912e-14,0.07298821300873845,False
hpmcounter9,273,-6.7848504592404876e-15,0.064416689913011,False
hpmcounter9,274,2.5579538487363607e-14,0.057962729119096695,False
hpmcounter9,275,5.80341330547185e-14,0.05438550653403235,False
hpmcounter9,276,1.0142581219341196e-13,0.05142499805824391,False
hpmcounter9,277,1.1831646773430294e-13,0.04960722365938369,False
hpmcounter9,278,1.3532924780790268e-13,0.04948747770015199,False
hpmcounter9,279,1.5221851557001287e-13,0.0510777040897802,False
hpmcounter9,280,1.5294848720870391e-13,0.057347552360733245,False
hpmcounter9,281,1.6996404283986522e-13,0.0673320769319575,False
hpmcounter9,282,1.6876361419448927e-13,0.07406426339681346,False
hpmcounter9,283,1.3460066394799242e-13,0.0775446531509938,False
hpmcounter9,284,7.700645676678163e-14,0.08122908462992809,False
hpmcounter9,285,1.9194368316988174e-14,0.0862549660682853,False
hpmcounter9,286,1.0884348977668878e-14,0.08747932722827144,False
hpmcounter9,287,2.696454171058349e-15,0.09030574806951687,False
hpmcounter9,288,-5.723199691942682e-15,0.09459072627743795,False
hpmcounter9,289,1.6361911825413245e-15,0.10045550362146063,False
hpmcounter9,290,2.4831525724522407e-14,0.10243759624912271,False
hpmcounter9,291,1.5606960168668137e-14,0.09932451941326798,False
hpmcounter9,292,-8.300304887853827e-15,0.09543748543993348,False
hpmcounter9,293,-1.5630552407941422e-14,0.09262479677067603,False
hpmcounter9,294,2.412237076754309e-14,0.0859622249059341,False
hpmcounter9,295,4.092420846646405e-14,0.07977326695841191,False
hpmcounter9,296,3.289590821964339e-14,0.07475786011124402,False
hpmcounter9,297,4.0220604624607856e-14,0.07144369892781868,False
hpmcounter9,298,4.772016115595079e-14,0.0705037056660307,False
hpmcounter10,19,-5.455358387251863e-14,0.7744764825573163,False
hpmcounter10,20,-2.765565554341265e-14,0.7807203206544714,False
hpmcounter10,21,-5.273559366969494e-16,0.8131978041712583,False
hpmcounter10,22,2.930988785010413e-15,0.7668070961744679,False
hpmcounter10,23,4.027334021827755e-15,0.7199818625731041,False
hpmcounter10,24,1.8735013540549517e-15,0.6733175764519627,False
hpmcounter10,25,2.706168622523819e-16,0.6254133970979018,False
hpmcounter10,26,-3.2474023470285827e-16,0.5755830144206308,False
hpmcounter10,27,-2.248201624865942e-15,0.5350371841977811,False
hpmcounter10,28,-2.7366997557010107e-15,0.5001415379131093,False
hpmcounter10,29,-2.4369395390522185e-15,0.45462042083275367,False
hpmcounter10,30,-1.8568480086855745e-15,0.39545090595543037,False
hpmcounter10,31,-1.4710455076283324e-15,0.3434169604811265,False
hpmcounter10,32,-1.5279444376403716e-15,0.3014463168835154,False
hpmcounter10,33,-1.9012569296705806e-15,0.269422690245506,False
hpmcounter10,34,-2.4480417692984703e-15,0.2557400819141838,False
hpmcounter10,35,-3.083644450896372e-15,0.2562122431705258,False
hpmcounter10,36,-3.658184866139891e-15,0.27770302723884815,False
hpmcounter10,37,-4.227174166260284e-15,0.31546252857403556,False
hpmcounter10,38,-4.918287999089443e-15,0.3535924322844241,False
hpmcounter10,39,-5.498379529456088e-15,0.3883786686248828,False
hpmcounter10,40,-6.211697822777751e-15,0.4120226346401247,False
hpmcounter10,41,-6.894484982922222e-15,0.4216016980482563,False
hpmcounter10,42,-7.149836278586009e-15,0.43104116871385445,False
hpmcounter10,43,-6.769584892651892e-15,0.4294750706667364,False
hpmcounter10,44,-6.333822355486518e-15,0.4240613755939602,False
hpmcounter10,45,-5.878630915390204e-15,0.4102262292492764,False
hpmcounter10,46,-5.492828414332962e-15,0.3874327887041774,False
hpmcounter10,47,-5.072331443756184e-15,0.3643500073222832,False
hpmcounter10,48,-4.615752224879089e-15,0.3478479835416424,False
hpmcounter10,49,-4.170275236248244e-15,0.3386334936761509,False
hpmcounter10,50,-3.698430450782553e-15,0.3294120815186425,False
hpmcounter10,51,-3.274464033253821e-15,0.32073205939054433,False
hpmcounter10,52,-2.5320023855357475e-15,0.3072091337653661,False
hpmcounter10,53,-2.1219137558148305e-15,0.3086761063481464,False
hpmcounter10,54,-1.667416205108907e-15,0.3149534680110128,False
hpmcounter10,55,-1.3600232051658168e-15,0.32007658988442367,False
hpmcounter10,56,-9.360567876370851e-16,0.31670774394408086,False
hpmcounter10,57,-6.328271240363392e-16,0.30006390666856253,False
hpmcounter10,58,-3.434752482434078e-16,0.2811829833697413,False
hpmcounter10,59,4.163336342344337e-18,0.25990788771420914,False
hpmcounter10,60,3.191891195797325e-16,0.24951894475759684,False
hpmcounter10,61,6.911138328291599e-16,0.24668382398774777,False
hpmcounter10,62,1.6292522886374173e-15,0.2552741587222235,False
hpmcounter10,63,2.7089441800853818e-15,0.27595435285826664,False
hpmcounter10,64,3.697042672001771e-15,0.3130664571351744,False
hpmcounter10,65,4.7073456244106636e-15,0.3545305110483499,False
hpmcounter10,66,5.645484080218921e-15,0.3864876536265268,False
hpmcounter10,67,6.683542608243443e-15,0.4057527070493544,False
hpmcounter10,68,7.663314427475144e-15,0.415738982276543,False
hpmcounter10,69,8.637535131583718e-15,0.41532356150194644,False
hpmcounter10,70,9.647838083992611e-15,0.4071628835554671,False
hpmcounter10,71,1.0563772079308365e-14,0.38671719873305577,False
hpmcounter10,72,9.509060205914466e-15,0.35520808651167335,False
hpmcounter10,73,8.343326030058052e-15,0.3170877903489442,False
hpmcounter10,74,7.192857420790232e-15,0.2783719766273958,False
hpmcounter10,75,6.157574450327274e-15,0.24613337021922138,False
hpmcounter10,76,5.1219445351691205e-15,0.22643924584946745,False
hpmcounter10,77,4.015537902191113e-15,0.212845925696384,False
hpmcounter10,78,2.9965613324023367e-15,0.19991878636826577,False
hpmcounter10,79,1.988686992859812e-15,0.18860382182344207,False
hpmcounter10,80,9.18709552877317e-16,0.1762533763410495,False
hpmcounter10,81,-8.604228440844963e-17,0.1701851890084413,False
hpmcounter10,82,-5.2735593669694933e-17,0.16383355886469328,False
hpmcounter10,83,-1.5265566588595902e-15,0.16167808990084565,False
hpmcounter10,84,-2.892130979148533e-15,0.16200834801334466,False
hpmcounter10,85,-4.318767565791859e-15,0.16981149314651212,False
hpmcounter10,86,-5.7787108431739395e-15,0.17634841370030196,False
hpmcounter10,87,-6.183942247162122e-15,0.18014575366323662,False
hpmcounter10,88,-6.63358257213531e-15,0.17688190318383684,False
hpmcounter10,89,-7.19979631469414e-15,0.17042909203378992,False
hpmcounter10,90,-7.649436639667329e-15,0.1665568269964641,False
hpmcounter10,91,-8.137934770502397e-15,0.15913053685511633,False
hpmcounter10,92,-8.579248422790898e-15,0.14695375239219322,False
hpmcounter10,93,-6.150635556423367e-15,0.13078471858274576,False
hpmcounter10,94,-3.7816971776294395e-15,0.11752924171965988,False
hpmcounter10,95,-1.3981871216373065e-15,0.10793304520348994,False
hpmcounter10,96,1.0064865607617436e-15,0.09678732769367314,False
hpmcounter10,97,1.463065779638839e-15,0.08128690142508956,False
hpmcounter10,98,1.9290125052862095e-15,0.06867565821572369,False
hpmcounter10,99,2.4369395390522185e-15,0.05643337954694002,False
hpmcounter10,100,2.8962075793170782e-15,0.04528945294027199,False
hpmcounter10,101,3.3938997445748243e-15,0.036261707577547576,False
hpmcounter10,102,3.8286214476546124e-15,0.0281905075526865,False
hpmcounter10,103,2.894819800536297e-15,0.020253704402079256,False
hpmcounter10,104,1.9366452885805076e-15,0.016345482040747414,False
hpmcounter10,105,9.815065427076774e-16,0.019894585471144737,False
hpmcounter10,106,3.777360368939497e-17,0.027645118053637067,False
hpmcounter10,107,-1.7347234759768072e-19,0.0355343943139834,False
hpmcounter10,108,-3.668940151690947e-17,0.04342367896975497,False
hpmcounter10,109,-2.6020852139652106e-17,0.05131296814860337,False
hpmcounter10,110,-2.931682674400804e-17,0.059202260042293925,False
hpmcounter10,111,-3.1051550219984845e-17,0.06709155369311216,False
hpmcounter10,112,-3.9898639947466563e-17,0.07498084854641669,False
hpmcounter10,113,-4.909267437014364e-17,0.07491591616170033,False
hpmcounter10,114,-4.5883435939586546e-17,0.06702662131668097,False
hpmcounter10,115,-5.108760636751697e-17,0.05913732767767877,False
hpmcounter10,116,-7.41594285980085e-17,0.051427773529007126,False
hpmcounter10,117,-3.686287386450715e-17,0.04512056935494476,False
hpmcounter10,118,4.787836793695988e-17,0.04102235028037644,False
hpmcounter10,119,-2.0643209364124005e-17,0.04004112550417111,False
hpmcounter10,120,1.474514954580286e-17,0.0431473717229294,False
hpmcounter10,121,3.7816971776294396e-17,0.04957867573255163,False
hpmcounter10,122,2.4980018054066023e-17,0.05824379738677195,False
hpmcounter10,123,6.730727086790011e-17,0.07129267779722859,False
hpmcounter10,124,9.92608772953929e-16,0.08423630109124824,False
hpmcounter10,125,1.96787031114809e-15,0.09727574802897514,False
hpmcounter10,126,2.8678448504848576e-15,0.10387560520239975,False
hpmcounter10,127,3.803207748731552e-15,0.10165592866752046,False
hpmcounter10,128,4.7080395138010545e-15,0.09752443680821872,False
hpmcounter10,129,5.721811913161901e-15,0.09145906251469117,False
hpmcounter10,130,6.591255319321476e-15,0.08601604875389533,False
hpmcounter10,131,7.504413757075667e-15,0.08132046087092233,False
hpmcounter10,132,8.473430290756313e-15,0.07722745443304384,False
hpmcounter10,133,9.360914821066046e-15,0.06758929182323038,False
hpmcounter10,134,8.49528780655362e-15,0.057980879011623444,False
hpmcounter10,135,7.518638489578677e-15,0.051613117517042326,False
hpmcounter10,136,6.607561719995658e-15,0.05068932779103869,False
hpmcounter10,137,5.639239075705405e-15,0.050658492232180566,False
hpmcounter10,138,4.7448156514917624e-15,0.05270711647077737,False
hpmcounter10,139,3.806677195683506e-15,0.057668258797789466,False
hpmcounter10,140,2.8525792838962617e-15,0.06684524935320682,False
hpmcounter10,141,1.8277046542891638e-15,0.08003832733323468,False
hpmcounter10,142,8.437694987151189e-16,0.09261381713947642,False
hpmcounter10,143,-1.5959455978986625e-16,0.10763008840510858,False
hpmcounter10,144,-3.2474023470285827e-16,0.12961183561505255,False
hpmcounter10,145,3.3306690738754696e-16,0.1578125457800405,False
hpmcounter10,146,1.0297318553398327e-15,0.18679730767762825,False
hpmcounter10,147,1.6570078642530462e-15,0.21666172312786078,False
hpmcounter10,148,2.2287727219350017e-15,0.24346721753373743,False
hpmcounter10,149,2.8171909249863347e-15,0.2669397757495733,False
hpmcounter10,150,3.4861002973229914e-15,0.2849826042385236,False
hpmcounter10,151,4.213296378452469e-15,0.29707907396158667,False
hpmcounter10,152,4.918287999089443e-15,0.3034393256772238,False
hpmcounter10,153,5.670464098272987e-15,0.30205821357701906,False
hpmcounter10,154,6.494804694057166e-15,0.294574626246158,False
hpmcounter10,155,5.770384170489251e-15,0.2825993274390676,False
hpmcounter10,156,5.037636974236648e-15,0.2678971288312769,False
hpmcounter10,157,4.449218771185315e-15,0.2501032573703832,False
hpmcounter10,158,3.8247183198336646e-15,0.22774064843212932,False
hpmcounter10,159,3.226585665316861e-15,0.20352407800449138,False
hpmcounter10,160,2.638167462265528e-15,0.18421393180998513,False
hpmcounter10,161,2.0927704014184202e-15,0.17513452110340463,False
hpmcounter10,162,1.4599432773820809e-15,0.1723319791029008,False
hpmcounter10,163,8.354428260304303e-16,0.17448807033493732,False
hpmcounter10,164,1.1102230246251565e-16,0.18114114925812785,False
hpmcounter10,165,2.6645352591003756e-16,0.18985341585508322,False
hpmcounter10,166,3.4416913763379854e-16,0.19550759208580504,False
hpmcounter10,167,3.3861802251067273e-16,0.19634002219942753,False
hpmcounter10,168,3.9968028886505636e-16,0.19164525744873045,False
hpmcounter10,169,4.163336342344337e-16,0.18464489982275117,False
hpmcounter10,170,3.8302694349567903e-16,0.17524727522789688,False
hpmcounter10,171,3.6637359812630164e-16,0.1624422643566815,False
hpmcounter10,172,3.969047313034935e-16,0.15128116399569166,False
hpmcounter10,173,3.6914915568786457e-16,0.14286320315968626,False
hpmcounter10,174,4.635181127810028e-16,0.1414262583978264,False
hpmcounter10,175,3.95516952522712e-16,0.14081935433601545,False
hpmcounter10,176,4.843347944927245e-16,0.14190475414034404,False
hpmcounter10,177,5.294376048681215e-16,0.1449127393632727,False
hpmcounter10,178,5.294376048681215e-16,0.1469820255261208,False
hpmcounter10,179,6.092348847630546e-16,0.15235877436277356,False
hpmcounter10,180,6.63358257213531e-16,0.16030719279079123,False
hpmcounter10,181,6.272760089132135e-16,0.16511813073391937,False
hpmcounter10,182,6.231126725708691e-16,0.16415400589308785,False
hpmcounter10,183,5.780098621954721e-16,0.15380603268411283,False
hpmcounter10,184,4.721917301608869e-16,0.13744750820324594,False
hpmcounter10,185,4.3506864777498324e-16,0.11916646475417624,False
hpmcounter10,186,2.9698465908722935e-16,0.10232895469738143,False
hpmcounter10,187,2.796374243274613e-16,0.08826139338843592,False
hpmcounter10,188,1.790234627208065e-16,0.08195457377974946,False
hpmcounter10,189,-4.8572257327350596e-18,0.08575457789186511,False
hpmcounter10,190,-1.0304257447302234e-16,0.09766720301284072,False
hpmcounter10,191,-1.3426759704060488e-16,0.11481169666532598,False
hpmcounter10,192,-2.817190924986335e-16,0.13481035551194434,False
hpmcounter10,193,-2.9108659926890825e-16,0.15611322759366628,False
hpmcounter10,194,-3.4902636336653357e-16,0.17127762432204702,False
hpmcounter10,195,-3.594347042223944e-16,0.18019846275791926,False
hpmcounter10,196,-3.7470027081099033e-16,0.1832949800134069,False
hpmcounter10,197,-4.246603069191224e-16,0.18103706307960732,False
hpmcounter10,198,-4.3853809472693685e-16,0.17422496728426012,False
hpmcounter10,199,-3.4416913763379854e-16,0.16410076769470414,False
hpmcounter10,200,-2.9698465908722935e-16,0.15757990241859254,False
hpmcounter10,201,-3.1363800445660674e-16,0.14966170998398054,False
hpmcounter10,202,-2.1649348980190552e-16,0.13866135377661232,False
hpmcounter10,203,-3.4861002973229914e-15,0.12417167404186034,False
hpmcounter10,204,-6.628031457012185e-15,0.10722141541975311,False
hpmcounter10,205,-9.828249325494199e-15,0.09354642307730199,False
hpmcounter10,206,-1.305622276959184e-14,0.08308555742242398,False
hpmcounter10,207,-1.6292522886374172e-14,0.07728797333199612,False
hpmcounter10,208,-1.8668400159072008e-14,0.07773311899099905,False
hpmcounter10,209,-2.10997885830011e-14,0.08083080196737591,False
hpmcounter10,210,-2.358391260059989e-14,0.0886380145464748,False
hpmcounter10,211,-2.598476989135179e-14,0.10010703997233532,False
hpmcounter10,212,-2.843281166065026e-14,0.10510055202661887,False
hpmcounter10,213,-2.4352742045152808e-14,0.10419911833999194,False
hpmcounter10,214,-2.02921013325863e-14,0.10333244878926637,False
hpmcounter10,215,-1.6245338407827602e-14,0.10266548943272719,False
hpmcounter10,216,-1.2145839889399213e-14,0.10220215020172932,False
hpmcounter10,217,-8.085199176832703e-15,0.09513788005415902,False
hpmcounter10,218,-5.659361868026736e-15,0.08156493829214845,False
hpmcounter10,219,-3.247402347028583e-15,0.06785880714366324,False
hpmcounter10,220,-7.646661082105766e-16,0.05421613540697548,False
hpmcounter10,221,1.6570078642530462e-15,0.04070078688578197,False
hpmcounter10,222,4.0967229608668275e-15,0.030528434689961508,False
hpmcounter10,223,3.3181790648484365e-15,0.023813004754469905,False
hpmcounter10,224,2.4667767828390197e-15,0.018025430168606995,False
hpmcounter10,225,1.6486811915683574e-15,0.016725683753391028,False
hpmcounter10,226,8.097689185859736e-16,0.023957404464251056,False
hpmcounter10,227,4.649058915617843e-17,0.03719815272857288,False
hpmcounter10,228,6.522560269672795e-17,0.05372572487498509,False
hpmcounter10,229,7.216449660063518e-17,0.07351293042716295,False
hpmcounter10,230,1.2212453270876723e-16,0.0964960272909714,False
hpmcounter10,231,1.7069679003611783e-16,0.12260731469703234,False
hpmcounter10,232,9.769962616701378e-16,0.15172261717140983,False
hpmcounter10,233,1.806887972577442e-15,0.1799853557391828,False
hpmcounter10,234,2.6117996654306806e-15,0.20191542874397855,False
hpmcounter10,235,3.416711358283919e-15,0.21732744943306076,False
hpmcounter10,236,4.243827511629661e-15,0.22616879940032253,False
hpmcounter10,237,4.9960036108132044e-15,0.22845110643969158,False
hpmcounter10,238,5.7676086129276885e-15,0.2242243247589088,False
hpmcounter10,239,6.5336624999190464e-15,0.2135651876847289,False
hpmcounter10,240,7.288614156664153e-15,0.1965715548907252,False
hpmcounter10,241,8.032463583163007e-15,0.1733601710308439,False
hpmcounter10,242,7.222000775186643e-15,0.14417919936848145,False
hpmcounter10,243,6.3629657098829284e-15,0.11509160289071263,False
hpmcounter10,244,5.531686220194843e-15,0.0899735349190753,False
hpmcounter10,245,4.708733403191445e-15,0.07007077177259546,False
hpmcounter10,246,3.901740042167034e-15,0.058624146809320675,False
hpmcounter10,247,3.112787805292783e-15,0.06023713934684517,False
hpmcounter10,248,2.3189783426857956e-15,0.07223729516499659,False
hpmcounter10,249,1.552230566304047e-15,0.08910835067382909,False
hpmcounter10,250,7.521760991835436e-16,0.10785794369389563,False
hpmcounter10,251,-2.7755575615628914e-17,0.12728437390640893,False
hpmcounter10,252,-2.7755575615628914e-17,0.1470007939953932,False
hpmcounter10,253,-1.6653345369377347e-17,0.16162122645554566,False
hpmcounter10,254,8.187894806610529e-16,0.17157975756817506,False
hpmcounter10,255,1.6403545188836688e-15,0.17367744501516244,False
hpmcounter10,256,2.4674706722294106e-15,0.16826639971813723,False
hpmcounter10,257,3.2279734440976426e-15,0.15576642719187767,False
hpmcounter10,258,4.02178290670463e-15,0.14132445246781108,False
hpmcounter10,259,4.865552405419749e-15,0.1297836849794767,False
hpmcounter10,260,5.734301922188933e-15,0.12482336120397763,False
hpmcounter10,261,7.299716386910404e-15,0.12863235708821963,False
hpmcounter10,262,8.92619311798626e-15,0.13937693721510502,False
hpmcounter10,263,1.051103648563867e-14,0.14878021938281702,False
hpmcounter10,264,7.29694082934884e-15,0.15527686820877845,False
hpmcounter10,265,4.0772940579358876e-15,0.15854728586732011,False
hpmcounter10,266,7.799316747991725e-16,0.15853847390895026,False
hpmcounter10,267,-2.4313884239290927e-15,0.16222823068497863,False
hpmcounter10,268,-5.681566328519238e-15,0.1710133529690012,False
hpmcounter10,269,-9.006684287271582e-15,0.17946970127165388,False
hpmcounter10,270,-1.2395640069939873e-14,0.18804501649572034,False
hpmcounter10,271,-1.7280621378290562e-14,0.19442281261438069,False
hpmcounter10,272,-2.224331829836501e-14,0.2082380486398935,False
hpmcounter10,273,-2.7131075164277263e-14,0.22810002095983137,False
hpmcounter10,274,-2.477462679451037e-14,0.2466442116652471,False
hpmcounter10,275,-2.2390422849127846e-14,0.26428949718876205,False
hpmcounter10,276,-2.0011770018868447e-14,0.27691148796828885,False
hpmcounter10,277,-1.7474910407599965e-14,0.2814106853020016,False
hpmcounter10,278,-1.4951928584139297e-14,0.2775335059612452,False
hpmcounter10,279,-1.2351231148954867e-14,0.26934699448070504,False
hpmcounter10,280,-9.844902670863575e-15,0.2552625921722985,False
hpmcounter10,281,-6.347700143294332e-15,0.23626465736787772,False
hpmcounter10,282,-2.90878432451791e-15,0.21594715994699454,False
hpmcounter10,283,5.190292640122607e-16,0.19563290691039859,False
hpmcounter10,284,6.827871601444713e-16,0.18232932499161555,False
hpmcounter10,285,8.527900607901984e-16,0.1735004699495852,False
hpmcounter10,286,9.457712391025553e-16,0.1686124643026226,False
hpmcounter10,287,9.332812300755222e-16,0.16580928893312621,False
hpmcounter10,288,9.124645483638005e-16,0.15924742256434646,False
hpmcounter10,289,8.222589276130066e-16,0.1471495579048187,False
hpmcounter10,290,7.799316747991725e-16,0.13211556035656885,False
hpmcounter10,291,6.050715484207103e-16,0.11730835534650212,False
hpmcounter10,292,5.349887199912473e-16,0.10260531441800975,False
hpmcounter10,293,5.06886199680423e-15,0.08848947650385695,False
hpmcounter10,294,9.611061946301901e-15,0.07696820283194834,False
hpmcounter10,295,1.4126894098964727e-14,0.06566233516823937,False
hpmcounter10,296,1.8653828481873803e-14,0.06360177455518853,False
hpmcounter10,297,2.318284453295405e-14,0.0724517690346286,False
hpmcounter10,298,2.7747248942944226e-14,0.08808377932510623,False
