timestamp_ms,label,ra,sp,gp,tp,t0,t1,t2,fp,s1,a0,a1,a2,a3,a4,a5,a6,a7,s2,s6,s7,s8,s9,t3,t4,t5,t6,pc,ft0,ft1,ft2,ft3,ft4,fs0,fa0,fa1,fa2,fa3,fa4,fa5,fflags,fcsr,sstatus,mstatus,misa,mtvec,mepc,mcause,mtval,mip,tdata1,tinfo,dcsr,dpc,dscratch0,mcycle,minstret,cycle,instret,hpmcounter3,hpmcounter4,hpmcounter5,hpmcounter6,hpmcounter7,hpmcounter8,hpmcounter9,hpmcounter10,vtype,vlenb,mvendorid,marchid,mimpid,priv
1783639929532,b,0x00000000800057ae,0x0000000080018d90,0x000000008000f190,0x000000008000f1c0,0x0000000080007a7a,0x0000000000000000,0x00000000800191f0,0x0000000080018de0,0x0000000080019530,0x0000000080018f50,0x000000008000f238,0x0000000000000006,0x0000000000000006,0x000000008000f238,0x000000008000f2d8,0x0000000011fd7fbe,0x0000000048b60e0e,0x0000000000000006,0x000000008000f200,0x0000000000000001,0x0000000000000006,0x0000000000000038,0x0000000000000000,0x0000000011a93b9e,0x000000000055dc95,0x3fedd0be65503670,0x00000000800049c6,0x4152076dcf9c0ebf,0x4062d54463ae3779,0x4023c5b3ddadf076,0x40069fa256b32a2e,0x4003c0f259de1123,0x4152076dcf9c0ebf,0x40257725522d8384,0x4129fe81469ad42c,0x4152074e353dd97f,0x8000000000000000,0x4012207dfca743f0,0x4012207dfca743f0,0x00000001,0x00000001,0x8000000200006600,0x8000000a00007e00,0x800000000094112d,0x000000008000af80,0x00000000800000e4,0x0000000000000002,0x000000007c201073,0x0000000000000080,0x6000000000000000,0x00000000000000c0,0x4000b4c3,0x00000000800049c6,0x000000004000b4c3,0x0000000000c0379f,0x0000000000b86994,0x0000000000c0379f,0x0000000000b86994,0x00000000000002c2,0x0000000000006bfe,0x00000000000048ed,0x000000000059ef8f,0x0000000000005c19,0x00000000004c13d1,0x000000000000faee,0x00000000002e135f,0x00000000000000c0,0x0000000000000040,0x00000489,0x8000000000000907,0x0000000007240701,0x03
1783639931004,b,0x0000000080005866,0x0000000080018ee0,0x000000008000f190,0x000000008000f1c0,0x0000000080007a7a,0x000000000000000f,0x00000000800191f0,0x0000000080018f20,0x0000000080019530,0x00000000800191a8,0x00000000800003f0,0x0000000080019160,0x0000000000000003,0x0000000000000001,0x0000000000000001,0x000000008000f201,0x3fe182e3f07a9a0a,0x0000000000000006,0x000000008000f200,0x0000000000000001,0x0000000000000006,0x0000000000000038,0x0000000000000000,0xffffffffd9a80eb8,0x00000000004c1ba7,0x3fedd0be6231d53c,0x0000000080004c32,0x4152076dcf9c0ebf,0x4062d54463ae3779,0x4023c5b3ddadf076,0x40069fa256b32a2e,0x4003c0f259de1123,0x4152076dcf9c0ebf,0x414fe4d5dd73eab3,0x4129fe855b4a233a,0x415207509f27bb30,0x3ff12c1dd5071971,0x0000000000000000,0x403e88fa391f1e8d,0x00000001,0x00000001,0x8000000200006600,0x8000000a00007e00,0x800000000094112d,0x000000008000af80,0x00000000800000e4,0x0000000000000002,0x000000007c201073,0x0000000000000080,0x6000000000000000,0x00000000000000c0,0x4000b4c3,0x0000000080004c32,0x000000004000b4c3,0x0000000000c14c45,0x0000000000b977ca,0x0000000000c14c45,0x0000000000b977ca,0x00000000000002c6,0x0000000000006c01,0x000000000000493f,0x00000000005a73e3,0x0000000000005c3d,0x00000000004c8d43,0x000000000000fc05,0x00000000002e5b91,0x00000000000000c0,0x0000000000000040,0x00000489,0x8000000000000907,0x0000000007240701,0x03
1783639932509,b,0x0000000080005744,0x0000000080019060,0x000000008000f190,0x000000008000f1c0,0x0000000080007a7a,0x000000000000000f,0x00000000800191f0,0x00000000800190b0,0x0000000080019530,0x0000000080019310,0x00000000800191f0,0x0000000000000006,0x0000000000000006,0x0000000000000002,0x0000000000000006,0x000000008000f201,0x3fe172deb6679f66,0x0000000000000006,0x000000008000f200,0x0000000000000001,0x0000000000000006,0x0000000000000038,0x0000000000000000,0x0000000048dee138,0x000000000067d8d7,0x3fedd0be60a0cafb,0x000000008000498e,0x4152076dcf9c0ebf,0x4062d54463ae3779,0x4023c5b3ddadf076,0x40069fa256b32a2e,0x4003c0f259de1123,0x4152076dcf9c0ebf,0x414fe4d7607c84b6,0x4129fe7658a0902e,0x4152074e32219653,0x4013efc4d6afd465,0x0000000000000000,0x0000000000000000,0x00000001,0x00000001,0x8000000200006600,0x8000000a00007e00,0x800000000094112d,0x000000008000af80,0x00000000800000e4,0x0000000000000002,0x000000007c201073,0x0000000000000080,0x6000000000000000,0x00000000000000c0,0x4000b4c3,0x000000008000498e,0x000000004000b4c3,0x0000000000c2500e,0x0000000000ba7729,0x0000000000c2500e,0x0000000000ba7729,0x00000000000002ca,0x0000000000006c04,0x00000000000049b8,0x00000000005af378,0x0000000000005c6c,0x00000000004cfa79,0x000000000000fd60,0x00000000002e9a90,0x00000000000000c0,0x0000000000000040,0x00000489,0x8000000000000907,0x0000000007240701,0x03
1783639933868,b,0x00000000800056f8,0x0000000080019060,0x000000008000f190,0x000000008000f1c0,0x0000000080007a7a,0x000000000000000f,0x0000000080019430,0x00000000800190b0,0x0000000080019530,0x0000000080019548,0x000000008000f238,0x0000000000000006,0x0000000000000006,0x0000000080019310,0x00000000800193f0,0x000000008000f201,0x3fdcad6646ef5713,0x0000000000000006,0x000000008000f200,0x0000000000000001,0x0000000000000006,0x0000000000000038,0x0000000000000000,0xffffffff9414ed4e,0x00000000005556c6,0x3fedd0be603a78ea,0x00000000800049f0,0x4152076dcf9c0ebf,0x4062d54463ae3779,0x4023c5b3ddadf076,0x40069fa256b32a2e,0x4003c0f259de1123,0x4152076dcf9c0ebf,0x414fe4d418240b78,0x4129fe6517e90ff9,0x41520752866e978d,0x0000000000000000,0x0000000000000000,0x0000000000000000,0x00000001,0x00000001,0x8000000200006600,0x8000000a00007e00,0x800000000094112d,0x000000008000af80,0x00000000800000e4,0x0000000000000002,0x000000007c201073,0x0000000000000080,0x6000000000000000,0x00000000000000c0,0x4000b4c3,0x00000000800049f0,0x000000004000b4c3,0x0000000000c3a01d,0x0000000000bbc147,0x0000000000c3a01d,0x0000000000bbc147,0x00000000000002ce,0x0000000000006c07,0x0000000000004a44,0x00000000005b966b,0x0000000000005c9e,0x00000000004d8abd,0x000000000000feff,0x00000000002ef080,0x00000000000000c0,0x0000000000000040,0x00000489,0x8000000000000907,0x0000000007240701,0x03
1783639935322,b,0x00000000800057ae,0x0000000080018d90,0x000000008000f190,0x000000008000f1c0,0x0000000080007a7a,0x0000000000000000,0x00000000800191f0,0x0000000080018de0,0x0000000080019530,0x0000000080018f50,0x000000008000f238,0x0000000000000006,0x0000000000000006,0x0000000000000004,0x0000000000000018,0x00000000567febea,0x00000000455b0ec8,0x0000000000000006,0x000000008000f200,0x0000000000000001,0x0000000000000006,0x0000000000000038,0x0000000000000000,0x00000000567ac1e0,0x000000000055dc95,0x3fedd0be603a78ea,0x00000000800049b4,0x4152076dcf9c0ebf,0x4062d54463ae3779,0x4023c5b3ddadf076,0x40069fa256b32a2e,0x4003c0f259de1123,0x4152076dcf9c0ebf,0x402577255156c3b2,0x4129fe6517e90ff9,0x41520752866e978d,0xbf8314f4b8c01193,0x0000000000000000,0x0000000000000000,0x00000001,0x00000001,0x8000000200006600,0x8000000a00007e00,0x800000000094112d,0x000000008000af80,0x00000000800000e4,0x0000000000000002,0x000000007c201073,0x0000000000000080,0x6000000000000000,0x00000000000000c0,0x4000b4c3,0x00000000800049b4,0x000000004000b4c3,0x0000000000c4b4ee,0x0000000000bcd58b,0x0000000000c4b4ee,0x0000000000bcd58b,0x00000000000002d0,0x0000000000006c0a,0x0000000000004a8e,0x00000000005c1ae0,0x0000000000005cbb,0x00000000004e0322,0x000000000001004f,0x00000000002f3d73,0x00000000000000c0,0x0000000000000040,0x00000489,0x8000000000000907,0x0000000007240701,0x03
1783639936614,b,0x000000008000589c,0x0000000080018ed0,0x000000008000f190,0x000000008000f1c0,0x0000000080007a7a,0x0000000000000000,0x00000000800191f0,0x0000000080018f20,0x0000000080019530,0x0000000080019280,0x0000000080019118,0x0000000000000006,0x0000000000000003,0x00000000800193a0,0x00000000800193f8,0x000000003d79e3ef,0x0000000044bcf85a,0x0000000000000006,0x000000008000f200,0x0000000000000001,0x0000000000000006,0x0000000000000038,0x0000000000000000,0x000000003d70c02e,0x000000000055dc95,0x3fedd0be60ac1b70,0x00000000800049f0,0x4152076dcf9c0ebf,0x4062d54463ae3779,0x4023c5b3ddadf076,0x40069fa256b32a2e,0x4003c0f259de1123,0x4152076dcf9c0ebf,0x40257725512f3e17,0x4129fe853afb7e91,0x4152074dd2388659,0x0000000000000000,0x0000000000000000,0x0000000000000000,0x00000001,0x00000001,0x8000000200006600,0x8000000a00007e00,0x800000000094112d,0x000000008000af80,0x00000000800000e4,0x0000000000000002,0x000000007c201073,0x0000000000000080,0x6000000000000000,0x00000000000000c0,0x4000b4c3,0x00000000800049f0,0x000000004000b4c3,0x0000000000c5cb28,0x0000000000bde70c,0x0000000000c5cb28,0x0000000000bde70c,0x00000000000002d4,0x0000000000006c0d,0x0000000000004b1a,0x00000000005ca3a5,0x0000000000005cea,0x00000000004e7845,0x000000000001019f,0x00000000002f823f,0x00000000000000c0,0x0000000000000040,0x00000489,0x8000000000000907,0x0000000007240701,0x03
1783639938270,b,0x0000000080005820,0x0000000080018ed0,0x000000008000f190,0x000000008000f1c0,0x0000000080007a7a,0x000000000000000f,0x00000000800191f0,0x0000000080018f20,0x0000000080019530,0x000000008000f238,0x0000000080019310,0x0000000000000006,0x0000000000000006,0x0000000000000004,0x000000000000000c,0x000000008000f201,0x3fd9d9dddf1f6a2f,0x0000000000000006,0x000000008000f200,0x0000000000000001,0x0000000000000006,0x0000000000000038,0x0000000000000000,0xffffffffde369ee0,0x000000000072aaa4,0x3fedd0be61b18094,0x0000000080004970,0x4152076dcf9c0ebf,0x4062d54463ae3779,0x4023c5b3ddadf076,0x40069fa256b32a2e,0x4003c0f259de1123,0x4152076dcf9c0ebf,0x414fe4d442c08312,0x4129fe7adc5d6388,0x415207509243fe5d,0x3ff12c1dd53d6879,0x0000000000000000,0x0000000000000000,0x00000001,0x00000001,0x8000000200006600,0x8000000a00007e00,0x800000000094112d,0x000000008000af80,0x00000000800000e4,0x0000000000000002,0x000000007c201073,0x0000000000000080,0x6000000000000000,0x00000000000000c0,0x4000b4c3,0x0000000080004970,0x000000004000b4c3,0x0000000000c6f358,0x0000000000bf0916,0x0000000000c6f358,0x0000000000bf0916,0x00000000000002d8,0x0000000000006c10,0x0000000000004b6b,0x00000000005d30f4,0x0000000000005d12,0x00000000004efa32,0x00000000000102e9,0x00000000002fcf8b,0x00000000000000c0,0x0000000000000040,0x00000489,0x8000000000000907,0x0000000007240701,0x03
1783639939853,b,0x0000000080005744,0x0000000080019060,0x000000008000f190,0x000000008000f1c0,0x0000000080007a7a,0x000000000000000f,0x00000000800191f0,0x00000000800190b0,0x0000000080019530,0x0000000080019310,0x00000000800191f0,0x0000000000000006,0x0000000000000006,0x0000000000000004,0x0000000000000018,0x000000008000f201,0x3fd9abe616c152b0,0x0000000000000006,0x000000008000f200,0x0000000000000001,0x0000000000000006,0x0000000000000038,0x0000000000000000,0x000000000b42ecae,0x000000000057b565,0x3fedd0be631396b9,0x0000000080004970,0x4152076dcf9c0ebf,0x4062d54463ae3779,0x4023c5b3ddadf076,0x40069fa256b32a2e,0x4003c0f259de1123,0x4152076dcf9c0ebf,0x414fe4d489de69ad,0x4129fe6f864c2f83,0x4152074e8bc84b5e,0x0000000000000000,0x0000000000000000,0x0000000000000000,0x00000001,0x00000001,0x8000000200006600,0x8000000a00007e00,0x800000000094112d,0x000000008000af80,0x00000000800000e4,0x0000000000000002,0x000000007c201073,0x0000000000000080,0x6000000000000000,0x00000000000000c0,0x4000b4c3,0x0000000080004970,0x000000004000b4c3,0x0000000000c83cec,0x0000000000c04d27,0x0000000000c83cec,0x0000000000c04d27,0x00000000000002dd,0x0000000000006c13,0x0000000000004bf8,0x00000000005dd0eb,0x0000000000005d44,0x00000000004f8714,0x0000000000010480,0x0000000000302354,0x00000000000000c0,0x0000000000000040,0x00000489,0x8000000000000907,0x0000000007240701,0x03
1783639941491,b,0x00000000800056f8,0x0000000080019060,0x000000008000f190,0x000000008000f1c0,0x0000000080007a7a,0x000000000000000f,0x0000000080019430,0x00000000800190b0,0x0000000080019530,0x0000000080019548,0x000000008000f238,0x0000000000000006,0x0000000000000006,0x0000000080019310,0x0000000080019360,0x000000008000f201,0x3fd4720ebe571acc,0x0000000000000006,0x000000008000f200,0x0000000000000001,0x0000000000000006,0x0000000000000038,0x0000000000000000,0xffffffff94a9bde0,0x00000000005cf1d5,0x3fedd0be64a6e921,0x00000000800049f0,0x4152076dcf9c0ebf,0x4062d54463ae3779,0x4023c5b3ddadf076,0x40069fa256b32a2e,0x4003c0f259de1123,0x4152076dcf9c0ebf,0x414fe4cfabb2fec5,0x4129fe7121cac083,0x4152074f5d16872b,0x3ff0000000000000,0x0000000000000000,0x0000000000000000,0x00000001,0x00000001,0x8000000200006600,0x8000000a00007e00,0x800000000094112d,0x000000008000af80,0x00000000800000e4,0x0000000000000002,0x000000007c201073,0x0000000000000080,0x6000000000000000,0x00000000000000c0,0x4000b4c3,0x00000000800049f0,0x000000004000b4c3,0x0000000000c95bf2,0x0000000000c1671c,0x0000000000c95bf2,0x0000000000c1671c,0x00000000000002df,0x0000000000006c16,0x0000000000004c7f,0x00000000005e5d27,0x0000000000005d76,0x00000000005000ce,0x00000000000105fa,0x0000000000306a87,0x00000000000000c0,0x0000000000000040,0x00000489,0x8000000000000907,0x0000000007240701,0x03
1783639943062,b,0x00000000800057ae,0x0000000080018d90,0x000000008000f190,0x000000008000f1c0,0x0000000080007a7a,0x0000000000000000,0x00000000800191f0,0x0000000080018de0,0x0000000080019530,0x0000000080018f50,0x000000008000f238,0x0000000000000006,0x0000000000000006,0x0000000080018df0,0x0000000080018e50,0xffffffffea67ab7e,0x0000000043d165ee,0x0000000000000006,0x000000008000f200,0x0000000000000001,0x0000000000000006,0x0000000000000038,0x0000000000000000,0xffffffffea672b5e,0x000000000055dc95,0x3fedd0be64a6e921,0x00000000800049f0,0x4152076dcf9c0ebf,0x4062d54463ae3779,0x4023c5b3ddadf076,0x40069fa256b32a2e,0x4003c0f259de1123,0x4152076dcf9c0ebf,0x4025772550f4597c,0x4129fe7121cac083,0x4152074f5d16872b,0x8000000000000000,0x0000000000000000,0x0000000000000000,0x00000001,0x00000001,0x8000000200006600,0x8000000a00007e00,0x800000000094112d,0x000000008000af80,0x00000000800000e4,0x0000000000000002,0x000000007c201073,0x0000000000000080,0x6000000000000000,0x00000000000000c0,0x4000b4c3,0x00000000800049f0,0x000000004000b4c3,0x0000000000ca6cbe,0x0000000000c277c1,0x0000000000ca6cbe,0x0000000000c277c1,0x00000000000002e0,0x0000000000006c19,0x0000000000004cc3,0x00000000005edfe7,0x0000000000005d93,0x0000000000507779,0x0000000000010748,0x000000000030b65e,0x00000000000000c0,0x0000000000000040,0x00000489,0x8000000000000907,0x0000000007240701,0x03
1783639944568,b,0x0000000080009fc2,0x0000000080018dc0,0x000000008000f190,0x000000008000f1c0,0x0000000080007a7a,0x0000000000001000,0x00000000800191f0,0x0000000080018e40,0x0000000080018f08,0x000000000055dc95,0xffffffffa1dbe000,0x0000000000661cc3,0x0000000000000003,0x00000000002aee4a,0x00000000366fc000,0x0000000043b7d000,0x0000000043b7e000,0x0000000000000006,0x000000008000f200,0x0000000000000001,0x0000000000000006,0x0000000000000038,0x000000000000000d,0x0000000043b7d000,0x000000000055dc95,0x3fedd0be664a1b25,0x000000008000a10e,0x4152076dcf9c0ebf,0x4062d54463ae3779,0x4023c5b3ddadf076,0x40069fa256b32a2e,0x4003c0f259de1123,0x405ccc392fdb8abf,0x405ccc392fdb8abf,0x4129fe72d0624dd3,0x4152074fea7a0f91,0x01a56e1fc2f8f359,0x0000000000000000,0x405ccc392fdb8abf,0x00000001,0x00000001,0x8000000200006600,0x8000000a00007e00,0x800000000094112d,0x000000008000af80,0x00000000800000e4,0x0000000000000002,0x000000007c201073,0x0000000000000080,0x6000000000000000,0x00000000000000c0,0x4000b4c3,0x000000008000a10e,0x000000004000b4c3,0x0000000000cb9108,0x0000000000c39751,0x0000000000cb9108,0x0000000000c39751,0x00000000000002e3,0x0000000000006c1c,0x0000000000004d36,0x00000000005f6efc,0x0000000000005dbc,0x000000000050f454,0x0000000000010881,0x000000000031009b,0x00000000000000c0,0x0000000000000040,0x00000489,0x8000000000000907,0x0000000007240701,0x03
1783639946164,b,0x000000008000583a,0x0000000080018ed0,0x000000008000f190,0x000000008000f1c0,0x0000000080007a7a,0x000000000000000f,0x00000000800191f0,0x0000000080018f20,0x0000000080019530,0x00000000800194a0,0x000000008000f238,0x0000000000000003,0x0000000000000006,0x00000000800191f0,0x0000000000000005,0x000000008000f201,0x3fd0690af93aae8c,0x0000000000000006,0x000000008000f200,0x0000000000000001,0x0000000000000006,0x0000000000000038,0x0000000000000000,0x0000000059c44cae,0x0000000000705ca7,0x3fedd0be67e46f0e,0x0000000080004a00,0x4152076dcf9c0ebf,0x4062d54463ae3779,0x4023c5b3ddadf076,0x40069fa256b32a2e,0x4003c0f259de1123,0x4152076dcf9c0ebf,0x414fe4d0a240b780,0x4129fe6314a2339c,0x41520750d24f7660,0x0000000000000000,0x0000000000000000,0x0000000000000000,0x00000001,0x00000001,0x8000000200006600,0x8000000a00007e00,0x800000000094112d,0x000000008000af80,0x00000000800000e4,0x0000000000000002,0x000000007c201073,0x0000000000000080,0x6000000000000000,0x00000000000000c0,0x4000b4c3,0x0000000080004a00,0x000000004000b4c3,0x0000000000ccdc5a,0x0000000000c4dc45,0x0000000000ccdc5a,0x0000000000c4dc45,0x00000000000002e9,0x0000000000006c1f,0x0000000000004d86,0x0000000000600ceb,0x0000000000005deb,0x00000000005185ad,0x0000000000010a09,0x0000000000315742,0x00000000000000c0,0x0000000000000040,0x00000489,0x8000000000000907,0x0000000007240701,0x03
1783639947686,b,0x0000000080005744,0x0000000080019060,0x000000008000f190,0x000000008000f1c0,0x0000000080007a7a,0x000000000000000f,0x00000000800191f0,0x00000000800190b0,0x0000000080019530,0x0000000080019310,0x00000000800191f0,0x0000000000000006,0x0000000000000006,0x0000000000000002,0x0000000000000006,0x000000008000f201,0x3fd15346045ba1cf,0x0000000000000006,0x000000008000f200,0x0000000000000001,0x0000000000000006,0x0000000000000038,0x0000000000000000,0xffffffff9c86c178,0x0000000000575815,0x3fedd0be69646230,0x00000000800049b0,0x4152076dcf9c0ebf,0x4062d54463ae3779,0x4023c5b3ddadf076,0x40069fa256b32a2e,0x4003c0f259de1123,0x4152076dcf9c0ebf,0x414fe4d329724745,0x4129fe687d97f62b,0x4152075144504817,0x3fdcf46da09dcd1e,0x0000000000000000,0x0000000000000000,0x00000001,0x00000001,0x8000000200006600,0x8000000a00007e00,0x800000000094112d,0x000000008000af80,0x00000000800000e4,0x0000000000000002,0x000000007c201073,0x0000000000000080,0x6000000000000000,0x00000000000000c0,0x4000b4c3,0x00000000800049b0,0x000000004000b4c3,0x0000000000ce0d10,0x0000000000c60845,0x0000000000ce0d10,0x0000000000c60845,0x00000000000002ec,0x0000000000006c22,0x0000000000004df6,0x000000000060a194,0x0000000000005e1c,0x0000000000520759,0x0000000000010b8b,0x000000000031a3bf,0x00000000000000c0,0x0000000000000040,0x00000489,0x8000000000000907,0x0000000007240701,0x03
1783639949360,b,0x0000000080006260,0x0000000080019230,0x000000008000f190,0x000000008000f1c0,0x402a60145107adb3,0x0000000000000000,0x0000000000000000,0x0000000080019440,0x0000000080019530,0x0000000080019698,0x00000000800194a0,0x000000008000f238,0x00000000800003f0,0x0000000000000003,0x000000000000000c,0x000000006ccbf3fa,0xffffffffd53c2cdc,0x0000000000000006,0x000000008000f200,0x0000000000000001,0x0000000000000006,0x0000000000000038,0x0000000000000000,0x000000006c81d178,0x00000000005beb42,0x3fedd0be6abe6493,0x0000000080005cb2,0x4152076dcf9c0ebf,0x4062d54463ae3779,0x4023c5b3ddadf076,0x40069fa256b32a2e,0x4003c0f259de1123,0x4152076dcf9c0ebf,0x4016fad0b54f0b37,0x4129fe687d97f62b,0x4152075144504817,0x01a56e1fc2f8f359,0x0000000000000000,0x0000000000000000,0x00000001,0x00000001,0x8000000200006600,0x8000000a00007e00,0x800000000094112d,0x000000008000af80,0x00000000800000e4,0x0000000000000002,0x000000007c201073,0x0000000000000080,0x6000000000000000,0x00000000000000c0,0x4000b4c3,0x0000000080005cb2,0x000000004000b4c3,0x0000000000cf132e,0x0000000000c70b05,0x0000000000cf132e,0x0000000000c70b05,0x00000000000002ee,0x0000000000006c25,0x0000000000004e4f,0x00000000006121cb,0x0000000000005e3b,0x00000000005277d0,0x0000000000010cd7,0x000000000031e6e0,0x00000000000000c0,0x0000000000000040,0x00000489,0x8000000000000907,0x0000000007240701,0x03
1783639951040,b,0x0000000080005794,0x0000000080018db0,0x000000008000f190,0x000000008000f1c0,0x0000000080007a7a,0x0000000000000000,0x00000000800191f0,0x0000000080018de0,0x0000000080019530,0x0000000080018f50,0x0000000000000006,0x0000000000000006,0x0000000000000003,0x0000000080003cf8,0x0000000000000006,0xffffffffb5af7ff9,0x0000000043ba5008,0x0000000000000006,0x000000008000f200,0x0000000000000001,0x0000000000000006,0x0000000000000038,0x0000000000000000,0xffffffffb5ad7fe0,0x000000000055dc95,0x3fedd0be6abe6493,0x0000000080004dc6,0x4152076dcf9c0ebf,0x4062d54463ae3779,0x4023c5b3ddadf076,0x40069fa256b32a2e,0x4003c0f259de1123,0x4152076dcf9c0ebf,0x4025772550ee9402,0x4129fe6ea12d7732,0x415207529009d495,0x3f8314f4bff30041,0x8000000000000000,0x3ff0000000000000,0x00000001,0x00000001,0x8000000200006600,0x8000000a00007e00,0x800000000094112d,0x000000008000af80,0x00000000800000e4,0x0000000000000002,0x000000007c201073,0x0000000000000080,0x6000000000000000,0x00000000000000c0,0x4000b4c3,0x0000000080004dc6,0x000000004000b4c3,0x0000000000d02f57,0x0000000000c82638,0x0000000000d02f57,0x0000000000c82638,0x00000000000002f0,0x0000000000006c28,0x0000000000004e9c,0x000000000061aaa7,0x0000000000005e6a,0x000000000052f1de,0x0000000000010e46,0x00000000003232e1,0x00000000000000c0,0x0000000000000040,0x00000489,0x8000000000000907,0x0000000007240701,0x03
1783639952670,b,0x000000008000519e,0x0000000080018e40,0x000000008000f190,0x000000008000f1c0,0x0000000080007a7a,0x000000000000000f,0x00000000800191f0,0x0000000080018e90,0x0000000080019530,0x0000000080019160,0x0000000080019118,0x0000000080018ef8,0x0000000000000002,0x0000000080019188,0x0000000000000003,0x000000008000f201,0x3fd767ccee590ad2,0x0000000000000006,0x000000008000f200,0x0000000000000001,0x0000000000000006,0x0000000000000038,0x0000000000000000,0x000000005e3a01b8,0x000000000053f2ba,0x3fedd0be6bebb065,0x0000000080004fbe,0x4152076dcf9c0ebf,0x4062d54463ae3779,0x4023c5b3ddadf076,0x40069fa256b32a2e,0x4003c0f259de1123,0x4152076dcf9c0ebf,0x414fe4d04eecbfb1,0x4129fe8e200d1b71,0x41520755c5fa43fe,0x3ff12c1ddab2b792,0x402e61c97f3668e4,0x403e88fa391e6436,0x00000001,0x00000001,0x8000000200006600,0x8000000a00007e00,0x800000000094112d,0x000000008000af80,0x00000000800000e4,0x0000000000000002,0x000000007c201073,0x0000000000000080,0x6000000000000000,0x00000000000000c0,0x4000b4c3,0x0000000080004fbe,0x000000004000b4c3,0x0000000000d15d1f,0x0000000000c94d41,0x0000000000d15d1f,0x0000000000c94d41,0x00000000000002f4,0x0000000000006c2b,0x0000000000004eea,0x0000000000623ab1,0x0000000000005e90,0x00000000005376e3,0x0000000000010f79,0x000000000032825e,0x00000000000000c0,0x0000000000000040,0x00000489,0x8000000000000907,0x0000000007240701,0x03
1783639954114,b,0x0000000080005744,0x0000000080019060,0x000000008000f190,0x000000008000f1c0,0x0000000080007a7a,0x000000000000000f,0x00000000800191f0,0x00000000800190b0,0x0000000080019530,0x0000000080019310,0x00000000800191f0,0x0000000000000006,0x0000000000000006,0x00000000800190d0,0x00000000000000f8,0x000000008000f201,0x3fe1538433e91725,0x0000000000000006,0x000000008000f200,0x0000000000000001,0x0000000000000006,0x0000000000000038,0x0000000000000000,0xffffffffc083578e,0x00000000004b8d87,0x3fedd0be6ce94306,0x00000000800049ea,0x4152076dcf9c0ebf,0x4062d54463ae3779,0x4023c5b3ddadf076,0x40069fa256b32a2e,0x4003c0f259de1123,0x4152076dcf9c0ebf,0x414fe4d4032617c2,0x4129fe6e228f5c29,0x415207540e5c91d1,0x3fc17a1e1b9c8396,0x0000000000000000,0x0000000000000000,0x00000001,0x00000001,0x8000000200006600,0x8000000a00007e00,0x800000000094112d,0x000000008000af80,0x00000000800000e4,0x0000000000000002,0x000000007c201073,0x0000000000000080,0x6000000000000000,0x00000000000000c0,0x4000b4c3,0x00000000800049ea,0x000000004000b4c3,0x0000000000d27ae4,0x0000000000ca664a,0x0000000000d27ae4,0x0000000000ca664a,0x00000000000002fb,0x0000000000006c2e,0x0000000000004f6a,0x000000000062c67f,0x0000000000005ebe,0x000000000053eff5,0x00000000000110e1,0x000000000032c94b,0x00000000000000c0,0x0000000000000040,0x00000489,0x8000000000000907,0x0000000007240701,0x03
1783639955637,b,0x00000000800056f8,0x0000000080019060,0x000000008000f190,0x000000008000f1c0,0x0000000080007a7a,0x000000000000000f,0x0000000080019430,0x00000000800190b0,0x0000000080019530,0x0000000080019548,0x000000008000f238,0x0000000000000006,0x0000000000000006,0x0000000000000000,0x0000000000000006,0x000000008000f201,0x3fe3ffa9230c00ba,0x0000000000000006,0x000000008000f200,0x0000000000000001,0x0000000000000006,0x0000000000000038,0x0000000000000000,0x00000000108ea11e,0x00000000004c2699,0x3fedd0be6db6f839,0x000000008000499a,0x4152076dcf9c0ebf,0x4062d54463ae3779,0x4023c5b3ddadf076,0x40069fa256b32a2e,0x4003c0f259de1123,0x4152076dcf9c0ebf,0x414fe4d03dab9f56,0x4129fe78657a786c,0x41520751213404ea,0x0000000000000000,0x0000000000000000,0x0000000000000000,0x00000001,0x00000001,0x8000000200006600,0x8000000a00007e00,0x800000000094112d,0x000000008000af80,0x00000000800000e4,0x0000000000000002,0x000000007c201073,0x0000000000000080,0x6000000000000000,0x00000000000000c0,0x4000b4c3,0x000000008000499a,0x000000004000b4c3,0x0000000000d38d8e,0x0000000000cb748e,0x0000000000d38d8e,0x0000000000cb748e,0x0000000000000301,0x0000000000006c31,0x0000000000004fd3,0x0000000000634d39,0x0000000000005ef0,0x00000000005463dd,0x0000000000011253,0x0000000000330cf0,0x00000000000000c0,0x0000000000000040,0x00000489,0x8000000000000907,0x0000000007240701,0x03
1783639957117,b,0x00000000800057ae,0x0000000080018d90,0x000000008000f190,0x000000008000f1c0,0x0000000080007a7a,0x0000000000000000,0x00000000800191f0,0x0000000080018de0,0x0000000080019530,0x0000000080018f50,0x000000008000f238,0x0000000000000006,0x0000000000000006,0x0000000080018df0,0x0000000000000003,0xffffffffccbe3938,0x0000000043eaab2c,0x0000000000000006,0x000000008000f200,0x0000000000000001,0x0000000000000006,0x0000000000000038,0x0000000000000000,0xffffffffcc8e1838,0x000000000055dc95,0x3fedd0be6db6f839,0x0000000080004a00,0x4152076dcf9c0ebf,0x4062d54463ae3779,0x4023c5b3ddadf076,0x40069fa256b32a2e,0x4003c0f259de1123,0x4152076dcf9c0ebf,0x4025772550faaacb,0x4129fe78657a786c,0x41520751213404ea,0x3fea330ae25ad77f,0x0000000000000000,0x4012207dfca41e93,0x00000001,0x00000001,0x8000000200006600,0x8000000a00007e00,0x800000000094112d,0x000000008000af80,0x00000000800000e4,0x0000000000000002,0x000000007c201073,0x0000000000000080,0x6000000000000000,0x00000000000000c0,0x4000b4c3,0x0000000080004a00,0x000000004000b4c3,0x0000000000d4a66f,0x0000000000cc8d60,0x0000000000d4a66f,0x0000000000cc8d60,0x0000000000000302,0x0000000000006c34,0x0000000000005014,0x000000000063d3db,0x0000000000005f0d,0x000000000054de3e,0x00000000000113a6,0x0000000000335b3f,0x00000000000000c0,0x0000000000000040,0x00000489,0x8000000000000907,0x0000000007240701,0x03
1783639958569,b,0x0000000080005850,0x0000000080018ed0,0x000000008000f190,0x000000008000f1c0,0x0000000080007a7a,0x000000000000000f,0x00000000800191f0,0x0000000080018f20,0x0000000080019530,0x00000000800191f0,0x0000000080019310,0x0000000000000003,0x0000000000000006,0x0000000000000006,0x0000000000000006,0x000000008000f201,0x3fe2a46c2405b7fc,0x0000000000000006,0x000000008000f200,0x0000000000000001,0x0000000000000006,0x0000000000000038,0x0000000000000000,0x000000006b9b077e,0x000000000062806d,0x3fedd0be6e56c69f,0x0000000080004a0a,0x4152076dcf9c0ebf,0x4062d54463ae3779,0x4023c5b3ddadf076,0x40069fa256b32a2e,0x4003c0f259de1123,0x4152076dcf9c0ebf,0x414fe4d0b16f0069,0x4129fe6caf837b4a,0x415207537dfa43fe,0x0000000000000000,0x401623e8e4797fe9,0x401623e8e4797fe9,0x00000001,0x00000001,0x8000000200006600,0x8000000a00007e00,0x800000000094112d,0x000000008000af80,0x00000000800000e4,0x0000000000000002,0x000000007c201073,0x0000000000000080,0x6000000000000000,0x00000000000000c0,0x4000b4c3,0x0000000080004a0a,0x000000004000b4c3,0x0000000000d5b4bf,0x0000000000cd9521,0x0000000000d5b4bf,0x0000000000cd9521,0x0000000000000305,0x0000000000006c37,0x000000000000506a,0x0000000000645529,0x0000000000005f30,0x00000000005554b6,0x00000000000114b5,0x000000000033a191,0x00000000000000c0,0x0000000000000040,0x00000489,0x8000000000000907,0x0000000007240701,0x03
1783639959958,b,0x0000000080005744,0x0000000080019060,0x000000008000f190,0x000000008000f1c0,0x0000000080007a7a,0x000000000000000f,0x00000000800191f0,0x00000000800190b0,0x0000000080019530,0x0000000080019310,0x00000000800191f0,0x0000000000000006,0x0000000000000006,0x00000000800190d0,0x0000000000000001,0x000000008000f201,0x3fe41bc63bb413dd,0x0000000000000006,0x000000008000f200,0x0000000000000001,0x0000000000000006,0x0000000000000038,0x0000000000000000,0xffffffffd08508fe,0x00000000004f29c8,0x3fedd0be6ecc1bbb,0x00000000800049f6,0x4152076dcf9c0ebf,0x4062d54463ae3779,0x4023c5b3ddadf076,0x40069fa256b32a2e,0x4003c0f259de1123,0x4152076dcf9c0ebf,0x414fe4d460ebedfa,0x4129fe664504816f,0x4152074f94e56042,0x0000000000000000,0x0000000000000000,0x0000000000000000,0x00000001,0x00000001,0x8000000200006600,0x8000000a00007e00,0x800000000094112d,0x000000008000af80,0x00000000800000e4,0x0000000000000002,0x000000007c201073,0x0000000000000080,0x6000000000000000,0x00000000000000c0,0x4000b4c3,0x00000000800049f6,0x000000004000b4c3,0x0000000000d6d5e4,0x0000000000ceb1b6,0x0000000000d6d5e4,0x0000000000ceb1b6,0x0000000000000308,0x0000000000006c3a,0x00000000000050e0,0x000000000064e298,0x0000000000005f60,0x000000000055cf45,0x0000000000011629,0x000000000033e952,0x00000000000000c0,0x0000000000000040,0x00000489,0x8000000000000907,0x0000000007240701,0x03
1783639961647,b,0x0000000080006260,0x0000000080019230,0x000000008000f190,0x000000008000f1c0,0x402a60145272ceaf,0x0000000000000000,0x0000000000000000,0x0000000080019440,0x0000000080019530,0x0000000080019698,0x00000000800194a0,0x000000008000f238,0x00000000800003f0,0x00000000800194a0,0x0000000080019528,0x000000002ee6b6ee,0x0000000037f10876,0x0000000000000006,0x000000008000f200,0x0000000000000001,0x0000000000000006,0x0000000000000038,0x0000000000000000,0x000000002ec634ce,0x00000000007aafb8,0x3fedd0be6f1b5529,0x0000000080005bd6,0x4152076dcf9c0ebf,0x4062d54463ae3779,0x4023c5b3ddadf076,0x40069fa256b32a2e,0x4003c0f259de1123,0x4152076dcf9c0ebf,0x402eabee0dfc421e,0x4129fe664504816f,0x4152074f94e56042,0x01a56e1fc2f8f359,0x0000000000000000,0x3fedd0be6f1b5529,0x00000001,0x00000001,0x8000000200006600,0x8000000a00007e00,0x800000000094112d,0x000000008000af80,0x00000000800000e4,0x0000000000000002,0x000000007c201073,0x0000000000000080,0x6000000000000000,0x00000000000000c0,0x4000b4c3,0x0000000080005bd6,0x000000004000b4c3,0x0000000000d7cc33,0x0000000000cfa544,0x0000000000d7cc33,0x0000000000cfa544,0x000000000000030a,0x0000000000006c3d,0x0000000000005134,0x0000000000655a9b,0x0000000000005f7f,0x0000000000563854,0x0000000000011764,0x0000000000342924,0x00000000000000c0,0x0000000000000040,0x00000489,0x8000000000000907,0x0000000007240701,0x03
1783639963083,b,0x00000000800057ae,0x0000000080018d90,0x000000008000f190,0x000000008000f1c0,0x0000000080007a7a,0x0000000000000000,0x00000000800191f0,0x0000000080018de0,0x0000000080019530,0x0000000080018f50,0x000000008000f238,0x0000000000000006,0x0000000000000006,0x0000000000000002,0x0000000000000006,0x0000000050bf1aff,0x0000000044176a82,0x0000000000000006,0x000000008000f200,0x0000000000000001,0x0000000000000006,0x0000000000000038,0x0000000000000000,0x00000000502a0afe,0x000000000055dc95,0x3fedd0be6f1b5529,0x00000000800049d6,0x4152076dcf9c0ebf,0x4062d54463ae3779,0x4023c5b3ddadf076,0x40069fa256b32a2e,0x4003c0f259de1123,0x4152076dcf9c0ebf,0x402577255105daa1,0x4129fe7be32ca57a,0x4152075222a7ef9e,0x8000000000000000,0x0000000000000000,0x8000000000000000,0x00000001,0x00000001,0x8000000200006600,0x8000000a00007e00,0x800000000094112d,0x000000008000af80,0x00000000800000e4,0x0000000000000002,0x000000007c201073,0x0000000000000080,0x6000000000000000,0x00000000000000c0,0x4000b4c3,0x00000000800049d6,0x000000004000b4c3,0x0000000000d906a8,0x0000000000d0dcd4,0x0000000000d906a8,0x0000000000d0dcd4,0x000000000000030c,0x0000000000006c40,0x0000000000005198,0x000000000065f1b1,0x0000000000005faf,0x000000000056c030,0x00000000000118f1,0x0000000000347cb2,0x00000000000000c0,0x0000000000000040,0x00000489,0x8000000000000907,0x0000000007240701,0x03
1783639964621,b,0x00000000800058c6,0x0000000080018ee0,0x000000008000f190,0x000000008000f1c0,0x0000000080007a7a,0x0000000000000000,0x00000000800191f0,0x0000000080018f20,0x0000000080019530,0x00000000800193a0,0x0000000080019100,0x0000000080019070,0x0000000000000006,0x00000000800193a0,0x00000000800193b0,0x0000000069ffbccf,0x0000000044221d8a,0x0000000000000006,0x000000008000f200,0x0000000000000001,0x0000000000000006,0x0000000000000038,0x0000000000000000,0x0000000069f7b8ce,0x000000000055dc95,0x3fedd0be6f495447,0x0000000080004ac8,0x4152076dcf9c0ebf,0x4062d54463ae3779,0x4023c5b3ddadf076,0x40069fa256b32a2e,0x4003c0f259de1123,0x4152076dcf9c0ebf,0x4025772551088763,0x4129fe77df7ced91,0x41520754a6339c0f,0x4021d74367d00000,0x3f89e65511272da2,0x3f89e65511272da2,0x00000001,0x00000001,0x8000000200006600,0x8000000a00007e00,0x800000000094112d,0x000000008000af80,0x00000000800000e4,0x0000000000000002,0x000000007c201073,0x0000000000000080,0x6000000000000000,0x00000000000000c0,0x4000b4c3,0x0000000080004ac8,0x000000004000b4c3,0x0000000000da3f4b,0x0000000000d210b1,0x0000000000da3f4b,0x0000000000d210b1,0x000000000000030f,0x0000000000006c43,0x0000000000005217,0x0000000000668a7f,0x0000000000005fe0,0x0000000000574574,0x0000000000011a64,0x000000000034cbcb,0x00000000000000c0,0x0000000000000040,0x00000489,0x8000000000000907,0x0000000007240701,0x03
1783639966112,b,0x000000008000583a,0x0000000080018ed0,0x000000008000f190,0x000000008000f1c0,0x0000000080007a7a,0x000000000000000f,0x00000000800191f0,0x0000000080018f20,0x0000000080019530,0x00000000800194a0,0x000000008000f238,0x0000000000000003,0x0000000000000006,0x00000000800191f0,0x0000000080019210,0x000000008000f201,0x3fe2f9ab9638b24c,0x0000000000000006,0x000000008000f200,0x0000000000000001,0x0000000000000006,0x0000000000000038,0x0000000000000000,0x00000000047352b8,0x00000000006b10f4,0x3fedd0be6f5b2958,0x00000000800049f0,0x4152076dcf9c0ebf,0x4062d54463ae3779,0x4023c5b3ddadf076,0x40069fa256b32a2e,0x4003c0f259de1123,0x4152076dcf9c0ebf,0x414fe4d254cccccd,0x4129fe6cad0e5604,0x4152075517573eab,0x0000000000000000,0x0000000000000000,0x0000000000000000,0x00000001,0x00000001,0x8000000200006600,0x8000000a00007e00,0x800000000094112d,0x000000008000af80,0x00000000800000e4,0x0000000000000002,0x000000007c201073,0x0000000000000080,0x6000000000000000,0x00000000000000c0,0x4000b4c3,0x00000000800049f0,0x000000004000b4c3,0x0000000000db6e06,0x0000000000d33970,0x0000000000db6e06,0x0000000000d33970,0x0000000000000313,0x0000000000006c46,0x0000000000005263,0x0000000000671afb,0x0000000000006007,0x000000000057ca31,0x0000000000011bad,0x0000000000351b38,0x00000000000000c0,0x0000000000000040,0x00000489,0x8000000000000907,0x0000000007240701,0x03
1783639967617,b,0x0000000080005744,0x0000000080019060,0x000000008000f190,0x000000008000f1c0,0x0000000080007a7a,0x000000000000000f,0x00000000800191f0,0x00000000800190b0,0x0000000080019530,0x0000000080019310,0x00000000800191f0,0x0000000000000006,0x0000000000000006,0x0000000080019310,0x0000000080019318,0x000000008000f201,0x3fe5a26c97bdd806,0x0000000000000006,0x000000008000f200,0x0000000000000001,0x0000000000000006,0x0000000000000038,0x0000000000000000,0xffffffffc32ca5ae,0x000000000051c3ed,0x3fedd0be6f55d326,0x00000000800049a4,0x4152076dcf9c0ebf,0x4062d54463ae3779,0x4023c5b3ddadf076,0x40069fa256b32a2e,0x4003c0f259de1123,0x4152076dcf9c0ebf,0x414fe4cefa5460aa,0x4129fe6bf758e219,0x41520754dc09d495,0x4013efc4d6adcb1d,0x0000000000000000,0x0000000000000000,0x00000001,0x00000001,0x8000000200006600,0x8000000a00007e00,0x800000000094112d,0x000000008000af80,0x00000000800000e4,0x0000000000000002,0x000000007c201073,0x0000000000000080,0x6000000000000000,0x00000000000000c0,0x4000b4c3,0x00000000800049a4,0x000000004000b4c3,0x0000000000dc842b,0x0000000000d44ab6,0x0000000000dc842b,0x0000000000d44ab6,0x0000000000000316,0x0000000000006c49,0x00000000000052e8,0x000000000067a306,0x0000000000006038,0x0000000000583fa1,0x0000000000011d1b,0x0000000000355f8b,0x00000000000000c0,0x0000000000000040,0x00000489,0x8000000000000907,0x0000000007240701,0x03
1783639969021,b,0x00000000800057ae,0x0000000080018d90,0x000000008000f190,0x000000008000f1c0,0x0000000080007a7a,0x0000000000000000,0x00000000800191f0,0x0000000080018de0,0x0000000080019530,0x0000000080018f50,0x000000008000f238,0x0000000000000006,0x0000000000000006,0x0000000000000005,0x000000000000001e,0xffffffffd7d1fcff,0x0000000044304dc2,0x0000000000000006,0x000000008000f200,0x0000000000000001,0x0000000000000006,0x0000000000000038,0x0000000000000000,0xffffffffd7d0dc7e,0x000000000055dc95,0x3fedd0be6f55d326,0x0000000080004970,0x4152076dcf9c0ebf,0x4062d54463ae3779,0x4023c5b3ddadf076,0x40069fa256b32a2e,0x4003c0f259de1123,0x4152076dcf9c0ebf,0x40257725510c1371,0x4129fe6bf758e219,0x41520754dc09d495,0xbf8314f4c2133d7e,0x0000000000000000,0xbf847ae14be3cfae,0x00000001,0x00000001,0x8000000200006600,0x8000000a00007e00,0x800000000094112d,0x000000008000af80,0x00000000800000e4,0x0000000000000002,0x000000007c201073,0x0000000000000080,0x6000000000000000,0x00000000000000c0,0x4000b4c3,0x0000000080004970,0x000000004000b4c3,0x0000000000dd88be,0x0000000000d54eb1,0x0000000000dd88be,0x0000000000d54eb1,0x0000000000000317,0x0000000000006c4c,0x000000000000531b,0x0000000000681fe4,0x0000000000006051,0x000000000058b19a,0x0000000000011e56,0x000000000035a875,0x00000000000000c0,0x0000000000000040,0x00000489,0x8000000000000907,0x0000000007240701,0x03
1783639970510,b,0x000000008000589c,0x0000000080018ed0,0x000000008000f190,0x000000008000f1c0,0x0000000080007a7a,0x0000000000000000,0x00000000800191f0,0x0000000080018f20,0x0000000080019530,0x0000000080019280,0x0000000080019118,0x0000000000000006,0x0000000000000003,0x00000000800193a0,0x00000000800193e8,0x000000005a7fbe6f,0x000000004434026a,0x0000000000000006,0x000000008000f200,0x0000000000000001,0x0000000000000006,0x0000000000000038,0x0000000000000000,0x000000005a75160e,0x000000000055dc95,0x3fedd0be6f3e1017,0x00000000800049fc,0x4152076dcf9c0ebf,0x4062d54463ae3779,0x4023c5b3ddadf076,0x40069fa256b32a2e,0x4003c0f259de1123,0x4152076dcf9c0ebf,0x40257725510d009b,0x4129fe63942c3c9f,0x415207567c189375,0x0000000000000000,0x0000000000000000,0x0000000000000000,0x00000001,0x00000001,0x8000000200006600,0x8000000a00007e00,0x800000000094112d,0x000000008000af80,0x00000000800000e4,0x0000000000000002,0x000000007c201073,0x0000000000000080,0x6000000000000000,0x00000000000000c0,0x4000b4c3,0x00000000800049fc,0x000000004000b4c3,0x0000000000de9704,0x0000000000d658ba,0x0000000000de9704,0x0000000000d658ba,0x000000000000031b,0x0000000000006c4f,0x000000000000538b,0x000000000068a4df,0x0000000000006080,0x00000000005923a1,0x0000000000011fa1,0x000000000035eb16,0x00000000000000c0,0x0000000000000040,0x00000489,0x8000000000000907,0x0000000007240701,0x03
1783639972045,b,0x0000000080005850,0x0000000080018ed0,0x000000008000f190,0x000000008000f1c0,0x0000000080007a7a,0x000000000000000f,0x00000000800191f0,0x0000000080018f20,0x0000000080019530,0x00000000800191f0,0x0000000080019310,0x0000000000000003,0x0000000000000006,0x0000000000000001,0x0000000000000001,0x000000008000f201,0x3feac625db2d0145,0x0000000000000006,0x000000008000f200,0x0000000000000001,0x0000000000000006,0x0000000000000038,0x0000000000000000,0x0000000079b8c2fe,0x0000000000769dee,0x3fedd0be6f183dfc,0x00000000800049e4,0x4152076dcf9c0ebf,0x4062d54463ae3779,0x4023c5b3ddadf076,0x40069fa256b32a2e,0x4003c0f259de1123,0x4152076dcf9c0ebf,0x414fe4caed2bd3c3,0x4129fe838c710cb3,0x415207568fb2fec5,0x3fe1aec7af364bff,0x0000000000000000,0x0000000000000000,0x00000001,0x00000001,0x8000000200006600,0x8000000a00007e00,0x800000000094112d,0x000000008000af80,0x00000000800000e4,0x0000000000000002,0x000000007c201073,0x0000000000000080,0x6000000000000000,0x00000000000000c0,0x4000b4c3,0x00000000800049e4,0x000000004000b4c3,0x0000000000dfe55d,0x0000000000d7a0c3,0x0000000000dfe55d,0x0000000000d7a0c3,0x000000000000031f,0x0000000000006c52,0x00000000000053d7,0x0000000000694422,0x00000000000060aa,0x000000000059b71f,0x000000000001210d,0x00000000003643cf,0x00000000000000c0,0x0000000000000040,0x00000489,0x8000000000000907,0x0000000007240701,0x03
1783639973675,b,0x0000000080005820,0x0000000080018ed0,0x000000008000f190,0x000000008000f1c0,0x0000000080007a7a,0x000000000000000f,0x00000000800191f0,0x0000000080018f20,0x0000000080019530,0x000000008000f238,0x0000000080019310,0x0000000000000006,0x0000000000000006,0x0000000000000000,0x0000000000000006,0x000000008000f201,0x3fed7d07712f82a6,0x0000000000000006,0x000000008000f200,0x0000000000000001,0x0000000000000006,0x0000000000000038,0x0000000000000000,0x000000002a4b8380,0x000000000075d6ae,0x3fedd0be6ee845f1,0x000000008000498e,0x4152076dcf9c0ebf,0x4062d54463ae3779,0x4023c5b3ddadf076,0x40069fa256b32a2e,0x4003c0f259de1123,0x4152076dcf9c0ebf,0x414fe4cc0c1bda51,0x4129fe6917ced917,0x4152074e6be90ff9,0x0000000000000000,0x401623e8e4792d5e,0x401623e8e4792d5e,0x00000001,0x00000001,0x8000000200006600,0x8000000a00007e00,0x800000000094112d,0x000000008000af80,0x00000000800000e4,0x0000000000000002,0x000000007c201073,0x0000000000000080,0x6000000000000000,0x00000000000000c0,0x4000b4c3,0x000000008000498e,0x000000004000b4c3,0x0000000000e12232,0x0000000000d8d94a,0x0000000000e12232,0x0000000000d8d94a,0x0000000000000325,0x0000000000006c55,0x000000000000544b,0x000000000069dec7,0x00000000000060de,0x00000000005a3da1,0x000000000001229f,0x0000000000369380,0x00000000000000c0,0x0000000000000040,0x00000489,0x8000000000000907,0x0000000007240701,0x03
1783639975313,b,0x00000000800056f8,0x0000000080019060,0x000000008000f190,0x000000008000f1c0,0x0000000080007a7a,0x000000000000000f,0x0000000080019430,0x00000000800190b0,0x0000000080019530,0x0000000080019548,0x000000008000f238,0x0000000000000006,0x0000000000000006,0x000000008000f238,0x000000008000f328,0x000000008000f201,0x3fe5dcc65362eabf,0x0000000000000006,0x000000008000f200,0x0000000000000001,0x0000000000000006,0x0000000000000038,0x0000000000000000,0xffffffff95d649ae,0x00000000005d0803,0x3fedd0be6eb191e3,0x00000000800049c6,0x4152076dcf9c0ebf,0x4062d54463ae3779,0x4023c5b3ddadf076,0x40069fa256b32a2e,0x4003c0f259de1123,0x4152076dcf9c0ebf,0x414fe4ccd03e425b,0x4129fe611d7dbf48,0x415207583e8c154d,0x3ff0000000000000,0x0000000000000000,0x0000000000000000,0x00000001,0x00000001,0x8000000200006600,0x8000000a00007e00,0x800000000094112d,0x000000008000af80,0x00000000800000e4,0x0000000000000002,0x000000007c201073,0x0000000000000080,0x6000000000000000,0x00000000000000c0,0x4000b4c3,0x00000000800049c6,0x000000004000b4c3,0x0000000000e248c7,0x0000000000d9faa3,0x0000000000e248c7,0x0000000000d9faa3,0x0000000000000327,0x0000000000006c58,0x00000000000054b5,0x00000000006a6e8c,0x000000000000610c,0x00000000005abb9d,0x0000000000012416,0x000000000036dd95,0x00000000000000c0,0x0000000000000040,0x00000489,0x8000000000000907,0x0000000007240701,0x03
1783639976768,b,0x00000000800057ae,0x0000000080018d90,0x000000008000f190,0x000000008000f1c0,0x0000000080007a7a,0x0000000000000000,0x00000000800191f0,0x0000000080018de0,0x0000000080019530,0x0000000080018f50,0x000000008000f238,0x0000000000000006,0x0000000000000006,0x0000000000000003,0x0000000000000006,0x0000000059fdd67e,0x0000000044344fba,0x0000000000000006,0x000000008000f200,0x0000000000000001,0x0000000000000006,0x0000000000000038,0x0000000000000000,0x0000000059cdd66e,0x000000000055dc95,0x3fedd0be6eb191e3,0x00000000800049d6,0x4152076dcf9c0ebf,0x4062d54463ae3779,0x4023c5b3ddadf076,0x40069fa256b32a2e,0x4003c0f259de1123,0x4152076dcf9c0ebf,0x40257725510d13ef,0x4129fe611d7dbf48,0x415207583e8c154d,0x3ff0000000000000,0x0000000000000000,0x0000000000000000,0x00000001,0x00000001,0x8000000200006600,0x8000000a00007e00,0x800000000094112d,0x000000008000af80,0x00000000800000e4,0x0000000000000002,0x000000007c201073,0x0000000000000080,0x6000000000000000,0x00000000000000c0,0x4000b4c3,0x00000000800049d6,0x000000004000b4c3,0x0000000000e34ace,0x0000000000dafd5c,0x0000000000e34ace,0x0000000000dafd5c,0x000000000000032b,0x0000000000006c5b,0x00000000000054e4,0x00000000006aead3,0x0000000000006129,0x00000000005b2b5f,0x0000000000012558,0x0000000000372515,0x00000000000000c0,0x0000000000000040,0x00000489,0x8000000000000907,0x0000000007240701,0x03
1783639978286,b,0x000000008000589c,0x0000000080018ed0,0x000000008000f190,0x000000008000f1c0,0x0000000080007a7a,0x0000000000000000,0x00000000800191f0,0x0000000080018f20,0x0000000080019530,0x0000000080019280,0x0000000080019118,0x0000000000000006,0x0000000000000003,0x00000000800193a0,0x0000000080019418,0xffffffffe977d9e0,0x000000004431b938,0x0000000000000006,0x000000008000f200,0x0000000000000001,0x0000000000000006,0x0000000000000038,0x0000000000000000,0xffffffffe94701e0,0x000000000055dc95,0x3fedd0be6e7709b2,0x0000000080004982,0x4152076dcf9c0ebf,0x4062d54463ae3779,0x4023c5b3ddadf076,0x40069fa256b32a2e,0x4003c0f259de1123,0x4152076dcf9c0ebf,0x40257725510c6e4e,0x4129fe7217a786c2,0x4152074d78c154ca,0x402e61c9816a174e,0x0000000000000000,0x0000000000000000,0x00000001,0x00000001,0x8000000200006600,0x8000000a00007e00,0x800000000094112d,0x000000008000af80,0x00000000800000e4,0x0000000000000002,0x000000007c201073,0x0000000000000080,0x6000000000000000,0x00000000000000c0,0x4000b4c3,0x0000000080004982,0x000000004000b4c3,0x0000000000e47140,0x0000000000dc1f3d,0x0000000000e47140,0x0000000000dc1f3d,0x000000000000032f,0x0000000000006c5e,0x0000000000005567,0x00000000006b7b24,0x0000000000006158,0x00000000005ba85b,0x00000000000126b9,0x0000000000376eca,0x00000000000000c0,0x0000000000000040,0x00000489,0x8000000000000907,0x0000000007240701,0x03
1783639979678,b,0x0000000080005744,0x0000000080019060,0x000000008000f190,0x000000008000f1c0,0x0000000080007a7a,0x000000000000000f,0x00000000800191f0,0x00000000800190b0,0x0000000080019530,0x0000000080019310,0x00000000800191f0,0x0000000000000006,0x0000000000000006,0x0000000000000003,0x000000000000001b,0x000000008000f201,0x3fe1e6f650f45801,0x0000000000000006,0x000000008000f200,0x0000000000000001,0x0000000000000006,0x0000000000000038,0x0000000000000000,0xffffffffe6cb91e0,0x000000000074608d,0x3fedd0be6e3b1613,0x00000000800049be,0x4152076dcf9c0ebf,0x4062d54463ae3779,0x4023c5b3ddadf076,0x40069fa256b32a2e,0x4003c0f259de1123,0x4152076dcf9c0ebf,0x414fe4cb6051eb85,0x4129fe7ea9446738,0x4152075371f559b4,0x402c3d2039f59e32,0x0000000000000000,0x0000000000000000,0x00000001,0x00000001,0x8000000200006600,0x8000000a00007e00,0x800000000094112d,0x000000008000af80,0x00000000800000e4,0x0000000000000002,0x000000007c201073,0x0000000000000080,0x6000000000000000,0x00000000000000c0,0x4000b4c3,0x00000000800049be,0x000000004000b4c3,0x0000000000e56b94,0x0000000000dd12f4,0x0000000000e56b94,0x0000000000dd12f4,0x0000000000000335,0x0000000000006c61,0x00000000000055c9,0x00000000006bf295,0x000000000000617c,0x00000000005c15c6,0x00000000000127d0,0x000000000037aeb1,0x00000000000000c0,0x0000000000000040,0x00000489,0x8000000000000907,0x0000000007240701,0x03
1783639981257,b,0x0000000080005744,0x0000000080019060,0x000000008000f190,0x000000008000f1c0,0x0000000080007a7a,0x000000000000000f,0x00000000800191f0,0x00000000800190b0,0x0000000080019530,0x0000000080019310,0x00000000800191f0,0x0000000000000006,0x0000000000000006,0x0000000000000006,0x0000000000000005,0x000000008000f201,0x3fe12cf6b690e546,0x0000000000000006,0x000000008000f200,0x0000000000000001,0x0000000000000006,0x0000000000000038,0x0000000000000000,0x000000003a50befe,0x000000000042c382,0x3fedd0be6dffa78a,0x0000000080004a18,0x4152076dcf9c0ebf,0x4062d54463ae3779,0x4023c5b3ddadf076,0x40069fa256b32a2e,0x4003c0f259de1123,0x4152076dcf9c0ebf,0x414fe4c9cfc84b5e,0x4129fe6bfa5119ce,0x41520755b45d6388,0x0000000000000000,0x0000000000000000,0x0000000000000000,0x00000001,0x00000001,0x8000000200006600,0x8000000a00007e00,0x800000000094112d,0x000000008000af80,0x00000000800000e4,0x0000000000000002,0x000000007c201073,0x0000000000000080,0x6000000000000000,0x00000000000000c0,0x4000b4c3,0x0000000080004a18,0x000000004000b4c3,0x0000000000e6d031,0x0000000000de72da,0x0000000000e6d031,0x0000000000de72da,0x0000000000000339,0x0000000000006c64,0x000000000000563f,0x00000000006c9fc3,0x00000000000061b2,0x00000000005caeb5,0x0000000000012987,0x0000000000380a46,0x00000000000000c0,0x0000000000000040,0x00000489,0x8000000000000907,0x0000000007240701,0x03
1783639982776,b,0x00000000800056f8,0x0000000080019060,0x000000008000f190,0x000000008000f1c0,0x0000000080007a7a,0x000000000000000f,0x0000000080019430,0x00000000800190b0,0x0000000080019530,0x0000000080019548,0x000000008000f238,0x0000000000000006,0x0000000000000006,0x000000008000f238,0x000000008000f308,0x000000008000f201,0x3fe31457d3b45758,0x0000000000000006,0x000000008000f200,0x0000000000000001,0x0000000000000006,0x0000000000000038,0x0000000000000000,0xffffffffb1964a38,0x000000000062b5e3,0x3fedd0be6dc64044,0x00000000800049c6,0x4152076dcf9c0ebf,0x4062d54463ae3779,0x4023c5b3ddadf076,0x40069fa256b32a2e,0x4003c0f259de1123,0x4152076dcf9c0ebf,0x414fe4d0b13dd97f,0x4129fe77df7ced91,0x41520754a6339c0f,0x0000000000000000,0x4013efc4d6ad9d24,0x4013efc4d6ad9d24,0x00000001,0x00000001,0x8000000200006600,0x8000000a00007e00,0x800000000094112d,0x000000008000af80,0x00000000800000e4,0x0000000000000002,0x000000007c201073,0x0000000000000080,0x6000000000000000,0x00000000000000c0,0x4000b4c3,0x00000000800049c6,0x000000004000b4c3,0x0000000000e8068d,0x0000000000dfa39c,0x0000000000e8068d,0x0000000000dfa39c,0x000000000000033d,0x0000000000006c67,0x00000000000056c4,0x00000000006d36eb,0x00000000000061e4,0x00000000005d3303,0x0000000000012b13,0x0000000000385861,0x00000000000000c0,0x0000000000000040,0x00000489,0x8000000000000907,0x0000000007240701,0x03
1783639984457,b,0x00000000800057ae,0x0000000080018d90,0x000000008000f190,0x000000008000f1c0,0x0000000080007a7a,0x0000000000000000,0x00000000800191f0,0x0000000080018de0,0x0000000080019530,0x0000000080018f50,0x000000008000f238,0x0000000000000006,0x0000000000000006,0x0000000000000004,0x0000000000000006,0xffffffffdd1f47be,0x00000000442593e6,0x0000000000000006,0x000000008000f200,0x0000000000000001,0x0000000000000006,0x0000000000000038,0x0000000000000000,0xffffffffdd0906ae,0x000000000055dc95,0x3fedd0be6dc64044,0x00000000800049d6,0x4152076dcf9c0ebf,0x4062d54463ae3779,0x4023c5b3ddadf076,0x40069fa256b32a2e,0x4003c0f259de1123,0x4152076dcf9c0ebf,0x40257725510964fa,0x4129fe77df7ced91,0x41520754a6339c0f,0x8000000000000000,0x0000000000000000,0x8000000000000000,0x00000001,0x00000001,0x8000000200006600,0x8000000a00007e00,0x800000000094112d,0x000000008000af80,0x00000000800000e4,0x0000000000000002,0x000000007c201073,0x0000000000000080,0x6000000000000000,0x00000000000000c0,0x4000b4c3,0x00000000800049d6,0x000000004000b4c3,0x0000000000e92312,0x0000000000e0c032,0x0000000000e92312,0x0000000000e0c032,0x000000000000033e,0x0000000000006c6a,0x00000000000056fd,0x00000000006dbf52,0x0000000000006201,0x00000000005daf1f,0x0000000000012c6a,0x000000000038a7d2,0x00000000000000c0,0x0000000000000040,0x00000489,0x8000000000000907,0x0000000007240701,0x03
1783639986073,b,0x0000000080009fc2,0x0000000080018dc0,0x000000008000f190,0x000000008000f1c0,0x0000000080007a7a,0x0000000000585000,0x00000000800191f0,0x0000000080018e40,0x0000000080018f00,0x0000000000586000,0x0000000000000800,0x000000000036b1c8,0x0000000000000002,0x00000000002c3000,0xfffffffff2244800,0x0000000000000000,0x000000000000000c,0x0000000000000006,0x000000008000f200,0x0000000000000001,0x0000000000000006,0x0000000000000038,0x0000000000000000,0xffffffffe6593fee,0x00000000005869e6,0x3fedd0be6d8fffb2,0x000000008000a0dc,0x4152076dcf9c0ebf,0x4062d54463ae3779,0x4023c5b3ddadf076,0x40069fa256b32a2e,0x4003c0f259de1123,0x403e88fa391e4489,0x403e88fa391e4489,0x4129fe6cad0e5604,0x4152075517573eab,0x01a56e1fc2f8f359,0x0000000000000000,0x403e88fa391e4489,0x00000001,0x00000001,0x8000000200006600,0x8000000a00007e00,0x800000000094112d,0x000000008000af80,0x00000000800000e4,0x0000000000000002,0x000000007c201073,0x0000000000000080,0x6000000000000000,0x00000000000000c0,0x4000b4c3,0x000000008000a0dc,0x000000004000b4c3,0x0000000000ea302c,0x0000000000e1c79e,0x0000000000ea302c,0x0000000000e1c79e,0x0000000000000341,0x0000000000006c6d,0x0000000000005764,0x00000000006e41b5,0x0000000000006228,0x00000000005e2347,0x0000000000012d8d,0x000000000038ec33,0x00000000000000c0,0x0000000000000040,0x00000489,0x8000000000000907,0x0000000007240701,0x03
1783639987694,b,0x0000000080005744,0x0000000080019060,0x000000008000f190,0x000000008000f1c0,0x0000000080007a7a,0x000000000000000f,0x00000000800191f0,0x00000000800190b0,0x0000000080019530,0x0000000080019310,0x00000000800191f0,0x0000000000000006,0x0000000000000006,0x0000000000000000,0x0000000000000012,0x000000008000f201,0x3fe3d4bc35b7ed75,0x0000000000000006,0x000000008000f200,0x0000000000000001,0x0000000000000006,0x0000000000000038,0x0000000000000000,0xffffffffc34c832e,0x00000000007347e5,0x3fedd0be6d5daef7,0x00000000800049e2,0x4152076dcf9c0ebf,0x4062d54463ae3779,0x4023c5b3ddadf076,0x40069fa256b32a2e,0x4003c0f259de1123,0x4152076dcf9c0ebf,0x414fe4cefa5460aa,0x4129fe6bf758e219,0x41520754dc09d495,0x3fdcf46da09c9ad2,0x0000000000000000,0x0000000000000000,0x00000001,0x00000001,0x8000000200006600,0x8000000a00007e00,0x800000000094112d,0x000000008000af80,0x00000000800000e4,0x0000000000000002,0x000000007c201073,0x0000000000000080,0x6000000000000000,0x00000000000000c0,0x4000b4c3,0x00000000800049e2,0x000000004000b4c3,0x0000000000eb347f,0x0000000000e2c6ba,0x0000000000eb347f,0x0000000000e2c6ba,0x0000000000000344,0x0000000000006c70,0x00000000000057c2,0x00000000006ec043,0x0000000000006254,0x00000000005e9295,0x0000000000012ed6,0x0000000000392ca4,0x00000000000000c0,0x0000000000000040,0x00000489,0x8000000000000907,0x0000000007240701,0x03
1783639989140,b,0x00000000800056f8,0x0000000080019060,0x000000008000f190,0x000000008000f1c0,0x0000000080007a7a,0x000000000000000f,0x0000000080019430,0x00000000800190b0,0x0000000080019530,0x0000000080019548,0x000000008000f238,0x0000000000000006,0x0000000000000006,0x0000000080019310,0x0000000080019360,0x000000008000f201,0x3fe3d5a37f3bc57b,0x0000000000000006,0x000000008000f200,0x0000000000000001,0x0000000000000006,0x0000000000000038,0x0000000000000000,0x00000000156ac2be,0x000000000045a60c,0x3fedd0be6d2fcd83,0x0000000080004982,0x4152076dcf9c0ebf,0x4062d54463ae3779,0x4023c5b3ddadf076,0x40069fa256b32a2e,0x4003c0f259de1123,0x4152076dcf9c0ebf,0x414fe4cacd04816f,0x4129fe63942c3c9f,0x415207567c189375,0x0000000000000000,0x0000000000000000,0x0000000000000000,0x00000001,0x00000001,0x8000000200006600,0x8000000a00007e00,0x800000000094112d,0x000000008000af80,0x00000000800000e4,0x0000000000000002,0x000000007c201073,0x0000000000000080,0x6000000000000000,0x00000000000000c0,0x4000b4c3,0x0000000080004982,0x000000004000b4c3,0x0000000000ec61b3,0x0000000000e3eeb8,0x0000000000ec61b3,0x0000000000e3eeb8,0x0000000000000347,0x0000000000006c73,0x000000000000583d,0x00000000006f532b,0x0000000000006286,0x00000000005f12d4,0x000000000001305a,0x000000000039782a,0x00000000000000c0,0x0000000000000040,0x00000489,0x8000000000000907,0x0000000007240701,0x03
1783639990601,b,0x00000000800057ae,0x0000000080018d90,0x000000008000f190,0x000000008000f1c0,0x0000000080007a7a,0x0000000000000000,0x00000000800191f0,0x0000000080018de0,0x0000000080019530,0x0000000080018f50,0x000000008000f238,0x0000000000000006,0x0000000000000006,0x0000000000000006,0x0000000000000006,0x000000002c5ef5ef,0x0000000044172b7a,0x0000000000000006,0x000000008000f200,0x0000000000000001,0x0000000000000006,0x0000000000000038,0x0000000000000000,0x000000002c58e4ee,0x000000000055dc95,0x3fedd0be6d2fcd83,0x0000000080004a0a,0x4152076dcf9c0ebf,0x4062d54463ae3779,0x4023c5b3ddadf076,0x40069fa256b32a2e,0x4003c0f259de1123,0x4152076dcf9c0ebf,0x402577255105cadf,0x4129fe63942c3c9f,0x415207567c189375,0x8000000000000000,0x0000000000000000,0x0000000000000000,0x00000001,0x00000001,0x8000000200006600,0x8000000a00007e00,0x800000000094112d,0x000000008000af80,0x00000000800000e4,0x0000000000000002,0x000000007c201073,0x0000000000000080,0x6000000000000000,0x00000000000000c0,0x4000b4c3,0x0000000080004a0a,0x000000004000b4c3,0x0000000000ed86f3,0x0000000000e513a1,0x0000000000ed86f3,0x0000000000e513a1,0x0000000000000348,0x0000000000006c76,0x0000000000005884,0x00000000006fdf8c,0x00000000000062a3,0x00000000005f92ac,0x00000000000131b7,0x000000000039ca1d,0x00000000000000c0,0x0000000000000040,0x00000489,0x8000000000000907,0x0000000007240701,0x03
1783639992020,b,0x0000000080009fc2,0x0000000080018dc0,0x000000008000f190,0x000000008000f1c0,0x0000000080007a7a,0x0000000000540000,0x00000000800191f0,0x0000000080018e40,0x0000000080018f08,0x0000000000500000,0x0000000000020000,0x0000000000798726,0x0000000000000003,0x0000000000280000,0x00000000030b4580,0x0000000000000000,0x0000000000000012,0x0000000000000006,0x000000008000f200,0x0000000000000001,0x0000000000000006,0x0000000000000038,0x0000000000000000,0xfffffffffca816ee,0x00000000005869e6,0x3fedd0be6d069d66,0x000000008000a0b6,0x4152076dcf9c0ebf,0x4062d54463ae3779,0x4023c5b3ddadf076,0x40069fa256b32a2e,0x4003c0f259de1123,0x405ccc3930185a2c,0x405ccc3930185a2c,0x4129fe838c710cb3,0x415207568fb2fec5,0x01a56e1fc2f8f359,0x0000000000000000,0x405ccc3930185a2c,0x00000001,0x00000001,0x8000000200006600,0x8000000a00007e00,0x800000000094112d,0x000000008000af80,0x00000000800000e4,0x0000000000000002,0x000000007c201073,0x0000000000000080,0x6000000000000000,0x00000000000000c0,0x4000b4c3,0x000000008000a0b6,0x000000004000b4c3,0x0000000000ee94ac,0x0000000000e61c4b,0x0000000000ee94ac,0x0000000000e61c4b,0x000000000000034c,0x0000000000006c79,0x00000000000058e6,0x000000000070632b,0x00000000000062cc,0x00000000006005eb,0x00000000000132e1,0x00000000003a0e0b,0x00000000000000c0,0x0000000000000040,0x00000489,0x8000000000000907,0x0000000007240701,0x03
1783639993598,b,0x000000008000583a,0x0000000080018ed0,0x000000008000f190,0x000000008000f1c0,0x0000000080007a7a,0x000000000000000f,0x00000000800191f0,0x0000000080018f20,0x0000000080019530,0x00000000800194a0,0x000000008000f238,0x0000000000000003,0x0000000000000006,0x0000000000000004,0x000000000000001c,0x000000008000f201,0x3fe7018f4d5c098d,0x0000000000000006,0x000000008000f200,0x0000000000000001,0x0000000000000006,0x0000000000000038,0x0000000000000000,0x000000003ba84878,0x0000000000576e5b,0x3fedd0be6ce22ee5,0x00000000800049bc,0x4152076dcf9c0ebf,0x4062d54463ae3779,0x4023c5b3ddadf076,0x40069fa256b32a2e,0x4003c0f259de1123,0x4152076dcf9c0ebf,0x414fe4cc0c1bda51,0x4129fe6917ced917,0x4152074e6be90ff9,0x0000000000000000,0x0000000000000000,0x0000000000000000,0x00000001,0x00000001,0x8000000200006600,0x8000000a00007e00,0x800000000094112d,0x000000008000af80,0x00000000800000e4,0x0000000000000002,0x000000007c201073,0x0000000000000080,0x6000000000000000,0x00000000000000c0,0x4000b4c3,0x00000000800049bc,0x000000004000b4c3,0x0000000000efe624,0x0000000000e76767,0x0000000000efe624,0x0000000000e76767,0x0000000000000351,0x0000000000006c7c,0x0000000000005955,0x000000000071049f,0x00000000000062fb,0x0000000000609933,0x000000000001346c,0x00000000003a6609,0x00000000000000c0,0x0000000000000040,0x00000489,0x8000000000000907,0x0000000007240701,0x03
1783639995161,b,0x0000000080005744,0x0000000080019060,0x000000008000f190,0x000000008000f1c0,0x0000000080007a7a,0x000000000000000f,0x00000000800191f0,0x00000000800190b0,0x0000000080019530,0x0000000080019310,0x00000000800191f0,0x0000000000000006,0x0000000000000006,0x0000000000000000,0x0000000000000000,0x000000008000f201,0x3fdca001092d781a,0x0000000000000006,0x000000008000f200,0x0000000000000001,0x0000000000000006,0x0000000000000038,0x0000000000000000,0x0000000044eda678,0x0000000000777549,0x3fedd0be6cc26b14,0x0000000080004992,0x4152076dcf9c0ebf,0x4062d54463ae3779,0x4023c5b3ddadf076,0x40069fa256b32a2e,0x4003c0f259de1123,0x4152076dcf9c0ebf,0x414fe4ccd03e425b,0x4129fe611d7dbf48,0x415207583e8c154d,0x0000000000000000,0x4016207f14426fdc,0x4016207f14426fdc,0x00000001,0x00000001,0x8000000200006600,0x8000000a00007e00,0x800000000094112d,0x000000008000af80,0x00000000800000e4,0x0000000000000002,0x000000007c201073,0x0000000000000080,0x6000000000000000,0x00000000000000c0,0x4000b4c3,0x0000000080004992,0x000000004000b4c3,0x0000000000f0f016,0x0000000000e86d0f,0x0000000000f0f016,0x0000000000e86d0f,0x0000000000000354,0x0000000000006c7f,0x00000000000059dd,0x000000000071874e,0x000000000000632c,0x0000000000610894,0x00000000000135d1,0x00000000003aa6b3,0x00000000000000c0,0x0000000000000040,0x00000489,0x8000000000000907,0x0000000007240701,0x03
1783639996792,b,0x00000000800057ae,0x0000000080018d90,0x000000008000f190,0x000000008000f1c0,0x0000000080007a7a,0x0000000000000000,0x00000000800191f0,0x0000000080018de0,0x0000000080019530,0x0000000080018f50,0x000000008000f238,0x0000000000000006,0x0000000000000006,0x0000000000000005,0x0000000000000006,0x000000004aff6b7b,0x00000000440a1d24,0x0000000000000006,0x000000008000f200,0x0000000000000001,0x0000000000000006,0x0000000000000038,0x0000000000000000,0x000000004aef6978,0x000000000055dc95,0x3fedd0be6cc26b14,0x00000000800049d6,0x4152076dcf9c0ebf,0x4062d54463ae3779,0x4023c5b3ddadf076,0x40069fa256b32a2e,0x4003c0f259de1123,0x4152076dcf9c0ebf,0x4025772551028749,0x4129fe611d7dbf48,0x415207583e8c154d,0x8000000000000000,0x0000000000000000,0x8000000000000000,0x00000001,0x00000001,0x8000000200006600,0x8000000a00007e00,0x800000000094112d,0x000000008000af80,0x00000000800000e4,0x0000000000000002,0x000000007c201073,0x0000000000000080,0x6000000000000000,0x00000000000000c0,0x4000b4c3,0x00000000800049d6,0x000000004000b4c3,0x0000000000f1f204,0x0000000000e96e69,0x0000000000f1f204,0x0000000000e96e69,0x0000000000000355,0x0000000000006c82,0x0000000000005a11,0x00000000007202e2,0x0000000000006345,0x0000000000617984,0x000000000001370b,0x00000000003aeee1,0x00000000000000c0,0x0000000000000040,0x00000489,0x8000000000000907,0x0000000007240701,0x03
1783639998371,b,0x00000000800058f2,0x0000000080018ed0,0x000000008000f190,0x000000008000f1c0,0x0000000080007a7a,0x0000000000000000,0x00000000800191f0,0x0000000080018f20,0x0000000080019530,0x00000000800193a0,0x00000000800194a0,0x0000000000000006,0x0000000000000003,0x0000000000000002,0x0000000000000020,0x000000007dfbdff7,0x0000000044066288,0x0000000000000006,0x000000008000f200,0x0000000000000001,0x0000000000000006,0x0000000000000038,0x0000000000000000,0x000000007dd9cbe0,0x000000000055dc95,0x3fedd0be6ca71d5f,0x00000000800049e4,0x4152076dcf9c0ebf,0x4062d54463ae3779,0x4023c5b3ddadf076,0x40069fa256b32a2e,0x4003c0f259de1123,0x4152076dcf9c0ebf,0x40257725510198a2,0x4129fe7217a786c2,0x4152074d78c154ca,0x3f8314f4c05c264c,0x0000000000000000,0x0000000000000000,0x00000001,0x00000001,0x8000000200006600,0x8000000a00007e00,0x800000000094112d,0x000000008000af80,0x00000000800000e4,0x0000000000000002,0x000000007c201073,0x0000000000000080,0x6000000000000000,0x00000000000000c0,0x4000b4c3,0x00000000800049e4,0x000000004000b4c3,0x0000000000f32c49,0x0000000000eaa47c,0x0000000000f32c49,0x0000000000eaa47c,0x0000000000000358,0x0000000000006c85,0x0000000000005a8c,0x0000000000729c6a,0x0000000000006378,0x000000000061ff53,0x0000000000013898,0x00000000003b3e3a,0x00000000000000c0,0x0000000000000040,0x00000489,0x8000000000000907,0x0000000007240701,0x03
1783639999911,b,0x0000000080005820,0x0000000080018ed0,0x000000008000f190,0x000000008000f1c0,0x0000000080007a7a,0x000000000000000f,0x00000000800191f0,0x0000000080018f20,0x0000000080019530,0x000000008000f238,0x0000000080019310,0x0000000000000006,0x0000000000000006,0x0000000080019280,0x00000000800192d8,0x000000008000f201,0x3fd1a94c667de5f2,0x0000000000000006,0x000000008000f200,0x0000000000000001,0x0000000000000006,0x0000000000000038,0x0000000000000000,0x00000000024f4d4e,0x0000000000451b2d,0x3fedd0be6c8ffbd6,0x00000000800049f0,0x4152076dcf9c0ebf,0x4062d54463ae3779,0x4023c5b3ddadf076,0x40069fa256b32a2e,0x4003c0f259de1123,0x4152076dcf9c0ebf,0x414fe4cb6051eb85,0x4129fe7ea9446738,0x4152075371f559b4,0x3fe1aec7af362c7a,0x0000000000000000,0x0000000000000000,0x00000001,0x00000001,0x8000000200006600,0x8000000a00007e00,0x800000000094112d,0x000000008000af80,0x00000000800000e4,0x0000000000000002,0x000000007c201073,0x0000000000000080,0x6000000000000000,0x00000000000000c0,0x4000b4c3,0x00000000800049f0,0x000000004000b4c3,0x0000000000f42c10,0x0000000000eb9e05,0x0000000000f42c10,0x0000000000eb9e05,0x000000000000035c,0x0000000000006c88,0x0000000000005ae0,0x00000000007316fd,0x000000000000639c,0x0000000000626eba,0x00000000000139a1,0x00000000003b7fd8,0x00000000000000c0,0x0000000000000040,0x00000489,0x8000000000000907,0x0000000007240701,0x03
1783640001473,b,0x0000000080005744,0x0000000080019060,0x000000008000f190,0x000000008000f1c0,0x0000000080007a7a,0x000000000000000f,0x00000000800191f0,0x00000000800190b0,0x0000000080019530,0x0000000080019310,0x00000000800191f0,0x0000000000000006,0x0000000000000006,0x00000000800190d0,0x0000000000000005,0x000000008000f201,0x3fce71d4f7fb86db,0x0000000000000006,0x000000008000f200,0x0000000000000001,0x0000000000000006,0x0000000000000038,0x0000000000000000,0xffffffffbb78c7e0,0x000000000077e9ec,0x3fedd0be6c7cae55,0x00000000800049fc,0x4152076dcf9c0ebf,0x4062d54463ae3779,0x4023c5b3ddadf076,0x40069fa256b32a2e,0x4003c0f259de1123,0x4152076dcf9c0ebf,0x414fe4c9cfc84b5e,0x4129fe6bfa5119ce,0x41520755b45d6388,0x0000000000000000,0x3fb85cd8e2c41cbc,0x3fb85cd8e2c41cbc,0x00000001,0x00000001,0x8000000200006600,0x8000000a00007e00,0x800000000094112d,0x000000008000af80,0x00000000800000e4,0x0000000000000002,0x000000007c201073,0x0000000000000080,0x6000000000000000,0x00000000000000c0,0x4000b4c3,0x00000000800049fc,0x000000004000b4c3,0x0000000000f570e1,0x0000000000ecdd77,0x0000000000f570e1,0x0000000000ecdd77,0x0000000000000362,0x0000000000006c8b,0x0000000000005b6c,0x000000000073b4dc,0x00000000000063ce,0x000000000062f991,0x0000000000013b35,0x00000000003bd22f,0x00000000000000c0,0x0000000000000040,0x00000489,0x8000000000000907,0x0000000007240701,0x03
1783640002907,b,0x00000000800056f8,0x0000000080019060,0x000000008000f190,0x000000008000f1c0,0x0000000080007a7a,0x000000000000000f,0x0000000080019430,0x00000000800190b0,0x0000000080019530,0x0000000080019548,0x000000008000f238,0x0000000000000006,0x0000000000000006,0x000000008000f238,0x000000008000f2a0,0x000000008000f201,0x3fd25a3326425de9,0x0000000000000006,0x000000008000f200,0x0000000000000001,0x0000000000000006,0x0000000000000038,0x0000000000000000,0xffffffffe40c0e6e,0x000000000045803b,0x3fedd0be6c6cd46a,0x00000000800049c6,0x4152076dcf9c0ebf,0x4062d54463ae3779,0x4023c5b3ddadf076,0x40069fa256b32a2e,0x4003c0f259de1123,0x4152076dcf9c0ebf,0x414fe4cdcd94af4f,0x4129fe6e209d4952,0x4152074fb037b4a2,0x0000000000000000,0x3fb85cd8e2c41caf,0x3fb85cd8e2c41caf,0x00000001,0x00000001,0x8000000200006600,0x8000000a00007e00,0x800000000094112d,0x000000008000af80,0x00000000800000e4,0x0000000000000002,0x000000007c201073,0x0000000000000080,0x6000000000000000,0x00000000000000c0,0x4000b4c3,0x00000000800049c6,0x000000004000b4c3,0x0000000000f693ef,0x0000000000edfb7b,0x0000000000f693ef,0x0000000000edfb7b,0x0000000000000365,0x0000000000006c8e,0x0000000000005bee,0x00000000007442fa,0x0000000000006400,0x0000000000637573,0x0000000000013cb3,0x00000000003c1ab3,0x00000000000000c0,0x0000000000000040,0x00000489,0x8000000000000907,0x0000000007240701,0x03
1783640004319,b,0x00000000800057ae,0x0000000080018d90,0x000000008000f190,0x000000008000f1c0,0x0000000080007a7a,0x0000000000000000,0x00000000800191f0,0x0000000080018de0,0x0000000080019530,0x0000000080018f50,0x000000008000f238,0x0000000000000006,0x0000000000000006,0x0000000080018df0,0x0000000000000000,0xfffffffff67aed7a,0x0000000043fd5d24,0x0000000000000006,0x000000008000f200,0x0000000000000001,0x0000000000000006,0x0000000000000038,0x0000000000000000,0xfffffffff67a6978,0x000000000055dc95,0x3fedd0be6c6cd46a,0x0000000080004988,0x4152076dcf9c0ebf,0x4062d54463ae3779,0x4023c5b3ddadf076,0x40069fa256b32a2e,0x4003c0f259de1123,0x4152076dcf9c0ebf,0x4025772550ff5749,0x4129fe6e209d4952,0x4152074fb037b4a2,0x8000000000000000,0x0000000000000000,0x0000000000000000,0x00000001,0x00000001,0x8000000200006600,0x8000000a00007e00,0x800000000094112d,0x000000008000af80,0x00000000800000e4,0x0000000000000002,0x000000007c201073,0x0000000000000080,0x6000000000000000,0x00000000000000c0,0x4000b4c3,0x0000000080004988,0x000000004000b4c3,0x0000000000f799a1,0x0000000000ef01f8,0x0000000000f799a1,0x0000000000ef01f8,0x0000000000000367,0x0000000000006c91,0x0000000000005c1b,0x000000000074c112,0x000000000000641d,0x000000000063e708,0x0000000000013df8,0x00000000003c6351,0x00000000000000c0,0x0000000000000040,0x00000489,0x8000000000000907,0x0000000007240701,0x03
1783640005936,b,0x0000000080005820,0x0000000080018ed0,0x000000008000f190,0x000000008000f1c0,0x0000000080007a7a,0x000000000000000f,0x00000000800191f0,0x0000000080018f20,0x0000000080019530,0x000000008000f238,0x0000000080019310,0x0000000000000006,0x0000000000000006,0x0000000000000005,0x0000000000000003,0x000000008000f201,0x3fba31b7b918ea9c,0x0000000000000006,0x000000008000f200,0x0000000000000001,0x0000000000000006,0x0000000000000038,0x0000000000000000,0xffffffffee506780,0x0000000000782a6e,0x3fedd0be6c600a3c,0x00000000800049d6,0x4152076dcf9c0ebf,0x4062d54463ae3779,0x4023c5b3ddadf076,0x40069fa256b32a2e,0x4003c0f259de1123,0x4152076dcf9c0ebf,0x414fe4cbf4fdf3b6,0x4129fe7a2cb295ea,0x4152075af3212d77,0x0000000000000000,0x0000000000000000,0x0000000000000000,0x00000001,0x00000001,0x8000000200006600,0x8000000a00007e00,0x800000000094112d,0x000000008000af80,0x00000000800000e4,0x0000000000000002,0x000000007c201073,0x0000000000000080,0x6000000000000000,0x00000000000000c0,0x4000b4c3,0x00000000800049d6,0x000000004000b4c3,0x0000000000f8954c,0x0000000000eff798,0x0000000000f8954c,0x0000000000eff798,0x000000000000036a,0x0000000000006c94,0x0000000000005c65,0x00000000007539e1,0x000000000000643e,0x0000000000645539,0x0000000000013ef5,0x00000000003ca42d,0x00000000000000c0,0x0000000000000040,0x00000489,0x8000000000000907,0x0000000007240701,0x03
1783640007488,b,0x00000000800056f8,0x0000000080019060,0x000000008000f190,0x000000008000f1c0,0x0000000080007a7a,0x000000000000000f,0x0000000080019430,0x00000000800190b0,0x0000000080019530,0x0000000080019548,0x000000008000f238,0x0000000000000006,0x0000000000000006,0x0000000080019310,0x0000000080019400,0x000000008000f201,0x3fd719f482be5542,0x0000000000000006,0x000000008000f200,0x0000000000000001,0x0000000000000006,0x0000000000000038,0x0000000000000000,0x00000000249d1f80,0x0000000000500c37,0x3fedd0be6c55ec5e,0x00000000800049f0,0x4152076dcf9c0ebf,0x4062d54463ae3779,0x4023c5b3ddadf076,0x40069fa256b32a2e,0x4003c0f259de1123,0x4152076dcf9c0ebf,0x414fe4cb3be0ded3,0x4129fe71b1de69ad,0x41520753dc95182b,0x0000000000000000,0x0000000000000000,0x0000000000000000,0x00000001,0x00000001,0x8000000200006600,0x8000000a00007e00,0x800000000094112d,0x000000008000af80,0x00000000800000e4,0x0000000000000002,0x000000007c201073,0x0000000000000080,0x6000000000000000,0x00000000000000c0,0x4000b4c3,0x00000000800049f0,0x000000004000b4c3,0x0000000000f9a243,0x0000000000f0ff52,0x0000000000f9a243,0x0000000000f0ff52,0x000000000000036d,0x0000000000006c97,0x0000000000005cdd,0x000000000075bd8b,0x000000000000646c,0x000000000064c73a,0x0000000000014056,0x00000000003ce672,0x00000000000000c0,0x0000000000000040,0x00000489,0x8000000000000907,0x0000000007240701,0x03
1783640009008,b,0x0000000080006260,0x0000000080019230,0x000000008000f190,0x000000008000f1c0,0x402a6014522ce13a,0x0000000000000000,0x0000000000000000,0x0000000080019440,0x0000000080019530,0x0000000080019698,0x00000000800194a0,0x000000008000f238,0x00000000800003f0,0x0000000000000001,0x0000000000000002,0xffffffffc3ccebfd,0x00000000480638fc,0x0000000000000006,0x000000008000f200,0x0000000000000001,0x0000000000000006,0x0000000000000038,0x0000000000000000,0xffffffffc3c063f8,0x00000000004c6b12,0x3fedd0be6c4e1ac5,0x0000000080005ccc,0x4152076dcf9c0ebf,0x4062d54463ae3779,0x4023c5b3ddadf076,0x40069fa256b32a2e,0x4003c0f259de1123,0x4152076dcf9c0ebf,0x40131ac492018e3f,0x4129fe71b1de69ad,0x41520753dc95182b,0x01a56e1fc2f8f359,0x3fdcf46da09c9a13,0x0000000000000000,0x00000001,0x00000001,0x8000000200006600,0x8000000a00007e00,0x800000000094112d,0x000000008000af80,0x00000000800000e4,0x0000000000000002,0x000000007c201073,0x0000000000000080,0x6000000000000000,0x00000000000000c0,0x4000b4c3,0x0000000080005ccc,0x000000004000b4c3,0x0000000000fad350,0x0000000000f22dec,0x0000000000fad350,0x0000000000f22dec,0x000000000000036f,0x0000000000006c9a,0x0000000000005d2f,0x00000000007651a4,0x000000000000648f,0x0000000000654aa4,0x00000000000141c8,0x00000000003d36ec,0x00000000000000c0,0x0000000000000040,0x00000489,0x8000000000000907,0x0000000007240701,0x03
1783640010592,b,0x000000008000589c,0x0000000080018ed0,0x000000008000f190,0x000000008000f1c0,0x0000000080007a7a,0x0000000000000000,0x00000000800191f0,0x0000000080018f20,0x0000000080019530,0x0000000080019280,0x0000000080019118,0x0000000000000006,0x0000000000000003,0x0000000000000001,0x000000000000000d,0x0000000077adb7ba,0x0000000043f76a6c,0x0000000000000006,0x000000008000f200,0x0000000000000001,0x0000000000000006,0x0000000000000038,0x0000000000000000,0x0000000077ad3138,0x000000000055dc95,0x3fedd0be6c4e1ac5,0x00000000800049e2,0x4152076dcf9c0ebf,0x4062d54463ae3779,0x4023c5b3ddadf076,0x40069fa256b32a2e,0x4003c0f259de1123,0x4152076dcf9c0ebf,0x4025772550fdda9b,0x4129fe81b318fc50,0x41520752dc8ce704,0x0000000000000000,0x0000000000000000,0x0000000000000000,0x00000001,0x00000001,0x8000000200006600,0x8000000a00007e00,0x800000000094112d,0x000000008000af80,0x00000000800000e4,0x0000000000000002,0x000000007c201073,0x0000000000000080,0x6000000000000000,0x00000000000000c0,0x4000b4c3,0x00000000800049e2,0x000000004000b4c3,0x0000000000fbcb00,0x0000000000f32347,0x0000000000fbcb00,0x0000000000f32347,0x0000000000000373,0x0000000000006c9d,0x0000000000005d87,0x000000000076c9ed,0x00000000000064b8,0x000000000065b434,0x00000000000142f6,0x00000000003d7784,0x00000000000000c0,0x0000000000000040,0x00000489,0x8000000000000907,0x0000000007240701,0x03
1783640012151,b,0x0000000080005820,0x0000000080018ed0,0x000000008000f190,0x000000008000f1c0,0x0000000080007a7a,0x000000000000000f,0x00000000800191f0,0x0000000080018f20,0x0000000080019530,0x000000008000f238,0x0000000080019310,0x0000000000000006,0x0000000000000006,0x0000000000000000,0x000000000000000f,0x000000008000f201,0x3fcec52b28e6b2ff,0x0000000000000006,0x000000008000f200,0x0000000000000001,0x0000000000000006,0x0000000000000038,0x0000000000000000,0x00000000013914e0,0x00000000005b390d,0x3fedd0be6c483ae9,0x00000000800049be,0x4152076dcf9c0ebf,0x4062d54463ae3779,0x4023c5b3ddadf076,0x40069fa256b32a2e,0x4003c0f259de1123,0x4152076dcf9c0ebf,0x414fe4ca483126e9,0x4129fe64b5f6fd22,0x41520753d1ba5e35,0x3fc2c1cc2c49bb64,0x0000000000000000,0x0000000000000000,0x00000001,0x00000001,0x8000000200006600,0x8000000a00007e00,0x800000000094112d,0x000000008000af80,0x00000000800000e4,0x0000000000000002,0x000000007c201073,0x0000000000000080,0x6000000000000000,0x00000000000000c0,0x4000b4c3,0x00000000800049be,0x000000004000b4c3,0x0000000000fcf4d7,0x0000000000f44754,0x0000000000fcf4d7,0x0000000000f44754,0x0000000000000376,0x0000000000006ca0,0x0000000000005dd6,0x000000000077584f,0x00000000000064e0,0x00000000006636fa,0x000000000001443f,0x00000000003dc549,0x00000000000000c0,0x0000000000000040,0x00000489,0x8000000000000907,0x0000000007240701,0x03
1783640013574,b,0x0000000080005744,0x0000000080019060,0x000000008000f190,0x000000008000f1c0,0x0000000080007a7a,0x000000000000000f,0x00000000800191f0,0x00000000800190b0,0x0000000080019530,0x0000000080019310,0x00000000800191f0,0x0000000000000006,0x0000000000000006,0x0000000000000005,0x000000000000000b,0x000000008000f201,0x3fca6ee19268397e,0x0000000000000006,0x000000008000f200,0x0000000000000001,0x0000000000000006,0x0000000000000038,0x0000000000000000,0xffffffffd51dcbae,0x000000000040f0f7,0x3fedd0be6c43f94b,0x000000008000497a,0x4152076dcf9c0ebf,0x4062d54463ae3779,0x4023c5b3ddadf076,0x40069fa256b32a2e,0x4003c0f259de1123,0x4152076dcf9c0ebf,0x414fe4c93c504817,0x4129fe741367a0f9,0x415207539b886595,0x0000000000000000,0x0000000000000000,0x0000000000000000,0x00000001,0x00000001,0x8000000200006600,0x8000000a00007e00,0x800000000094112d,0x000000008000af80,0x00000000800000e4,0x0000000000000002,0x000000007c201073,0x0000000000000080,0x6000000000000000,0x00000000000000c0,0x4000b4c3,0x000000008000497a,0x000000004000b4c3,0x0000000000fe22e8,0x0000000000f57124,0x0000000000fe22e8,0x0000000000f57124,0x000000000000037a,0x0000000000006ca3,0x0000000000005e49,0x000000000077ec16,0x0000000000006512,0x000000000066b75d,0x00000000000145c1,0x00000000003e10e3,0x00000000000000c0,0x0000000000000040,0x00000489,0x8000000000000907,0x0000000007240701,0x03
1783640015173,b,0x0000000080006260,0x0000000080019230,0x000000008000f190,0x000000008000f1c0,0x402a6014521bc7d6,0x0000000000000000,0x0000000000000000,0x0000000080019440,0x0000000080019530,0x0000000080019698,0x00000000800194a0,0x000000008000f238,0x00000000800003f0,0x00000000800194a0,0x00000000800194b0,0x0000000028fff77e,0x0000000012d86b14,0x0000000000000006,0x000000008000f200,0x0000000000000001,0x0000000000000006,0x0000000000000038,0x0000000000000000,0x0000000028bb2338,0x000000000050be96,0x3fedd0be6c410a4f,0x0000000080005cee,0x4152076dcf9c0ebf,0x4062d54463ae3779,0x4023c5b3ddadf076,0x40069fa256b32a2e,0x4003c0f259de1123,0x4152076dcf9c0ebf,0x40142fa584b61ac5,0x4129fe741367a0f9,0x415207539b886595,0x01a56e1fc2f8f359,0x0000000000000000,0x0000000000000000,0x00000001,0x00000001,0x8000000200006600,0x8000000a00007e00,0x800000000094112d,0x000000008000af80,0x00000000800000e4,0x0000000000000002,0x000000007c201073,0x0000000000000080,0x6000000000000000,0x00000000000000c0,0x4000b4c3,0x0000000080005cee,0x000000004000b4c3,0x0000000000ff373a,0x0000000000f6824f,0x0000000000ff373a,0x0000000000f6824f,0x000000000000037b,0x0000000000006ca6,0x0000000000005e95,0x00000000007872b5,0x0000000000006531,0x0000000000672e69,0x0000000000014717,0x00000000003e58f0,0x00000000000000c0,0x0000000000000040,0x00000489,0x8000000000000907,0x0000000007240701,0x03
1783640016700,b,0x00000000800057ae,0x0000000080018d90,0x000000008000f190,0x000000008000f1c0,0x0000000080007a7a,0x0000000000000000,0x00000000800191f0,0x0000000080018de0,0x0000000080019530,0x0000000080018f50,0x000000008000f238,0x0000000000000006,0x0000000000000006,0x0000000080018df0,0x0000000080018ea8,0x000000005aefaf9e,0x0000000043f3ec4e,0x0000000000000006,0x000000008000f200,0x0000000000000001,0x0000000000000006,0x0000000000000038,0x0000000000000000,0x000000005ae60c1e,0x000000000055dc95,0x3fedd0be6c410a4f,0x00000000800049f0,0x4152076dcf9c0ebf,0x4062d54463ae3779,0x4023c5b3ddadf076,0x40069fa256b32a2e,0x4003c0f259de1123,0x4152076dcf9c0ebf,0x4025772550fcfb14,0x4129fe7cb65fd8ae,0x4152075733573eab,0xbf9287f43dd4dd76,0x0000000000000000,0x0000000000000000,0x00000001,0x00000001,0x8000000200006600,0x8000000a00007e00,0x800000000094112d,0x000000008000af80,0x00000000800000e4,0x0000000000000002,0x000000007c201073,0x0000000000000080,0x6000000000000000,0x00000000000000c0,0x4000b4c3,0x00000000800049f0,0x000000004000b4c3,0x0000000001007bca,0x0000000000f7c506,0x0000000001007bca,0x0000000000f7c506,0x000000000000037d,0x0000000000006ca9,0x0000000000005eed,0x0000000000790ec8,0x0000000000006561,0x000000000067bad1,0x00000000000148a8,0x00000000003eb054,0x00000000000000c0,0x0000000000000040,0x00000489,0x8000000000000907,0x0000000007240701,0x03
1783640018032,b,0x00000000800058f2,0x0000000080018ed0,0x000000008000f190,0x000000008000f1c0,0x0000000080007a7a,0x0000000000000000,0x00000000800191f0,0x0000000080018f20,0x0000000080019530,0x00000000800193a0,0x00000000800194a0,0x0000000000000006,0x0000000000000003,0x0000000000000002,0x0000000000000006,0xffffffffe4cfb9de,0x0000000043f32c56,0x0000000000000006,0x000000008000f200,0x0000000000000001,0x0000000000000006,0x0000000000000038,0x0000000000000000,0xffffffffe487298e,0x000000000055dc95,0x3fedd0be6c3f2abd,0x00000000800049d6,0x4152076dcf9c0ebf,0x4062d54463ae3779,0x4023c5b3ddadf076,0x40069fa256b32a2e,0x4003c0f259de1123,0x4152076dcf9c0ebf,0x4025772550fccb16,0x4129fe727f141206,0x4152075597b2fec5,0x0000000000000000,0x0000000000000000,0x0000000000000000,0x00000001,0x00000001,0x8000000200006600,0x8000000a00007e00,0x800000000094112d,0x000000008000af80,0x00000000800000e4,0x0000000000000002,0x000000007c201073,0x0000000000000080,0x6000000000000000,0x00000000000000c0,0x4000b4c3,0x00000000800049d6,0x000000004000b4c3,0x000000000101b44d,0x0000000000f8f950,0x000000000101b44d,0x0000000000f8f950,0x0000000000000381,0x0000000000006cac,0x0000000000005f5b,0x000000000079a78a,0x0000000000006594,0x0000000000683fe1,0x0000000000014a2a,0x00000000003eff5c,0x00000000000000c0,0x0000000000000040,0x00000489,0x8000000000000907,0x0000000007240701,0x03
1783640019630,b,0x0000000080005820,0x0000000080018ed0,0x000000008000f190,0x000000008000f1c0,0x0000000080007a7a,0x000000000000000f,0x00000000800191f0,0x0000000080018f20,0x0000000080019530,0x000000008000f238,0x0000000080019310,0x0000000000000006,0x0000000000000006,0x0000000000000003,0x0000000000000012,0x000000008000f201,0x3fd276d6fe92a366,0x0000000000000006,0x000000008000f200,0x0000000000000001,0x0000000000000006,0x0000000000000038,0x0000000000000000,0xfffffffff18bbc7e,0x00000000007289d5,0x3fedd0be6c3e1fcc,0x0000000080004992,0x4152076dcf9c0ebf,0x4062d54463ae3779,0x4023c5b3ddadf076,0x40069fa256b32a2e,0x4003c0f259de1123,0x4152076dcf9c0ebf,0x414fe4c9afd21ff3,0x4129fe737886594b,0x415207563e4f7660,0x0000000000000000,0x0000000000000000,0x0000000000000000,0x00000001,0x00000001,0x8000000200006600,0x8000000a00007e00,0x800000000094112d,0x000000008000af80,0x00000000800000e4,0x0000000000000002,0x000000007c201073,0x0000000000000080,0x6000000000000000,0x00000000000000c0,0x4000b4c3,0x0000000080004992,0x000000004000b4c3,0x000000000102c084,0x0000000000f9ff8b,0x000000000102c084,0x0000000000f9ff8b,0x0000000000000384,0x0000000000006caf,0x0000000000005faf,0x00000000007a2827,0x00000000000065b8,0x000000000068b528,0x0000000000014b47,0x00000000003f448a,0x00000000000000c0,0x0000000000000040,0x00000489,0x8000000000000907,0x0000000007240701,0x03
1783640021198,b,0x0000000080005744,0x0000000080019060,0x000000008000f190,0x000000008000f1c0,0x0000000080007a7a,0x000000000000000f,0x00000000800191f0,0x00000000800190b0,0x0000000080019530,0x0000000080019310,0x00000000800191f0,0x0000000000000006,0x0000000000000006,0x00000000800191f0,0x0000000080019200,0x000000008000f201,0x3fd51e5567f11948,0x0000000000000006,0x000000008000f200,0x0000000000000001,0x0000000000000006,0x0000000000000038,0x0000000000000000,0xffffffffc74fee7e,0x00000000006261a9,0x3fedd0be6c3db6ea,0x00000000800049c6,0x4152076dcf9c0ebf,0x4062d54463ae3779,0x4023c5b3ddadf076,0x40069fa256b32a2e,0x4003c0f259de1123,0x4152076dcf9c0ebf,0x414fe4cadf972474,0x4129fe6de4ea4a8c,0x41520758b779a6b5,0x3fdcf46da09c99ee,0x0000000000000000,0x0000000000000000,0x00000001,0x00000001,0x8000000200006600,0x8000000a00007e00,0x800000000094112d,0x000000008000af80,0x00000000800000e4,0x0000000000000002,0x000000007c201073,0x0000000000000080,0x6000000000000000,0x00000000000000c0,0x4000b4c3,0x00000000800049c6,0x000000004000b4c3,0x000000000103f2f7,0x0000000000fb2de1,0x000000000103f2f7,0x0000000000fb2de1,0x0000000000000388,0x0000000000006cb2,0x0000000000006015,0x00000000007abe0d,0x00000000000065ea,0x00000000006937ad,0x0000000000014cce,0x00000000003f9188,0x00000000000000c0,0x0000000000000040,0x00000489,0x8000000000000907,0x0000000007240701,0x03
1783640022705,b,0x0000000080006260,0x0000000080019230,0x000000008000f190,0x000000008000f1c0,0x402a60145210bf8d,0x0000000000000000,0x0000000000000000,0x0000000080019440,0x0000000080019530,0x0000000080019698,0x00000000800194a0,0x000000008000f238,0x00000000800003f0,0x0000000000000002,0x000000000000000c,0x00000000037f77ff,0x0000000018ff3c82,0x0000000000000006,0x000000008000f200,0x0000000000000001,0x0000000000000006,0x0000000000000038,0x0000000000000000,0x00000000035b66fe,0x0000000000711255,0x3fedd0be6c3dc559,0x0000000080005bc4,0x4152076dcf9c0ebf,0x4062d54463ae3779,0x4023c5b3ddadf076,0x40069fa256b32a2e,0x4003c0f259de1123,0x4152076dcf9c0ebf,0x402c4495463fcf21,0x4129fe6de4ea4a8c,0x41520758b779a6b5,0x01a56e1fc2f8f359,0x0000000000000000,0x0000000000000000,0x00000001,0x00000001,0x8000000200006600,0x8000000a00007e00,0x800000000094112d,0x000000008000af80,0x00000000800000e4,0x0000000000000002,0x000000007c201073,0x0000000000000080,0x6000000000000000,0x00000000000000c0,0x4000b4c3,0x0000000080005bc4,0x000000004000b4c3,0x00000000010501ed,0x0000000000fc3aeb,0x00000000010501ed,0x0000000000fc3aeb,0x000000000000038a,0x0000000000006cb5,0x000000000000605a,0x00000000007b4192,0x0000000000006609,0x000000000069acce,0x0000000000014e1b,0x00000000003fd9d9,0x00000000000000c0,0x0000000000000040,0x00000489,0x8000000000000907,0x0000000007240701,0x03
1783640024250,b,0x00000000800057ae,0x0000000080018d90,0x000000008000f190,0x000000008000f1c0,0x0000000080007a7a,0x0000000000000000,0x00000000800191f0,0x0000000080018de0,0x0000000080019530,0x0000000080018f50,0x000000008000f238,0x0000000000000006,0x0000000000000006,0x0000000000000000,0x0000000000000006,0xffffffffc6ddedde,0x0000000043f1cbb6,0x0000000000000006,0x000000008000f200,0x0000000000000001,0x0000000000000006,0x0000000000000038,0x0000000000000000,0xffffffffc69ced4e,0x000000000055dc95,0x3fedd0be6c3dc559,0x00000000800049b0,0x4152076dcf9c0ebf,0x4062d54463ae3779,0x4023c5b3ddadf076,0x40069fa256b32a2e,0x4003c0f259de1123,0x4152076dcf9c0ebf,0x4025772550fc72ee,0x4129fe7503e425af,0x41520754dab851ec,0x8000000000000000,0x0000000000000000,0x0000000000000000,0x00000001,0x00000001,0x8000000200006600,0x8000000a00007e00,0x800000000094112d,0x000000008000af80,0x00000000800000e4,0x0000000000000002,0x000000007c201073,0x0000000000000080,0x6000000000000000,0x00000000000000c0,0x4000b4c3,0x00000000800049b0,0x000000004000b4c3,0x00000000010657c3,0x0000000000fd8dd4,0x00000000010657c3,0x0000000000fd8dd4,0x000000000000038c,0x0000000000006cb8,0x00000000000060b3,0x00000000007be656,0x0000000000006639,0x00000000006a410d,0x0000000000014fbe,0x00000000004034b0,0x00000000000000c0,0x0000000000000040,0x00000489,0x8000000000000907,0x0000000007240701,0x03
1783640025747,b,0x00000000800058f2,0x0000000080018ed0,0x000000008000f190,0x000000008000f1c0,0x0000000080007a7a,0x0000000000000000,0x00000000800191f0,0x0000000080018f20,0x0000000080019530,0x00000000800193a0,0x00000000800194a0,0x0000000000000006,0x0000000000000003,0x0000000080018f50,0x0000000000000001,0xffffffffdeff6ba6,0x0000000043f18d30,0x0000000000000006,0x000000008000f200,0x0000000000000001,0x0000000000000006,0x0000000000000038,0x0000000000000000,0xffffffffdee10b80,0x000000000055dc95,0x3fedd0be6c3e2798,0x00000000800049f8,0x4152076dcf9c0ebf,0x4062d54463ae3779,0x4023c5b3ddadf076,0x40069fa256b32a2e,0x4003c0f259de1123,0x4152076dcf9c0ebf,0x4025772550fc634c,0x4129fe6164f765fe,0x41520759d2c08312,0x3f9287f43dd4dd4a,0x0000000000000000,0x0000000000000000,0x00000001,0x00000001,0x8000000200006600,0x8000000a00007e00,0x800000000094112d,0x000000008000af80,0x00000000800000e4,0x0000000000000002,0x000000007c201073,0x0000000000000080,0x6000000000000000,0x00000000000000c0,0x4000b4c3,0x00000000800049f8,0x000000004000b4c3,0x0000000001078527,0x0000000000feb6ac,0x0000000001078527,0x0000000000feb6ac,0x0000000000000390,0x0000000000006cbb,0x0000000000006127,0x00000000007c79b5,0x000000000000666c,0x00000000006ac0f0,0x0000000000015134,0x0000000000408044,0x00000000000000c0,0x0000000000000040,0x00000489,0x8000000000000907,0x0000000007240701,0x03
1783640027353,b,0x000000008000575e,0x0000000080019070,0x000000008000f190,0x000000008000f1c0,0x0000000080007a7a,0x000000000000000f,0x00000000800191f0,0x00000000800190b0,0x0000000080019530,0x00000000800190d0,0x00000000800002d0,0x000000008000f238,0x0000000000000006,0x0000000000000000,0x000000000000001e,0x000000008000f201,0x3fe1ffb1c7eb2317,0x0000000000000006,0x000000008000f200,0x0000000000000001,0x0000000000000006,0x0000000000000038,0x0000000000000000,0xffffffffebcd5e00,0x0000000000431c16,0x3fedd0be6c3ec0b8,0x0000000080004c34,0x4152076dcf9c0ebf,0x4062d54463ae3779,0x4023c5b3ddadf076,0x40069fa256b32a2e,0x4003c0f259de1123,0x4152076dcf9c0ebf,0x414fe4c87542c3ca,0x4129fe6f1eab367a,0x415207587f089a02,0x3fc17a1e17d134e4,0x0000000000000000,0x3ff12c1dda61350c,0x00000001,0x00000001,0x8000000200006600,0x8000000a00007e00,0x800000000094112d,0x000000008000af80,0x00000000800000e4,0x0000000000000002,0x000000007c201073,0x0000000000000080,0x6000000000000000,0x00000000000000c0,0x4000b4c3,0x0000000080004c34,0x000000004000b4c3,0x00000000010883be,0x0000000000ffaee2,0x00000000010883be,0x0000000000ffaee2,0x0000000000000395,0x0000000000006cbe,0x0000000000006178,0x00000000007cf380,0x000000000000668d,0x00000000006b3043,0x0000000000015241,0x000000000040c1b2,0x00000000000000c0,0x0000000000000040,0x00000489,0x8000000000000907,0x0000000007240701,0x03
1783640028913,b,0x00000000800056f8,0x0000000080019060,0x000000008000f190,0x000000008000f1c0,0x0000000080007a7a,0x000000000000000f,0x0000000080019430,0x00000000800190b0,0x0000000080019530,0x0000000080019548,0x000000008000f238,0x0000000000000006,0x0000000000000006,0x0000000000000004,0x0000000000000016,0x000000008000f201,0x3fe454b754d8c7d9,0x0000000000000006,0x000000008000f200,0x0000000000000001,0x0000000000000006,0x0000000000000038,0x0000000000000000,0x00000000741c0fee,0x000000000051b408,0x3fedd0be6c3f79a7,0x00000000800049be,0x4152076dcf9c0ebf,0x4062d54463ae3779,0x4023c5b3ddadf076,0x40069fa256b32a2e,0x4003c0f259de1123,0x4152076dcf9c0ebf,0x414fe4c4aa9930be,0x4129fe6daccccccd,0x41520755c82a9931,0x3ff0000000000000,0x0000000000000000,0x0000000000000000,0x00000001,0x00000001,0x8000000200006600,0x8000000a00007e00,0x800000000094112d,0x000000008000af80,0x00000000800000e4,0x0000000000000002,0x000000007c201073,0x0000000000000080,0x6000000000000000,0x00000000000000c0,0x4000b4c3,0x00000000800049be,0x000000004000b4c3,0x000000000109a238,0x000000000100c88b,0x000000000109a238,0x000000000100c88b,0x000000000000039a,0x0000000000006cc1,0x00000000000061e8,0x00000000007d7f9f,0x00000000000066be,0x00000000006ba9f9,0x00000000000153b8,0x00000000004108f3,0x00000000000000c0,0x0000000000000040,0x00000489,0x8000000000000907,0x0000000007240701,0x03
1783640030487,b,0x0000000080006260,0x0000000080019230,0x000000008000f190,0x000000008000f1c0,0x402a6014520d44b7,0x0000000000000000,0x0000000000000000,0x0000000080019440,0x0000000080019530,0x0000000080019698,0x00000000800194a0,0x000000008000f238,0x00000000800003f0,0x000000008000f238,0x000000008000f2e0,0xffffffff9187e3fa,0xffffffffcc7e4d5c,0x0000000000000006,0x000000008000f200,0x0000000000000001,0x0000000000000006,0x0000000000000038,0x0000000000000000,0xffffffff9107c378,0x000000000044223c,0x3fedd0be6c404079,0x0000000080005c06,0x4152076dcf9c0ebf,0x4062d54463ae3779,0x4023c5b3ddadf076,0x40069fa256b32a2e,0x4003c0f259de1123,0x4152076dcf9c0ebf,0x4021088f331f9357,0x4129fe6daccccccd,0x41520755c82a9931,0x01a56e1fc2f8f359,0x0000000000000000,0x0000000000000000,0x00000001,0x00000001,0x8000000200006600,0x8000000a00007e00,0x800000000094112d,0x000000008000af80,0x00000000800000e4,0x0000000000000002,0x000000007c201073,0x0000000000000080,0x6000000000000000,0x00000000000000c0,0x4000b4c3,0x0000000080005c06,0x000000004000b4c3,0x00000000010acd78,0x000000000101f2d9,0x00000000010acd78,0x000000000101f2d9,0x000000000000039d,0x0000000000006cc4,0x0000000000006247,0x00000000007e0fd8,0x00000000000066e1,0x00000000006c2b22,0x0000000000015520,0x0000000000415abc,0x00000000000000c0,0x0000000000000040,0x00000489,0x8000000000000907,0x0000000007240701,0x03
1783640032125,b,0x00000000800057ae,0x0000000080018d90,0x000000008000f190,0x000000008000f1c0,0x0000000080007a7a,0x0000000000000000,0x00000000800191f0,0x0000000080018de0,0x0000000080019530,0x0000000080018f50,0x000000008000f238,0x0000000000000006,0x0000000000000006,0x0000000000000000,0x0000000000000006,0x000000004e78bf3b,0x0000000043f13594,0x0000000000000006,0x000000008000f200,0x0000000000000001,0x0000000000000006,0x0000000000000038,0x0000000000000000,0x000000004e10b138,0x000000000055dc95,0x3fedd0be6c404079,0x000000008000498e,0x4152076dcf9c0ebf,0x4062d54463ae3779,0x4023c5b3ddadf076,0x40069fa256b32a2e,0x4003c0f259de1123,0x4152076dcf9c0ebf,0x4025772550fc4d65,0x4129fe69a29c779a,0x41520755040b7803,0x8000000000000000,0x0000000000000000,0x0000000000000000,0x00000001,0x00000001,0x8000000200006600,0x8000000a00007e00,0x800000000094112d,0x000000008000af80,0x00000000800000e4,0x0000000000000002,0x000000007c201073,0x0000000000000080,0x6000000000000000,0x00000000000000c0,0x4000b4c3,0x000000008000498e,0x000000004000b4c3,0x00000000010c0bc9,0x0000000001032d42,0x00000000010c0bc9,0x0000000001032d42,0x00000000000003a0,0x0000000000006cc7,0x00000000000062a2,0x00000000007eaa15,0x0000000000006711,0x00000000006cb404,0x00000000000156b3,0x000000000041ac9e,0x00000000000000c0,0x0000000000000040,0x00000489,0x8000000000000907,0x0000000007240701,0x03
1783640033732,b,0x0000000080009fc2,0x0000000080018dc0,0x000000008000f190,0x000000008000f1c0,0x0000000080007a7a,0x0000000000000200,0x00000000800191f0,0x0000000080018e40,0x0000000080018ef8,0x00000000005869e6,0x0000000036076e00,0x000000000027e704,0x0000000000000002,0x00000000002c34f3,0xffffffffb0665e00,0x000000006c0eda00,0x000000006c0edc00,0x0000000000000006,0x000000008000f200,0x0000000000000001,0x0000000000000006,0x0000000000000038,0x000000000000000a,0x000000006c0eda00,0x00000000005869e6,0x3fedd0be6c4107ab,0x000000008000a11e,0x4152076dcf9c0ebf,0x4062d54463ae3779,0x4023c5b3ddadf076,0x40069fa256b32a2e,0x4003c0f259de1123,0x403e88fa391e4308,0x403e88fa391e4308,0x4129fe646a4a8c15,0x41520755d3e425af,0x3ff12c1dda6272dd,0x0000000000000000,0x403e88fa391e4308,0x00000001,0x00000001,0x8000000200006600,0x8000000a00007e00,0x800000000094112d,0x000000008000af80,0x00000000800000e4,0x0000000000000002,0x000000007c201073,0x0000000000000080,0x6000000000000000,0x00000000000000c0,0x4000b4c3,0x000000008000a11e,0x000000004000b4c3,0x00000000010d3359,0x0000000001044ee5,0x00000000010d3359,0x0000000001044ee5,0x00000000000003a3,0x0000000000006cca,0x00000000000062fc,0x00000000007f3869,0x0000000000006736,0x00000000006d34fb,0x00000000000157e4,0x000000000041f993,0x00000000000000c0,0x0000000000000040,0x00000489,0x8000000000000907,0x0000000007240701,0x03
1783640035349,b,0x0000000080005744,0x0000000080019060,0x000000008000f190,0x000000008000f1c0,0x0000000080007a7a,0x000000000000000f,0x00000000800191f0,0x00000000800190b0,0x0000000080019530,0x0000000080019310,0x00000000800191f0,0x0000000000000006,0x0000000000000006,0x0000000000000001,0x0000000000000006,0x000000008000f201,0x3fdedd54271face7,0x0000000000000006,0x000000008000f200,0x0000000000000001,0x0000000000000006,0x0000000000000038,0x0000000000000000,0xffffffffa9448780,0x00000000004eeb55,0x3fedd0be6c41c575,0x0000000080004998,0x4152076dcf9c0ebf,0x4062d54463ae3779,0x4023c5b3ddadf076,0x40069fa256b32a2e,0x4003c0f259de1123,0x4152076dcf9c0ebf,0x414fe4c833a29c78,0x4129fe6ba7d566cf,0x415207542adc5d64,0x3fdcf46da09c999c,0x0000000000000000,0x0000000000000000,0x00000001,0x00000001,0x8000000200006600,0x8000000a00007e00,0x800000000094112d,0x000000008000af80,0x00000000800000e4,0x0000000000000002,0x000000007c201073,0x0000000000000080,0x6000000000000000,0x00000000000000c0,0x4000b4c3,0x0000000080004998,0x000000004000b4c3,0x00000000010e2be7,0x000000000105422b,0x00000000010e2be7,0x000000000105422b,0x00000000000003a7,0x0000000000006ccd,0x0000000000006378,0x00000000007fb1b1,0x0000000000006764,0x00000000006d9e00,0x000000000001592b,0x00000000004235e8,0x00000000000000c0,0x0000000000000040,0x00000489,0x8000000000000907,0x0000000007240701,0x03
1783640036834,b,0x0000000080006260,0x0000000080019230,0x000000008000f190,0x000000008000f1c0,0x402a6014520ce007,0x0000000000000000,0x0000000000000000,0x0000000080019440,0x0000000080019530,0x0000000080019698,0x00000000800194a0,0x000000008000f238,0x00000000800003f0,0x000000008000f238,0x000000008000f240,0x0000000072fff7ff,0x000000004cb33b4c,0x0000000000000006,0x000000008000f200,0x0000000000000001,0x0000000000000006,0x0000000000000038,0x0000000000000000,0x0000000072fdf0b8,0x00000000005a7cd2,0x3fedd0be6c42732b,0x0000000080005bfc,0x4152076dcf9c0ebf,0x4062d54463ae3779,0x4023c5b3ddadf076,0x40069fa256b32a2e,0x4003c0f259de1123,0x4152076dcf9c0ebf,0x40269f34932cced3,0x4129fe6ba7d566cf,0x415207542adc5d64,0x01a56e1fc2f8f359,0x0000000000000000,0x0000000000000000,0x00000001,0x00000001,0x8000000200006600,0x8000000a00007e00,0x800000000094112d,0x000000008000af80,0x00000000800000e4,0x0000000000000002,0x000000007c201073,0x0000000000000080,0x6000000000000000,0x00000000000000c0,0x4000b4c3,0x0000000080005bfc,0x000000004000b4c3,0x00000000010f3a61,0x0000000001064e2e,0x00000000010f3a61,0x0000000001064e2e,0x00000000000003aa,0x0000000000006cd0,0x00000000000063c8,0x00000000008034dc,0x0000000000006783,0x00000000006e1296,0x0000000000015a78,0x0000000000427dd2,0x00000000000000c0,0x0000000000000040,0x00000489,0x8000000000000907,0x0000000007240701,0x03
1783640038276,b,0x00000000800057ae,0x0000000080018d90,0x000000008000f190,0x000000008000f1c0,0x0000000080007a7a,0x0000000000000000,0x00000000800191f0,0x0000000080018de0,0x0000000080019530,0x0000000080018f50,0x000000008000f238,0x0000000000000006,0x0000000000000006,0x0000000000000005,0x0000000000000006,0xffffffffc779b77e,0x0000000043f13042,0x0000000000000006,0x000000008000f200,0x0000000000000001,0x0000000000000006,0x0000000000000038,0x0000000000000000,0xffffffffc751977e,0x000000000055dc95,0x3fedd0be6c42732b,0x000000008000498e,0x4152076dcf9c0ebf,0x4062d54463ae3779,0x4023c5b3ddadf076,0x40069fa256b32a2e,0x4003c0f259de1123,0x4152076dcf9c0ebf,0x4025772550fc4c11,0x4129fe63bfe5c91d,0x4152075c1d930be1,0x8000000000000000,0x0000000000000000,0x0000000000000000,0x00000001,0x00000001,0x8000000200006600,0x8000000a00007e00,0x800000000094112d,0x000000008000af80,0x00000000800000e4,0x0000000000000002,0x000000007c201073,0x0000000000000080,0x6000000000000000,0x00000000000000c0,0x4000b4c3,0x000000008000498e,0x000000004000b4c3,0x00000000011097fe,0x000000000107a8d0,0x00000000011097fe,0x000000000107a8d0,0x00000000000003ad,0x0000000000006cd3,0x000000000000641e,0x000000000080dd2f,0x00000000000067b3,0x00000000006eaa87,0x0000000000015c20,0x000000000042db19,0x00000000000000c0,0x0000000000000040,0x00000489,0x8000000000000907,0x0000000007240701,0x03
1783640039966,b,0x000000008000589c,0x0000000080018ed0,0x000000008000f190,0x000000008000f1c0,0x0000000080007a7a,0x0000000000000000,0x00000000800191f0,0x0000000080018f20,0x0000000080019530,0x0000000080019280,0x0000000080019118,0x0000000000000006,0x0000000000000003,0x0000000000000003,0x0000000000000002,0x00000000592b3e78,0x0000000043f13654,0x0000000000000006,0x000000008000f200,0x0000000000000001,0x0000000000000006,0x0000000000000038,0x0000000000000000,0x0000000059283a38,0x000000000055dc95,0x3fedd0be6c430ca6,0x0000000080004a12,0x4152076dcf9c0ebf,0x4062d54463ae3779,0x4023c5b3ddadf076,0x40069fa256b32a2e,0x4003c0f259de1123,0x4152076dcf9c0ebf,0x4025772550fc4d95,0x4129fe63910cb296,0x41520750e664c2f8,0x0000000000000000,0x0000000000000000,0x0000000000000000,0x00000001,0x00000001,0x8000000200006600,0x8000000a00007e00,0x800000000094112d,0x000000008000af80,0x00000000800000e4,0x0000000000000002,0x000000007c201073,0x0000000000000080,0x6000000000000000,0x00000000000000c0,0x4000b4c3,0x0000000080004a12,0x000000004000b4c3,0x000000000111ac8c,0x000000000108b8ce,0x000000000111ac8c,0x000000000108b8ce,0x00000000000003b0,0x0000000000006cd6,0x0000000000006495,0x000000000081651a,0x00000000000067e2,0x00000000006f1f72,0x0000000000015d6f,0x0000000000431f83,0x00000000000000c0,0x0000000000000040,0x00000489,0x8000000000000907,0x0000000007240701,0x03
1783640041547,b,0x0000000080005850,0x0000000080018ed0,0x000000008000f190,0x000000008000f1c0,0x0000000080007a7a,0x000000000000000f,0x00000000800191f0,0x0000000080018f20,0x0000000080019530,0x00000000800191f0,0x0000000080019310,0x0000000000000003,0x0000000000000006,0x00000000800191a8,0x0000000000000003,0x000000008000f201,0x3fd632c45e716e7c,0x0000000000000006,0x000000008000f200,0x0000000000000001,0x0000000000000006,0x0000000000000038,0x0000000000000000,0xffffffff93daff8e,0x000000000045db7e,0x3fedd0be6c438fbd,0x00000000800049f8,0x4152076dcf9c0ebf,0x4062d54463ae3779,0x4023c5b3ddadf076,0x40069fa256b32a2e,0x4003c0f259de1123,0x4152076dcf9c0ebf,0x414fe4c2df837b4a,0x4129fe7e0d9e83e4,0x41520757c386c227,0x0000000000000000,0x0000000000000000,0x0000000000000000,0x00000001,0x00000001,0x8000000200006600,0x8000000a00007e00,0x800000000094112d,0x000000008000af80,0x00000000800000e4,0x0000000000000002,0x000000007c201073,0x0000000000000080,0x6000000000000000,0x00000000000000c0,0x4000b4c3,0x00000000800049f8,0x000000004000b4c3,0x000000000112f90c,0x000000000109ff07,0x000000000112f90c,0x000000000109ff07,0x00000000000003b4,0x0000000000006cd9,0x00000000000064ed,0x0000000000820390,0x000000000000680c,0x00000000006fb20d,0x0000000000015ed9,0x0000000000437799,0x00000000000000c0,0x0000000000000040,0x00000489,0x8000000000000907,0x0000000007240701,0x03
1783640043114,b,0x0000000080005744,0x0000000080019060,0x000000008000f190,0x000000008000f1c0,0x0000000080007a7a,0x000000000000000f,0x00000000800191f0,0x00000000800190b0,0x0000000080019530,0x0000000080019310,0x00000000800191f0,0x0000000000000006,0x0000000000000006,0x0000000000000003,0x000000000000000c,0x000000008000f201,0x3fd8d18f308c79e4,0x0000000000000006,0x000000008000f200,0x0000000000000001,0x0000000000000006,0x0000000000000038,0x0000000000000000,0xffffffffa7b3639e,0x0000000000716728,0x3fedd0be6c43fbd4,0x00000000800049ba,0x4152076dcf9c0ebf,0x4062d54463ae3779,0x4023c5b3ddadf076,0x40069fa256b32a2e,0x4003c0f259de1123,0x4152076dcf9c0ebf,0x414fe4c1c676c8b4,0x4129fe6d883126e9,0x41520757812d7732,0x0000000000000000,0x0000000000000000,0x0000000000000000,0x00000001,0x00000001,0x8000000200006600,0x8000000a00007e00,0x800000000094112d,0x000000008000af80,0x00000000800000e4,0x0000000000000002,0x000000007c201073,0x0000000000000080,0x6000000000000000,0x00000000000000c0,0x4000b4c3,0x00000000800049ba,0x000000004000b4c3,0x00000000011402be,0x00000000010b0435,0x00000000011402be,0x00000000010b0435,0x00000000000003b8,0x0000000000006cdc,0x000000000000656b,0x00000000008285fd,0x000000000000683c,0x000000000070217f,0x000000000001603b,0x000000000043b83e,0x00000000000000c0,0x0000000000000040,0x00000489,0x8000000000000907,0x0000000007240701,0x03
1783640044786,b,0x00000000800056f8,0x0000000080019060,0x000000008000f190,0x000000008000f1c0,0x0000000080007a7a,0x000000000000000f,0x0000000080019430,0x00000000800190b0,0x0000000080019530,0x0000000080019548,0x000000008000f238,0x0000000000000006,0x0000000000000006,0x0000000000000006,0x0000000000000003,0x000000008000f201,0x3fda3e6f35aebdf5,0x0000000000000006,0x000000008000f200,0x0000000000000001,0x0000000000000006,0x0000000000000038,0x0000000000000000,0x000000005d5d236e,0x00000000005362db,0x3fedd0be6c445178,0x0000000080004a18,0x4152076dcf9c0ebf,0x4062d54463ae3779,0x4023c5b3ddadf076,0x40069fa256b32a2e,0x4003c0f259de1123,0x4152076dcf9c0ebf,0x414fe4c3c32ca57a,0x4129fe83c4a8c155,0x4152075d9322d0e5,0x0000000000000000,0x3fdcf46da09c9986,0x3fdcf46da09c9986,0x00000001,0x00000001,0x8000000200006600,0x8000000a00007e00,0x800000000094112d,0x000000008000af80,0x00000000800000e4,0x0000000000000002,0x000000007c201073,0x0000000000000080,0x6000000000000000,0x00000000000000c0,0x4000b4c3,0x0000000080004a18,0x000000004000b4c3,0x0000000001154d06,0x00000000010c498a,0x0000000001154d06,0x00000000010c498a,0x00000000000003bc,0x0000000000006cdf,0x00000000000065d3,0x00000000008326b3,0x000000000000686e,0x000000000070afa1,0x00000000000161d6,0x0000000000440cae,0x00000000000000c0,0x0000000000000040,0x00000489,0x8000000000000907,0x0000000007240701,0x03
1783640046423,b,0x0000000080006260,0x0000000080019230,0x000000008000f190,0x000000008000f1c0,0x402a6014520d66de,0x0000000000000000,0x0000000000000000,0x0000000080019440,0x0000000080019530,0x0000000080019698,0x00000000800194a0,0x000000008000f238,0x00000000800003f0,0x000000008000f238,0x000000008000f330,0xffffffff82b97de5,0xffffffffc1a83ca8,0x0000000000000006,0x000000008000f200,0x0000000000000001,0x0000000000000006,0x0000000000000038,0x0000000000000000,0xffffffff829068e0,0x000000000072b427,0x3fedd0be6c449209,0x0000000080005c0a,0x4152076dcf9c0ebf,0x4062d54463ae3779,0x4023c5b3ddadf076,0x40069fa256b32a2e,0x4003c0f259de1123,0x4152076dcf9c0ebf,0x403cad09f06a0f2a,0x4129fe83c4a8c155,0x4152075d9322d0e5,0x01a56e1fc2f8f359,0x3fdcf46da09c9984,0x3fdcf46da09c9984,0x00000001,0x00000001,0x8000000200006600,0x8000000a00007e00,0x800000000094112d,0x000000008000af80,0x00000000800000e4,0x0000000000000002,0x000000007c201073,0x0000000000000080,0x6000000000000000,0x00000000000000c0,0x4000b4c3,0x0000000080005c0a,0x000000004000b4c3,0x0000000001167819,0x00000000010d7467,0x0000000001167819,0x00000000010d7467,0x00000000000003be,0x0000000000006ce2,0x0000000000006622,0x000000000083b6f8,0x0000000000006891,0x00000000007130c4,0x000000000001633e,0x0000000000445eee,0x00000000000000c0,0x0000000000000040,0x00000489,0x8000000000000907,0x0000000007240701,0x03
1783640047978,b,0x00000000800058f2,0x0000000080018ed0,0x000000008000f190,0x000000008000f1c0,0x0000000080007a7a,0x0000000000000000,0x00000000800191f0,0x0000000080018f20,0x0000000080019530,0x00000000800193a0,0x00000000800194a0,0x0000000000000006,0x0000000000000003,0x0000000000000002,0x0000000000000003,0xffffffffe9f3f77f,0x0000000043f155e4,0x0000000000000006,0x000000008000f200,0x0000000000000001,0x0000000000000006,0x0000000000000038,0x0000000000000000,0xffffffffe9f36678,0x000000000055dc95,0x3fedd0be6c449209,0x000000008000498e,0x4152076dcf9c0ebf,0x4062d54463ae3779,0x4023c5b3ddadf076,0x40069fa256b32a2e,0x4003c0f259de1123,0x4152076dcf9c0ebf,0x4025772550fc5579,0x4129fe7b03afb7e9,0x4152075639b22d0e,0x0000000000000000,0x0000000000000000,0x0000000000000000,0x00000001,0x00000001,0x8000000200006600,0x8000000a00007e00,0x800000000094112d,0x000000008000af80,0x00000000800000e4,0x0000000000000002,0x000000007c201073,0x0000000000000080,0x6000000000000000,0x00000000000000c0,0x4000b4c3,0x000000008000498e,0x000000004000b4c3,0x00000000011798f2,0x00000000010e917e,0x00000000011798f2,0x00000000010e917e,0x00000000000003c0,0x0000000000006ce5,0x000000000000666a,0x00000000008443a3,0x00000000000068be,0x000000000071acc2,0x00000000000164a9,0x000000000044a84f,0x00000000000000c0,0x0000000000000040,0x00000489,0x8000000000000907,0x0000000007240701,0x03
1783640049483,b,0x000000008000583a,0x0000000080018ed0,0x000000008000f190,0x000000008000f1c0,0x0000000080007a7a,0x000000000000000f,0x00000000800191f0,0x0000000080018f20,0x0000000080019530,0x00000000800194a0,0x000000008000f238,0x0000000000000003,0x0000000000000006,0x0000000000000000,0x0000000000000012,0x000000008000f201,0x3fe29d2de467cd5a,0x0000000000000006,0x000000008000f200,0x0000000000000001,0x0000000000000006,0x0000000000000038,0x0000000000000000,0xffffffffbdd6aa4e,0x000000000061f8ae,0x3fedd0be6c44bf72,0x00000000800049bc,0x4152076dcf9c0ebf,0x4062d54463ae3779,0x4023c5b3ddadf076,0x40069fa256b32a2e,0x4003c0f259de1123,0x4152076dcf9c0ebf,0x414fe4be21b3d07d,0x4129fe714b439581,0x41520759c3367a10,0x0000000000000000,0x401623e8e4790c0b,0x401623e8e4790c0b,0x00000001,0x00000001,0x8000000200006600,0x8000000a00007e00,0x800000000094112d,0x000000008000af80,0x00000000800000e4,0x0000000000000002,0x000000007c201073,0x0000000000000080,0x6000000000000000,0x00000000000000c0,0x4000b4c3,0x00000000800049bc,0x000000004000b4c3,0x000000000118b16b,0x00000000010fa3a8,0x000000000118b16b,0x00000000010fa3a8,0x00000000000003c7,0x0000000000006ce9,0x00000000000066be,0x000000000084c9d7,0x00000000000068e3,0x000000000072279c,0x00000000000165d1,0x000000000044f11f,0x00000000000000c0,0x0000000000000040,0x00000489,0x8000000000000907,0x0000000007240701,0x03
1783640050791,b,0x0000000080005744,0x0000000080019060,0x000000008000f190,0x000000008000f1c0,0x0000000080007a7a,0x000000000000000f,0x00000000800191f0,0x00000000800190b0,0x0000000080019530,0x0000000080019310,0x00000000800191f0,0x0000000000000006,0x0000000000000006,0x0000000000000006,0x0000000000000006,0x000000008000f201,0x3fe4b611fd63eb6c,0x0000000000000006,0x000000008000f200,0x0000000000000001,0x0000000000000006,0x0000000000000038,0x0000000000000000,0xfffffffffe477ebe,0x00000000006842e6,0x3fedd0be6c44dbf3,0x0000000080004a48,0x4152076dcf9c0ebf,0x4062d54463ae3779,0x4023c5b3ddadf076,0x40069fa256b32a2e,0x4003c0f259de1123,0x4152076dcf9c0ebf,0x414fe4c2e29930be,0x4129fe682b0f27bb,0x4152075ac25119ce,0x3fc17a1e17d1d7f5,0x0000000000000000,0x3fc17a1e17d1d7f5,0x00000001,0x00000001,0x8000000200006600,0x8000000a00007e00,0x800000000094112d,0x000000008000af80,0x00000000800000e4,0x0000000000000002,0x000000007c201073,0x0000000000000080,0x6000000000000000,0x00000000000000c0,0x4000b4c3,0x0000000080004a48,0x000000004000b4c3,0x00000000011a0011,0x000000000110edc7,0x00000000011a0011,0x000000000110edc7,0x00000000000003cb,0x0000000000006cec,0x0000000000006731,0x0000000000856cc7,0x0000000000006914,0x000000000072b76d,0x0000000000016769,0x00000000004546b4,0x00000000000000c0,0x0000000000000040,0x00000489,0x8000000000000907,0x0000000007240701,0x03
1783640052060,b,0x00000000800056f8,0x0000000080019060,0x000000008000f190,0x000000008000f1c0,0x0000000080007a7a,0x000000000000000f,0x0000000080019430,0x00000000800190b0,0x0000000080019530,0x0000000080019548,0x000000008000f238,0x0000000000000006,0x0000000000000006,0x0000000000000002,0x000000000000000c,0x000000008000f201,0x3fe786ff80d44ea5,0x0000000000000006,0x000000008000f200,0x0000000000000001,0x0000000000000006,0x0000000000000038,0x0000000000000000,0xfffffffffcd0702e,0x0000000000792bee,0x3fedd0be6c44e9f4,0x0000000080004970,0x4152076dcf9c0ebf,0x4062d54463ae3779,0x4023c5b3ddadf076,0x40069fa256b32a2e,0x4003c0f259de1123,0x4152076dcf9c0ebf,0x414fe4c3db2fec57,0x4129fe6bc2de00d2,0x4152075a58d1b717,0x0000000000000000,0x0000000000000000,0x0000000000000000,0x00000001,0x00000001,0x8000000200006600,0x8000000a00007e00,0x800000000094112d,0x000000008000af80,0x00000000800000e4,0x0000000000000002,0x000000007c201073,0x0000000000000080,0x6000000000000000,0x00000000000000c0,0x4000b4c3,0x0000000080004970,0x000000004000b4c3,0x00000000011b1abc,0x00000000011203fc,0x00000000011b1abc,0x00000000011203fc,0x00000000000003d0,0x0000000000006cef,0x000000000000678f,0x000000000085f74d,0x0000000000006946,0x0000000000732f5d,0x00000000000168e1,0x0000000000458cc2,0x00000000000000c0,0x0000000000000040,0x00000489,0x8000000000000907,0x0000000007240701,0x03
1783640053608,b,0x000000008000578a,0x0000000080018db0,0x000000008000f190,0x000000008000f1c0,0x0000000080007a7a,0x0000000000000000,0x00000000800191f0,0x0000000080018de0,0x0000000080019530,0x0000000080018f50,0x0000000000000006,0x0000000000000006,0x0000000000000003,0x0000000000000003,0x0000000000000012,0xffffffffeeefaf32,0x0000000043f166a0,0x0000000000000006,0x000000008000f200,0x0000000000000001,0x0000000000000006,0x0000000000000038,0x0000000000000000,0xffffffffeece0e00,0x000000000055dc95,0x3fedd0be6c44e9f4,0x0000000080004cd8,0x4152076dcf9c0ebf,0x4062d54463ae3779,0x4023c5b3ddadf076,0x40069fa256b32a2e,0x4003c0f259de1123,0x4152076dcf9c0ebf,0x4025772550fc59a8,0x4129fe6bc2de00d2,0x4152075a58d1b717,0x3f8314f4c02c1c15,0x0000000000000000,0x8000000000000000,0x00000001,0x00000001,0x8000000200006600,0x8000000a00007e00,0x800000000094112d,0x000000008000af80,0x00000000800000e4,0x0000000000000002,0x000000007c201073,0x0000000000000080,0x6000000000000000,0x00000000000000c0,0x4000b4c3,0x0000000080004cd8,0x000000004000b4c3,0x00000000011c0b7d,0x000000000112f554,0x00000000011c0b7d,0x000000000112f554,0x00000000000003d1,0x0000000000006cf2,0x00000000000067bc,0x0000000000866b5a,0x0000000000006961,0x0000000000739791,0x0000000000016a12,0x000000000045cf4e,0x00000000000000c0,0x0000000000000040,0x00000489,0x8000000000000907,0x0000000007240701,0x03
1783640055254,b,0x000000008000583a,0x0000000080018ed0,0x000000008000f190,0x000000008000f1c0,0x0000000080007a7a,0x000000000000000f,0x00000000800191f0,0x0000000080018f20,0x0000000080019530,0x00000000800194a0,0x000000008000f238,0x0000000000000003,0x0000000000000006,0x0000000000000002,0x000000000000000c,0x000000008000f201,0x3fe942ea8303bfe4,0x0000000000000006,0x000000008000f200,0x0000000000000001,0x0000000000000006,0x0000000000000038,0x0000000000000000,0x00000000299fbe00,0x0000000000557725,0x3fedd0be6c44ebde,0x00000000800049e0,0x4152076dcf9c0ebf,0x4062d54463ae3779,0x4023c5b3ddadf076,0x40069fa256b32a2e,0x4003c0f259de1123,0x4152076dcf9c0ebf,0x414fe4c1869e1b09,0x4129fe6500418937,0x4152075cd3df3b64,0x0000000000000000,0x0000000000000000,0x0000000000000000,0x00000001,0x00000001,0x8000000200006600,0x8000000a00007e00,0x800000000094112d,0x000000008000af80,0x00000000800000e4,0x0000000000000002,0x000000007c201073,0x0000000000000080,0x6000000000000000,0x00000000000000c0,0x4000b4c3,0x00000000800049e0,0x000000004000b4c3,0x00000000011d2663,0x00000000011409e8,0x00000000011d2663,0x00000000011409e8,0x00000000000003d5,0x0000000000006cf5,0x000000000000680c,0x000000000086f2c2,0x0000000000006985,0x00000000007413ab,0x0000000000016b2d,0x0000000000461933,0x00000000000000c0,0x0000000000000040,0x00000489,0x8000000000000907,0x0000000007240701,0x03
1783640056663,b,0x0000000080005744,0x0000000080019060,0x000000008000f190,0x000000008000f1c0,0x0000000080007a7a,0x000000000000000f,0x00000000800191f0,0x00000000800190b0,0x0000000080019530,0x0000000080019310,0x00000000800191f0,0x0000000000000006,0x0000000000000006,0x0000000080019310,0x0000000080019420,0x000000008000f201,0x3fed7d6963620d21,0x0000000000000006,0x000000008000f200,0x0000000000000001,0x0000000000000006,0x0000000000000038,0x0000000000000000,0x000000002dccedb8,0x00000000004e87fb,0x3fedd0be6c44e406,0x00000000800049a6,0x4152076dcf9c0ebf,0x4062d54463ae3779,0x4023c5b3ddadf076,0x40069fa256b32a2e,0x4003c0f259de1123,0x4152076dcf9c0ebf,0x414fe4c10beab368,0x4129fe7ce9446738,0x4152075b14346dc6,0x3fedd0be6c44e408,0x0000000000000000,0x0000000000000000,0x00000001,0x00000001,0x8000000200006600,0x8000000a00007e00,0x800000000094112d,0x000000008000af80,0x00000000800000e4,0x0000000000000002,0x000000007c201073,0x0000000000000080,0x6000000000000000,0x00000000000000c0,0x4000b4c3,0x00000000800049a6,0x000000004000b4c3,0x00000000011e6005,0x0000000001153ec1,0x00000000011e6005,0x0000000001153ec1,0x00000000000003d7,0x0000000000006cf8,0x000000000000687d,0x0000000000878bb6,0x00000000000069b6,0x000000000074998b,0x0000000000016cb5,0x0000000000466846,0x00000000000000c0,0x0000000000000040,0x00000489,0x8000000000000907,0x0000000007240701,0x03
1783640058178,b,0x00000000800056f8,0x0000000080019060,0x000000008000f190,0x000000008000f1c0,0x0000000080007a7a,0x000000000000000f,0x0000000080019430,0x00000000800190b0,0x0000000080019530,0x0000000080019548,0x000000008000f238,0x0000000000000006,0x0000000000000006,0x0000000080019548,0x00000000800195b0,0x000000008000f201,0x3feeccea84dc79dd,0x0000000000000006,0x000000008000f200,0x0000000000000001,0x0000000000000006,0x0000000000000038,0x0000000000000000,0x000000004f7d9de0,0x0000000000690449,0x3fedd0be6c44d495,0x00000000800049a6,0x4152076dcf9c0ebf,0x4062d54463ae3779,0x4023c5b3ddadf076,0x40069fa256b32a2e,0x4003c0f259de1123,0x4152076dcf9c0ebf,0x414fe4c17a7ef9db,0x4129fe73b212d773,0x41520758538ef34d,0x0000000000000000,0x0000000000000000,0x0000000000000000,0x00000001,0x00000001,0x8000000200006600,0x8000000a00007e00,0x800000000094112d,0x000000008000af80,0x00000000800000e4,0x0000000000000002,0x000000007c201073,0x0000000000000080,0x6000000000000000,0x00000000000000c0,0x4000b4c3,0x00000000800049a6,0x000000004000b4c3,0x00000000011f7833,0x0000000001165253,0x00000000011f7833,0x0000000001165253,0x00000000000003db,0x0000000000006cfb,0x00000000000068f1,0x00000000008814f5,0x00000000000069e8,0x0000000000751023,0x0000000000016e2b,0x000000000046ad84,0x00000000000000c0,0x0000000000000040,0x00000489,0x8000000000000907,0x0000000007240701,0x03
1783640059679,b,0x00000000800057ae,0x0000000080018d90,0x000000008000f190,0x000000008000f1c0,0x0000000080007a7a,0x0000000000000000,0x00000000800191f0,0x0000000080018de0,0x0000000080019530,0x0000000080018f50,0x000000008000f238,0x0000000000000006,0x0000000000000006,0x0000000080018df0,0x0000000000000004,0xffffffffe8fbff2f,0x0000000043f16d5a,0x0000000000000006,0x000000008000f200,0x0000000000000001,0x0000000000000006,0x0000000000000038,0x0000000000000000,0xffffffffe8eb1e2e,0x000000000055dc95,0x3fedd0be6c44d495,0x0000000080004988,0x4152076dcf9c0ebf,0x4062d54463ae3779,0x4023c5b3ddadf076,0x40069fa256b32a2e,0x4003c0f259de1123,0x4152076dcf9c0ebf,0x4025772550fc5b57,0x4129fe73b212d773,0x41520758538ef34d,0x3febc7aad426bcbe,0x0000000000000000,0x0000000000000000,0x00000001,0x00000001,0x8000000200006600,0x8000000a00007e00,0x800000000094112d,0x000000008000af80,0x00000000800000e4,0x0000000000000002,0x000000007c201073,0x0000000000000080,0x6000000000000000,0x00000000000000c0,0x4000b4c3,0x0000000080004988,0x000000004000b4c3,0x000000000120970d,0x00000000011771a2,0x000000000120970d,0x00000000011771a2,0x00000000000003dc,0x0000000000006cfe,0x000000000000691c,0x0000000000889eb3,0x0000000000006a05,0x0000000000758da6,0x0000000000016f83,0x000000000046fdc3,0x00000000000000c0,0x0000000000000040,0x00000489,0x8000000000000907,0x0000000007240701,0x03
1783640061272,b,0x00000000800058f2,0x0000000080018ed0,0x000000008000f190,0x000000008000f1c0,0x0000000080007a7a,0x0000000000000000,0x00000000800191f0,0x0000000080018f20,0x0000000080019530,0x00000000800193a0,0x00000000800194a0,0x0000000000000006,0x0000000000000003,0x0000000000000004,0x0000000000000012,0xffffffff8dfd7dde,0x0000000043f16db2,0x0000000000000006,0x000000008000f200,0x0000000000000001,0x0000000000000006,0x0000000000000038,0x0000000000000000,0xffffffff8ded781e,0x000000000055dc95,0x3fedd0be6c44bf84,0x0000000080004976,0x4152076dcf9c0ebf,0x4062d54463ae3779,0x4023c5b3ddadf076,0x40069fa256b32a2e,0x4003c0f259de1123,0x4152076dcf9c0ebf,0x4025772550fc5b6d,0x4129fe646d42c3ca,0x41520759c1566cf4,0x0000000000000000,0x0000000000000000,0x0000000000000000,0x00000001,0x00000001,0x8000000200006600,0x8000000a00007e00,0x800000000094112d,0x000000008000af80,0x00000000800000e4,0x0000000000000002,0x000000007c201073,0x0000000000000080,0x6000000000000000,0x00000000000000c0,0x4000b4c3,0x0000000080004976,0x000000004000b4c3,0x000000000121d2e2,0x000000000118a91e,0x000000000121d2e2,0x000000000118a91e,0x00000000000003e0,0x0000000000006d01,0x0000000000006988,0x00000000008938eb,0x0000000000006a38,0x000000000076142d,0x000000000001710c,0x0000000000474da0,0x00000000000000c0,0x0000000000000040,0x00000489,0x8000000000000907,0x0000000007240701,0x03
1783640062654,b,0x0000000080005820,0x0000000080018ed0,0x000000008000f190,0x000000008000f1c0,0x0000000080007a7a,0x000000000000000f,0x00000000800191f0,0x0000000080018f20,0x0000000080019530,0x000000008000f238,0x0000000080019310,0x0000000000000006,0x0000000000000006,0x0000000000000000,0x0000000000000000,0x000000008000f201,0x3febb26dd6a4c149,0x0000000000000006,0x000000008000f200,0x0000000000000001,0x0000000000000006,0x0000000000000038,0x0000000000000000,0xffffffffa995e438,0x000000000049dcd0,0x3fedd0be6c44a690,0x0000000080004992,0x4152076dcf9c0ebf,0x4062d54463ae3779,0x4023c5b3ddadf076,0x40069fa256b32a2e,0x4003c0f259de1123,0x4152076dcf9c0ebf,0x414fe4c256dc5d64,0x4129fe7cf07c84b6,0x4152075b43b4a234,0x401623e8e4790c0a,0x0000000000000000,0x0000000000000000,0x00000001,0x00000001,0x8000000200006600,0x8000000a00007e00,0x800000000094112d,0x000000008000af80,0x00000000800000e4,0x0000000000000002,0x000000007c201073,0x0000000000000080,0x6000000000000000,0x00000000000000c0,0x4000b4c3,0x0000000080004992,0x000000004000b4c3,0x000000000122cd2d,0x0000000001199d88,0x000000000122cd2d,0x0000000001199d88,0x00000000000003e5,0x0000000000006d04,0x00000000000069d0,0x000000000089b115,0x0000000000006a5c,0x0000000000768127,0x0000000000017215,0x0000000000478d8d,0x00000000000000c0,0x0000000000000040,0x00000489,0x8000000000000907,0x0000000007240701,0x03
1783640064152,b,0x00000000800056f8,0x0000000080019060,0x000000008000f190,0x000000008000f1c0,0x0000000080007a7a,0x000000000000000f,0x0000000080019430,0x00000000800190b0,0x0000000080019530,0x0000000080019548,0x000000008000f238,0x0000000000000006,0x0000000000000006,0x0000000080019310,0x0000000080019330,0x000000008000f201,0x3feca7ead28e8c45,0x0000000000000006,0x000000008000f200,0x0000000000000001,0x0000000000000006,0x0000000000000038,0x0000000000000000,0xffffffff869a89e0,0x00000000004128b1,0x3fedd0be6c448b37,0x0000000080004982,0x4152076dcf9c0ebf,0x4062d54463ae3779,0x4023c5b3ddadf076,0x40069fa256b32a2e,0x4003c0f259de1123,0x4152076dcf9c0ebf,0x414fe4bd7eecbfb1,0x4129fe5ee1bda512,0x4152075575724745,0x0000000000000000,0x0000000000000000,0x0000000000000000,0x00000001,0x00000001,0x8000000200006600,0x8000000a00007e00,0x800000000094112d,0x000000008000af80,0x00000000800000e4,0x0000000000000002,0x000000007c201073,0x0000000000000080,0x6000000000000000,0x00000000000000c0,0x4000b4c3,0x0000000080004982,0x000000004000b4c3,0x000000000123c907,0x00000000011a94a7,0x000000000123c907,0x00000000011a94a7,0x00000000000003e7,0x0000000000006d07,0x0000000000006a3e,0x00000000008a2ce5,0x0000000000006a8a,0x000000000076eb6a,0x000000000001736b,0x000000000047cac2,0x00000000000000c0,0x0000000000000040,0x00000489,0x8000000000000907,0x0000000007240701,0x03
1783640065701,b,0x0000000080006260,0x0000000080019440,0x000000008000f190,0x000000008000f1c0,0x402a6014520de000,0x0000000000000000,0x0000000000000000,0x0000000080019700,0x0000000080019530,0x0000000080019698,0x00000000800194a0,0x000000008000f238,0x00000000800003f0,0x00000000800194a0,0x0000000080019698,0x000000006cfb9a50,0xffffffffee268300,0x0000000000000006,0x000000008000f200,0x0000000000000001,0x0000000000000006,0x0000000000000038,0x0000000000000000,0x000000006c7b8000,0x00000000005fc687,0x3fedd0be6c446eb7,0x0000000080005b7e,0x4152076dcf9c0ebf,0x4062d54463ae3779,0x4023c5b3ddadf076,0x40069fa256b32a2e,0x4003c0f259de1123,0x4152076dcf9c0ebf,0x4037f1a1fb89a0c0,0x4129fe5ee1bda512,0x4152075575724745,0x01a56e1fc2f8f359,0x3ff0000000000000,0x3ff0000000000000,0x00000001,0x00000001,0x8000000200006600,0x8000000a00007e00,0x800000000094112d,0x000000008000af80,0x00000000800000e4,0x0000000000000002,0x000000007c201073,0x0000000000000080,0x6000000000000000,0x00000000000000c0,0x4000b4c3,0x0000000080005b7e,0x000000004000b4c3,0x0000000001250b79,0x00000000011bd65a,0x0000000001250b79,0x00000000011bd65a,0x00000000000003ea,0x0000000000006d0a,0x0000000000006a9b,0x00000000008ac7b6,0x0000000000006aad,0x000000000077777f,0x00000000000174e2,0x000000000048245e,0x00000000000000c0,0x0000000000000040,0x00000489,0x8000000000000907,0x0000000007240701,0x03
1783640067274,b,0x00000000800058dc,0x0000000080018ee0,0x000000008000f190,0x000000008000f1c0,0x0000000080007a7a,0x0000000000000000,0x00000000800191f0,0x0000000080018f20,0x0000000080019530,0x000000008000f208,0x0000000080019070,0x000000008000f208,0x0000000000000006,0x000000008000f208,0x000000008000f220,0x00000000137db7ff,0x0000000043f16ac6,0x0000000000000006,0x000000008000f200,0x0000000000000001,0x0000000000000006,0x0000000000000038,0x0000000000000000,0x000000001355b76e,0x000000000055dc95,0x3fedd0be6c446eb7,0x0000000080005518,0x4152076dcf9c0ebf,0x4062d54463ae3779,0x4023c5b3ddadf076,0x40069fa256b32a2e,0x4003c0f259de1123,0x4152076dcf9c0ebf,0x4025772550fc5ab2,0x4129fe70074538ef,0x4152075b1c2c3c9f,0x400b28023e600000,0xbfb1c8af63590378,0xbfaaec6a9175e701,0x00000001,0x00000001,0x8000000200006600,0x8000000a00007e00,0x800000000094112d,0x000000008000af80,0x00000000800000e4,0x0000000000000002,0x000000007c201073,0x0000000000000080,0x6000000000000000,0x00000000000000c0,0x4000b4c3,0x0000000080005518,0x000000004000b4c3,0x0000000001262126,0x00000000011ce7b3,0x0000000001262126,0x00000000011ce7b3,0x00000000000003ec,0x0000000000006d0d,0x0000000000006ae8,0x00000000008b4f24,0x0000000000006ad9,0x000000000077ee8c,0x000000000001763b,0x0000000000486a0c,0x00000000000000c0,0x0000000000000040,0x00000489,0x8000000000000907,0x0000000007240701,0x03
1783640068827,b,0x000000008000583a,0x0000000080018ed0,0x000000008000f190,0x000000008000f1c0,0x0000000080007a7a,0x000000000000000f,0x00000000800191f0,0x0000000080018f20,0x0000000080019530,0x00000000800194a0,0x000000008000f238,0x0000000000000003,0x0000000000000006,0x00000000800191f0,0x0000000000000068,0x000000008000f201,0x3fe74f3d5b3a8343,0x0000000000000006,0x000000008000f200,0x0000000000000001,0x0000000000000006,0x0000000000000038,0x0000000000000000,0x000000002a15b33e,0x000000000067aa3c,0x3fedd0be6c445218,0x0000000080004980,0x4152076dcf9c0ebf,0x4062d54463ae3779,0x4023c5b3ddadf076,0x40069fa256b32a2e,0x4003c0f259de1123,0x4152076dcf9c0ebf,0x414fe4c06acd9e84,0x4129fe6c20b78034,0x4152075b8519ce07,0x0000000000000000,0x0000000000000000,0x0000000000000000,0x00000001,0x00000001,0x8000000200006600,0x8000000a00007e00,0x800000000094112d,0x000000008000af80,0x00000000800000e4,0x0000000000000002,0x000000007c201073,0x0000000000000080,0x6000000000000000,0x00000000000000c0,0x4000b4c3,0x0000000080004980,0x000000004000b4c3,0x0000000001275aa0,0x00000000011e1ad0,0x0000000001275aa0,0x00000000011e1ad0,0x00000000000003f1,0x0000000000006d10,0x0000000000006b3e,0x00000000008be4ca,0x0000000000006aff,0x000000000078783e,0x0000000000017788,0x000000000048bca7,0x00000000000000c0,0x0000000000000040,0x00000489,0x8000000000000907,0x0000000007240701,0x03
1783640070052,b,0x00000000800056f8,0x0000000080019060,0x000000008000f190,0x000000008000f1c0,0x0000000080007a7a,0x000000000000000f,0x0000000080019430,0x00000000800190b0,0x0000000080019530,0x0000000080019548,0x000000008000f238,0x0000000000000006,0x0000000000000006,0x0000000080019310,0x0000000000000005,0x000000008000f201,0x3fe875b514dae4ca,0x0000000000000006,0x000000008000f200,0x0000000000000001,0x0000000000000006,0x0000000000000038,0x0000000000000000,0x00000000303de12e,0x0000000000527cb5,0x3fedd0be6c443628,0x0000000080004988,0x4152076dcf9c0ebf,0x4062d54463ae3779,0x4023c5b3ddadf076,0x40069fa256b32a2e,0x4003c0f259de1123,0x4152076dcf9c0ebf,0x414fe4c0c7aacd9f,0x4129fe68bf8a0903,0x41520758122b6ae8,0x3ff0000000000000,0x0000000000000000,0x0000000000000000,0x00000001,0x00000001,0x8000000200006600,0x8000000a00007e00,0x800000000094112d,0x000000008000af80,0x00000000800000e4,0x0000000000000002,0x000000007c201073,0x0000000000000080,0x6000000000000000,0x00000000000000c0,0x4000b4c3,0x0000000080004988,0x000000004000b4c3,0x0000000001285690,0x00000000011f1284,0x0000000001285690,0x00000000011f1284,0x00000000000003f5,0x0000000000006d13,0x0000000000006b98,0x00000000008c60ee,0x0000000000006b2c,0x000000000078e2cf,0x00000000000178da,0x000000000048fa1e,0x00000000000000c0,0x0000000000000040,0x00000489,0x8000000000000907,0x0000000007240701,0x03
1783640071510,b,0x00000000800057ae,0x0000000080018d90,0x000000008000f190,0x000000008000f1c0,0x0000000080007a7a,0x0000000000000000,0x00000000800191f0,0x0000000080018de0,0x0000000080019530,0x0000000080018f50,0x000000008000f238,0x0000000000000006,0x0000000000000006,0x0000000080018df0,0x0000000000000006,0x0000000021fdf6f9,0x0000000043f166d4,0x0000000000000006,0x000000008000f200,0x0000000000000001,0x0000000000000006,0x0000000000000038,0x0000000000000000,0x0000000021c53038,0x000000000055dc95,0x3fedd0be6c443628,0x00000000800049f8,0x4152076dcf9c0ebf,0x4062d54463ae3779,0x4023c5b3ddadf076,0x40069fa256b32a2e,0x4003c0f259de1123,0x4152076dcf9c0ebf,0x4025772550fc59b5,0x4129fe68bf8a0903,0x41520758122b6ae8,0x3ff0000000000000,0x0000000000000000,0x0000000000000000,0x00000001,0x00000001,0x8000000200006600,0x8000000a00007e00,0x800000000094112d,0x000000008000af80,0x00000000800000e4,0x0000000000000002,0x000000007c201073,0x0000000000000080,0x6000000000000000,0x00000000000000c0,0x4000b4c3,0x00000000800049f8,0x000000004000b4c3,0x00000000012961b7,0x0000000001201e93,0x00000000012961b7,0x0000000001201e93,0x00000000000003f6,0x0000000000006d16,0x0000000000006bb7,0x00000000008ce198,0x0000000000006b49,0x0000000000795713,0x0000000000017a23,0x0000000000494481,0x00000000000000c0,0x0000000000000040,0x00000489,0x8000000000000907,0x0000000007240701,0x03
1783640072993,b,0x000000008000589c,0x0000000080018ed0,0x000000008000f190,0x000000008000f1c0,0x0000000080007a7a,0x0000000000000000,0x00000000800191f0,0x0000000080018f20,0x0000000080019530,0x0000000080019280,0x0000000080019118,0x0000000000000006,0x0000000000000003,0x0000000000000003,0x0000000000000003,0x0000000000eb27ba,0x0000000043f16494,0x0000000000000006,0x000000008000f200,0x0000000000000001,0x0000000000000006,0x0000000000000038,0x0000000000000000,0x0000000000ea0538,0x000000000055dc95,0x3fedd0be6c441b86,0x0000000080004a06,0x4152076dcf9c0ebf,0x4062d54463ae3779,0x4023c5b3ddadf076,0x40069fa256b32a2e,0x4003c0f259de1123,0x4152076dcf9c0ebf,0x4025772550fc5925,0x4129fe73d3b645a2,0x41520756913f7cee,0x0000000000000000,0x0000000000000000,0x0000000000000000,0x00000001,0x00000001,0x8000000200006600,0x8000000a00007e00,0x800000000094112d,0x000000008000af80,0x00000000800000e4,0x0000000000000002,0x000000007c201073,0x0000000000000080,0x6000000000000000,0x00000000000000c0,0x4000b4c3,0x0000000080004a06,0x000000004000b4c3,0x00000000012a6f5d,0x00000000012127d3,0x00000000012a6f5d,0x00000000012127d3,0x00000000000003f9,0x0000000000006d19,0x0000000000006c1d,0x00000000008d664d,0x0000000000006b78,0x000000000079c8e5,0x0000000000017b67,0x0000000000498704,0x00000000000000c0,0x0000000000000040,0x00000489,0x8000000000000907,0x0000000007240701,0x03
1783640074588,b,0x0000000080005820,0x0000000080018ed0,0x000000008000f190,0x000000008000f1c0,0x0000000080007a7a,0x000000000000000f,0x00000000800191f0,0x0000000080018f20,0x0000000080019530,0x000000008000f238,0x0000000080019310,0x0000000000000006,0x0000000000000006,0x000000008000f238,0x000000008000f2e0,0x000000008000f201,0x3fe039b5a8c9d9e3,0x0000000000000006,0x000000008000f200,0x0000000000000001,0x0000000000000006,0x0000000000000038,0x0000000000000000,0xffffffffe4279678,0x00000000006ed127,0x3fedd0be6c44029f,0x00000000800049a6,0x4152076dcf9c0ebf,0x4062d54463ae3779,0x4023c5b3ddadf076,0x40069fa256b32a2e,0x4003c0f259de1123,0x4152076dcf9c0ebf,0x414fe4bdcdd2f1aa,0x4129fe5a38d4fdf4,0x4152075c3abd3c36,0x3fbaec350bb9de12,0x0000000000000000,0x0000000000000000,0x00000001,0x00000001,0x8000000200006600,0x8000000a00007e00,0x800000000094112d,0x000000008000af80,0x00000000800000e4,0x0000000000000002,0x000000007c201073,0x0000000000000080,0x6000000000000000,0x00000000000000c0,0x4000b4c3,0x00000000800049a6,0x000000004000b4c3,0x00000000012b9812,0x0000000001224aa7,0x00000000012b9812,0x0000000001224aa7,0x00000000000003fd,0x0000000000006d1c,0x0000000000006c6b,0x00000000008df3f8,0x0000000000006ba0,0x00000000007a4b1b,0x0000000000017cb7,0x000000000049d464,0x00000000000000c0,0x0000000000000040,0x00000489,0x8000000000000907,0x0000000007240701,0x03
1783640076157,b,0x0000000080005744,0x0000000080019060,0x000000008000f190,0x000000008000f1c0,0x0000000080007a7a,0x000000000000000f,0x00000000800191f0,0x00000000800190b0,0x0000000080019530,0x0000000080019310,0x00000000800191f0,0x0000000000000006,0x0000000000000006,0x00000000800190d0,0x00000000000000a8,0x000000008000f201,0x3fe2948d181f3cd1,0x0000000000000006,0x000000008000f200,0x0000000000000001,0x0000000000000006,0x0000000000000038,0x0000000000000000,0x0000000042b7a2ee,0x00000000007a246f,0x3fedd0be6c43ebc1,0x0000000080004980,0x4152076dcf9c0ebf,0x4062d54463ae3779,0x4023c5b3ddadf076,0x40069fa256b32a2e,0x4003c0f259de1123,0x4152076dcf9c0ebf,0x414fe4bd4c1f212d,0x4129fe741f7ced91,0x4152075df0f5c28f,0x0000000000000000,0x0000000000000000,0x0000000000000000,0x00000001,0x00000001,0x8000000200006600,0x8000000a00007e00,0x800000000094112d,0x000000008000af80,0x00000000800000e4,0x0000000000000002,0x000000007c201073,0x0000000000000080,0x6000000000000000,0x00000000000000c0,0x4000b4c3,0x0000000080004980,0x000000004000b4c3,0x00000000012cde80,0x0000000001238c3f,0x00000000012cde80,0x0000000001238c3f,0x0000000000000402,0x0000000000006d1f,0x0000000000006cd5,0x00000000008e92ce,0x0000000000006bd2,0x00000000007ad719,0x0000000000017e4d,0x00000000004a2767,0x00000000000000c0,0x0000000000000040,0x00000489,0x8000000000000907,0x0000000007240701,0x03
1783640077634,b,0x00000000800056f8,0x0000000080019060,0x000000008000f190,0x000000008000f1c0,0x0000000080007a7a,0x000000000000000f,0x0000000080019430,0x00000000800190b0,0x0000000080019530,0x0000000080019548,0x000000008000f238,0x0000000000000006,0x0000000000000006,0x0000000080019310,0x0000000080019370,0x000000008000f201,0x3fe67e33f6b489ec,0x0000000000000006,0x000000008000f200,0x0000000000000001,0x0000000000000006,0x0000000000000038,0x0000000000000000,0xffffffffb34be9be,0x00000000005c0dfb,0x3fedd0be6c43d719,0x00000000800049f0,0x4152076dcf9c0ebf,0x4062d54463ae3779,0x4023c5b3ddadf076,0x40069fa256b32a2e,0x4003c0f259de1123,0x4152076dcf9c0ebf,0x414fe4bc7a161e4f,0x4129fe605a1cac08,0x41520759c39096bc,0x3ff0000000000000,0x0000000000000000,0x0000000000000000,0x00000001,0x00000001,0x8000000200006600,0x8000000a00007e00,0x800000000094112d,0x000000008000af80,0x00000000800000e4,0x0000000000000002,0x000000007c201073,0x0000000000000080,0x6000000000000000,0x00000000000000c0,0x4000b4c3,0x00000000800049f0,0x000000004000b4c3,0x00000000012e0a29,0x000000000124b36d,0x00000000012e0a29,0x000000000124b36d,0x0000000000000405,0x0000000000006d22,0x0000000000006d47,0x00000000008f2575,0x0000000000006c04,0x00000000007b56a9,0x0000000000017fd1,0x00000000004a7284,0x00000000000000c0,0x0000000000000040,0x00000489,0x8000000000000907,0x0000000007240701,0x03
1783640079226,b,0x00000000800057ae,0x0000000080018d90,0x000000008000f190,0x000000008000f1c0,0x0000000080007a7a,0x0000000000000000,0x00000000800191f0,0x0000000080018de0,0x0000000080019530,0x0000000080018f50,0x000000008000f238,0x0000000000000006,0x0000000000000006,0x0000000080018df0,0x0000000080018eb8,0xffffffff948befce,0x0000000043f15db6,0x0000000000000006,0x000000008000f200,0x0000000000000001,0x0000000000000006,0x0000000000000038,0x0000000000000000,0xffffffff9483214e,0x000000000055dc95,0x3fedd0be6c43d719,0x000000008000495c,0x4152076dcf9c0ebf,0x4062d54463ae3779,0x4023c5b3ddadf076,0x40069fa256b32a2e,0x4003c0f259de1123,0x4152076dcf9c0ebf,0x4025772550fc576e,0x4129fe605a1cac08,0x41520759c39096bc,0x8000000000000000,0x0000000000000000,0x0000000000000000,0x00000001,0x00000001,0x8000000200006600,0x8000000a00007e00,0x800000000094112d,0x000000008000af80,0x00000000800000e4,0x0000000000000002,0x000000007c201073,0x0000000000000080,0x6000000000000000,0x00000000000000c0,0x4000b4c3,0x000000008000495c,0x000000004000b4c3,0x00000000012f2a97,0x000000000125d3f6,0x00000000012f2a97,0x000000000125d3f6,0x0000000000000407,0x0000000000006d25,0x0000000000006d75,0x00000000008fafc8,0x0000000000006c21,0x00000000007bd48b,0x000000000001812a,0x00000000004ac31d,0x00000000000000c0,0x0000000000000040,0x00000489,0x8000000000000907,0x0000000007240701,0x03
1783640080847,b,0x0000000080004ede,0x0000000080018de0,0x000000008000f190,0x000000008000f1c0,0x0000000080007a7a,0x0000000000000000,0x00000000800191f0,0x0000000080018e40,0x0000000080018ef8,0x0000000000000001,0x000000001b03b771,0x000000003fe00000,0x40161a799b03b771,0x0000000080019118,0x0000000080019130,0xffffffffcfbb17fa,0x000000006c0eddc4,0x0000000000000006,0x000000008000f200,0x0000000000000001,0x0000000000000006,0x0000000000000038,0x0000000000000000,0xffffffffcf3a00f8,0x00000000005869e6,0x3fedd0be6c43c4b4,0x0000000080004e8c,0x4152076dcf9c0ebf,0x4062d54463ae3779,0x4023c5b3ddadf076,0x40069fa256b32a2e,0x4003c0f259de1123,0x4152076dcf9c0ebf,0x40161a799b03b771,0x4129fe5b64dd2f1b,0x4152075c8c96bb99,0x01a56e1fc2f8f359,0x403e88fa391e4302,0x403e88fa391e4302,0x00000001,0x00000001,0x8000000200006600,0x8000000a00007e00,0x800000000094112d,0x000000008000af80,0x00000000800000e4,0x0000000000000002,0x000000007c201073,0x0000000000000080,0x6000000000000000,0x00000000000000c0,0x4000b4c3,0x0000000080004e8c,0x000000004000b4c3,0x0000000001303612,0x000000000126d9c1,0x0000000001303612,0x000000000126d9c1,0x000000000000040a,0x0000000000006d28,0x0000000000006dd1,0x0000000000903127,0x0000000000006c48,0x00000000007c485f,0x000000000001824b,0x00000000004b0753,0x00000000000000c0,0x0000000000000040,0x00000489,0x8000000000000907,0x0000000007240701,0x03
1783640082427,b,0x0000000080005820,0x0000000080018ed0,0x000000008000f190,0x000000008000f1c0,0x0000000080007a7a,0x000000000000000f,0x00000000800191f0,0x0000000080018f20,0x0000000080019530,0x000000008000f238,0x0000000080019310,0x0000000000000006,0x0000000000000006,0x0000000080019280,0x0000000000000004,0x000000008000f201,0x3fe644d8eb8d5eff,0x0000000000000006,0x000000008000f200,0x0000000000000001,0x0000000000000006,0x0000000000000038,0x0000000000000000,0x000000000a00560e,0x000000000057d511,0x3fedd0be6c43b492,0x0000000080004a00,0x4152076dcf9c0ebf,0x4062d54463ae3779,0x4023c5b3ddadf076,0x40069fa256b32a2e,0x4003c0f259de1123,0x4152076dcf9c0ebf,0x414fe4b95c22680a,0x4129fe6f5b3d07c8,0x4152075cd0e8a71e,0x3fbaec350bb9de12,0x0000000000000000,0x0000000000000000,0x00000001,0x00000001,0x8000000200006600,0x8000000a00007e00,0x800000000094112d,0x000000008000af80,0x00000000800000e4,0x0000000000000002,0x000000007c201073,0x0000000000000080,0x6000000000000000,0x00000000000000c0,0x4000b4c3,0x0000000080004a00,0x000000004000b4c3,0x00000000013170fc,0x0000000001280f50,0x00000000013170fc,0x0000000001280f50,0x000000000000040d,0x0000000000006d2b,0x0000000000006e31,0x000000000090c97a,0x0000000000006c78,0x00000000007cd00c,0x00000000000183c9,0x00000000004b57a4,0x00000000000000c0,0x0000000000000040,0x00000489,0x8000000000000907,0x0000000007240701,0x03
1783640083943,b,0x0000000080005744,0x0000000080019060,0x000000008000f190,0x000000008000f1c0,0x0000000080007a7a,0x000000000000000f,0x00000000800191f0,0x00000000800190b0,0x0000000080019530,0x0000000080019310,0x00000000800191f0,0x0000000000000006,0x0000000000000006,0x0000000000000004,0x0000000000000018,0x000000008000f201,0x3fe7be4bee0190c0,0x0000000000000006,0x000000008000f200,0x0000000000000001,0x0000000000000006,0x0000000000000038,0x0000000000000000,0xffffffffd64138e0,0x0000000000711b3d,0x3fedd0be6c43a69f,0x0000000080004992,0x4152076dcf9c0ebf,0x4062d54463ae3779,0x4023c5b3ddadf076,0x40069fa256b32a2e,0x4003c0f259de1123,0x4152076dcf9c0ebf,0x414fe4b99a4dd2f2,0x4129fe5c5212d773,0x4152075c1ea64c30,0x0000000000000000,0x0000000000000000,0x0000000000000000,0x00000001,0x00000001,0x8000000200006600,0x8000000a00007e00,0x800000000094112d,0x000000008000af80,0x00000000800000e4,0x0000000000000002,0x000000007c201073,0x0000000000000080,0x6000000000000000,0x00000000000000c0,0x4000b4c3,0x0000000080004992,0x000000004000b4c3,0x000000000132bfc8,0x00000000012958f3,0x000000000132bfc8,0x00000000012958f3,0x0000000000000413,0x0000000000006d2e,0x0000000000006ea2,0x0000000000916c27,0x0000000000006caa,0x00000000007d5f73,0x0000000000018565,0x00000000004bad13,0x00000000000000c0,0x0000000000000040,0x00000489,0x8000000000000907,0x0000000007240701,0x03
1783640085433,b,0x0000000080006260,0x0000000080019230,0x000000008000f190,0x000000008000f1c0,0x402a6014520d8cd6,0x0000000000000000,0x0000000000000000,0x0000000080019440,0x0000000080019530,0x0000000080019698,0x00000000800194a0,0x000000008000f238,0x00000000800003f0,0x0000000000000003,0x0000000000000002,0xffffffffce7ffe7f,0x0000000064bfffe2,0x0000000000000006,0x000000008000f200,0x0000000000000001,0x0000000000000006,0x0000000000000038,0x0000000000000000,0xffffffffce7ffe3e,0x0000000000789647,0x3fedd0be6c439abc,0x0000000080005dee,0x4152076dcf9c0ebf,0x4062d54463ae3779,0x4023c5b3ddadf076,0x40069fa256b32a2e,0x4003c0f259de1123,0x4152076dcf9c0ebf,0x401e2591d92ffff9,0x4129fe5c5212d773,0x4152075c1ea64c30,0x0000000000000000,0x40aa1d41322b75ee,0x40aa1d41322b75ee,0x00000001,0x00000001,0x8000000200006600,0x8000000a00007e00,0x800000000094112d,0x000000008000af80,0x00000000800000e4,0x0000000000000002,0x000000007c201073,0x0000000000000080,0x6000000000000000,0x00000000000000c0,0x4000b4c3,0x0000000080005dee,0x000000004000b4c3,0x000000000133c17b,0x00000000012a56c9,0x000000000133c17b,0x00000000012a56c9,0x0000000000000416,0x0000000000006d31,0x0000000000006eef,0x000000000091ea82,0x0000000000006cc9,0x00000000007dcdf2,0x00000000000186ad,0x00000000004bee37,0x00000000000000c0,0x0000000000000040,0x00000489,0x8000000000000907,0x0000000007240701,0x03
1783640087006,b,0x00000000800057ae,0x0000000080018d90,0x000000008000f190,0x000000008000f1c0,0x0000000080007a7a,0x0000000000000000,0x00000000800191f0,0x0000000080018de0,0x0000000080019530,0x0000000080018f50,0x000000008000f238,0x0000000000000006,0x0000000000000006,0x000000008000f238,0x00000000000000b0,0xffffffffe3fdfbfe,0x0000000043f15606,0x0000000000000006,0x000000008000f200,0x0000000000000001,0x0000000000000006,0x0000000000000038,0x0000000000000000,0xffffffffe3e5fbee,0x000000000055dc95,0x3fedd0be6c439abc,0x00000000800049c4,0x4152076dcf9c0ebf,0x4062d54463ae3779,0x4023c5b3ddadf076,0x40069fa256b32a2e,0x4003c0f259de1123,0x4152076dcf9c0ebf,0x4025772550fc5582,0x4129fe46c7e28241,0x4152075c72de00d2,0x8000000000000000,0x0000000000000000,0x0000000000000000,0x00000001,0x00000001,0x8000000200006600,0x8000000a00007e00,0x800000000094112d,0x000000008000af80,0x00000000800000e4,0x0000000000000002,0x000000007c201073,0x0000000000000080,0x6000000000000000,0x00000000000000c0,0x4000b4c3,0x00000000800049c4,0x000000004000b4c3,0x000000000134f410,0x00000000012b88b1,0x000000000134f410,0x00000000012b88b1,0x000000000000041a,0x0000000000006d34,0x0000000000006f3e,0x0000000000927dd4,0x0000000000006cf9,0x00000000007e51e4,0x0000000000018830,0x00000000004c4180,0x00000000000000c0,0x0000000000000040,0x00000489,0x8000000000000907,0x0000000007240701,0x03
1783640088525,b,0x0000000080009fc2,0x0000000080018dc0,0x000000008000f190,0x000000008000f1c0,0x0000000080007a7a,0x0000000002000000,0x00000000800191f0,0x0000000080018e40,0x0000000080018f00,0x00000000005869e6,0x0000000036000000,0x0000000000029130,0x0000000000000002,0x00000000002c34f3,0xffffffff8e000000,0x000000006a000000,0x000000006c000000,0x0000000000000006,0x000000008000f200,0x0000000000000001,0x0000000000000006,0x0000000000000038,0x000000000000001a,0x000000006a000000,0x00000000005869e6,0x3fedd0be6c4390be,0x000000008000a124,0x4152076dcf9c0ebf,0x4062d54463ae3779,0x4023c5b3ddadf076,0x40069fa256b32a2e,0x4003c0f259de1123,0x403e88fa391e4302,0x403e88fa391e4302,0x4129fe5f2d6a161e,0x41520758a0db8bac,0x01a56e1fc2f8f359,0x0000000000000000,0x403e88fa391e4302,0x00000001,0x00000001,0x8000000200006600,0x8000000a00007e00,0x800000000094112d,0x000000008000af80,0x00000000800000e4,0x0000000000000002,0x000000007c201073,0x0000000000000080,0x6000000000000000,0x00000000000000c0,0x4000b4c3,0x000000008000a124,0x000000004000b4c3,0x0000000001360daf,0x00000000012c9cba,0x0000000001360daf,0x00000000012c9cba,0x000000000000041d,0x0000000000006d37,0x0000000000006fa5,0x0000000000930648,0x0000000000006d20,0x00000000007ecb79,0x000000000001895d,0x00000000004c898f,0x00000000000000c0,0x0000000000000040,0x00000489,0x8000000000000907,0x0000000007240701,0x03
1783640090071,b,0x0000000080005820,0x0000000080018ed0,0x000000008000f190,0x000000008000f1c0,0x0000000080007a7a,0x000000000000000f,0x00000000800191f0,0x0000000080018f20,0x0000000080019530,0x000000008000f238,0x0000000080019310,0x0000000000000006,0x0000000000000006,0x0000000080019280,0x0000000000000002,0x000000008000f201,0x3fe3dfe5b9c0a228,0x0000000000000006,0x000000008000f200,0x0000000000000001,0x0000000000000006,0x0000000000000038,0x0000000000000000,0x0000000078f0647e,0x000000000066039d,0x3fedd0be6c43887b,0x0000000080004988,0x4152076dcf9c0ebf,0x4062d54463ae3779,0x4023c5b3ddadf076,0x40069fa256b32a2e,0x4003c0f259de1123,0x4152076dcf9c0ebf,0x414fe4be97e90ff9,0x4129fe65e9930be1,0x4152075cc2c08312,0x0000000000000000,0x0000000000000000,0x0000000000000000,0x00000001,0x00000001,0x8000000200006600,0x8000000a00007e00,0x800000000094112d,0x000000008000af80,0x00000000800000e4,0x0000000000000002,0x000000007c201073,0x0000000000000080,0x6000000000000000,0x00000000000000c0,0x4000b4c3,0x0000000080004988,0x000000004000b4c3,0x00000000013741e4,0x00000000012dcae4,0x00000000013741e4,0x00000000012dcae4,0x0000000000000420,0x0000000000006d3a,0x000000000000700e,0x0000000000939a7d,0x0000000000006d50,0x00000000007f508e,0x0000000000018ad5,0x00000000004cd838,0x00000000000000c0,0x0000000000000040,0x00000489,0x8000000000000907,0x0000000007240701,0x03
1783640091729,b,0x0000000080005744,0x0000000080019060,0x000000008000f190,0x000000008000f1c0,0x0000000080007a7a,0x000000000000000f,0x00000000800191f0,0x00000000800190b0,0x0000000080019530,0x0000000080019310,0x00000000800191f0,0x0000000000000006,0x0000000000000006,0x0000000080019310,0x00000000800193a8,0x000000008000f201,0x3fe4be06ad73a69a,0x0000000000000006,0x000000008000f200,0x0000000000000001,0x0000000000000006,0x0000000000000038,0x0000000000000000,0x000000003d76404e,0x00000000007496f5,0x3fedd0be6c4381c2,0x00000000800049a4,0x4152076dcf9c0ebf,0x4062d54463ae3779,0x4023c5b3ddadf076,0x40069fa256b32a2e,0x4003c0f259de1123,0x4152076dcf9c0ebf,0x414fe4bcb072b021,0x4129fe5691f8a090,0x4152075ab5e00d1b,0x0000000000000000,0x0000000000000000,0x0000000000000000,0x00000001,0x00000001,0x8000000200006600,0x8000000a00007e00,0x800000000094112d,0x000000008000af80,0x00000000800000e4,0x0000000000000002,0x000000007c201073,0x0000000000000080,0x6000000000000000,0x00000000000000c0,0x4000b4c3,0x00000000800049a4,0x000000004000b4c3,0x0000000001388a7d,0x00000000012f0e8b,0x0000000001388a7d,0x00000000012f0e8b,0x0000000000000424,0x0000000000006d3d,0x0000000000007077,0x0000000000943a46,0x0000000000006d82,0x00000000007fdd96,0x0000000000018c6d,0x00000000004d2be5,0x00000000000000c0,0x0000000000000040,0x00000489,0x8000000000000907,0x0000000007240701,0x03
1783640093335,b,0x0000000080006260,0x0000000080019230,0x000000008000f190,0x000000008000f1c0,0x402a6014520d75c3,0x0000000000000000,0x0000000000000000,0x0000000080019440,0x0000000080019530,0x0000000080019698,0x00000000800194a0,0x000000008000f238,0x00000000800003f0,0x0000000000000004,0x000000000000000c,0xfffffffff8ebbbee,0x00000000437f0e06,0x0000000000000006,0x000000008000f200,0x0000000000000001,0x0000000000000006,0x0000000000000038,0x0000000000000000,0xfffffffff8a3abee,0x00000000007542b6,0x3fedd0be6c437c65,0x0000000080005c3e,0x4152076dcf9c0ebf,0x4062d54463ae3779,0x4023c5b3ddadf076,0x40069fa256b32a2e,0x4003c0f259de1123,0x4152076dcf9c0ebf,0x401d50ad90dfc382,0x4129fe5691f8a090,0x4152075ab5e00d1b,0x01a56e1fc2f8f359,0x402a6014520d75c3,0x402a6014520d75c3,0x00000001,0x00000001,0x8000000200006600,0x8000000a00007e00,0x800000000094112d,0x000000008000af80,0x00000000800000e4,0x0000000000000002,0x000000007c201073,0x0000000000000080,0x6000000000000000,0x00000000000000c0,0x4000b4c3,0x0000000080005c3e,0x000000004000b4c3,0x0000000001398a06,0x0000000001300c11,0x0000000001398a06,0x0000000001300c11,0x0000000000000426,0x0000000000006d40,0x00000000000070b1,0x000000000094b6f1,0x0000000000006da1,0x0000000000804bab,0x0000000000018daf,0x00000000004d6ed9,0x00000000000000c0,0x0000000000000040,0x00000489,0x8000000000000907,0x0000000007240701,0x03
1783640094863,b,0x000000008000589c,0x0000000080018f20,0x000000008000f190,0x000000008000f1c0,0x0000000080007a7a,0x0000000000000000,0x00000000800191f0,0x0000000080019440,0x0000000080019530,0x0000000080019280,0x0000000080019118,0x0000000000000006,0x0000000000000003,0x0000000000000006,0x0000000000000006,0xffffffffba977bfe,0x0000000043f150fe,0x0000000000000006,0x000000008000f200,0x0000000000000001,0x0000000000000006,0x0000000000000038,0x0000000000000000,0xffffffffba1221fe,0x000000000055dc95,0x3fedd0be6c437c65,0x000000008000589c,0x4152076dcf9c0ebf,0x4062d54463ae3779,0x4023c5b3ddadf076,0x40069fa256b32a2e,0x4003c0f259de1123,0x4152076dcf9c0ebf,0x4025772550fc5440,0x4129fe57389374bc,0x4152075bc645a1cb,0x3ff12c1dda637b38,0x0000000000000000,0x3f8314f4c02b2e36,0x00000001,0x00000001,0x8000000200006600,0x8000000a00007e00,0x800000000094112d,0x000000008000af80,0x00000000800000e4,0x0000000000000002,0x000000007c201073,0x0000000000000080,0x6000000000000000,0x00000000000000c0,0x4000b4c3,0x000000008000589c,0x000000004000b4c3,0x00000000013a879d,0x00000000013107a5,0x00000000013a879d,0x00000000013107a5,0x0000000000000429,0x0000000000006d43,0x00000000000070ee,0x0000000000953274,0x0000000000006dcb,0x000000000080b866,0x0000000000018ee7,0x00000000004db0cf,0x00000000000000c0,0x0000000000000040,0x00000489,0x8000000000000907,0x0000000007240701,0x03
1783640096434,b,0x0000000080005744,0x0000000080019060,0x000000008000f190,0x000000008000f1c0,0x0000000080007a7a,0x000000000000000f,0x00000000800191f0,0x00000000800190b0,0x0000000080019530,0x0000000080019310,0x00000000800191f0,0x0000000000000006,0x0000000000000006,0x00000000800190d0,0x0000000000000001,0x000000008000f201,0x3fe2505333f12f2e,0x0000000000000006,0x000000008000f200,0x0000000000000001,0x0000000000000006,0x0000000000000038,0x0000000000000000,0xffffffff8cbb9078,0x00000000005821a4,0x3fedd0be6c437834,0x00000000800049f8,0x4152076dcf9c0ebf,0x4062d54463ae3779,0x4023c5b3ddadf076,0x40069fa256b32a2e,0x4003c0f259de1123,0x4152076dcf9c0ebf,0x414fe4b7acfdf3b6,0x4129fe730786c227,0x4152075e0bb645a2,0x0000000000000000,0x0000000000000000,0x0000000000000000,0x00000001,0x00000001,0x8000000200006600,0x8000000a00007e00,0x800000000094112d,0x000000008000af80,0x00000000800000e4,0x0000000000000002,0x000000007c201073,0x0000000000000080,0x6000000000000000,0x00000000000000c0,0x4000b4c3,0x00000000800049f8,0x000000004000b4c3,0x00000000013b82e1,0x000000000131fccd,0x00000000013b82e1,0x000000000131fccd,0x000000000000042d,0x0000000000006d47,0x000000000000713a,0x000000000095aa96,0x0000000000006dee,0x000000000081263c,0x0000000000019000,0x00000000004df113,0x00000000000000c0,0x0000000000000040,0x00000489,0x8000000000000907,0x0000000007240701,0x03
1783640098073,b,0x000000008000571c,0x0000000080019070,0x000000008000f190,0x000000008000f1c0,0x0000000080007a7a,0x000000000000000f,0x0000000080019310,0x00000000800190b0,0x0000000080019530,0x0000000080019548,0x00000000800191f0,0x0000000000000006,0x0000000000000003,0x00000000800195f0,0x0000000000000006,0x000000008000f201,0x3fe46155affee059,0x0000000000000006,0x000000008000f200,0x0000000000000001,0x0000000000000006,0x0000000000000038,0x0000000000000000,0x000000004eae6a38,0x00000000005014f8,0x3fedd0be6c437505,0x0000000080004b74,0x4152076dcf9c0ebf,0x4062d54463ae3779,0x4023c5b3ddadf076,0x40069fa256b32a2e,0x4003c0f259de1123,0x4152076dcf9c0ebf,0x414fe4bc21374bc7,0x4129fe51451eb852,0x4152075c5f27bb30,0x3ff0000000000000,0x0000000000000000,0x0000000000000000,0x00000001,0x00000001,0x8000000200006600,0x8000000a00007e00,0x800000000094112d,0x000000008000af80,0x00000000800000e4,0x0000000000000002,0x000000007c201073,0x0000000000000080,0x6000000000000000,0x00000000000000c0,0x4000b4c3,0x0000000080004b74,0x000000004000b4c3,0x00000000013cc71a,0x0000000001333cea,0x00000000013cc71a,0x0000000001333cea,0x0000000000000432,0x0000000000006d4a,0x00000000000071a7,0x00000000009648cb,0x0000000000006e22,0x000000000081b10b,0x000000000001919a,0x00000000004e435a,0x00000000000000c0,0x0000000000000040,0x00000489,0x8000000000000907,0x0000000007240701,0x03
1783640099643,b,0x0000000080006260,0x0000000080019230,0x000000008000f190,0x000000008000f1c0,0x402a6014520d6b47,0x0000000000000000,0x0000000000000000,0x0000000080019440,0x0000000080019530,0x0000000080019698,0x00000000800194a0,0x000000008000f238,0x00000000800003f0,0x0000000000000003,0x0000000080019478,0x0000000070ebfde3,0x00000000505555d8,0x0000000000000006,0x000000008000f200,0x0000000000000001,0x0000000000000006,0x0000000000000038,0x0000000000000000,0x0000000070e36ce0,0x000000000079abaa,0x3fedd0be6c4372ac,0x0000000080005cc0,0x4152076dcf9c0ebf,0x4062d54463ae3779,0x4023c5b3ddadf076,0x40069fa256b32a2e,0x4003c0f259de1123,0x4152076dcf9c0ebf,0x401e6aea94155576,0x4129fe51451eb852,0x4152075c5f27bb30,0x01a56e1fc2f8f359,0x3fdcf46da09c9984,0x0000000000000000,0x00000001,0x00000001,0x8000000200006600,0x8000000a00007e00,0x800000000094112d,0x000000008000af80,0x00000000800000e4,0x0000000000000002,0x000000007c201073,0x0000000000000080,0x6000000000000000,0x00000000000000c0,0x4000b4c3,0x0000000080005cc0,0x000000004000b4c3,0x00000000013def3c,0x0000000001346247,0x00000000013def3c,0x0000000001346247,0x0000000000000435,0x0000000000006d4d,0x00000000000071e6,0x000000000096d8e7,0x0000000000006e43,0x00000000008230fc,0x0000000000019303,0x00000000004e9123,0x00000000000000c0,0x0000000000000040,0x00000489,0x8000000000000907,0x0000000007240701,0x03
1783640101156,b,0x00000000800058f2,0x0000000080018ed0,0x000000008000f190,0x000000008000f1c0,0x0000000080007a7a,0x0000000000000000,0x00000000800191f0,0x0000000080018f20,0x0000000080019530,0x00000000800193a0,0x00000000800194a0,0x0000000000000006,0x0000000000000003,0x00000000800193a0,0x00000000800193b8,0xffffffffd23e4f94,0x0000000043f14ed0,0x0000000000000006,0x000000008000f200,0x0000000000000001,0x0000000000000006,0x0000000000000038,0x0000000000000000,0xffffffffd20e4b80,0x000000000055dc95,0x3fedd0be6c4372ac,0x00000000800049a4,0x4152076dcf9c0ebf,0x4062d54463ae3779,0x4023c5b3ddadf076,0x40069fa256b32a2e,0x4003c0f259de1123,0x4152076dcf9c0ebf,0x4025772550fc53b4,0x4129fe639999999a,0x4152075e3c8e8a72,0x0000000000000000,0x0000000000000000,0x0000000000000000,0x00000001,0x00000001,0x8000000200006600,0x8000000a00007e00,0x800000000094112d,0x000000008000af80,0x00000000800000e4,0x0000000000000002,0x000000007c201073,0x0000000000000080,0x6000000000000000,0x00000000000000c0,0x4000b4c3,0x00000000800049a4,0x000000004000b4c3,0x00000000013ef299,0x0000000001356417,0x00000000013ef299,0x0000000001356417,0x0000000000000437,0x0000000000006d50,0x0000000000007238,0x0000000000975666,0x0000000000006e70,0x000000000082a00d,0x000000000001944c,0x00000000004ed599,0x00000000000000c0,0x0000000000000040,0x00000489,0x8000000000000907,0x0000000007240701,0x03
1783640102645,b,0x0000000080009fc2,0x0000000080018dc0,0x000000008000f190,0x000000008000f1c0,0x0000000080007a7a,0x0000000002000000,0x00000000800191f0,0x0000000080018e40,0x0000000080018ef8,0x00000000005869e6,0x0000000034000000,0x000000000059b27e,0x0000000000000002,0x00000000002c34f3,0xfffffffff8000000,0x000000000059b27e,0x0000000068000000,0x0000000000000006,0x000000008000f200,0x0000000000000001,0x0000000000000006,0x0000000000000038,0x000000000000001a,0x000000006a000000,0x00000000005869e6,0x3fedd0be6c437103,0x000000008000a0ee,0x4152076dcf9c0ebf,0x4062d54463ae3779,0x4023c5b3ddadf076,0x40069fa256b32a2e,0x4003c0f259de1123,0x403e88fa391e4302,0x403e88fa391e4302,0x4129fe5841f212d7,0x4152075fb39db22d,0x3ff12c1dda63755f,0x0000000000000000,0x403e88fa391e4302,0x00000001,0x00000001,0x8000000200006600,0x8000000a00007e00,0x800000000094112d,0x000000008000af80,0x00000000800000e4,0x0000000000000002,0x000000007c201073,0x0000000000000080,0x6000000000000000,0x00000000000000c0,0x4000b4c3,0x000000008000a0ee,0x000000004000b4c3,0x0000000001403ee8,0x000000000136aa85,0x0000000001403ee8,0x000000000136aa85,0x000000000000043d,0x0000000000006d54,0x0000000000007292,0x000000000097f5a2,0x0000000000006e98,0x00000000008331d3,0x00000000000195b0,0x00000000004f2d40,0x00000000000000c0,0x0000000000000040,0x00000489,0x8000000000000907,0x0000000007240701,0x03
1783640104186,b,0x0000000080005744,0x0000000080019060,0x000000008000f190,0x000000008000f1c0,0x0000000080007a7a,0x000000000000000f,0x00000000800191f0,0x00000000800190b0,0x0000000080019530,0x0000000080019310,0x00000000800191f0,0x0000000000000006,0x0000000000000006,0x0000000000000001,0x0000000000000006,0x000000008000f201,0x3fe8b412282104f2,0x0000000000000006,0x000000008000f200,0x0000000000000001,0x0000000000000006,0x0000000000000038,0x0000000000000000,0xffffffffbe703fb8,0x000000000057434a,0x3fedd0be6c436fe9,0x00000000800049d6,0x4152076dcf9c0ebf,0x4062d54463ae3779,0x4023c5b3ddadf076,0x40069fa256b32a2e,0x4003c0f259de1123,0x4152076dcf9c0ebf,0x414fe4beaee2eb1c,0x4129fe76a0f9096c,0x4152075cb3fb15b5,0x0000000000000000,0x0000000000000000,0x0000000000000000,0x00000001,0x00000001,0x8000000200006600,0x8000000a00007e00,0x800000000094112d,0x000000008000af80,0x00000000800000e4,0x0000000000000002,0x000000007c201073,0x0000000000000080,0x6000000000000000,0x00000000000000c0,0x4000b4c3,0x00000000800049d6,0x000000004000b4c3,0x0000000001413b87,0x000000000137a2db,0x0000000001413b87,0x000000000137a2db,0x0000000000000440,0x0000000000006d57,0x00000000000072f3,0x000000000098718a,0x0000000000006ec6,0x0000000000839cc5,0x00000000000196f9,0x00000000004f6ad3,0x00000000000000c0,0x0000000000000040,0x00000489,0x8000000000000907,0x0000000007240701,0x03
1783640105686,b,0x0000000080006260,0x0000000080019230,0x000000008000f190,0x000000008000f1c0,0x402a6014520d6543,0x0000000000000000,0x0000000000000000,0x0000000080019440,0x0000000080019530,0x0000000080019698,0x00000000800194a0,0x000000008000f238,0x00000000800003f0,0x000000008000f238,0x000000008000f340,0xffffffff8ff4dede,0xffffffffba6a0952,0x0000000000000006,0x000000008000f200,0x0000000000000001,0x0000000000000006,0x0000000000000038,0x0000000000000000,0xffffffff8fe090de,0x00000000004de640,0x3fedd0be6c436f41,0x0000000080005c06,0x4152076dcf9c0ebf,0x4062d54463ae3779,0x4023c5b3ddadf076,0x40069fa256b32a2e,0x4003c0f259de1123,0x4152076dcf9c0ebf,0x403379902e9a8255,0x4129fe76a0f9096c,0x4152075cb3fb15b5,0x01a56e1fc2f8f359,0x0000000000000000,0x0000000000000000,0x00000001,0x00000001,0x8000000200006600,0x8000000a00007e00,0x800000000094112d,0x000000008000af80,0x00000000800000e4,0x0000000000000002,0x000000007c201073,0x0000000000000080,0x6000000000000000,0x00000000000000c0,0x4000b4c3,0x0000000080005c06,0x000000004000b4c3,0x0000000001423b32,0x000000000138a129,0x0000000001423b32,0x000000000138a129,0x0000000000000442,0x0000000000006d5a,0x0000000000007345,0x000000000098ed1c,0x0000000000006ee5,0x0000000000840af9,0x0000000000019838,0x00000000004fb01d,0x00000000000000c0,0x0000000000000040,0x00000489,0x8000000000000907,0x0000000007240701,0x03
1783640107102,b,0x00000000800058f2,0x0000000080018ed0,0x000000008000f190,0x000000008000f1c0,0x0000000080007a7a,0x0000000000000000,0x00000000800191f0,0x0000000080018f20,0x0000000080019530,0x00000000800193a0,0x00000000800194a0,0x0000000000000006,0x0000000000000003,0x0000000000000004,0x000000000000000a,0xffffffff90ebef7a,0x0000000043f14d9c,0x0000000000000006,0x000000008000f200,0x0000000000000001,0x0000000000000006,0x0000000000000038,0x0000000000000000,0xffffffff90606478,0x000000000055dc95,0x3fedd0be6c436f41,0x00000000800049be,0x4152076dcf9c0ebf,0x4062d54463ae3779,0x4023c5b3ddadf076,0x40069fa256b32a2e,0x4003c0f259de1123,0x4152076dcf9c0ebf,0x4025772550fc5367,0x4129fe62faacd9e8,0x4152075eccd9e83e,0x3fc733d476943792,0x0000000000000000,0x0000000000000000,0x00000001,0x00000001,0x8000000200006600,0x8000000a00007e00,0x800000000094112d,0x000000008000af80,0x00000000800000e4,0x0000000000000002,0x000000007c201073,0x0000000000000080,0x6000000000000000,0x00000000000000c0,0x4000b4c3,0x00000000800049be,0x000000004000b4c3,0x0000000001435a21,0x000000000139bc05,0x0000000001435a21,0x000000000139bc05,0x0000000000000446,0x0000000000006d5d,0x000000000000739d,0x0000000000997872,0x0000000000006f12,0x000000000084860b,0x00000000000199a1,0x00000000004ff938,0x00000000000000c0,0x0000000000000040,0x00000489,0x8000000000000907,0x0000000007240701,0x03
1783640108402,b,0x000000008000583a,0x0000000080018ed0,0x000000008000f190,0x000000008000f1c0,0x0000000080007a7a,0x000000000000000f,0x00000000800191f0,0x0000000080018f20,0x0000000080019530,0x00000000800194a0,0x000000008000f238,0x0000000000000003,0x0000000000000006,0x000000008000f238,0x000000008000f300,0x000000008000f201,0x3fe8c521aa275caa,0x0000000000000006,0x000000008000f200,0x0000000000000001,0x0000000000000006,0x0000000000000038,0x0000000000000000,0xffffffffd4f2ac3e,0x000000000047c9c6,0x3fedd0be6c436ef0,0x00000000800049c8,0x4152076dcf9c0ebf,0x4062d54463ae3779,0x4023c5b3ddadf076,0x40069fa256b32a2e,0x4003c0f259de1123,0x4152076dcf9c0ebf,0x414fe4bcb495182b,0x4129fe5e5e00d1b7,0x4152075bdb212d77,0x3ff0000000000000,0x0000000000000000,0x0000000000000000,0x00000001,0x00000001,0x8000000200006600,0x8000000a00007e00,0x800000000094112d,0x000000008000af80,0x00000000800000e4,0x0000000000000002,0x000000007c201073,0x0000000000000080,0x6000000000000000,0x00000000000000c0,0x4000b4c3,0x00000000800049c8,0x000000004000b4c3,0x0000000001448649,0x00000000013ae201,0x0000000001448649,0x00000000013ae201,0x000000000000044c,0x0000000000006d60,0x00000000000073e9,0x00000000009a07fe,0x0000000000006f37,0x00000000008509f7,0x0000000000019ad8,0x000000000050480e,0x00000000000000c0,0x0000000000000040,0x00000489,0x8000000000000907,0x0000000007240701,0x03
1783640109942,b,0x0000000080005744,0x0000000080019060,0x000000008000f190,0x000000008000f1c0,0x0000000080007a7a,0x000000000000000f,0x00000000800191f0,0x00000000800190b0,0x0000000080019530,0x0000000080019310,0x00000000800191f0,0x0000000000000006,0x0000000000000006,0x00000000800190d0,0x00000000800191a8,0x000000008000f201,0x3fe61d8113a23988,0x0000000000000006,0x000000008000f200,0x0000000000000001,0x0000000000000006,0x0000000000000038,0x0000000000000000,0x00000000593dfdbe,0x000000000056f1ab,0x3fedd0be6c436ee2,0x00000000800049f0,0x4152076dcf9c0ebf,0x4062d54463ae3779,0x4023c5b3ddadf076,0x40069fa256b32a2e,0x4003c0f259de1123,0x4152076dcf9c0ebf,0x414fe4ba7cb5dcc6,0x4129fe590d844d01,0x4152075bbb86c227,0x0000000000000000,0x0000000000000000,0x0000000000000000,0x00000001,0x00000001,0x8000000200006600,0x8000000a00007e00,0x800000000094112d,0x000000008000af80,0x00000000800000e4,0x0000000000000002,0x000000007c201073,0x0000000000000080,0x6000000000000000,0x00000000000000c0,0x4000b4c3,0x00000000800049f0,0x000000004000b4c3,0x000000000145b39c,0x00000000013c0b1c,0x000000000145b39c,0x00000000013c0b1c,0x0000000000000452,0x0000000000006d63,0x0000000000007459,0x00000000009a9b7d,0x0000000000006f68,0x00000000008589f2,0x0000000000019c58,0x000000000050937d,0x00000000000000c0,0x0000000000000040,0x00000489,0x8000000000000907,0x0000000007240701,0x03
1783640111480,b,0x00000000800056f8,0x0000000080019060,0x000000008000f190,0x000000008000f1c0,0x0000000080007a7a,0x000000000000000f,0x0000000080019430,0x00000000800190b0,0x0000000080019530,0x0000000080019548,0x000000008000f238,0x0000000000000006,0x0000000000000006,0x0000000080019548,0x0000000000000008,0x000000008000f201,0x3fe37510350f2012,0x0000000000000006,0x000000008000f200,0x0000000000000001,0x0000000000000006,0x0000000000000038,0x0000000000000000,0x000000001714bcb8,0x0000000000507e41,0x3fedd0be6c436f02,0x00000000800049a2,0x4152076dcf9c0ebf,0x4062d54463ae3779,0x4023c5b3ddadf076,0x40069fa256b32a2e,0x4003c0f259de1123,0x4152076dcf9c0ebf,0x414fe4b8d1f559b4,0x4129fe5e2ee631f9,0x4152075b66c22681,0x3ff0000000000000,0x4012207dfca3cb69,0x4012207dfca3cb69,0x00000001,0x00000001,0x8000000200006600,0x8000000a00007e00,0x800000000094112d,0x000000008000af80,0x00000000800000e4,0x0000000000000002,0x000000007c201073,0x0000000000000080,0x6000000000000000,0x00000000000000c0,0x4000b4c3,0x00000000800049a2,0x000000004000b4c3,0x000000000146c386,0x00000000013d164e,0x000000000146c386,0x00000000013d164e,0x0000000000000456,0x0000000000006d66,0x00000000000074c9,0x00000000009b20d5,0x0000000000006f9a,0x000000000085fc93,0x0000000000019dc7,0x000000000050d638,0x00000000000000c0,0x0000000000000040,0x00000489,0x8000000000000907,0x0000000007240701,0x03
1783640112951,b,0x00000000800057ae,0x0000000080018d90,0x000000008000f190,0x000000008000f1c0,0x0000000080007a7a,0x0000000000000000,0x00000000800191f0,0x0000000080018de0,0x0000000080019530,0x0000000080018f50,0x000000008000f238,0x0000000000000006,0x0000000000000006,0x0000000000000004,0x000000000000001c,0xffffffffc85fffb8,0x0000000043f14d0c,0x0000000000000006,0x000000008000f200,0x0000000000000001,0x0000000000000006,0x0000000000000038,0x0000000000000000,0xffffffffc81be3b8,0x000000000055dc95,0x3fedd0be6c436f02,0x00000000800049be,0x4152076dcf9c0ebf,0x4062d54463ae3779,0x4023c5b3ddadf076,0x40069fa256b32a2e,0x4003c0f259de1123,0x4152076dcf9c0ebf,0x4025772550fc5343,0x4129fe5e2ee631f9,0x4152075b66c22681,0x8000000000000000,0x0000000000000000,0x0000000000000000,0x00000001,0x00000001,0x8000000200006600,0x8000000a00007e00,0x800000000094112d,0x000000008000af80,0x00000000800000e4,0x0000000000000002,0x000000007c201073,0x0000000000000080,0x6000000000000000,0x00000000000000c0,0x4000b4c3,0x00000000800049be,0x000000004000b4c3,0x000000000147d783,0x00000000013e2abf,0x000000000147d783,0x00000000013e2abf,0x0000000000000457,0x0000000000006d69,0x00000000000074f4,0x00000000009ba56e,0x0000000000006fb7,0x00000000008674c0,0x0000000000019f16,0x0000000000512331,0x00000000000000c0,0x0000000000000040,0x00000489,0x8000000000000907,0x0000000007240701,0x03
1783640114340,b,0x000000008000519e,0x0000000080018e90,0x000000008000f190,0x000000008000f1c0,0x0000000080007a7a,0x0000000000000000,0x00000000800191f0,0x0000000080018ee0,0x0000000080019530,0x0000000000000000,0x0000000050fc533d,0x000000003fe00000,0x4025772550fc533d,0x0000000000000000,0x0000000000000003,0x0000000026ff7fbf,0x0000000043f14cf4,0x0000000000000006,0x000000008000f200,0x0000000000000001,0x0000000000000006,0x0000000000000038,0x0000000000000000,0x0000000026bb1bb8,0x000000000055dc95,0x3fedd0be6c436f41,0x000000008000544e,0x4152076dcf9c0ebf,0x4062d54463ae3779,0x4023c5b3ddadf076,0x40069fa256b32a2e,0x4003c0f259de1123,0x4152076dcf9c0ebf,0x4025772550fc533d,0x4129fe5ba00d1b71,0x4152075db056d5d0,0x0000000000000000,0x3fb7da31f035f479,0x3f81c77792045d41,0x00000001,0x00000001,0x8000000200006600,0x8000000a00007e00,0x800000000094112d,0x000000008000af80,0x00000000800000e4,0x0000000000000002,0x000000007c201073,0x0000000000000080,0x6000000000000000,0x00000000000000c0,0x4000b4c3,0x000000008000544e,0x000000004000b4c3,0x0000000001490d3d,0x00000000013f5be3,0x0000000001490d3d,0x00000000013f5be3,0x000000000000045a,0x0000000000006d6c,0x000000000000755f,0x00000000009c3cfc,0x0000000000006fe4,0x000000000086f92a,0x000000000001a074,0x00000000005171f0,0x00000000000000c0,0x0000000000000040,0x00000489,0x8000000000000907,0x0000000007240701,0x03
1783640115726,b,0x000000008000583a,0x0000000080018ed0,0x000000008000f190,0x000000008000f1c0,0x0000000080007a7a,0x000000000000000f,0x00000000800191f0,0x0000000080018f20,0x0000000080019530,0x00000000800194a0,0x000000008000f238,0x0000000000000003,0x0000000000000006,0x00000000800191f0,0x0000000000000000,0x000000008000f201,0x3fe0a4d5167f3bfb,0x0000000000000006,0x000000008000f200,0x0000000000000001,0x0000000000000006,0x0000000000000038,0x0000000000000000,0x000000000e8ac078,0x0000000000569708,0x3fedd0be6c436f93,0x00000000800049f6,0x4152076dcf9c0ebf,0x4062d54463ae3779,0x4023c5b3ddadf076,0x40069fa256b32a2e,0x4003c0f259de1123,0x4152076dcf9c0ebf,0x414fe4b4d5aee632,0x4129fe657fd8adac,0x4152075d849a0275,0x0000000000000000,0x0000000000000000,0x0000000000000000,0x00000001,0x00000001,0x8000000200006600,0x8000000a00007e00,0x800000000094112d,0x000000008000af80,0x00000000800000e4,0x0000000000000002,0x000000007c201073,0x0000000000000080,0x6000000000000000,0x00000000000000c0,0x4000b4c3,0x00000000800049f6,0x000000004000b4c3,0x00000000014a52b9,0x0000000001409b02,0x00000000014a52b9,0x0000000001409b02,0x000000000000045f,0x0000000000006d6f,0x00000000000075b6,0x00000000009cd7f4,0x000000000000700f,0x0000000000878844,0x000000000001a1e2,0x000000000051c7c4,0x00000000000000c0,0x0000000000000040,0x00000489,0x8000000000000907,0x0000000007240701,0x03
1783640117399,b,0x0000000080005744,0x0000000080019060,0x000000008000f190,0x000000008000f1c0,0x0000000080007a7a,0x000000000000000f,0x00000000800191f0,0x00000000800190b0,0x0000000080019530,0x0000000080019310,0x00000000800191f0,0x0000000000000006,0x0000000000000006,0x0000000000000006,0x0000000000000006,0x000000008000f201,0x3fe05894b7994deb,0x0000000000000006,0x000000008000f200,0x0000000000000001,0x0000000000000006,0x0000000000000038,0x0000000000000000,0x00000000136bf3e0,0x00000000005e8a5f,0x3fedd0be6c436ff0,0x0000000080004a22,0x4152076dcf9c0ebf,0x4062d54463ae3779,0x4023c5b3ddadf076,0x40069fa256b32a2e,0x4003c0f259de1123,0x4152076dcf9c0ebf,0x414fe4b4d288ce70,0x4129fe6a178d4fdf,0x4152075c3ae631f9,0x0000000000000000,0x0000000000000000,0x0000000000000000,0x00000001,0x00000001,0x8000000200006600,0x8000000a00007e00,0x800000000094112d,0x000000008000af80,0x00000000800000e4,0x0000000000000002,0x000000007c201073,0x0000000000000080,0x6000000000000000,0x00000000000000c0,0x4000b4c3,0x0000000080004a22,0x000000004000b4c3,0x00000000014b79de,0x000000000141be5e,0x00000000014b79de,0x000000000141be5e,0x0000000000000461,0x0000000000006d72,0x0000000000007610,0x00000000009d689c,0x0000000000007040,0x00000000008805fe,0x000000000001a35c,0x0000000000521192,0x00000000000000c0,0x0000000000000040,0x00000489,0x8000000000000907,0x0000000007240701,0x03
1783640118926,b,0x0000000080006260,0x0000000080019230,0x000000008000f190,0x000000008000f1c0,0x402a6014520d60ed,0x0000000000000000,0x0000000000000000,0x0000000080019440,0x0000000080019530,0x0000000080019698,0x00000000800194a0,0x000000008000f238,0x00000000800003f0,0x0000000000000003,0x000000000000000c,0xffffffffc27b3f3f,0xffffffffc8ed4526,0x0000000000000006,0x000000008000f200,0x0000000000000001,0x0000000000000006,0x0000000000000038,0x0000000000000000,0xffffffffc27b3f2e,0x0000000000506271,0x3fedd0be6c437050,0x0000000080005cb2,0x4152076dcf9c0ebf,0x4062d54463ae3779,0x4023c5b3ddadf076,0x40069fa256b32a2e,0x4003c0f259de1123,0x4152076dcf9c0ebf,0x4024189c723b514a,0x4129fe6a178d4fdf,0x4152075c3ae631f9,0x01a56e1fc2f8f359,0x0000000000000000,0x0000000000000000,0x00000001,0x00000001,0x8000000200006600,0x8000000a00007e00,0x800000000094112d,0x000000008000af80,0x00000000800000e4,0x0000000000000002,0x000000007c201073,0x0000000000000080,0x6000000000000000,0x00000000000000c0,0x4000b4c3,0x0000000080005cb2,0x000000004000b4c3,0x00000000014c8a6c,0x000000000142cb84,0x00000000014c8a6c,0x000000000142cb84,0x0000000000000463,0x0000000000006d75,0x0000000000007656,0x00000000009dee03,0x000000000000705f,0x0000000000887b7e,0x000000000001a4b1,0x000000000052578d,0x00000000000000c0,0x0000000000000040,0x00000489,0x8000000000000907,0x0000000007240701,0x03
1783640120614,b,0x00000000800057ae,0x0000000080018d90,0x000000008000f190,0x000000008000f1c0,0x0000000080007a7a,0x0000000000000000,0x00000000800191f0,0x0000000080018de0,0x0000000080019530,0x0000000080018f50,0x000000008000f238,0x0000000000000006,0x0000000000000006,0x0000000080018df0,0x0000000080018e50,0xffffffffa4ffffff,0x0000000043f14cd4,0x0000000000000006,0x000000008000f200,0x0000000000000001,0x0000000000000006,0x0000000000000038,0x0000000000000000,0xffffffffa4e4b838,0x000000000055dc95,0x3fedd0be6c437050,0x0000000080004982,0x4152076dcf9c0ebf,0x4062d54463ae3779,0x4023c5b3ddadf076,0x40069fa256b32a2e,0x4003c0f259de1123,0x4152076dcf9c0ebf,0x4025772550fc5335,0x4129fe64f9e83e42,0x4152075e019e83e4,0x8000000000000000,0x0000000000000000,0x0000000000000000,0x00000001,0x00000001,0x8000000200006600,0x8000000a00007e00,0x800000000094112d,0x000000008000af80,0x00000000800000e4,0x0000000000000002,0x000000007c201073,0x0000000000000080,0x6000000000000000,0x00000000000000c0,0x4000b4c3,0x0000000080004982,0x000000004000b4c3,0x00000000014db6f2,0x000000000143f771,0x00000000014db6f2,0x000000000143f771,0x0000000000000466,0x0000000000006d78,0x000000000000769a,0x00000000009e7e8b,0x000000000000708f,0x000000000088fd1c,0x000000000001a630,0x000000000052a8e4,0x00000000000000c0,0x0000000000000040,0x00000489,0x8000000000000907,0x0000000007240701,0x03
1783640122157,b,0x0000000080004ede,0x0000000080018de0,0x000000008000f190,0x000000008000f1c0,0x0000000080007a7a,0x0000000000000000,0x00000000800191f0,0x0000000080018e40,0x0000000080018f00,0x0000000000000001,0x000000001b03b771,0x000000003fe00000,0x40161a799b03b771,0x0000000000000002,0x0000000000000003,0xffffffffcfbb17fa,0x000000006c0eddc4,0x0000000000000006,0x000000008000f200,0x0000000000000001,0x0000000000000006,0x0000000000000038,0x0000000000000000,0xffffffffcf3a00f8,0x00000000005869e6,0x3fedd0be6c4370ae,0x0000000080004f4e,0x4152076dcf9c0ebf,0x4062d54463ae3779,0x4023c5b3ddadf076,0x40069fa256b32a2e,0x4003c0f259de1123,0x4152076dcf9c0ebf,0x40161a799b03b771,0x4129fe4f81205bc0,0x4152075f8f611340,0x01a56e1fc2f8f359,0x0000000000000000,0x0000000000000000,0x00000001,0x00000001,0x8000000200006600,0x8000000a00007e00,0x800000000094112d,0x000000008000af80,0x00000000800000e4,0x0000000000000002,0x000000007c201073,0x0000000000000080,0x6000000000000000,0x00000000000000c0,0x4000b4c3,0x0000000080004f4e,0x000000004000b4c3,0x00000000014ed870,0x000000000145144b,0x00000000014ed870,0x000000000145144b,0x000000000000046a,0x0000000000006d7b,0x00000000000076f2,0x00000000009f0ba9,0x00000000000070b8,0x00000000008979ea,0x000000000001a765,0x000000000052f316,0x00000000000000c0,0x0000000000000040,0x00000489,0x8000000000000907,0x0000000007240701,0x03
1783640123854,b,0x0000000080005744,0x0000000080019060,0x000000008000f190,0x000000008000f1c0,0x0000000080007a7a,0x000000000000000f,0x00000000800191f0,0x00000000800190b0,0x0000000080019530,0x0000000080019310,0x00000000800191f0,0x0000000000000006,0x0000000000000006,0x0000000000000000,0x0000000000000018,0x000000008000f201,0x3fe0aa2cc7bf23bb,0x0000000000000006,0x000000008000f200,0x0000000000000001,0x0000000000000006,0x0000000000000038,0x0000000000000000,0xfffffffffab620b8,0x00000000005994c8,0x3fedd0be6c437104,0x0000000080004976,0x4152076dcf9c0ebf,0x4062d54463ae3779,0x4023c5b3ddadf076,0x40069fa256b32a2e,0x4003c0f259de1123,0x4152076dcf9c0ebf,0x414fe4b2a0000000,0x4129fe5597c1bda5,0x4152075fc2f69446,0x0000000000000000,0x0000000000000000,0x0000000000000000,0x00000001,0x00000001,0x8000000200006600,0x8000000a00007e00,0x800000000094112d,0x000000008000af80,0x00000000800000e4,0x0000000000000002,0x000000007c201073,0x0000000000000080,0x6000000000000000,0x00000000000000c0,0x4000b4c3,0x0000000080004976,0x000000004000b4c3,0x00000000014fe39b,0x00000000014619a2,0x00000000014fe39b,0x00000000014619a2,0x000000000000046f,0x0000000000006d7e,0x000000000000774c,0x00000000009f8c4b,0x00000000000070e2,0x000000000089ecf9,0x000000000001a8b1,0x000000000053364a,0x00000000000000c0,0x0000000000000040,0x00000489,0x8000000000000907,0x0000000007240701,0x03
1783640125534,b,0x0000000080005744,0x0000000080019060,0x000000008000f190,0x000000008000f1c0,0x0000000080007a7a,0x000000000000000f,0x00000000800191f0,0x00000000800190b0,0x0000000080019530,0x0000000080019310,0x00000000800191f0,0x0000000000000006,0x0000000000000006,0x0000000000000003,0x0000000000000003,0x000000008000f201,0x3fe27614ccfef295,0x0000000000000006,0x000000008000f200,0x0000000000000001,0x0000000000000006,0x0000000000000038,0x0000000000000000,0xffffffff9abf079e,0x0000000000568911,0x3fedd0be6c437152,0x00000000800049e4,0x4152076dcf9c0ebf,0x4062d54463ae3779,0x4023c5b3ddadf076,0x40069fa256b32a2e,0x4003c0f259de1123,0x4152076dcf9c0ebf,0x414fe4b306353f7d,0x4129fe5f6ae7d567,0x415207604fc84b5e,0x0000000000000000,0x0000000000000000,0x0000000000000000,0x00000001,0x00000001,0x8000000200006600,0x8000000a00007e00,0x800000000094112d,0x000000008000af80,0x00000000800000e4,0x0000000000000002,0x000000007c201073,0x0000000000000080,0x6000000000000000,0x00000000000000c0,0x4000b4c3,0x00000000800049e4,0x000000004000b4c3,0x0000000001513802,0x0000000001476a42,0x0000000001513802,0x0000000001476a42,0x0000000000000472,0x0000000000006d81,0x00000000000077c1,0x0000000000a03262,0x0000000000007118,0x00000000008a7e89,0x000000000001aa5c,0x0000000000538d10,0x00000000000000c0,0x0000000000000040,0x00000489,0x8000000000000907,0x0000000007240701,0x03
1783640127203,b,0x0000000080006260,0x0000000080019230,0x000000008000f190,0x000000008000f1c0,0x402a6014520d60dc,0x0000000000000000,0x0000000000000000,0x0000000080019440,0x0000000080019530,0x0000000080019698,0x00000000800194a0,0x000000008000f238,0x00000000800003f0,0x0000000000000003,0x0000000000000009,0xffffffffb6fb1fbe,0x000000006657bf0e,0x0000000000000006,0x000000008000f200,0x0000000000000001,0x0000000000000006,0x0000000000000038,0x0000000000000000,0xffffffffb6f30d9e,0x00000000007f9043,0x3fedd0be6c437195,0x0000000080005cda,0x4152076dcf9c0ebf,0x4062d54463ae3779,0x4023c5b3ddadf076,0x40069fa256b32a2e,0x4003c0f259de1123,0x4152076dcf9c0ebf,0x401fe410d995efc4,0x4129fe5f6ae7d567,0x415207604fc84b5e,0x01a56e1fc2f8f359,0x3fdcf46da09c9984,0x4012207dfca3cb69,0x00000001,0x00000001,0x8000000200006600,0x8000000a00007e00,0x800000000094112d,0x000000008000af80,0x00000000800000e4,0x0000000000000002,0x000000007c201073,0x0000000000000080,0x6000000000000000,0x00000000000000c0,0x4000b4c3,0x0000000080005cda,0x000000004000b4c3,0x0000000001525a3e,0x0000000001488915,0x0000000001525a3e,0x0000000001488915,0x0000000000000474,0x0000000000006d84,0x000000000000780a,0x0000000000a0bfa2,0x0000000000007137,0x00000000008afc46,0x000000000001abbc,0x000000000053d917,0x00000000000000c0,0x0000000000000040,0x00000489,0x8000000000000907,0x0000000007240701,0x03
1783640128884,b,0x00000000800058f2,0x0000000080018ed0,0x000000008000f190,0x000000008000f1c0,0x0000000080007a7a,0x0000000000000000,0x00000000800191f0,0x0000000080018f20,0x0000000080019530,0x00000000800193a0,0x00000000800194a0,0x0000000000000006,0x0000000000000003,0x00000000800194a0,0x0000000000000060,0x000000000d3cff6e,0x0000000043f14cda,0x0000000000000006,0x000000008000f200,0x0000000000000001,0x0000000000000006,0x0000000000000038,0x0000000000000000,0x000000000d3ceb2e,0x000000000055dc95,0x3fedd0be6c437195,0x00000000800049c4,0x4152076dcf9c0ebf,0x4062d54463ae3779,0x4023c5b3ddadf076,0x40069fa256b32a2e,0x4003c0f259de1123,0x4152076dcf9c0ebf,0x4025772550fc5337,0x4129fe61d74bc6a8,0x41520762139f559b,0x0000000000000000,0x3f9287f43dd4dd22,0x3f9287f43dd4dd22,0x00000001,0x00000001,0x8000000200006600,0x8000000a00007e00,0x800000000094112d,0x000000008000af80,0x00000000800000e4,0x0000000000000002,0x000000007c201073,0x0000000000000080,0x6000000000000000,0x00000000000000c0,0x4000b4c3,0x00000000800049c4,0x000000004000b4c3,0x0000000001535b8a,0x000000000149888b,0x0000000001535b8a,0x000000000149888b,0x0000000000000476,0x0000000000006d87,0x0000000000007860,0x0000000000a13be3,0x0000000000007164,0x00000000008b6a61,0x000000000001ad02,0x0000000000541d11,0x00000000000000c0,0x0000000000000040,0x00000489,0x8000000000000907,0x0000000007240701,0x03
1783640130315,b,0x0000000080005850,0x0000000080018ed0,0x000000008000f190,0x000000008000f1c0,0x0000000080007a7a,0x000000000000000f,0x00000000800191f0,0x0000000080018f20,0x0000000080019530,0x00000000800191f0,0x0000000080019310,0x0000000000000003,0x0000000000000006,0x00000000800191a8,0x00000000800191c0,0x000000008000f201,0x3fe8316132fc21a4,0x0000000000000006,0x000000008000f200,0x0000000000000001,0x0000000000000006,0x0000000000000038,0x0000000000000000,0xffffffffb6349a3e,0x00000000006d0088,0x3fedd0be6c4371ce,0x00000000800049f0,0x4152076dcf9c0ebf,0x4062d54463ae3779,0x4023c5b3ddadf076,0x40069fa256b32a2e,0x4003c0f259de1123,0x4152076dcf9c0ebf,0x414fe4b2419ce076,0x4129fe59b6f0068e,0x415207613f404ea5,0x0000000000000000,0x0000000000000000,0x0000000000000000,0x00000001,0x00000001,0x8000000200006600,0x8000000a00007e00,0x800000000094112d,0x000000008000af80,0x00000000800000e4,0x0000000000000002,0x000000007c201073,0x0000000000000080,0x6000000000000000,0x00000000000000c0,0x4000b4c3,0x00000000800049f0,0x000000004000b4c3,0x0000000001549b1c,0x00000000014ac19b,0x0000000001549b1c,0x00000000014ac19b,0x000000000000047c,0x0000000000006d8a,0x00000000000078c3,0x0000000000a1d441,0x000000000000718a,0x00000000008bf6cd,0x000000000001ae50,0x00000000005471a3,0x00000000000000c0,0x0000000000000040,0x00000489,0x8000000000000907,0x0000000007240701,0x03
1783640131868,b,0x0000000080005820,0x0000000080018ed0,0x000000008000f190,0x000000008000f1c0,0x0000000080007a7a,0x000000000000000f,0x00000000800191f0,0x0000000080018f20,0x0000000080019530,0x000000008000f238,0x0000000080019310,0x0000000000000006,0x0000000000000006,0x0000000000000000,0x0000000000000000,0x000000008000f201,0x3fea2e0588bb4958,0x0000000000000006,0x000000008000f200,0x0000000000000001,0x0000000000000006,0x0000000000000038,0x0000000000000000,0x00000000361a8878,0x00000000006f3d97,0x3fedd0be6c4371fd,0x0000000080004992,0x4152076dcf9c0ebf,0x4062d54463ae3779,0x4023c5b3ddadf076,0x40069fa256b32a2e,0x4003c0f259de1123,0x4152076dcf9c0ebf,0x414fe4b6cf212d77,0x4129fe61c48e8a72,0x4152075e6a752546,0x0000000000000000,0x401623e8e4790c0a,0x401623e8e4790c0a,0x00000001,0x00000001,0x8000000200006600,0x8000000a00007e00,0x800000000094112d,0x000000008000af80,0x00000000800000e4,0x0000000000000002,0x000000007c201073,0x0000000000000080,0x6000000000000000,0x00000000000000c0,0x4000b4c3,0x0000000080004992,0x000000004000b4c3,0x000000000155d55c,0x00000000014bf7b7,0x000000000155d55c,0x00000000014bf7b7,0x0000000000000481,0x0000000000006d8d,0x0000000000007941,0x0000000000a26dda,0x00000000000071be,0x00000000008c7c03,0x000000000001afdf,0x000000000054c094,0x00000000000000c0,0x0000000000000040,0x00000489,0x8000000000000907,0x0000000007240701,0x03
1783640133442,b,0x0000000080005744,0x0000000080019060,0x000000008000f190,0x000000008000f1c0,0x0000000080007a7a,0x000000000000000f,0x00000000800191f0,0x00000000800190b0,0x0000000080019530,0x0000000080019310,0x00000000800191f0,0x0000000000000006,0x0000000000000006,0x0000000000000005,0x000000000000000b,0x000000008000f201,0x3fe848bd7b0cdf12,0x0000000000000006,0x000000008000f200,0x0000000000000001,0x0000000000000006,0x0000000000000038,0x0000000000000000,0xffffffff82c70780,0x0000000000498639,0x3fedd0be6c437220,0x000000008000497a,0x4152076dcf9c0ebf,0x4062d54463ae3779,0x4023c5b3ddadf076,0x40069fa256b32a2e,0x4003c0f259de1123,0x4152076dcf9c0ebf,0x414fe4b0b6d91687,0x4129fe53335a8588,0x41520762c8c2f838,0x0000000000000000,0x0000000000000000,0x0000000000000000,0x00000001,0x00000001,0x8000000200006600,0x8000000a00007e00,0x800000000094112d,0x000000008000af80,0x00000000800000e4,0x0000000000000002,0x000000007c201073,0x0000000000000080,0x6000000000000000,0x00000000000000c0,0x4000b4c3,0x000000008000497a,0x000000004000b4c3,0x0000000001571ace,0x00000000014d3868,0x0000000001571ace,0x00000000014d3868,0x0000000000000485,0x0000000000006d90,0x00000000000079c2,0x0000000000a30c47,0x00000000000071f0,0x00000000008d0736,0x000000000001b175,0x0000000000551339,0x00000000000000c0,0x0000000000000040,0x00000489,0x8000000000000907,0x0000000007240701,0x03
1783640135055,b,0x00000000800056f8,0x0000000080019060,0x000000008000f190,0x000000008000f1c0,0x0000000080007a7a,0x000000000000000f,0x0000000080019430,0x00000000800190b0,0x0000000080019530,0x0000000080019548,0x000000008000f238,0x0000000000000006,0x0000000000000006,0x0000000000000004,0x000000000000001c,0x000000008000f201,0x3feb9f3d785dabeb,0x0000000000000006,0x000000008000f200,0x0000000000000001,0x0000000000000006,0x0000000000000038,0x0000000000000000,0x000000003043d338,0x000000000060bab7,0x3fedd0be6c437238,0x00000000800049e2,0x4152076dcf9c0ebf,0x4062d54463ae3779,0x4023c5b3ddadf076,0x40069fa256b32a2e,0x4003c0f259de1123,0x4152076dcf9c0ebf,0x414fe4b09514e3bd,0x4129fe5a398c7e28,0x41520761b5119ce0,0x3ff0000000000000,0x0000000000000000,0x402a6014520d611a,0x00000001,0x00000001,0x8000000200006600,0x8000000a00007e00,0x800000000094112d,0x000000008000af80,0x00000000800000e4,0x0000000000000002,0x000000007c201073,0x0000000000000080,0x6000000000000000,0x00000000000000c0,0x4000b4c3,0x00000000800049e2,0x000000004000b4c3,0x0000000001586ddf,0x00000000014e8606,0x0000000001586ddf,0x00000000014e8606,0x0000000000000488,0x0000000000006d93,0x0000000000007a3b,0x0000000000a3b0f1,0x0000000000007222,0x00000000008d98f9,0x000000000001b317,0x0000000000556a2b,0x00000000000000c0,0x0000000000000040,0x00000489,0x8000000000000907,0x0000000007240701,0x03
1783640136731,b,0x0000000080006260,0x0000000080019230,0x000000008000f190,0x000000008000f1c0,0x402a6014520d6128,0x0000000000000000,0x0000000000000000,0x0000000080019440,0x0000000080019530,0x0000000080019698,0x00000000800194a0,0x000000008000f238,0x00000000800003f0,0x0000000000000002,0x0000000080019470,0x0000000012bd57b9,0xffffffffc75afd34,0x0000000000000006,0x000000008000f200,0x0000000000000001,0x0000000000000006,0x0000000000000038,0x0000000000000000,0x00000000128016b8,0x00000000006405ec,0x3fedd0be6c437249,0x0000000080005ffe,0x4152076dcf9c0ebf,0x4062d54463ae3779,0x4023c5b3ddadf076,0x40069fa256b32a2e,0x4003c0f259de1123,0x4152076dcf9c0ebf,0x4019017b31d6bf4d,0x4129fe5a398c7e28,0x41520761b5119ce0,0x0000000000000000,0x0000000000000000,0x0000000000000000,0x00000001,0x00000001,0x8000000200006600,0x8000000a00007e00,0x800000000094112d,0x000000008000af80,0x00000000800000e4,0x0000000000000002,0x000000007c201073,0x0000000000000080,0x6000000000000000,0x00000000000000c0,0x4000b4c3,0x0000000080005ffe,0x000000004000b4c3,0x000000000159ad97,0x00000000014fc1ad,0x000000000159ad97,0x00000000014fc1ad,0x000000000000048b,0x0000000000006d96,0x0000000000007a8b,0x0000000000a44c1c,0x0000000000007245,0x00000000008e2362,0x000000000001b499,0x000000000055bcec,0x00000000000000c0,0x0000000000000040,0x00000489,0x8000000000000907,0x0000000007240701,0x03
1783640138210,b,0x00000000800057ae,0x0000000080018d90,0x000000008000f190,0x000000008000f1c0,0x0000000080007a7a,0x0000000000000000,0x00000000800191f0,0x0000000080018de0,0x0000000080019530,0x0000000080018f50,0x000000008000f238,0x0000000000000006,0x0000000000000006,0x0000000000000002,0x0000000000000006,0x000000004657d3f9,0x0000000043f14cec,0x0000000000000006,0x000000008000f200,0x0000000000000001,0x0000000000000006,0x0000000000000038,0x0000000000000000,0x0000000046458338,0x000000000055dc95,0x3fedd0be6c437249,0x0000000080004a06,0x4152076dcf9c0ebf,0x4062d54463ae3779,0x4023c5b3ddadf076,0x40069fa256b32a2e,0x4003c0f259de1123,0x4152076dcf9c0ebf,0x4025772550fc533b,0x4129fe5524816f00,0x4152076551e4f766,0x3ff0000000000000,0xbfb9a486f73efccb,0x3fdcf46da09c9983,0x00000001,0x00000001,0x8000000200006600,0x8000000a00007e00,0x800000000094112d,0x000000008000af80,0x00000000800000e4,0x0000000000000002,0x000000007c201073,0x0000000000000080,0x6000000000000000,0x00000000000000c0,0x4000b4c3,0x0000000080004a06,0x000000004000b4c3,0x00000000015ace5a,0x000000000150e2a5,0x00000000015ace5a,0x000000000150e2a5,0x0000000000000490,0x0000000000006d9a,0x0000000000007ad4,0x0000000000a4d7a9,0x0000000000007275,0x00000000008e9f5d,0x000000000001b60d,0x0000000000560b42,0x00000000000000c0,0x0000000000000040,0x00000489,0x8000000000000907,0x0000000007240701,0x03
1783640139753,b,0x0000000080004ede,0x0000000080018de0,0x000000008000f190,0x000000008000f1c0,0x0000000080007a7a,0x0000000000000000,0x00000000800191f0,0x0000000080018e40,0x0000000080018f00,0x0000000000000001,0x000000001b03b771,0x000000003fe00000,0x40161a799b03b771,0xffffffff80000000,0x0000000000000000,0xffffffffcfbb17fa,0x000000006c0eddc4,0x0000000000000006,0x000000008000f200,0x0000000000000001,0x0000000000000006,0x0000000000000038,0x0000000000000000,0xffffffffcf3a00f8,0x00000000005869e6,0x3fedd0be6c437251,0x0000000080004ee2,0x4152076dcf9c0ebf,0x4062d54463ae3779,0x4023c5b3ddadf076,0x40069fa256b32a2e,0x4003c0f259de1123,0x4152076dcf9c0ebf,0x40161a799b03b771,0x4129fe5ed6a161e5,0x4152076280068db9,0x01a56e1fc2f8f359,0x3ff0000000000000,0x40161a799b03b771,0x00000001,0x00000001,0x8000000200006600,0x8000000a00007e00,0x800000000094112d,0x000000008000af80,0x00000000800000e4,0x0000000000000002,0x000000007c201073,0x0000000000000080,0x6000000000000000,0x00000000000000c0,0x4000b4c3,0x0000000080004ee2,0x000000004000b4c3,0x00000000015bf8c7,0x0000000001520869,0x00000000015bf8c7,0x0000000001520869,0x0000000000000494,0x0000000000006d9d,0x0000000000007b32,0x0000000000a56919,0x000000000000729e,0x00000000008f203f,0x000000000001b747,0x0000000000565812,0x00000000000000c0,0x0000000000000040,0x00000489,0x8000000000000907,0x0000000007240701,0x03
1783640141328,b,0x0000000080005744,0x0000000080019060,0x000000008000f190,0x000000008000f1c0,0x0000000080007a7a,0x000000000000000f,0x00000000800191f0,0x00000000800190b0,0x0000000080019530,0x0000000080019310,0x00000000800191f0,0x0000000000000006,0x0000000000000006,0x00000000800190d0,0x0000000000000004,0x000000008000f201,0x3ff1851a9f74aba3,0x0000000000000006,0x000000008000f200,0x0000000000000001,0x0000000000000006,0x0000000000000038,0x0000000000000000,0xffffffff9e9745e0,0x000000000045de71,0x3fedd0be6c437254,0x0000000080004988,0x4152076dcf9c0ebf,0x4062d54463ae3779,0x4023c5b3ddadf076,0x40069fa256b32a2e,0x4003c0f259de1123,0x4152076dcf9c0ebf,0x414fe4b12fb15b57,0x4129fe62bbb2fec5,0x415207603eb851ec,0x402c3d2038d19862,0x0000000000000000,0x0000000000000000,0x00000001,0x00000001,0x8000000200006600,0x8000000a00007e00,0x800000000094112d,0x000000008000af80,0x00000000800000e4,0x0000000000000002,0x000000007c201073,0x0000000000000080,0x6000000000000000,0x00000000000000c0,0x4000b4c3,0x0000000080004988,0x000000004000b4c3,0x00000000015d0501,0x0000000001530e5b,0x00000000015d0501,0x0000000001530e5b,0x0000000000000499,0x0000000000006da0,0x0000000000007b98,0x0000000000a5e9fb,0x00000000000072c8,0x00000000008f93c7,0x000000000001b895,0x0000000000569b79,0x00000000000000c0,0x0000000000000040,0x00000489,0x8000000000000907,0x0000000007240701,0x03
1783640142721,b,0x00000000800056f8,0x0000000080019060,0x000000008000f190,0x000000008000f1c0,0x0000000080007a7a,0x000000000000000f,0x0000000080019430,0x00000000800190b0,0x0000000080019530,0x0000000080019548,0x000000008000f238,0x0000000000000006,0x0000000000000006,0x0000000080019310,0x0000000000000002,0x000000008000f201,0x3ff061194ee9c466,0x0000000000000006,0x000000008000f200,0x0000000000000001,0x0000000000000006,0x0000000000000038,0x0000000000000000,0xffffffffcdba9e6e,0x000000000058ffd5,0x3fedd0be6c437253,0x00000000800049f8,0x4152076dcf9c0ebf,0x4062d54463ae3779,0x4023c5b3ddadf076,0x40069fa256b32a2e,0x4003c0f259de1123,0x4152076dcf9c0ebf,0x414fe4af5e0aa64c,0x4129fe51bfa43fe6,0x41520761bbc50481,0x0000000000000000,0x0000000000000000,0x0000000000000000,0x00000001,0x00000001,0x8000000200006600,0x8000000a00007e00,0x800000000094112d,0x000000008000af80,0x00000000800000e4,0x0000000000000002,0x000000007c201073,0x0000000000000080,0x6000000000000000,0x00000000000000c0,0x4000b4c3,0x00000000800049f8,0x000000004000b4c3,0x00000000015e37f1,0x0000000001543ceb,0x00000000015e37f1,0x0000000001543ceb,0x00000000000004a0,0x0000000000006da3,0x0000000000007bf7,0x0000000000a67ffa,0x00000000000072fa,0x000000000090170a,0x000000000001ba1f,0x000000000056e8f6,0x00000000000000c0,0x0000000000000040,0x00000489,0x8000000000000907,0x0000000007240701,0x03
1783640144266,b,0x0000000080006260,0x0000000080019230,0x000000008000f190,0x000000008000f1c0,0x402a6014520d6149,0x0000000000000000,0x0000000000000000,0x0000000080019440,0x0000000080019530,0x0000000080019698,0x00000000800194a0,0x000000008000f238,0x00000000800003f0,0x000000008000f238,0x0000000000000005,0x00000000591db67f,0xffffffff9e0d111c,0x0000000000000006,0x000000008000f200,0x0000000000000001,0x0000000000000006,0x0000000000000038,0x0000000000000000,0x000000005901a278,0x00000000006134ff,0x3fedd0be6c43724c,0x0000000080005c1c,0x4152076dcf9c0ebf,0x4062d54463ae3779,0x4023c5b3ddadf076,0x40069fa256b32a2e,0x4003c0f259de1123,0x4152076dcf9c0ebf,0x40184d3fe7834447,0x4129fe51bfa43fe6,0x41520761bbc50481,0x01a56e1fc2f8f359,0x0000000000000000,0x0000000000000000,0x00000001,0x00000001,0x8000000200006600,0x8000000a00007e00,0x800000000094112d,0x000000008000af80,0x00000000800000e4,0x0000000000000002,0x000000007c201073,0x0000000000000080,0x6000000000000000,0x00000000000000c0,0x4000b4c3,0x0000000080005c1c,0x000000004000b4c3,0x00000000015f7227,0x00000000015575b3,0x00000000015f7227,0x00000000015575b3,0x00000000000004a1,0x0000000000006da6,0x0000000000007c3d,0x0000000000a7186a,0x000000000000731d,0x0000000000909f39,0x000000000001bb96,0x0000000000573d1d,0x00000000000000c0,0x0000000000000040,0x00000489,0x8000000000000907,0x0000000007240701,0x03
1783640145571,b,0x00000000800058f2,0x0000000080018ed0,0x000000008000f190,0x000000008000f1c0,0x0000000080007a7a,0x0000000000000000,0x00000000800191f0,0x0000000080018f20,0x0000000080019530,0x00000000800193a0,0x00000000800194a0,0x0000000000000006,0x0000000000000003,0x0000000000000000,0x0000000000000003,0xffffffffae9db7df,0x0000000043f14cf2,0x0000000000000006,0x000000008000f200,0x0000000000000001,0x0000000000000006,0x0000000000000038,0x0000000000000000,0xffffffffae9db59e,0x000000000055dc95,0x3fedd0be6c43724c,0x000000008000498e,0x4152076dcf9c0ebf,0x4062d54463ae3779,0x4023c5b3ddadf076,0x40069fa256b32a2e,0x4003c0f259de1123,0x4152076dcf9c0ebf,0x4025772550fc533d,0x4129fe597f7ced91,0x4152075fc8a57a78,0x0000000000000000,0x3fc733d476943792,0x3fc733d476943792,0x00000001,0x00000001,0x8000000200006600,0x8000000a00007e00,0x800000000094112d,0x000000008000af80,0x00000000800000e4,0x0000000000000002,0x000000007c201073,0x0000000000000080,0x6000000000000000,0x00000000000000c0,0x4000b4c3,0x000000008000498e,0x000000004000b4c3,0x0000000001607641,0x00000000015677a4,0x0000000001607641,0x00000000015677a4,0x00000000000004a3,0x0000000000006da9,0x0000000000007c78,0x0000000000a796c6,0x000000000000734a,0x0000000000910ea1,0x000000000001bcdf,0x00000000005780b0,0x00000000000000c0,0x0000000000000040,0x00000489,0x8000000000000907,0x0000000007240701,0x03
1783640147111,b,0x0000000080005820,0x0000000080018ed0,0x000000008000f190,0x000000008000f1c0,0x0000000080007a7a,0x000000000000000f,0x00000000800191f0,0x0000000080018f20,0x0000000080019530,0x000000008000f238,0x0000000080019310,0x0000000000000006,0x0000000000000006,0x0000000080019280,0x0000000000000028,0x000000008000f201,0x3fed2de1e46d70d8,0x0000000000000006,0x000000008000f200,0x0000000000000001,0x0000000000000006,0x0000000000000038,0x0000000000000000,0xffffffffa506a380,0x00000000006e2f01,0x3fedd0be6c437243,0x0000000080004954,0x4152076dcf9c0ebf,0x4062d54463ae3779,0x4023c5b3ddadf076,0x40069fa256b32a2e,0x4003c0f259de1123,0x4152076dcf9c0ebf,0x414fe4b04243fe5d,0x4129fe62db573eab,0x41520763e315b574,0x0000000000000000,0x0000000000000000,0x0000000000000000,0x00000001,0x00000001,0x8000000200006600,0x8000000a00007e00,0x800000000094112d,0x000000008000af80,0x00000000800000e4,0x0000000000000002,0x000000007c201073,0x0000000000000080,0x6000000000000000,0x00000000000000c0,0x4000b4c3,0x0000000080004954,0x000000004000b4c3,0x000000000161869b,0x0000000001578208,0x000000000161869b,0x0000000001578208,0x00000000000004a5,0x0000000000006dac,0x0000000000007cd3,0x0000000000a81940,0x000000000000736e,0x0000000000918585,0x000000000001be04,0x000000000057c6f4,0x00000000000000c0,0x0000000000000040,0x00000489,0x8000000000000907,0x0000000007240701,0x03
1783640148676,b,0x00000000800056f8,0x0000000080019060,0x000000008000f190,0x000000008000f1c0,0x0000000080007a7a,0x000000000000000f,0x0000000080019430,0x00000000800190b0,0x0000000080019530,0x0000000080019548,0x000000008000f238,0x0000000000000006,0x0000000000000006,0x0000000080019310,0x0000000000000006,0x000000008000f201,0x3fef2307296d7600,0x0000000000000006,0x000000008000f200,0x0000000000000001,0x0000000000000006,0x0000000000000038,0x0000000000000000,0xffffffffed1a7af8,0x00000000004a12cc,0x3fedd0be6c437238,0x00000000800049fc,0x4152076dcf9c0ebf,0x4062d54463ae3779,0x4023c5b3ddadf076,0x40069fa256b32a2e,0x4003c0f259de1123,0x4152076dcf9c0ebf,0x414fe4afe1eecbfb,0x4129fe5d2474538f,0x4152075c92027525,0x3ff0000000000000,0x3fedd0be6c437238,0x3ff117a2f91bc80c,0x00000001,0x00000001,0x8000000200006600,0x8000000a00007e00,0x800000000094112d,0x000000008000af80,0x00000000800000e4,0x0000000000000002,0x000000007c201073,0x0000000000000080,0x6000000000000000,0x00000000000000c0,0x4000b4c3,0x00000000800049fc,0x000000004000b4c3,0x000000000162a4ea,0x0000000001589b2e,0x000000000162a4ea,0x0000000001589b2e,0x00000000000004a9,0x0000000000006daf,0x0000000000007d35,0x0000000000a8a50f,0x000000000000739c,0x0000000000920012,0x000000000001bf74,0x0000000000580e95,0x00000000000000c0,0x0000000000000040,0x00000489,0x8000000000000907,0x0000000007240701,0x03
1783640150147,b,0x00000000800057ae,0x0000000080018d90,0x000000008000f190,0x000000008000f1c0,0x0000000080007a7a,0x0000000000000000,0x00000000800191f0,0x0000000080018de0,0x0000000080019530,0x0000000080018f50,0x000000008000f238,0x0000000000000006,0x0000000000000006,0x0000000000000005,0x0000000000000006,0xffffffffae9db7df,0x0000000043f14cf2,0x0000000000000006,0x000000008000f200,0x0000000000000001,0x0000000000000006,0x0000000000000038,0x0000000000000000,0xffffffffae9db59e,0x000000000055dc95,0x3fedd0be6c437238,0x00000000800049ba,0x4152076dcf9c0ebf,0x4062d54463ae3779,0x4023c5b3ddadf076,0x40069fa256b32a2e,0x4003c0f259de1123,0x4152076dcf9c0ebf,0x4025772550fc533d,0x4129fe5d2474538f,0x4152075c92027525,0x8000000000000000,0x0000000000000000,0x0000000000000000,0x00000001,0x00000001,0x8000000200006600,0x8000000a00007e00,0x800000000094112d,0x000000008000af80,0x00000000800000e4,0x0000000000000002,0x000000007c201073,0x0000000000000080,0x6000000000000000,0x00000000000000c0,0x4000b4c3,0x00000000800049ba,0x000000004000b4c3,0x000000000163a80e,0x0000000001599ede,0x000000000163a80e,0x0000000001599ede,0x00000000000004ac,0x0000000000006db2,0x0000000000007d60,0x0000000000a921c7,0x00000000000073b9,0x0000000000927078,0x000000000001c0b8,0x000000000058565d,0x00000000000000c0,0x0000000000000040,0x00000489,0x8000000000000907,0x0000000007240701,0x03
1783640151602,b,0x00000000800058f2,0x0000000080018ed0,0x000000008000f190,0x000000008000f1c0,0x0000000080007a7a,0x0000000000000000,0x00000000800191f0,0x0000000080018f20,0x0000000080019530,0x00000000800193a0,0x00000000800194a0,0x0000000000000006,0x0000000000000003,0x0000000000000004,0x000000000000001c,0xffffffffae9db7df,0x0000000043f14cf2,0x0000000000000006,0x000000008000f200,0x0000000000000001,0x0000000000000006,0x0000000000000038,0x0000000000000000,0xffffffffae9db59e,0x000000000055dc95,0x3fedd0be6c43722c,0x000000008000497a,0x4152076dcf9c0ebf,0x4062d54463ae3779,0x4023c5b3ddadf076,0x40069fa256b32a2e,0x4003c0f259de1123,0x4152076dcf9c0ebf,0x4025772550fc533d,0x4129fe531a6b50b1,0x4152075f237ced91,0x0000000000000000,0x0000000000000000,0x0000000000000000,0x00000001,0x00000001,0x8000000200006600,0x8000000a00007e00,0x800000000094112d,0x000000008000af80,0x00000000800000e4,0x0000000000000002,0x000000007c201073,0x0000000000000080,0x6000000000000000,0x00000000000000c0,0x4000b4c3,0x000000008000497a,0x000000004000b4c3,0x000000000164ecd2,0x00000000015adf89,0x000000000164ecd2,0x00000000015adf89,0x00000000000004b0,0x0000000000006db5,0x0000000000007dcc,0x0000000000a9c04f,0x00000000000073ec,0x000000000092fb00,0x000000000001c24b,0x000000000058a8f1,0x00000000000000c0,0x0000000000000040,0x00000489,0x8000000000000907,0x0000000007240701,0x03
1783640153013,b,0x000000008000583a,0x0000000080018ed0,0x000000008000f190,0x000000008000f1c0,0x0000000080007a7a,0x000000000000000f,0x00000000800191f0,0x0000000080018f20,0x0000000080019530,0x00000000800194a0,0x000000008000f238,0x0000000000000003,0x0000000000000006,0x000000008000f238,0x000000008000f338,0x000000008000f201,0x3fe44f33604fc74d,0x0000000000000006,0x000000008000f200,0x0000000000000001,0x0000000000000006,0x0000000000000038,0x0000000000000000,0xffffffffc04fc42e,0x00000000004088b9,0x3fedd0be6c43721e,0x00000000800049c6,0x4152076dcf9c0ebf,0x4062d54463ae3779,0x4023c5b3ddadf076,0x40069fa256b32a2e,0x4003c0f259de1123,0x4152076dcf9c0ebf,0x414fe4b18c395810,0x4129fe44d780346e,0x41520762d7ec56d6,0x0000000000000000,0x0000000000000000,0x0000000000000000,0x00000001,0x00000001,0x8000000200006600,0x8000000a00007e00,0x800000000094112d,0x000000008000af80,0x00000000800000e4,0x0000000000000002,0x000000007c201073,0x0000000000000080,0x6000000000000000,0x00000000000000c0,0x4000b4c3,0x00000000800049c6,0x000000004000b4c3,0x000000000165fec6,0x00000000015beb60,0x000000000165fec6,0x00000000015beb60,0x00000000000004b5,0x0000000000006db8,0x0000000000007e16,0x0000000000aa4382,0x0000000000007411,0x0000000000937318,0x000000000001c367,0x000000000058effb,0x00000000000000c0,0x0000000000000040,0x00000489,0x8000000000000907,0x0000000007240701,0x03
1783640154379,b,0x00000000800056f8,0x0000000080019060,0x000000008000f190,0x000000008000f1c0,0x0000000080007a7a,0x000000000000000f,0x0000000080019430,0x00000000800190b0,0x0000000080019530,0x0000000080019548,0x000000008000f238,0x0000000000000006,0x0000000000000006,0x0000000080019310,0x00000000800193a0,0x000000008000f201,0x3fe57da59ec81a9d,0x0000000000000006,0x000000008000f200,0x0000000000000001,0x0000000000000006,0x0000000000000038,0x0000000000000000,0x0000000031bd7ebe,0x000000000071b35a,0x3fedd0be6c437211,0x00000000800049f0,0x4152076dcf9c0ebf,0x4062d54463ae3779,0x4023c5b3ddadf076,0x40069fa256b32a2e,0x4003c0f259de1123,0x4152076dcf9c0ebf,0x414fe4b1273eab36,0x4129fe6feed91687,0x4152076088710cb3,0x0000000000000000,0x0000000000000000,0x0000000000000000,0x00000001,0x00000001,0x8000000200006600,0x8000000a00007e00,0x800000000094112d,0x000000008000af80,0x00000000800000e4,0x0000000000000002,0x000000007c201073,0x0000000000000080,0x6000000000000000,0x00000000000000c0,0x4000b4c3,0x00000000800049f0,0x000000004000b4c3,0x000000000166f4a2,0x00000000015cdbe8,0x000000000166f4a2,0x00000000015cdbe8,0x00000000000004b8,0x0000000000006dbb,0x0000000000007e87,0x0000000000aabc49,0x000000000000743e,0x000000000093da49,0x000000000001c4b4,0x0000000000592b38,0x00000000000000c0,0x0000000000000040,0x00000489,0x8000000000000907,0x0000000007240701,0x03
1783640155806,b,0x0000000080006260,0x0000000080019230,0x000000008000f190,0x000000008000f1c0,0x402a6014520d6145,0x0000000000000000,0x0000000000000000,0x0000000080019440,0x0000000080019530,0x0000000080019698,0x00000000800194a0,0x000000008000f238,0x00000000800003f0,0x0000000000000003,0x0000000080003cf8,0xffffffffd3fa7fea,0x000000006f030bf8,0x0000000000000006,0x000000008000f200,0x0000000000000001,0x0000000000000006,0x0000000000000038,0x0000000000000000,0xffffffffd3d05fe0,0x00000000007e704c,0x3fedd0be6c437204,0x0000000080005e9c,0x4152076dcf9c0ebf,0x4062d54463ae3779,0x4023c5b3ddadf076,0x40069fa256b32a2e,0x4003c0f259de1123,0x4152076dcf9c0ebf,0x402f9c131bc0c2fe,0x4129fe6feed91687,0x4152076088710cb3,0x0000000000000000,0x3ff0000000000000,0x3ee53eac819e67ed,0x00000001,0x00000001,0x8000000200006600,0x8000000a00007e00,0x800000000094112d,0x000000008000af80,0x00000000800000e4,0x0000000000000002,0x000000007c201073,0x0000000000000080,0x6000000000000000,0x00000000000000c0,0x4000b4c3,0x0000000080005e9c,0x000000004000b4c3,0x0000000001684132,0x00000000015e24bf,0x0000000001684132,0x00000000015e24bf,0x00000000000004bb,0x0000000000006dbe,0x0000000000007ecf,0x0000000000ab5dc4,0x0000000000007461,0x0000000000946a88,0x000000000001c63d,0x0000000000598249,0x00000000000000c0,0x0000000000000040,0x00000489,0x8000000000000907,0x0000000007240701,0x03
1783640157432,b,0x00000000800058f2,0x0000000080018ed0,0x000000008000f190,0x000000008000f1c0,0x0000000080007a7a,0x0000000000000000,0x00000000800191f0,0x0000000080018f20,0x0000000080019530,0x00000000800193a0,0x00000000800194a0,0x0000000000000006,0x0000000000000003,0x0000000000000000,0x0000000000000006,0xffffffffbe67f9de,0x0000000043f14cee,0x0000000000000006,0x000000008000f200,0x0000000000000001,0x0000000000000006,0x0000000000000038,0x0000000000000000,0xffffffffbe62e95e,0x000000000055dc95,0x3fedd0be6c437204,0x00000000800049b0,0x4152076dcf9c0ebf,0x4062d54463ae3779,0x4023c5b3ddadf076,0x40069fa256b32a2e,0x4003c0f259de1123,0x4152076dcf9c0ebf,0x4025772550fc533c,0x4129fe684af4f0d8,0x415207644e6cf41f,0x0000000000000000,0x0000000000000000,0x0000000000000000,0x00000001,0x00000001,0x8000000200006600,0x8000000a00007e00,0x800000000094112d,0x000000008000af80,0x00000000800000e4,0x0000000000000002,0x000000007c201073,0x0000000000000080,0x6000000000000000,0x00000000000000c0,0x4000b4c3,0x00000000800049b0,0x000000004000b4c3,0x0000000001694e27,0x00000000015f314d,0x0000000001694e27,0x00000000015f314d,0x00000000000004bd,0x0000000000006dc1,0x0000000000007f16,0x0000000000abdf91,0x000000000000748e,0x000000000094ddb5,0x000000000001c798,0x000000000059cadc,0x00000000000000c0,0x0000000000000040,0x00000489,0x8000000000000907,0x0000000007240701,0x03
1783640158979,b,0x0000000080005820,0x0000000080018ed0,0x000000008000f190,0x000000008000f1c0,0x0000000080007a7a,0x000000000000000f,0x00000000800191f0,0x0000000080018f20,0x0000000080019530,0x000000008000f238,0x0000000080019310,0x0000000000000006,0x0000000000000006,0x0000000080019280,0x0000000000000005,0x000000008000f201,0x3fe633faa467ff85,0x0000000000000006,0x000000008000f200,0x0000000000000001,0x0000000000000006,0x0000000000000038,0x0000000000000000,0x0000000053189b78,0x00000000006b1940,0x3fedd0be6c4371f7,0x00000000800049f6,0x4152076dcf9c0ebf,0x4062d54463ae3779,0x4023c5b3ddadf076,0x40069fa256b32a2e,0x4003c0f259de1123,0x4152076dcf9c0ebf,0x414fe4ac550e5604,0x4129fe5579581062,0x4152075f357a786c,0x0000000000000000,0x0000000000000000,0x0000000000000000,0x00000001,0x00000001,0x8000000200006600,0x8000000a00007e00,0x800000000094112d,0x000000008000af80,0x00000000800000e4,0x0000000000000002,0x000000007c201073,0x0000000000000080,0x6000000000000000,0x00000000000000c0,0x4000b4c3,0x00000000800049f6,0x000000004000b4c3,0x00000000016a425d,0x0000000001601fac,0x00000000016a425d,0x0000000001601fac,0x00000000000004c1,0x0000000000006dc4,0x0000000000007f6a,0x0000000000ac54f8,0x00000000000074b2,0x000000000095482b,0x000000000001c898,0x00000000005a08f5,0x00000000000000c0,0x0000000000000040,0x00000489,0x8000000000000907,0x0000000007240701,0x03
1783640160566,b,0x00000000800056f8,0x0000000080019060,0x000000008000f190,0x000000008000f1c0,0x0000000080007a7a,0x000000000000000f,0x0000000080019430,0x00000000800190b0,0x0000000080019530,0x0000000080019548,0x000000008000f238,0x0000000000000006,0x0000000000000006,0x000000008000f238,0x000000008000f330,0x000000008000f201,0x3fe235f43f09ad2c,0x0000000000000006,0x000000008000f200,0x0000000000000001,0x0000000000000006,0x0000000000000038,0x0000000000000000,0xffffffffdb6731ae,0x00000000004a0053,0x3fedd0be6c4371ec,0x00000000800049c6,0x4152076dcf9c0ebf,0x4062d54463ae3779,0x4023c5b3ddadf076,0x40069fa256b32a2e,0x4003c0f259de1123,0x4152076dcf9c0ebf,0x414fe4ae8236e2eb,0x4129fe5fab6ae7d5,0x41520765b5c91d15,0x0000000000000000,0x3fe185d1eca6d032,0x3fe185d1eca6d032,0x00000001,0x00000001,0x8000000200006600,0x8000000a00007e00,0x800000000094112d,0x000000008000af80,0x00000000800000e4,0x0000000000000002,0x000000007c201073,0x0000000000000080,0x6000000000000000,0x00000000000000c0,0x4000b4c3,0x00000000800049c6,0x000000004000b4c3,0x00000000016b3adf,0x0000000001611363,0x00000000016b3adf,0x0000000001611363,0x00000000000004c3,0x0000000000006dc7,0x0000000000007fde,0x0000000000accf30,0x00000000000074e0,0x000000000095b0ec,0x000000000001c9ec,0x00000000005a4518,0x00000000000000c0,0x0000000000000040,0x00000489,0x8000000000000907,0x0000000007240701,0x03
1783640162230,b,0x00000000800057ae,0x0000000080018d90,0x000000008000f190,0x000000008000f1c0,0x0000000080007a7a,0x0000000000000000,0x00000000800191f0,0x0000000080018de0,0x0000000080019530,0x0000000080018f50,0x000000008000f238,0x0000000000000006,0x0000000000000006,0x0000000080018df0,0x0000000080018e90,0x0000000046d7d3f9,0x0000000043f14cec,0x0000000000000006,0x000000008000f200,0x0000000000000001,0x0000000000000006,0x0000000000000038,0x0000000000000000,0x0000000046458338,0x000000000055dc95,0x3fedd0be6c4371ec,0x00000000800049f0,0x4152076dcf9c0ebf,0x4062d54463ae3779,0x4023c5b3ddadf076,0x40069fa256b32a2e,0x4003c0f259de1123,0x4152076dcf9c0ebf,0x4025772550fc533b,0x4129fe5fab6ae7d5,0x41520765b5c91d15,0x8000000000000000,0x0000000000000000,0x0000000000000000,0x00000001,0x00000001,0x8000000200006600,0x8000000a00007e00,0x800000000094112d,0x000000008000af80,0x00000000800000e4,0x0000000000000002,0x000000007c201073,0x0000000000000080,0x6000000000000000,0x00000000000000c0,0x4000b4c3,0x00000000800049f0,0x000000004000b4c3,0x00000000016c6378,0x0000000001623cc1,0x00000000016c6378,0x0000000001623cc1,0x00000000000004c4,0x0000000000006dca,0x0000000000007ffa,0x0000000000ad5da6,0x00000000000074fd,0x00000000009632c0,0x000000000001cb4d,0x00000000005a9863,0x00000000000000c0,0x0000000000000040,0x00000489,0x8000000000000907,0x0000000007240701,0x03
1783640163754,b,0x0000000080009fc2,0x0000000080018dc0,0x000000008000f190,0x000000008000f1c0,0x0000000080007a7a,0x0000000000008000,0x00000000800191f0,0x0000000080018e40,0x0000000080018ef8,0x00000000005869e6,0x0000000036070000,0x0000000000992f3c,0x0000000000000002,0x00000000002c34f3,0x00000000179e0000,0x0000000000992f3c,0x000000006c0e0000,0x0000000000000006,0x000000008000f200,0x0000000000000001,0x0000000000000006,0x0000000000000038,0x0000000000000010,0x000000002f3c0000,0x00000000005869e6,0x3fedd0be6c4371df,0x000000008000a130,0x4152076dcf9c0ebf,0x4062d54463ae3779,0x4023c5b3ddadf076,0x40069fa256b32a2e,0x4003c0f259de1123,0x403e88fa391e4302,0x403e88fa391e4302,0x4129fe617a0f9097,0x415207651d604189,0x3ff12c1dda6375eb,0x0000000000000000,0x403e88fa391e4302,0x00000001,0x00000001,0x8000000200006600,0x8000000a00007e00,0x800000000094112d,0x000000008000af80,0x00000000800000e4,0x0000000000000002,0x000000007c201073,0x0000000000000080,0x6000000000000000,0x00000000000000c0,0x4000b4c3,0x000000008000a130,0x000000004000b4c3,0x00000000016d74be,0x000000000163482a,0x00000000016d74be,0x000000000163482a,0x00000000000004c7,0x0000000000006dcd,0x000000000000804b,0x0000000000ade15f,0x0000000000007522,0x000000000096a998,0x000000000001cc6c,0x00000000005adeaa,0x00000000000000c0,0x0000000000000040,0x00000489,0x8000000000000907,0x0000000007240701,0x03
1783640165167,b,0x0000000080005820,0x0000000080018ed0,0x000000008000f190,0x000000008000f1c0,0x0000000080007a7a,0x000000000000000f,0x00000000800191f0,0x0000000080018f20,0x0000000080019530,0x000000008000f238,0x0000000080019310,0x0000000000000006,0x0000000000000006,0x0000000080019280,0x00000000800192d0,0x000000008000f201,0x3fe8fc4d7a45800c,0x0000000000000006,0x000000008000f200,0x0000000000000001,0x0000000000000006,0x0000000000000038,0x0000000000000000,0xffffffffaa345f3e,0x0000000000632fe8,0x3fedd0be6c4371d4,0x0000000080004982,0x4152076dcf9c0ebf,0x4062d54463ae3779,0x4023c5b3ddadf076,0x40069fa256b32a2e,0x4003c0f259de1123,0x4152076dcf9c0ebf,0x414fe4ab897c1bda,0x4129fe5ef15b573f,0x4152076511f8a090,0x0000000000000000,0x0000000000000000,0x0000000000000000,0x00000001,0x00000001,0x8000000200006600,0x8000000a00007e00,0x800000000094112d,0x000000008000af80,0x00000000800000e4,0x0000000000000002,0x000000007c201073,0x0000000000000080,0x6000000000000000,0x00000000000000c0,0x4000b4c3,0x0000000080004982,0x000000004000b4c3,0x00000000016eaeb5,0x0000000001647da0,0x00000000016eaeb5,0x0000000001647da0,0x00000000000004cb,0x0000000000006dd0,0x00000000000080ab,0x0000000000ae7a05,0x0000000000007554,0x0000000000973030,0x000000000001cdf0,0x00000000005b2e5e,0x00000000000000c0,0x0000000000000040,0x00000489,0x8000000000000907,0x0000000007240701,0x03
1783640166666,b,0x0000000080005744,0x0000000080019060,0x000000008000f190,0x000000008000f1c0,0x0000000080007a7a,0x000000000000000f,0x00000000800191f0,0x00000000800190b0,0x0000000080019530,0x0000000080019310,0x00000000800191f0,0x0000000000000006,0x0000000000000006,0x0000000000000002,0x0000000000000006,0x000000008000f201,0x3feb018ef9af38a7,0x0000000000000006,0x000000008000f200,0x0000000000000001,0x0000000000000006,0x0000000000000038,0x0000000000000000,0xffffffffafe4976e,0x0000000000695922,0x3fedd0be6c4371cb,0x0000000080004998,0x4152076dcf9c0ebf,0x4062d54463ae3779,0x4023c5b3ddadf076,0x40069fa256b32a2e,0x4003c0f259de1123,0x4152076dcf9c0ebf,0x414fe4acc96bb98c,0x4129fe4e3b7e9100,0x415207632c432ca5,0x3fb85cd8e2c41b82,0x0000000000000000,0x0000000000000000,0x00000001,0x00000001,0x8000000200006600,0x8000000a00007e00,0x800000000094112d,0x000000008000af80,0x00000000800000e4,0x0000000000000002,0x000000007c201073,0x0000000000000080,0x6000000000000000,0x00000000000000c0,0x4000b4c3,0x0000000080004998,0x000000004000b4c3,0x00000000016fe493,0x000000000165afb8,0x00000000016fe493,0x000000000165afb8,0x00000000000004d0,0x0000000000006dd3,0x0000000000008100,0x0000000000af119c,0x0000000000007586,0x000000000097b4bf,0x000000000001cf79,0x00000000005b7c8e,0x00000000000000c0,0x0000000000000040,0x00000489,0x8000000000000907,0x0000000007240701,0x03
1783640168264,b,0x0000000080006260,0x0000000080019230,0x000000008000f190,0x000000008000f1c0,0x402a6014520d612e,0x0000000000000000,0x0000000000000000,0x0000000080019440,0x0000000080019530,0x0000000080019698,0x00000000800194a0,0x000000008000f238,0x00000000800003f0,0x0000000000000000,0x0000000000000000,0x00000000505da91f,0xffffffff9e57ea4e,0x0000000000000006,0x000000008000f200,0x0000000000000001,0x0000000000000006,0x0000000000000038,0x0000000000000000,0x000000005044a81e,0x00000000004177a8,0x3fedd0be6c4371c3,0x0000000080005ccc,0x4152076dcf9c0ebf,0x4062d54463ae3779,0x4023c5b3ddadf076,0x40069fa256b32a2e,0x4003c0f259de1123,0x4152076dcf9c0ebf,0x40205dea2795fa94,0x4129fe4e3b7e9100,0x415207632c432ca5,0x01a56e1fc2f8f359,0x0000000000000000,0x0000000000000000,0x00000001,0x00000001,0x8000000200006600,0x8000000a00007e00,0x800000000094112d,0x000000008000af80,0x00000000800000e4,0x0000000000000002,0x000000007c201073,0x0000000000000080,0x6000000000000000,0x00000000000000c0,0x4000b4c3,0x0000000080005ccc,0x000000004000b4c3,0x000000000170f8c6,0x000000000166c10f,0x000000000170f8c6,0x000000000166c10f,0x00000000000004d3,0x0000000000006dd6,0x0000000000008149,0x0000000000af9840,0x00000000000075a5,0x0000000000982baf,0x000000000001d0cf,0x00000000005bc4b1,0x00000000000000c0,0x0000000000000040,0x00000489,0x8000000000000907,0x0000000007240701,0x03
1783640169884,b,0x00000000800057ae,0x0000000080018d90,0x000000008000f190,0x000000008000f1c0,0x0000000080007a7a,0x0000000000000000,0x00000000800191f0,0x0000000080018de0,0x0000000080019530,0x0000000080018f50,0x000000008000f238,0x0000000000000006,0x0000000000000006,0x0000000080018df0,0x0000000000000000,0xffffffffce3f1fff,0x0000000043f14cea,0x0000000000000006,0x000000008000f200,0x0000000000000001,0x0000000000000006,0x0000000000000038,0x0000000000000000,0xffffffffce281d0e,0x000000000055dc95,0x3fedd0be6c4371c3,0x0000000080004a00,0x4152076dcf9c0ebf,0x4062d54463ae3779,0x4023c5b3ddadf076,0x40069fa256b32a2e,0x4003c0f259de1123,0x4152076dcf9c0ebf,0x4025772550fc533b,0x4129fe5e8ab367a1,0x4152075e709a0275,0x8000000000000000,0x0000000000000000,0x0000000000000000,0x00000001,0x00000001,0x8000000200006600,0x8000000a00007e00,0x800000000094112d,0x000000008000af80,0x00000000800000e4,0x0000000000000002,0x000000007c201073,0x0000000000000080,0x6000000000000000,0x00000000000000c0,0x4000b4c3,0x0000000080004a00,0x000000004000b4c3,0x00000000017232d7,0x000000000167f9e5,0x00000000017232d7,0x000000000167f9e5,0x00000000000004d8,0x0000000000006dd9,0x0000000000008184,0x0000000000b02f93,0x00000000000075d5,0x000000000098b390,0x000000000001d259,0x00000000005c1920,0x00000000000000c0,0x0000000000000040,0x00000489,0x8000000000000907,0x0000000007240701,0x03
1783640171507,b,0x0000000080009fc2,0x0000000080018dc0,0x000000008000f190,0x000000008000f1c0,0x0000000080007a7a,0x000000000055dc92,0x00000000800191f0,0x0000000080018e40,0x0000000080018f08,0x000000000055dc90,0x0000000000000002,0x0000000000710621,0x0000000000000003,0x00000000002aee48,0x000000007f000000,0x0000000000000001,0x0000000000000002,0x0000000000000006,0x000000008000f200,0x0000000000000001,0x0000000000000006,0x0000000000000038,0x0000000000000000,0xffffffffcf3a00f8,0x00000000005869e6,0x3fedd0be6c4371bc,0x000000008000a0ba,0x4152076dcf9c0ebf,0x4062d54463ae3779,0x4023c5b3ddadf076,0x40069fa256b32a2e,0x4003c0f259de1123,0x405ccc3930020bf8,0x405ccc3930020bf8,0x4129fe6ba0902de0,0x415207665eb367a1,0x01a56e1fc2f8f359,0x0000000000000000,0x405ccc3930020bf8,0x00000001,0x00000001,0x8000000200006600,0x8000000a00007e00,0x800000000094112d,0x000000008000af80,0x00000000800000e4,0x0000000000000002,0x000000007c201073,0x0000000000000080,0x6000000000000000,0x00000000000000c0,0x4000b4c3,0x000000008000a0ba,0x000000004000b4c3,0x0000000001734e62,0x00000000016910ff,0x0000000001734e62,0x00000000016910ff,0x00000000000004dc,0x0000000000006ddc,0x00000000000081da,0x0000000000b0ba4b,0x00000000000075fe,0x0000000000992d28,0x000000000001d38d,0x00000000005c6131,0x00000000000000c0,0x0000000000000040,0x00000489,0x8000000000000907,0x0000000007240701,0x03
1783640173162,b,0x0000000080005820,0x0000000080018ed0,0x000000008000f190,0x000000008000f1c0,0x0000000080007a7a,0x000000000000000f,0x00000000800191f0,0x0000000080018f20,0x0000000080019530,0x000000008000f238,0x0000000080019310,0x0000000000000006,0x0000000000000006,0x0000000000000004,0x0000000000000006,0x000000008000f201,0x3fe748f04c0f90e6,0x0000000000000006,0x000000008000f200,0x0000000000000001,0x0000000000000006,0x0000000000000038,0x0000000000000000,0xffffffff83375038,0x000000000072968b,0x3fedd0be6c4371b6,0x000000008000498e,0x4152076dcf9c0ebf,0x4062d54463ae3779,0x4023c5b3ddadf076,0x40069fa256b32a2e,0x4003c0f259de1123,0x4152076dcf9c0ebf,0x414fe4abc5ab9f56,0x4129fe5408db8bac,0x415207629cded289,0x402e61c980105fba,0x0000000000000000,0x0000000000000000,0x00000001,0x00000001,0x8000000200006600,0x8000000a00007e00,0x800000000094112d,0x000000008000af80,0x00000000800000e4,0x0000000000000002,0x000000007c201073,0x0000000000000080,0x6000000000000000,0x00000000000000c0,0x4000b4c3,0x000000008000498e,0x000000004000b4c3,0x000000000174884b,0x00000000016a4484,0x000000000174884b,0x00000000016a4484,0x00000000000004e1,0x0000000000006ddf,0x0000000000008239,0x0000000000b15059,0x000000000000762c,0x000000000099b5bf,0x000000000001d504,0x00000000005cb257,0x00000000000000c0,0x0000000000000040,0x00000489,0x8000000000000907,0x0000000007240701,0x03
1783640174803,b,0x00000000800056f8,0x0000000080019060,0x000000008000f190,0x000000008000f1c0,0x0000000080007a7a,0x000000000000000f,0x0000000080019430,0x00000000800190b0,0x0000000080019530,0x0000000080019548,0x000000008000f238,0x0000000000000006,0x0000000000000006,0x0000000080019310,0x0000000080019418,0x000000008000f201,0x3fe5b3cb53f07618,0x0000000000000006,0x000000008000f200,0x0000000000000001,0x0000000000000006,0x0000000000000038,0x0000000000000000,0x0000000000ba54de,0x00000000005b80cd,0x3fedd0be6c4371b0,0x00000000800049f0,0x4152076dcf9c0ebf,0x4062d54463ae3779,0x4023c5b3ddadf076,0x40069fa256b32a2e,0x4003c0f259de1123,0x4152076dcf9c0ebf,0x414fe4a958624dd3,0x4129fe521a1cac08,0x41520763594c985f,0x3ff0000000000000,0x0000000000000000,0x0000000000000000,0x00000001,0x00000001,0x8000000200006600,0x8000000a00007e00,0x800000000094112d,0x000000008000af80,0x00000000800000e4,0x0000000000000002,0x000000007c201073,0x0000000000000080,0x6000000000000000,0x00000000000000c0,0x4000b4c3,0x00000000800049f0,0x000000004000b4c3,0x0000000001759f76,0x00000000016b56c2,0x0000000001759f76,0x00000000016b56c2,0x00000000000004e6,0x0000000000006de2,0x00000000000082a5,0x0000000000b1d90a,0x000000000000765a,0x00000000009a2cd7,0x000000000001d66d,0x00000000005cf7c2,0x00000000000000c0,0x0000000000000040,0x00000489,0x8000000000000907,0x0000000007240701,0x03
1783640176296,b,0x00000000800057ae,0x0000000080018d90,0x000000008000f190,0x000000008000f1c0,0x0000000080007a7a,0x0000000000000000,0x00000000800191f0,0x0000000080018de0,0x0000000080019530,0x0000000080018f50,0x000000008000f238,0x0000000000000006,0x0000000000000006,0x0000000000000004,0x000000000000001e,0xffffffffddff7dee,0x0000000043f14ce6,0x0000000000000006,0x000000008000f200,0x0000000000000001,0x0000000000000006,0x0000000000000038,0x0000000000000000,0xffffffffdded50ae,0x000000000055dc95,0x3fedd0be6c4371b0,0x0000000080004998,0x4152076dcf9c0ebf,0x4062d54463ae3779,0x4023c5b3ddadf076,0x40069fa256b32a2e,0x4003c0f259de1123,0x4152076dcf9c0ebf,0x4025772550fc533a,0x4129fe521a1cac08,0x41520763594c985f,0x8000000000000000,0x0000000000000000,0x0000000000000000,0x00000001,0x00000001,0x8000000200006600,0x8000000a00007e00,0x800000000094112d,0x000000008000af80,0x00000000800000e4,0x0000000000000002,0x000000007c201073,0x0000000000000080,0x6000000000000000,0x00000000000000c0,0x4000b4c3,0x0000000080004998,0x000000004000b4c3,0x000000000176af55,0x00000000016c672c,0x000000000176af55,0x00000000016c672c,0x00000000000004e6,0x0000000000006de5,0x00000000000082d1,0x0000000000b25bc0,0x0000000000007677,0x00000000009aa38f,0x000000000001d7ba,0x00000000005d4376,0x00000000000000c0,0x0000000000000040,0x00000489,0x8000000000000907,0x0000000007240701,0x03
1783640177855,b,0x00000000800058c6,0x0000000080018ee0,0x000000008000f190,0x000000008000f1c0,0x0000000080007a7a,0x0000000000000000,0x00000000800191f0,0x0000000080018f20,0x0000000080019530,0x00000000800193a0,0x0000000080019100,0x0000000080019070,0x0000000000000006,0x00000000800193a0,0x0000000000000060,0xffffffffddff7dee,0x0000000043f14ce6,0x0000000000000006,0x000000008000f200,0x0000000000000001,0x0000000000000006,0x0000000000000038,0x0000000000000000,0xffffffffdded50ae,0x000000000055dc95,0x3fedd0be6c4371ac,0x0000000080004ac6,0x4152076dcf9c0ebf,0x4062d54463ae3779,0x4023c5b3ddadf076,0x40069fa256b32a2e,0x4003c0f259de1123,0x4152076dcf9c0ebf,0x4025772550fc533a,0x4129fe559da5119d,0x415207644a2d0e56,0xc011da3777800000,0x0000000000000000,0x0000000000000000,0x00000001,0x00000001,0x8000000200006600,0x8000000a00007e00,0x800000000094112d,0x000000008000af80,0x00000000800000e4,0x0000000000000002,0x000000007c201073,0x0000000000000080,0x6000000000000000,0x00000000000000c0,0x4000b4c3,0x0000000080004ac6,0x000000004000b4c3,0x000000000177c8cd,0x00000000016d7bf0,0x000000000177c8cd,0x00000000016d7bf0,0x00000000000004ea,0x0000000000006de8,0x000000000000834d,0x0000000000b2e5d3,0x00000000000076a8,0x00000000009b1a76,0x000000000001d918,0x00000000005d8912,0x00000000000000c0,0x0000000000000040,0x00000489,0x8000000000000907,0x0000000007240701,0x03
1783640179382,b,0x0000000080005806,0x0000000080018ee0,0x000000008000f190,0x000000008000f1c0,0x0000000080007a7a,0x000000000000000f,0x00000000800191f0,0x0000000080018f20,0x0000000080019530,0x00000000800194a0,0x0000000080019310,0x0000000000000003,0x0000000080019310,0x0000000000000006,0x0000000000000002,0x000000008000f201,0x3fe553071bc0cb1e,0x0000000000000006,0x000000008000f200,0x0000000000000001,0x0000000000000006,0x0000000000000038,0x0000000000000000,0xffffffffdf8d690e,0x0000000000457f87,0x3fedd0be6c4371a8,0x0000000080004bb4,0x4152076dcf9c0ebf,0x4062d54463ae3779,0x4023c5b3ddadf076,0x40069fa256b32a2e,0x4003c0f259de1123,0x4152076dcf9c0ebf,0x414fe4a7d3f7ced9,0x4129fe518a3d70a4,0x4152075fe161e4f7,0x3fc17a1e17d07729,0x3fc17a1e17d07729,0x0000000000000000,0x00000001,0x00000001,0x8000000200006600,0x8000000a00007e00,0x800000000094112d,0x000000008000af80,0x00000000800000e4,0x0000000000000002,0x000000007c201073,0x0000000000000080,0x6000000000000000,0x00000000000000c0,0x4000b4c3,0x0000000080004bb4,0x000000004000b4c3,0x000000000178d2cf,0x00000000016e8001,0x000000000178d2cf,0x00000000016e8001,0x00000000000004ed,0x0000000000006deb,0x00000000000083a5,0x0000000000b36532,0x00000000000076cd,0x00000000009b8ea0,0x000000000001da3a,0x00000000005dcd82,0x00000000000000c0,0x0000000000000040,0x00000489,0x8000000000000907,0x0000000007240701,0x03
1783640180919,b,0x0000000080005744,0x0000000080019060,0x000000008000f190,0x000000008000f1c0,0x0000000080007a7a,0x000000000000000f,0x00000000800191f0,0x00000000800190b0,0x0000000080019530,0x0000000080019310,0x00000000800191f0,0x0000000000000006,0x0000000000000006,0x0000000000000000,0x0000000000000002,0x000000008000f201,0x3fe0251ff2724bec,0x0000000000000006,0x000000008000f200,0x0000000000000001,0x0000000000000006,0x0000000000000038,0x0000000000000000,0xffffffffdb8ca51e,0x000000000059628a,0x3fedd0be6c4371a6,0x0000000080004966,0x4152076dcf9c0ebf,0x4062d54463ae3779,0x4023c5b3ddadf076,0x40069fa256b32a2e,0x4003c0f259de1123,0x4152076dcf9c0ebf,0x414fe4aacae7d567,0x4129fe5801a36e2f,0x41520762a703afb8,0x0000000000000000,0x0000000000000000,0x0000000000000000,0x00000001,0x00000001,0x8000000200006600,0x8000000a00007e00,0x800000000094112d,0x000000008000af80,0x00000000800000e4,0x0000000000000002,0x000000007c201073,0x0000000000000080,0x6000000000000000,0x00000000000000c0,0x4000b4c3,0x0000000080004966,0x000000004000b4c3,0x00000000017a1d74,0x00000000016fc622,0x00000000017a1d74,0x00000000016fc622,0x00000000000004f1,0x0000000000006dee,0x0000000000008413,0x0000000000b4061f,0x0000000000007700,0x00000000009c1c1f,0x000000000001dbd9,0x00000000005e21b2,0x00000000000000c0,0x0000000000000040,0x00000489,0x8000000000000907,0x0000000007240701,0x03
1783640182604,b,0x00000000800056f8,0x0000000080019060,0x000000008000f190,0x000000008000f1c0,0x0000000080007a7a,0x000000000000000f,0x0000000080019430,0x00000000800190b0,0x0000000080019530,0x0000000080019548,0x000000008000f238,0x0000000000000006,0x0000000000000006,0x0000000080019310,0x0000000080019360,0x000000008000f201,0x3fdd9bc5cedb8414,0x0000000000000006,0x000000008000f200,0x0000000000000001,0x0000000000000006,0x0000000000000038,0x0000000000000000,0xffffffff83cad50e,0x0000000000726913,0x3fedd0be6c4371a4,0x0000000080004982,0x4152076dcf9c0ebf,0x4062d54463ae3779,0x4023c5b3ddadf076,0x40069fa256b32a2e,0x4003c0f259de1123,0x4152076dcf9c0ebf,0x414fe4aa80e21965,0x4129fe5b0bc6a7f0,0x41520765d6027525,0x0000000000000000,0x0000000000000000,0x0000000000000000,0x00000001,0x00000001,0x8000000200006600,0x8000000a00007e00,0x800000000094112d,0x000000008000af80,0x00000000800000e4,0x0000000000000002,0x000000007c201073,0x0000000000000080,0x6000000000000000,0x00000000000000c0,0x4000b4c3,0x0000000080004982,0x000000004000b4c3,0x00000000017b5157,0x000000000170f557,0x00000000017b5157,0x000000000170f557,0x00000000000004f4,0x0000000000006df1,0x000000000000847c,0x0000000000b49c7d,0x0000000000007732,0x00000000009c9fa5,0x000000000001dd62,0x00000000005e6f60,0x00000000000000c0,0x0000000000000040,0x00000489,0x8000000000000907,0x0000000007240701,0x03
1783640184247,b,0x0000000080006260,0x0000000080019230,0x000000008000f190,0x000000008000f1c0,0x402a6014520d6115,0x0000000000000000,0x0000000000000000,0x0000000080019440,0x0000000080019530,0x0000000080019698,0x00000000800194a0,0x000000008000f238,0x00000000800003f0,0x000000008000f238,0x000000008000f298,0xffffffffb77f7c7e,0x00000000312d06ba,0x0000000000000006,0x000000008000f200,0x0000000000000001,0x0000000000000006,0x0000000000000038,0x0000000000000000,0xffffffffb737606e,0x00000000004967d3,0x3fedd0be6c4371a2,0x0000000080005bfe,0x4152076dcf9c0ebf,0x4062d54463ae3779,0x4023c5b3ddadf076,0x40069fa256b32a2e,0x4003c0f259de1123,0x4152076dcf9c0ebf,0x402259f4cc4b41af,0x4129fe5b0bc6a7f0,0x41520765d6027525,0x01a56e1fc2f8f359,0x3ff0000000000000,0x0000000000000000,0x00000001,0x00000001,0x8000000200006600,0x8000000a00007e00,0x800000000094112d,0x000000008000af80,0x00000000800000e4,0x0000000000000002,0x000000007c201073,0x0000000000000080,0x6000000000000000,0x00000000000000c0,0x4000b4c3,0x0000000080005bfe,0x000000004000b4c3,0x00000000017c9138,0x000000000172343c,0x00000000017c9138,0x000000000172343c,0x00000000000004f7,0x0000000000006df4,0x00000000000084c5,0x0000000000b536bc,0x0000000000007755,0x00000000009d2a88,0x000000000001dedc,0x00000000005ec6fe,0x00000000000000c0,0x0000000000000040,0x00000489,0x8000000000000907,0x0000000007240701,0x03
1783640185817,b,0x000000008000589c,0x0000000080018ed0,0x000000008000f190,0x000000008000f1c0,0x0000000080007a7a,0x0000000000000000,0x00000000800191f0,0x0000000080018f20,0x0000000080019530,0x0000000080019280,0x0000000080019118,0x0000000000000006,0x0000000000000003,0x00000000800193a0,0x0000000080019428,0x0000000065cffe7b,0x0000000043f14ce4,0x0000000000000006,0x000000008000f200,0x0000000000000001,0x0000000000000006,0x0000000000000038,0x0000000000000000,0x0000000065cfea78,0x000000000055dc95,0x3fedd0be6c4371a2,0x0000000080004982,0x4152076dcf9c0ebf,0x4062d54463ae3779,0x4023c5b3ddadf076,0x40069fa256b32a2e,0x4003c0f259de1123,0x4152076dcf9c0ebf,0x4025772550fc5339,0x4129fe51f6ae7d56,0x41520760aac710cb,0x3ff12c1dda6375ca,0x0000000000000000,0x0000000000000000,0x00000001,0x00000001,0x8000000200006600,0x8000000a00007e00,0x800000000094112d,0x000000008000af80,0x00000000800000e4,0x0000000000000002,0x000000007c201073,0x0000000000000080,0x6000000000000000,0x00000000000000c0,0x4000b4c3,0x0000000080004982,0x000000004000b4c3,0x00000000017d99df,0x00000000017339c3,0x00000000017d99df,0x00000000017339c3,0x00000000000004f9,0x0000000000006df7,0x00000000000084fe,0x0000000000b5b80f,0x000000000000777e,0x00000000009d9c12,0x000000000001e01f,0x00000000005f0a55,0x00000000000000c0,0x0000000000000040,0x00000489,0x8000000000000907,0x0000000007240701,0x03
1783640187359,b,0x0000000080005820,0x0000000080018ed0,0x000000008000f190,0x000000008000f1c0,0x0000000080007a7a,0x000000000000000f,0x00000000800191f0,0x0000000080018f20,0x0000000080019530,0x000000008000f238,0x0000000080019310,0x0000000000000006,0x0000000000000006,0x000000008000f238,0x0000000000000001,0x000000008000f201,0x3fda475762bcdb99,0x0000000000000006,0x000000008000f200,0x0000000000000001,0x0000000000000006,0x0000000000000038,0x0000000000000000,0x0000000078e30f38,0x000000000054ba84,0x3fedd0be6c4371a2,0x00000000800049aa,0x4152076dcf9c0ebf,0x4062d54463ae3779,0x4023c5b3ddadf076,0x40069fa256b32a2e,0x4003c0f259de1123,0x4152076dcf9c0ebf,0x414fe4a4d78a0903,0x4129fe5f2631f8a1,0x415207665e5aee63,0x0000000000000000,0x0000000000000000,0x0000000000000000,0x00000001,0x00000001,0x8000000200006600,0x8000000a00007e00,0x800000000094112d,0x000000008000af80,0x00000000800000e4,0x0000000000000002,0x000000007c201073,0x0000000000000080,0x6000000000000000,0x00000000000000c0,0x4000b4c3,0x00000000800049aa,0x000000004000b4c3,0x00000000017eb945,0x000000000174533f,0x00000000017eb945,0x000000000174533f,0x00000000000004fc,0x0000000000006dfa,0x000000000000854a,0x0000000000b6415c,0x00000000000077a6,0x00000000009e19cc,0x000000000001e15d,0x00000000005f551d,0x00000000000000c0,0x0000000000000040,0x00000489,0x8000000000000907,0x0000000007240701,0x03
1783640188949,b,0x00000000800056f8,0x0000000080019060,0x000000008000f190,0x000000008000f1c0,0x0000000080007a7a,0x000000000000000f,0x0000000080019430,0x00000000800190b0,0x0000000080019530,0x0000000080019548,0x000000008000f238,0x0000000000000006,0x0000000000000006,0x0000000000000003,0x0000000000000006,0x000000008000f201,0x3fe03493446ca9d6,0x0000000000000006,0x000000008000f200,0x0000000000000001,0x0000000000000006,0x0000000000000038,0x0000000000000000,0x000000001b1c30de,0x0000000000708378,0x3fedd0be6c4371a2,0x000000008000498e,0x4152076dcf9c0ebf,0x4062d54463ae3779,0x4023c5b3ddadf076,0x40069fa256b32a2e,0x4003c0f259de1123,0x4152076dcf9c0ebf,0x414fe4ac6a9c779a,0x4129fe5c5288ce70,0x415207635af69446,0x3ff0000000000000,0x0000000000000000,0x0000000000000000,0x00000001,0x00000001,0x8000000200006600,0x8000000a00007e00,0x800000000094112d,0x000000008000af80,0x00000000800000e4,0x0000000000000002,0x000000007c201073,0x0000000000000080,0x6000000000000000,0x00000000000000c0,0x4000b4c3,0x000000008000498e,0x000000004000b4c3,0x00000000017fbe52,0x0000000001755396,0x00000000017fbe52,0x0000000001755396,0x0000000000000500,0x0000000000006dfd,0x00000000000085ae,0x0000000000b6c182,0x00000000000077d4,0x00000000009e886a,0x000000000001e2b9,0x00000000005f9529,0x00000000000000c0,0x0000000000000040,0x00000489,0x8000000000000907,0x0000000007240701,0x03
1783640190385,b,0x0000000080009fc2,0x0000000080019420,0x000000008000f190,0x000000008000f1c0,0x402a6014520d6113,0x0000000000000010,0x0000000000000000,0x0000000080019700,0x0000000080019530,0x00000000005fe18f,0xffffffffb96a8d20,0x0000000000bb16be,0x0000000000000003,0x00000000002ff0c7,0xffffffffe93b3bc0,0x0000000000bb16be,0x0000000072d51a40,0x0000000000000006,0x000000008000f200,0x0000000000000001,0x0000000000000006,0x0000000000000038,0x0000000000000005,0xffffffffe93b3bc0,0x00000000005fe18f,0x3fedd0be6c4371a2,0x000000008000a0ea,0x4152076dcf9c0ebf,0x4062d54463ae3779,0x4023c5b3ddadf076,0x40069fa256b32a2e,0x4003c0f259de1123,0x4061f4979a5932e0,0x4061f4979a5932e0,0x4129fe5c5288ce70,0x415207635af69446,0x3ff0000000000000,0x40604e6d6e6dcd26,0x4061f4979a5932e0,0x00000001,0x00000001,0x8000000200006600,0x8000000a00007e00,0x800000000094112d,0x000000008000af80,0x00000000800000e4,0x0000000000000002,0x000000007c201073,0x0000000000000080,0x6000000000000000,0x00000000000000c0,0x4000b4c3,0x000000008000a0ea,0x000000004000b4c3,0x000000000180e807,0x0000000001767dd5,0x000000000180e807,0x0000000001767dd5,0x0000000000000502,0x0000000000006e00,0x00000000000085e5,0x0000000000b7513a,0x00000000000077f5,0x00000000009f09ab,0x000000000001e41b,0x00000000005fe7bb,0x00000000000000c0,0x0000000000000040,0x00000489,0x8000000000000907,0x0000000007240701,0x03
1783640191847,b,0x00000000800058f2,0x0000000080018ed0,0x000000008000f190,0x000000008000f1c0,0x0000000080007a7a,0x0000000000000000,0x00000000800191f0,0x0000000080018f20,0x0000000080019530,0x00000000800193a0,0x00000000800194a0,0x0000000000000006,0x0000000000000003,0x0000000080018f50,0x00000000000000e8,0x0000000065cffe7b,0x0000000043f14ce4,0x0000000000000006,0x000000008000f200,0x0000000000000001,0x0000000000000006,0x0000000000000038,0x0000000000000000,0x0000000065cfea78,0x000000000055dc95,0x3fedd0be6c4371a2,0x00000000800049ea,0x4152076dcf9c0ebf,0x4062d54463ae3779,0x4023c5b3ddadf076,0x40069fa256b32a2e,0x4003c0f259de1123,0x4152076dcf9c0ebf,0x4025772550fc5339,0x4129fe4edbe76c8b,0x41520768341bda51,0x0000000000000000,0x0000000000000000,0x0000000000000000,0x00000001,0x00000001,0x8000000200006600,0x8000000a00007e00,0x800000000094112d,0x000000008000af80,0x00000000800000e4,0x0000000000000002,0x000000007c201073,0x0000000000000080,0x6000000000000000,0x00000000000000c0,0x4000b4c3,0x00000000800049ea,0x000000004000b4c3,0x00000000018215e4,0x000000000177a806,0x00000000018215e4,0x000000000177a806,0x0000000000000505,0x0000000000006e03,0x0000000000008625,0x0000000000b7e45c,0x0000000000007824,0x00000000009f8b76,0x000000000001e59c,0x0000000000603479,0x00000000000000c0,0x0000000000000040,0x00000489,0x8000000000000907,0x0000000007240701,0x03
1783640193499,b,0x000000008000583a,0x0000000080018ed0,0x000000008000f190,0x000000008000f1c0,0x0000000080007a7a,0x000000000000000f,0x00000000800191f0,0x0000000080018f20,0x0000000080019530,0x00000000800194a0,0x000000008000f238,0x0000000000000003,0x0000000000000006,0x00000000800194a0,0x0000000000000005,0x000000008000f201,0x3fe3d2cebe0a9e92,0x0000000000000006,0x000000008000f200,0x0000000000000001,0x0000000000000006,0x0000000000000038,0x0000000000000000,0xffffffffcc40d27e,0x0000000000579867,0x3fedd0be6c4371a2,0x00000000800049aa,0x4152076dcf9c0ebf,0x4062d54463ae3779,0x4023c5b3ddadf076,0x40069fa256b32a2e,0x4003c0f259de1123,0x4152076dcf9c0ebf,0x414fe4a29374bc6a,0x4129fe580b6ae7d5,0x415207638f318fc5,0x0000000000000000,0x0000000000000000,0x0000000000000000,0x00000001,0x00000001,0x8000000200006600,0x8000000a00007e00,0x800000000094112d,0x000000008000af80,0x00000000800000e4,0x0000000000000002,0x000000007c201073,0x0000000000000080,0x6000000000000000,0x00000000000000c0,0x4000b4c3,0x00000000800049aa,0x000000004000b4c3,0x00000000018334d8,0x000000000178c098,0x00000000018334d8,0x000000000178c098,0x0000000000000509,0x0000000000006e06,0x0000000000008683,0x0000000000b86d89,0x0000000000007849,0x0000000000a0095b,0x000000000001e6c1,0x0000000000607f6a,0x00000000000000c0,0x0000000000000040,0x00000489,0x8000000000000907,0x0000000007240701,0x03
1783640195066,b,0x0000000080005744,0x0000000080019060,0x000000008000f190,0x000000008000f1c0,0x0000000080007a7a,0x000000000000000f,0x00000000800191f0,0x00000000800190b0,0x0000000080019530,0x0000000080019310,0x00000000800191f0,0x0000000000000006,0x0000000000000006,0x0000000000000001,0x0000000000000006,0x000000008000f201,0x3fe22e5ca4debaae,0x0000000000000006,0x000000008000f200,0x0000000000000001,0x0000000000000006,0x0000000000000038,0x0000000000000000,0xffffffffcf278b80,0x00000000006c6c45,0x3fedd0be6c4371a2,0x00000000800049d6,0x4152076dcf9c0ebf,0x4062d54463ae3779,0x4023c5b3ddadf076,0x40069fa256b32a2e,0x4003c0f259de1123,0x4152076dcf9c0ebf,0x414fe4a9ef80346e,0x4129fe5fc92a3055,0x4152076387c50481,0x3fb85cd8e2c41b82,0x0000000000000000,0x0000000000000000,0x00000001,0x00000001,0x8000000200006600,0x8000000a00007e00,0x800000000094112d,0x000000008000af80,0x00000000800000e4,0x0000000000000002,0x000000007c201073,0x0000000000000080,0x6000000000000000,0x00000000000000c0,0x4000b4c3,0x00000000800049d6,0x000000004000b4c3,0x0000000001844bdd,0x000000000179d3f4,0x0000000001844bdd,0x000000000179d3f4,0x000000000000050d,0x0000000000006e09,0x00000000000086da,0x0000000000b8f68c,0x000000000000787a,0x0000000000a07f96,0x000000000001e831,0x000000000060c45f,0x00000000000000c0,0x0000000000000040,0x00000489,0x8000000000000907,0x0000000007240701,0x03
1783640196739,b,0x00000000800056f8,0x0000000080019060,0x000000008000f190,0x000000008000f1c0,0x0000000080007a7a,0x000000000000000f,0x0000000080019430,0x00000000800190b0,0x0000000080019530,0x0000000080019548,0x000000008000f238,0x0000000000000006,0x0000000000000006,0x0000000000000002,0x000000000000000e,0x000000008000f201,0x3fe08d249ac9ae49,0x0000000000000006,0x000000008000f200,0x0000000000000001,0x0000000000000006,0x0000000000000038,0x0000000000000000,0x000000001fe1db5e,0x00000000004a66b2,0x3fedd0be6c4371a2,0x000000008000499a,0x4152076dcf9c0ebf,0x4062d54463ae3779,0x4023c5b3ddadf076,0x40069fa256b32a2e,0x4003c0f259de1123,0x4152076dcf9c0ebf,0x414fe4ab32161e4f,0x4129fe5e5566cf42,0x4152076153141206,0x0000000000000000,0x0000000000000000,0x0000000000000000,0x00000001,0x00000001,0x8000000200006600,0x8000000a00007e00,0x800000000094112d,0x000000008000af80,0x00000000800000e4,0x0000000000000002,0x000000007c201073,0x0000000000000080,0x6000000000000000,0x00000000000000c0,0x4000b4c3,0x000000008000499a,0x000000004000b4c3,0x0000000001858680,0x00000000017b09bb,0x0000000001858680,0x00000000017b09bb,0x0000000000000510,0x0000000000006e0c,0x000000000000873a,0x0000000000b9900b,0x00000000000078ac,0x0000000000a1063a,0x000000000001e9c1,0x0000000000611404,0x00000000000000c0,0x0000000000000040,0x00000489,0x8000000000000907,0x0000000007240701,0x03
1783640198375,b,0x00000000800057ae,0x0000000080018d90,0x000000008000f190,0x000000008000f1c0,0x0000000080007a7a,0x0000000000000000,0x00000000800191f0,0x0000000080018de0,0x0000000080019530,0x0000000080018f50,0x000000008000f238,0x0000000000000006,0x0000000000000006,0x0000000080018f50,0x0000000080018fd0,0x0000000065cffe7b,0x0000000043f14ce4,0x0000000000000006,0x000000008000f200,0x0000000000000001,0x0000000000000006,0x0000000000000038,0x0000000000000000,0x0000000065cfea78,0x000000000055dc95,0x3fedd0be6c4371a2,0x00000000800049a4,0x4152076dcf9c0ebf,0x4062d54463ae3779,0x4023c5b3ddadf076,0x40069fa256b32a2e,0x4003c0f259de1123,0x4152076dcf9c0ebf,0x4025772550fc5339,0x4129fe5e5566cf42,0x4152076153141206,0x8000000000000000,0x0000000000000000,0x0000000000000000,0x00000001,0x00000001,0x8000000200006600,0x8000000a00007e00,0x800000000094112d,0x000000008000af80,0x00000000800000e4,0x0000000000000002,0x000000007c201073,0x0000000000000080,0x6000000000000000,0x00000000000000c0,0x4000b4c3,0x00000000800049a4,0x000000004000b4c3,0x00000000018693f9,0x00000000017c17f3,0x00000000018693f9,0x00000000017c17f3,0x0000000000000513,0x0000000000006e0f,0x000000000000875f,0x0000000000ba11b9,0x00000000000078c9,0x0000000000a17b8e,0x000000000001eb0c,0x0000000000615f13,0x00000000000000c0,0x0000000000000040,0x00000489,0x8000000000000907,0x0000000007240701,0x03
1783640199817,b,0x00000000800058f2,0x0000000080018ed0,0x000000008000f190,0x000000008000f1c0,0x0000000080007a7a,0x0000000000000000,0x00000000800191f0,0x0000000080018f20,0x0000000080019530,0x00000000800193a0,0x00000000800194a0,0x0000000000000006,0x0000000000000003,0x0000000080018f50,0x0000000000000002,0x0000000065cffe7b,0x0000000043f14ce4,0x0000000000000006,0x000000008000f200,0x0000000000000001,0x0000000000000006,0x0000000000000038,0x0000000000000000,0x0000000065cfea78,0x000000000055dc95,0x3fedd0be6c4371a2,0x00000000800049f6,0x4152076dcf9c0ebf,0x4062d54463ae3779,0x4023c5b3ddadf076,0x40069fa256b32a2e,0x4003c0f259de1123,0x4152076dcf9c0ebf,0x4025772550fc5339,0x4129fe473e83e426,0x415207620d8793de,0x3f8314f4c02b2a00,0x0000000000000000,0x0000000000000000,0x00000001,0x00000001,0x8000000200006600,0x8000000a00007e00,0x800000000094112d,0x000000008000af80,0x00000000800000e4,0x0000000000000002,0x000000007c201073,0x0000000000000080,0x6000000000000000,0x00000000000000c0,0x4000b4c3,0x00000000800049f6,0x000000004000b4c3,0x000000000187eab3,0x00000000017d6a93,0x000000000187eab3,0x00000000017d6a93,0x0000000000000516,0x0000000000006e12,0x00000000000087c0,0x0000000000bab8ba,0x00000000000078fc,0x0000000000a20eba,0x000000000001ecae,0x000000000061b726,0x00000000000000c0,0x0000000000000040,0x00000489,0x8000000000000907,0x0000000007240701,0x03
1783640201282,b,0x00000000800058b0,0x0000000080018ee0,0x000000008000f190,0x000000008000f1c0,0x0000000080007a7a,0x0000000000000000,0x00000000800191f0,0x0000000080018f20,0x0000000080019530,0x0000000080019488,0x0000000080019530,0x0000000080019100,0x0000000000000003,0x0000000080019530,0x0000000080019530,0x0000000065cffe7b,0x0000000043f14ce4,0x0000000000000006,0x000000008000f200,0x0000000000000001,0x0000000000000006,0x0000000000000038,0x0000000000000000,0x0000000065cfea78,0x000000000055dc95,0x3fedd0be6c4371a2,0x0000000080005576,0x4152076dcf9c0ebf,0x4062d54463ae3779,0x4023c5b3ddadf076,0x40069fa256b32a2e,0x4003c0f259de1123,0x4152076dcf9c0ebf,0x4025772550fc5339,0x4129fe4b922d0e56,0x415207662efec56d,0x3ff12c1dda6375ca,0x414fe4a968b43958,0x3f8314f4c02b2a00,0x00000001,0x00000001,0x8000000200006600,0x8000000a00007e00,0x800000000094112d,0x000000008000af80,0x00000000800000e4,0x0000000000000002,0x000000007c201073,0x0000000000000080,0x6000000000000000,0x00000000000000c0,0x4000b4c3,0x0000000080005576,0x000000004000b4c3,0x00000000018941c1,0x00000000017ebd24,0x00000000018941c1,0x00000000017ebd24,0x0000000000000519,0x0000000000006e15,0x0000000000008830,0x0000000000bb5fe9,0x000000000000792f,0x0000000000a2a1ab,0x000000000001ee41,0x0000000000620f22,0x00000000000000c0,0x0000000000000040,0x00000489,0x8000000000000907,0x0000000007240701,0x03
1783640202637,b,0x0000000080005806,0x0000000080018ee0,0x000000008000f190,0x000000008000f1c0,0x0000000080007a7a,0x000000000000000f,0x00000000800191f0,0x0000000080018f20,0x0000000080019530,0x00000000800194a0,0x0000000080019310,0x0000000000000003,0x0000000080019310,0x0000000000000003,0x0000000000000006,0x000000008000f201,0x3fd792b1e1709483,0x0000000000000006,0x000000008000f200,0x0000000000000001,0x0000000000000006,0x0000000000000038,0x0000000000000000,0x000000004a75b7f8,0x0000000000681911,0x3fedd0be6c4371a2,0x0000000080004ba2,0x4152076dcf9c0ebf,0x4062d54463ae3779,0x4023c5b3ddadf076,0x40069fa256b32a2e,0x4003c0f259de1123,0x4152076dcf9c0ebf,0x414fe4a68f3eab36,0x4129fe48458793de,0x41520769d0275254,0x3fc17a1e17d07729,0x3fc17a1e17d07729,0x0000000000000000,0x00000001,0x00000001,0x8000000200006600,0x8000000a00007e00,0x800000000094112d,0x000000008000af80,0x00000000800000e4,0x0000000000000002,0x000000007c201073,0x0000000000000080,0x6000000000000000,0x00000000000000c0,0x4000b4c3,0x0000000080004ba2,0x000000004000b4c3,0x00000000018a4e9d,0x00000000017fc43a,0x00000000018a4e9d,0x00000000017fc43a,0x000000000000051b,0x0000000000006e18,0x000000000000887b,0x0000000000bbe08d,0x0000000000007955,0x0000000000a31769,0x000000000001ef6b,0x0000000000625460,0x00000000000000c0,0x0000000000000040,0x00000489,0x8000000000000907,0x0000000007240701,0x03
1783640204082,b,0x00000000800056f8,0x0000000080019060,0x000000008000f190,0x000000008000f1c0,0x0000000080007a7a,0x000000000000000f,0x0000000080019430,0x00000000800190b0,0x0000000080019530,0x0000000080019548,0x000000008000f238,0x0000000000000006,0x0000000000000006,0x0000000000000003,0x0000000000000006,0x000000008000f201,0x3fe20694bbaedd3c,0x0000000000000006,0x000000008000f200,0x0000000000000001,0x0000000000000006,0x0000000000000038,0x0000000000000000,0xffffffff8de89478,0x0000000000627b2d,0x3fedd0be6c4371a2,0x0000000080004a0a,0x4152076dcf9c0ebf,0x4062d54463ae3779,0x4023c5b3ddadf076,0x40069fa256b32a2e,0x4003c0f259de1123,0x4152076dcf9c0ebf,0x414fe4aa0a7ef9db,0x4129fe5301205bc0,0x41520769ec6c2268,0x0000000000000000,0x0000000000000000,0x0000000000000000,0x00000001,0x00000001,0x8000000200006600,0x8000000a00007e00,0x800000000094112d,0x000000008000af80,0x00000000800000e4,0x0000000000000002,0x000000007c201073,0x0000000000000080,0x6000000000000000,0x00000000000000c0,0x4000b4c3,0x0000000080004a0a,0x000000004000b4c3,0x00000000018b580e,0x000000000180c877,0x00000000018b580e,0x000000000180c877,0x0000000000000521,0x0000000000006e1b,0x00000000000088f0,0x0000000000bc629e,0x0000000000007984,0x0000000000a387af,0x000000000001f0ce,0x0000000000629571,0x00000000000000c0,0x0000000000000040,0x00000489,0x8000000000000907,0x0000000007240701,0x03
1783640205699,b,0x00000000800057ae,0x0000000080018d90,0x000000008000f190,0x000000008000f1c0,0x0000000080007a7a,0x0000000000000000,0x00000000800191f0,0x0000000080018de0,0x0000000080019530,0x0000000080018f50,0x000000008000f238,0x0000000000000006,0x0000000000000006,0x0000000000000002,0x000000000000001a,0x0000000065cffe7b,0x0000000043f14ce4,0x0000000000000006,0x000000008000f200,0x0000000000000001,0x0000000000000006,0x0000000000000038,0x0000000000000000,0x0000000065cfea78,0x000000000055dc95,0x3fedd0be6c4371a2,0x00000000800049e2,0x4152076dcf9c0ebf,0x4062d54463ae3779,0x4023c5b3ddadf076,0x40069fa256b32a2e,0x4003c0f259de1123,0x4152076dcf9c0ebf,0x4025772550fc5339,0x4129fe5301205bc0,0x41520769ec6c2268,0x8000000000000000,0x0000000000000000,0x8000000000000000,0x00000001,0x00000001,0x8000000200006600,0x8000000a00007e00,0x800000000094112d,0x000000008000af80,0x00000000800000e4,0x0000000000000002,0x000000007c201073,0x0000000000000080,0x6000000000000000,0x00000000000000c0,0x4000b4c3,0x00000000800049e2,0x000000004000b4c3,0x00000000018c7cab,0x000000000181ede4,0x00000000018c7cab,0x000000000181ede4,0x0000000000000524,0x0000000000006e1e,0x0000000000008906,0x0000000000bcef37,0x00000000000079a1,0x0000000000a407c6,0x000000000001f22c,0x000000000062e78b,0x00000000000000c0,0x0000000000000040,0x00000489,0x8000000000000907,0x0000000007240701,0x03
1783640207125,b,0x00000000800058f2,0x0000000080018ed0,0x000000008000f190,0x000000008000f1c0,0x0000000080007a7a,0x0000000000000000,0x00000000800191f0,0x0000000080018f20,0x0000000080019530,0x00000000800193a0,0x00000000800194a0,0x0000000000000006,0x0000000000000003,0x0000000000000000,0x0000000000000000,0x0000000065cffe7b,0x0000000043f14ce4,0x0000000000000006,0x000000008000f200,0x0000000000000001,0x0000000000000006,0x0000000000000038,0x0000000000000000,0x0000000065cfea78,0x000000000055dc95,0x3fedd0be6c4371a2,0x0000000080004978,0x4152076dcf9c0ebf,0x4062d54463ae3779,0x4023c5b3ddadf076,0x40069fa256b32a2e,0x4003c0f259de1123,0x4152076dcf9c0ebf,0x4025772550fc5339,0x4129fe548631f8a1,0x415207655dd7dbf5,0x3fc733d476943792,0x0000000000000000,0x3fc733d476943792,0x00000001,0x00000001,0x8000000200006600,0x8000000a00007e00,0x800000000094112d,0x000000008000af80,0x00000000800000e4,0x0000000000000002,0x000000007c201073,0x0000000000000080,0x6000000000000000,0x00000000000000c0,0x4000b4c3,0x0000000080004978,0x000000004000b4c3,0x00000000018da631,0x000000000183133c,0x00000000018da631,0x000000000183133c,0x0000000000000527,0x0000000000006e21,0x0000000000008971,0x0000000000bd80fb,0x00000000000079d4,0x0000000000a485f0,0x000000000001f39b,0x0000000000633222,0x00000000000000c0,0x0000000000000040,0x00000489,0x8000000000000907,0x0000000007240701,0x03
1783640208630,b,0x0000000080005820,0x0000000080018ed0,0x000000008000f190,0x000000008000f1c0,0x0000000080007a7a,0x000000000000000f,0x00000000800191f0,0x0000000080018f20,0x0000000080019530,0x000000008000f238,0x0000000080019310,0x0000000000000006,0x0000000000000006,0x0000000080019280,0x0000000000000003,0x000000008000f201,0x3fe66c76e0d588ae,0x0000000000000006,0x000000008000f200,0x0000000000000001,0x0000000000000006,0x0000000000000038,0x0000000000000000,0xffffffffb5b1d02e,0x0000000000639cd1,0x3fedd0be6c4371a2,0x0000000080004988,0x4152076dcf9c0ebf,0x4062d54463ae3779,0x4023c5b3ddadf076,0x40069fa256b32a2e,0x4003c0f259de1123,0x4152076dcf9c0ebf,0x414fe4a242d42c3d,0x4129fe4e335a8588,0x41520763e6041893,0x0000000000000000,0x0000000000000000,0x0000000000000000,0x00000001,0x00000001,0x8000000200006600,0x8000000a00007e00,0x800000000094112d,0x000000008000af80,0x00000000800000e4,0x0000000000000002,0x000000007c201073,0x0000000000000080,0x6000000000000000,0x00000000000000c0,0x4000b4c3,0x0000000080004988,0x000000004000b4c3,0x00000000018ebd0b,0x0000000001842494,0x00000000018ebd0b,0x0000000001842494,0x000000000000052a,0x0000000000006e24,0x00000000000089bf,0x0000000000be06bc,0x00000000000079f8,0x0000000000a4fff5,0x000000000001f4c7,0x0000000000637a84,0x00000000000000c0,0x0000000000000040,0x00000489,0x8000000000000907,0x0000000007240701,0x03
1783640210090,b,0x00000000800056f8,0x0000000080019060,0x000000008000f190,0x000000008000f1c0,0x0000000080007a7a,0x000000000000000f,0x0000000080019430,0x00000000800190b0,0x0000000080019530,0x0000000080019548,0x000000008000f238,0x0000000000000006,0x0000000000000006,0x0000000080019310,0x00000000800193d8,0x000000008000f201,0x3fe39c7cee7aad63,0x0000000000000006,0x000000008000f200,0x0000000000000001,0x0000000000000006,0x0000000000000038,0x0000000000000000,0xffffffffaad2467e,0x0000000000411f8f,0x3fedd0be6c4371a2,0x00000000800049f0,0x4152076dcf9c0ebf,0x4062d54463ae3779,0x4023c5b3ddadf076,0x40069fa256b32a2e,0x4003c0f259de1123,0x4152076dcf9c0ebf,0x414fe4a63e219653,0x4129fe52d7dbf488,0x41520765053dd97f,0x0000000000000000,0x0000000000000000,0x0000000000000000,0x00000001,0x00000001,0x8000000200006600,0x8000000a00007e00,0x800000000094112d,0x000000008000af80,0x00000000800000e4,0x0000000000000002,0x000000007c201073,0x0000000000000080,0x6000000000000000,0x00000000000000c0,0x4000b4c3,0x00000000800049f0,0x000000004000b4c3,0x00000000018fcddb,0x00000000018530ee,0x00000000018fcddb,0x00000000018530ee,0x000000000000052e,0x0000000000006e27,0x0000000000008a1c,0x0000000000be8c9c,0x0000000000007a26,0x0000000000a5741b,0x000000000001f62c,0x000000000063be29,0x00000000000000c0,0x0000000000000040,0x00000489,0x8000000000000907,0x0000000007240701,0x03
1783640211364,b,0x00000000800057ae,0x0000000080018d90,0x000000008000f190,0x000000008000f1c0,0x0000000080007a7a,0x0000000000000000,0x00000000800191f0,0x0000000080018de0,0x0000000080019530,0x0000000080018f50,0x000000008000f238,0x0000000000000006,0x0000000000000006,0x000000008000f238,0x000000008000f278,0x0000000065cffe7b,0x0000000043f14ce4,0x0000000000000006,0x000000008000f200,0x0000000000000001,0x0000000000000006,0x0000000000000038,0x0000000000000000,0x0000000065cfea78,0x000000000055dc95,0x3fedd0be6c4371a2,0x00000000800049c6,0x4152076dcf9c0ebf,0x4062d54463ae3779,0x4023c5b3ddadf076,0x40069fa256b32a2e,0x4003c0f259de1123,0x4152076dcf9c0ebf,0x4025772550fc5339,0x4129fe52d7dbf488,0x41520765053dd97f,0x8000000000000000,0x0000000000000000,0x0000000000000000,0x00000001,0x00000001,0x8000000200006600,0x8000000a00007e00,0x800000000094112d,0x000000008000af80,0x00000000800000e4,0x0000000000000002,0x000000007c201073,0x0000000000000080,0x6000000000000000,0x00000000000000c0,0x4000b4c3,0x00000000800049c6,0x000000004000b4c3,0x000000000190db7a,0x0000000001863fa8,0x000000000190db7a,0x0000000001863fa8,0x000000000000052f,0x0000000000006e2a,0x0000000000008a33,0x0000000000bf0e86,0x0000000000007a43,0x0000000000a5e997,0x000000000001f778,0x0000000000640955,0x00000000000000c0,0x0000000000000040,0x00000489,0x8000000000000907,0x0000000007240701,0x03
1783640212785,b,0x000000008000519e,0x0000000080018e40,0x000000008000f190,0x000000008000f1c0,0x0000000080007a7a,0x000000000000000f,0x00000000800191f0,0x0000000080018e90,0x0000000080019530,0x0000000080019160,0x0000000080019118,0x0000000080018ef8,0x0000000080019118,0x0000000000000000,0x0000000000000003,0x000000008000f201,0x3fe2533b6b27787d,0x0000000000000006,0x000000008000f200,0x0000000000000001,0x0000000000000006,0x0000000000000038,0x0000000000000000,0xffffffffcb7044f8,0x00000000007dd7eb,0x3fedd0be6c4371a2,0x0000000080004f94,0x4152076dcf9c0ebf,0x4062d54463ae3779,0x4023c5b3ddadf076,0x40069fa256b32a2e,0x4003c0f259de1123,0x4152076dcf9c0ebf,0x414fe4a811e4f766,0x4129fe54c872b021,0x4152076b358adaba,0x3ff12c1dda6375ca,0x402e61c980105fa6,0x403e88fa391e4302,0x00000001,0x00000001,0x8000000200006600,0x8000000a00007e00,0x800000000094112d,0x000000008000af80,0x00000000800000e4,0x0000000000000002,0x000000007c201073,0x0000000000000080,0x6000000000000000,0x00000000000000c0,0x4000b4c3,0x0000000080004f94,0x000000004000b4c3,0x000000000191e03e,0x0000000001873e19,0x000000000191e03e,0x0000000001873e19,0x0000000000000532,0x0000000000006e2d,0x0000000000008a80,0x0000000000bf8b82,0x0000000000007a68,0x0000000000a65bd0,0x000000000001f888,0x0000000000644c97,0x00000000000000c0,0x0000000000000040,0x00000489,0x8000000000000907,0x0000000007240701,0x03
1783640214176,b,0x0000000080005744,0x0000000080019060,0x000000008000f190,0x000000008000f1c0,0x0000000080007a7a,0x000000000000000f,0x00000000800191f0,0x00000000800190b0,0x0000000080019530,0x0000000080019310,0x00000000800191f0,0x0000000000000006,0x0000000000000006,0x0000000000000003,0x0000000000000021,0x000000008000f201,0x3fe86b26860ab67e,0x0000000000000006,0x000000008000f200,0x0000000000000001,0x0000000000000006,0x0000000000000038,0x0000000000000000,0x000000003acafe00,0x0000000000494674,0x3fedd0be6c4371a2,0x000000008000497a,0x4152076dcf9c0ebf,0x4062d54463ae3779,0x4023c5b3ddadf076,0x40069fa256b32a2e,0x4003c0f259de1123,0x4152076dcf9c0ebf,0x414fe4a3817f62b7,0x4129fe4cdd97f62b,0x41520764f1f8a090,0x0000000000000000,0x0000000000000000,0x0000000000000000,0x00000001,0x00000001,0x8000000200006600,0x8000000a00007e00,0x800000000094112d,0x000000008000af80,0x00000000800000e4,0x0000000000000002,0x000000007c201073,0x0000000000000080,0x6000000000000000,0x00000000000000c0,0x4000b4c3,0x000000008000497a,0x000000004000b4c3,0x000000000192fff1,0x00000000018859db,0x000000000192fff1,0x00000000018859db,0x0000000000000535,0x0000000000006e30,0x0000000000008ae1,0x0000000000c01889,0x0000000000007a96,0x0000000000a6d640,0x000000000001f9f3,0x0000000000649451,0x00000000000000c0,0x0000000000000040,0x00000489,0x8000000000000907,0x0000000007240701,0x03
1783640215601,b,0x00000000800056f8,0x0000000080019060,0x000000008000f190,0x000000008000f1c0,0x0000000080007a7a,0x000000000000000f,0x0000000080019430,0x00000000800190b0,0x0000000080019530,0x0000000080019548,0x000000008000f238,0x0000000000000006,0x0000000000000006,0x0000000000000003,0x000000000000001e,0x000000008000f201,0x3fe602a9ca46dfce,0x0000000000000006,0x000000008000f200,0x0000000000000001,0x0000000000000006,0x0000000000000038,0x0000000000000000,0xffffffffe84b5f6e,0x0000000000788e17,0x3fedd0be6c4371a2,0x0000000080004976,0x4152076dcf9c0ebf,0x4062d54463ae3779,0x4023c5b3ddadf076,0x40069fa256b32a2e,0x4003c0f259de1123,0x4152076dcf9c0ebf,0x414fe4a4b6075f70,0x4129fe4ed3f7ced9,0x415207670e560419,0x0000000000000000,0x0000000000000000,0x0000000000000000,0x00000001,0x00000001,0x8000000200006600,0x8000000a00007e00,0x800000000094112d,0x000000008000af80,0x00000000800000e4,0x0000000000000002,0x000000007c201073,0x0000000000000080,0x6000000000000000,0x00000000000000c0,0x4000b4c3,0x0000000080004976,0x000000004000b4c3,0x000000000194388e,0x0000000001898e23,0x000000000194388e,0x0000000001898e23,0x000000000000053b,0x0000000000006e34,0x0000000000008b3f,0x0000000000c0b145,0x0000000000007ac8,0x0000000000a75c27,0x000000000001fb81,0x000000000064e383,0x00000000000000c0,0x0000000000000040,0x00000489,0x8000000000000907,0x0000000007240701,0x03
1783640217204,b,0x0000000080006260,0x0000000080019230,0x000000008000f190,0x000000008000f1c0,0x402a6014520d6113,0x0000000000000000,0x0000000000000000,0x0000000080019440,0x0000000080019530,0x0000000080019698,0x00000000800194a0,0x000000008000f238,0x00000000800003f0,0x00000000800194a0,0x00000000800194f0,0xffffffff81537efe,0xffffffff9d1c267e,0x0000000000000006,0x000000008000f200,0x0000000000000001,0x0000000000000006,0x0000000000000038,0x0000000000000000,0xffffffff81532cfe,0x000000000053bde8,0x3fedd0be6c4371a2,0x0000000080005bd8,0x4152076dcf9c0ebf,0x4062d54463ae3779,0x4023c5b3ddadf076,0x40069fa256b32a2e,0x4003c0f259de1123,0x4152076dcf9c0ebf,0x3ff4ef7a274709a0,0x4129fe4ed3f7ced9,0x415207670e560419,0x01a56e1fc2f8f359,0x0000000000000000,0x0000000000000000,0x00000001,0x00000001,0x8000000200006600,0x8000000a00007e00,0x800000000094112d,0x000000008000af80,0x00000000800000e4,0x0000000000000002,0x000000007c201073,0x0000000000000080,0x6000000000000000,0x00000000000000c0,0x4000b4c3,0x0000000080005bd8,0x000000004000b4c3,0x00000000019556fa,0x00000000018aabf4,0x00000000019556fa,0x00000000018aabf4,0x000000000000053e,0x0000000000006e37,0x0000000000008b83,0x0000000000c13c1a,0x0000000000007aeb,0x0000000000a7d775,0x000000000001fce1,0x00000000006530cb,0x00000000000000c0,0x0000000000000040,0x00000489,0x8000000000000907,0x0000000007240701,0x03
1783640218660,b,0x00000000800058c6,0x0000000080018ee0,0x000000008000f190,0x000000008000f1c0,0x0000000080007a7a,0x0000000000000000,0x00000000800191f0,0x0000000080018f20,0x0000000080019530,0x00000000800193a0,0x0000000080019100,0x0000000080019070,0x0000000000000006,0x00000000800193a0,0x0000000080019418,0x0000000065cffe7b,0x0000000043f14ce4,0x0000000000000006,0x000000008000f200,0x0000000000000001,0x0000000000000006,0x0000000000000038,0x0000000000000000,0x0000000065cfea78,0x000000000055dc95,0x3fedd0be6c4371a2,0x0000000080004ac8,0x4152076dcf9c0ebf,0x4062d54463ae3779,0x4023c5b3ddadf076,0x40069fa256b32a2e,0x4003c0f259de1123,0x4152076dcf9c0ebf,0x4025772550fc5339,0x4129fe5829930be1,0x4152076591ed288d,0x401a543b6fc00000,0x0000000000000000,0x0000000000000000,0x00000001,0x00000001,0x8000000200006600,0x8000000a00007e00,0x800000000094112d,0x000000008000af80,0x00000000800000e4,0x0000000000000002,0x000000007c201073,0x0000000000000080,0x6000000000000000,0x00000000000000c0,0x4000b4c3,0x0000000080004ac8,0x000000004000b4c3,0x00000000019662bf,0x00000000018bb46d,0x00000000019662bf,0x00000000018bb46d,0x0000000000000541,0x0000000000006e3a,0x0000000000008bcb,0x0000000000c1be88,0x0000000000007b16,0x0000000000a84a32,0x000000000001fe2d,0x0000000000657517,0x00000000000000c0,0x0000000000000040,0x00000489,0x8000000000000907,0x0000000007240701,0x03
1783640220144,b,0x0000000080005744,0x0000000080019060,0x000000008000f190,0x000000008000f1c0,0x0000000080007a7a,0x000000000000000f,0x00000000800191f0,0x00000000800190b0,0x0000000080019530,0x0000000080019310,0x00000000800191f0,0x0000000000000006,0x0000000000000006,0x00000000800190d0,0x0000000080019140,0x000000008000f201,0x3fe3d919d9a0ed6d,0x0000000000000006,0x000000008000f200,0x0000000000000001,0x0000000000000006,0x0000000000000038,0x0000000000000000,0xffffffffb244d538,0x00000000006c0750,0x3fedd0be6c4371a2,0x0000000080004982,0x4152076dcf9c0ebf,0x4062d54463ae3779,0x4023c5b3ddadf076,0x40069fa256b32a2e,0x4003c0f259de1123,0x4152076dcf9c0ebf,0x414fe4a27d66cf42,0x4129fe503b98c7e3,0x4152076913da511a,0x0000000000000000,0x0000000000000000,0x0000000000000000,0x00000001,0x00000001,0x8000000200006600,0x8000000a00007e00,0x800000000094112d,0x000000008000af80,0x00000000800000e4,0x0000000000000002,0x000000007c201073,0x0000000000000080,0x6000000000000000,0x00000000000000c0,0x4000b4c3,0x0000000080004982,0x000000004000b4c3,0x000000000198b405,0x00000000018dfe89,0x000000000198b405,0x00000000018dfe89,0x000000000000054a,0x0000000000006e3e,0x0000000000008c89,0x0000000000c2dedc,0x0000000000007b6e,0x0000000000a949c9,0x00000000000200ed,0x0000000000660dc6,0x00000000000000c0,0x0000000000000040,0x00000489,0x8000000000000907,0x0000000007240701,0x03
1783640221775,b,0x00000000800056cc,0x00000000800190b0,0x000000008000f190,0x000000008000f1c0,0x0000000080007a7a,0x000000000000000f,0x0000000080019530,0x0000000080019440,0x0000000080019530,0x000000008000f208,0x0000000080019668,0x000000008000f220,0x000000008000f238,0x000000008000f238,0x000000008000f208,0x0000000080019680,0x4129fe4ec6d99f63,0x0000000000000006,0x000000008000f200,0x0000000000000001,0x0000000000000006,0x0000000000000038,0x0000000000000000,0x0000000022fd06e0,0x000000000067f483,0x3fedd0be6c4371a2,0x0000000080007be4,0x4152076dcf9c0ebf,0x4062d54463ae3779,0x4023c5b3ddadf076,0x40069fa256b32a2e,0x4003c0f259de1123,0x4152076dcf9c0ebf,0x414fe4a534f0d845,0x4129fe4fa8f5c28f,0x4152076599a02752,0x414fe49f025e353f,0x4152076760b00a68,0x3ff0000000000000,0x00000001,0x00000001,0x8000000200006600,0x8000000a00007e00,0x800000000094112d,0x000000008000af80,0x00000000800000e4,0x0000000000000002,0x000000007c201073,0x0000000000000080,0x6000000000000000,0x00000000000000c0,0x4000b4c3,0x0000000080007be4,0x000000004000b4c3,0x000000000199d64d,0x00000000018f1c2f,0x000000000199d64d,0x00000000018f1c2f,0x000000000000054d,0x0000000000006e41,0x0000000000008cf6,0x0000000000c36cf5,0x0000000000007b9e,0x0000000000a9c581,0x0000000000020262,0x0000000000665648,0x00000000000000c0,0x0000000000000040,0x00000489,0x8000000000000907,0x0000000007240701,0x03
1783640223098,b,0x00000000800057ae,0x0000000080018d90,0x000000008000f190,0x000000008000f1c0,0x0000000080007a7a,0x0000000000000000,0x00000000800191f0,0x0000000080018de0,0x0000000080019530,0x0000000080018f50,0x000000008000f238,0x0000000000000006,0x0000000000000006,0x0000000080018df0,0x0000000080018e80,0x0000000065cffe7b,0x0000000043f14ce4,0x0000000000000006,0x000000008000f200,0x0000000000000001,0x0000000000000006,0x0000000000000038,0x0000000000000000,0x0000000065cfea78,0x000000000055dc95,0x3fedd0be6c4371a2,0x0000000080004982,0x4152076dcf9c0ebf,0x4062d54463ae3779,0x4023c5b3ddadf076,0x40069fa256b32a2e,0x4003c0f259de1123,0x4152076dcf9c0ebf,0x4025772550fc5339,0x4129fe4fa8f5c28f,0x4152076599a02752,0x8000000000000000,0x0000000000000000,0x0000000000000000,0x00000001,0x00000001,0x8000000200006600,0x8000000a00007e00,0x800000000094112d,0x000000008000af80,0x00000000800000e4,0x0000000000000002,0x000000007c201073,0x0000000000000080,0x6000000000000000,0x00000000000000c0,0x4000b4c3,0x0000000080004982,0x000000004000b4c3,0x00000000019affe5,0x0000000001904655,0x00000000019affe5,0x0000000001904655,0x000000000000054f,0x0000000000006e44,0x0000000000008d16,0x0000000000c3fbbc,0x0000000000007bbd,0x0000000000aa47da,0x00000000000203cb,0x000000000066a9a0,0x00000000000000c0,0x0000000000000040,0x00000489,0x8000000000000907,0x0000000007240701,0x03
1783640224630,b,0x0000000080005850,0x0000000080018ed0,0x000000008000f190,0x000000008000f1c0,0x0000000080007a7a,0x000000000000000f,0x00000000800191f0,0x0000000080018f20,0x0000000080019530,0x00000000800191f0,0x0000000080019310,0x0000000000000003,0x0000000000000006,0x0000000080019310,0x0000000080019330,0x000000008000f201,0x3fe3db4c5876d882,0x0000000000000006,0x000000008000f200,0x0000000000000001,0x0000000000000006,0x0000000000000038,0x0000000000000000,0x0000000077bf98e0,0x00000000004d870f,0x3fedd0be6c4371a2,0x00000000800049c6,0x4152076dcf9c0ebf,0x4062d54463ae3779,0x4023c5b3ddadf076,0x40069fa256b32a2e,0x4003c0f259de1123,0x4152076dcf9c0ebf,0x414fe4a24ad77319,0x4129fe4d0f0d844d,0x4152076721119ce0,0x0000000000000000,0x0000000000000000,0x0000000000000000,0x00000001,0x00000001,0x8000000200006600,0x8000000a00007e00,0x800000000094112d,0x000000008000af80,0x00000000800000e4,0x0000000000000002,0x000000007c201073,0x0000000000000080,0x6000000000000000,0x00000000000000c0,0x4000b4c3,0x00000000800049c6,0x000000004000b4c3,0x00000000019c0b76,0x0000000001914ba2,0x00000000019c0b76,0x0000000001914ba2,0x0000000000000554,0x0000000000006e48,0x0000000000008d5d,0x0000000000c47be3,0x0000000000007be0,0x0000000000aabd3f,0x00000000000204d9,0x000000000066ef3d,0x00000000000000c0,0x0000000000000040,0x00000489,0x8000000000000907,0x0000000007240701,0x03
1783640226090,b,0x0000000080005744,0x0000000080019060,0x000000008000f190,0x000000008000f1c0,0x0000000080007a7a,0x000000000000000f,0x00000000800191f0,0x00000000800190b0,0x0000000080019530,0x0000000080019310,0x00000000800191f0,0x0000000000000006,0x0000000000000006,0x00000000800190d0,0x00000000800191a0,0x000000008000f201,0x3fe379b313fc70c5,0x0000000000000006,0x000000008000f200,0x0000000000000001,0x0000000000000006,0x0000000000000038,0x0000000000000000,0xffffffffab0f380e,0x00000000005f0409,0x3fedd0be6c4371a2,0x00000000800049f2,0x4152076dcf9c0ebf,0x4062d54463ae3779,0x4023c5b3ddadf076,0x40069fa256b32a2e,0x4003c0f259de1123,0x4152076dcf9c0ebf,0x414fe49ee2c710cb,0x4129fe4d52bd3c36,0x41520763699b3d08,0x0000000000000000,0x0000000000000000,0x0000000000000000,0x00000001,0x00000001,0x8000000200006600,0x8000000a00007e00,0x800000000094112d,0x000000008000af80,0x00000000800000e4,0x0000000000000002,0x000000007c201073,0x0000000000000080,0x6000000000000000,0x00000000000000c0,0x4000b4c3,0x00000000800049f2,0x000000004000b4c3,0x00000000019d256d,0x0000000001926147,0x00000000019d256d,0x0000000001926147,0x0000000000000559,0x0000000000006e4b,0x0000000000008dc0,0x0000000000c505ff,0x0000000000007c10,0x0000000000ab34d2,0x0000000000020647,0x0000000000673507,0x00000000000000c0,0x0000000000000040,0x00000489,0x8000000000000907,0x0000000007240701,0x03
1783640227690,b,0x00000000800056f8,0x0000000080019060,0x000000008000f190,0x000000008000f1c0,0x0000000080007a7a,0x000000000000000f,0x0000000080019430,0x00000000800190b0,0x0000000080019530,0x0000000080019548,0x000000008000f238,0x0000000000000006,0x0000000000000006,0x0000000000000004,0x0000000000000006,0x000000008000f201,0x3fdd0f93f4e3c3d2,0x0000000000000006,0x000000008000f200,0x0000000000000001,0x0000000000000006,0x0000000000000038,0x0000000000000000,0xffffffffa8946be0,0x000000000063bc31,0x3fedd0be6c4371a2,0x000000008000498e,0x4152076dcf9c0ebf,0x4062d54463ae3779,0x4023c5b3ddadf076,0x40069fa256b32a2e,0x4003c0f259de1123,0x4152076dcf9c0ebf,0x414fe4a4bca2339c,0x4129fe55bfd8adac,0x4152076a04275254,0x0000000000000000,0x0000000000000000,0x0000000000000000,0x00000001,0x00000001,0x8000000200006600,0x8000000a00007e00,0x800000000094112d,0x000000008000af80,0x00000000800000e4,0x0000000000000002,0x000000007c201073,0x0000000000000080,0x6000000000000000,0x00000000000000c0,0x4000b4c3,0x000000008000498e,0x000000004000b4c3,0x00000000019e62c4,0x00000000019399cb,0x00000000019e62c4,0x00000000019399cb,0x000000000000055b,0x0000000000006e4e,0x0000000000008e2c,0x0000000000c5a0ae,0x0000000000007c42,0x0000000000abbcb7,0x00000000000207d8,0x000000000067858f,0x00000000000000c0,0x0000000000000040,0x00000489,0x8000000000000907,0x0000000007240701,0x03
1783640229179,b,0x0000000080006260,0x0000000080019230,0x000000008000f190,0x000000008000f1c0,0x402a6014520d6113,0x0000000000000000,0x0000000000000000,0x0000000080019440,0x0000000080019530,0x0000000080019698,0x00000000800194a0,0x000000008000f238,0x00000000800003f0,0x000000008000f238,0x000000008000f2c0,0x000000004b7afff1,0x000000004a171508,0x0000000000000006,0x000000008000f200,0x0000000000000001,0x0000000000000006,0x0000000000000038,0x0000000000000000,0x000000004b6ad7e0,0x00000000006a1b52,0x3fedd0be6c4371a2,0x0000000080005c0a,0x4152076dcf9c0ebf,0x4062d54463ae3779,0x4023c5b3ddadf076,0x40069fa256b32a2e,0x4003c0f259de1123,0x4152076dcf9c0ebf,0x402a86d49285c542,0x4129fe55bfd8adac,0x4152076a04275254,0x01a56e1fc2f8f359,0x0000000000000000,0x0000000000000000,0x00000001,0x00000001,0x8000000200006600,0x8000000a00007e00,0x800000000094112d,0x000000008000af80,0x00000000800000e4,0x0000000000000002,0x000000007c201073,0x0000000000000080,0x6000000000000000,0x00000000000000c0,0x4000b4c3,0x0000000080005c0a,0x000000004000b4c3,0x00000000019f9294,0x000000000194c7f4,0x00000000019f9294,0x000000000194c7f4,0x000000000000055f,0x0000000000006e51,0x0000000000008e68,0x0000000000c63446,0x0000000000007c65,0x0000000000ac3fa3,0x0000000000020948,0x000000000067d646,0x00000000000000c0,0x0000000000000040,0x00000489,0x8000000000000907,0x0000000007240701,0x03
1783640230680,b,0x00000000800058f2,0x0000000080018ed0,0x000000008000f190,0x000000008000f1c0,0x0000000080007a7a,0x0000000000000000,0x00000000800191f0,0x0000000080018f20,0x0000000080019530,0x00000000800193a0,0x00000000800194a0,0x0000000000000006,0x0000000000000003,0x00000000800193a0,0x00000000800193d0,0x0000000065cffe7b,0x0000000043f14ce4,0x0000000000000006,0x000000008000f200,0x0000000000000001,0x0000000000000006,0x0000000000000038,0x0000000000000000,0x0000000065cfea78,0x000000000055dc95,0x3fedd0be6c4371a2,0x00000000800049a4,0x4152076dcf9c0ebf,0x4062d54463ae3779,0x4023c5b3ddadf076,0x40069fa256b32a2e,0x4003c0f259de1123,0x4152076dcf9c0ebf,0x4025772550fc5339,0x4129fe507b2fec57,0x4152076b82cbfb16,0x0000000000000000,0x0000000000000000,0x0000000000000000,0x00000001,0x00000001,0x8000000200006600,0x8000000a00007e00,0x800000000094112d,0x000000008000af80,0x00000000800000e4,0x0000000000000002,0x000000007c201073,0x0000000000000080,0x6000000000000000,0x00000000000000c0,0x4000b4c3,0x00000000800049a4,0x000000004000b4c3,0x0000000001a09f73,0x000000000195d2f5,0x0000000001a09f73,0x000000000195d2f5,0x0000000000000561,0x0000000000006e54,0x0000000000008ea1,0x0000000000c6b6a4,0x0000000000007c92,0x0000000000acb37d,0x0000000000020a9f,0x0000000000681ccf,0x00000000000000c0,0x0000000000000040,0x00000489,0x8000000000000907,0x0000000007240701,0x03
1783640232266,b,0x000000008000589c,0x0000000080018ed0,0x000000008000f190,0x000000008000f1c0,0x0000000080007a7a,0x0000000000000000,0x00000000800191f0,0x0000000080018f20,0x0000000080019530,0x0000000080019280,0x0000000080019118,0x0000000000000006,0x0000000000000003,0x0000000000000002,0x0000000000000003,0x0000000065cffe7b,0x0000000043f14ce4,0x0000000000000006,0x000000008000f200,0x0000000000000001,0x0000000000000006,0x0000000000000038,0x0000000000000000,0x0000000065cfea78,0x000000000055dc95,0x3fedd0be6c4371a2,0x00000000800049b0,0x4152076dcf9c0ebf,0x4062d54463ae3779,0x4023c5b3ddadf076,0x40069fa256b32a2e,0x4003c0f259de1123,0x4152076dcf9c0ebf,0x4025772550fc5339,0x4129fe430f0d844d,0x4152076830624dd3,0x3ff12c1dda6375ca,0x0000000000000000,0x0000000000000000,0x00000001,0x00000001,0x8000000200006600,0x8000000a00007e00,0x800000000094112d,0x000000008000af80,0x00000000800000e4,0x0000000000000002,0x000000007c201073,0x0000000000000080,0x6000000000000000,0x00000000000000c0,0x4000b4c3,0x00000000800049b0,0x000000004000b4c3,0x0000000001a20218,0x0000000001973151,0x0000000001a20218,0x0000000001973151,0x0000000000000568,0x0000000000006e58,0x0000000000008f11,0x0000000000c76368,0x0000000000007cc4,0x0000000000ad4bcd,0x0000000000020c41,0x0000000000687842,0x00000000000000c0,0x0000000000000040,0x00000489,0x8000000000000907,0x0000000007240701,0x03
1783640233725,b,0x000000008000583a,0x0000000080018ed0,0x000000008000f190,0x000000008000f1c0,0x0000000080007a7a,0x000000000000000f,0x00000000800191f0,0x0000000080018f20,0x0000000080019530,0x00000000800194a0,0x000000008000f238,0x0000000000000003,0x0000000000000006,0x00000000800191f0,0x0000000080019208,0x000000008000f201,0x3fe669eff6dfef73,0x0000000000000006,0x000000008000f200,0x0000000000000001,0x0000000000000006,0x0000000000000038,0x0000000000000000,0xffffffffeba58e00,0x000000000055956a,0x3fedd0be6c4371a2,0x000000008000495a,0x4152076dcf9c0ebf,0x4062d54463ae3779,0x4023c5b3ddadf076,0x40069fa256b32a2e,0x4003c0f259de1123,0x4152076dcf9c0ebf,0x414fe49acc25aee6,0x4129fe56e0346dc6,0x41520769bb089a02,0x0000000000000000,0x0000000000000000,0x0000000000000000,0x00000001,0x00000001,0x8000000200006600,0x8000000a00007e00,0x800000000094112d,0x000000008000af80,0x00000000800000e4,0x0000000000000002,0x000000007c201073,0x0000000000000080,0x6000000000000000,0x00000000000000c0,0x4000b4c3,0x000000008000495a,0x000000004000b4c3,0x0000000001a33194,0x0000000001985aa2,0x0000000001a33194,0x0000000001985aa2,0x000000000000056e,0x0000000000006e5b,0x0000000000008f5d,0x0000000000c7f41c,0x0000000000007ced,0x0000000000add122,0x0000000000020d8f,0x000000000068c7da,0x00000000000000c0,0x0000000000000040,0x00000489,0x8000000000000907,0x0000000007240701,0x03
1783640235190,b,0x0000000080005744,0x0000000080019060,0x000000008000f190,0x000000008000f1c0,0x0000000080007a7a,0x000000000000000f,0x00000000800191f0,0x00000000800190b0,0x0000000080019530,0x0000000080019310,0x00000000800191f0,0x0000000000000006,0x0000000000000006,0x0000000000000000,0x0000000000000006,0x000000008000f201,0x3fe7e4eb77400d15,0x0000000000000006,0x000000008000f200,0x0000000000000001,0x0000000000000006,0x0000000000000038,0x0000000000000000,0xffffffffc4ffcebe,0x00000000007bd4e8,0x3fedd0be6c4371a2,0x000000008000498e,0x4152076dcf9c0ebf,0x4062d54463ae3779,0x4023c5b3ddadf076,0x40069fa256b32a2e,0x4003c0f259de1123,0x4152076dcf9c0ebf,0x414fe49caa305532,0x4129fe543404ea4b,0x4152076ba9ba5e35,0x4013efc4d6ad9501,0x0000000000000000,0x0000000000000000,0x00000001,0x00000001,0x8000000200006600,0x8000000a00007e00,0x800000000094112d,0x000000008000af80,0x00000000800000e4,0x0000000000000002,0x000000007c201073,0x0000000000000080,0x6000000000000000,0x00000000000000c0,0x4000b4c3,0x000000008000498e,0x000000004000b4c3,0x0000000001a4472f,0x0000000001996c7f,0x0000000001a4472f,0x0000000001996c7f,0x0000000000000571,0x0000000000006e5e,0x0000000000008fb4,0x0000000000c87c83,0x0000000000007d1e,0x0000000000ae46cb,0x0000000000020efe,0x0000000000690c48,0x00000000000000c0,0x0000000000000040,0x00000489,0x8000000000000907,0x0000000007240701,0x03
1783640236643,b,0x00000000800057ae,0x0000000080018d90,0x000000008000f190,0x000000008000f1c0,0x0000000080007a7a,0x0000000000000000,0x00000000800191f0,0x0000000080018de0,0x0000000080019530,0x0000000080018f50,0x000000008000f238,0x0000000000000006,0x0000000000000006,0x0000000000000004,0x0000000000000006,0x0000000065cffe7b,0x0000000043f14ce4,0x0000000000000006,0x000000008000f200,0x0000000000000001,0x0000000000000006,0x0000000000000038,0x0000000000000000,0x0000000065cfea78,0x000000000055dc95,0x3fedd0be6c4371a2,0x000000008000496c,0x4152076dcf9c0ebf,0x4062d54463ae3779,0x4023c5b3ddadf076,0x40069fa256b32a2e,0x4003c0f259de1123,0x4152076dcf9c0ebf,0x4025772550fc5339,0x4129fe543404ea4b,0x4152076ba9ba5e35,0x8000000000000000,0x0000000000000000,0x0000000000000000,0x00000001,0x00000001,0x8000000200006600,0x8000000a00007e00,0x800000000094112d,0x000000008000af80,0x00000000800000e4,0x0000000000000002,0x000000007c201073,0x0000000000000080,0x6000000000000000,0x00000000000000c0,0x4000b4c3,0x000000008000496c,0x000000004000b4c3,0x0000000001a53ec3,0x00000000019a6407,0x0000000001a53ec3,0x00000000019a6407,0x0000000000000573,0x0000000000006e61,0x0000000000008fd3,0x0000000000c8f38a,0x0000000000007d37,0x0000000000aeb300,0x0000000000021030,0x000000000069516c,0x00000000000000c0,0x0000000000000040,0x00000489,0x8000000000000907,0x0000000007240701,0x03
1783640238198,b,0x000000008000589c,0x0000000080018ed0,0x000000008000f190,0x000000008000f1c0,0x0000000080007a7a,0x0000000000000000,0x00000000800191f0,0x0000000080018f20,0x0000000080019530,0x0000000080019280,0x0000000080019118,0x0000000000000006,0x0000000000000003,0x00000000800193a0,0x00000000800193c0,0x0000000065cffe7b,0x0000000043f14ce4,0x0000000000000006,0x000000008000f200,0x0000000000000001,0x0000000000000006,0x0000000000000038,0x0000000000000000,0x0000000065cfea78,0x000000000055dc95,0x3fedd0be6c4371a2,0x0000000080004982,0x4152076dcf9c0ebf,0x4062d54463ae3779,0x4023c5b3ddadf076,0x40069fa256b32a2e,0x4003c0f259de1123,0x4152076dcf9c0ebf,0x4025772550fc5339,0x4129fe5391758e22,0x4152076cd566cf42,0x3fe1aec7af362c5b,0x0000000000000000,0x0000000000000000,0x00000001,0x00000001,0x8000000200006600,0x8000000a00007e00,0x800000000094112d,0x000000008000af80,0x00000000800000e4,0x0000000000000002,0x000000007c201073,0x0000000000000080,0x6000000000000000,0x00000000000000c0,0x4000b4c3,0x0000000080004982,0x000000004000b4c3,0x0000000001a6577b,0x00000000019b787a,0x0000000001a6577b,0x00000000019b787a,0x0000000000000577,0x0000000000006e64,0x000000000000903e,0x0000000000c97d92,0x0000000000007d66,0x0000000000af29c1,0x000000000002117e,0x0000000000699746,0x00000000000000c0,0x0000000000000040,0x00000489,0x8000000000000907,0x0000000007240701,0x03
1783640239824,b,0x0000000080009fc2,0x0000000080018dc0,0x000000008000f190,0x000000008000f1c0,0x0000000080007a7a,0x0000000000586940,0x00000000800191f0,0x0000000080018e40,0x0000000080018f00,0x0000000000586980,0x0000000000000020,0x00000000008d7dbc,0x0000000000000002,0x00000000002c34c0,0xffffffff86040000,0x0000000000000000,0x0000000000000006,0x0000000000000006,0x000000008000f200,0x0000000000000001,0x0000000000000006,0x0000000000000038,0x0000000000000000,0xffffffffcf3a00f8,0x00000000005869e6,0x3fedd0be6c4371a2,0x000000008000a0dc,0x4152076dcf9c0ebf,0x4062d54463ae3779,0x4023c5b3ddadf076,0x40069fa256b32a2e,0x4003c0f259de1123,0x403e88fa391e4302,0x403e88fa391e4302,0x4129fe5ab089a027,0x41520768a1916873,0x01a56e1fc2f8f359,0x0000000000000000,0x403e88fa391e4302,0x00000001,0x00000001,0x8000000200006600,0x8000000a00007e00,0x800000000094112d,0x000000008000af80,0x00000000800000e4,0x0000000000000002,0x000000007c201073,0x0000000000000080,0x6000000000000000,0x00000000000000c0,0x4000b4c3,0x000000008000a0dc,0x000000004000b4c3,0x0000000001a7bd23,0x00000000019cd87e,0x0000000001a7bd23,0x00000000019cd87e,0x000000000000057c,0x0000000000006e67,0x00000000000090a1,0x0000000000ca2932,0x0000000000007d94,0x0000000000afc5d9,0x0000000000021315,0x000000000069f583,0x00000000000000c0,0x0000000000000040,0x00000489,0x8000000000000907,0x0000000007240701,0x03
1783640241333,b,0x0000000080005744,0x0000000080019060,0x000000008000f190,0x000000008000f1c0,0x0000000080007a7a,0x000000000000000f,0x00000000800191f0,0x00000000800190b0,0x0000000080019530,0x0000000080019310,0x00000000800191f0,0x0000000000000006,0x0000000000000006,0x0000000000000002,0x0000000000000006,0x000000008000f201,0x3fed8d42fa5c5d6d,0x0000000000000006,0x000000008000f200,0x0000000000000001,0x0000000000000006,0x0000000000000038,0x0000000000000000,0x000000007fdc972e,0x0000000000768c3f,0x3fedd0be6c4371a2,0x0000000080004940,0x4152076dcf9c0ebf,0x4062d54463ae3779,0x4023c5b3ddadf076,0x40069fa256b32a2e,0x4003c0f259de1123,0x4152076dcf9c0ebf,0x414fe49d4a6809d5,0x4129fe490f34d6a1,0x41520766b03fe5c9,0x0000000000000000,0x0000000000000000,0x0000000000000000,0x00000001,0x00000001,0x8000000200006600,0x8000000a00007e00,0x800000000094112d,0x000000008000af80,0x00000000800000e4,0x0000000000000002,0x000000007c201073,0x0000000000000080,0x6000000000000000,0x00000000000000c0,0x4000b4c3,0x0000000080004940,0x000000004000b4c3,0x0000000001a8b76d,0x00000000019dcdee,0x0000000001a8b76d,0x00000000019dcdee,0x0000000000000580,0x0000000000006e6a,0x00000000000090fb,0x0000000000caa320,0x0000000000007dc0,0x0000000000b030b1,0x0000000000021456,0x00000000006a32ff,0x00000000000000c0,0x0000000000000040,0x00000489,0x8000000000000907,0x0000000007240701,0x03
1783640242758,b,0x0000000080006260,0x0000000080019230,0x000000008000f190,0x000000008000f1c0,0x402a6014520d6113,0x0000000000000000,0x0000000000000000,0x0000000080019440,0x0000000080019530,0x0000000080019698,0x00000000800194a0,0x000000008000f238,0x00000000800003f0,0x000000008000f238,0x000000008000f240,0x0000000056ffffff,0x000000004fc35b66,0x0000000000000006,0x000000008000f200,0x0000000000000001,0x0000000000000006,0x0000000000000038,0x0000000000000000,0x0000000056fd29ae,0x000000000074fe32,0x3fedd0be6c4371a2,0x0000000080005c0a,0x4152076dcf9c0ebf,0x4062d54463ae3779,0x4023c5b3ddadf076,0x40069fa256b32a2e,0x4003c0f259de1123,0x4152076dcf9c0ebf,0x402d3f8c93f0d6da,0x4129fe490f34d6a1,0x41520766b03fe5c9,0x01a56e1fc2f8f359,0x0000000000000000,0x0000000000000000,0x00000001,0x00000001,0x8000000200006600,0x8000000a00007e00,0x800000000094112d,0x000000008000af80,0x00000000800000e4,0x0000000000000002,0x000000007c201073,0x0000000000000080,0x6000000000000000,0x00000000000000c0,0x4000b4c3,0x0000000080005c0a,0x000000004000b4c3,0x0000000001a9ba87,0x00000000019ecf7c,0x0000000001a9ba87,0x00000000019ecf7c,0x0000000000000582,0x0000000000006e6d,0x0000000000009149,0x0000000000cb20a8,0x0000000000007ddf,0x0000000000b0a05e,0x0000000000021599,0x00000000006a78be,0x00000000000000c0,0x0000000000000040,0x00000489,0x8000000000000907,0x0000000007240701,0x03
1783640244262,b,0x00000000800058f2,0x0000000080018ed0,0x000000008000f190,0x000000008000f1c0,0x0000000080007a7a,0x0000000000000000,0x00000000800191f0,0x0000000080018f20,0x0000000080019530,0x00000000800193a0,0x00000000800194a0,0x0000000000000006,0x0000000000000003,0x0000000080018f50,0x0000000080019020,0x0000000065cffe7b,0x0000000043f14ce4,0x0000000000000006,0x000000008000f200,0x0000000000000001,0x0000000000000006,0x0000000000000038,0x0000000000000000,0x0000000065cfea78,0x000000000055dc95,0x3fedd0be6c4371a2,0x00000000800049f2,0x4152076dcf9c0ebf,0x4062d54463ae3779,0x4023c5b3ddadf076,0x40069fa256b32a2e,0x4003c0f259de1123,0x4152076dcf9c0ebf,0x4025772550fc5339,0x4129fe44f89374bc,0x4152076a63c50481,0x0000000000000000,0x0000000000000000,0x0000000000000000,0x00000001,0x00000001,0x8000000200006600,0x8000000a00007e00,0x800000000094112d,0x000000008000af80,0x00000000800000e4,0x0000000000000002,0x000000007c201073,0x0000000000000080,0x6000000000000000,0x00000000000000c0,0x4000b4c3,0x00000000800049f2,0x000000004000b4c3,0x0000000001aadd9a,0x00000000019fef4e,0x0000000001aadd9a,0x00000000019fef4e,0x0000000000000584,0x0000000000006e70,0x0000000000009199,0x0000000000cbadfe,0x0000000000007e0c,0x0000000000b11d8b,0x0000000000021709,0x00000000006ac3b0,0x00000000000000c0,0x0000000000000040,0x00000489,0x8000000000000907,0x0000000007240701,0x03
1783640245807,b,0x0000000080005850,0x0000000080018ed0,0x000000008000f190,0x000000008000f1c0,0x0000000080007a7a,0x000000000000000f,0x00000000800191f0,0x0000000080018f20,0x0000000080019530,0x00000000800191f0,0x0000000080019310,0x0000000000000003,0x0000000000000006,0x00000000800191a8,0x00000000800191d8,0x000000008000f201,0x3fea0227879f019d,0x0000000000000006,0x000000008000f200,0x0000000000000001,0x0000000000000006,0x0000000000000038,0x0000000000000000,0x000000006ca26778,0x00000000004fab64,0x3fedd0be6c4371a2,0x00000000800049f0,0x4152076dcf9c0ebf,0x4062d54463ae3779,0x4023c5b3ddadf076,0x40069fa256b32a2e,0x4003c0f259de1123,0x4152076dcf9c0ebf,0x414fe49f1381d7dc,0x4129fe5c0bfb15b5,0x4152076e11ab9f56,0x0000000000000000,0x0000000000000000,0x0000000000000000,0x00000001,0x00000001,0x8000000200006600,0x8000000a00007e00,0x800000000094112d,0x000000008000af80,0x00000000800000e4,0x0000000000000002,0x000000007c201073,0x0000000000000080,0x6000000000000000,0x00000000000000c0,0x4000b4c3,0x00000000800049f0,0x000000004000b4c3,0x0000000001ac128c,0x0000000001a11dd0,0x0000000001ac128c,0x0000000001a11dd0,0x0000000000000588,0x0000000000006e73,0x00000000000091ef,0x0000000000cc417e,0x0000000000007e32,0x0000000000b1a5b1,0x0000000000021844,0x00000000006b153a,0x00000000000000c0,0x0000000000000040,0x00000489,0x8000000000000907,0x0000000007240701,0x03
1783640247186,b,0x0000000080005744,0x0000000080019060,0x000000008000f190,0x000000008000f1c0,0x0000000080007a7a,0x000000000000000f,0x00000000800191f0,0x00000000800190b0,0x0000000080019530,0x0000000080019310,0x00000000800191f0,0x0000000000000006,0x0000000000000006,0x0000000000000002,0x0000000000000006,0x000000008000f201,0x3feeaa73bd492348,0x0000000000000006,0x000000008000f200,0x0000000000000001,0x0000000000000006,0x0000000000000038,0x0000000000000000,0x0000000033f420fe,0x000000000044ad4e,0x3fedd0be6c4371a2,0x000000008000498e,0x4152076dcf9c0ebf,0x4062d54463ae3779,0x4023c5b3ddadf076,0x40069fa256b32a2e,0x4003c0f259de1123,0x4152076dcf9c0ebf,0x414fe49c8c74538f,0x4129fe49abd3c361,0x415207696413a92a,0x4013efc4d6ad9501,0x0000000000000000,0x0000000000000000,0x00000001,0x00000001,0x8000000200006600,0x8000000a00007e00,0x800000000094112d,0x000000008000af80,0x00000000800000e4,0x0000000000000002,0x000000007c201073,0x0000000000000080,0x6000000000000000,0x00000000000000c0,0x4000b4c3,0x000000008000498e,0x000000004000b4c3,0x0000000001ad1d98,0x0000000001a2248f,0x0000000001ad1d98,0x0000000001a2248f,0x000000000000058c,0x0000000000006e76,0x0000000000009265,0x0000000000ccc4b1,0x0000000000007e62,0x0000000000b21646,0x00000000000219a6,0x00000000006b5652,0x00000000000000c0,0x0000000000000040,0x00000489,0x8000000000000907,0x0000000007240701,0x03
1783640248698,b,0x00000000800056f8,0x0000000080019060,0x000000008000f190,0x000000008000f1c0,0x0000000080007a7a,0x000000000000000f,0x0000000080019430,0x00000000800190b0,0x0000000080019530,0x0000000080019548,0x000000008000f238,0x0000000000000006,0x0000000000000006,0x0000000080019310,0x0000000080019420,0x000000008000f201,0x3fecd819587bc37f,0x0000000000000006,0x000000008000f200,0x0000000000000001,0x0000000000000006,0x0000000000000038,0x0000000000000000,0xffffffffeb639b0e,0x00000000004c27c5,0x3fedd0be6c4371a2,0x00000000800049f0,0x4152076dcf9c0ebf,0x4062d54463ae3779,0x4023c5b3ddadf076,0x40069fa256b32a2e,0x4003c0f259de1123,0x4152076dcf9c0ebf,0x414fe49c017f62b7,0x4129fe5d36e2eb1c,0x4152076d12b020c5,0x3ff0000000000000,0x0000000000000000,0x3fedd0be6c4371a1,0x00000001,0x00000001,0x8000000200006600,0x8000000a00007e00,0x800000000094112d,0x000000008000af80,0x00000000800000e4,0x0000000000000002,0x000000007c201073,0x0000000000000080,0x6000000000000000,0x00000000000000c0,0x4000b4c3,0x00000000800049f0,0x000000004000b4c3,0x0000000001ae73be,0x0000000001a375f7,0x0000000001ae73be,0x0000000001a375f7,0x000000000000058e,0x0000000000006e79,0x00000000000092c4,0x0000000000cd6b21,0x0000000000007e94,0x0000000000b2a9d7,0x0000000000021b4a,0x00000000006bae6d,0x00000000000000c0,0x0000000000000040,0x00000489,0x8000000000000907,0x0000000007240701,0x03
1783640250396,b,0x0000000080006260,0x0000000080019230,0x000000008000f190,0x000000008000f1c0,0x402a6014520d6113,0x0000000000000000,0x0000000000000000,0x0000000080019440,0x0000000080019530,0x0000000080019698,0x00000000800194a0,0x000000008000f238,0x00000000800003f0,0x00000000800194a0,0x0000000080019510,0x0000000022f6aefe,0xffffffff91c56c3c,0x0000000000000006,0x000000008000f200,0x0000000000000001,0x0000000000000006,0x0000000000000038,0x0000000000000000,0x0000000022f2a8f8,0x000000000058b90f,0x3fedd0be6c4371a2,0x0000000080005cf2,0x4152076dcf9c0ebf,0x4062d54463ae3779,0x4023c5b3ddadf076,0x40069fa256b32a2e,0x4003c0f259de1123,0x4152076dcf9c0ebf,0x40262e43e4715b0f,0x4129fe5d36e2eb1c,0x4152076d12b020c5,0x01a56e1fc2f8f359,0x0000000000000000,0x0000000000000000,0x00000001,0x00000001,0x8000000200006600,0x8000000a00007e00,0x800000000094112d,0x000000008000af80,0x00000000800000e4,0x0000000000000002,0x000000007c201073,0x0000000000000080,0x6000000000000000,0x00000000000000c0,0x4000b4c3,0x0000000080005cf2,0x000000004000b4c3,0x0000000001af9eef,0x0000000001a49f37,0x0000000001af9eef,0x0000000001a49f37,0x0000000000000593,0x0000000000006e7c,0x0000000000009309,0x0000000000cdfcda,0x0000000000007eb7,0x0000000000b32a83,0x0000000000021cb9,0x00000000006bfd08,0x00000000000000c0,0x0000000000000040,0x00000489,0x8000000000000907,0x0000000007240701,0x03
1783640252134,b,0x00000000800057ae,0x0000000080018d90,0x000000008000f190,0x000000008000f1c0,0x0000000080007a7a,0x0000000000000000,0x00000000800191f0,0x0000000080018de0,0x0000000080019530,0x0000000080018f50,0x000000008000f238,0x0000000000000006,0x0000000000000006,0x0000000000000004,0x0000000000000006,0x0000000065cffe7b,0x0000000043f14ce4,0x0000000000000006,0x000000008000f200,0x0000000000000001,0x0000000000000006,0x0000000000000038,0x0000000000000000,0x0000000065cfea78,0x000000000055dc95,0x3fedd0be6c4371a2,0x000000008000496c,0x4152076dcf9c0ebf,0x4062d54463ae3779,0x4023c5b3ddadf076,0x40069fa256b32a2e,0x4003c0f259de1123,0x4152076dcf9c0ebf,0x4025772550fc5339,0x4129fe3cf8c7e282,0x4152076889e9e1b1,0x8000000000000000,0x0000000000000000,0x0000000000000000,0x00000001,0x00000001,0x8000000200006600,0x8000000a00007e00,0x800000000094112d,0x000000008000af80,0x00000000800000e4,0x0000000000000002,0x000000007c201073,0x0000000000000080,0x6000000000000000,0x00000000000000c0,0x4000b4c3,0x000000008000496c,0x000000004000b4c3,0x0000000001b0ecd1,0x0000000001a5eb83,0x0000000001b0ecd1,0x0000000001a5eb83,0x0000000000000599,0x0000000000006e80,0x0000000000009346,0x0000000000ce9d76,0x0000000000007ee7,0x0000000000b3bb9b,0x0000000000021e53,0x00000000006c5748,0x00000000000000c0,0x0000000000000040,0x00000489,0x8000000000000907,0x0000000007240701,0x03
1783640253781,b,0x00000000800058f2,0x0000000080018ed0,0x000000008000f190,0x000000008000f1c0,0x0000000080007a7a,0x0000000000000000,0x00000000800191f0,0x0000000080018f20,0x0000000080019530,0x00000000800193a0,0x00000000800194a0,0x0000000000000006,0x0000000000000003,0x0000000080018f50,0x0000000000000003,0x0000000065cffe7b,0x0000000043f14ce4,0x0000000000000006,0x000000008000f200,0x0000000000000001,0x0000000000000006,0x0000000000000038,0x0000000000000000,0x0000000065cfea78,0x000000000055dc95,0x3fedd0be6c4371a2,0x0000000080004a00,0x4152076dcf9c0ebf,0x4062d54463ae3779,0x4023c5b3ddadf076,0x40069fa256b32a2e,0x4003c0f259de1123,0x4152076dcf9c0ebf,0x4025772550fc5339,0x4129fe5a469ad42c,0x41520767193a92a3,0x0000000000000000,0x0000000000000000,0x0000000000000000,0x00000001,0x00000001,0x8000000200006600,0x8000000a00007e00,0x800000000094112d,0x000000008000af80,0x00000000800000e4,0x0000000000000002,0x000000007c201073,0x0000000000000080,0x6000000000000000,0x00000000000000c0,0x4000b4c3,0x0000000080004a00,0x000000004000b4c3,0x0000000001b21261,0x0000000001a70d19,0x0000000001b21261,0x0000000001a70d19,0x000000000000059e,0x0000000000006e83,0x00000000000093ad,0x0000000000cf2d6f,0x0000000000007f1a,0x0000000000b43813,0x0000000000021fc0,0x00000000006ca0c2,0x00000000000000c0,0x0000000000000040,0x00000489,0x8000000000000907,0x0000000007240701,0x03
1783640255447,b,0x0000000080005850,0x0000000080018ed0,0x000000008000f190,0x000000008000f1c0,0x0000000080007a7a,0x000000000000000f,0x00000000800191f0,0x0000000080018f20,0x0000000080019530,0x00000000800191f0,0x0000000080019310,0x0000000000000003,0x0000000000000006,0x00000000800191f0,0x0000000080019260,0x000000008000f201,0x3fe6e161f4ac4492,0x0000000000000006,0x000000008000f200,0x0000000000000001,0x0000000000000006,0x0000000000000038,0x0000000000000000,0xffffffffe550c0f8,0x00000000005b879a,0x3fedd0be6c4371a2,0x00000000800049a4,0x4152076dcf9c0ebf,0x4062d54463ae3779,0x4023c5b3ddadf076,0x40069fa256b32a2e,0x4003c0f259de1123,0x4152076dcf9c0ebf,0x414fe4a01645a1cb,0x4129fe3bde0ded29,0x4152076b595e9e1b,0x0000000000000000,0x0000000000000000,0x0000000000000000,0x00000001,0x00000001,0x8000000200006600,0x8000000a00007e00,0x800000000094112d,0x000000008000af80,0x00000000800000e4,0x0000000000000002,0x000000007c201073,0x0000000000000080,0x6000000000000000,0x00000000000000c0,0x4000b4c3,0x00000000800049a4,0x000000004000b4c3,0x0000000001b35dd7,0x0000000001a8523c,0x0000000001b35dd7,0x0000000001a8523c,0x00000000000005a3,0x0000000000006e86,0x0000000000009404,0x0000000000cfcb92,0x0000000000007f40,0x0000000000b4ca4e,0x000000000002211a,0x00000000006cf8e5,0x00000000000000c0,0x0000000000000040,0x00000489,0x8000000000000907,0x0000000007240701,0x03
1783640256903,b,0x0000000080005744,0x0000000080019060,0x000000008000f190,0x000000008000f1c0,0x0000000080007a7a,0x000000000000000f,0x00000000800191f0,0x00000000800190b0,0x0000000080019530,0x0000000080019310,0x00000000800191f0,0x0000000000000006,0x0000000000000006,0x00000000800190d0,0x0000000000000001,0x000000008000f201,0x3fe762f4a1b94bb0,0x0000000000000006,0x000000008000f200,0x0000000000000001,0x0000000000000006,0x0000000000000038,0x0000000000000000,0x000000005191d1f8,0x00000000007f9fcf,0x3fedd0be6c4371a2,0x0000000080004988,0x4152076dcf9c0ebf,0x4062d54463ae3779,0x4023c5b3ddadf076,0x40069fa256b32a2e,0x4003c0f259de1123,0x4152076dcf9c0ebf,0x414fe4992fb15b57,0x4129fe45a1cac083,0x41520764a8553261,0x3fdcf46da09c9983,0x0000000000000000,0x0000000000000000,0x00000001,0x00000001,0x8000000200006600,0x8000000a00007e00,0x800000000094112d,0x000000008000af80,0x00000000800000e4,0x0000000000000002,0x000000007c201073,0x0000000000000080,0x6000000000000000,0x00000000000000c0,0x4000b4c3,0x0000000080004988,0x000000004000b4c3,0x0000000001b458dc,0x0000000001a949cc,0x0000000001b458dc,0x0000000001a949cc,0x00000000000005a5,0x0000000000006e89,0x0000000000009466,0x0000000000d047b2,0x0000000000007f70,0x0000000000b5336a,0x0000000000022271,0x00000000006d3552,0x00000000000000c0,0x0000000000000040,0x00000489,0x8000000000000907,0x0000000007240701,0x03
1783640258305,b,0x0000000080006260,0x0000000080019230,0x000000008000f190,0x000000008000f1c0,0x402a6014520d6113,0x0000000000000000,0x0000000000000000,0x0000000080019440,0x0000000080019530,0x0000000080019698,0x00000000800194a0,0x000000008000f238,0x00000000800003f0,0x0000000000000000,0x0000000000000000,0xffffffffd995f5ff,0xffffffffafceac8e,0x0000000000000006,0x000000008000f200,0x0000000000000001,0x0000000000000006,0x0000000000000038,0x0000000000000000,0xffffffffd994709e,0x00000000006b655f,0x3fedd0be6c4371a2,0x0000000080005ca0,0x4152076dcf9c0ebf,0x4062d54463ae3779,0x4023c5b3ddadf076,0x40069fa256b32a2e,0x4003c0f259de1123,0x4152076dcf9c0ebf,0x403ad957ebf3ab24,0x4129fe45a1cac083,0x41520764a8553261,0x01a56e1fc2f8f359,0x0000000000000000,0x0000000000000000,0x00000001,0x00000001,0x8000000200006600,0x8000000a00007e00,0x800000000094112d,0x000000008000af80,0x00000000800000e4,0x0000000000000002,0x000000007c201073,0x0000000000000080,0x6000000000000000,0x00000000000000c0,0x4000b4c3,0x0000000080005ca0,0x000000004000b4c3,0x0000000001b571df,0x0000000001aa608e,0x0000000001b571df,0x0000000001aa608e,0x00000000000005a6,0x0000000000006e8c,0x000000000000949f,0x0000000000d0d0cc,0x0000000000007f8f,0x0000000000b5ad3a,0x00000000000223c9,0x00000000006d7f3b,0x00000000000000c0,0x0000000000000040,0x00000489,0x8000000000000907,0x0000000007240701,0x03
1783640259881,b,0x00000000800058f2,0x0000000080018ed0,0x000000008000f190,0x000000008000f1c0,0x0000000080007a7a,0x0000000000000000,0x00000000800191f0,0x0000000080018f20,0x0000000080019530,0x00000000800193a0,0x00000000800194a0,0x0000000000000006,0x0000000000000003,0x0000000000000001,0x0000000000000006,0x0000000065cffe7b,0x0000000043f14ce4,0x0000000000000006,0x000000008000f200,0x0000000000000001,0x0000000000000006,0x0000000000000038,0x0000000000000000,0x0000000065cfea78,0x000000000055dc95,0x3fedd0be6c4371a2,0x00000000800049b0,0x4152076dcf9c0ebf,0x4062d54463ae3779,0x4023c5b3ddadf076,0x40069fa256b32a2e,0x4003c0f259de1123,0x4152076dcf9c0ebf,0x4025772550fc5339,0x4129fe49eb5dcc64,0x41520768326b50b1,0x0000000000000000,0x0000000000000000,0x0000000000000000,0x00000001,0x00000001,0x8000000200006600,0x8000000a00007e00,0x800000000094112d,0x000000008000af80,0x00000000800000e4,0x0000000000000002,0x000000007c201073,0x0000000000000080,0x6000000000000000,0x00000000000000c0,0x4000b4c3,0x00000000800049b0,0x000000004000b4c3,0x0000000001b687b9,0x0000000001ab753d,0x0000000001b687b9,0x0000000001ab753d,0x00000000000005aa,0x0000000000006e90,0x00000000000094db,0x0000000000d1575c,0x0000000000007fbc,0x0000000000b6249c,0x000000000002252c,0x00000000006dc8f8,0x00000000000000c0,0x0000000000000040,0x00000489,0x8000000000000907,0x0000000007240701,0x03
1783640261474,b,0x0000000080004ede,0x0000000080018de0,0x000000008000f190,0x000000008000f1c0,0x0000000080007a7a,0x0000000000000000,0x00000000800191f0,0x0000000080018e40,0x0000000080018ef8,0x0000000000000001,0x000000001b03b771,0x000000003fe00000,0x40161a799b03b771,0x0000000000000000,0x0000000000000001,0xffffffffcfbb17fa,0x000000006c0eddc4,0x0000000000000006,0x000000008000f200,0x0000000000000001,0x0000000000000006,0x0000000000000038,0x0000000000000000,0xffffffffcf3a00f8,0x00000000005869e6,0x3fedd0be6c4371a2,0x0000000080004ee6,0x4152076dcf9c0ebf,0x4062d54463ae3779,0x4023c5b3ddadf076,0x40069fa256b32a2e,0x4003c0f259de1123,0x4152076dcf9c0ebf,0x40161a799b03b771,0x4129fe4895e9e1b1,0x4152076ae7404ea5,0x01a56e1fc2f8f359,0x3ff0000000000000,0x0000000000000000,0x00000001,0x00000001,0x8000000200006600,0x8000000a00007e00,0x800000000094112d,0x000000008000af80,0x00000000800000e4,0x0000000000000002,0x000000007c201073,0x0000000000000080,0x6000000000000000,0x00000000000000c0,0x4000b4c3,0x0000000080004ee6,0x000000004000b4c3,0x0000000001b7c49d,0x0000000001acac38,0x0000000001b7c49d,0x0000000001acac38,0x00000000000005b1,0x0000000000006e93,0x000000000000953f,0x0000000000d1efe5,0x0000000000007fe6,0x0000000000b6ae74,0x000000000002267c,0x00000000006e1b8f,0x00000000000000c0,0x0000000000000040,0x00000489,0x8000000000000907,0x0000000007240701,0x03
1783640263084,b,0x0000000080005744,0x0000000080019060,0x000000008000f190,0x000000008000f1c0,0x0000000080007a7a,0x000000000000000f,0x00000000800191f0,0x00000000800190b0,0x0000000080019530,0x0000000080019310,0x00000000800191f0,0x0000000000000006,0x0000000000000006,0x0000000000000004,0x0000000000000006,0x000000008000f201,0x3fdb879ccd9cc93f,0x0000000000000006,0x000000008000f200,0x0000000000000001,0x0000000000000006,0x0000000000000038,0x0000000000000000,0xffffffffb19da1be,0x00000000007cf693,0x3fedd0be6c4371a2,0x0000000080004a06,0x4152076dcf9c0ebf,0x4062d54463ae3779,0x4023c5b3ddadf076,0x40069fa256b32a2e,0x4003c0f259de1123,0x4152076dcf9c0ebf,0x414fe4975b39c0ec,0x4129fe4dd5f6fd22,0x4152076ad1bda512,0x0000000000000000,0x0000000000000000,0x0000000000000000,0x00000001,0x00000001,0x8000000200006600,0x8000000a00007e00,0x800000000094112d,0x000000008000af80,0x00000000800000e4,0x0000000000000002,0x000000007c201073,0x0000000000000080,0x6000000000000000,0x00000000000000c0,0x4000b4c3,0x0000000080004a06,0x000000004000b4c3,0x0000000001b8d850,0x0000000001adba6a,0x0000000001b8d850,0x0000000001adba6a,0x00000000000005b4,0x0000000000006e96,0x00000000000095ad,0x0000000000d275a5,0x0000000000008012,0x0000000000b7243e,0x00000000000227d4,0x00000000006e605a,0x00000000000000c0,0x0000000000000040,0x00000489,0x8000000000000907,0x0000000007240701,0x03
1783640264495,b,0x0000000080005744,0x0000000080019060,0x000000008000f190,0x000000008000f1c0,0x0000000080007a7a,0x000000000000000f,0x00000000800191f0,0x00000000800190b0,0x0000000080019530,0x0000000080019310,0x00000000800191f0,0x0000000000000006,0x0000000000000006,0x00000000800190d0,0x0000000000000004,0x000000008000f201,0x3fdc75196c549f98,0x0000000000000006,0x000000008000f200,0x0000000000000001,0x0000000000000006,0x0000000000000038,0x0000000000000000,0xffffffff99d326e0,0x000000000046e6d1,0x3fedd0be6c4371a2,0x00000000800049f6,0x4152076dcf9c0ebf,0x4062d54463ae3779,0x4023c5b3ddadf076,0x40069fa256b32a2e,0x4003c0f259de1123,0x4152076dcf9c0ebf,0x414fe497c5e00d1b,0x4129fe40a189374c,0x4152076523e425af,0x0000000000000000,0x3fe185d1eca6d032,0x3fe185d1eca6d032,0x00000001,0x00000001,0x8000000200006600,0x8000000a00007e00,0x800000000094112d,0x000000008000af80,0x00000000800000e4,0x0000000000000002,0x000000007c201073,0x0000000000000080,0x6000000000000000,0x00000000000000c0,0x4000b4c3,0x00000000800049f6,0x000000004000b4c3,0x0000000001ba2574,0x0000000001af038f,0x0000000001ba2574,0x0000000001af038f,0x00000000000005b7,0x0000000000006e99,0x0000000000009614,0x0000000000d31816,0x0000000000008048,0x0000000000b7b294,0x000000000002297a,0x00000000006eb505,0x00000000000000c0,0x0000000000000040,0x00000489,0x8000000000000907,0x0000000007240701,0x03
1783640265950,b,0x0000000080009fc2,0x0000000080019420,0x000000008000f190,0x000000008000f1c0,0x402a6014520d6113,0x0000000000598140,0x0000000000000000,0x0000000080019700,0x0000000080019530,0x0000000000598180,0x0000000000000020,0x0000000000142b8e,0x0000000000000004,0x00000000002cc0c0,0xffffffffd7760000,0x0000000000000000,0x0000000000000006,0x0000000000000006,0x000000008000f200,0x0000000000000001,0x0000000000000006,0x0000000000000038,0x0000000000000000,0x0000000000000000,0x0000000000000000,0x3fedd0be6c4371a2,0x000000008000a0dc,0x4152076dcf9c0ebf,0x4062d54463ae3779,0x4023c5b3ddadf076,0x40069fa256b32a2e,0x4003c0f259de1123,0x407f4b5698076bbb,0x407f4b5698076bbb,0x4129fe40a189374c,0x4152076523e425af,0x3ff0000000000000,0x403902c3d6afcfad,0x407f4b5698076bbb,0x00000001,0x00000001,0x8000000200006600,0x8000000a00007e00,0x800000000094112d,0x000000008000af80,0x00000000800000e4,0x0000000000000002,0x000000007c201073,0x0000000000000080,0x6000000000000000,0x00000000000000c0,0x4000b4c3,0x000000008000a0dc,0x000000004000b4c3,0x0000000001bb2d10,0x0000000001b00a5f,0x0000000001bb2d10,0x0000000001b00a5f,0x00000000000005ba,0x0000000000006e9c,0x0000000000009643,0x0000000000d39678,0x0000000000008065,0x0000000000b825a1,0x0000000000022abb,0x00000000006efe67,0x00000000000000c0,0x0000000000000040,0x00000489,0x8000000000000907,0x0000000007240701,0x03
1783640267509,b,0x000000008000589c,0x0000000080018ed0,0x000000008000f190,0x000000008000f1c0,0x0000000080007a7a,0x0000000000000000,0x00000000800191f0,0x0000000080018f20,0x0000000080019530,0x0000000080019280,0x0000000080019118,0x0000000000000006,0x0000000000000003,0x0000000000000000,0x0000000000000003,0x0000000065cffe7b,0x0000000043f14ce4,0x0000000000000006,0x000000008000f200,0x0000000000000001,0x0000000000000006,0x0000000000000038,0x0000000000000000,0x0000000065cfea78,0x000000000055dc95,0x3fedd0be6c4371a2,0x000000008000496c,0x4152076dcf9c0ebf,0x4062d54463ae3779,0x4023c5b3ddadf076,0x40069fa256b32a2e,0x4003c0f259de1123,0x4152076dcf9c0ebf,0x4025772550fc5339,0x4129fe5228ce703b,0x4152076af7b4a234,0x401623e8e4790c0a,0x0000000000000000,0x0000000000000000,0x00000001,0x00000001,0x8000000200006600,0x8000000a00007e00,0x800000000094112d,0x000000008000af80,0x00000000800000e4,0x0000000000000002,0x000000007c201073,0x0000000000000080,0x6000000000000000,0x00000000000000c0,0x4000b4c3,0x000000008000496c,0x000000004000b4c3,0x0000000001bc32bf,0x0000000001b10c51,0x0000000001bc32bf,0x0000000001b10c51,0x00000000000005bc,0x0000000000006e9f,0x0000000000009697,0x0000000000d417aa,0x0000000000008090,0x0000000000b8946e,0x0000000000022bf6,0x00000000006f3ef7,0x00000000000000c0,0x0000000000000040,0x00000489,0x8000000000000907,0x0000000007240701,0x03
1783640268976,b,0x0000000080005820,0x0000000080018ed0,0x000000008000f190,0x000000008000f1c0,0x0000000080007a7a,0x000000000000000f,0x00000000800191f0,0x0000000080018f20,0x0000000080019530,0x000000008000f238,0x0000000080019310,0x0000000000000006,0x0000000000000006,0x0000000080019310,0x0000000080019318,0x000000008000f201,0x3fd1eab0a2238f23,0x0000000000000006,0x000000008000f200,0x0000000000000001,0x0000000000000006,0x0000000000000038,0x0000000000000000,0x000000001af340ae,0x00000000007ab858,0x3fedd0be6c4371a2,0x00000000800049c6,0x4152076dcf9c0ebf,0x4062d54463ae3779,0x4023c5b3ddadf076,0x40069fa256b32a2e,0x4003c0f259de1123,0x4152076dcf9c0ebf,0x414fe496b9eecbfb,0x4129fe3cbf2e48e9,0x4152076ad9f06f69,0x3fe1aec7af362c5b,0x0000000000000000,0x0000000000000000,0x00000001,0x00000001,0x8000000200006600,0x8000000a00007e00,0x800000000094112d,0x000000008000af80,0x00000000800000e4,0x0000000000000002,0x000000007c201073,0x0000000000000080,0x6000000000000000,0x00000000000000c0,0x4000b4c3,0x00000000800049c6,0x000000004000b4c3,0x0000000001bd5428,0x0000000001b22817,0x0000000001bd5428,0x0000000001b22817,0x00000000000005bf,0x0000000000006ea2,0x00000000000096e0,0x0000000000d4a20e,0x00000000000080b8,0x0000000000b912eb,0x0000000000022d40,0x00000000006f8a3b,0x00000000000000c0,0x0000000000000040,0x00000489,0x8000000000000907,0x0000000007240701,0x03
1783640270380,b,0x00000000800056f8,0x0000000080019060,0x000000008000f190,0x000000008000f1c0,0x0000000080007a7a,0x000000000000000f,0x0000000080019430,0x00000000800190b0,0x0000000080019530,0x0000000080019548,0x000000008000f238,0x0000000000000006,0x0000000000000006,0x0000000000000002,0x000000000000000c,0x000000008000f201,0x3fd39ccd06dc30da,0x0000000000000006,0x000000008000f200,0x0000000000000001,0x0000000000000006,0x0000000000000038,0x0000000000000000,0x0000000060513f38,0x000000000055e204,0x3fedd0be6c4371a2,0x0000000080004992,0x4152076dcf9c0ebf,0x4062d54463ae3779,0x4023c5b3ddadf076,0x40069fa256b32a2e,0x4003c0f259de1123,0x4152076dcf9c0ebf,0x414fe4974b6ae7d5,0x4129fe4a9525460b,0x4152076998b5dcc6,0x0000000000000000,0x0000000000000000,0x0000000000000000,0x00000001,0x00000001,0x8000000200006600,0x8000000a00007e00,0x800000000094112d,0x000000008000af80,0x00000000800000e4,0x0000000000000002,0x000000007c201073,0x0000000000000080,0x6000000000000000,0x00000000000000c0,0x4000b4c3,0x0000000080004992,0x000000004000b4c3,0x0000000001be5f32,0x0000000001b32e35,0x0000000001be5f32,0x0000000001b32e35,0x00000000000005c2,0x0000000000006ea5,0x000000000000974a,0x0000000000d524f0,0x00000000000080e6,0x0000000000b98473,0x0000000000022ea1,0x00000000006fcc07,0x00000000000000c0,0x0000000000000040,0x00000489,0x8000000000000907,0x0000000007240701,0x03
1783640271835,b,0x00000000800057ae,0x0000000080018d90,0x000000008000f190,0x000000008000f1c0,0x0000000080007a7a,0x0000000000000000,0x00000000800191f0,0x0000000080018de0,0x0000000080019530,0x0000000080018f50,0x000000008000f238,0x0000000000000006,0x0000000000000006,0x0000000000000001,0x0000000000000019,0x0000000065cffe7b,0x0000000043f14ce4,0x0000000000000006,0x000000008000f200,0x0000000000000001,0x0000000000000006,0x0000000000000038,0x0000000000000000,0x0000000065cfea78,0x000000000055dc95,0x3fedd0be6c4371a2,0x0000000080004978,0x4152076dcf9c0ebf,0x4062d54463ae3779,0x4023c5b3ddadf076,0x40069fa256b32a2e,0x4003c0f259de1123,0x4152076dcf9c0ebf,0x4025772550fc5339,0x4129fe4a9525460b,0x4152076998b5dcc6,0x8000000000000000,0x0000000000000000,0x0000000000000000,0x00000001,0x00000001,0x8000000200006600,0x8000000a00007e00,0x800000000094112d,0x000000008000af80,0x00000000800000e4,0x0000000000000002,0x000000007c201073,0x0000000000000080,0x6000000000000000,0x00000000000000c0,0x4000b4c3,0x0000000080004978,0x000000004000b4c3,0x0000000001bf7a3e,0x0000000001b449c7,0x0000000001bf7a3e,0x0000000001b449c7,0x00000000000005c4,0x0000000000006ea8,0x0000000000009772,0x0000000000d5ace6,0x0000000000008103,0x0000000000b9fffa,0x0000000000022ff7,0x0000000000701b22,0x00000000000000c0,0x0000000000000040,0x00000489,0x8000000000000907,0x0000000007240701,0x03
1783640273323,b,0x000000008000589c,0x0000000080018ed0,0x000000008000f190,0x000000008000f1c0,0x0000000080007a7a,0x0000000000000000,0x00000000800191f0,0x0000000080018f20,0x0000000080019530,0x0000000080019280,0x0000000080019118,0x0000000000000006,0x0000000000000003,0x00000000800193a0,0x0000000000000018,0x0000000065cffe7b,0x0000000043f14ce4,0x0000000000000006,0x000000008000f200,0x0000000000000001,0x0000000000000006,0x0000000000000038,0x0000000000000000,0x0000000065cfea78,0x000000000055dc95,0x3fedd0be6c4371a2,0x0000000080004980,0x4152076dcf9c0ebf,0x4062d54463ae3779,0x4023c5b3ddadf076,0x40069fa256b32a2e,0x4003c0f259de1123,0x4152076dcf9c0ebf,0x4025772550fc5339,0x4129fe534ef34d6a,0x4152076a753a92a3,0x3fe1aec7af362c5b,0x0000000000000000,0x3f9287f43dd4dd22,0x00000001,0x00000001,0x8000000200006600,0x8000000a00007e00,0x800000000094112d,0x000000008000af80,0x00000000800000e4,0x0000000000000002,0x000000007c201073,0x0000000000000080,0x6000000000000000,0x00000000000000c0,0x4000b4c3,0x0000000080004980,0x000000004000b4c3,0x0000000001c09371,0x0000000001b55ef4,0x0000000001c09371,0x0000000001b55ef4,0x00000000000005ca,0x0000000000006eab,0x00000000000097da,0x0000000000d63744,0x0000000000008132,0x0000000000ba7715,0x0000000000023145,0x0000000000706132,0x00000000000000c0,0x0000000000000040,0x00000489,0x8000000000000907,0x0000000007240701,0x03
1783640274986,b,0x0000000080005820,0x0000000080018ed0,0x000000008000f190,0x000000008000f1c0,0x0000000080007a7a,0x000000000000000f,0x00000000800191f0,0x0000000080018f20,0x0000000080019530,0x000000008000f238,0x0000000080019310,0x0000000000000006,0x0000000000000006,0x0000000000000001,0x0000000000000003,0x000000008000f201,0x3fd25156a2632f4b,0x0000000000000006,0x000000008000f200,0x0000000000000001,0x0000000000000006,0x0000000000000038,0x0000000000000000,0x000000005ee7d6b8,0x00000000004b6347,0x3fedd0be6c4371a2,0x00000000800049da,0x4152076dcf9c0ebf,0x4062d54463ae3779,0x4023c5b3ddadf076,0x40069fa256b32a2e,0x4003c0f259de1123,0x4152076dcf9c0ebf,0x414fe496bcc985f0,0x4129fe2980ded289,0x4152076c31cc63f1,0x3fbaec350bb9de12,0x0000000000000000,0x0000000000000000,0x00000001,0x00000001,0x8000000200006600,0x8000000a00007e00,0x800000000094112d,0x000000008000af80,0x00000000800000e4,0x0000000000000002,0x000000007c201073,0x0000000000000080,0x6000000000000000,0x00000000000000c0,0x4000b4c3,0x00000000800049da,0x000000004000b4c3,0x0000000001c1b379,0x0000000001b67958,0x0000000001c1b379,0x0000000001b67958,0x00000000000005cf,0x0000000000006eae,0x0000000000009826,0x0000000000d6c0fe,0x000000000000815a,0x0000000000baf4c1,0x000000000002328c,0x000000000070ac0f,0x00000000000000c0,0x0000000000000040,0x00000489,0x8000000000000907,0x0000000007240701,0x03
1783640276613,b,0x00000000800066d4,0x0000000080019700,0x000000008000f190,0x000000008000f1c0,0x402a6014520d6113,0x0000000000000000,0x0000000000000000,0x00000000800199a0,0x0000000080019530,0x0000000020000004,0x000000000000000a,0x000000008000f3a8,0x000000008000f3a8,0x000000000000033e,0x0000000004c4b3ff,0x000000002af7bfff,0x000000002f50e32e,0x0000000000000006,0x000000008000f200,0x0000000000000001,0x0000000000000006,0x0000000000000038,0x0000000000000000,0x000000002ad2b1de,0x00000000007981dc,0x3fedd0be6c4371a2,0x00000000800066dc,0x4152076dcf9c0ebf,0x4062d54463ae3779,0x4023c5b3ddadf076,0x40069fa256b32a2e,0x4003c0f259de1123,0x4152076dcf9c0ebf,0x402e60770bd438cc,0x4129fe2980ded289,0x4152076c31cc63f1,0x01a56e1fc2f8f359,0x3ff0000000000000,0x402e60770bd438cc,0x00000001,0x00000001,0x8000000200006600,0x8000000a00007e00,0x800000000094112d,0x000000008000af80,0x00000000800000e4,0x0000000000000002,0x000000007c201073,0x0000000000000080,0x6000000000000000,0x00000000000000c0,0x4000b4c3,0x00000000800066dc,0x000000004000b4c3,0x0000000001c2c3ba,0x0000000001b78afc,0x0000000001c2c3ba,0x0000000001b78afc,0x00000000000005d8,0x0000000000006eb7,0x000000000000987f,0x0000000000d75103,0x000000000000818e,0x0000000000bb6224,0x00000000000233df,0x000000000070e628,0x00000000000000c0,0x0000000000000040,0x00000489,0x8000000000000907,0x0000000007240701,0x03
