timestamp_ms,ra,sp,t0,t1,t2,fp,a0,a1,a2,a3,a4,a5,a6,a7,t3,t4,t5,t6,pc,fs0,fa0,fa1,fa2,fa3,fa4,fa5,dpc,mcycle,minstret,cycle,instret,hpmcounter3,hpmcounter4,hpmcounter6,hpmcounter7,hpmcounter8,hpmcounter9,hpmcounter10
1784436757219,0x0000000080005820,0x0000000080018ed0,0x0000000080007a7a,0x000000000000000f,0x00000000800191f0,0x0000000080018f20,0x000000008000f238,0x0000000080019310,0x0000000000000006,0x0000000000000006,0x0000000000000000,0x0000000000000003,0x000000008000f201,0x3fea8dd8c276bbb2,0x0000000000000000,0x0000000070ae7e00,0x0000000000781a3e,0x3fedd0be65503670,0x00000000800049d6,0x0000000000000000,0x414fe4d21abd3c36,0x4129fe7169ba5e35,0x4152075137559b3d,0x0000000000000000,0x401623e8e47e3991,0x0000000000000000,0x00000000800049d6,0x0000000000bfe4e5,0x0000000000b7e720,0x0000000000bfe4e5,0x0000000000b7e720,0x0000000000109bf8,0x0000000000000533,0x0000000000005170,0x0000000000000586,0x0000000000004a3b,0x000000000057698d,0x00000000000012b4
1784436758057,0x0000000080006260,0x0000000080019230,0x402a6014655676c9,0x0000000000000000,0x0000000000000000,0x0000000080019440,0x0000000080019698,0x00000000800194a0,0x000000008000f238,0x00000000800003f0,0x0000000000000000,0x0000000000000000,0x000000007779b7be,0xffffffffbf2743d6,0x0000000000000000,0x000000007769248e,0x00000000004c5eb9,0x3fedd0be6231d53c,0x0000000080005bb8,0x0000000000000000,0x402317ae6fc9d0f6,0x4129fe7169ba5e35,0x4152075137559b3d,0x01a56e1fc2f8f359,0x0000000000000000,0x0000000000000000,0x0000000080005bb8,0x0000000000c0b6fe,0x0000000000b8b75a,0x0000000000c0b6fe,0x0000000000b8b75a,0x000000000010adab,0x000000000000053c,0x0000000000005170,0x0000000000000586,0x0000000000004a9e,0x000000000057cf71,0x00000000000012b7
1784436758788,0x0000000080005820,0x0000000080018ed0,0x0000000080007a7a,0x000000000000000f,0x00000000800191f0,0x0000000080018f20,0x000000008000f238,0x0000000080019310,0x0000000000000006,0x0000000000000006,0x0000000000000000,0x0000000000000009,0x000000008000f201,0x3feadd665c2bf178,0x0000000000000000,0x000000001c8496de,0x000000000048d222,0x3fedd0be6231d53c,0x00000000800049ba,0x0000000000000000,0x414fe4d479e4f766,0x4129fe70b6872b02,0x4152075151581062,0x0000000000000000,0x3fe1aec7af3629e4,0x3fe1aec7af3629e4,0x00000000800049ba,0x0000000000c160ad,0x0000000000b95be8,0x0000000000c160ad,0x0000000000b95be8,0x000000000010bf5a,0x000000000000053e,0x0000000000005172,0x0000000000000591,0x0000000000004aca,0x000000000058207e,0x00000000000012ba
1784436759371,0x0000000080006260,0x0000000080019230,0x402a60145f9b75fc,0x0000000000000000,0x0000000000000000,0x0000000080019440,0x0000000080019698,0x00000000800194a0,0x000000008000f238,0x00000000800003f0,0x00000000800194a0,0x00000000800194a8,0x000000006f35f71f,0x000000005a014a16,0x0000000000000000,0x000000006f31a30e,0x00000000004bf07e,0x3fedd0be60a0cafb,0x0000000080005bd6,0x0000000000000000,0x4012fc1f96805286,0x4129fe70b6872b02,0x4152075151581062,0x01a56e1fc2f8f359,0x0000000000000000,0x0000000000000000,0x0000000080005bd6,0x0000000000c22c50,0x0000000000ba2555,0x0000000000c22c50,0x0000000000ba2555,0x000000000010d03f,0x0000000000000547,0x0000000000005172,0x0000000000000591,0x0000000000004b3b,0x00000000005882e4,0x00000000000012bd
1784436760158,0x000000008000583a,0x0000000080018ed0,0x0000000080007a7a,0x000000000000000f,0x00000000800191f0,0x0000000080018f20,0x00000000800194a0,0x000000008000f238,0x0000000000000003,0x0000000000000006,0x00000000800194a0,0x00000000800194d8,0x000000008000f201,0x3feb016700ae013a,0x0000000000000000,0xffffffffdae221e0,0x00000000005ab988,0x3fedd0be60a0cafb,0x00000000800049a4,0x0000000000000000,0x414fe4d2b2474539,0x4129fe717d07c84b,0x41520752d2944674,0x0000000000000000,0x0000000000000000,0x0000000000000000,0x00000000800049a4,0x0000000000c2fc6c,0x0000000000baefe2,0x0000000000c2fc6c,0x0000000000baefe2,0x000000000010e54a,0x0000000000000549,0x0000000000005175,0x00000000000005a0,0x0000000000004b6c,0x000000000058e612,0x00000000000012c0
1784436761084,0x00000000800056f8,0x0000000080019060,0x0000000080007a7a,0x000000000000000f,0x0000000080019430,0x00000000800190b0,0x0000000080019548,0x000000008000f238,0x0000000000000006,0x0000000000000006,0x0000000000000001,0x0000000000000006,0x000000008000f201,0x3fecabae2d16b5a7,0x0000000000000000,0x000000004bf6800e,0x0000000000557182,0x3fedd0be603a78ea,0x000000008000498e,0x0000000000000000,0x414fe4d3c353f7cf,0x4129fe868a9930be,0x4152075212dc5d64,0x0000000000000000,0x0000000000000000,0x0000000000000000,0x000000008000498e,0x0000000000c3d541,0x0000000000bbc34f,0x0000000000c3d541,0x0000000000bbc34f,0x000000000010fbb0,0x0000000000000554,0x0000000000005178,0x00000000000005af,0x0000000000004bf9,0x0000000000595117,0x00000000000012c3
1784436761940,0x000000008000589c,0x0000000080018ed0,0x0000000080007a7a,0x0000000000000000,0x00000000800191f0,0x0000000080018f20,0x0000000080019280,0x0000000080019118,0x0000000000000006,0x0000000000000003,0x0000000000000002,0x000000000000000c,0x00000000567febea,0x00000000455b0ec8,0x0000000000000000,0x00000000567ac1e0,0x000000000055dc95,0x3fedd0be603a78ea,0x0000000080004998,0x0000000000000000,0x402577255156c3b2,0x4129fe868a9930be,0x4152075212dc5d64,0x0000000000000000,0x0000000000000000,0x0000000000000000,0x0000000080004998,0x0000000000c4aed0,0x0000000000bc9c75,0x0000000000c4aed0,0x0000000000bc9c75,0x0000000000110d09,0x000000000000055d,0x0000000000005178,0x00000000000005af,0x0000000000004c3c,0x000000000059ba0c,0x00000000000012c6
1784436762881,0x00000000800056f8,0x0000000080019060,0x0000000080007a7a,0x000000000000000f,0x0000000080019430,0x00000000800190b0,0x0000000080019548,0x000000008000f238,0x0000000000000006,0x0000000000000006,0x0000000080019310,0x0000000080019428,0x000000008000f201,0x3fecf4b5b1d8c274,0x0000000000000000,0x0000000025113138,0x00000000004966e6,0x3fedd0be60ac1b70,0x000000008000495c,0x0000000000000000,0x414fe4d65d97f62b,0x4129fe8335b573eb,0x4152074b6d2a3055,0x3ff0000000000000,0x0000000000000000,0x0000000000000000,0x000000008000495c,0x0000000000c57825,0x0000000000bd5ef9,0x0000000000c57825,0x0000000000bd5ef9,0x0000000000112254,0x000000000000055f,0x000000000000517a,0x00000000000005ba,0x0000000000004c8e,0x00000000005a1a58,0x00000000000012c9
1784436763788,0x0000000080005794,0x0000000080018db0,0x0000000080007a7a,0x0000000000000000,0x00000000800191f0,0x0000000080018de0,0x0000000080018f50,0x0000000000000006,0x0000000000000006,0x0000000000000003,0x0000000080018f50,0x00000000000000e0,0x000000003d79e3ef,0x0000000044bcf85a,0x0000000000000000,0x000000003d70c02e,0x000000000055dc95,0x3fedd0be60ac1b70,0x0000000080004d88,0x0000000000000000,0x40257725512f3e17,0x4129fe8335b573eb,0x4152074b6d2a3055,0x3f8314f4b9675c88,0x8000000000000000,0x3ff0000000000000,0x0000000080004d88,0x0000000000c65049,0x0000000000be377d,0x0000000000c65049,0x0000000000be377d,0x00000000001133cd,0x0000000000000568,0x000000000000517a,0x00000000000005ba,0x0000000000004cd6,0x00000000005a82bf,0x00000000000012cc
1784436764735,0x0000000080005820,0x0000000080018ed0,0x0000000080007a7a,0x000000000000000f,0x00000000800191f0,0x0000000080018f20,0x000000008000f238,0x0000000080019310,0x0000000000000006,0x0000000000000006,0x0000000000000003,0x0000000000000003,0x000000008000f201,0x3fe501924d4899b7,0x0000000000000000,0x000000004ce7d78e,0x00000000005c3dbb,0x3fedd0be61b18094,0x0000000080004940,0x0000000000000000,0x414fe4d3be31f8a1,0x4129fe6a516872b0,0x4152074fe779a6b5,0x0000000000000000,0x3fe1aec7af367f09,0x3fe1aec7af367f09,0x0000000080004940,0x0000000000c74740,0x0000000000bf27d6,0x0000000000c74740,0x0000000000bf27d6,0x0000000000114c56,0x000000000000056a,0x000000000000517c,0x00000000000005c5,0x0000000000004d32,0x00000000005af908,0x00000000000012cf
1784436765613,0x0000000080006260,0x0000000080019230,0x402a6014537e8711,0x0000000000000000,0x0000000000000000,0x0000000080019440,0x0000000080019698,0x00000000800194a0,0x000000008000f238,0x00000000800003f0,0x00000000800194a0,0x00000000800194d0,0x0000000023fbbf7e,0xffffffffda6447be,0x0000000000000000,0x0000000023ba877e,0x000000000052bf3b,0x3fedd0be631396b9,0x0000000080005bd8,0x0000000000000000,0x4024afcef69911f0,0x4129fe6a516872b0,0x4152074fe779a6b5,0x01a56e1fc2f8f359,0x0000000000000000,0x0000000000000000,0x0000000080005bd8,0x0000000000c80feb,0x0000000000bfee82,0x0000000000c80feb,0x0000000000bfee82,0x0000000000115e13,0x0000000000000573,0x000000000000517c,0x00000000000005c5,0x0000000000004d8b,0x00000000005b5b1f,0x00000000000012d2
1784436766553,0x000000008000583a,0x0000000080018ed0,0x0000000080007a7a,0x000000000000000f,0x00000000800191f0,0x0000000080018f20,0x00000000800194a0,0x000000008000f238,0x0000000000000003,0x0000000000000006,0x000000008000f238,0x000000008000f328,0x000000008000f201,0x3fe33fd2f709b9e3,0x0000000000000000,0x00000000740a5c78,0x000000000040a3ff,0x3fedd0be631396b9,0x00000000800049c8,0x0000000000000000,0x414fe4d350f27bb3,0x4129fe83c0418937,0x4152075123851eb8,0x0000000000000000,0x0000000000000000,0x0000000000000000,0x00000000800049c8,0x0000000000c8d399,0x0000000000c0ada7,0x0000000000c8d399,0x0000000000c0ada7,0x000000000011710c,0x0000000000000575,0x000000000000517f,0x00000000000005d3,0x0000000000004db3,0x00000000005bb81e,0x00000000000012d5
1784436767215,0x00000000800056f8,0x0000000080019060,0x0000000080007a7a,0x000000000000000f,0x0000000080019430,0x00000000800190b0,0x0000000080019548,0x000000008000f238,0x0000000000000006,0x0000000000000006,0x000000008000f238,0x000000008000f250,0x000000008000f201,0x3fe30464d4e977e9,0x0000000000000000,0xffffffffe46a4e4e,0x00000000006593db,0x3fedd0be64a6e921,0x00000000800049c6,0x0000000000000000,0x414fe4d76113404f,0x4129fe718068db8c,0x4152075145ce075f,0x3ff0000000000000,0x0000000000000000,0x0000000000000000,0x00000000800049c6,0x0000000000c9aaf0,0x0000000000c17fbb,0x0000000000c9aaf0,0x0000000000c17fbb,0x000000000011875d,0x0000000000000580,0x0000000000005182,0x00000000000005e0,0x0000000000004e33,0x00000000005c226c,0x00000000000012d8
1784436767806,0x0000000080005850,0x0000000080018ed0,0x0000000080007a7a,0x000000000000000f,0x00000000800191f0,0x0000000080018f20,0x00000000800191f0,0x0000000080019310,0x0000000000000003,0x0000000000000006,0x00000000800191a8,0x00000000800191c0,0x000000008000f201,0x3fe30464d4e977e9,0x0000000000000000,0xffffffffe46a4e4e,0x00000000006593db,0x3fedd0be64a6e921,0x00000000800049f0,0x0000000000000000,0x414fe4d76113404f,0x4129fe718068db8c,0x4152075145ce075f,0x0000000000000000,0x0000000000000000,0x0000000000000000,0x00000000800049f0,0x0000000000ca609e,0x0000000000c23449,0x0000000000ca609e,0x0000000000c23449,0x00000000001195f1,0x0000000000000580,0x0000000000005182,0x00000000000005e0,0x0000000000004e3b,0x00000000005c777c,0x00000000000012db
1784436768724,0x00000000800056f8,0x0000000080019060,0x0000000080007a7a,0x000000000000000f,0x0000000080019430,0x00000000800190b0,0x0000000080019548,0x000000008000f238,0x0000000000000006,0x0000000000000006,0x0000000000000000,0x000000000000001e,0x000000008000f201,0x3fe2cc54518d25a0,0x0000000000000000,0x00000000226e13de,0x0000000000461ca7,0x3fedd0be664a1b25,0x000000008000499c,0x0000000000000000,0x414fe4d315aee632,0x4129fe801eab367a,0x4152075173ac710d,0x3ff0000000000000,0x0000000000000000,0x0000000000000000,0x000000008000499c,0x0000000000cb4a1d,0x0000000000c3189e,0x0000000000cb4a1d,0x0000000000c3189e,0x000000000011adc3,0x000000000000058b,0x0000000000005184,0x00000000000005eb,0x0000000000004eb6,0x00000000005cea5d,0x00000000000012de
1784436769661,0x00000000800058f2,0x0000000080018ed0,0x0000000080007a7a,0x0000000000000000,0x00000000800191f0,0x0000000080018f20,0x00000000800193a0,0x00000000800194a0,0x0000000000000006,0x0000000000000003,0x0000000000000004,0x0000000000000006,0xfffffffffabf6f9e,0x0000000043b7e60e,0x0000000000000000,0xfffffffffa9f6b9e,0x000000000055dc95,0x3fedd0be664a1b25,0x000000008000496c,0x0000000000000000,0x4025772550edf984,0x4129fe801eab367a,0x4152075173ac710d,0x3fc0e154aed025b2,0x0000000000000000,0x0000000000000000,0x000000008000496c,0x0000000000cc1cc6,0x0000000000c3ebe1,0x0000000000cc1cc6,0x0000000000c3ebe1,0x000000000011bef4,0x0000000000000594,0x0000000000005184,0x00000000000005eb,0x0000000000004ee7,0x00000000005d5045,0x00000000000012e1
1784436770572,0x0000000080005744,0x0000000080019060,0x0000000080007a7a,0x000000000000000f,0x00000000800191f0,0x00000000800190b0,0x0000000080019310,0x00000000800191f0,0x0000000000000006,0x0000000000000006,0x0000000080019310,0x00000000800193f0,0x000000008000f201,0x3fe2a5863bb08358,0x0000000000000000,0x0000000018d56380,0x00000000004d83fd,0x3fedd0be67e46f0e,0x00000000800049a4,0x0000000000000000,0x414fe4d0eb020c4a,0x4129fe72e68db8bb,0x4152074e32e147ae,0x0000000000000000,0x0000000000000000,0x0000000000000000,0x00000000800049a4,0x0000000000ccf713,0x0000000000c4c023,0x0000000000ccf713,0x0000000000c4c023,0x000000000011d523,0x0000000000000596,0x0000000000005186,0x00000000000005f6,0x0000000000004f39,0x00000000005db935,0x00000000000012e4
1784436771493,0x00000000800057ae,0x0000000080018d90,0x0000000080007a7a,0x0000000000000000,0x00000000800191f0,0x0000000080018de0,0x0000000080018f50,0x000000008000f238,0x0000000000000006,0x0000000000000006,0x0000000000000005,0x0000000000000006,0xffffffffe9bd72ef,0x0000000043ae861a,0x0000000000000000,0xffffffffe93462ae,0x000000000055dc95,0x3fedd0be67e46f0e,0x00000000800049d6,0x0000000000000000,0x4025772550eba187,0x4129fe72e68db8bb,0x4152074e32e147ae,0x8000000000000000,0x0000000000000000,0x8000000000000000,0x00000000800049d6,0x0000000000cdd315,0x0000000000c59bd2,0x0000000000cdd315,0x0000000000c59bd2,0x000000000011e71c,0x000000000000059f,0x0000000000005186,0x00000000000005f6,0x0000000000004f70,0x00000000005e2317,0x00000000000012e7
1784436772296,0x000000008000583a,0x0000000080018ed0,0x0000000080007a7a,0x000000000000000f,0x00000000800191f0,0x0000000080018f20,0x00000000800194a0,0x000000008000f238,0x0000000000000003,0x0000000000000006,0x00000000800194a0,0x0000000000000004,0x000000008000f201,0x3fdcec507f14c3ac,0x0000000000000000,0x000000002a9d7e00,0x0000000000751e4e,0x3fedd0be69646230,0x00000000800049aa,0x0000000000000000,0x414fe4d54fc50481,0x4129fe7d8425aee6,0x4152075300538ef3,0x0000000000000000,0x0000000000000000,0x0000000000000000,0x00000000800049aa,0x0000000000cea9a6,0x0000000000c66c7a,0x0000000000cea9a6,0x0000000000c66c7a,0x000000000011fcfa,0x00000000000005a1,0x0000000000005189,0x0000000000000605,0x0000000000004fc2,0x00000000005e8a76,0x00000000000012ea
1784436773047,0x00000000800056f8,0x0000000080019060,0x0000000080007a7a,0x000000000000000f,0x0000000080019430,0x00000000800190b0,0x0000000080019548,0x000000008000f238,0x0000000000000006,0x0000000000000006,0x0000000000000000,0x0000000000000006,0x000000008000f201,0x3fe06bd783441a36,0x0000000000000000,0x000000002dedb7ce,0x000000000044cb7a,0x3fedd0be6abe6493,0x000000008000496c,0x0000000000000000,0x414fe4d2742f837b,0x4129fe6f81cac083,0x415207510e52bd3c,0x3ff0000000000000,0x0000000000000000,0x0000000000000000,0x000000008000496c,0x0000000000cf82bc,0x0000000000c740ee,0x0000000000cf82bc,0x0000000000c740ee,0x0000000000121375,0x00000000000005ac,0x000000000000518c,0x0000000000000614,0x000000000000503a,0x00000000005ef5fb,0x00000000000012ed
1784436773961,0x00000000800058f2,0x0000000080018ed0,0x0000000080007a7a,0x0000000000000000,0x00000000800191f0,0x0000000080018f20,0x00000000800193a0,0x00000000800194a0,0x0000000000000006,0x0000000000000003,0x0000000080018f50,0x0000000080018fb8,0xffffffffb5af7ff9,0x0000000043ba5008,0x0000000000000000,0xffffffffb5ad7fe0,0x000000000055dc95,0x3fedd0be6abe6493,0x0000000080004982,0x0000000000000000,0x4025772550ee9402,0x4129fe6f81cac083,0x415207510e52bd3c,0x3fc733d47694a96b,0x0000000000000000,0x0000000000000000,0x0000000080004982,0x0000000000d072f7,0x0000000000c830f9,0x0000000000d072f7,0x0000000000c830f9,0x000000000012270c,0x00000000000005b5,0x000000000000518c,0x0000000000000614,0x000000000000507a,0x00000000005f6970,0x00000000000012f0
1784436774884,0x0000000080005744,0x0000000080019060,0x0000000080007a7a,0x000000000000000f,0x00000000800191f0,0x00000000800190b0,0x0000000080019310,0x00000000800191f0,0x0000000000000006,0x0000000000000006,0x0000000000000002,0x0000000000000006,0x000000008000f201,0x3fdf4c8aa9a347d0,0x0000000000000000,0x000000003c1d5780,0x0000000000550e64,0x3fedd0be6bebb065,0x0000000080004a06,0x0000000000000000,0x414fe4d36fbb2fec,0x4129fe6d59652bd4,0x4152075044b5dcc6,0x0000000000000000,0x0000000000000000,0x0000000000000000,0x0000000080004a06,0x0000000000d14796,0x0000000000c8ffd6,0x0000000000d14796,0x0000000000c8ffd6,0x0000000000123cc8,0x00000000000005b7,0x000000000000518e,0x000000000000061f,0x00000000000050c5,0x00000000005fcfdf,0x00000000000012f3
1784436775512,0x00000000800058f2,0x0000000080018ed0,0x0000000080007a7a,0x0000000000000000,0x00000000800191f0,0x0000000080018f20,0x00000000800193a0,0x00000000800194a0,0x0000000000000006,0x0000000000000003,0x00000000800194a0,0x0000000000000010,0xffffffff93c0ddfe,0x0000000043c8aefe,0x0000000000000000,0xffffffff93c0ddfe,0x000000000055dc95,0x3fedd0be6bebb065,0x00000000800049c4,0x0000000000000000,0x4025772550f22bc0,0x4129fe6d59652bd4,0x4152075044b5dcc6,0x0000000000000000,0x0000000000000000,0x0000000000000000,0x00000000800049c4,0x0000000000d1f3e4,0x0000000000c9abaf,0x0000000000d1f3e4,0x0000000000c9abaf,0x0000000000124ae7,0x00000000000005c0,0x000000000000518e,0x000000000000061f,0x0000000000005102,0x0000000000602352,0x00000000000012f6
1784436776087,0x00000000800056f8,0x0000000080019060,0x0000000080007a7a,0x000000000000000f,0x0000000080019430,0x00000000800190b0,0x0000000080019548,0x000000008000f238,0x0000000000000006,0x0000000000000006,0x0000000000000005,0x000000000000001e,0x000000008000f201,0x3fdbc9f5f7f782d4,0x0000000000000000,0xffffffff92d18b1e,0x00000000004e3981,0x3fedd0be6ce94306,0x0000000080004992,0x0000000000000000,0x414fe4d5052bd3c3,0x4129fe84d6e2eb1c,0x4152075328346dc6,0x0000000000000000,0x0000000000000000,0x0000000000000000,0x0000000080004992,0x0000000000d29fcd,0x0000000000ca5123,0x0000000000d29fcd,0x0000000000ca5123,0x0000000000125d6a,0x00000000000005c2,0x0000000000005190,0x000000000000062a,0x0000000000005156,0x000000000060764d,0x00000000000012f9
1784436777006,0x00000000800057ae,0x0000000080018d90,0x0000000080007a7a,0x0000000000000000,0x00000000800191f0,0x0000000080018de0,0x0000000080018f50,0x000000008000f238,0x0000000000000006,0x0000000000000006,0x0000000000000002,0x0000000000000000,0xfffffffff2576bef,0x0000000043d961fa,0x0000000000000000,0xfffffffff2564bee,0x000000000055dc95,0x3fedd0be6ce94306,0x0000000080004998,0x0000000000000000,0x4025772550f6587f,0x4129fe84d6e2eb1c,0x4152075328346dc6,0x8000000000000000,0x0000000000000000,0x0000000000000000,0x0000000080004998,0x0000000000d37c23,0x0000000000cb2e42,0x0000000000d37c23,0x0000000000cb2e42,0x0000000000126f4a,0x00000000000005cb,0x0000000000005190,0x000000000000062a,0x000000000000518e,0x000000000060e0d3,0x00000000000012fc
1784436777935,0x0000000080005744,0x0000000080019060,0x0000000080007a7a,0x000000000000000f,0x00000000800191f0,0x00000000800190b0,0x0000000080019310,0x00000000800191f0,0x0000000000000006,0x0000000000000006,0x0000000080019310,0x0000000080019410,0x000000008000f201,0x3fdf5f76fa1f115e,0x0000000000000000,0xffffffffc5cfb97e,0x00000000005cf2ae,0x3fedd0be6db6f839,0x00000000800049a4,0x0000000000000000,0x414fe4d20205bc02,0x4129fe76a3a29c78,0x4152075631b3d07d,0x0000000000000000,0x0000000000000000,0x0000000000000000,0x00000000800049a4,0x0000000000d45205,0x0000000000cbfdb7,0x0000000000d45205,0x0000000000cbfdb7,0x0000000000128531,0x00000000000005cd,0x0000000000005193,0x0000000000000639,0x00000000000051dd,0x000000000061479c,0x00000000000012ff
1784436778861,0x0000000080006260,0x0000000080019230,0x402a601451f28f00,0x0000000000000000,0x0000000000000000,0x0000000080019440,0x0000000080019698,0x00000000800194a0,0x000000008000f238,0x00000000800003f0,0x0000000000000004,0x0000000000000006,0xffffffffe0b3f76f,0x000000001cdfcfba,0x0000000000000000,0xffffffffe0b2d66e,0x00000000004396d3,0x3fedd0be6e56c69f,0x0000000080005bf0,0x0000000000000000,0x4030e5b4c737f3ef,0x4129fe76a3a29c78,0x4152075631b3d07d,0x01a56e1fc2f8f359,0x0000000000000000,0x0000000000000000,0x0000000080005bf0,0x0000000000d5300e,0x0000000000ccda68,0x0000000000d5300e,0x0000000000ccda68,0x00000000001297ad,0x00000000000005d6,0x0000000000005193,0x0000000000000639,0x000000000000523b,0x000000000061b36f,0x0000000000001302
1784436779790,0x000000008000583a,0x0000000080018ed0,0x0000000080007a7a,0x000000000000000f,0x00000000800191f0,0x0000000080018f20,0x00000000800194a0,0x000000008000f238,0x0000000000000003,0x0000000000000006,0x00000000800191f0,0x0000000080019258,0x000000008000f201,0x3fe4b7d37da1c2f6,0x0000000000000000,0xffffffffaf624cf8,0x000000000075be82,0x3fedd0be6e56c69f,0x00000000800049f0,0x0000000000000000,0x414fe4cf2c0b7803,0x4129fe7549446738,0x41520753f9d7dbf5,0x0000000000000000,0x0000000000000000,0x0000000000000000,0x00000000800049f0,0x0000000000d60677,0x0000000000cdaafb,0x0000000000d60677,0x0000000000cdaafb,0x000000000012ad1a,0x00000000000005d8,0x0000000000005196,0x0000000000000646,0x000000000000526c,0x0000000000621956,0x0000000000001306
1784436780715,0x00000000800056f8,0x0000000080019060,0x0000000080007a7a,0x000000000000000f,0x0000000080019430,0x00000000800190b0,0x0000000080019548,0x000000008000f238,0x0000000000000006,0x0000000000000006,0x0000000000000000,0x000000000000000c,0x000000008000f201,0x3fe63f65200b7a43,0x0000000000000000,0x000000000a6def80,0x00000000005670ae,0x3fedd0be6ecc1bbb,0x000000008000494a,0x0000000000000000,0x414fe4d3927bb2ff,0x4129fe71a0b78034,0x4152075381ed288d,0x0000000000000000,0x0000000000000000,0x0000000000000000,0x000000008000494a,0x0000000000d6e0e3,0x0000000000ce806a,0x0000000000d6e0e3,0x0000000000ce806a,0x000000000012c3a5,0x00000000000005e3,0x0000000000005198,0x0000000000000651,0x00000000000052e7,0x000000000062855c,0x0000000000001309
1784436781596,0x00000000800058dc,0x0000000080018ee0,0x0000000080007a7a,0x0000000000000000,0x00000000800191f0,0x0000000080018f20,0x000000008000f208,0x0000000080019070,0x000000008000f208,0x0000000000000006,0x000000008000f208,0x000000008000f220,0x00000000519ffebc,0x00000000440a6134,0x0000000000000000,0x000000005183c6b8,0x000000000055dc95,0x3fedd0be6ecc1bbb,0x00000000800054f6,0x0000000000000000,0x402577255102984d,0x4129fe71a0b78034,0x4152075381ed288d,0x3ffe277a9c400000,0x4129fe76dbb5b6ea,0x4129fe75e8fdd93e,0x00000000800054f6,0x0000000000d7b832,0x0000000000cf5742,0x0000000000d7b832,0x0000000000cf5742,0x000000000012d52c,0x00000000000005ec,0x0000000000005198,0x0000000000000651,0x0000000000005328,0x000000000062ecec,0x000000000000130c
1784436782456,0x0000000080005744,0x0000000080019060,0x0000000080007a7a,0x000000000000000f,0x00000000800191f0,0x00000000800190b0,0x0000000080019310,0x00000000800191f0,0x0000000000000006,0x0000000000000006,0x0000000000000003,0x0000000000000009,0x000000008000f201,0x3fe6cf3ea0f552f4,0x0000000000000000,0x000000006337d33e,0x00000000007c2e1d,0x3fedd0be6f1b5529,0x00000000800049e2,0x0000000000000000,0x414fe4ce531c432d,0x4129fe6d3ba5e354,0x415207516f39c0ec,0x3fdcf46da09d4936,0x0000000000000000,0x0000000000000000,0x00000000800049e2,0x0000000000d88f01,0x0000000000d02873,0x0000000000d88f01,0x0000000000d02873,0x000000000012eb12,0x00000000000005ee,0x000000000000519a,0x000000000000065c,0x0000000000005371,0x0000000000635467,0x000000000000130f
1784436783341,0x00000000800057ae,0x0000000080018d90,0x0000000080007a7a,0x0000000000000000,0x00000000800191f0,0x0000000080018de0,0x0000000080018f50,0x000000008000f238,0x0000000000000006,0x0000000000000006,0x0000000000000004,0x0000000000000004,0x0000000050bf1aff,0x0000000044176a82,0x0000000000000000,0x00000000502a0afe,0x000000000055dc95,0x3fedd0be6f1b5529,0x0000000080004978,0x0000000000000000,0x402577255105daa1,0x4129fe6d3ba5e354,0x415207516f39c0ec,0x8000000000000000,0x0000000000000000,0x0000000000000000,0x0000000080004978,0x0000000000d9593e,0x0000000000d0f22b,0x0000000000d9593e,0x0000000000d0f22b,0x000000000012fb99,0x00000000000005f7,0x000000000000519a,0x000000000000065c,0x00000000000053ac,0x000000000063b5b4,0x0000000000001312
1784436783911,0x0000000080005744,0x0000000080019060,0x0000000080007a7a,0x000000000000000f,0x00000000800191f0,0x00000000800190b0,0x0000000080019310,0x00000000800191f0,0x0000000000000006,0x0000000000000006,0x0000000000000003,0x0000000000000006,0x000000008000f201,0x3fe49ccb9fe63f19,0x0000000000000000,0x00000000466de9ae,0x00000000007cb186,0x3fedd0be6f495447,0x0000000080004a06,0x0000000000000000,0x414fe4cf690624dd,0x4129fe7c8594af4f,0x415207518123a29c,0x4013efc4d6adddba,0x0000000000000000,0x0000000000000000,0x0000000080004a06,0x0000000000da0eea,0x0000000000d1a1a6,0x0000000000da0eea,0x0000000000d1a1a6,0x0000000000130ee7,0x00000000000005f9,0x000000000000519d,0x000000000000066b,0x00000000000053fb,0x0000000000640d41,0x0000000000001315
1784436784553,0x00000000800057ae,0x0000000080018d90,0x0000000080007a7a,0x0000000000000000,0x00000000800191f0,0x0000000080018de0,0x0000000080018f50,0x000000008000f238,0x0000000000000006,0x0000000000000006,0x0000000000000000,0x0000000000000006,0x0000000069ffbccf,0x0000000044221d8a,0x0000000000000000,0x0000000069f7b8ce,0x000000000055dc95,0x3fedd0be6f495447,0x0000000080004a0a,0x0000000000000000,0x4025772551088763,0x4129fe7c8594af4f,0x415207518123a29c,0x8000000000000000,0x0000000000000000,0x0000000000000000,0x0000000080004a0a,0x0000000000dadd02,0x0000000000d26f70,0x0000000000dadd02,0x0000000000d26f70,0x0000000000131fb5,0x0000000000000602,0x000000000000519d,0x000000000000066b,0x000000000000543b,0x00000000006470ac,0x0000000000001318
1784436785488,0x000000008000583a,0x0000000080018ed0,0x0000000080007a7a,0x000000000000000f,0x00000000800191f0,0x0000000080018f20,0x00000000800194a0,0x000000008000f238,0x0000000000000003,0x0000000000000006,0x0000000000000005,0x000000000000000b,0x000000008000f201,0x3fe298b7f167d322,0x0000000000000000,0xffffffffdcf8b380,0x00000000004289fc,0x3fedd0be6f5b2958,0x00000000800049bc,0x0000000000000000,0x414fe4cd50f5c28f,0x4129fe6f2e3bcd36,0x415207544f80346e,0x0000000000000000,0x0000000000000000,0x0000000000000000,0x00000000800049bc,0x0000000000dbd234,0x0000000000d35e75,0x0000000000dbd234,0x0000000000d35e75,0x0000000000133816,0x0000000000000604,0x00000000000051a0,0x000000000000067a,0x000000000000548e,0x000000000064e653,0x000000000000131b
1784436786385,0x0000000080006260,0x0000000080019230,0x402a601452f44640,0x0000000000000000,0x0000000000000000,0x0000000080019440,0x0000000080019698,0x00000000800194a0,0x000000008000f238,0x00000000800003f0,0x00000000800194a0,0x0000000080019528,0xffffffff89dbd6f8,0xffffffffa476433c,0x0000000000000000,0xffffffff8983c4f8,0x00000000007c9c89,0x3fedd0be6f55d326,0x0000000080005ce6,0x0000000000000000,0x401f2722691d90cf,0x4129fe6f2e3bcd36,0x415207544f80346e,0x01a56e1fc2f8f359,0x0000000000000000,0x0000000000000000,0x0000000080005ce6,0x0000000000dc93ac,0x0000000000d41cc5,0x0000000000dc93ac,0x0000000000d41cc5,0x0000000000134a89,0x000000000000060d,0x00000000000051a0,0x000000000000067b,0x00000000000054ea,0x00000000006545ba,0x000000000000131e
1784436787273,0x0000000080005850,0x0000000080018ed0,0x0000000080007a7a,0x000000000000000f,0x00000000800191f0,0x0000000080018f20,0x00000000800191f0,0x0000000080019310,0x0000000000000003,0x0000000000000006,0x0000000080019310,0x0000000080019330,0x000000008000f201,0x3fe405129b1504fd,0x0000000000000000,0x00000000384544e0,0x000000000051ae6e,0x3fedd0be6f55d326,0x00000000800049c6,0x0000000000000000,0x414fe4d03b055326,0x4129fe66597f62b7,0x415207547b53f7cf,0x0000000000000000,0x0000000000000000,0x0000000000000000,0x00000000800049c6,0x0000000000dd6812,0x0000000000d4ed50,0x0000000000dd6812,0x0000000000d4ed50,0x0000000000135d95,0x000000000000060f,0x00000000000051a3,0x0000000000000689,0x000000000000551d,0x000000000065a9ab,0x0000000000001321
1784436788171,0x00000000800056f8,0x0000000080019060,0x0000000080007a7a,0x000000000000000f,0x0000000080019430,0x00000000800190b0,0x0000000080019548,0x000000008000f238,0x0000000000000006,0x0000000000000006,0x0000000000000003,0x0000000000000012,0x000000008000f201,0x3fe545e4e8e5d210,0x0000000000000000,0xfffffffffed40b80,0x0000000000407fd5,0x3fedd0be6f3e1017,0x0000000080004970,0x0000000000000000,0x414fe4cb97e90ff9,0x4129fe79db8bac71,0x415207515472b021,0x0000000000000000,0x0000000000000000,0x0000000000000000,0x0000000080004970,0x0000000000de3d03,0x0000000000d5bd65,0x0000000000de3d03,0x0000000000d5bd65,0x00000000001373be,0x000000000000061a,0x00000000000051a5,0x0000000000000694,0x0000000000005597,0x0000000000661315,0x0000000000001324
1784436789061,0x000000008000589c,0x0000000080018ed0,0x0000000080007a7a,0x0000000000000000,0x00000000800191f0,0x0000000080018f20,0x0000000080019280,0x0000000080019118,0x0000000000000006,0x0000000000000003,0x0000000080019118,0x0000000080019118,0x000000005a7fbe6f,0x000000004434026a,0x0000000000000000,0x000000005a75160e,0x000000000055dc95,0x3fedd0be6f3e1017,0x00000000800049c6,0x0000000000000000,0x40257725510d009b,0x4129fe79db8bac71,0x415207515472b021,0x0000000000000000,0x0000000000000000,0x0000000000000000,0x00000000800049c6,0x0000000000df011c,0x0000000000d681d1,0x0000000000df011c,0x0000000000d681d1,0x0000000000138361,0x0000000000000623,0x00000000000051a5,0x0000000000000694,0x00000000000055ca,0x000000000066723c,0x0000000000001327
1784436789834,0x00000000800056f8,0x0000000080019060,0x0000000080007a7a,0x000000000000000f,0x0000000080019430,0x00000000800190b0,0x0000000080019548,0x000000008000f238,0x0000000000000006,0x0000000000000006,0x0000000000000005,0x000000000000001d,0x000000008000f201,0x3fe2675e17f39d7e,0x0000000000000000,0x000000004315ac5e,0x00000000005bf75c,0x3fedd0be6f183dfc,0x00000000800049bc,0x0000000000000000,0x414fe4cb034d6a16,0x4129fe6b319ce076,0x41520753c4189375,0x0000000000000000,0x0000000000000000,0x0000000000000000,0x00000000800049bc,0x0000000000dfb8bf,0x0000000000d73329,0x0000000000dfb8bf,0x0000000000d73329,0x000000000013972e,0x0000000000000625,0x00000000000051a8,0x00000000000006a3,0x0000000000005615,0x000000000066ca85,0x000000000000132a
1784436790731,0x0000000080005794,0x0000000080018db0,0x0000000080007a7a,0x0000000000000000,0x00000000800191f0,0x0000000080018de0,0x0000000080018f50,0x0000000000000006,0x0000000000000006,0x0000000000000003,0x0000000000000002,0x000000000000000e,0xffffffff81fddffb,0x000000004435bbf4,0x0000000000000000,0xffffffff817ccfb8,0x000000000055dc95,0x3fedd0be6f183dfc,0x0000000080004d82,0x0000000000000000,0x40257725510d6efd,0x4129fe6b319ce076,0x41520753c4189375,0x3f8314f4c1dc55ba,0x8000000000000000,0x3ff0000000000000,0x0000000080004d82,0x0000000000e0a14e,0x0000000000d81c6a,0x0000000000e0a14e,0x0000000000d81c6a,0x000000000013aa03,0x000000000000062e,0x00000000000051a8,0x00000000000006a3,0x000000000000564c,0x0000000000673aca,0x000000000000132d
1784436791615,0x0000000080005744,0x0000000080019060,0x0000000080007a7a,0x000000000000000f,0x00000000800191f0,0x00000000800190b0,0x0000000080019310,0x00000000800191f0,0x0000000000000006,0x0000000000000006,0x00000000800190d0,0x0000000000000002,0x000000008000f201,0x3fe2a5954c9d53b8,0x0000000000000000,0x000000004f291cae,0x000000000068dfb0,0x3fedd0be6ee845f1,0x00000000800049fc,0x0000000000000000,0x414fe4cadea4a8c1,0x4129fe743318fc50,0x4152075475aee632,0x3fb85cd8e2c42e5a,0x0000000000000000,0x0000000000000000,0x00000000800049fc,0x0000000000e1551d,0x0000000000d8ca3f,0x0000000000e1551d,0x0000000000d8ca3f,0x000000000013bd28,0x0000000000000630,0x00000000000051ab,0x00000000000006b0,0x0000000000005699,0x00000000006791ae,0x0000000000001330
1784436792178,0x00000000800058f2,0x0000000080018ed0,0x0000000080007a7a,0x0000000000000000,0x00000000800191f0,0x0000000080018f20,0x00000000800193a0,0x00000000800194a0,0x0000000000000006,0x0000000000000003,0x0000000000000004,0x000000000000001c,0xffffffff8be7bdf6,0x000000004435bdd8,0x0000000000000000,0xffffffff8be3ace0,0x000000000055dc95,0x3fedd0be6ee845f1,0x000000008000494e,0x0000000000000000,0x40257725510d6f76,0x4129fe743318fc50,0x4152075475aee632,0x3fc0e154b015df49,0x0000000000000000,0x0000000000000000,0x000000008000494e,0x0000000000e20b77,0x0000000000d980a2,0x0000000000e20b77,0x0000000000d980a2,0x000000000013cc24,0x0000000000000639,0x00000000000051ab,0x00000000000006b0,0x00000000000056c3,0x000000000067ea1a,0x0000000000001333
1784436792794,0x0000000080005744,0x0000000080019060,0x0000000080007a7a,0x000000000000000f,0x00000000800191f0,0x00000000800190b0,0x0000000080019310,0x00000000800191f0,0x0000000000000006,0x0000000000000006,0x00000000800190d0,0x0000000000000001,0x000000008000f201,0x3fe382e91436f9e0,0x0000000000000000,0xfffffffffb05b8b8,0x0000000000554a89,0x3fedd0be6eb191e3,0x00000000800049fc,0x0000000000000000,0x414fe4cd379a6b51,0x4129fe747bda511a,0x4152075673e0ded3,0x0000000000000000,0x0000000000000000,0x0000000000000000,0x00000000800049fc,0x0000000000e2d90e,0x0000000000da480d,0x0000000000e2d90e,0x0000000000da480d,0x000000000013e140,0x000000000000063b,0x00000000000051ad,0x00000000000006bb,0x0000000000005715,0x0000000000684cf4,0x0000000000001336
1784436793693,0x00000000800057ae,0x0000000080018d90,0x0000000080007a7a,0x0000000000000000,0x00000000800191f0,0x0000000080018de0,0x0000000080018f50,0x000000008000f238,0x0000000000000006,0x0000000000000006,0x0000000080018df0,0x0000000080018ea0,0x0000000059fdd67e,0x0000000044344fba,0x0000000000000000,0x0000000059cdd66e,0x000000000055dc95,0x3fedd0be6eb191e3,0x00000000800049f0,0x0000000000000000,0x40257725510d13ef,0x4129fe747bda511a,0x4152075673e0ded3,0x3ff0000000000000,0x0000000000000000,0x0000000000000000,0x00000000800049f0,0x0000000000e3b19e,0x0000000000db2022,0x0000000000e3b19e,0x0000000000db2022,0x000000000013f2eb,0x0000000000000644,0x00000000000051ad,0x00000000000006bb,0x0000000000005758,0x000000000068b533,0x0000000000001339
1784436794610,0x000000008000583a,0x0000000080018ed0,0x0000000080007a7a,0x000000000000000f,0x00000000800191f0,0x0000000080018f20,0x00000000800194a0,0x000000008000f238,0x0000000000000003,0x0000000000000006,0x0000000000000003,0x0000000000000003,0x000000008000f201,0x3fe674fa4fad1572,0x0000000000000000,0x000000006e765e8e,0x0000000000473bad,0x3fedd0be6e7709b2,0x000000008000497a,0x0000000000000000,0x414fe4cacecf41f2,0x4129fe717e76c8b4,0x41520754591eb852,0x0000000000000000,0x0000000000000000,0x0000000000000000,0x000000008000497a,0x0000000000e495a3,0x0000000000dbfdd2,0x0000000000e495a3,0x0000000000dbfdd2,0x00000000001409d6,0x0000000000000646,0x00000000000051af,0x00000000000006c6,0x00000000000057b6,0x00000000006922af,0x000000000000133c
1784436795514,0x00000000800056f8,0x0000000080019060,0x0000000080007a7a,0x000000000000000f,0x0000000080019430,0x00000000800190b0,0x0000000080019548,0x000000008000f238,0x0000000000000006,0x0000000000000006,0x0000000000000002,0x0000000000000002,0x000000008000f201,0x3fe64b811692eec4,0x0000000000000000,0x000000000c97a9ce,0x000000000075d805,0x3fedd0be6e3b1613,0x0000000080004978,0x0000000000000000,0x414fe4c71ea161e5,0x4129fe7516a161e5,0x41520752a7a29c78,0x3ff0000000000000,0x0000000000000000,0x0000000000000000,0x0000000080004978,0x0000000000e5716e,0x0000000000dcd460,0x0000000000e5716e,0x0000000000dcd460,0x0000000000142077,0x0000000000000651,0x00000000000051b2,0x00000000000006d5,0x000000000000583b,0x0000000000698f20,0x000000000000133f
1784436796388,0x000000008000519e,0x0000000080018e90,0x0000000080007a7a,0x0000000000000000,0x00000000800191f0,0x0000000080018ee0,0x0000000000000000,0x00000000510b8fb1,0x000000003fe00000,0x40257725510b8fb1,0x0000000080019118,0x0000000080019118,0x0000000029fafe7f,0x00000000442e3ec2,0x0000000000000000,0x000000002972ba7e,0x000000000055dc95,0x3fedd0be6e3b1613,0x0000000080005320,0x0000000000000000,0x40257725510b8fb1,0x4129fe7516a161e5,0x41520752a7a29c78,0x0000000000000000,0x3fa0c481d88c1dee,0x3fa0c481d88c1dee,0x0000000080005320,0x0000000000e641a3,0x0000000000dda3f7,0x0000000000e641a3,0x0000000000dda3f7,0x0000000000143124,0x000000000000065a,0x00000000000051b2,0x00000000000006d5,0x000000000000587b,0x000000000069f3ab,0x0000000000001342
1784436797296,0x000000008000571c,0x0000000080019070,0x0000000080007a7a,0x000000000000000f,0x0000000080019310,0x00000000800190b0,0x0000000080019548,0x00000000800191f0,0x0000000000000006,0x00000000800191f0,0x0000000000000005,0x0000000000000006,0x000000008000f201,0x3fe3ed572a62ccf5,0x0000000000000000,0xffffffff881b8000,0x00000000006858a1,0x3fedd0be6dffa78a,0x0000000080004ba6,0x0000000000000000,0x414fe4ca1bda511a,0x4129fe6c66f69446,0x41520755008ce704,0x3ff0000000000000,0x0000000000000000,0x0000000000000000,0x0000000080004ba6,0x0000000000e71e94,0x0000000000de7a2c,0x0000000000e71e94,0x0000000000de7a2c,0x00000000001447cb,0x000000000000065c,0x00000000000051b5,0x00000000000006e8,0x00000000000058d5,0x00000000006a5d2a,0x0000000000001345
1784436798122,0x000000008000578a,0x0000000080018db0,0x0000000080007a7a,0x0000000000000000,0x00000000800191f0,0x0000000080018de0,0x0000000080018f50,0x0000000000000006,0x0000000000000006,0x0000000000000003,0x0000000080018f50,0x00000000000000b8,0xffffffffd35ff6aa,0x00000000442a1f80,0x0000000000000000,0xffffffffd30fe000,0x000000000055dc95,0x3fedd0be6dffa78a,0x0000000080004d0a,0x0000000000000000,0x40257725510a87e0,0x4129fe6c66f69446,0x41520755008ce704,0x3f8314f4c122b87e,0x0000000000000000,0x0000000000000000,0x0000000080004d0a,0x0000000000e7f056,0x0000000000df4bbd,0x0000000000e7f056,0x0000000000df4bbd,0x00000000001458d4,0x0000000000000665,0x00000000000051b5,0x00000000000006e8,0x000000000000590d,0x00000000006ac244,0x0000000000001348
1784436799033,0x0000000080005820,0x0000000080018ed0,0x0000000080007a7a,0x000000000000000f,0x00000000800191f0,0x0000000080018f20,0x000000008000f238,0x0000000080019310,0x0000000000000006,0x0000000000000006,0x0000000000000001,0x0000000000000003,0x000000008000f201,0x3fe47c3ef62207c4,0x0000000000000000,0x000000006661ac3e,0x000000000045bec8,0x3fedd0be6dc64044,0x00000000800049da,0x0000000000000000,0x414fe4cce0a71de7,0x4129fe757182a993,0x415207532ea64c30,0x3fe1aec7af362f61,0x0000000000000000,0x0000000000000000,0x00000000800049da,0x0000000000e8df2d,0x0000000000e03429,0x0000000000e8df2d,0x0000000000e03429,0x00000000001470af,0x0000000000000667,0x00000000000051b7,0x00000000000006f3,0x0000000000005969,0x00000000006b34cc,0x000000000000134b
1784436799902,0x00000000800057ae,0x0000000080018d90,0x0000000080007a7a,0x0000000000000000,0x00000000800191f0,0x0000000080018de0,0x0000000080018f50,0x000000008000f238,0x0000000000000006,0x0000000000000006,0x0000000000000004,0x0000000000000018,0xffffffffdd1f47be,0x00000000442593e6,0x0000000000000000,0xffffffffdd0906ae,0x000000000055dc95,0x3fedd0be6dc64044,0x0000000080004992,0x0000000000000000,0x40257725510964fa,0x4129fe757182a993,0x415207532ea64c30,0x3febc7aad404fdca,0x0000000000000000,0x0000000000000000,0x0000000080004992,0x0000000000e99000,0x0000000000e0e471,0x0000000000e99000,0x0000000000e0e471,0x0000000000147f30,0x0000000000000670,0x00000000000051b7,0x00000000000006f3,0x00000000000059a2,0x00000000006b8a2e,0x000000000000134e
1784436800460,0x0000000080005744,0x0000000080019060,0x0000000080007a7a,0x000000000000000f,0x00000000800191f0,0x00000000800190b0,0x0000000080019310,0x00000000800191f0,0x0000000000000006,0x0000000000000006,0x0000000000000004,0x0000000000000022,0x000000008000f201,0x3fe29bcd68788896,0x0000000000000000,0x0000000051b1e638,0x00000000007d72f9,0x3fedd0be6d8fffb2,0x00000000800049e2,0x0000000000000000,0x414fe4cdee90ff97,0x4129fe747b15b574,0x415207541bfe5c92,0x3fc17a1e184ab495,0x3fedd0be6d8fffb2,0x3fc17a1e184ab495,0x00000000800049e2,0x0000000000ea4423,0x0000000000e1927e,0x0000000000ea4423,0x0000000000e1927e,0x000000000014925a,0x0000000000000672,0x00000000000051b9,0x00000000000006fe,0x00000000000059e8,0x00000000006be131,0x0000000000001351
1784436801084,0x00000000800057ae,0x0000000080018d90,0x0000000080007a7a,0x0000000000000000,0x00000000800191f0,0x0000000080018de0,0x0000000080018f50,0x000000008000f238,0x0000000000000006,0x0000000000000006,0x000000008000f238,0x000000008000f2f0,0xffffffff85a9fdff,0x000000004420cd02,0x0000000000000000,0xffffffff85a9e5fe,0x000000000055dc95,0x3fedd0be6d8fffb2,0x00000000800049c6,0x0000000000000000,0x4025772551083341,0x4129fe747b15b574,0x415207541bfe5c92,0x8000000000000000,0x0000000000000000,0x0000000000000000,0x00000000800049c6,0x0000000000eb1725,0x0000000000e264ee,0x0000000000eb1725,0x0000000000e264ee,0x000000000014a38c,0x000000000000067b,0x00000000000051b9,0x00000000000006fe,0x0000000000005a2f,0x00000000006c46ca,0x0000000000001354
1784436802013,0x000000008000583a,0x0000000080018ed0,0x0000000080007a7a,0x000000000000000f,0x00000000800191f0,0x0000000080018f20,0x00000000800194a0,0x000000008000f238,0x0000000000000003,0x0000000000000006,0x00000000800191f0,0x0000000080019210,0x000000008000f201,0x3fe1e9647b8bda25,0x0000000000000000,0xffffffffb61780b8,0x0000000000712a02,0x3fedd0be6d5daef7,0x00000000800049f0,0x0000000000000000,0x414fe4cc442f837b,0x4129fe780bc6a7f0,0x4152075657a786c2,0x0000000000000000,0x0000000000000000,0x0000000000000000,0x00000000800049f0,0x0000000000ebe9af,0x0000000000e33158,0x0000000000ebe9af,0x0000000000e33158,0x000000000014b917,0x000000000000067d,0x00000000000051bc,0x000000000000070d,0x0000000000005a84,0x00000000006cac2a,0x0000000000001357
1784436802923,0x00000000800056f8,0x0000000080019060,0x0000000080007a7a,0x000000000000000f,0x0000000080019430,0x00000000800190b0,0x0000000080019548,0x000000008000f238,0x0000000000000006,0x0000000000000006,0x0000000000000001,0x0000000000000006,0x000000008000f201,0x3fe3cd8f22e1b0aa,0x0000000000000000,0xffffffffe059f678,0x0000000000697d3a,0x3fedd0be6d2fcd83,0x00000000800049b0,0x0000000000000000,0x414fe4ce3322d0e5,0x4129fe70c1cac083,0x41520758478a0903,0x3ff0000000000000,0x3fdcf46da09c99d8,0x3fdcf46da09c99d8,0x00000000800049b0,0x0000000000ecc186,0x0000000000e403d6,0x0000000000ecc186,0x0000000000e403d6,0x000000000014cf69,0x0000000000000688,0x00000000000051bf,0x000000000000071a,0x0000000000005b06,0x00000000006d16bc,0x000000000000135a
1784436803834,0x000000008000589c,0x0000000080018ed0,0x0000000080007a7a,0x0000000000000000,0x00000000800191f0,0x0000000080018f20,0x0000000080019280,0x0000000080019118,0x0000000000000006,0x0000000000000003,0x0000000000000001,0x0000000000000003,0x000000002c5ef5ef,0x0000000044172b7a,0x0000000000000000,0x000000002c58e4ee,0x000000000055dc95,0x3fedd0be6d2fcd83,0x00000000800049d6,0x0000000000000000,0x402577255105cadf,0x4129fe70c1cac083,0x41520758478a0903,0x0000000000000000,0x0000000000000000,0x0000000000000000,0x00000000800049d6,0x0000000000ed9a4e,0x0000000000e4dc0d,0x0000000000ed9a4e,0x0000000000e4dc0d,0x000000000014e0af,0x0000000000000691,0x00000000000051bf,0x000000000000071a,0x0000000000005b3f,0x00000000006d7f5d,0x000000000000135d
1784436804777,0x0000000080005744,0x0000000080019060,0x0000000080007a7a,0x000000000000000f,0x00000000800191f0,0x00000000800190b0,0x0000000080019310,0x00000000800191f0,0x0000000000000006,0x0000000000000006,0x0000000000000000,0x0000000000000000,0x000000008000f201,0x3fe7920a85a9a668,0x0000000000000000,0xffffffffafad308e,0x00000000006d5c9d,0x3fedd0be6d069d66,0x0000000080004966,0x0000000000000000,0x414fe4d227dbf488,0x4129fe73f205bc02,0x41520751958c7e28,0x3ff0000000000000,0x0000000000000000,0x0000000000000000,0x0000000080004966,0x0000000000ee72a8,0x0000000000e5aed2,0x0000000000ee72a8,0x0000000000e5aed2,0x000000000014f70d,0x0000000000000693,0x00000000000051c1,0x0000000000000725,0x0000000000005b8a,0x00000000006de74f,0x0000000000001360
1784436805626,0x00000000800058f2,0x0000000080018ed0,0x0000000080007a7a,0x0000000000000000,0x00000000800191f0,0x0000000080018f20,0x00000000800193a0,0x00000000800194a0,0x0000000000000006,0x0000000000000003,0x0000000080018f50,0x0000000000000001,0x000000005dfffdff,0x0000000044128d82,0x0000000000000000,0x000000005dbfc4fe,0x000000000055dc95,0x3fedd0be6d069d66,0x0000000080004a00,0x0000000000000000,0x402577255104a361,0x4129fe73f205bc02,0x41520751958c7e28,0x0000000000000000,0x0000000000000000,0x0000000000000000,0x0000000080004a00,0x0000000000ef352a,0x0000000000e670eb,0x0000000000ef352a,0x0000000000e670eb,0x0000000000150708,0x000000000000069c,0x00000000000051c1,0x0000000000000725,0x0000000000005bba,0x00000000006e4533,0x0000000000001363
1784436806439,0x0000000080005744,0x0000000080019060,0x0000000080007a7a,0x000000000000000f,0x00000000800191f0,0x00000000800190b0,0x0000000080019310,0x00000000800191f0,0x0000000000000006,0x0000000000000006,0x00000000800191f0,0x0000000000000002,0x000000008000f201,0x3fe2a2fa091e0253,0x0000000000000000,0x000000005ab253f8,0x00000000005b6e2e,0x3fedd0be6ce22ee5,0x00000000800049d0,0x0000000000000000,0x414fe4d10bafb7e9,0x4129fe69628f5c29,0x415207524c95182b,0x3fe185d1eca6d029,0x4013efc4d6ad964b,0x3fe185d1eca6d029,0x00000000800049d0,0x0000000000efff80,0x0000000000e73573,0x0000000000efff80,0x0000000000e73573,0x0000000000151be1,0x000000000000069e,0x00000000000051c3,0x0000000000000730,0x0000000000005c10,0x00000000006ea6d6,0x0000000000001366
1784436807261,0x00000000800057ae,0x0000000080018d90,0x0000000080007a7a,0x0000000000000000,0x00000000800191f0,0x0000000080018de0,0x0000000080018f50,0x000000008000f238,0x0000000000000006,0x0000000000000006,0x0000000000000006,0x0000000000000003,0x000000000f72fee3,0x00000000440e2e98,0x0000000000000000,0x000000000f7282e0,0x000000000055dc95,0x3fedd0be6ce22ee5,0x0000000080004a14,0x0000000000000000,0x4025772551038ba6,0x4129fe69628f5c29,0x415207524c95182b,0x8000000000000000,0x3fdcf46da09c9927,0x3fdcf46da09c9927,0x0000000080004a14,0x0000000000f0da92,0x0000000000e81068,0x0000000000f0da92,0x0000000000e81068,0x0000000000152dca,0x00000000000006a7,0x00000000000051c3,0x0000000000000730,0x0000000000005c40,0x00000000006f1068,0x0000000000001369
1784436808178,0x0000000080005806,0x0000000080018ee0,0x0000000080007a7a,0x000000000000000f,0x00000000800191f0,0x0000000080018f20,0x00000000800194a0,0x0000000080019310,0x0000000000000003,0x0000000080019310,0x00000000800194a0,0x0000000000000010,0x000000008000f201,0x3fde10a251b724ac,0x0000000000000000,0x0000000027f820e0,0x0000000000516636,0x3fedd0be6cc26b14,0x0000000080004b68,0x0000000000000000,0x414fe4c6ec6a7efa,0x4129fe730ecbfb16,0x41520758aabb98c8,0x3fc17a1e17ef37ef,0x3fc17a1e17ef37ef,0x0000000000000000,0x0000000080004b68,0x0000000000f19e28,0x0000000000e8cd86,0x0000000000f19e28,0x0000000000e8cd86,0x0000000000154227,0x00000000000006a9,0x00000000000051c6,0x000000000000073f,0x0000000000005c98,0x00000000006f6e7f,0x000000000000136c
1784436808732,0x00000000800057ae,0x0000000080018d90,0x0000000080007a7a,0x0000000000000000,0x00000000800191f0,0x0000000080018de0,0x0000000080018f50,0x000000008000f238,0x0000000000000006,0x0000000000000006,0x0000000000000006,0x0000000000000006,0x000000004aff6b7b,0x00000000440a1d24,0x0000000000000000,0x000000004aef6978,0x000000000055dc95,0x3fedd0be6cc26b14,0x0000000080004a0a,0x0000000000000000,0x4025772551028749,0x4129fe730ecbfb16,0x41520758aabb98c8,0x8000000000000000,0x0000000000000000,0x0000000000000000,0x0000000080004a0a,0x0000000000f25beb,0x0000000000e98b06,0x0000000000f25beb,0x0000000000e98b06,0x00000000001551ae,0x00000000000006b2,0x00000000000051c6,0x0000000000000740,0x0000000000005cca,0x00000000006fca16,0x000000000000136f
1784436809341,0x000000008000583a,0x0000000080018ed0,0x0000000080007a7a,0x000000000000000f,0x00000000800191f0,0x0000000080018f20,0x00000000800194a0,0x000000008000f238,0x0000000000000003,0x0000000000000006,0x00000000800191f0,0x0000000080019230,0x000000008000f201,0x3fe35b9f53b6f5e7,0x0000000000000000,0x000000004a6fafb8,0x0000000000617c67,0x3fedd0be6ca71d5f,0x0000000080004984,0x0000000000000000,0x414fe4cf80068db9,0x4129fe6aac63f141,0x41520759b6b6ae7d,0x0000000000000000,0x401623e8e4790c95,0x401623e8e4790c95,0x0000000080004984,0x0000000000f34007,0x0000000000ea68d5,0x0000000000f34007,0x0000000000ea68d5,0x00000000001568a3,0x00000000000006b4,0x00000000000051c9,0x000000000000074f,0x0000000000005d20,0x00000000007037a4,0x0000000000001372
1784436810273,0x00000000800056f8,0x0000000080019060,0x0000000080007a7a,0x000000000000000f,0x0000000080019430,0x00000000800190b0,0x0000000080019548,0x000000008000f238,0x0000000000000006,0x0000000000000006,0x0000000000000000,0x0000000000000000,0x000000008000f201,0x3fe82e53446e45de,0x0000000000000000,0x000000001000df4e,0x00000000004e44c1,0x3fedd0be6c8ffbd6,0x0000000080004970,0x0000000000000000,0x414fe4ccef10cb29,0x4129fe68484b5dcc,0x415207566dfbe76d,0x0000000000000000,0x4013efc4d6ad955d,0x4013efc4d6ad955d,0x0000000080004970,0x0000000000f4108a,0x0000000000eb34bd,0x0000000000f4108a,0x0000000000eb34bd,0x0000000000157e6e,0x00000000000006bf,0x00000000000051cb,0x000000000000075a,0x0000000000005d95,0x0000000000709f0e,0x0000000000001375
1784436811203,0x000000008000519e,0x0000000080018e90,0x0000000080007a7a,0x0000000000000000,0x00000000800191f0,0x0000000080018ee0,0x0000000000000000,0x000000005100c0f3,0x000000003fe00000,0x402577255100c0f3,0x0000000000000003,0x0000000000000003,0x0000000044b6efbd,0x00000000440303cc,0x0000000000000000,0x000000004494cab8,0x000000000055dc95,0x3fedd0be6c8ffbd6,0x0000000080005406,0x0000000000000000,0x402577255100c0f3,0x4129fe68484b5dcc,0x415207566dfbe76d,0x0000000000000000,0x0000000000000000,0x0000000000000000,0x0000000080005406,0x0000000000f4e3a1,0x0000000000ec07c4,0x0000000000f4e3a1,0x0000000000ec07c4,0x0000000000158f5e,0x00000000000006c8,0x00000000000051cb,0x000000000000075a,0x0000000000005dbf,0x0000000000710535,0x0000000000001378
1784436812103,0x00000000800056f8,0x0000000080019060,0x0000000080007a7a,0x000000000000000f,0x0000000080019430,0x00000000800190b0,0x0000000080019548,0x000000008000f238,0x0000000000000006,0x0000000000000006,0x0000000080019548,0x00000000000000e0,0x000000008000f201,0x3fe839dad608e20f,0x0000000000000000,0x000000007f1bd0ee,0x0000000000490f84,0x3fedd0be6c7cae55,0x00000000800049a2,0x0000000000000000,0x414fe4cdcc395810,0x4129fe6e65f06f69,0x415207576d85f06f,0x0000000000000000,0x0000000000000000,0x0000000000000000,0x00000000800049a2,0x0000000000f5b00a,0x0000000000eccd54,0x0000000000f5b00a,0x0000000000eccd54,0x000000000015a4cf,0x00000000000006ca,0x00000000000051cd,0x0000000000000765,0x0000000000005e11,0x00000000007166e1,0x000000000000137b
1784436813000,0x00000000800058f2,0x0000000080018ed0,0x0000000080007a7a,0x0000000000000000,0x00000000800191f0,0x0000000080018f20,0x00000000800193a0,0x00000000800194a0,0x0000000000000006,0x0000000000000003,0x0000000080018f50,0x0000000080019048,0xffffffffb7ff9aff,0x0000000044000272,0x0000000000000000,0xffffffffb7fd029e,0x000000000055dc95,0x3fedd0be6c7cae55,0x00000000800049fc,0x0000000000000000,0x402577255100009d,0x4129fe6e65f06f69,0x415207576d85f06f,0x3f8314f4c045a6a8,0x0000000000000000,0x0000000000000000,0x00000000800049fc,0x0000000000f688b6,0x0000000000eda689,0x0000000000f688b6,0x0000000000eda689,0x000000000015b67f,0x00000000000006d3,0x00000000000051cd,0x0000000000000765,0x0000000000005e43,0x000000000071cf84,0x000000000000137e
1784436813911,0x0000000080005744,0x0000000080019060,0x0000000080007a7a,0x000000000000000f,0x00000000800191f0,0x00000000800190b0,0x0000000080019310,0x00000000800191f0,0x0000000000000006,0x0000000000000006,0x00000000800190d0,0x0000000080019158,0x000000008000f201,0x3fe93ad6e82ce7db,0x0000000000000000,0xffffffff8a7cb380,0x00000000005e3489,0x3fedd0be6c6cd46a,0x00000000800049f0,0x0000000000000000,0x414fe4c7eb020c4a,0x4129fe7d4e703afb,0x415207552bfb15b5,0x0000000000000000,0x0000000000000000,0x0000000000000000,0x00000000800049f0,0x0000000000f752f7,0x0000000000ee6aaa,0x0000000000f752f7,0x0000000000ee6aaa,0x000000000015cb62,0x00000000000006d5,0x00000000000051d0,0x0000000000000774,0x0000000000005e91,0x00000000007230e3,0x0000000000001381
1784436814800,0x00000000800057ae,0x0000000080018d90,0x0000000080007a7a,0x0000000000000000,0x00000000800191f0,0x0000000080018de0,0x0000000080018f50,0x000000008000f238,0x0000000000000006,0x0000000000000006,0x0000000080018f50,0x0000000080018fb8,0xfffffffff67aed7a,0x0000000043fd5d24,0x0000000000000000,0xfffffffff67a6978,0x000000000055dc95,0x3fedd0be6c6cd46a,0x00000000800049a4,0x0000000000000000,0x4025772550ff5749,0x4129fe7d4e703afb,0x415207552bfb15b5,0x8000000000000000,0x0000000000000000,0x0000000000000000,0x00000000800049a4,0x0000000000f81e18,0x0000000000ef3564,0x0000000000f81e18,0x0000000000ef3564,0x000000000015dbeb,0x00000000000006de,0x00000000000051d0,0x0000000000000774,0x0000000000005ecd,0x00000000007292e0,0x0000000000001384
1784436815715,0x0000000080005820,0x0000000080018ed0,0x0000000080007a7a,0x000000000000000f,0x00000000800191f0,0x0000000080018f20,0x000000008000f238,0x0000000080019310,0x0000000000000006,0x0000000000000006,0x0000000080019280,0x00000000800192a8,0x000000008000f201,0x3fe72cf7e99db7ee,0x0000000000000000,0xffffffffe4ac09b8,0x00000000004d8c31,0x3fedd0be6c600a3c,0x0000000080004982,0x0000000000000000,0x414fe4cf2902de01,0x4129fe6550553261,0x415207572ae147ae,0x0000000000000000,0x0000000000000000,0x0000000000000000,0x0000000080004982,0x0000000000f8f740,0x0000000000f0084c,0x0000000000f8f740,0x0000000000f0084c,0x000000000015f203,0x00000000000006e0,0x00000000000051d3,0x0000000000000781,0x0000000000005f21,0x000000000072fb56,0x0000000000001387
1784436816555,0x00000000800057ae,0x0000000080018d90,0x0000000080007a7a,0x0000000000000000,0x00000000800191f0,0x0000000080018de0,0x0000000080018f50,0x000000008000f238,0x0000000000000006,0x0000000000000006,0x0000000000000003,0x0000000000000006,0x00000000099cd7fe,0x0000000043fb1052,0x0000000000000000,0x000000000914d2de,0x000000000055dc95,0x3fedd0be6c600a3c,0x000000008000498e,0x0000000000000000,0x4025772550fec415,0x4129fe6550553261,0x415207572ae147ae,0xbf9287f43dd4dd72,0x0000000000000000,0x0000000000000000,0x000000008000498e,0x0000000000f9a4a8,0x0000000000f0b555,0x0000000000f9a4a8,0x0000000000f0b555,0x0000000000160039,0x00000000000006e9,0x00000000000051d3,0x0000000000000781,0x0000000000005f58,0x0000000000734f41,0x000000000000138a
1784436817130,0x0000000080005744,0x0000000080019060,0x0000000080007a7a,0x000000000000000f,0x00000000800191f0,0x00000000800190b0,0x0000000080019310,0x00000000800191f0,0x0000000000000006,0x0000000000000006,0x0000000000000005,0x0000000000000006,0x000000008000f201,0x3fe78e7988cef6c3,0x0000000000000000,0x000000007dbbddf8,0x00000000007ed6cd,0x3fedd0be6c55ec5e,0x000000008000498e,0x0000000000000000,0x414fe4cd3a161e4f,0x4129fe5d332617c2,0x41520757e35a8588,0x0000000000000000,0x0000000000000000,0x0000000000000000,0x000000008000498e,0x0000000000fa578c,0x0000000000f16204,0x0000000000fa578c,0x0000000000f16204,0x0000000000161345,0x00000000000006eb,0x00000000000051d5,0x000000000000078c,0x0000000000005fae,0x000000000073a58c,0x000000000000138d
1784436817831,0x00000000800057ae,0x0000000080018d90,0x0000000080007a7a,0x0000000000000000,0x00000000800191f0,0x0000000080018de0,0x0000000080018f50,0x000000008000f238,0x0000000000000006,0x0000000000000006,0x0000000000000001,0x0000000000000019,0xffffffffbee7fefe,0x0000000043f916d8,0x0000000000000000,0xffffffffbee314e0,0x000000000055dc95,0x3fedd0be6c55ec5e,0x000000008000499c,0x0000000000000000,0x4025772550fe45b6,0x4129fe5d332617c2,0x41520757e35a8588,0x8000000000000000,0x0000000000000000,0x0000000000000000,0x000000008000499c,0x0000000000fb229f,0x0000000000f22cc2,0x0000000000fb229f,0x0000000000f22cc2,0x00000000001623d3,0x00000000000006f4,0x00000000000051d5,0x000000000000078c,0x0000000000005fee,0x0000000000740788,0x0000000000001390
1784436818731,0x000000008000583a,0x0000000080018ed0,0x0000000080007a7a,0x000000000000000f,0x00000000800191f0,0x0000000080018f20,0x00000000800194a0,0x000000008000f238,0x0000000000000003,0x0000000000000006,0x00000000800191f0,0x0000000080019200,0x000000008000f201,0x3fe886f0cf197dc2,0x0000000000000000,0xffffffffbdcc3fb8,0x000000000077c5c9,0x3fedd0be6c4e1ac5,0x0000000080004982,0x0000000000000000,0x414fe4cf6374bc6a,0x4129fe618ea4a8c1,0x41520751da0902de,0x0000000000000000,0x0000000000000000,0x0000000000000000,0x0000000080004982,0x0000000000fbfc48,0x0000000000f3008f,0x0000000000fbfc48,0x0000000000f3008f,0x00000000001639f5,0x00000000000006f6,0x00000000000051d7,0x0000000000000797,0x000000000000603d,0x0000000000747065,0x0000000000001393
1784436819643,0x0000000080006260,0x0000000080019230,0x402a601452261c8b,0x0000000000000000,0x0000000000000000,0x0000000080019440,0x0000000080019698,0x00000000800194a0,0x000000008000f238,0x00000000800003f0,0x00000000800194a0,0x0000000080019508,0x0000000077ffff78,0x0000000015f56024,0x0000000000000000,0x00000000777e7d78,0x00000000005d7a9d,0x3fedd0be6c483ae9,0x0000000080005ce6,0x0000000000000000,0x40375ea7457d5809,0x4129fe618ea4a8c1,0x41520751da0902de,0x01a56e1fc2f8f359,0x3fdcf46da09c9a19,0x0000000000000000,0x0000000080005ce6,0x0000000000fcc1c0,0x0000000000f3c2bf,0x0000000000fcc1c0,0x0000000000f3c2bf,0x0000000000164ca3,0x00000000000006ff,0x00000000000051d7,0x0000000000000798,0x0000000000006099,0x000000000074d1a3,0x0000000000001396
1784436820533,0x0000000080005850,0x0000000080018ed0,0x0000000080007a7a,0x000000000000000f,0x00000000800191f0,0x0000000080018f20,0x00000000800191f0,0x0000000080019310,0x0000000000000003,0x0000000000000006,0x00000000800191a8,0x00000000800191c8,0x000000008000f201,0x3fe1f12a433e3cb3,0x0000000000000000,0xffffffffcc3b08de,0x00000000006eb201,0x3fedd0be6c483ae9,0x00000000800049f0,0x0000000000000000,0x414fe4cc527ef9db,0x4129fe63fe9e1b09,0x4152075789eecbfb,0x401623e8e4790c4a,0x0000000000000000,0x401623e8e4790c4a,0x00000000800049f0,0x0000000000fd925e,0x0000000000f48faf,0x0000000000fd925e,0x0000000000f48faf,0x0000000000165f7c,0x0000000000000701,0x00000000000051da,0x00000000000007a7,0x00000000000060c2,0x00000000007533f0,0x0000000000001399
1784436821429,0x00000000800056f8,0x0000000080019060,0x0000000080007a7a,0x000000000000000f,0x0000000080019430,0x00000000800190b0,0x0000000080019548,0x000000008000f238,0x0000000000000006,0x0000000000000006,0x0000000080019310,0x0000000080019390,0x000000008000f201,0x3fe2d73c23cb166f,0x0000000000000000,0xfffffffffbcbf800,0x00000000006466ae,0x3fedd0be6c43f94b,0x00000000800049f0,0x0000000000000000,0x414fe4ce075f6fd2,0x4129fe7c3ef9db23,0x415207590cea4a8c,0x0000000000000000,0x0000000000000000,0x0000000000000000,0x00000000800049f0,0x0000000000fe65f0,0x0000000000f55e60,0x0000000000fe65f0,0x0000000000f55e60,0x000000000016757e,0x000000000000070c,0x00000000000051dd,0x00000000000007b6,0x000000000000613d,0x0000000000759cc7,0x000000000000139c
1784436822327,0x00000000800058f2,0x0000000080018ed0,0x0000000080007a7a,0x0000000000000000,0x00000000800191f0,0x0000000080018f20,0x00000000800193a0,0x00000000800194a0,0x0000000000000006,0x0000000000000003,0x0000000000000001,0x0000000000000006,0x0000000006dd51fd,0x0000000043f4dc7c,0x0000000000000000,0x0000000006dd51f8,0x000000000055dc95,0x3fedd0be6c43f94b,0x00000000800049d6,0x0000000000000000,0x4025772550fd371f,0x4129fe7c3ef9db23,0x415207590cea4a8c,0x0000000000000000,0x0000000000000000,0x0000000000000000,0x00000000800049d6,0x0000000000ff3f4a,0x0000000000f637ca,0x0000000000ff3f4a,0x0000000000f637ca,0x000000000016872b,0x0000000000000715,0x00000000000051dd,0x00000000000007b6,0x000000000000616f,0x00000000007605ba,0x000000000000139f
1784436823240,0x0000000080005744,0x0000000080019060,0x0000000080007a7a,0x000000000000000f,0x00000000800191f0,0x00000000800190b0,0x0000000080019310,0x00000000800191f0,0x0000000000000006,0x0000000000000006,0x0000000000000001,0x0000000000000006,0x000000008000f201,0x3fe53f8bbb9ad476,0x0000000000000000,0x00000000500ac91e,0x00000000004bee5a,0x3fedd0be6c410a4f,0x00000000800049d6,0x0000000000000000,0x414fe4cd90f5c28f,0x4129fe6d71a9fbe7,0x41520750632fec57,0x0000000000000000,0x0000000000000000,0x0000000000000000,0x00000000800049d6,0x0000000001000e99,0x0000000000f7011a,0x0000000001000e99,0x0000000000f7011a,0x0000000000169c6c,0x0000000000000717,0x00000000000051df,0x00000000000007c3,0x00000000000061c3,0x000000000076697f,0x00000000000013a2
1784436824154,0x00000000800057ae,0x0000000080018d90,0x0000000080007a7a,0x0000000000000000,0x00000000800191f0,0x0000000080018de0,0x0000000080018f50,0x000000008000f238,0x0000000000000006,0x0000000000000006,0x0000000000000005,0x0000000000000006,0x000000005aefaf9e,0x0000000043f3ec4e,0x0000000000000000,0x000000005ae60c1e,0x000000000055dc95,0x3fedd0be6c410a4f,0x0000000080004a22,0x0000000000000000,0x4025772550fcfb14,0x4129fe6d71a9fbe7,0x41520750632fec57,0x8000000000000000,0x0000000000000000,0x0000000000000000,0x0000000080004a22,0x000000000100e2b0,0x0000000000f7d4ef,0x000000000100e2b0,0x0000000000f7d4ef,0x000000000016adba,0x0000000000000720,0x00000000000051df,0x00000000000007c3,0x00000000000061fa,0x000000000076cfc9,0x00000000000013a5
1784436824901,0x0000000080005744,0x0000000080019060,0x0000000080007a7a,0x000000000000000f,0x00000000800191f0,0x00000000800190b0,0x0000000080019310,0x00000000800191f0,0x0000000000000006,0x0000000000000006,0x00000000800190d0,0x0000000080019170,0x000000008000f201,0x3fd99dffb5844fdc,0x0000000000000000,0xffffffffe7aafcfe,0x000000000041b2f0,0x3fedd0be6c3f2abd,0x0000000080004984,0x0000000000000000,0x414fe4cc1428f5c3,0x4129fe624eb1c433,0x415207577cbe0ded,0x0000000000000000,0x3fe185d1eca6d084,0x3fe185d1eca6d084,0x0000000080004984,0x00000000010196cc,0x0000000000f882be,0x00000000010196cc,0x0000000000f882be,0x000000000016c0de,0x0000000000000722,0x00000000000051e1,0x00000000000007ce,0x0000000000006244,0x00000000007726ac,0x00000000000013a8
1784436825463,0x00000000800057ae,0x0000000080018d90,0x0000000080007a7a,0x0000000000000000,0x00000000800191f0,0x0000000080018de0,0x0000000080018f50,0x000000008000f238,0x0000000000000006,0x0000000000000006,0x000000008000f238,0x000000008000f330,0xffffffffe4cfb9de,0x0000000043f32c56,0x0000000000000000,0xffffffffe487298e,0x000000000055dc95,0x3fedd0be6c3f2abd,0x00000000800049c8,0x0000000000000000,0x4025772550fccb16,0x4129fe624eb1c433,0x415207577cbe0ded,0x8000000000000000,0x3fdcf46da09c99fb,0x0000000000000000,0x00000000800049c8,0x0000000001024b66,0x0000000000f937a1,0x0000000001024b66,0x0000000000f937a1,0x000000000016cf9e,0x000000000000072b,0x00000000000051e1,0x00000000000007ce,0x0000000000006277,0x0000000000777e5f,0x00000000000013ab
1784436826210,0x0000000080005744,0x0000000080019060,0x0000000080007a7a,0x000000000000000f,0x00000000800191f0,0x00000000800190b0,0x0000000080019310,0x00000000800191f0,0x0000000000000006,0x0000000000000006,0x0000000000000004,0x0000000000000006,0x000000008000f201,0x3fdba8f211ac2856,0x0000000000000000,0xffffffff87cde780,0x000000000072430f,0x3fedd0be6c3e1fcc,0x00000000800049b0,0x0000000000000000,0x414fe4cf468a71de,0x4129fe6d5d07c84b,0x4152075a4491d14e,0x3fedd0be6c3e1fc9,0x0000000000000000,0x0000000000000000,0x00000000800049b0,0x0000000001031df9,0x0000000000fa03d3,0x0000000001031df9,0x0000000000fa03d3,0x000000000016e541,0x000000000000072d,0x00000000000051e4,0x00000000000007dd,0x00000000000062d0,0x000000000077e391,0x00000000000013ae
1784436827118,0x00000000800057ae,0x0000000080018d90,0x0000000080007a7a,0x0000000000000000,0x00000000800191f0,0x0000000080018de0,0x0000000080018f50,0x000000008000f238,0x0000000000000006,0x0000000000000006,0x000000008000f238,0x000000008000f2f8,0xffffffff8c9da37f,0x0000000043f295be,0x0000000000000000,0xffffffff8c98a37e,0x000000000055dc95,0x3fedd0be6c3e1fcc,0x00000000800049c6,0x0000000000000000,0x4025772550fca570,0x4129fe6d5d07c84b,0x4152075a4491d14e,0xbf8314f4c0277f4d,0x0000000000000000,0x0000000000000000,0x00000000800049c6,0x000000000103edef,0x0000000000fad3e9,0x000000000103edef,0x0000000000fad3e9,0x000000000016f63f,0x0000000000000736,0x00000000000051e4,0x00000000000007dd,0x00000000000062fb,0x000000000078481a,0x00000000000013b1
1784436827995,0x000000008000583a,0x0000000080018ed0,0x0000000080007a7a,0x000000000000000f,0x00000000800191f0,0x0000000080018f20,0x00000000800194a0,0x000000008000f238,0x0000000000000003,0x0000000000000006,0x0000000000000000,0x0000000000000006,0x000000008000f201,0x3fe1e769b4df2ba7,0x0000000000000000,0x00000000362b9f38,0x00000000005a9611,0x3fedd0be6c3db6ea,0x00000000800049e0,0x0000000000000000,0x414fe4cce2bd3c36,0x4129fe6dfc779a6b,0x41520757c532617c,0x3ff0000000000000,0x0000000000000000,0x0000000000000000,0x00000000800049e0,0x000000000104ca08,0x0000000000fba9f5,0x000000000104ca08,0x0000000000fba9f5,0x0000000000170c8f,0x0000000000000738,0x00000000000051e7,0x00000000000007ea,0x000000000000634c,0x000000000078b1fa,0x00000000000013b4
1784436828895,0x00000000800056f8,0x0000000080019060,0x0000000080007a7a,0x000000000000000f,0x0000000080019430,0x00000000800190b0,0x0000000080019548,0x000000008000f238,0x0000000000000006,0x0000000000000006,0x0000000000000000,0x0000000000000006,0x000000008000f201,0x3fe24b950c7c97fa,0x0000000000000000,0xffffffffd4cb87ee,0x000000000042ade1,0x3fedd0be6c3dc559,0x0000000080004940,0x0000000000000000,0x414fe4cec7972474,0x4129fe6dd8bac711,0x415207578f7318fc,0x0000000000000000,0x0000000000000000,0x0000000000000000,0x0000000080004940,0x000000000105a32b,0x0000000000fc7e1f,0x000000000105a32b,0x0000000000fc7e1f,0x000000000017230f,0x0000000000000743,0x00000000000051e9,0x00000000000007f5,0x00000000000063c2,0x0000000000791d46,0x00000000000013b7
1784436829739,0x000000008000589c,0x0000000080018ed0,0x0000000080007a7a,0x0000000000000000,0x00000000800191f0,0x0000000080018f20,0x0000000080019280,0x0000000080019118,0x0000000000000006,0x0000000000000003,0x0000000000000001,0x0000000000000002,0xffffffffc6ddedde,0x0000000043f1cbb6,0x0000000000000000,0xffffffffc69ced4e,0x000000000055dc95,0x3fedd0be6c3dc559,0x000000008000493a,0x0000000000000000,0x4025772550fc72ee,0x4129fe6dd8bac711,0x415207578f7318fc,0x0000000000000000,0x0000000000000000,0x0000000000000000,0x000000008000493a,0x0000000001067969,0x0000000000fd546a,0x0000000001067969,0x0000000000fd546a,0x000000000017342b,0x000000000000074c,0x00000000000051e9,0x00000000000007f5,0x00000000000063f1,0x000000000079850b,0x00000000000013ba
1784436830530,0x00000000800056f8,0x0000000080019060,0x0000000080007a7a,0x000000000000000f,0x0000000080019430,0x00000000800190b0,0x0000000080019548,0x000000008000f238,0x0000000000000006,0x0000000000000006,0x0000000000000001,0x000000000000001f,0x000000008000f201,0x3fe236cda8a872b3,0x0000000000000000,0x000000006a5e4cf8,0x0000000000554179,0x3fedd0be6c3e2798,0x000000008000499c,0x0000000000000000,0x414fe4cf69374bc7,0x4129fe69fc28f5c3,0x4152075afcb5dcc6,0x0000000000000000,0x0000000000000000,0x0000000000000000,0x000000008000499c,0x000000000107453a,0x0000000000fe1980,0x000000000107453a,0x0000000000fe1980,0x000000000017499e,0x000000000000074e,0x00000000000051eb,0x0000000000000800,0x000000000000644b,0x000000000079e69b,0x00000000000013bd
1784436831370,0x00000000800058f2,0x0000000080018ed0,0x0000000080007a7a,0x0000000000000000,0x00000000800191f0,0x0000000080018f20,0x00000000800193a0,0x00000000800194a0,0x0000000000000006,0x0000000000000003,0x0000000000000001,0x0000000000000003,0xffffffffdeff6ba6,0x0000000043f18d30,0x0000000000000000,0xffffffffdee10b80,0x000000000055dc95,0x3fedd0be6c3e2798,0x000000008000498e,0x0000000000000000,0x4025772550fc634c,0x4129fe69fc28f5c3,0x4152075afcb5dcc6,0x0000000000000000,0x0000000000000000,0x0000000000000000,0x000000008000498e,0x00000000010806e0,0x0000000000fedb61,0x00000000010806e0,0x0000000000fedb61,0x0000000000175962,0x0000000000000757,0x00000000000051eb,0x0000000000000800,0x0000000000006484,0x00000000007a4469,0x00000000000013c0
1784436832269,0x0000000080005744,0x0000000080019060,0x0000000080007a7a,0x000000000000000f,0x00000000800191f0,0x00000000800190b0,0x0000000080019310,0x00000000800191f0,0x0000000000000006,0x0000000000000006,0x0000000000000003,0x0000000000000006,0x000000008000f201,0x3fe60f8e2e3279a0,0x0000000000000000,0x000000003f034438,0x000000000064e643,0x3fedd0be6c3ec0b8,0x00000000800049ba,0x0000000000000000,0x414fe4cebca8c155,0x4129fe6d15a85879,0x4152075f15e1b08a,0x0000000000000000,0x0000000000000000,0x0000000000000000,0x00000000800049ba,0x000000000108ddfc,0x0000000000fface8,0x000000000108ddfc,0x0000000000fface8,0x0000000000176f4c,0x0000000000000759,0x00000000000051ee,0x000000000000080f,0x00000000000064d6,0x00000000007aac19,0x00000000000013c3
1784436833045,0x00000000800057ae,0x0000000080018d90,0x0000000080007a7a,0x0000000000000000,0x00000000800191f0,0x0000000080018de0,0x0000000080018f50,0x000000008000f238,0x0000000000000006,0x0000000000000006,0x0000000000000002,0x0000000000000008,0x0000000001feef6f,0x0000000043f161ea,0x0000000000000000,0x0000000001fc6b0e,0x000000000055dc95,0x3fedd0be6c3ec0b8,0x00000000800049e4,0x0000000000000000,0x4025772550fc587b,0x4129fe6d15a85879,0x4152075f15e1b08a,0x8000000000000000,0x0000000000000000,0x8000000000000000,0x00000000800049e4,0x000000000109a5e5,0x00000000010074c2,0x000000000109a5e5,0x00000000010074c2,0x0000000000177f9d,0x0000000000000762,0x00000000000051ee,0x000000000000080f,0x000000000000650c,0x00000000007b0cb6,0x00000000000013c6
1784436833583,0x0000000080005744,0x0000000080019060,0x0000000080007a7a,0x000000000000000f,0x00000000800191f0,0x00000000800190b0,0x0000000080019310,0x00000000800191f0,0x0000000000000006,0x0000000000000006,0x0000000000000000,0x0000000000000006,0x000000008000f201,0x3fee15148cf59c42,0x0000000000000000,0x000000005eebdaee,0x000000000044aec6,0x3fedd0be6c3f79a7,0x0000000080004a06,0x0000000000000000,0x414fe4d0b6a161e5,0x4129fe6edb2fec57,0x4152075b74ea4a8c,0x0000000000000000,0x0000000000000000,0x0000000000000000,0x0000000080004a06,0x00000000010a5735,0x000000000101202e,0x00000000010a5735,0x000000000101202e,0x000000000017928a,0x0000000000000764,0x00000000000051f1,0x000000000000081e,0x0000000000006560,0x00000000007b6281,0x00000000000013c9
1784436834224,0x00000000800057ae,0x0000000080018d90,0x0000000080007a7a,0x0000000000000000,0x00000000800191f0,0x0000000080018de0,0x0000000080018f50,0x000000008000f238,0x0000000000000006,0x0000000000000006,0x0000000000000001,0x0000000000000013,0x000000000eb7bfa4,0x0000000043f145e0,0x0000000000000000,0x000000000e96be00,0x000000000055dc95,0x3fedd0be6c3f79a7,0x000000008000494c,0x0000000000000000,0x4025772550fc5178,0x4129fe6edb2fec57,0x4152075b74ea4a8c,0x8000000000000000,0x0000000000000000,0x0000000000000000,0x000000008000494c,0x00000000010b2ba3,0x000000000101f494,0x00000000010b2ba3,0x000000000101f494,0x000000000017a3e7,0x000000000000076d,0x00000000000051f1,0x000000000000081e,0x0000000000006592,0x00000000007bc8ff,0x00000000000013cc
1784436835124,0x0000000080005820,0x0000000080018ed0,0x0000000080007a7a,0x000000000000000f,0x00000000800191f0,0x0000000080018f20,0x000000008000f238,0x0000000080019310,0x0000000000000006,0x0000000000000006,0x0000000000000005,0x0000000000000006,0x000000008000f201,0x3ff03811de448067,0x0000000000000000,0x0000000062a69fe0,0x0000000000752ddc,0x3fedd0be6c404079,0x0000000080004a06,0x0000000000000000,0x414fe4ccc514e3bd,0x4129fe708779a6b5,0x4152075acde353f8,0x3ff12c1dda62088d,0x0000000000000000,0x0000000000000000,0x0000000080004a06,0x00000000010c0c3b,0x000000000102cf1e,0x00000000010c0c3b,0x000000000102cf1e,0x000000000017ba9f,0x000000000000076f,0x00000000000051f3,0x0000000000000829,0x00000000000065e0,0x00000000007c3501,0x00000000000013cf
1784436836039,0x0000000080006260,0x0000000080019230,0x402a6014520d02cd,0x0000000000000000,0x0000000000000000,0x0000000080019440,0x0000000080019698,0x00000000800194a0,0x000000008000f238,0x00000000800003f0,0x00000000800194a0,0x00000000800194e8,0x0000000052a9fd5e,0x0000000026abdeca,0x0000000000000000,0x000000005220844e,0x0000000000627ebe,0x3fedd0be6c4107ab,0x0000000080005cf2,0x0000000000000000,0x40189faf89aaf7b3,0x4129fe708779a6b5,0x4152075acde353f8,0x01a56e1fc2f8f359,0x0000000000000000,0x0000000000000000,0x0000000080005cf2,0x00000000010cd7e2,0x0000000001039788,0x00000000010cd7e2,0x0000000001039788,0x000000000017cdbb,0x0000000000000778,0x00000000000051f3,0x000000000000082a,0x0000000000006639,0x00000000007c990e,0x00000000000013d2
1784436836882,0x0000000080005850,0x0000000080018ed0,0x0000000080007a7a,0x000000000000000f,0x00000000800191f0,0x0000000080018f20,0x00000000800191f0,0x0000000080019310,0x0000000000000003,0x0000000000000006,0x00000000800191a8,0x00000000800191e0,0x000000008000f201,0x3ff0b38c882bd620,0x0000000000000000,0x000000002662f7e0,0x0000000000567898,0x3fedd0be6c4107ab,0x00000000800049f0,0x0000000000000000,0x414fe4d084b295ea,0x4129fe72df559b3d,0x4152075b0f4538ef,0x0000000000000000,0x0000000000000000,0x0000000000000000,0x00000000800049f0,0x00000000010dae4e,0x00000000010469ec,0x00000000010dae4e,0x00000000010469ec,0x000000000017e11b,0x000000000000077a,0x00000000000051f5,0x0000000000000834,0x0000000000006661,0x00000000007cfe0b,0x00000000000013d5
1784436837742,0x00000000800056f8,0x0000000080019060,0x0000000080007a7a,0x000000000000000f,0x0000000080019430,0x00000000800190b0,0x0000000080019548,0x000000008000f238,0x0000000000000006,0x0000000000000006,0x0000000000000005,0x0000000000000006,0x000000008000f201,0x3ff11de5412220e7,0x0000000000000000,0x0000000000c1f800,0x000000000076aa16,0x3fedd0be6c41c575,0x000000008000498e,0x0000000000000000,0x414fe4d28734d6a1,0x4129fe626fdf3b64,0x4152075a5883126f,0x3ff0000000000000,0x0000000000000000,0x0000000000000000,0x000000008000498e,0x00000000010e956b,0x0000000001054b7f,0x00000000010e956b,0x0000000001054b7f,0x000000000017f8b2,0x0000000000000785,0x00000000000051f8,0x0000000000000843,0x00000000000066e3,0x00000000007d6fb8,0x00000000000013d8
1784436838644,0x000000008000578a,0x0000000080018db0,0x0000000080007a7a,0x0000000000000000,0x00000000800191f0,0x0000000080018de0,0x0000000080018f50,0x0000000000000006,0x0000000000000006,0x0000000000000003,0x0000000000000003,0x0000000000000006,0x000000002ed833fb,0x0000000043f12cfc,0x0000000000000000,0x000000002ed033f8,0x000000000055dc95,0x3fedd0be6c41c575,0x0000000080004cf6,0x0000000000000000,0x4025772550fc4b3f,0x4129fe626fdf3b64,0x4152075a5883126f,0x3f8314f4c02a8727,0x0000000000000000,0x0000000000000000,0x0000000080004cf6,0x00000000010f6e94,0x0000000001062543,0x00000000010f6e94,0x0000000001062543,0x0000000000180a4b,0x000000000000078e,0x00000000000051f8,0x0000000000000843,0x0000000000006718,0x00000000007dd8bc,0x00000000000013db
1784436839535,0x0000000080005744,0x0000000080019060,0x0000000080007a7a,0x000000000000000f,0x00000000800191f0,0x00000000800190b0,0x0000000080019310,0x00000000800191f0,0x0000000000000006,0x0000000000000006,0x00000000800190d0,0x00000000800191e0,0x000000008000f201,0x3ff0e468dfbfc54e,0x0000000000000000,0x000000002a82426e,0x000000000042c289,0x3fedd0be6c42732b,0x000000008000495a,0x0000000000000000,0x414fe4ce54a57a78,0x4129fe74ee147ae1,0x41520759c5e4f766,0x3fc17a1e17d2441a,0x0000000000000000,0x0000000000000000,0x000000008000495a,0x0000000001104b21,0x000000000106fb01,0x0000000001104b21,0x000000000106fb01,0x00000000001820be,0x0000000000000790,0x00000000000051fb,0x0000000000000850,0x0000000000006765,0x00000000007e425f,0x00000000000013de
1784436840446,0x0000000080006260,0x0000000080019230,0x402a6014520ced46,0x0000000000000000,0x0000000000000000,0x0000000080019440,0x0000000080019698,0x00000000800194a0,0x000000008000f238,0x00000000800003f0,0x0000000000000001,0x0000000000000001,0x0000000079f3378f,0x000000007c57572a,0x0000000000000000,0x0000000079e3368e,0x000000000078087f,0x3fedd0be6c430ca6,0x0000000080005bcc,0x0000000000000000,0x401e021fdf15d5cb,0x4129fe74ee147ae1,0x41520759c5e4f766,0x01a56e1fc2f8f359,0x0000000000000000,0x4012207dfca3cb72,0x0000000080005bcc,0x00000000011124ce,0x000000000107d41b,0x00000000011124ce,0x000000000107d41b,0x000000000018325a,0x0000000000000799,0x00000000000051fb,0x0000000000000850,0x00000000000067bb,0x00000000007eac09,0x00000000000013e1
1784436841283,0x0000000080005806,0x0000000080018ee0,0x0000000080007a7a,0x000000000000000f,0x00000000800191f0,0x0000000080018f20,0x00000000800194a0,0x0000000080019310,0x0000000000000003,0x0000000080019310,0x00000000800194b0,0x0000000080019340,0x000000008000f201,0x3ff032c8a00af3c3,0x0000000000000000,0x0000000070e6c780,0x0000000000683f09,0x3fedd0be6c430ca6,0x0000000080004b8c,0x0000000000000000,0x414fe4cc95532618,0x4129fe6959ce075f,0x415207571942c3ca,0x3fc17a1e17d24da0,0x3fc17a1e17d24da0,0x0000000000000000,0x0000000080004b8c,0x000000000111cc9e,0x000000000108760b,0x000000000111cc9e,0x000000000108760b,0x0000000000184491,0x000000000000079b,0x00000000000051fd,0x000000000000085b,0x00000000000067ed,0x00000000007efc72,0x00000000000013e4
1784436841858,0x00000000800057ae,0x0000000080018d90,0x0000000080007a7a,0x0000000000000000,0x00000000800191f0,0x0000000080018de0,0x0000000080018f50,0x000000008000f238,0x0000000000000006,0x0000000000000006,0x0000000000000003,0x0000000000000006,0x00000000592b3e78,0x0000000043f13654,0x0000000000000000,0x0000000059283a38,0x000000000055dc95,0x3fedd0be6c430ca6,0x00000000800049d6,0x0000000000000000,0x4025772550fc4d95,0x4129fe6959ce075f,0x415207571942c3ca,0x8000000000000000,0x0000000000000000,0x8000000000000000,0x00000000800049d6,0x0000000001127f00,0x0000000001092821,0x0000000001127f00,0x0000000001092821,0x0000000000185322,0x00000000000007a4,0x00000000000051fd,0x000000000000085b,0x000000000000682c,0x00000000007f52ba,0x00000000000013e7
1784436842536,0x000000008000583a,0x0000000080018ed0,0x0000000080007a7a,0x000000000000000f,0x00000000800191f0,0x0000000080018f20,0x00000000800194a0,0x000000008000f238,0x0000000000000003,0x0000000000000006,0x0000000000000001,0x0000000000000000,0x000000008000f201,0x3febb362cc298489,0x0000000000000000,0xffffffff914d2c78,0x0000000000629360,0x3fedd0be6c438fbd,0x0000000080004998,0x0000000000000000,0x414fe4d2696872b0,0x4129fe64958e2196,0x415207544e9930be,0x3ff0000000000000,0x0000000000000000,0x0000000000000000,0x0000000080004998,0x0000000001136604,0x00000000010a0930,0x0000000001136604,0x00000000010a0930,0x0000000000186a5c,0x00000000000007a6,0x00000000000051ff,0x0000000000000866,0x0000000000006877,0x00000000007fc1d5,0x00000000000013ea
1784436843464,0x0000000080009fc2,0x0000000080019420,0x402a6014520d24a8,0x0000000000000001,0x0000000000000000,0x0000000080019700,0x00000000005269b4,0x000000000d93fa7f,0x00000000001ed572,0x0000000000000005,0x00000000002934da,0x000000007709b4ff,0x0000000000000000,0x000000001b27f4fe,0x0000000000000001,0x000000001b27f4fd,0x00000000005269b4,0x3fedd0be6c43fbd4,0x000000008000a128,0x409a87e306a295ed,0x409a87e306a295ed,0x4129fe64958e2196,0x415207544e9930be,0xc035d7318fc40000,0x409313d6ef25a7a6,0x409a87e306a295ed,0x000000008000a128,0x0000000001143963,0x00000000010ad7cf,0x0000000001143963,0x00000000010ad7cf,0x000000000018806c,0x00000000000007b1,0x00000000000051ff,0x0000000000000867,0x00000000000068ec,0x0000000000802aae,0x00000000000013ed
1784436844371,0x000000008000583a,0x0000000080018ed0,0x0000000080007a7a,0x000000000000000f,0x00000000800191f0,0x0000000080018f20,0x00000000800194a0,0x000000008000f238,0x0000000000000003,0x0000000000000006,0x000000008000f238,0x000000008000f288,0x000000008000f201,0x3fe4095a76742a18,0x0000000000000000,0xffffffffee1369fe,0x00000000005269b4,0x3fedd0be6c43fbd4,0x00000000800049c6,0x0000000000000000,0x414fe4cf2116872b,0x4129fe71de00d1b7,0x4152075ac1ad42c4,0x0000000000000000,0x0000000000000000,0x0000000000000000,0x00000000800049c6,0x000000000114de73,0x00000000010b7b50,0x000000000114de73,0x00000000010b7b50,0x0000000000188d83,0x00000000000007b1,0x0000000000005202,0x0000000000000875,0x00000000000068f7,0x00000000008077c3,0x00000000000013f0
1784436845279,0x00000000800056f8,0x0000000080019060,0x0000000080007a7a,0x000000000000000f,0x0000000080019430,0x00000000800190b0,0x0000000080019548,0x000000008000f238,0x0000000000000006,0x0000000000000006,0x0000000000000002,0x000000000000000c,0x000000008000f201,0x3fe4e360c3de9f16,0x0000000000000000,0xffffffff861e4ce0,0x000000000076c71a,0x3fedd0be6c445178,0x0000000080004992,0x0000000000000000,0x414fe4cea6dc5d64,0x4129fe6dd141205c,0x4152075b8989374c,0x0000000000000000,0x0000000000000000,0x0000000000000000,0x0000000080004992,0x000000000115ca90,0x00000000010c628d,0x000000000115ca90,0x00000000010c628d,0x000000000018a58e,0x00000000000007bc,0x0000000000005205,0x0000000000000884,0x0000000000006974,0x000000000080ec29,0x00000000000013f3
1784436846181,0x00000000800058f2,0x0000000080018ed0,0x0000000080007a7a,0x0000000000000000,0x00000000800191f0,0x0000000080018f20,0x00000000800193a0,0x00000000800194a0,0x0000000000000006,0x0000000000000003,0x0000000080018f50,0x0000000080018f78,0x0000000042d2ffde,0x0000000043f14e52,0x0000000000000000,0x0000000042d2f6de,0x000000000055dc95,0x3fedd0be6c445178,0x00000000800049f0,0x0000000000000000,0x4025772550fc5395,0x4129fe6dd141205c,0x4152075b8989374c,0x0000000000000000,0x0000000000000000,0x0000000000000000,0x00000000800049f0,0x000000000116a361,0x00000000010d3bdf,0x000000000116a361,0x00000000010d3bdf,0x000000000018b749,0x00000000000007c5,0x0000000000005205,0x0000000000000884,0x0000000000006996,0x0000000000815504,0x00000000000013f6
1784436846976,0x0000000080005744,0x0000000080019060,0x0000000080007a7a,0x000000000000000f,0x00000000800191f0,0x00000000800190b0,0x0000000080019310,0x00000000800191f0,0x0000000000000006,0x0000000000000006,0x0000000000000002,0x0000000000000008,0x000000008000f201,0x3fe65d2eb1863fed,0x0000000000000000,0x0000000072d9dee0,0x0000000000765722,0x3fedd0be6c449209,0x000000008000499a,0x0000000000000000,0x414fe4d4080d1b71,0x4129fe70103afb7f,0x4152075b2ef837b5,0x3fb85cd8e2c41b82,0x3fe185d1eca6d032,0x3fe185d1eca6d032,0x000000008000499a,0x00000000011770a5,0x00000000010e03b4,0x00000000011770a5,0x00000000010e03b4,0x000000000018cc68,0x00000000000007c7,0x0000000000005207,0x000000000000088f,0x00000000000069e0,0x000000000081b814,0x00000000000013f9
1784436847904,0x00000000800057ae,0x0000000080018d90,0x0000000080007a7a,0x0000000000000000,0x00000000800191f0,0x0000000080018de0,0x0000000080018f50,0x000000008000f238,0x0000000000000006,0x0000000000000006,0x0000000080018df0,0x0000000000000018,0xffffffffe9f3f77f,0x0000000043f155e4,0x0000000000000000,0xffffffffe9f36678,0x000000000055dc95,0x3fedd0be6c449209,0x0000000080004980,0x0000000000000000,0x4025772550fc5579,0x4129fe70103afb7f,0x4152075b2ef837b5,0x8000000000000000,0x0000000000000000,0x0000000000000000,0x0000000080004980,0x0000000001183db8,0x00000000010ed101,0x0000000001183db8,0x00000000010ed101,0x000000000018dd2f,0x00000000000007d0,0x0000000000005207,0x000000000000088f,0x0000000000006a08,0x0000000000821b42,0x00000000000013fc
1784436848790,0x0000000080005806,0x0000000080018ee0,0x0000000080007a7a,0x000000000000000f,0x00000000800191f0,0x0000000080018f20,0x00000000800194a0,0x0000000080019310,0x0000000000000003,0x0000000000000001,0x00000000800194a8,0x0000000000000003,0x000000008000f201,0x3fe703cf1954e7f4,0x0000000000000000,0xffffffffb467c7ce,0x0000000000517e40,0x3fedd0be6c44bf72,0x0000000080004b74,0x0000000000000000,0x414fe4ce89ad42c4,0x4129fe699930be0e,0x4152075b3032ca58,0x3fc17a1e17d1f789,0x3fc17a1e17d1f789,0x3ff0000000000000,0x0000000080004b74,0x0000000001191b16,0x00000000010fa809,0x0000000001191b16,0x00000000010fa809,0x000000000018f3b4,0x00000000000007d2,0x0000000000005209,0x000000000000089a,0x0000000000006a4e,0x000000000082858d,0x00000000000013ff
1784436849553,0x00000000800057ae,0x0000000080018d90,0x0000000080007a7a,0x0000000000000000,0x00000000800191f0,0x0000000080018de0,0x0000000080018f50,0x000000008000f238,0x0000000000000006,0x0000000000000006,0x0000000080018df0,0x0000000080018e88,0xffffffff9bb557ae,0x0000000043f15c90,0x0000000000000000,0xffffffff9bb41780,0x000000000055dc95,0x3fedd0be6c44bf72,0x00000000800049f0,0x0000000000000000,0x4025772550fc5724,0x4129fe699930be0e,0x4152075b3032ca58,0x8000000000000000,0x0000000000000000,0x0000000000000000,0x00000000800049f0,0x000000000119cc55,0x000000000110598e,0x000000000119cc55,0x000000000110598e,0x000000000019023c,0x00000000000007db,0x0000000000005209,0x000000000000089a,0x0000000000006a79,0x000000000082db98,0x0000000000001402
1784436850118,0x0000000080005744,0x0000000080019060,0x0000000080007a7a,0x000000000000000f,0x00000000800191f0,0x00000000800190b0,0x0000000080019310,0x00000000800191f0,0x0000000000000006,0x0000000000000006,0x0000000000000002,0x0000000000000006,0x000000008000f201,0x3fe75f07f49b91ed,0x0000000000000000,0xffffffff95d6e8b8,0x000000000079080a,0x3fedd0be6c44dbf3,0x00000000800049b0,0x0000000000000000,0x414fe4d0ab67a0f9,0x4129fe6aa9446738,0x41520757a5a36e2f,0x0000000000000000,0x0000000000000000,0x0000000000000000,0x00000000800049b0,0x00000000011a7d38,0x0000000001110437,0x00000000011a7d38,0x0000000001110437,0x000000000019150c,0x00000000000007dd,0x000000000000520c,0x00000000000008a9,0x0000000000006ac8,0x0000000000833109,0x0000000000001405
1784436850863,0x00000000800057ae,0x0000000080018d90,0x0000000080007a7a,0x0000000000000000,0x00000000800191f0,0x0000000080018de0,0x0000000080018f50,0x000000008000f238,0x0000000000000006,0x0000000000000006,0x0000000000000000,0x000000000000001e,0x000000007dc3edfd,0x0000000043f1622c,0x0000000000000000,0x000000007dc12438,0x000000000055dc95,0x3fedd0be6c44dbf3,0x00000000800049e4,0x0000000000000000,0x4025772550fc588b,0x4129fe6aa9446738,0x41520757a5a36e2f,0xbf8314f4c02c1add,0x0000000000000000,0x8000000000000000,0x00000000800049e4,0x00000000011b5398,0x000000000111daa1,0x00000000011b5398,0x000000000111daa1,0x0000000000192693,0x00000000000007e6,0x000000000000520c,0x00000000000008a9,0x0000000000006af5,0x0000000000839874,0x0000000000001408
1784436851755,0x000000008000583a,0x0000000080018ed0,0x0000000080007a7a,0x000000000000000f,0x00000000800191f0,0x0000000080018f20,0x00000000800194a0,0x000000008000f238,0x0000000000000003,0x0000000000000006,0x00000000800191f0,0x0000000080019200,0x000000008000f201,0x3fe33d4c967b0a0b,0x0000000000000000,0x000000001f19271e,0x00000000004a21e0,0x3fedd0be6c44e9f4,0x00000000800049fc,0x0000000000000000,0x414fe4d23123a29c,0x4129fe66458793de,0x4152075ba8c7e282,0x0000000000000000,0x3fe1aec7af362c5b,0x0000000000000000,0x00000000800049fc,0x00000000011c28d7,0x000000000112a9c8,0x00000000011c28d7,0x000000000112a9c8,0x0000000000193c53,0x00000000000007e8,0x000000000000520f,0x00000000000008b6,0x0000000000006b49,0x000000000083ff07,0x000000000000140b
1784436852646,0x0000000080006260,0x0000000080019230,0x402a6014520dc925,0x0000000000000000,0x0000000000000000,0x0000000080019440,0x0000000080019698,0x00000000800194a0,0x000000008000f238,0x00000000800003f0,0x0000000000000000,0x0000000000000000,0x0000000043ffd7ef,0x0000000043b1291a,0x0000000000000000,0x0000000043b954ae,0x0000000000550fd9,0x3fedd0be6c44ebde,0x0000000080005c34,0x0000000000000000,0x401543f650ec4a47,0x4129fe66458793de,0x4152075ba8c7e282,0x01a56e1fc2f8f359,0x0000000000000000,0x0000000000000000,0x0000000080005c34,0x00000000011cdb21,0x0000000001135b17,0x00000000011cdb21,0x0000000001135b17,0x0000000000194b56,0x00000000000007f1,0x000000000000520f,0x00000000000008b6,0x0000000000006b8c,0x0000000000845643,0x000000000000140e
1784436853545,0x000000008000583a,0x0000000080018ed0,0x0000000080007a7a,0x000000000000000f,0x00000000800191f0,0x0000000080018f20,0x00000000800194a0,0x000000008000f238,0x0000000000000003,0x0000000000000006,0x00000000800191f0,0x0000000080019258,0x000000008000f201,0x3fe4422747560ae5,0x0000000000000000,0xffffffff8363172e,0x00000000004e02de,0x3fedd0be6c44ebde,0x0000000080004982,0x0000000000000000,0x414fe4d0aa786c22,0x4129fe62e219652c,0x4152075b92858794,0x0000000000000000,0x0000000000000000,0x0000000000000000,0x0000000080004982,0x00000000011db05d,0x0000000001142acc,0x00000000011db05d,0x0000000001142acc,0x00000000001960b2,0x00000000000007f3,0x0000000000005211,0x00000000000008c1,0x0000000000006bbd,0x000000000084bbd0,0x0000000000001411
1784436854457,0x00000000800056f8,0x0000000080019060,0x0000000080007a7a,0x000000000000000f,0x0000000080019430,0x00000000800190b0,0x0000000080019548,0x000000008000f238,0x0000000000000006,0x0000000000000006,0x0000000080019548,0x0000000080019580,0x000000008000f201,0x3fe4d9bd4b35ec63,0x0000000000000000,0xffffffffac3fe35e,0x000000000049478c,0x3fedd0be6c44e406,0x00000000800049a4,0x0000000000000000,0x414fe4d2fdd2f1aa,0x4129fe6260b78034,0x4152075bea339c0f,0x0000000000000000,0x0000000000000000,0x0000000000000000,0x00000000800049a4,0x00000000011e843f,0x000000000114fa37,0x00000000011e843f,0x000000000114fa37,0x00000000001976c0,0x00000000000007fe,0x0000000000005213,0x00000000000008cc,0x0000000000006c30,0x00000000008524f8,0x0000000000001414
1784436855260,0x000000008000519e,0x0000000080018e90,0x0000000080007a7a,0x0000000000000000,0x00000000800191f0,0x0000000080018ee0,0x0000000000000000,0x0000000050fc5b09,0x000000003fe00000,0x4025772550fc5b09,0x0000000000000002,0x0000000000000000,0x000000002f54fdf8,0x0000000043f16c24,0x0000000000000000,0x000000002f44cd78,0x000000000055dc95,0x3fedd0be6c44e406,0x0000000080005358,0x0000000000000000,0x4025772550fc5b09,0x4129fe6260b78034,0x4152075bea339c0f,0x0000000000000000,0x0000000000000000,0x0000000000000000,0x0000000080005358,0x00000000011f4d11,0x000000000115c30b,0x00000000011f4d11,0x000000000115c30b,0x00000000001986d8,0x0000000000000807,0x0000000000005213,0x00000000000008cc,0x0000000000006c5a,0x0000000000858656,0x0000000000001417
1784436856137,0x0000000080005744,0x0000000080019060,0x0000000080007a7a,0x000000000000000f,0x00000000800191f0,0x00000000800190b0,0x0000000080019310,0x00000000800191f0,0x0000000000000006,0x0000000000000006,0x0000000000000004,0x000000000000000a,0x000000008000f201,0x3fe5942b83f31f57,0x0000000000000000,0x0000000074f9cd9e,0x0000000000541dbb,0x3fedd0be6c44d495,0x00000000800049be,0x0000000000000000,0x414fe4cf45119ce0,0x4129fe696e219653,0x4152075b511eb852,0x3fe185d1eca6d032,0x0000000000000000,0x0000000000000000,0x00000000800049be,0x0000000001203248,0x000000000116a242,0x0000000001203248,0x000000000116a242,0x0000000000199e2e,0x0000000000000809,0x0000000000005216,0x00000000000008db,0x0000000000006cad,0x000000000085f40f,0x000000000000141a
1784436857069,0x00000000800057ae,0x0000000080018d90,0x0000000080007a7a,0x0000000000000000,0x00000000800191f0,0x0000000080018de0,0x0000000080018f50,0x000000008000f238,0x0000000000000006,0x0000000000000006,0x0000000080018f50,0x0000000000000030,0xffffffffe8fbff2f,0x0000000043f16d5a,0x0000000000000000,0xffffffffe8eb1e2e,0x000000000055dc95,0x3fedd0be6c44d495,0x00000000800049a2,0x0000000000000000,0x4025772550fc5b57,0x4129fe696e219653,0x4152075b511eb852,0x8000000000000000,0x0000000000000000,0x0000000000000000,0x00000000800049a2,0x0000000001210e1e,0x0000000001177df6,0x0000000001210e1e,0x0000000001177df6,0x000000000019b026,0x0000000000000812,0x0000000000005216,0x00000000000008db,0x0000000000006cd9,0x0000000000865e00,0x000000000000141d
1784436857873,0x0000000080005744,0x0000000080019060,0x0000000080007a7a,0x000000000000000f,0x00000000800191f0,0x00000000800190b0,0x0000000080019310,0x00000000800191f0,0x0000000000000006,0x0000000000000006,0x00000000800190d0,0x0000000000000002,0x000000008000f201,0x3fe54bfa0852e3b0,0x0000000000000000,0xffffffff8059151e,0x0000000000468054,0x3fedd0be6c44bf84,0x00000000800049fc,0x0000000000000000,0x414fe4ce1fdbf488,0x4129fe708d773190,0x41520759397dbf48,0x0000000000000000,0x0000000000000000,0x0000000000000000,0x00000000800049fc,0x000000000121d7e9,0x000000000118416e,0x000000000121d7e9,0x000000000118416e,0x000000000019c519,0x0000000000000814,0x0000000000005219,0x00000000000008eb,0x0000000000006d1c,0x000000000086bf11,0x0000000000001420
1784436858435,0x00000000800057ae,0x0000000080018d90,0x0000000080007a7a,0x0000000000000000,0x00000000800191f0,0x0000000080018de0,0x0000000080018f50,0x000000008000f238,0x0000000000000006,0x0000000000000006,0x0000000080018f50,0x0000000080018fc0,0xffffffff8dfd7dde,0x0000000043f16db2,0x0000000000000000,0xffffffff8ded781e,0x000000000055dc95,0x3fedd0be6c44bf84,0x00000000800049a4,0x0000000000000000,0x4025772550fc5b6d,0x4129fe708d773190,0x41520759397dbf48,0x8000000000000000,0x0000000000000000,0x0000000000000000,0x00000000800049a4,0x0000000001228af1,0x000000000118f4be,0x0000000001228af1,0x000000000118f4be,0x000000000019d3b4,0x000000000000081d,0x0000000000005219,0x00000000000008eb,0x0000000000006d4b,0x00000000008715fd,0x0000000000001423
1784436859166,0x0000000080005820,0x0000000080018ed0,0x0000000080007a7a,0x000000000000000f,0x00000000800191f0,0x0000000080018f20,0x000000008000f238,0x0000000080019310,0x0000000000000006,0x0000000000000006,0x0000000080019310,0x0000000000000058,0x000000008000f201,0x3fe25bb4e5285880,0x0000000000000000,0xffffffffe76fd0e0,0x000000000046811c,0x3fedd0be6c44a690,0x00000000800049c4,0x0000000000000000,0x414fe4d1a50b0f28,0x4129fe57a0d1b717,0x415207574c985f07,0x3fbaec350bb9de12,0x0000000000000000,0x0000000000000000,0x00000000800049c4,0x0000000001236aa4,0x000000000119ce34,0x0000000001236aa4,0x000000000119ce34,0x000000000019ea56,0x000000000000081f,0x000000000000521b,0x00000000000008f7,0x0000000000006d93,0x000000000087817b,0x0000000000001426
1784436860089,0x0000000080006260,0x0000000080019230,0x402a6014520de41d,0x0000000000000000,0x0000000000000000,0x0000000080019440,0x0000000080019698,0x00000000800194a0,0x000000008000f238,0x00000000800003f0,0x00000000800194a0,0x0000000080019500,0x00000000757ebff8,0xfffffffff0da4884,0x0000000000000000,0x000000007552bdf8,0x00000000004c09ef,0x3fedd0be6c448b37,0x0000000080005cee,0x0000000000000000,0x4033027bfc369221,0x4129fe57a0d1b717,0x415207574c985f07,0x01a56e1fc2f8f359,0x0000000000000000,0x0000000000000000,0x0000000080005cee,0x0000000001243d3a,0x00000000011a9da2,0x0000000001243d3a,0x00000000011a9da2,0x000000000019fe17,0x0000000000000828,0x000000000000521b,0x00000000000008f8,0x0000000000006de4,0x000000000087e8d7,0x0000000000001429
1784436860985,0x0000000080005850,0x0000000080018ed0,0x0000000080007a7a,0x000000000000000f,0x00000000800191f0,0x0000000080018f20,0x00000000800191f0,0x0000000080019310,0x0000000000000003,0x0000000000000006,0x00000000800191a8,0x00000000800191d0,0x000000008000f201,0x3fdaae09b08bed82,0x0000000000000000,0x0000000023e2cb38,0x00000000005a9f01,0x3fedd0be6c448b37,0x0000000080004982,0x0000000000000000,0x414fe4d33780346e,0x4129fe5674bc6a7f,0x415207569dce075f,0x0000000000000000,0x0000000000000000,0x0000000000000000,0x0000000080004982,0x0000000001250f52,0x00000000011b6c04,0x0000000001250f52,0x00000000011b6c04,0x00000000001a110e,0x000000000000082a,0x000000000000521d,0x0000000000000902,0x0000000000006e07,0x0000000000884be1,0x000000000000142c
1784436861903,0x00000000800056f8,0x0000000080019060,0x0000000080007a7a,0x000000000000000f,0x0000000080019430,0x00000000800190b0,0x0000000080019548,0x000000008000f238,0x0000000000000006,0x0000000000000006,0x0000000080019310,0x0000000080019380,0x000000008000f201,0x3fd016f310ee8b24,0x0000000000000000,0xffffffff8a2e2bf8,0x0000000000647763,0x3fedd0be6c446eb7,0x0000000080004982,0x0000000000000000,0x414fe4d12e1e4f76,0x4129fe54b0d844d0,0x4152075b6e71de6a,0x3ff0000000000000,0x4012207dfca3cb69,0x4013efc4d6ad9501,0x0000000080004982,0x000000000125dedd,0x00000000011c36d5,0x000000000125dedd,0x00000000011c36d5,0x00000000001a26c5,0x0000000000000835,0x0000000000005220,0x0000000000000911,0x0000000000006e71,0x000000000088b2d4,0x000000000000142f
1784436862812,0x00000000800058f2,0x0000000080018ed0,0x0000000080007a7a,0x0000000000000000,0x00000000800191f0,0x0000000080018f20,0x00000000800193a0,0x00000000800194a0,0x0000000000000006,0x0000000000000003,0x0000000000000001,0x0000000000000006,0x00000000137db7ff,0x0000000043f16ac6,0x0000000000000000,0x000000001355b76e,0x000000000055dc95,0x3fedd0be6c446eb7,0x000000008000496c,0x0000000000000000,0x4025772550fc5ab2,0x4129fe54b0d844d0,0x4152075b6e71de6a,0x0000000000000000,0x0000000000000000,0x0000000000000000,0x000000008000496c,0x000000000126bacd,0x00000000011d1336,0x000000000126bacd,0x00000000011d1336,0x00000000001a38b8,0x000000000000083e,0x0000000000005220,0x0000000000000911,0x0000000000006e9a,0x0000000000891d1c,0x0000000000001432
1784436863694,0x0000000080005744,0x0000000080019060,0x0000000080007a7a,0x000000000000000f,0x00000000800191f0,0x00000000800190b0,0x0000000080019310,0x00000000800191f0,0x0000000000000006,0x0000000000000006,0x0000000080019310,0x0000000080019360,0x000000008000f201,0x3fd23b253d4ee4ad,0x0000000000000000,0x00000000240bc9ee,0x0000000000555bb6,0x3fedd0be6c445218,0x00000000800049a4,0x0000000000000000,0x414fe4d6649eecc0,0x4129fe5fe1ff2e49,0x4152075cfebd3c36,0x0000000000000000,0x0000000000000000,0x0000000000000000,0x00000000800049a4,0x0000000001278b17,0x00000000011ddda0,0x0000000001278b17,0x00000000011ddda0,0x00000000001a4e11,0x0000000000000840,0x0000000000005223,0x000000000000091e,0x0000000000006eee,0x000000000089816d,0x0000000000001435
1784436864618,0x00000000800057ae,0x0000000080018d90,0x0000000080007a7a,0x0000000000000000,0x00000000800191f0,0x0000000080018de0,0x0000000080018f50,0x000000008000f238,0x0000000000000006,0x0000000000000006,0x0000000080018df0,0x0000000080018e78,0xffffffffe073ff7a,0x0000000043f168ec,0x0000000000000000,0xffffffffe053b338,0x000000000055dc95,0x3fedd0be6c445218,0x0000000080004982,0x0000000000000000,0x4025772550fc5a3b,0x4129fe5fe1ff2e49,0x4152075cfebd3c36,0x8000000000000000,0x0000000000000000,0x0000000000000000,0x0000000080004982,0x00000000012866b1,0x00000000011eb910,0x00000000012866b1,0x00000000011eb910,0x00000000001a6002,0x0000000000000849,0x0000000000005223,0x000000000000091e,0x0000000000006f18,0x000000000089eb3b,0x0000000000001438
1784436865528,0x0000000080005820,0x0000000080018ed0,0x0000000080007a7a,0x000000000000000f,0x00000000800191f0,0x0000000080018f20,0x000000008000f238,0x0000000080019310,0x0000000000000006,0x0000000000000006,0x0000000000000001,0x0000000000000009,0x000000008000f201,0x3fd7a65b70ea3fe8,0x0000000000000000,0xfffffffffb18befe,0x00000000006a7b64,0x3fedd0be6c443628,0x00000000800049ba,0x0000000000000000,0x414fe4d3610cb296,0x4129fe65f14e3bcd,0x4152075bf9e00d1b,0x0000000000000000,0x0000000000000000,0x0000000000000000,0x00000000800049ba,0x00000000012938b2,0x00000000011f8552,0x00000000012938b2,0x00000000011f8552,0x00000000001a7582,0x000000000000084b,0x0000000000005225,0x000000000000092b,0x0000000000006f65,0x00000000008a509e,0x000000000000143b
1784436866225,0x00000000800057ae,0x0000000080018d90,0x0000000080007a7a,0x0000000000000000,0x00000000800191f0,0x0000000080018de0,0x0000000080018f50,0x000000008000f238,0x0000000000000006,0x0000000000000006,0x0000000080018f50,0x00000000000000f8,0x0000000021fdf6f9,0x0000000043f166d4,0x0000000000000000,0x0000000021c53038,0x000000000055dc95,0x3fedd0be6c443628,0x00000000800049a2,0x0000000000000000,0x4025772550fc59b5,0x4129fe65f14e3bcd,0x4152075bf9e00d1b,0x8000000000000000,0x0000000000000000,0x0000000000000000,0x00000000800049a2,0x000000000129f215,0x0000000001203eb6,0x000000000129f215,0x0000000001203eb6,0x00000000001a84c1,0x0000000000000854,0x0000000000005225,0x000000000000092b,0x0000000000006f87,0x00000000008aaa52,0x000000000000143e
1784436866775,0x0000000080005820,0x0000000080018ed0,0x0000000080007a7a,0x000000000000000f,0x00000000800191f0,0x0000000080018f20,0x000000008000f238,0x0000000080019310,0x0000000000000006,0x0000000000000006,0x0000000080019310,0x0000000080019330,0x000000008000f201,0x3fd9b3ff20bd7e6a,0x0000000000000000,0x000000007750d538,0x00000000005fa33f,0x3fedd0be6c441b86,0x00000000800049c8,0x0000000000000000,0x414fe4d5dc67381d,0x4129fe626425aee6,0x4152075d52b020c5,0x3fbaec350bb9de12,0x0000000000000000,0x0000000000000000,0x00000000800049c8,0x00000000012aae18,0x000000000120f55d,0x00000000012aae18,0x000000000120f55d,0x00000000001a987d,0x0000000000000856,0x0000000000005227,0x0000000000000937,0x0000000000006fcb,0x00000000008b0589,0x0000000000001441
1784436867574,0x0000000080006260,0x0000000080019230,0x402a6014520dc0e3,0x0000000000000000,0x0000000000000000,0x0000000080019440,0x0000000080019698,0x00000000800194a0,0x000000008000f238,0x00000000800003f0,0x0000000000000005,0x0000000000000002,0x000000005f3ffdef,0xffffffffde3af2ca,0x0000000000000000,0x000000005f1abc4e,0x00000000004e9206,0x3fedd0be6c44029f,0x0000000080005c9e,0x0000000000000000,0x4023a481b78ebcb3,0x4129fe626425aee6,0x4152075d52b020c5,0x01a56e1fc2f8f359,0x0000000000000000,0x0000000000000000,0x0000000080005c9e,0x00000000012b9254,0x000000000121d620,0x00000000012b9254,0x000000000121d620,0x00000000001aae79,0x000000000000085f,0x0000000000005227,0x0000000000000938,0x000000000000700e,0x00000000008b75e0,0x0000000000001444
1784436868461,0x000000008000589c,0x0000000080018ed0,0x0000000080007a7a,0x0000000000000000,0x00000000800191f0,0x0000000080018f20,0x0000000080019280,0x0000000080019118,0x0000000000000006,0x0000000000000003,0x0000000000000000,0x0000000000000006,0x000000001f7fffff,0x0000000043f16244,0x0000000000000000,0x000000001f1feef8,0x000000000055dc95,0x3fedd0be6c44029f,0x00000000800049ba,0x0000000000000000,0x4025772550fc5891,0x4129fe562db8bac7,0x4152075d6692a305,0x0000000000000000,0x0000000000000000,0x0000000000000000,0x00000000800049ba,0x00000000012c7e49,0x000000000122c118,0x00000000012c7e49,0x000000000122c118,0x00000000001ac2c3,0x000000000000086a,0x000000000000522a,0x0000000000000946,0x0000000000007055,0x00000000008be841,0x0000000000001447
1784436869218,0x0000000080005744,0x0000000080019060,0x0000000080007a7a,0x000000000000000f,0x00000000800191f0,0x00000000800190b0,0x0000000080019310,0x00000000800191f0,0x0000000000000006,0x0000000000000006,0x0000000000000001,0x0000000000000006,0x000000008000f201,0x3fe13e948c22c5fe,0x0000000000000000,0xffffffff956da99e,0x0000000000602938,0x3fedd0be6c43ebc1,0x0000000080004976,0x0000000000000000,0x414fe4d287318fc5,0x4129fe69071de69b,0x4152075e7cf5c28f,0x0000000000000000,0x3fb85cd8e2c41b82,0x3fb85cd8e2c41b82,0x0000000080004976,0x00000000012d5e36,0x0000000001239af2,0x00000000012d5e36,0x0000000001239af2,0x00000000001ad9c2,0x000000000000086c,0x000000000000522d,0x0000000000000956,0x00000000000070ae,0x00000000008c536b,0x000000000000144a
1784436870113,0x00000000800057ae,0x0000000080018d90,0x0000000080007a7a,0x0000000000000000,0x00000000800191f0,0x0000000080018de0,0x0000000080018f50,0x000000008000f238,0x0000000000000006,0x0000000000000006,0x0000000000000002,0x0000000000000006,0xffffffffb57dbfef,0x0000000043f15ff6,0x0000000000000000,0xffffffffb56dbfce,0x000000000055dc95,0x3fedd0be6c43ebc1,0x00000000800049ba,0x0000000000000000,0x4025772550fc57fe,0x4129fe69071de69b,0x4152075e7cf5c28f,0x3ff0000000000000,0x0000000000000000,0x0000000000000000,0x00000000800049ba,0x00000000012e2fdd,0x0000000001246d1c,0x00000000012e2fdd,0x0000000001246d1c,0x00000000001aeae9,0x0000000000000875,0x000000000000522d,0x0000000000000956,0x00000000000070d5,0x00000000008cb8e7,0x000000000000144d
1784436870996,0x0000000080005806,0x0000000080018ee0,0x0000000080007a7a,0x000000000000000f,0x00000000800191f0,0x0000000080018f20,0x00000000800194a0,0x0000000080019310,0x0000000000000003,0x0000000080019310,0x0000000000000001,0x0000000000000006,0x000000008000f201,0x3fe421469ffc6520,0x0000000000000000,0x00000000621cdbe0,0x000000000061bc09,0x3fedd0be6c43d719,0x0000000080004b54,0x0000000000000000,0x414fe4d668c154ca,0x4129fe4f781d7dbf,0x4152075b8f1758e2,0x3fc17a1e17d095f0,0x3fc17a1e17d095f0,0x0000000000000000,0x0000000080004b54,0x00000000012f06d4,0x0000000001253daf,0x00000000012f06d4,0x0000000001253daf,0x00000000001b00e5,0x0000000000000877,0x000000000000522f,0x0000000000000963,0x000000000000711c,0x00000000008d200c,0x0000000000001450
1784436871877,0x0000000080006260,0x0000000080019230,0x402a6014520da520,0x0000000000000000,0x0000000000000000,0x0000000080019440,0x0000000080019698,0x00000000800194a0,0x000000008000f238,0x00000000800003f0,0x000000008000f238,0x000000008000f268,0x000000005bdb7fef,0xffffffff945993fa,0x0000000000000000,0x000000005b5177ee,0x00000000004c4630,0x3fedd0be6c43c4b4,0x0000000080005c06,0x0000000000000000,0x4023118c251664ff,0x4129fe4f781d7dbf,0x4152075b8f1758e2,0x01a56e1fc2f8f359,0x4012207dfca3cb69,0x0000000000000000,0x0000000080005c06,0x00000000012fd568,0x0000000001260bbe,0x00000000012fd568,0x0000000001260bbe,0x00000000001b11ab,0x0000000000000880,0x000000000000522f,0x0000000000000963,0x0000000000007163,0x00000000008d8474,0x0000000000001453
1784436872799,0x000000008000583a,0x0000000080018ed0,0x0000000080007a7a,0x000000000000000f,0x00000000800191f0,0x0000000080018f20,0x00000000800194a0,0x000000008000f238,0x0000000000000003,0x0000000000000006,0x00000000800194a0,0x00000000800194e8,0x000000008000f201,0x3fe2f43c06a3fa1b,0x0000000000000000,0xfffffffff538d3f8,0x0000000000739e74,0x3fedd0be6c43c4b4,0x00000000800049a4,0x0000000000000000,0x414fe4d17c9eecc0,0x4129fe5972474539,0x4152075e21eb851f,0x3ff0000000000000,0x0000000000000000,0x0000000000000000,0x00000000800049a4,0x000000000130a4ca,0x000000000126d543,0x000000000130a4ca,0x000000000126d543,0x00000000001b270c,0x0000000000000882,0x0000000000005231,0x000000000000096e,0x0000000000007192,0x00000000008de77e,0x0000000000001456
1784436873679,0x00000000800056f8,0x0000000080019060,0x0000000080007a7a,0x000000000000000f,0x0000000080019430,0x00000000800190b0,0x0000000080019548,0x000000008000f238,0x0000000000000006,0x0000000000000006,0x0000000080019310,0x0000000080019330,0x000000008000f201,0x3fe4d369db09db50,0x0000000000000000,0x000000003000f800,0x0000000000600af2,0x3fedd0be6c43b492,0x0000000080004982,0x0000000000000000,0x414fe4d29a617c1c,0x4129fe6317247454,0x415207593c5f06f7,0x3ff0000000000000,0x0000000000000000,0x0000000000000000,0x0000000080004982,0x0000000001317dce,0x000000000127a9b0,0x0000000001317dce,0x000000000127a9b0,0x00000000001b3d8a,0x000000000000088d,0x0000000000005234,0x000000000000097d,0x00000000000071fc,0x00000000008e52ed,0x0000000000001459
1784436874563,0x00000000800058f2,0x0000000080018ed0,0x0000000080007a7a,0x0000000000000000,0x00000000800191f0,0x0000000080018f20,0x00000000800193a0,0x00000000800194a0,0x0000000000000006,0x0000000000000003,0x0000000080018f50,0x0000000000000003,0x000000006fff47fa,0x0000000043f15990,0x0000000000000000,0x000000006fc54780,0x000000000055dc95,0x3fedd0be6c43b492,0x00000000800049fc,0x0000000000000000,0x4025772550fc5664,0x4129fe6317247454,0x415207593c5f06f7,0x0000000000000000,0x0000000000000000,0x0000000000000000,0x00000000800049fc,0x0000000001326ba6,0x00000000012897b5,0x0000000001326ba6,0x00000000012897b5,0x00000000001b50f5,0x0000000000000896,0x0000000000005234,0x000000000000097d,0x0000000000007225,0x00000000008ec57c,0x000000000000145c
1784436875440,0x00000000800056f8,0x0000000080019060,0x0000000080007a7a,0x000000000000000f,0x0000000080019430,0x00000000800190b0,0x0000000080019548,0x000000008000f238,0x0000000000000006,0x0000000000000006,0x0000000080019310,0x0000000080019428,0x000000008000f201,0x3fe06ab9135be2ad,0x0000000000000000,0x00000000232e1f38,0x00000000006a4665,0x3fedd0be6c43a69f,0x00000000800049f0,0x0000000000000000,0x414fe4d08f837b4a,0x4129fe60c2339c0f,0x4152075c55ba5e35,0x0000000000000000,0x0000000000000000,0x0000000000000000,0x00000000800049f0,0x0000000001332422,0x00000000012949c9,0x0000000001332422,0x00000000012949c9,0x00000000001b6482,0x0000000000000898,0x0000000000005237,0x000000000000098a,0x0000000000007271,0x00000000008f1e68,0x000000000000145f
1784436876128,0x00000000800058b0,0x0000000080018ee0,0x0000000080007a7a,0x0000000000000000,0x00000000800191f0,0x0000000080019440,0x0000000080019488,0x0000000080019530,0x0000000080019100,0x0000000000000003,0x0000000000000006,0x0000000080019100,0x000000003cb76f5e,0x0000000043f157b6,0x0000000000000000,0x000000003ca3654e,0x000000000055dc95,0x3fedd0be6c43a69f,0x0000000080005540,0x0000000000000000,0x4025772550fc55ee,0x4129fe60c2339c0f,0x4152075c55ba5e35,0x3ff12c1dda6391ca,0x0000000000000000,0x3f8314f4c02b444d,0x0000000080005540,0x000000000133d2e1,0x000000000129f91a,0x000000000133d2e1,0x000000000129f91a,0x00000000001b725a,0x00000000000008a1,0x0000000000005237,0x000000000000098a,0x000000000000729c,0x00000000008f73bc,0x0000000000001462
1784436876670,0x00000000800056f8,0x0000000080019060,0x0000000080007a7a,0x000000000000000f,0x0000000080019430,0x00000000800190b0,0x0000000080019548,0x000000008000f238,0x0000000000000006,0x0000000000000006,0x0000000000000004,0x0000000000000012,0x000000008000f201,0x3fe021e46f336cdf,0x0000000000000000,0x000000000d915bce,0x00000000005ef0e4,0x3fedd0be6c439abc,0x0000000080004976,0x0000000000000000,0x414fe4d18f5c28f6,0x4129fe5ff3404ea5,0x4152075cec75f6fd,0x3ff0000000000000,0x0000000000000000,0x0000000000000000,0x0000000080004976,0x00000000013486b1,0x00000000012aa65b,0x00000000013486b1,0x00000000012aa65b,0x00000000001b85e2,0x00000000000008a3,0x0000000000005239,0x0000000000000995,0x00000000000072e9,0x00000000008fca10,0x0000000000001465
1784436877448,0x00000000800058f2,0x0000000080018ed0,0x0000000080007a7a,0x0000000000000000,0x00000000800191f0,0x0000000080018f20,0x00000000800193a0,0x00000000800194a0,0x0000000000000006,0x0000000000000003,0x0000000080018f50,0x0000000080018fe0,0xffffffffe3fdfbfe,0x0000000043f15606,0x0000000000000000,0xffffffffe3e5fbee,0x000000000055dc95,0x3fedd0be6c439abc,0x00000000800049f2,0x0000000000000000,0x4025772550fc5582,0x4129fe5ff3404ea5,0x4152075cec75f6fd,0x0000000000000000,0x0000000000000000,0x0000000000000000,0x00000000800049f2,0x0000000001355ce1,0x00000000012b7cf2,0x0000000001355ce1,0x00000000012b7cf2,0x00000000001b9759,0x00000000000008ac,0x0000000000005239,0x0000000000000995,0x000000000000731c,0x0000000000903193,0x0000000000001468
1784436878347,0x0000000080005744,0x0000000080019060,0x0000000080007a7a,0x000000000000000f,0x00000000800191f0,0x00000000800190b0,0x0000000080019310,0x00000000800191f0,0x0000000000000006,0x0000000000000006,0x0000000000000005,0x0000000000000005,0x000000008000f201,0x3fe06ff40663db32,0x0000000000000000,0x000000002d9aa038,0x00000000006423b6,0x3fedd0be6c4390be,0x00000000800049bc,0x0000000000000000,0x414fe4d091b3d07d,0x4129fe714c8b4396,0x4152075c19a5119d,0x3fdcf46da09c9983,0x0000000000000000,0x0000000000000000,0x00000000800049bc,0x0000000001362758,0x00000000012c4163,0x0000000001362758,0x00000000012c4163,0x00000000001bac37,0x00000000000008ae,0x000000000000523b,0x00000000000009a0,0x0000000000007374,0x00000000009092f6,0x000000000000146b
1784436879185,0x00000000800057ae,0x0000000080018d90,0x0000000080007a7a,0x0000000000000000,0x00000000800191f0,0x0000000080018de0,0x0000000080018f50,0x000000008000f238,0x0000000000000006,0x0000000000000006,0x0000000000000002,0x0000000000000006,0x0000000055d8cdfd,0x0000000043f15484,0x0000000000000000,0x0000000055c88df8,0x000000000055dc95,0x3fedd0be6c4390be,0x00000000800049d6,0x0000000000000000,0x4025772550fc5521,0x4129fe714c8b4396,0x4152075c19a5119d,0x8000000000000000,0x0000000000000000,0x8000000000000000,0x00000000800049d6,0x000000000136fcab,0x00000000012d1676,0x000000000136fcab,0x00000000012d1676,0x00000000001bbda2,0x00000000000008b7,0x000000000000523b,0x00000000000009a0,0x00000000000073aa,0x000000000090f9bb,0x000000000000146e
1784436880107,0x0000000080005820,0x0000000080018ed0,0x0000000080007a7a,0x000000000000000f,0x00000000800191f0,0x0000000080018f20,0x000000008000f238,0x0000000080019310,0x0000000000000006,0x0000000000000006,0x0000000000000002,0x000000000000000c,0x000000008000f201,0x3fdf222e3deedd1f,0x0000000000000000,0xffffffff8db6e6e0,0x000000000063c4be,0x3fedd0be6c43887b,0x0000000080004998,0x0000000000000000,0x414fe4d4f14e3bcd,0x4129fe666be0ded3,0x4152076055d7dbf5,0x0000000000000000,0x0000000000000000,0x0000000000000000,0x0000000080004998,0x000000000137d729,0x00000000012deacb,0x000000000137d729,0x00000000012deacb,0x00000000001bd3d9,0x00000000000008b9,0x000000000000523e,0x00000000000009af,0x00000000000073fa,0x00000000009162d4,0x0000000000001471
1784436880925,0x0000000080006260,0x0000000080019230,0x402a6014520d7a7e,0x0000000000000000,0x0000000000000000,0x0000000080019440,0x0000000080019698,0x00000000800194a0,0x000000008000f238,0x00000000800003f0,0x0000000000000001,0x000000000000000d,0x00000000107f75fe,0xfffffffface03782,0x0000000000000000,0x00000000103b70fe,0x000000000077f727,0x3fedd0be6c4381c2,0x0000000080005bf2,0x0000000000000000,0x402dfdc9eb380de1,0x4129fe666be0ded3,0x4152076055d7dbf5,0x01a56e1fc2f8f359,0x0000000000000000,0x0000000000000000,0x0000000080005bf2,0x000000000138a973,0x00000000012ebb08,0x000000000138a973,0x00000000012ebb08,0x00000000001be6b0,0x00000000000008c2,0x000000000000523e,0x00000000000009af,0x0000000000007444,0x000000000091c9c6,0x0000000000001474
1784436881795,0x0000000080004ede,0x0000000080018de0,0x0000000080007a7a,0x0000000000000000,0x00000000800191f0,0x0000000080018e40,0x0000000000000001,0x000000001b03b771,0x000000003fe00000,0x40161a799b03b771,0x0000000000000000,0x0000000000000001,0xffffffffcfbb17fa,0x000000006c0eddc4,0x0000000000000000,0xffffffffcf3a00f8,0x00000000005869e6,0x3fedd0be6c4381c2,0x0000000080004ee6,0x0000000000000000,0x40161a799b03b771,0x4129fe5655f6fd22,0x4152075f31d97f63,0x01a56e1fc2f8f359,0x3ff0000000000000,0x0000000000000000,0x0000000080004ee6,0x0000000001398fac,0x00000000012f9d58,0x0000000001398fac,0x00000000012f9d58,0x00000000001bfbf7,0x00000000000008c4,0x0000000000005241,0x00000000000009bd,0x0000000000007476,0x00000000009237f6,0x0000000000001477
1784436882686,0x00000000800056f8,0x0000000080019060,0x0000000080007a7a,0x000000000000000f,0x0000000080019430,0x00000000800190b0,0x0000000080019548,0x000000008000f238,0x0000000000000006,0x0000000000000006,0x0000000000000001,0x0000000000000006,0x000000008000f201,0x3fe5c693198cf610,0x0000000000000000,0xffffffff842a2e00,0x00000000006b266c,0x3fedd0be6c437c65,0x0000000080004a26,0x0000000000000000,0x414fe4d43f765fd9,0x4129fe489844d014,0x41520757ce1ff2e5,0x3ff0000000000000,0x0000000000000000,0x0000000000000000,0x0000000080004a26,0x00000000013a62b1,0x0000000001306ae6,0x00000000013a62b1,0x0000000001306ae6,0x00000000001c1236,0x00000000000008cf,0x0000000000005241,0x00000000000009be,0x00000000000074d2,0x0000000000929f35,0x000000000000147a
1784436883603,0x00000000800058f2,0x0000000080018ed0,0x0000000080007a7a,0x0000000000000000,0x00000000800191f0,0x0000000080018f20,0x00000000800193a0,0x00000000800194a0,0x0000000000000006,0x0000000000000003,0x0000000000000001,0x000000000000000d,0xffffffffba977bfe,0x0000000043f150fe,0x0000000000000000,0xffffffffba1221fe,0x000000000055dc95,0x3fedd0be6c437c65,0x000000008000499a,0x0000000000000000,0x4025772550fc5440,0x4129fe489844d014,0x41520757ce1ff2e5,0x0000000000000000,0x0000000000000000,0x0000000000000000,0x000000008000499a,0x00000000013b3d1b,0x000000000131457d,0x00000000013b3d1b,0x000000000131457d,0x00000000001c23fb,0x00000000000008d8,0x0000000000005241,0x00000000000009be,0x0000000000007505,0x000000000093089c,0x000000000000147d
1784436884222,0x0000000080005744,0x0000000080019060,0x0000000080007a7a,0x000000000000000f,0x00000000800191f0,0x00000000800190b0,0x0000000080019310,0x00000000800191f0,0x0000000000000006,0x0000000000000006,0x0000000080019310,0x0000000080019310,0x000000008000f201,0x3fdd18299b6aabae,0x0000000000000000,0xffffffff93eafcae,0x000000000040d5e2,0x3fedd0be6c437834,0x00000000800049a6,0x0000000000000000,0x414fe4d264faacda,0x4129fe5bc5a1cac1,0x4152075dc7e76c8b,0x4013efc4d6ad9501,0x0000000000000000,0x0000000000000000,0x00000000800049a6,0x00000000013bf290,0x000000000131f4d4,0x00000000013bf290,0x000000000131f4d4,0x00000000001c3724,0x00000000000008da,0x0000000000005242,0x00000000000009c3,0x000000000000755c,0x0000000000936018,0x0000000000001480
1784436884803,0x00000000800058f2,0x0000000080018ed0,0x0000000080007a7a,0x0000000000000000,0x00000000800191f0,0x0000000080018f20,0x00000000800193a0,0x00000000800194a0,0x0000000000000006,0x0000000000000003,0x0000000080018f50,0x0000000000000002,0x000000001d735fbf,0x0000000043f15022,0x0000000000000000,0x000000001d735dbe,0x000000000055dc95,0x3fedd0be6c437834,0x00000000800049f6,0x0000000000000000,0x4025772550fc5409,0x4129fe5bc5a1cac1,0x4152075dc7e76c8b,0x0000000000000000,0x0000000000000000,0x0000000000000000,0x00000000800049f6,0x00000000013ca783,0x000000000132a991,0x00000000013ca783,0x000000000132a991,0x00000000001c460c,0x00000000000008e3,0x0000000000005242,0x00000000000009c3,0x000000000000757a,0x000000000093b7b1,0x0000000000001483
1784436885679,0x0000000080005744,0x0000000080019060,0x0000000080007a7a,0x000000000000000f,0x00000000800191f0,0x00000000800190b0,0x0000000080019310,0x00000000800191f0,0x0000000000000006,0x0000000000000006,0x0000000000000004,0x0000000000000006,0x000000008000f201,0x3fde86bb375d41a1,0x0000000000000000,0xffffffffd06b09de,0x00000000006ed0de,0x3fedd0be6c437505,0x00000000800049d6,0x0000000000000000,0x414fe4d4e5f06f69,0x4129fe55bc1bda51,0x4152076526219653,0x0000000000000000,0x0000000000000000,0x0000000000000000,0x00000000800049d6,0x00000000013d8c99,0x00000000013388a3,0x00000000013d8c99,0x00000000013388a3,0x00000000001c5d1a,0x00000000000008e5,0x0000000000005243,0x00000000000009c8,0x00000000000075c8,0x00000000009425c8,0x0000000000001486
1784436886550,0x00000000800057ae,0x0000000080018d90,0x0000000080007a7a,0x0000000000000000,0x00000000800191f0,0x0000000080018de0,0x0000000080018f50,0x000000008000f238,0x0000000000000006,0x0000000000000006,0x0000000080018df0,0x0000000000000004,0xfffffffff2f7b5cf,0x0000000043f14f6a,0x0000000000000000,0xfffffffff2e4b40e,0x000000000055dc95,0x3fedd0be6c437505,0x0000000080004988,0x0000000000000000,0x4025772550fc53db,0x4129fe55bc1bda51,0x4152076526219653,0x8000000000000000,0x0000000000000000,0x0000000000000000,0x0000000080004988,0x00000000013e6380,0x0000000001345fef,0x00000000013e6380,0x0000000001345fef,0x00000000001c6eb6,0x00000000000008ee,0x0000000000005243,0x00000000000009c8,0x00000000000075e9,0x0000000000948da6,0x0000000000001489
1784436887426,0x0000000080005820,0x0000000080018ed0,0x0000000080007a7a,0x000000000000000f,0x00000000800191f0,0x0000000080018f20,0x000000008000f238,0x0000000080019310,0x0000000000000006,0x0000000000000006,0x000000008000f238,0x000000008000f348,0x000000008000f201,0x3fe8879e3ec20555,0x0000000000000000,0x0000000010b83f3e,0x000000000042963c,0x3fedd0be6c4372ac,0x00000000800049a6,0x0000000000000000,0x414fe4d63d14e3bd,0x4129fe6bddcc63f1,0x4152075f735f6fd2,0x3ff12c1dda637633,0x0000000000000000,0x0000000000000000,0x00000000800049a6,0x00000000013f3732,0x0000000001352d80,0x00000000013f3732,0x0000000001352d80,0x00000000001c8456,0x00000000000008f0,0x0000000000005244,0x00000000000009cd,0x0000000000007640,0x000000000094f38b,0x000000000000148c
1784436888245,0x0000000080006260,0x0000000080019230,0x402a6014520d68d9,0x0000000000000000,0x0000000000000000,0x0000000080019440,0x0000000080019698,0x00000000800194a0,0x000000008000f238,0x00000000800003f0,0x0000000000000003,0x0000000000000002,0x000000006efb73ce,0x000000001f3a0e76,0x0000000000000000,0x000000006edb70ce,0x00000000005cdaaf,0x3fedd0be6c437103,0x0000000080005e66,0x0000000000000000,0x402736abc7ce839e,0x4129fe6bddcc63f1,0x4152075f735f6fd2,0x0000000000000000,0x40f819991ea945da,0x40f819991ea945da,0x0000000080005e66,0x0000000001400885,0x000000000135fb68,0x0000000001400885,0x000000000135fb68,0x00000000001c993e,0x00000000000008f9,0x0000000000005244,0x00000000000009ce,0x0000000000007679,0x0000000000955b23,0x000000000000148f
1784436889132,0x0000000080005866,0x0000000080018ee0,0x0000000080007a7a,0x000000000000000f,0x00000000800191f0,0x0000000080018f20,0x00000000800191a8,0x00000000800003f0,0x0000000080019160,0x0000000000000003,0x0000000000000000,0x0000000000000003,0x000000008000f201,0x3fe98cc72e165128,0x0000000000000000,0xffffffffd62c0d3e,0x000000000040d58d,0x3fedd0be6c437103,0x0000000080004c48,0x0000000000000000,0x414fe4cf02acd9e8,0x4129fe611013a92a,0x4152075d957c1bda,0x3ff12c1dda63755f,0x401623e8e4790c0a,0x4039000000000000,0x0000000080004c48,0x000000000140d77e,0x000000000136c7f4,0x000000000140d77e,0x000000000136c7f4,0x00000000001caabe,0x00000000000008fb,0x0000000000005244,0x00000000000009ce,0x00000000000076a7,0x000000000095bc6b,0x0000000000001492
1784436890054,0x0000000080005744,0x0000000080019060,0x0000000080007a7a,0x000000000000000f,0x00000000800191f0,0x00000000800190b0,0x0000000080019310,0x00000000800191f0,0x0000000000000006,0x0000000000000006,0x00000000800191f0,0x0000000080019258,0x000000008000f201,0x3fe7f89e1c018ee3,0x0000000000000000,0x00000000130bae5e,0x0000000000661374,0x3fedd0be6c436fe9,0x00000000800049c6,0x0000000000000000,0x414fe4d55dc28f5c,0x4129fe5d4c8b4396,0x41520760c37ced91,0x0000000000000000,0x3fe185d1eca6d032,0x3fe185d1eca6d032,0x00000000800049c6,0x000000000141c8de,0x000000000137b593,0x000000000141c8de,0x000000000137b593,0x00000000001cc31d,0x0000000000000906,0x0000000000005245,0x00000000000009d3,0x0000000000007717,0x00000000009633be,0x0000000000001495
1784436890954,0x00000000800057ae,0x0000000080018d90,0x0000000080007a7a,0x0000000000000000,0x00000000800191f0,0x0000000080018de0,0x0000000080018f50,0x000000008000f238,0x0000000000000006,0x0000000000000006,0x0000000080018f50,0x0000000080018f60,0xffffffffcd1f7b5e,0x0000000043f14dee,0x0000000000000000,0xffffffffcd157b5e,0x000000000055dc95,0x3fedd0be6c436fe9,0x00000000800049a4,0x0000000000000000,0x4025772550fc537c,0x4129fe5d4c8b4396,0x41520760c37ced91,0x8000000000000000,0x0000000000000000,0x0000000000000000,0x00000000800049a4,0x0000000001429e53,0x0000000001388b75,0x0000000001429e53,0x0000000001388b75,0x00000000001cd499,0x000000000000090f,0x0000000000005245,0x00000000000009d3,0x0000000000007735,0x0000000000969af4,0x0000000000001498
1784436891679,0x0000000080005744,0x0000000080019060,0x0000000080007a7a,0x000000000000000f,0x00000000800191f0,0x00000000800190b0,0x0000000080019310,0x00000000800191f0,0x0000000000000006,0x0000000000000006,0x0000000000000002,0x0000000000000006,0x000000008000f201,0x3fea2b5f8325d204,0x0000000000000000,0xffffffff872b50de,0x0000000000408443,0x3fedd0be6c436f41,0x00000000800049b0,0x0000000000000000,0x414fe4d23e1e4f76,0x4129fe5a8acd9e84,0x4152075f4ab851ec,0x4013efc4d6ad9501,0x0000000000000000,0x0000000000000000,0x00000000800049b0,0x000000000143572b,0x0000000001393e1c,0x000000000143572b,0x0000000001393e1c,0x00000000001ce820,0x0000000000000911,0x0000000000005246,0x00000000000009d8,0x0000000000007785,0x000000000096f419,0x000000000000149b
1784436892245,0x00000000800058f2,0x0000000080018ed0,0x0000000080007a7a,0x0000000000000000,0x00000000800191f0,0x0000000080018f20,0x00000000800193a0,0x00000000800194a0,0x0000000000000006,0x0000000000000003,0x0000000000000004,0x0000000000000006,0xffffffff90ebef7a,0x0000000043f14d9c,0x0000000000000000,0xffffffff90606478,0x000000000055dc95,0x3fedd0be6c436f41,0x0000000080004940,0x0000000000000000,0x4025772550fc5367,0x4129fe5a8acd9e84,0x4152075f4ab851ec,0x3fc0e154af64bae1,0x0000000000000000,0x0000000000000000,0x0000000080004940,0x000000000143ff6c,0x000000000139e697,0x000000000143ff6c,0x000000000139e697,0x00000000001cf5fd,0x000000000000091a,0x0000000000005246,0x00000000000009d8,0x00000000000077a8,0x00000000009745f0,0x000000000000149e
1784436893022,0x0000000080005744,0x0000000080019060,0x0000000080007a7a,0x000000000000000f,0x00000000800191f0,0x00000000800190b0,0x0000000080019310,0x00000000800191f0,0x0000000000000006,0x0000000000000006,0x00000000800190d0,0x0000000080019188,0x000000008000f201,0x3fea14278f3d1fec,0x0000000000000000,0xffffffff85e3f2b8,0x0000000000755efc,0x3fedd0be6c436ef0,0x00000000800049f2,0x0000000000000000,0x414fe4d2b086594b,0x4129fe5954467382,0x41520760f6353f7d,0x3fdcf46da09c9983,0x0000000000000000,0x0000000000000000,0x00000000800049f2,0x000000000144d691,0x00000000013ab7aa,0x000000000144d691,0x00000000013ab7aa,0x00000000001d0bed,0x000000000000091c,0x0000000000005247,0x00000000000009df,0x00000000000077f0,0x000000000097ad78,0x00000000000014a1
1784436893927,0x00000000800057ae,0x0000000080018d90,0x0000000080007a7a,0x0000000000000000,0x00000000800191f0,0x0000000080018de0,0x0000000080018f50,0x000000008000f238,0x0000000000000006,0x0000000000000006,0x0000000000000001,0x0000000000000006,0x0000000004d73fff,0x0000000043f14d5e,0x0000000000000000,0x0000000004d128be,0x000000000055dc95,0x3fedd0be6c436ef0,0x00000000800049b0,0x0000000000000000,0x4025772550fc5358,0x4129fe5954467382,0x41520760f6353f7d,0x8000000000000000,0x0000000000000000,0x0000000000000000,0x00000000800049b0,0x000000000145ac2c,0x00000000013b8d50,0x000000000145ac2c,0x00000000013b8d50,0x00000000001d1d60,0x0000000000000925,0x0000000000005247,0x00000000000009df,0x0000000000007815,0x000000000098148e,0x00000000000014a4
1784436894797,0x0000000080005820,0x0000000080018ed0,0x0000000080007a7a,0x000000000000000f,0x00000000800191f0,0x0000000080018f20,0x000000008000f238,0x0000000080019310,0x0000000000000006,0x0000000000000006,0x0000000000000000,0x000000000000001e,0x000000008000f201,0x3febbf9f8cdd3482,0x0000000000000000,0xffffffffabe63cee,0x0000000000794180,0x3fedd0be6c436ee2,0x000000008000499a,0x0000000000000000,0x414fe4d9713404ea,0x4129fe5b6dc5d639,0x41520761a6425aee,0x3fc2c1cc2c4b584d,0x0000000000000000,0x0000000000000000,0x000000008000499a,0x000000000146821c,0x00000000013c5d3f,0x000000000146821c,0x00000000013c5d3f,0x00000000001d3330,0x0000000000000927,0x0000000000005247,0x00000000000009e0,0x0000000000007861,0x0000000000987b92,0x00000000000014a7
1784436895692,0x0000000080009fc2,0x0000000080019420,0x402a6014520d6245,0xffffffff80000000,0x0000000000000000,0x0000000080019700,0x00000000004af7f4,0x0000000000000000,0x00000000007ddca1,0x0000000000000006,0x0000000000257bfa,0x000000003a800000,0x0000000000000001,0x0000000000000000,0x0000000000000020,0xffffffffcfa0041e,0x00000000006eb068,0x3fedd0be6c436f02,0x000000008000a0ea,0x40b5f44a3479d275,0x40b5f44a3479d275,0x4129fe5b6dc5d639,0x41520761a6425aee,0x402049fbe7680000,0x40b5b1f4fcd61c3b,0x40b5f44a3479d275,0x000000008000a0ea,0x0000000001475bc9,0x00000000013d31a5,0x0000000001475bc9,0x00000000013d31a5,0x00000000001d49e5,0x0000000000000932,0x0000000000005247,0x00000000000009e1,0x00000000000078c6,0x000000000098e667,0x00000000000014aa
1784436896554,0x0000000080005018,0x0000000080018e40,0x0000000080007a7a,0x0000000000000000,0x00000000800191f0,0x0000000080018e90,0x0000000000000000,0x0000000050fc5343,0x000000003fe00000,0x4025772550fc5343,0x0000000000000000,0x0000000000000000,0xffffffffc85fffb8,0x0000000043f14d0c,0x0000000000000000,0xffffffffc81be3b8,0x000000000055dc95,0x3fedd0be6c436f02,0x00000000800050ba,0x0000000000000000,0x4025772550fc5343,0x4129fe58bab9f55a,0x4152076097404ea5,0x01a56e1fc2f8f359,0x0000000000000000,0x0000000000000000,0x00000000800050ba,0x0000000001483319,0x00000000013e09d4,0x0000000001483319,0x00000000013e09d4,0x00000000001d5aa9,0x0000000000000936,0x0000000000005249,0x00000000000009eb,0x00000000000078f9,0x0000000000994fd5,0x00000000000014ad
1784436897454,0x00000000800056f8,0x0000000080019060,0x0000000080007a7a,0x000000000000000f,0x0000000080019430,0x00000000800190b0,0x0000000080019548,0x000000008000f238,0x0000000000000006,0x0000000000000006,0x0000000000000002,0x0000000000000006,0x000000008000f201,0x3fedf745b8d0baa1,0x0000000000000000,0xffffffffd6c85b80,0x0000000000790610,0x3fedd0be6c436f41,0x00000000800049d6,0x0000000000000000,0x414fe4d660c154ca,0x4129fe52d559b3d0,0x415207616dbf4880,0x0000000000000000,0x0000000000000000,0x0000000000000000,0x00000000800049d6,0x000000000148ecc4,0x00000000013ebc70,0x000000000148ecc4,0x00000000013ebc70,0x00000000001d6edd,0x000000000000093d,0x000000000000524c,0x00000000000009fa,0x0000000000007946,0x000000000099a87e,0x00000000000014b0
1784436898365,0x00000000800058f2,0x0000000080018ed0,0x0000000080007a7a,0x0000000000000000,0x00000000800191f0,0x0000000080018f20,0x00000000800193a0,0x00000000800194a0,0x0000000000000006,0x0000000000000003,0x0000000000000004,0x0000000000000003,0x0000000026ff7fbf,0x0000000043f14cf4,0x0000000000000000,0x0000000026bb1bb8,0x000000000055dc95,0x3fedd0be6c436f41,0x000000008000498e,0x0000000000000000,0x4025772550fc533d,0x4129fe52d559b3d0,0x415207616dbf4880,0x0000000000000000,0x0000000000000000,0x0000000000000000,0x000000008000498e,0x000000000149d966,0x00000000013fa978,0x000000000149d966,0x00000000013fa978,0x00000000001d822b,0x0000000000000946,0x000000000000524c,0x00000000000009fa,0x000000000000796f,0x00000000009a1a94,0x00000000000014b3
1784436899095,0x00000000800056f8,0x0000000080019060,0x0000000080007a7a,0x000000000000000f,0x0000000080019430,0x00000000800190b0,0x0000000080019548,0x000000008000f238,0x0000000000000006,0x0000000000000006,0x0000000080019548,0x00000000000000f8,0x000000008000f201,0x3feedd6d2f591d2a,0x0000000000000000,0x00000000514f93fe,0x0000000000464839,0x3fedd0be6c436f93,0x00000000800049a2,0x0000000000000000,0x414fe4d57240b780,0x4129fe6996bb98c8,0x415207626cf27bb3,0x0000000000000000,0x0000000000000000,0x0000000000000000,0x00000000800049a2,0x00000000014a8513,0x0000000001404ea4,0x00000000014a8513,0x0000000001404ea4,0x00000000001d94ac,0x0000000000000948,0x000000000000524f,0x0000000000000a07,0x00000000000079ba,0x00000000009a6d71,0x00000000000014b6
1784436899668,0x00000000800058f2,0x0000000080018ed0,0x0000000080007a7a,0x0000000000000000,0x00000000800191f0,0x0000000080018f20,0x00000000800193a0,0x00000000800194a0,0x0000000000000006,0x0000000000000003,0x00000000800194a0,0x00000000800194c8,0x0000000065cffe7b,0x0000000043f14ce4,0x0000000000000000,0x0000000065cfea78,0x000000000055dc95,0x3fedd0be6c436f93,0x00000000800049c6,0x0000000000000000,0x4025772550fc5339,0x4129fe6996bb98c8,0x415207626cf27bb3,0x3f9287f43dd4dd22,0x0000000000000000,0x0000000000000000,0x00000000800049c6,0x00000000014b4265,0x0000000001410c69,0x00000000014b4265,0x0000000001410c69,0x00000000001da417,0x0000000000000951,0x000000000000524f,0x0000000000000a07,0x00000000000079ea,0x00000000009ac94d,0x00000000000014b9
1784436900518,0x0000000080005744,0x0000000080019060,0x0000000080007a7a,0x000000000000000f,0x00000000800191f0,0x00000000800190b0,0x0000000080019310,0x00000000800191f0,0x0000000000000006,0x0000000000000006,0x0000000000000000,0x0000000000000006,0x000000008000f201,0x3ff045fb6e6b1126,0x0000000000000000,0x0000000003ea0438,0x000000000045a2e8,0x3fedd0be6c436ff0,0x0000000080004a0a,0x0000000000000000,0x414fe4d692a9930c,0x4129fe586fc50481,0x41520760ed07c84b,0x0000000000000000,0x0000000000000000,0x0000000000000000,0x0000000080004a0a,0x00000000014c2666,0x000000000141ea50,0x00000000014c2666,0x000000000141ea50,0x00000000001dbb12,0x0000000000000953,0x0000000000005251,0x0000000000000a12,0x0000000000007a37,0x00000000009b36bc,0x00000000000014bc
1784436901427,0x00000000800057ae,0x0000000080018d90,0x0000000080007a7a,0x0000000000000000,0x00000000800191f0,0x0000000080018de0,0x0000000080018f50,0x000000008000f238,0x0000000000000006,0x0000000000000006,0x0000000080018df0,0x0000000000000005,0x000000000d3cff6e,0x0000000043f14cda,0x0000000000000000,0x000000000d3ceb2e,0x000000000055dc95,0x3fedd0be6c436ff0,0x0000000080004988,0x0000000000000000,0x4025772550fc5337,0x4129fe586fc50481,0x41520760ed07c84b,0x8000000000000000,0x0000000000000000,0x0000000000000000,0x0000000080004988,0x00000000014d013f,0x000000000142c50a,0x00000000014d013f,0x000000000142c50a,0x00000000001dccf5,0x000000000000095c,0x0000000000005251,0x0000000000000a12,0x0000000000007a63,0x00000000009ba034,0x00000000000014bf
1784436902309,0x000000008000583a,0x0000000080018ed0,0x0000000080007a7a,0x000000000000000f,0x00000000800191f0,0x0000000080018f20,0x00000000800194a0,0x000000008000f238,0x0000000000000003,0x0000000000000006,0x0000000000000000,0x000000000000000c,0x000000008000f201,0x3fefea3a32ad11ed,0x0000000000000000,0xffffffffe67d8d2e,0x000000000047c5bb,0x3fedd0be6c437050,0x00000000800049bc,0x0000000000000000,0x414fe4d33dcfaace,0x4129fe53e425aee6,0x4152075be6353f7d,0x0000000000000000,0x401623e8e4790c0a,0x401623e8e4790c0a,0x00000000800049bc,0x00000000014dd4e0,0x00000000014392a6,0x00000000014dd4e0,0x00000000014392a6,0x00000000001de297,0x000000000000095e,0x0000000000005253,0x0000000000000a1d,0x0000000000007ab5,0x00000000009c0614,0x00000000000014c2
1784436903224,0x0000000080006128,0x0000000080019440,0x0000000080006128,0x000000000000000f,0x0000000080007b04,0x0000000080019700,0x0000000080019548,0x0000000000000000,0x0000000000000118,0x0000000080000438,0x0000000080019550,0xfffffffffffffff8,0xffffffffc7feefff,0xffffffff8b7ccc02,0x0000000000000000,0xffffffffc7be67fe,0x0000000000445c0a,0x3fedd0be6c4370ae,0x0000000080007af8,0x0000000000000000,0x414fe4d248346dc6,0x4129fe4f36872b02,0x415207605c91d14e,0x414fe4b1fe388659,0x4129fe5bc12d7732,0x415207609d930be1,0x0000000080007af8,0x00000000014eadef,0x000000000144667d,0x00000000014eadef,0x000000000144667d,0x00000000001df922,0x0000000000000969,0x0000000000005254,0x0000000000000a22,0x0000000000007b26,0x00000000009c7169,0x00000000000014c5
1784436904084,0x000000008000589c,0x0000000080018ed0,0x0000000080007a7a,0x0000000000000000,0x00000000800191f0,0x0000000080018f20,0x0000000080019280,0x0000000080019118,0x0000000000000006,0x0000000000000003,0x0000000000000000,0x0000000000000003,0xffffffffa4ffffff,0x0000000043f14cd4,0x0000000000000000,0xffffffffa4e4b838,0x000000000055dc95,0x3fedd0be6c4370ae,0x00000000800049b0,0x0000000000000000,0x4025772550fc5335,0x4129fe4f36872b02,0x415207605c91d14e,0x401623e8e4790c0a,0x0000000000000000,0x0000000000000000,0x00000000800049b0,0x00000000014f889d,0x0000000001454152,0x00000000014f889d,0x0000000001454152,0x00000000001e0a8e,0x0000000000000972,0x0000000000005254,0x0000000000000a22,0x0000000000007b47,0x00000000009cdb1a,0x00000000000014ca
1784436904993,0x0000000080005744,0x0000000080019060,0x0000000080007a7a,0x000000000000000f,0x00000000800191f0,0x00000000800190b0,0x0000000080019310,0x00000000800191f0,0x0000000000000006,0x0000000000000006,0x00000000800191f0,0x0000000080019280,0x000000008000f201,0x3fe83953f0e2fca9,0x0000000000000000,0x0000000055804bae,0x000000000040e3c3,0x3fedd0be6c437104,0x00000000800049c6,0x0000000000000000,0x414fe4d5e09a0275,0x4129fe4e33404ea5,0x41520760899e83e4,0x0000000000000000,0x4016207f14426f07,0x4016207f14426f07,0x00000000800049c6,0x000000000150647b,0x0000000001461774,0x000000000150647b,0x0000000001461774,0x00000000001e2137,0x0000000000000974,0x0000000000005255,0x0000000000000a29,0x0000000000007b9a,0x00000000009d4486,0x00000000000014cd
1784436905860,0x00000000800058c6,0x0000000080018ee0,0x0000000080007a7a,0x0000000000000000,0x00000000800191f0,0x0000000080018f20,0x00000000800193a0,0x0000000080019100,0x0000000080019070,0x0000000000000006,0x0000000080019070,0x0000000080019090,0xffffffffa4ffffff,0x0000000043f14cd4,0x0000000000000000,0xffffffffa4e4b838,0x000000000055dc95,0x3fedd0be6c437104,0x0000000080004ade,0x0000000000000000,0x4025772550fc5335,0x4129fe4e33404ea5,0x41520760899e83e4,0xc011a0269a0e0000,0x0000000000000000,0x0000000000000000,0x0000000080004ade,0x0000000001510f5d,0x000000000146c25a,0x0000000001510f5d,0x000000000146c25a,0x00000000001e2f36,0x000000000000097d,0x0000000000005255,0x0000000000000a29,0x0000000000007bb3,0x00000000009d97a1,0x00000000000014d0
1784436906424,0x00000000800056f8,0x0000000080019060,0x0000000080007a7a,0x000000000000000f,0x0000000080019430,0x00000000800190b0,0x0000000080019548,0x000000008000f238,0x0000000000000006,0x0000000000000006,0x0000000000000003,0x0000000000000006,0x000000008000f201,0x3fe7784cde2730bb,0x0000000000000000,0x0000000059c4d438,0x000000000048cec3,0x3fedd0be6c437152,0x00000000800049b0,0x0000000000000000,0x414fe4d6c09a0275,0x4129fe6443afb7e9,0x41520760b5a36e2f,0x3ff0000000000000,0x0000000000000000,0x0000000000000000,0x00000000800049b0,0x000000000151be4b,0x0000000001476af8,0x000000000151be4b,0x0000000001476af8,0x00000000001e4213,0x000000000000097f,0x0000000000005255,0x0000000000000a2a,0x0000000000007c01,0x00000000009debd8,0x00000000000014d3
1784436907062,0x00000000800058f2,0x0000000080018ed0,0x0000000080007a7a,0x0000000000000000,0x00000000800191f0,0x0000000080018f20,0x00000000800193a0,0x00000000800194a0,0x0000000000000006,0x0000000000000003,0x0000000000000003,0x0000000000000002,0x000000001d765e9f,0x0000000043f14cd6,0x0000000000000000,0x000000001d021e8e,0x000000000055dc95,0x3fedd0be6c437152,0x0000000080004a12,0x0000000000000000,0x4025772550fc5336,0x4129fe6443afb7e9,0x41520760b5a36e2f,0x0000000000000000,0x0000000000000000,0x0000000000000000,0x0000000080004a12,0x0000000001528e52,0x0000000001483b8e,0x0000000001528e52,0x0000000001483b8e,0x00000000001e5310,0x0000000000000988,0x0000000000005255,0x0000000000000a2a,0x0000000000007c24,0x00000000009e5094,0x00000000000014d6
1784436907993,0x0000000080005744,0x0000000080019060,0x0000000080007a7a,0x000000000000000f,0x00000000800191f0,0x00000000800190b0,0x0000000080019310,0x00000000800191f0,0x0000000000000006,0x0000000000000006,0x0000000000000001,0x0000000000000006,0x000000008000f201,0x3fe6cd3ec8484b3c,0x0000000000000000,0x000000007758b18e,0x00000000004b1f84,0x3fedd0be6c437195,0x000000008000496c,0x0000000000000000,0x414fe4d66e8db8bb,0x4129fe57204ea4a9,0x4152076363694467,0x3fdcf46da09c9983,0x0000000000000000,0x0000000000000000,0x000000008000496c,0x0000000001536075,0x0000000001490830,0x0000000001536075,0x0000000001490830,0x00000000001e6895,0x000000000000098a,0x0000000000005256,0x0000000000000a2f,0x0000000000007c70,0x00000000009eb5e5,0x00000000000014d9
1784436908872,0x000000008000578a,0x0000000080018db0,0x0000000080007a7a,0x0000000000000000,0x00000000800191f0,0x0000000080018de0,0x0000000080018f50,0x0000000000000006,0x0000000000000006,0x0000000000000003,0x0000000080018f50,0x0000000080019028,0x000000000d3cff6e,0x0000000043f14cda,0x0000000000000000,0x000000000d3ceb2e,0x000000000055dc95,0x3fedd0be6c437195,0x0000000080004cec,0x0000000000000000,0x4025772550fc5337,0x4129fe57204ea4a9,0x4152076363694467,0x3f8314f4c02b2a1c,0x0000000000000000,0x0000000000000000,0x0000000080004cec,0x0000000001541e1a,0x000000000149c64c,0x0000000001541e1a,0x000000000149c64c,0x00000000001e7813,0x0000000000000993,0x0000000000005256,0x0000000000000a2f,0x0000000000007c91,0x00000000009f11e1,0x00000000000014dc
1784436909645,0x0000000080005744,0x0000000080019060,0x0000000080007a7a,0x000000000000000f,0x00000000800191f0,0x00000000800190b0,0x0000000080019310,0x00000000800191f0,0x0000000000000006,0x0000000000000006,0x00000000800190d0,0x00000000800191d8,0x000000008000f201,0x3fe93439852660b9,0x0000000000000000,0xffffffffa054dcae,0x00000000004ba397,0x3fedd0be6c4371ce,0x0000000080004982,0x0000000000000000,0x414fe4d22de00d1b,0x4129fe5ce57a786c,0x4152075b8f06f694,0x3fedd0be6c4371cf,0x0000000000000000,0x0000000000000000,0x0000000080004982,0x000000000154f902,0x00000000014a9a9b,0x000000000154f902,0x00000000014a9a9b,0x00000000001e8e6c,0x0000000000000995,0x0000000000005257,0x0000000000000a34,0x0000000000007ce3,0x00000000009f7ad5,0x00000000000014df
1784436910555,0x0000000080006260,0x0000000080019230,0x402a6014520d60fa,0x0000000000000000,0x0000000000000000,0x0000000080019440,0x0000000080019698,0x00000000800194a0,0x000000008000f238,0x00000000800003f0,0x000000008000f238,0x000000008000f2d0,0x000000003fb7fa6f,0x00000000760e28a6,0x0000000000000000,0x000000003fb1da2e,0x00000000006934ba,0x3fedd0be6c4371fd,0x0000000080005c06,0x0000000000000000,0x403a4d2e9d838a2a,0x4129fe5ce57a786c,0x4152075b8f06f694,0x01a56e1fc2f8f359,0x0000000000000000,0x0000000000000000,0x0000000080005c06,0x000000000155e1ae,0x00000000014b81d1,0x000000000155e1ae,0x00000000014b81d1,0x00000000001ea319,0x000000000000099e,0x0000000000005257,0x0000000000000a34,0x0000000000007d23,0x00000000009fecab,0x00000000000014e2
1784436911380,0x0000000080005850,0x0000000080018ed0,0x0000000080007a7a,0x000000000000000f,0x00000000800191f0,0x0000000080018f20,0x00000000800191f0,0x0000000080019310,0x0000000000000003,0x0000000000000006,0x0000000000000005,0x0000000000000003,0x000000008000f201,0x3fe1b7864456ee0b,0x0000000000000000,0x000000000b4fe5ce,0x0000000000471797,0x3fedd0be6c4371fd,0x00000000800049b0,0x0000000000000000,0x414fe4da60624dd3,0x4129fe63597f62b7,0x4152075c4037b4a2,0x0000000000000000,0x0000000000000000,0x0000000000000000,0x00000000800049b0,0x000000000156b7a6,0x00000000014c5355,0x000000000156b7a6,0x00000000014c5355,0x00000000001eb740,0x00000000000009a0,0x0000000000005258,0x0000000000000a38,0x0000000000007d48,0x0000000000a051f6,0x00000000000014e5
1784436912245,0x00000000800056f8,0x0000000080019060,0x0000000080007a7a,0x000000000000000f,0x0000000080019430,0x00000000800190b0,0x0000000080019548,0x000000008000f238,0x0000000000000006,0x0000000000000006,0x0000000000000004,0x0000000000000010,0x000000008000f201,0x3fd7c14e805a40c8,0x0000000000000000,0x00000000758af4e0,0x0000000000570f8b,0x3fedd0be6c437220,0x00000000800049e2,0x0000000000000000,0x414fe4d4fe3f1412,0x4129fe4c06c22681,0x4152075d429ad42c,0x0000000000000000,0x0000000000000000,0x0000000000000000,0x00000000800049e2,0x0000000001578cfc,0x00000000014d244b,0x0000000001578cfc,0x00000000014d244b,0x00000000001ecd70,0x00000000000009ab,0x0000000000005258,0x0000000000000a39,0x0000000000007dbc,0x0000000000a0bbcf,0x00000000000014e8
1784436913117,0x0000000080004ede,0x0000000080018de0,0x0000000080007a7a,0x0000000000000000,0x00000000800191f0,0x0000000080018e40,0x0000000000000001,0x000000001b03b771,0x000000003fe00000,0x40161a799b03b771,0x0000000080019118,0x0000000080019148,0xffffffffcfbb17fa,0x000000006c0eddc4,0x0000000000000000,0xffffffffcf3a00f8,0x00000000005869e6,0x3fedd0be6c437220,0x0000000080004e7e,0x0000000000000000,0x40161a799b03b771,0x4129fe4c06c22681,0x4152075d429ad42c,0x01a56e1fc2f8f359,0x0000000000000000,0x0000000000000000,0x0000000080004e7e,0x0000000001584155,0x00000000014dd88f,0x0000000001584155,0x00000000014dd88f,0x00000000001edb84,0x00000000000009ad,0x0000000000005258,0x0000000000000a39,0x0000000000007dd9,0x0000000000a112a9,0x00000000000014eb
1784436913700,0x00000000800056f8,0x0000000080019060,0x0000000080007a7a,0x000000000000000f,0x0000000080019430,0x00000000800190b0,0x0000000080019548,0x000000008000f238,0x0000000000000006,0x0000000000000006,0x0000000000000003,0x0000000000000003,0x000000008000f201,0x3fcf9afc94e005b2,0x0000000000000000,0x000000004af2e24e,0x00000000004cb6a1,0x3fedd0be6c437238,0x0000000080004978,0x0000000000000000,0x414fe4d569fbe76d,0x4129fe50f020c49c,0x4152076454e3bcd3,0x3ff0000000000000,0x0000000000000000,0x0000000000000000,0x0000000080004978,0x000000000158f092,0x00000000014e8171,0x000000000158f092,0x00000000014e8171,0x00000000001eeedb,0x00000000000009b6,0x0000000000005259,0x0000000000000a3e,0x0000000000007e43,0x0000000000a167c6,0x00000000000014ee
1784436914349,0x00000000800058f2,0x0000000080018ed0,0x0000000080007a7a,0x0000000000000000,0x00000000800191f0,0x0000000080018f20,0x00000000800193a0,0x00000000800194a0,0x0000000000000006,0x0000000000000003,0x0000000000000002,0x0000000000000005,0x00000000566af6fe,0x0000000043f14ce8,0x0000000000000000,0x00000000560ab6e0,0x000000000055dc95,0x3fedd0be6c437238,0x000000008000499c,0x0000000000000000,0x4025772550fc533a,0x4129fe50f020c49c,0x4152076454e3bcd3,0x0000000000000000,0x0000000000000000,0x0000000000000000,0x000000008000499c,0x000000000159dedd,0x00000000014f6fc6,0x000000000159dedd,0x00000000014f6fc6,0x00000000001f0249,0x00000000000009bf,0x0000000000005259,0x0000000000000a3e,0x0000000000007e6c,0x0000000000a1da81,0x00000000000014f1
1784436915262,0x0000000080005744,0x0000000080019060,0x0000000080007a7a,0x000000000000000f,0x00000000800191f0,0x00000000800190b0,0x0000000080019310,0x00000000800191f0,0x0000000000000006,0x0000000000000006,0x00000000800190d0,0x0000000080019140,0x000000008000f201,0x3fd99e69b7636833,0x0000000000000000,0x000000002fbc5ce0,0x00000000004cc1e3,0x3fedd0be6c437249,0x0000000080004982,0x0000000000000000,0x414fe4d544fdf3b6,0x4129fe4e6504816f,0x41520761bccb295f,0x3fe185d1eca6d032,0x4013efc4d6ad9501,0x4016207f14426f07,0x0000000080004982,0x00000000015ab44c,0x0000000001503f5f,0x00000000015ab44c,0x0000000001503f5f,0x00000000001f1811,0x00000000000009c1,0x000000000000525c,0x0000000000000a4d,0x0000000000007eb9,0x0000000000a24140,0x00000000000014f4
1784436916134,0x00000000800057ae,0x0000000080018d90,0x0000000080007a7a,0x0000000000000000,0x00000000800191f0,0x0000000080018de0,0x0000000080018f50,0x000000008000f238,0x0000000000000006,0x0000000000000006,0x0000000000000004,0x0000000000000018,0x000000004657d3f9,0x0000000043f14cec,0x0000000000000000,0x0000000046458338,0x000000000055dc95,0x3fedd0be6c437249,0x00000000800049da,0x0000000000000000,0x4025772550fc533b,0x4129fe4e6504816f,0x41520761bccb295f,0x8000000000000000,0x0000000000000000,0x8000000000000000,0x00000000800049da,0x00000000015b9a3b,0x0000000001512513,0x00000000015b9a3b,0x0000000001512513,0x00000000001f2ad9,0x00000000000009ca,0x000000000000525c,0x0000000000000a4d,0x0000000000007edf,0x0000000000a2afe2,0x00000000000014f7
1784436917022,0x0000000080005820,0x0000000080018ed0,0x0000000080007a7a,0x000000000000000f,0x00000000800191f0,0x0000000080018f20,0x000000008000f238,0x0000000080019310,0x0000000000000006,0x0000000000000006,0x0000000000000001,0x000000000000000f,0x000000008000f201,0x3fdbb6ceaa904cc0,0x0000000000000000,0xffffffffb17bbebe,0x00000000004c9886,0x3fedd0be6c437251,0x0000000080004976,0x0000000000000000,0x414fe4d7b0adab9f,0x4129fe6114af4f0e,0x415207635750b0f2,0x3ff12c1dda637636,0x0000000000000000,0x0000000000000000,0x0000000080004976,0x00000000015c6e6c,0x000000000151f338,0x00000000015c6e6c,0x000000000151f338,0x00000000001f408c,0x00000000000009cc,0x000000000000525f,0x0000000000000a5c,0x0000000000007f29,0x0000000000a31606,0x00000000000014fa
1784436917925,0x0000000080005a7c,0x00000000800193f0,0x0000000080007a7a,0x000000000000000f,0x0000000080007a96,0x0000000080019440,0x0000000080019548,0x0000000000000000,0x0000000000000008,0x000000008000f208,0x0000000080003cf8,0x0000000080019548,0xffffffffde27fdae,0x000000002891ce56,0x0000000000000000,0xffffffffde22bd8e,0x000000000052356a,0x3fedd0be6c437254,0x0000000080005aa4,0x0000000000000000,0x414fe4d325f6fd22,0x4129fe509ba5e354,0x41520761cfd8adac,0x414fe4ae57a43fe6,0x41520761618305d5,0x3ff0000000000000,0x0000000080005aa4,0x00000000015d4ba0,0x000000000152cb83,0x00000000015d4ba0,0x000000000152cb83,0x00000000001f575f,0x00000000000009d7,0x0000000000005261,0x0000000000000a67,0x0000000000007f9b,0x0000000000a3835d,0x00000000000014fd
1784436918836,0x000000008000519e,0x0000000080018e90,0x0000000080007a7a,0x0000000000000000,0x00000000800191f0,0x0000000080018ee0,0x0000000000000000,0x0000000050fc533c,0x000000003fe00000,0x4025772550fc533c,0x0000000080019118,0x0000000000000001,0x0000000036bbdff4,0x0000000043f14cf0,0x0000000000000000,0x0000000036804f80,0x000000000055dc95,0x3fedd0be6c437254,0x00000000800051e2,0x0000000000000000,0x4025772550fc533c,0x4129fe509ba5e354,0x41520761cfd8adac,0x01a56e1fc2f8f359,0x3ff0000000000000,0x0000000000000000,0x00000000800051e2,0x00000000015e1ffc,0x0000000001539fd7,0x00000000015e1ffc,0x0000000001539fd7,0x00000000001f6865,0x00000000000009e0,0x0000000000005261,0x0000000000000a67,0x0000000000007fc2,0x0000000000a3ea2f,0x0000000000001500
1784436919749,0x00000000800056f8,0x0000000080019060,0x0000000080007a7a,0x000000000000000f,0x0000000080019430,0x00000000800190b0,0x0000000080019548,0x000000008000f238,0x0000000000000006,0x0000000000000006,0x0000000080019310,0x0000000000000003,0x000000008000f201,0x3fe0e8e2c45a852d,0x0000000000000000,0xffffffffd8b0367e,0x000000000049bfe3,0x3fedd0be6c437253,0x00000000800049fc,0x0000000000000000,0x414fe4d4e3e76c8b,0x4129fe5fb6e2eb1c,0x415207619739c0ec,0x0000000000000000,0x0000000000000000,0x0000000000000000,0x00000000800049fc,0x00000000015ef8af,0x00000000015471c9,0x00000000015ef8af,0x00000000015471c9,0x00000000001f7ed0,0x00000000000009e2,0x0000000000005263,0x0000000000000a72,0x000000000000800d,0x0000000000a451b9,0x0000000000001503
1784436920542,0x00000000800058f2,0x0000000080018ed0,0x0000000080007a7a,0x0000000000000000,0x00000000800191f0,0x0000000080018f20,0x00000000800193a0,0x00000000800194a0,0x0000000000000006,0x0000000000000003,0x0000000000000002,0x0000000000000006,0xffffffffae9db7df,0x0000000043f14cf2,0x0000000000000000,0xffffffffae9db59e,0x000000000055dc95,0x3fedd0be6c437253,0x0000000080004940,0x0000000000000000,0x4025772550fc533d,0x4129fe5fb6e2eb1c,0x415207619739c0ec,0x0000000000000000,0x0000000000000000,0x0000000000000000,0x0000000080004940,0x00000000015fb911,0x0000000001553303,0x00000000015fb911,0x0000000001553303,0x00000000001f8e80,0x00000000000009eb,0x0000000000005263,0x0000000000000a72,0x0000000000008030,0x0000000000a4af35,0x0000000000001506
1784436921089,0x0000000080005744,0x0000000080019060,0x0000000080007a7a,0x000000000000000f,0x00000000800191f0,0x00000000800190b0,0x0000000080019310,0x00000000800191f0,0x0000000000000006,0x0000000000000006,0x00000000800190d0,0x00000000800190d0,0x000000008000f201,0x3fe0ccfd4d2c1536,0x0000000000000000,0xffffffffb6838000,0x00000000004dfc7b,0x3fedd0be6c43724c,0x00000000800049f0,0x0000000000000000,0x414fe4d6e85bc01a,0x4129fe5467a0f909,0x41520762b303afb8,0x0000000000000000,0x4016207f14426f07,0x4016207f14426f07,0x00000000800049f0,0x0000000001607789,0x000000000155ebd8,0x0000000001607789,0x000000000155ebd8,0x00000000001fa264,0x00000000000009ed,0x0000000000005266,0x0000000000000a81,0x000000000000807f,0x0000000000a50b40,0x0000000000001509
1784436921750,0x00000000800057ae,0x0000000080018d90,0x0000000080007a7a,0x0000000000000000,0x00000000800191f0,0x0000000080018de0,0x0000000080018f50,0x000000008000f238,0x0000000000000006,0x0000000000000006,0x0000000000000001,0x0000000000000006,0xffffffffae9db7df,0x0000000043f14cf2,0x0000000000000000,0xffffffffae9db59e,0x000000000055dc95,0x3fedd0be6c43724c,0x00000000800049b0,0x0000000000000000,0x4025772550fc533d,0x4129fe5467a0f909,0x41520762b303afb8,0x8000000000000000,0x0000000000000000,0x0000000000000000,0x00000000800049b0,0x0000000001614b12,0x000000000156bf71,0x0000000001614b12,0x000000000156bf71,0x00000000001fb3ab,0x00000000000009f6,0x0000000000005266,0x0000000000000a81,0x00000000000080a7,0x0000000000a5715c,0x000000000000150c
1784436922641,0x0000000080005744,0x0000000080019060,0x0000000080007a7a,0x000000000000000f,0x00000000800191f0,0x00000000800190b0,0x0000000080019310,0x00000000800191f0,0x0000000000000006,0x0000000000000006,0x00000000800190d0,0x00000000800191e0,0x000000008000f201,0x3fe1df2641b926fe,0x0000000000000000,0xffffffff9d99107e,0x0000000000529cf5,0x3fedd0be6c437243,0x000000008000495c,0x0000000000000000,0x414fe4d3868db8bb,0x4129fe6c7020c49c,0x415207615c6594af,0x3fc17a1e17d07789,0x0000000000000000,0x0000000000000000,0x000000008000495c,0x000000000162206e,0x0000000001578e36,0x000000000162206e,0x0000000001578e36,0x00000000001fc98f,0x00000000000009f8,0x0000000000005268,0x0000000000000a8a,0x00000000000080fa,0x0000000000a5d7b2,0x000000000000150f
1784436923569,0x0000000080006260,0x0000000080019230,0x402a6014520d614d,0x0000000000000000,0x0000000000000000,0x0000000080019440,0x0000000080019698,0x00000000800194a0,0x000000008000f238,0x00000000800003f0,0x000000008000f238,0x000000008000f328,0x0000000007ff43fe,0x00000000013804e6,0x0000000000000000,0x0000000007a400ae,0x0000000000661950,0x3fedd0be6c437238,0x0000000080005bfc,0x0000000000000000,0x40298654004e013a,0x4129fe6c7020c49c,0x415207615c6594af,0x01a56e1fc2f8f359,0x0000000000000000,0x4012207dfca3cb69,0x0000000080005bfc,0x000000000162fa16,0x00000000015867bd,0x000000000162fa16,0x00000000015867bd,0x00000000001fdb4e,0x0000000000000a01,0x0000000000005268,0x0000000000000a8a,0x0000000000008132,0x0000000000a6418d,0x0000000000001512
1784436924504,0x000000008000583a,0x0000000080018ed0,0x0000000080007a7a,0x000000000000000f,0x00000000800191f0,0x0000000080018f20,0x00000000800194a0,0x000000008000f238,0x0000000000000003,0x0000000000000006,0x0000000000000002,0x000000000000000c,0x000000008000f201,0x3fe109ea2c1a8fc0,0x0000000000000000,0xffffffffab5a64b8,0x00000000004d7430,0x3fedd0be6c437238,0x0000000080004998,0x0000000000000000,0x414fe4d58f8d4fdf,0x4129fe45f22d0e56,0x41520762b559b3d0,0x0000000000000000,0x0000000000000000,0x0000000000000000,0x0000000080004998,0x000000000163d4c8,0x0000000001593c77,0x000000000163d4c8,0x0000000001593c77,0x00000000001ff188,0x0000000000000a03,0x000000000000526a,0x0000000000000a95,0x000000000000815c,0x0000000000a6a9cf,0x0000000000001516
1784436925387,0x00000000800056f8,0x0000000080019060,0x0000000080007a7a,0x000000000000000f,0x0000000080019430,0x00000000800190b0,0x0000000080019548,0x000000008000f238,0x0000000000000006,0x0000000000000006,0x0000000080019310,0x0000000080019368,0x000000008000f201,0x3fe1c38e7e80000b,0x0000000000000000,0x000000004afa123e,0x000000000051d714,0x3fedd0be6c43722c,0x0000000080004982,0x0000000000000000,0x414fe4d417247454,0x4129fe5a61e4f766,0x4152076608f9096c,0x0000000000000000,0x0000000000000000,0x0000000000000000,0x0000000080004982,0x000000000164ad6d,0x00000000015a10b7,0x000000000164ad6d,0x00000000015a10b7,0x0000000000200800,0x0000000000000a0e,0x000000000000526c,0x0000000000000aa0,0x00000000000081c4,0x0000000000a7153c,0x0000000000001519
1784436926296,0x00000000800058f2,0x0000000080018ed0,0x0000000080007a7a,0x0000000000000000,0x00000000800191f0,0x0000000080018f20,0x00000000800193a0,0x00000000800194a0,0x0000000000000006,0x0000000000000003,0x0000000000000003,0x0000000000000003,0xffffffffae9db7df,0x0000000043f14cf2,0x0000000000000000,0xffffffffae9db59e,0x000000000055dc95,0x3fedd0be6c43722c,0x0000000080004a0a,0x0000000000000000,0x4025772550fc533d,0x4129fe5a61e4f766,0x4152076608f9096c,0x0000000000000000,0x0000000000000000,0x0000000000000000,0x0000000080004a0a,0x0000000001658cdd,0x00000000015af0d4,0x0000000001658cdd,0x00000000015af0d4,0x0000000000201a44,0x0000000000000a17,0x000000000000526c,0x0000000000000aa0,0x00000000000081e1,0x0000000000a78146,0x000000000000151c
1784436927151,0x0000000080005744,0x0000000080019060,0x0000000080007a7a,0x000000000000000f,0x00000000800191f0,0x00000000800190b0,0x0000000080019310,0x00000000800191f0,0x0000000000000006,0x0000000000000006,0x0000000080019310,0x0000000080019398,0x000000008000f201,0x3fe632011e2c3934,0x0000000000000000,0x000000006a66173e,0x00000000005003fa,0x3fedd0be6c43721e,0x00000000800049a6,0x0000000000000000,0x414fe4d91ec56d5d,0x4129fe52812d7732,0x41520766619b3d08,0x0000000000000000,0x3fe185d1eca6d032,0x3fe185d1eca6d032,0x00000000800049a6,0x00000000016665ba,0x00000000015bc388,0x00000000016665ba,0x00000000015bc388,0x000000000020304e,0x0000000000000a19,0x000000000000526f,0x0000000000000aaf,0x0000000000008236,0x0000000000a7e971,0x000000000000151f
1784436927861,0x00000000800058f2,0x0000000080018ed0,0x0000000080007a7a,0x0000000000000000,0x00000000800191f0,0x0000000080018f20,0x00000000800193a0,0x00000000800194a0,0x0000000000000006,0x0000000000000003,0x00000000800194a0,0x0000000080019520,0xffffffffae9db7df,0x0000000043f14cf2,0x0000000000000000,0xffffffffae9db59e,0x000000000055dc95,0x3fedd0be6c43721e,0x00000000800049c6,0x0000000000000000,0x4025772550fc533d,0x4129fe52812d7732,0x41520766619b3d08,0x3f8314f4c02b2a48,0x0000000000000000,0x0000000000000000,0x00000000800049c6,0x0000000001671726,0x00000000015c7587,0x0000000001671726,0x00000000015c7587,0x0000000000203ef1,0x0000000000000a22,0x000000000000526f,0x0000000000000aaf,0x0000000000008250,0x0000000000a83fbe,0x0000000000001522
1784436928414,0x0000000080005744,0x0000000080019060,0x0000000080007a7a,0x000000000000000f,0x00000000800191f0,0x00000000800190b0,0x0000000080019310,0x00000000800191f0,0x0000000000000006,0x0000000000000006,0x00000000800190d0,0x0000000000000006,0x000000008000f201,0x3fea3f9c230061d4,0x0000000000000000,0xffffffff83e6162e,0x00000000005acfba,0x3fedd0be6c437211,0x0000000080004a00,0x0000000000000000,0x414fe4d74a4dd2f2,0x4129fe5617b4a234,0x41520763931758e2,0x0000000000000000,0x0000000000000000,0x0000000000000000,0x0000000080004a00,0x000000000167c7e6,0x00000000015d206e,0x000000000167c7e6,0x00000000015d206e,0x00000000002051bb,0x0000000000000a24,0x0000000000005272,0x0000000000000abe,0x000000000000829d,0x0000000000a89544,0x0000000000001525
1784436929221,0x00000000800057ae,0x0000000080018d90,0x0000000080007a7a,0x0000000000000000,0x00000000800191f0,0x0000000080018de0,0x0000000080018f50,0x000000008000f238,0x0000000000000006,0x0000000000000006,0x0000000000000003,0x0000000000000003,0x0000000036bbdff4,0x0000000043f14cf0,0x0000000000000000,0x0000000036804f80,0x000000000055dc95,0x3fedd0be6c437211,0x00000000800049e2,0x0000000000000000,0x4025772550fc533c,0x4129fe5617b4a234,0x41520763931758e2,0x3fea330ae25af21c,0x0000000000000000,0x0000000000000000,0x00000000800049e2,0x0000000001689901,0x00000000015df216,0x0000000001689901,0x00000000015df216,0x00000000002062dd,0x0000000000000a2d,0x0000000000005272,0x0000000000000abe,0x00000000000082ba,0x0000000000a8fa74,0x0000000000001528
1784436930103,0x000000008000575e,0x0000000080019070,0x0000000080007a7a,0x000000000000000f,0x00000000800191f0,0x00000000800190b0,0x00000000800190d0,0x00000000800002d0,0x000000008000f238,0x0000000000000006,0x0000000000000001,0x0000000000000007,0x000000008000f201,0x3fea2cdba680afb1,0x0000000000000000,0xffffffffc7120380,0x0000000000570236,0x3fedd0be6c437204,0x0000000080004c10,0x0000000000000000,0x414fe4d6b6cf41f2,0x4129fe5a62eb1c43,0x415207608e858794,0x3fc17a1e17d07752,0x3fe185d1eca6d032,0x3fe1aec7af362c5b,0x0000000080004c10,0x0000000001697183,0x00000000015ec3de,0x0000000001697183,0x00000000015ec3de,0x00000000002078ff,0x0000000000000a2f,0x0000000000005274,0x0000000000000ac9,0x0000000000008305,0x0000000000a96232,0x000000000000152b
1784436930974,0x0000000080006260,0x0000000080019230,0x402a6014520d6141,0x0000000000000000,0x0000000000000000,0x0000000080019440,0x0000000080019698,0x00000000800194a0,0x000000008000f238,0x00000000800003f0,0x000000008000f238,0x000000008000f310,0xffffffffb17de2fc,0xffffffff874f75c4,0x0000000000000000,0xffffffffb16da0f8,0x00000000006a7721,0x3fedd0be6c4371f7,0x0000000080005bfc,0x0000000000000000,0x402a9dc861d3dd71,0x4129fe5a62eb1c43,0x415207608e858794,0x01a56e1fc2f8f359,0x0000000000000000,0x0000000000000000,0x0000000080005bfc,0x00000000016a4ab5,0x00000000015f9c37,0x00000000016a4ab5,0x00000000015f9c37,0x0000000000208b0d,0x0000000000000a38,0x0000000000005274,0x0000000000000ac9,0x0000000000008354,0x0000000000a9cbea,0x000000000000152f
1784436931884,0x0000000080009fc2,0x0000000080018dc0,0x0000000080007a7a,0x0000000000000000,0x00000000800191f0,0x0000000080018e40,0x0000000000000001,0x000000001b03b771,0x000000003fe00000,0x40161a799b03b771,0xffffffff80000000,0x0000000000000001,0xffffffffcfbb17fa,0x000000006c0eddc4,0x0000000000000000,0xffffffffcf3a00f8,0x00000000005869e6,0x3fedd0be6c4371f7,0x0000000080009fc6,0x403e88fa391e4302,0x40161a799b03b771,0x4129fe61c083126f,0x41520761f1f8a090,0x01a56e1fc2f8f359,0x3ff0000000000000,0x3ff0000000000000,0x0000000080009fc6,0x00000000016b3efd,0x0000000001608c75,0x00000000016b3efd,0x0000000001608c75,0x000000000020a2b0,0x0000000000000a3c,0x0000000000005276,0x0000000000000ad4,0x0000000000008386,0x0000000000aa42b7,0x0000000000001532
1784436932690,0x0000000080005744,0x0000000080019060,0x0000000080007a7a,0x000000000000000f,0x00000000800191f0,0x00000000800190b0,0x0000000080019310,0x00000000800191f0,0x0000000000000006,0x0000000000000006,0x00000000800190d0,0x0000000000000004,0x000000008000f201,0x3fe4535ca0118c1d,0x0000000000000000,0xffffffffce51e000,0x000000000051bfd7,0x3fedd0be6c4371ec,0x00000000800049fc,0x0000000000000000,0x414fe4d7486594af,0x4129fe58f10cb296,0x41520762c3df3b64,0x0000000000000000,0x0000000000000000,0x0000000000000000,0x00000000800049fc,0x00000000016c293b,0x00000000016170d4,0x00000000016c293b,0x00000000016170d4,0x000000000020bac4,0x0000000000000a45,0x0000000000005279,0x0000000000000ae3,0x00000000000083d9,0x0000000000aab3b9,0x0000000000001535
1784436933591,0x0000000080005794,0x0000000080018db0,0x0000000080007a7a,0x0000000000000000,0x00000000800191f0,0x0000000080018de0,0x0000000080018f50,0x0000000000000006,0x0000000000000006,0x0000000000000003,0x0000000000000004,0x0000000000000006,0x0000000046d7d3f9,0x0000000043f14cec,0x0000000000000000,0x0000000046458338,0x000000000055dc95,0x3fedd0be6c4371ec,0x0000000080004dd4,0x0000000000000000,0x4025772550fc533b,0x4129fe58f10cb296,0x41520762c3df3b64,0x3f8314f4c02b2a29,0x8000000000000000,0x3ff0000000000000,0x0000000080004dd4,0x00000000016cf618,0x0000000001623dc2,0x00000000016cf618,0x0000000001623dc2,0x000000000020cb7f,0x0000000000000a4e,0x0000000000005279,0x0000000000000ae3,0x00000000000083fe,0x0000000000ab16b0,0x0000000000001538
1784436934359,0x0000000080005820,0x0000000080018ed0,0x0000000080007a7a,0x000000000000000f,0x00000000800191f0,0x0000000080018f20,0x000000008000f238,0x0000000080019310,0x0000000000000006,0x0000000000000006,0x0000000080019280,0x0000000000000006,0x000000008000f201,0x3fe36d673ffb5378,0x0000000000000000,0xffffffffd16bae00,0x00000000005952c6,0x3fedd0be6c4371df,0x0000000080004a00,0x0000000000000000,0x414fe4d5625119ce,0x4129fe536902de01,0x41520761c2c56d5d,0x0000000000000000,0x0000000000000000,0x0000000000000000,0x0000000080004a00,0x00000000016de4fa,0x0000000001632680,0x00000000016de4fa,0x0000000001632680,0x000000000020e368,0x0000000000000a50,0x000000000000527a,0x0000000000000ae8,0x000000000000844d,0x0000000000ab8960,0x000000000000153b
1784436935121,0x00000000800057ae,0x0000000080018d90,0x0000000080007a7a,0x0000000000000000,0x00000000800191f0,0x0000000080018de0,0x0000000080018f50,0x000000008000f238,0x0000000000000006,0x0000000000000006,0x000000008000f238,0x0000000000000005,0x000000004657d3f9,0x0000000043f14cec,0x0000000000000000,0x0000000046458338,0x000000000055dc95,0x3fedd0be6c4371df,0x00000000800049d0,0x0000000000000000,0x4025772550fc533b,0x4129fe536902de01,0x41520761c2c56d5d,0x8000000000000000,0x0000000000000000,0x8000000000000000,0x00000000800049d0,0x00000000016e9abb,0x000000000163dc69,0x00000000016e9abb,0x000000000163dc69,0x000000000020f257,0x0000000000000a59,0x000000000000527a,0x0000000000000ae8,0x000000000000846c,0x0000000000abe171,0x000000000000153e
1784436935699,0x000000008000583a,0x0000000080018ed0,0x0000000080007a7a,0x000000000000000f,0x00000000800191f0,0x0000000080018f20,0x00000000800194a0,0x000000008000f238,0x0000000000000003,0x0000000000000006,0x0000000000000000,0x0000000000000006,0x000000008000f201,0x3fe144cf42864741,0x0000000000000000,0x000000005c347b78,0x000000000056a363,0x3fedd0be6c4371d4,0x00000000800049d6,0x0000000000000000,0x414fe4d9c5638866,0x4129fe50b16872b0,0x415207639d73eab3,0x0000000000000000,0x0000000000000000,0x0000000000000000,0x00000000800049d6,0x00000000016f7118,0x000000000164ad26,0x00000000016f7118,0x000000000164ad26,0x0000000000210832,0x0000000000000a5b,0x000000000000527c,0x0000000000000af3,0x00000000000084b9,0x0000000000ac48e4,0x0000000000001541
1784436936433,0x0000000080006260,0x0000000080019230,0x402a6014520d6131,0x0000000000000000,0x0000000000000000,0x0000000080019440,0x0000000080019698,0x00000000800194a0,0x000000008000f238,0x00000000800003f0,0x0000000000000003,0x0000000080003cf8,0xffffffff8fefffce,0x000000005ae7e576,0x0000000000000000,0xffffffff8fafd6ce,0x00000000007f7b72,0x3fedd0be6c4371cb,0x0000000080005ec4,0x0000000000000000,0x401fdedc96b9f95e,0x4129fe50b16872b0,0x415207639d73eab3,0x0000000000000000,0x0000000000000000,0x0000000000000000,0x0000000080005ec4,0x0000000001703f29,0x0000000001657731,0x0000000001703f29,0x0000000001657731,0x0000000000211cf9,0x0000000000000a65,0x000000000000527c,0x0000000000000af4,0x00000000000084f6,0x0000000000acaeb3,0x0000000000001544
1784436937314,0x0000000080009fc2,0x0000000080018dc0,0x0000000080007a7a,0x0000000000000010,0x00000000800191f0,0x0000000080018e40,0x00000000005869e6,0x0000000036076ee0,0x00000000000f15fc,0x0000000000000002,0x00000000002c34f3,0x0000000023fbabc0,0x000000006c0eddd0,0x000000006c0eddc0,0x0000000000000005,0x000000006c0eddd0,0x00000000005869e6,0x3fedd0be6c4371cb,0x000000008000a120,0x403e88fa391e4302,0x403e88fa391e4302,0x4129fe458f837b4a,0x41520760c0ea4a8c,0x3ff12c1dda6375e0,0x0000000000000000,0x403e88fa391e4302,0x000000008000a120,0x00000000017113c3,0x0000000001664a11,0x00000000017113c3,0x0000000001664a11,0x0000000000212e84,0x0000000000000a66,0x000000000000527e,0x0000000000000afe,0x0000000000008529,0x0000000000ad13e5,0x0000000000001547
1784436938232,0x00000000800056f8,0x0000000080019060,0x0000000080007a7a,0x000000000000000f,0x0000000080019430,0x00000000800190b0,0x0000000080019548,0x000000008000f238,0x0000000000000006,0x0000000000000006,0x0000000080019310,0x00000000000000d8,0x000000008000f201,0x3fdc0c03dfdba580,0x0000000000000000,0x000000005803c5be,0x0000000000631f6c,0x3fedd0be6c4371c3,0x0000000080004954,0x0000000000000000,0x414fe4da7c74538f,0x4129fe60e7ef9db2,0x41520764cf089a02,0x3ff0000000000000,0x0000000000000000,0x0000000000000000,0x0000000080004954,0x000000000171eae7,0x0000000001671b53,0x000000000171eae7,0x0000000001671b53,0x0000000000214517,0x0000000000000a71,0x0000000000005281,0x0000000000000b0d,0x000000000000858b,0x0000000000ad7cfe,0x000000000000154a
1784436939151,0x00000000800057ae,0x0000000080018d90,0x0000000080007a7a,0x0000000000000000,0x00000000800191f0,0x0000000080018de0,0x0000000080018f50,0x000000008000f238,0x0000000000000006,0x0000000000000006,0x0000000000000006,0x0000000000000002,0xffffffffce3f1fff,0x0000000043f14cea,0x0000000000000000,0xffffffffce281d0e,0x000000000055dc95,0x3fedd0be6c4371c3,0x0000000080004a18,0x0000000000000000,0x4025772550fc533b,0x4129fe60e7ef9db2,0x41520764cf089a02,0x8000000000000000,0x3fb85cd8e2c41b82,0x3fb85cd8e2c41b82,0x0000000080004a18,0x000000000172db11,0x0000000001680c56,0x000000000172db11,0x0000000001680c56,0x000000000021589c,0x0000000000000a7a,0x0000000000005281,0x0000000000000b0d,0x00000000000085ae,0x0000000000adf0ec,0x000000000000154d
1784436940045,0x000000008000575e,0x0000000080019070,0x0000000080007a7a,0x000000000000000f,0x00000000800191f0,0x00000000800190b0,0x00000000800190d0,0x00000000800002d0,0x000000008000f238,0x0000000000000006,0x00000000800190d0,0x0000000080019180,0x000000008000f201,0x3fdf844f091a74e6,0x0000000000000000,0x00000000077ac3fe,0x000000000062b439,0x3fedd0be6c4371bc,0x0000000080004c1a,0x0000000000000000,0x414fe4d717a786c2,0x4129fe603ed288ce,0x4152076607e28241,0x3fc17a1e17d0772e,0x3fb85cd8e2c41b82,0x3fbaec350bb9de12,0x0000000080004c1a,0x000000000173af92,0x000000000168da59,0x000000000173af92,0x000000000168da59,0x0000000000216e5b,0x0000000000000a7c,0x0000000000005284,0x0000000000000b1c,0x0000000000008605,0x0000000000ae570e,0x0000000000001550
1784436940947,0x0000000080006260,0x0000000080019230,0x402a6014520d6125,0x0000000000000000,0x0000000000000000,0x0000000080019440,0x0000000080019698,0x00000000800194a0,0x000000008000f238,0x00000000800003f0,0x0000000000000002,0x0000000000000002,0x000000001ff6e8b8,0xffffffffe9d1ad80,0x0000000000000000,0x000000001fb4e000,0x00000000005a030f,0x3fedd0be6c4371b6,0x0000000080005bde,0x0000000000000000,0x402680c3fa746b60,0x4129fe603ed288ce,0x4152076607e28241,0x01a56e1fc2f8f359,0x0000000000000000,0x4012207dfca3cb69,0x0000000080005bde,0x0000000001748182,0x000000000169ac47,0x0000000001748182,0x000000000169ac47,0x0000000000217f68,0x0000000000000a85,0x0000000000005284,0x0000000000000b1c,0x0000000000008641,0x0000000000aebd4a,0x0000000000001553
1784436941847,0x000000008000583a,0x0000000080018ed0,0x0000000080007a7a,0x000000000000000f,0x00000000800191f0,0x0000000080018f20,0x00000000800194a0,0x000000008000f238,0x0000000000000003,0x0000000000000006,0x0000000000000000,0x000000000000000c,0x000000008000f201,0x3fe29340a72c5cdc,0x0000000000000000,0x0000000014976438,0x00000000005cc6ee,0x3fedd0be6c4371b6,0x00000000800049e2,0x0000000000000000,0x414fe4db7b67a0f9,0x4129fe420a305532,0x4152076499e69ad4,0x0000000000000000,0x0000000000000000,0x0000000000000000,0x00000000800049e2,0x0000000001755a88,0x00000000016a7f61,0x0000000001755a88,0x00000000016a7f61,0x000000000021958d,0x0000000000000a87,0x0000000000005286,0x0000000000000b27,0x000000000000866f,0x0000000000af24da,0x0000000000001556
1784436942453,0x0000000080006260,0x0000000080019230,0x402a6014520d6121,0x0000000000000000,0x0000000000000000,0x0000000080019440,0x0000000080019698,0x00000000800194a0,0x000000008000f238,0x00000000800003f0,0x0000000000000000,0x0000000000000002,0xffffffffbeeffffe,0x00000000740568c8,0x0000000000000000,0xffffffffbea671e0,0x0000000000638577,0x3fedd0be6c4371b0,0x0000000080005d00,0x0000000000000000,0x4028e15ddd015a32,0x4129fe420a305532,0x4152076499e69ad4,0x01a56e1fc2f8f359,0x3fedd0be6c4371b0,0x0000000000000000,0x0000000080005d00,0x0000000001760c4e,0x00000000016b2ef7,0x0000000001760c4e,0x00000000016b2ef7,0x000000000021a668,0x0000000000000a90,0x0000000000005286,0x0000000000000b28,0x00000000000086ad,0x0000000000af7ce8,0x0000000000001559
1784436943029,0x000000008000583a,0x0000000080018ed0,0x0000000080007a7a,0x000000000000000f,0x00000000800191f0,0x0000000080018f20,0x00000000800194a0,0x000000008000f238,0x0000000000000003,0x0000000000000006,0x000000008000f238,0x000000008000f320,0x000000008000f201,0x3fe324785c1c8724,0x0000000000000000,0x000000007d2ca29e,0x0000000000665e05,0x3fedd0be6c4371b0,0x00000000800049c6,0x0000000000000000,0x414fe4d690793dd9,0x4129fe48c6f69446,0x4152076682cbfb16,0x0000000000000000,0x0000000000000000,0x0000000000000000,0x00000000800049c6,0x000000000176c5af,0x00000000016be4b7,0x000000000176c5af,0x00000000016be4b7,0x000000000021b7a7,0x0000000000000a92,0x0000000000005288,0x0000000000000b32,0x00000000000086d2,0x0000000000afd4a1,0x000000000000155c
1784436943938,0x00000000800056f8,0x0000000080019060,0x0000000080007a7a,0x000000000000000f,0x0000000080019430,0x00000000800190b0,0x0000000080019548,0x000000008000f238,0x0000000000000006,0x0000000000000006,0x000000008000f238,0x000000008000f320,0x000000008000f201,0x3fe5bbf16b649264,0x0000000000000000,0x0000000021356038,0x00000000005d2ebb,0x3fedd0be6c4371ac,0x00000000800049c6,0x0000000000000000,0x414fe4db06041893,0x4129fe4ea467381d,0x41520764a34a233a,0x0000000000000000,0x0000000000000000,0x0000000000000000,0x00000000800049c6,0x000000000177ab9b,0x00000000016cc62c,0x000000000177ab9b,0x00000000016cc62c,0x000000000021cf32,0x0000000000000a9d,0x000000000000528b,0x0000000000000b41,0x0000000000008738,0x0000000000b04658,0x000000000000155f
1784436944842,0x000000008000589c,0x0000000080018ed0,0x0000000080007a7a,0x0000000000000000,0x00000000800191f0,0x0000000080018f20,0x0000000080019280,0x0000000080019118,0x0000000000000006,0x0000000000000003,0x0000000000000004,0x0000000000000003,0xffffffffddff7dee,0x0000000043f14ce6,0x0000000000000000,0xffffffffdded50ae,0x000000000055dc95,0x3fedd0be6c4371ac,0x0000000080004940,0x0000000000000000,0x4025772550fc533a,0x4129fe4ea467381d,0x41520764a34a233a,0x0000000000000000,0x0000000000000000,0x0000000000000000,0x0000000080004940,0x0000000001787986,0x00000000016d94c7,0x0000000001787986,0x00000000016d94c7,0x000000000021dfa8,0x0000000000000aa6,0x000000000000528b,0x0000000000000b41,0x0000000000008752,0x0000000000b0aa66,0x0000000000001563
1784436945743,0x0000000080005744,0x0000000080019060,0x0000000080007a7a,0x000000000000000f,0x00000000800191f0,0x00000000800190b0,0x0000000080019310,0x00000000800191f0,0x0000000000000006,0x0000000000000006,0x0000000000000000,0x0000000000000006,0x000000008000f201,0x3fe58c35d93a8ef5,0x0000000000000000,0x000000000f57a80e,0x00000000006690f8,0x3fedd0be6c4371a8,0x000000008000496c,0x0000000000000000,0x414fe4dcc06f6944,0x4129fe596c63f141,0x415207651fae147b,0x0000000000000000,0x3fe185d1eca6d032,0x3fe185d1eca6d032,0x000000008000496c,0x0000000001794e2f,0x00000000016e63a9,0x0000000001794e2f,0x00000000016e63a9,0x000000000021f5b8,0x0000000000000aa8,0x000000000000528e,0x0000000000000b4e,0x00000000000087a2,0x0000000000b11084,0x0000000000001566
1784436946630,0x00000000800057ae,0x0000000080018d90,0x0000000080007a7a,0x0000000000000000,0x00000000800191f0,0x0000000080018de0,0x0000000080018f50,0x000000008000f238,0x0000000000000006,0x0000000000000006,0x0000000000000003,0x0000000000000015,0xffffffffddff7dee,0x0000000043f14ce6,0x0000000000000000,0xffffffffdded50ae,0x000000000055dc95,0x3fedd0be6c4371a8,0x0000000080004978,0x0000000000000000,0x4025772550fc533a,0x4129fe596c63f141,0x415207651fae147b,0x3ff0000000000000,0xbf847ae147ae147c,0x3fb85cd8e2c41b82,0x0000000080004978,0x00000000017a3dc2,0x00000000016f537b,0x00000000017a3dc2,0x00000000016f537b,0x000000000022095a,0x0000000000000ab1,0x000000000000528e,0x0000000000000b4e,0x00000000000087bd,0x0000000000b183ec,0x0000000000001569
1784436947565,0x0000000080005820,0x0000000080018ed0,0x0000000080007a7a,0x000000000000000f,0x00000000800191f0,0x0000000080018f20,0x000000008000f238,0x0000000080019310,0x0000000000000006,0x0000000000000006,0x0000000080019280,0x0000000000000005,0x000000008000f201,0x3fe5c3b9e9325d22,0x0000000000000000,0x000000003f3dcde0,0x00000000006abf14,0x3fedd0be6c4371a6,0x00000000800049fc,0x0000000000000000,0x414fe4dac1e4f766,0x4129fe53c594af4f,0x415207627c538ef3,0x0000000000000000,0x0000000000000000,0x0000000000000000,0x00000000800049fc,0x00000000017b0ace,0x0000000001701aaa,0x00000000017b0ace,0x0000000001701aaa,0x0000000000221e7c,0x0000000000000ab3,0x0000000000005290,0x0000000000000b59,0x0000000000008803,0x0000000000b1e6d3,0x000000000000156c
1784436948485,0x0000000080006260,0x0000000080019230,0x402a6014520d6117,0x0000000000000000,0x0000000000000000,0x0000000080019440,0x0000000080019698,0x00000000800194a0,0x000000008000f238,0x00000000800003f0,0x00000000800194a0,0x0000000080019518,0xfffffffff071fdbf,0xffffffff9021f9de,0x0000000000000000,0xfffffffff07131be,0x0000000000559ff5,0x3fedd0be6c4371a4,0x0000000080005bd6,0x0000000000000000,0x402567fd64087e78,0x4129fe53c594af4f,0x415207627c538ef3,0x01a56e1fc2f8f359,0x0000000000000000,0x0000000000000000,0x0000000080005bd6,0x00000000017be022,0x000000000170ee1a,0x00000000017be022,0x000000000170ee1a,0x00000000002231e3,0x0000000000000abc,0x0000000000005290,0x0000000000000b59,0x000000000000883f,0x0000000000b24f85,0x000000000000156f
1784436949235,0x000000008000583a,0x0000000080018ed0,0x0000000080007a7a,0x000000000000000f,0x00000000800191f0,0x0000000080018f20,0x00000000800194a0,0x000000008000f238,0x0000000000000003,0x0000000000000006,0x0000000000000000,0x0000000000000006,0x000000008000f201,0x3fe29a91d5096982,0x0000000000000000,0xffffffff9dd20bf8,0x00000000006831c1,0x3fedd0be6c4371a4,0x00000000800049d6,0x0000000000000000,0x414fe4d85f837b4a,0x4129fe5527381d7e,0x4152076747972474,0x0000000000000000,0x0000000000000000,0x0000000000000000,0x00000000800049d6,0x00000000017c9c74,0x000000000171a67d,0x00000000017c9c74,0x000000000171a67d,0x00000000002243ad,0x0000000000000abe,0x0000000000005292,0x0000000000000b64,0x0000000000008866,0x0000000000b2a8c5,0x0000000000001572
1784436949819,0x0000000080006260,0x0000000080019230,0x402a6014520d6115,0x0000000000000000,0x0000000000000000,0x0000000080019440,0x0000000080019698,0x00000000800194a0,0x000000008000f238,0x00000000800003f0,0x000000008000f238,0x000000008000f320,0x000000004ef2fcde,0x000000006b6811d6,0x0000000000000000,0x000000004e70f08e,0x000000000055f5c9,0x3fedd0be6c4371a2,0x0000000080005bfe,0x0000000000000000,0x40257d725ada0476,0x4129fe5527381d7e,0x4152076747972474,0x01a56e1fc2f8f359,0x3ff0000000000000,0x3fedd0be6c4371a2,0x0000000080005bfe,0x00000000017d594d,0x00000000017260e0,0x00000000017d594d,0x00000000017260e0,0x000000000022555f,0x0000000000000ac7,0x0000000000005292,0x0000000000000b64,0x00000000000088ae,0x0000000000b305ed,0x0000000000001575
1784436950594,0x0000000080005850,0x0000000080018ed0,0x0000000080007a7a,0x000000000000000f,0x00000000800191f0,0x0000000080018f20,0x00000000800191f0,0x0000000080019310,0x0000000000000003,0x0000000000000006,0x0000000000000001,0x0000000000000007,0x000000008000f201,0x3fe56767089e9833,0x0000000000000000,0xffffffffe5188478,0x00000000006394b1,0x3fedd0be6c4371a2,0x00000000800049bc,0x0000000000000000,0x414fe4d6d2c3c9ef,0x4129fe4a2a305532,0x415207647a95e9e2,0x401623e8e4790c0a,0x0000000000000000,0x0000000000000000,0x00000000800049bc,0x00000000017e2d21,0x000000000173308d,0x00000000017e2d21,0x000000000173308d,0x00000000002268c8,0x0000000000000ac9,0x0000000000005295,0x0000000000000b72,0x00000000000088d9,0x0000000000b369e0,0x0000000000001578
1784436951482,0x00000000800056f8,0x0000000080019060,0x0000000080007a7a,0x000000000000000f,0x0000000080019430,0x00000000800190b0,0x0000000080019548,0x000000008000f238,0x0000000000000006,0x0000000000000006,0x0000000000000002,0x0000000000000006,0x000000008000f201,0x3fe44b8977a3ae62,0x0000000000000000,0x000000006248f938,0x0000000000614a25,0x3fedd0be6c4371a2,0x0000000080004940,0x0000000000000000,0x414fe4d63013a92a,0x4129fe5c9ad42c3d,0x4152076735f06f69,0x0000000000000000,0x0000000000000000,0x0000000000000000,0x0000000080004940,0x00000000017f0146,0x000000000173fff6,0x00000000017f0146,0x000000000173fff6,0x0000000000227ee5,0x0000000000000ad4,0x0000000000005298,0x0000000000000b81,0x0000000000008942,0x0000000000b3d2e2,0x000000000000157b
1784436952340,0x00000000800058f2,0x0000000080018ed0,0x0000000080007a7a,0x0000000000000000,0x00000000800191f0,0x0000000080018f20,0x00000000800193a0,0x00000000800194a0,0x0000000000000006,0x0000000000000003,0x0000000000000004,0x0000000000000006,0x0000000065cffe7b,0x0000000043f14ce4,0x0000000000000000,0x0000000065cfea78,0x000000000055dc95,0x3fedd0be6c4371a2,0x000000008000496c,0x0000000000000000,0x4025772550fc5339,0x4129fe5c9ad42c3d,0x4152076735f06f69,0x3fc0e154af64b902,0x0000000000000000,0x0000000000000000,0x000000008000496c,0x00000000017fe7ba,0x000000000174e723,0x00000000017fe7ba,0x000000000174e723,0x00000000002291b8,0x0000000000000add,0x0000000000005298,0x0000000000000b81,0x0000000000008961,0x0000000000b44231,0x000000000000157e
1784436953188,0x0000000080005744,0x0000000080019060,0x0000000080007a7a,0x000000000000000f,0x00000000800191f0,0x00000000800190b0,0x0000000080019310,0x00000000800191f0,0x0000000000000006,0x0000000000000006,0x00000000800191f0,0x0000000080019308,0x000000008000f201,0x3fe666c239804f5d,0x0000000000000000,0x000000004cda42fe,0x000000000060ba8e,0x3fedd0be6c4371a2,0x00000000800049c8,0x0000000000000000,0x414fe4dd435a8588,0x4129fe3bffd8adac,0x41520764435a8588,0x0000000000000000,0x0000000000000000,0x3ff0000000000000,0x00000000800049c8,0x000000000180b4ba,0x000000000175ae23,0x000000000180b4ba,0x000000000175ae23,0x000000000022a6cd,0x0000000000000adf,0x0000000000005299,0x0000000000000b88,0x00000000000089b3,0x0000000000b4a4f2,0x0000000000001581
1784436954060,0x00000000800057ae,0x0000000080018d90,0x0000000080007a7a,0x0000000000000000,0x00000000800191f0,0x0000000080018de0,0x0000000080018f50,0x000000008000f238,0x0000000000000006,0x0000000000000006,0x0000000080018df0,0x0000000080018e90,0x0000000065cffe7b,0x0000000043f14ce4,0x0000000000000000,0x0000000065cfea78,0x000000000055dc95,0x3fedd0be6c4371a2,0x000000008000495a,0x0000000000000000,0x4025772550fc5339,0x4129fe3bffd8adac,0x41520764435a8588,0x8000000000000000,0x0000000000000000,0x0000000000000000,0x000000008000495a,0x000000000181893a,0x00000000017682ba,0x000000000181893a,0x00000000017682ba,0x000000000022b830,0x0000000000000ae8,0x0000000000005299,0x0000000000000b88,0x00000000000089da,0x0000000000b50b83,0x0000000000001584
1784436954969,0x0000000080005820,0x0000000080018ed0,0x0000000080007a7a,0x000000000000000f,0x00000000800191f0,0x0000000080018f20,0x000000008000f238,0x0000000080019310,0x0000000000000006,0x0000000000000006,0x0000000000000003,0x0000000000000003,0x000000008000f201,0x3fe4818191217a25,0x0000000000000000,0xffffffffb4d154b8,0x0000000000702f1b,0x3fedd0be6c4371a2,0x00000000800049d6,0x0000000000000000,0x414fe4dea4f765fe,0x4129fe43594af4f1,0x41520761f10624dd,0x0000000000000000,0x3fe1aec7af362c5b,0x0000000000000000,0x00000000800049d6,0x000000000182605c,0x0000000001775432,0x000000000182605c,0x0000000001775432,0x000000000022ce22,0x0000000000000aea,0x000000000000529a,0x0000000000000b8d,0x0000000000008a23,0x0000000000b5734c,0x0000000000001587
1784436955894,0x00000000800056f8,0x0000000080019060,0x0000000080007a7a,0x000000000000000f,0x0000000080019430,0x00000000800190b0,0x0000000080019548,0x000000008000f238,0x0000000000000006,0x0000000000000006,0x0000000000000000,0x0000000000000006,0x000000008000f201,0x3fdfcd0e9ffcb01a,0x0000000000000000,0xfffffffff1d469ce,0x0000000000747b82,0x3fedd0be6c4371a2,0x00000000800049d6,0x0000000000000000,0x414fe4dadb5dcc64,0x4129fe605bda511a,0x4152076829ff2e49,0x0000000000000000,0x0000000000000000,0x0000000000000000,0x00000000800049d6,0x00000000018350d6,0x0000000001783ff8,0x00000000018350d6,0x0000000001783ff8,0x000000000022e685,0x0000000000000af5,0x000000000000529c,0x0000000000000b98,0x0000000000008a91,0x0000000000b5e9d4,0x000000000000158a
1784436956475,0x0000000080005850,0x0000000080018ed0,0x0000000080007a7a,0x000000000000000f,0x00000000800191f0,0x0000000080018f20,0x00000000800191f0,0x0000000080019310,0x0000000000000003,0x0000000000000006,0x00000000800191f0,0x0000000000000004,0x000000008000f201,0x3fdfcd0e9ffcb01a,0x0000000000000000,0xfffffffff1d469ce,0x0000000000747b82,0x3fedd0be6c4371a2,0x00000000800049aa,0x0000000000000000,0x414fe4dadb5dcc64,0x4129fe605bda511a,0x4152076829ff2e49,0x0000000000000000,0x401623e8e4790c0a,0x401623e8e4790c0a,0x00000000800049aa,0x000000000184046e,0x000000000178f273,0x000000000184046e,0x000000000178f273,0x000000000022f4ea,0x0000000000000af5,0x000000000000529c,0x0000000000000b98,0x0000000000008a9b,0x0000000000b63dea,0x000000000000158d
1784436957027,0x0000000080006260,0x0000000080019230,0x402a6014520d6113,0x0000000000000000,0x0000000000000000,0x0000000080019440,0x0000000080019698,0x00000000800194a0,0x000000008000f238,0x00000000800003f0,0x0000000000000003,0x0000000000000002,0xffffffff9cedf7ef,0xffffffffc592b206,0x0000000000000000,0xffffffff9cadd3ee,0x00000000007b5e24,0x3fedd0be6c4371a2,0x00000000800060b8,0x0000000000000000,0x402ed7893164ac82,0x4129fe605bda511a,0x4152076829ff2e49,0x0000000000000000,0x400fbccdc82844e2,0x401421e5d874a7d1,0x00000000800060b8,0x000000000184b58a,0x0000000001799f17,0x000000000184b58a,0x0000000001799f17,0x000000000023080a,0x0000000000000aff,0x000000000000529c,0x0000000000000b99,0x0000000000008ae5,0x0000000000b6959d,0x0000000000001590
1784436957927,0x0000000080009fc2,0x0000000080018dc0,0x0000000080007a7a,0x0000000000000800,0x00000000800191f0,0x0000000080018e40,0x00000000005869e6,0x0000000036076000,0x0000000000a48314,0x0000000000000002,0x00000000002c34f3,0x0000000069338000,0x000000006c0ec800,0x000000006c0ec000,0x000000000000000c,0x000000006c0ec800,0x00000000005869e6,0x3fedd0be6c4371a2,0x000000008000a0fc,0x403e88fa391e4302,0x403e88fa391e4302,0x4129fe56084b5dcc,0x41520767c41f212d,0x01a56e1fc2f8f359,0x0000000000000000,0x403e88fa391e4302,0x000000008000a0fc,0x0000000001858aaf,0x00000000017a7380,0x0000000001858aaf,0x00000000017a7380,0x00000000002318dd,0x0000000000000b02,0x000000000000529d,0x0000000000000b9d,0x0000000000008b1d,0x0000000000b6fc5c,0x0000000000001593
1784436958799,0x0000000080005744,0x0000000080019060,0x0000000080007a7a,0x000000000000000f,0x00000000800191f0,0x00000000800190b0,0x0000000080019310,0x00000000800191f0,0x0000000000000006,0x0000000000000006,0x0000000080019310,0x0000000080019338,0x000000008000f201,0x3fe55d7dcebda8fb,0x0000000000000000,0x00000000343d2738,0x00000000006750eb,0x3fedd0be6c4371a2,0x00000000800049a4,0x0000000000000000,0x414fe4db3b295e9e,0x4129fe541fd8adac,0x41520768f5e4f766,0x0000000000000000,0x3fe185d1eca6d032,0x3fe185d1eca6d032,0x00000000800049a4,0x0000000001867454,0x00000000017b577c,0x0000000001867454,0x00000000017b577c,0x00000000002330e2,0x0000000000000b0b,0x000000000000529f,0x0000000000000ba8,0x0000000000008b80,0x0000000000b76d6a,0x0000000000001596
1784436959712,0x00000000800057ae,0x0000000080018d90,0x0000000080007a7a,0x0000000000000000,0x00000000800191f0,0x0000000080018de0,0x0000000080018f50,0x000000008000f238,0x0000000000000006,0x0000000000000006,0x0000000000000001,0x0000000000000006,0x0000000065cffe7b,0x0000000043f14ce4,0x0000000000000000,0x0000000065cfea78,0x000000000055dc95,0x3fedd0be6c4371a2,0x000000008000496c,0x0000000000000000,0x4025772550fc5339,0x4129fe541fd8adac,0x41520768f5e4f766,0x3ff0000000000000,0xbfb9a486f73efccb,0x3fdcf46da09c9983,0x000000008000496c,0x0000000001874bd9,0x00000000017c2fa2,0x0000000001874bd9,0x00000000017c2fa2,0x0000000000234290,0x0000000000000b14,0x000000000000529f,0x0000000000000ba8,0x0000000000008b95,0x0000000000b7d5a7,0x0000000000001599
1784436960601,0x000000008000575e,0x0000000080019070,0x0000000080007a7a,0x000000000000000f,0x00000000800191f0,0x00000000800190b0,0x00000000800190d0,0x00000000800002d0,0x000000008000f238,0x0000000000000006,0x00000000800002d0,0x0000000000000030,0x000000008000f201,0x3fe87ddac3fcaab9,0x0000000000000000,0xffffffffc766640e,0x00000000006e86b4,0x3fedd0be6c4371a2,0x0000000080004c3a,0x0000000000000000,0x414fe4dd93c6a7f0,0x4129fe5d77f62b6b,0x41520769b58793de,0x3fc17a1e17d07729,0x3fe185d1eca6d032,0x0000000000000000,0x0000000080004c3a,0x0000000001881f3e,0x00000000017cfcc2,0x0000000001881f3e,0x00000000017cfcc2,0x0000000000235842,0x0000000000000b16,0x00000000000052a1,0x0000000000000bb3,0x0000000000008be1,0x0000000000b83b43,0x000000000000159c
1784436961507,0x00000000800057ae,0x0000000080018d90,0x0000000080007a7a,0x0000000000000000,0x00000000800191f0,0x0000000080018de0,0x0000000080018f50,0x000000008000f238,0x0000000000000006,0x0000000000000006,0x0000000080018f50,0x0000000000000003,0x0000000065cffe7b,0x0000000043f14ce4,0x0000000000000000,0x0000000065cfea78,0x000000000055dc95,0x3fedd0be6c4371a2,0x00000000800049aa,0x0000000000000000,0x4025772550fc5339,0x4129fe5d77f62b6b,0x41520769b58793de,0x8000000000000000,0x0000000000000000,0x0000000000000000,0x00000000800049aa,0x000000000188edd1,0x00000000017dcc10,0x000000000188edd1,0x00000000017dcc10,0x0000000000236938,0x0000000000000b1f,0x00000000000052a1,0x0000000000000bb3,0x0000000000008bf6,0x0000000000b89f57,0x000000000000159f
1784436962401,0x000000008000583a,0x0000000080018ed0,0x0000000080007a7a,0x000000000000000f,0x00000000800191f0,0x0000000080018f20,0x00000000800194a0,0x000000008000f238,0x0000000000000003,0x0000000000000006,0x0000000000000002,0x0000000000000006,0x000000008000f201,0x3febdecc2ea753f8,0x0000000000000000,0xffffffffeb002e00,0x0000000000744b52,0x3fedd0be6c4371a2,0x00000000800049b0,0x0000000000000000,0x414fe4da7df3b646,0x4129fe3d82d0e560,0x415207689adfa440,0x3ff0000000000000,0x0000000000000000,0x0000000000000000,0x00000000800049b0,0x000000000189c3d4,0x00000000017e9c1e,0x000000000189c3d4,0x00000000017e9c1e,0x0000000000237f10,0x0000000000000b21,0x00000000000052a4,0x0000000000000bc2,0x0000000000008c4b,0x0000000000b90653,0x00000000000015a2
1784436963226,0x00000000800056f8,0x0000000080019060,0x0000000080007a7a,0x000000000000000f,0x0000000080019430,0x00000000800190b0,0x0000000080019548,0x000000008000f238,0x0000000000000006,0x0000000000000006,0x0000000000000002,0x0000000000000002,0x000000008000f201,0x3fed3a18fe8ec97f,0x0000000000000000,0xffffffff86fa945e,0x00000000006eb557,0x3fedd0be6c4371a2,0x000000008000499c,0x0000000000000000,0x414fe4d74c189375,0x4129fe65d53f7cee,0x4152076495e1b08a,0x3ff0000000000000,0x0000000000000000,0x0000000000000000,0x000000008000499c,0x00000000018a988c,0x00000000017f6cbf,0x00000000018a988c,0x00000000017f6cbf,0x000000000023953b,0x0000000000000b2c,0x00000000000052a7,0x0000000000000bd1,0x0000000000008ca4,0x0000000000b97011,0x00000000000015a5
1784436963850,0x000000008000519e,0x0000000080018e90,0x0000000080007a7a,0x0000000000000000,0x00000000800191f0,0x0000000080018ee0,0x0000000000000000,0x0000000050fc5339,0x000000003fe00000,0x4025772550fc5339,0x0000000080019118,0x0000000080019158,0x0000000065cffe7b,0x0000000043f14ce4,0x0000000000000000,0x0000000065cfea78,0x000000000055dc95,0x3fedd0be6c4371a2,0x0000000080005284,0x0000000000000000,0x4025772550fc5339,0x4129fe65d53f7cee,0x4152076495e1b08a,0x0000000000000000,0x3fb7da31f035f47d,0x3f81c77792045d47,0x0000000080005284,0x00000000018b69d8,0x0000000001803e7b,0x00000000018b69d8,0x0000000001803e7b,0x000000000023a609,0x0000000000000b35,0x00000000000052a7,0x0000000000000bd1,0x0000000000008cb9,0x0000000000b9d5a2,0x00000000000015a8
1784436964420,0x0000000080005744,0x0000000080019060,0x0000000080007a7a,0x000000000000000f,0x00000000800191f0,0x00000000800190b0,0x0000000080019310,0x00000000800191f0,0x0000000000000006,0x0000000000000006,0x0000000000000000,0x0000000000000006,0x000000008000f201,0x3fe956b0fba81f97,0x0000000000000000,0x000000002e639f80,0x000000000069c3c0,0x3fedd0be6c4371a2,0x000000008000496c,0x0000000000000000,0x414fe4d69566cf42,0x4129fe3cede00d1b,0x415207688f0f27bb,0x0000000000000000,0x0000000000000000,0x0000000000000000,0x000000008000496c,0x00000000018c4b8b,0x0000000001811a3a,0x00000000018c4b8b,0x0000000001811a3a,0x000000000023bd1c,0x0000000000000b37,0x00000000000052a9,0x0000000000000bdc,0x0000000000008d0b,0x0000000000ba41af,0x00000000000015ab
1784436965320,0x00000000800058f2,0x0000000080018ed0,0x0000000080007a7a,0x0000000000000000,0x00000000800191f0,0x0000000080018f20,0x00000000800193a0,0x00000000800194a0,0x0000000000000006,0x0000000000000003,0x0000000080018f50,0x0000000000000108,0x0000000065cffe7b,0x0000000043f14ce4,0x0000000000000000,0x0000000065cfea78,0x000000000055dc95,0x3fedd0be6c4371a2,0x0000000080004980,0x0000000000000000,0x4025772550fc5339,0x4129fe3cede00d1b,0x415207688f0f27bb,0x0000000000000000,0x0000000000000000,0x0000000000000000,0x0000000080004980,0x00000000018d0f5f,0x000000000181de6e,0x00000000018d0f5f,0x000000000181de6e,0x000000000023cd3f,0x0000000000000b40,0x00000000000052a9,0x0000000000000bdc,0x0000000000008d23,0x0000000000baa08e,0x00000000000015ae
1784436966214,0x0000000080005744,0x0000000080019060,0x0000000080007a7a,0x000000000000000f,0x00000000800191f0,0x00000000800190b0,0x0000000080019310,0x00000000800191f0,0x0000000000000006,0x0000000000000006,0x0000000000000002,0x000000000000001a,0x000000008000f201,0x3fea7738424be9df,0x0000000000000000,0xffffffffa7bd9c78,0x000000000068511c,0x3fedd0be6c4371a2,0x000000008000499c,0x0000000000000000,0x414fe4dbffcb923a,0x4129fe5535cfaace,0x4152076877bcd35b,0x0000000000000000,0x0000000000000000,0x0000000000000000,0x000000008000499c,0x00000000018de65a,0x000000000182af48,0x00000000018de65a,0x000000000182af48,0x000000000023e32a,0x0000000000000b42,0x00000000000052ab,0x0000000000000be7,0x0000000000008d74,0x0000000000bb07e8,0x00000000000015b1
1784436967067,0x00000000800057ae,0x0000000080018d90,0x0000000080007a7a,0x0000000000000000,0x00000000800191f0,0x0000000080018de0,0x0000000080018f50,0x000000008000f238,0x0000000000000006,0x0000000000000006,0x0000000000000001,0x000000000000000d,0x0000000065cffe7b,0x0000000043f14ce4,0x0000000000000000,0x0000000065cfea78,0x000000000055dc95,0x3fedd0be6c4371a2,0x00000000800049bc,0x0000000000000000,0x4025772550fc5339,0x4129fe5535cfaace,0x4152076877bcd35b,0x8000000000000000,0x0000000000000000,0x0000000000000000,0x00000000800049bc,0x00000000018ebdd6,0x00000000018386be,0x00000000018ebdd6,0x00000000018386be,0x000000000023f4c7,0x0000000000000b4b,0x00000000000052ab,0x0000000000000be7,0x0000000000008d9a,0x0000000000bb6fd4,0x00000000000015b4
1784436967947,0x000000008000583a,0x0000000080018ed0,0x0000000080007a7a,0x000000000000000f,0x00000000800191f0,0x0000000080018f20,0x00000000800194a0,0x000000008000f238,0x0000000000000003,0x0000000000000006,0x000000008000f238,0x0000000000000000,0x000000008000f201,0x3feb16c1ea36eef8,0x0000000000000000,0xffffffff93f54b0e,0x0000000000737b63,0x3fedd0be6c4371a2,0x00000000800049d0,0x0000000000000000,0x414fe4d97a6e978d,0x4129fe56863f1412,0x4152076638ded289,0x0000000000000000,0x0000000000000000,0x0000000000000000,0x00000000800049d0,0x00000000018f96ab,0x000000000184597c,0x00000000018f96ab,0x000000000184597c,0x0000000000240acf,0x0000000000000b4d,0x00000000000052ae,0x0000000000000bf6,0x0000000000008df5,0x0000000000bbd844,0x00000000000015b7
1784436968875,0x00000000800056de,0x00000000800190b0,0x0000000080007a7a,0x000000000000000f,0x0000000080019430,0x0000000080019440,0x0000000080019310,0x0000000000000000,0x0000000000000000,0x000000008000f238,0x00000000800193c0,0x0000000000000000,0x000000008000f201,0x3fe8b30bf14135b1,0x0000000000000000,0xffffffffe11501ae,0x00000000006f627a,0x3fedd0be6c4371a2,0x0000000080007a68,0x0000000000000000,0x414fe4d7d4ac0831,0x4129fe57269ad42c,0x415207696886594b,0x414fe4a1909374bc,0x41520767f624dcf9,0x3ff0000000000000,0x0000000080007a68,0x0000000001906bc8,0x0000000001852a1a,0x0000000001906bc8,0x0000000001852a1a,0x0000000000242103,0x0000000000000b58,0x00000000000052b1,0x0000000000000c03,0x0000000000008e51,0x0000000000bc41fe,0x00000000000015ba
1784436969750,0x0000000080005018,0x0000000080018e40,0x0000000080007a7a,0x0000000000000000,0x00000000800191f0,0x0000000080018e90,0x0000000000000000,0x0000000050fc5339,0x000000003fe00000,0x4025772550fc5339,0x0000000000000002,0x0000000000000006,0x0000000065cffe7b,0x0000000043f14ce4,0x0000000000000000,0x0000000065cfea78,0x000000000055dc95,0x3fedd0be6c4371a2,0x0000000080005090,0x0000000000000000,0x4025772550fc5339,0x4129fe57269ad42c,0x415207696886594b,0x01a56e1fc2f8f359,0x3ff0000000000000,0x0000000000000000,0x0000000080005090,0x0000000001913d9e,0x000000000185fc3d,0x0000000001913d9e,0x000000000185fc3d,0x00000000002431bb,0x0000000000000b5f,0x00000000000052b1,0x0000000000000c03,0x0000000000008e6e,0x0000000000bca7c6,0x00000000000015bd
1784436970449,0x00000000800056f8,0x0000000080019060,0x0000000080007a7a,0x000000000000000f,0x0000000080019430,0x00000000800190b0,0x0000000080019548,0x000000008000f238,0x0000000000000006,0x0000000000000006,0x0000000080019310,0x0000000080019358,0x000000008000f201,0x3fea31dae0cb76b1,0x0000000000000000,0xfffffffff5d9d78e,0x00000000006cbda3,0x3fedd0be6c4371a2,0x00000000800049f0,0x0000000000000000,0x414fe4d95d6d5cfb,0x4129fe4b73a92a30,0x4152076aca9fbe77,0x0000000000000000,0x0000000000000000,0x0000000000000000,0x00000000800049f0,0x000000000191f1a0,0x000000000186a9c7,0x000000000191f1a0,0x000000000186a9c7,0x0000000000244540,0x0000000000000b63,0x00000000000052b3,0x0000000000000c0e,0x0000000000008ebd,0x0000000000bcfe32,0x00000000000015c0
1784436971011,0x0000000080005850,0x0000000080018ed0,0x0000000080007a7a,0x000000000000000f,0x00000000800191f0,0x0000000080018f20,0x00000000800191f0,0x0000000080019310,0x0000000000000003,0x0000000000000006,0x00000000800191a8,0x0000000000000005,0x000000008000f201,0x3fea31dae0cb76b1,0x0000000000000000,0xfffffffff5d9d78e,0x00000000006cbda3,0x3fedd0be6c4371a2,0x00000000800049f8,0x0000000000000000,0x414fe4d95d6d5cfb,0x4129fe4b73a92a30,0x4152076aca9fbe77,0x0000000000000000,0x401623e8e4790c0a,0x401623e8e4790c0a,0x00000000800049f8,0x0000000001929eba,0x00000000018755cd,0x0000000001929eba,0x00000000018755cd,0x000000000024531c,0x0000000000000b63,0x00000000000052b3,0x0000000000000c0e,0x0000000000008ec9,0x0000000000bd4f3d,0x00000000000015c3
1784436971677,0x00000000800056f8,0x0000000080019060,0x0000000080007a7a,0x000000000000000f,0x0000000080019430,0x00000000800190b0,0x0000000080019548,0x000000008000f238,0x0000000000000006,0x0000000000000006,0x000000008000f238,0x000000008000f248,0x000000008000f201,0x3fece600f802d344,0x0000000000000000,0xffffffffafcdda1e,0x000000000070c798,0x3fedd0be6c4371a2,0x00000000800049c6,0x0000000000000000,0x414fe4de1aa30553,0x4129fe4314af4f0e,0x4152076b287fcb92,0x0000000000000000,0x0000000000000000,0x0000000000000000,0x00000000800049c6,0x0000000001937774,0x00000000018829b1,0x0000000001937774,0x00000000018829b1,0x0000000000246990,0x0000000000000b6e,0x00000000000052b5,0x0000000000000c19,0x0000000000008f37,0x0000000000bdba70,0x00000000000015c6
1784436972555,0x00000000800058f2,0x0000000080018ed0,0x0000000080007a7a,0x0000000000000000,0x00000000800191f0,0x0000000080018f20,0x00000000800193a0,0x00000000800194a0,0x0000000000000006,0x0000000000000003,0x0000000000000005,0x0000000000000011,0x0000000065cffe7b,0x0000000043f14ce4,0x0000000000000000,0x0000000065cfea78,0x000000000055dc95,0x3fedd0be6c4371a2,0x00000000800049bc,0x0000000000000000,0x4025772550fc5339,0x4129fe4314af4f0e,0x4152076b287fcb92,0x0000000000000000,0x0000000000000000,0x0000000000000000,0x00000000800049bc,0x00000000019450e8,0x00000000018903a3,0x00000000019450e8,0x00000000018903a3,0x0000000000247b4f,0x0000000000000b77,0x00000000000052b5,0x0000000000000c19,0x0000000000008f60,0x0000000000be238c,0x00000000000015c9
1784436973464,0x0000000080005744,0x0000000080019060,0x0000000080007a7a,0x000000000000000f,0x00000000800191f0,0x00000000800190b0,0x0000000080019310,0x00000000800191f0,0x0000000000000006,0x0000000000000006,0x00000000800190d0,0x0000000000000004,0x000000008000f201,0x3fef69e6e5a50f67,0x0000000000000000,0xffffffff9fcc729e,0x00000000007b2091,0x3fedd0be6c4371a2,0x0000000080004a00,0x0000000000000000,0x414fe4d58f7ced91,0x4129fe4e322d0e56,0x415207698b2fec57,0x3fe185d1eca6d032,0x4013efc4d6ad9501,0x4016207f14426f07,0x0000000080004a00,0x000000000195212a,0x000000000189ce0f,0x000000000195212a,0x000000000189ce0f,0x00000000002490af,0x0000000000000b79,0x00000000000052b8,0x0000000000000c28,0x0000000000008fae,0x0000000000be87d2,0x00000000000015cc
1784436974375,0x00000000800057ae,0x0000000080018d90,0x0000000080007a7a,0x0000000000000000,0x00000000800191f0,0x0000000080018de0,0x0000000080018f50,0x000000008000f238,0x0000000000000006,0x0000000000000006,0x000000008000f238,0x0000000000000060,0x0000000065cffe7b,0x0000000043f14ce4,0x0000000000000000,0x0000000065cfea78,0x000000000055dc95,0x3fedd0be6c4371a2,0x00000000800049c4,0x0000000000000000,0x4025772550fc5339,0x4129fe4e322d0e56,0x415207698b2fec57,0x3fea330ae25af21c,0x0000000000000000,0x0000000000000000,0x00000000800049c4,0x000000000195ef2d,0x00000000018a9c1a,0x000000000195ef2d,0x00000000018a9c1a,0x000000000024a182,0x0000000000000b82,0x00000000000052b8,0x0000000000000c28,0x0000000000008fd2,0x0000000000beeb50,0x00000000000015cf
1784436975246,0x0000000080005820,0x0000000080018ed0,0x0000000080007a7a,0x000000000000000f,0x00000000800191f0,0x0000000080018f20,0x000000008000f238,0x0000000080019310,0x0000000000000006,0x0000000000000006,0x0000000080019310,0x0000000080019370,0x000000008000f201,0x3fef610893e0275b,0x0000000000000000,0x0000000070f107de,0x00000000006a3eb6,0x3fedd0be6c4371a2,0x00000000800049c6,0x0000000000000000,0x414fe4dbc6dc5d64,0x4129fe4e2872b021,0x41520764cfc6a7f0,0x0000000000000000,0x3fe1aec7af362c5b,0x3fe1aec7af362c5b,0x00000000800049c6,0x000000000196c768,0x00000000018b6e5b,0x000000000196c768,0x00000000018b6e5b,0x000000000024b786,0x0000000000000b84,0x00000000000052bb,0x0000000000000c37,0x0000000000009027,0x0000000000bf5379,0x00000000000015d2
1784436976163,0x0000000080006260,0x0000000080019230,0x402a6014520d6113,0x0000000000000000,0x0000000000000000,0x0000000080019440,0x0000000080019698,0x00000000800194a0,0x000000008000f238,0x00000000800003f0,0x00000000800194a0,0x0000000000000048,0xffffffffe6a4fffc,0x000000000a33c6ac,0x0000000000000000,0xffffffffe6a4be38,0x000000000051a65b,0x3fedd0be6c4371a2,0x0000000080005bd4,0x0000000000000000,0x40346996c28cf1ab,0x4129fe4e2872b021,0x41520764cfc6a7f0,0x01a56e1fc2f8f359,0x0000000000000000,0x4012207dfca3cb69,0x0000000080005bd4,0x0000000001979837,0x00000000018c3d62,0x0000000001979837,0x00000000018c3d62,0x000000000024c99b,0x0000000000000b8d,0x00000000000052bb,0x0000000000000c37,0x0000000000009072,0x0000000000bfb93d,0x00000000000015d5
1784436977041,0x0000000080005850,0x0000000080018ed0,0x0000000080007a7a,0x000000000000000f,0x00000000800191f0,0x0000000080018f20,0x00000000800191f0,0x0000000080019310,0x0000000000000003,0x0000000000000006,0x0000000000000002,0x0000000000000006,0x000000008000f201,0x3fe969bd5a5c1ad2,0x0000000000000000,0xffffffffac9f2f80,0x0000000000786846,0x3fedd0be6c4371a2,0x0000000080004998,0x0000000000000000,0x414fe4dbe27bb2ff,0x4129fe51a809d495,0x41520766a6560419,0x0000000000000000,0x0000000000000000,0x0000000000000000,0x0000000080004998,0x00000000019877a6,0x00000000018d17e4,0x00000000019877a6,0x00000000018d17e4,0x000000000024df35,0x0000000000000b8f,0x00000000000052bd,0x0000000000000c42,0x0000000000009091,0x0000000000c02357,0x00000000000015d8
1784436977694,0x0000000080006260,0x0000000080019230,0x402a6014520d6113,0x0000000000000000,0x0000000000000000,0x0000000080019440,0x0000000080019698,0x00000000800194a0,0x000000008000f238,0x00000000800003f0,0x0000000000000003,0x000000000000000c,0xfffffffff469bdb9,0x0000000040ba14b4,0x0000000000000000,0xfffffffff461b0b8,0x00000000005c679c,0x3fedd0be6c4371a2,0x0000000080005cb2,0x0000000000000000,0x402719e7102e852d,0x4129fe51a809d495,0x41520766a6560419,0x01a56e1fc2f8f359,0x0000000000000000,0x0000000000000000,0x0000000080005cb2,0x0000000001992259,0x00000000018dbf9e,0x0000000001992259,0x00000000018dbf9e,0x000000000024f07d,0x0000000000000b98,0x00000000000052bd,0x0000000000000c43,0x00000000000090cb,0x0000000000c078c2,0x00000000000015db
1784436978252,0x000000008000583a,0x0000000080018ed0,0x0000000080007a7a,0x000000000000000f,0x00000000800191f0,0x0000000080018f20,0x00000000800194a0,0x000000008000f238,0x0000000000000003,0x0000000000000006,0x00000000800194a0,0x00000000800194a0,0x000000008000f201,0x3fe6307107eff27a,0x0000000000000000,0x00000000352803ce,0x000000000078abbe,0x3fedd0be6c4371a2,0x00000000800049a4,0x0000000000000000,0x414fe4dcae809d49,0x4129fe4acc3c9eed,0x415207638e2339c1,0x0000000000000000,0x0000000000000000,0x0000000000000000,0x00000000800049a4,0x000000000199cec5,0x00000000018e695c,0x000000000199cec5,0x00000000018e695c,0x000000000024ffaa,0x0000000000000b9a,0x00000000000052bf,0x0000000000000c4d,0x00000000000090f1,0x0000000000c0c9cb,0x00000000000015de
1784436979061,0x0000000080006260,0x0000000080019230,0x402a6014520d6113,0x0000000000000000,0x0000000000000000,0x0000000080019440,0x0000000080019698,0x00000000800194a0,0x000000008000f238,0x00000000800003f0,0x0000000000000002,0x000000000000000c,0xfffffffff0bed000,0x0000000029137200,0x0000000000000000,0xfffffffff09e0000,0x00000000005bc991,0x3fedd0be6c4371a2,0x0000000080005cac,0x0000000000000000,0x4036f2644a44dc80,0x4129fe4acc3c9eed,0x415207638e2339c1,0x01a56e1fc2f8f359,0x0000000000000000,0x0000000000000000,0x0000000080005cac,0x00000000019a986e,0x00000000018f2fb9,0x00000000019a986e,0x00000000018f2fb9,0x0000000000251373,0x0000000000000ba3,0x00000000000052bf,0x0000000000000c4e,0x0000000000009127,0x0000000000c12d99,0x00000000000015e1
1784436979937,0x0000000080004ede,0x0000000080018de0,0x0000000080007a7a,0x0000000000000000,0x00000000800191f0,0x0000000080018e40,0x0000000000000001,0x000000001b03b771,0x000000003fe00000,0x40161a799b03b771,0x0000000080019118,0x0000000080019138,0xffffffffcfbb17fa,0x000000006c0eddc4,0x0000000000000000,0xffffffffcf3a00f8,0x00000000005869e6,0x3fedd0be6c4371a2,0x0000000080004e2a,0x0000000000000000,0x40161a799b03b771,0x4129fe51e0000000,0x41520765704d013b,0x01a56e1fc2f8f359,0x0000000000000000,0x0000000000000000,0x0000000080004e2a,0x00000000019b708f,0x0000000001900587,0x00000000019b708f,0x0000000001900587,0x0000000000252603,0x0000000000000ba7,0x00000000000052c2,0x0000000000000c5c,0x0000000000009154,0x0000000000c1944e,0x00000000000015e4
1784436980856,0x00000000800056f8,0x0000000080019060,0x0000000080007a7a,0x000000000000000f,0x0000000080019430,0x00000000800190b0,0x0000000080019548,0x000000008000f238,0x0000000000000006,0x0000000000000006,0x0000000080019310,0x0000000000000070,0x000000008000f201,0x3fd79075e413975a,0x0000000000000000,0xffffffffa6fab380,0x000000000078f74b,0x3fedd0be6c4371a2,0x00000000800049ea,0x0000000000000000,0x414fe4dcac9ba5e3,0x4129fe4f295182aa,0x415207664adfa440,0x3ff0000000000000,0x4012207dfca3cb69,0x3fdcf46da09c9983,0x00000000800049ea,0x00000000019c33a4,0x000000000190c339,0x00000000019c33a4,0x000000000190c339,0x0000000000253ae8,0x0000000000000bb0,0x00000000000052c5,0x0000000000000c69,0x00000000000091b4,0x0000000000c1f42b,0x00000000000015e7
1784436981692,0x00000000800058f2,0x0000000080018ed0,0x0000000080007a7a,0x0000000000000000,0x00000000800191f0,0x0000000080018f20,0x00000000800193a0,0x00000000800194a0,0x0000000000000006,0x0000000000000003,0x0000000000000000,0x0000000000000000,0x0000000065cffe7b,0x0000000043f14ce4,0x0000000000000000,0x0000000065cfea78,0x000000000055dc95,0x3fedd0be6c4371a2,0x0000000080004970,0x0000000000000000,0x4025772550fc5339,0x4129fe4f295182aa,0x415207664adfa440,0x0000000000000000,0x0000000000000000,0x0000000000000000,0x0000000080004970,0x00000000019d095c,0x000000000191997a,0x00000000019d095c,0x000000000191997a,0x0000000000254c60,0x0000000000000bb9,0x00000000000052c5,0x0000000000000c69,0x00000000000091d1,0x0000000000c25b91,0x00000000000015ea
1784436982449,0x00000000800056f8,0x0000000080019060,0x0000000080007a7a,0x000000000000000f,0x0000000080019430,0x00000000800190b0,0x0000000080019548,0x000000008000f238,0x0000000000000006,0x0000000000000006,0x0000000080019310,0x0000000000000001,0x000000008000f201,0x3fd2f01ade031581,0x0000000000000000,0xffffffffbd42fcbe,0x00000000007cb80d,0x3fedd0be6c4371a2,0x00000000800049f8,0x0000000000000000,0x414fe4dc22305532,0x4129fe5460902de0,0x4152076b620c49ba,0x0000000000000000,0x0000000000000000,0x0000000000000000,0x00000000800049f8,0x00000000019dc2cc,0x0000000001924ccf,0x00000000019dc2cc,0x0000000001924ccf,0x0000000000256001,0x0000000000000bbb,0x00000000000052c7,0x0000000000000c74,0x0000000000009220,0x0000000000c2b509,0x00000000000015ed
1784436983215,0x00000000800058f2,0x0000000080018ed0,0x0000000080007a7a,0x0000000000000000,0x00000000800191f0,0x0000000080018f20,0x00000000800193a0,0x00000000800194a0,0x0000000000000006,0x0000000000000003,0x0000000000000003,0x0000000000000006,0x0000000065cffe7b,0x0000000043f14ce4,0x0000000000000000,0x0000000065cfea78,0x000000000055dc95,0x3fedd0be6c4371a2,0x0000000080004940,0x0000000000000000,0x4025772550fc5339,0x4129fe5460902de0,0x4152076b620c49ba,0x0000000000000000,0x0000000000000000,0x0000000000000000,0x0000000080004940,0x00000000019e8e75,0x0000000001931983,0x00000000019e8e75,0x0000000001931983,0x00000000002570a3,0x0000000000000bc4,0x00000000000052c7,0x0000000000000c74,0x0000000000009239,0x0000000000c317e6,0x00000000000015f0
1784436984124,0x0000000080005744,0x0000000080019060,0x0000000080007a7a,0x000000000000000f,0x00000000800191f0,0x00000000800190b0,0x0000000080019310,0x00000000800191f0,0x0000000000000006,0x0000000000000006,0x0000000000000003,0x0000000000000012,0x000000008000f201,0x3fdae324028cf533,0x0000000000000000,0xffffffff970510f8,0x00000000007bfb81,0x3fedd0be6c4371a2,0x0000000080004970,0x0000000000000000,0x414fe4da71b3d07d,0x4129fe555212d773,0x4152076a9da1cac1,0x3fdcf46da09c9983,0x0000000000000000,0x0000000000000000,0x0000000080004970,0x00000000019f6642,0x000000000193eafd,0x00000000019f6642,0x000000000193eafd,0x0000000000258697,0x0000000000000bc6,0x00000000000052c9,0x0000000000000c7f,0x000000000000928e,0x0000000000c37f9c,0x00000000000015f3
1784436984787,0x000000008000578a,0x0000000080018db0,0x0000000080007a7a,0x0000000000000000,0x00000000800191f0,0x0000000080018de0,0x0000000080018f50,0x0000000000000006,0x0000000000000006,0x0000000000000003,0x0000000000000001,0x0000000000000013,0x0000000065cffe7b,0x0000000043f14ce4,0x0000000000000000,0x0000000065cfea78,0x000000000055dc95,0x3fedd0be6c4371a2,0x0000000080004ce2,0x0000000000000000,0x4025772550fc5339,0x4129fe555212d773,0x4152076a9da1cac1,0x3f8314f4c02b2a00,0x0000000000000000,0x8000000000000000,0x0000000080004ce2,0x0000000001a01305,0x0000000001949855,0x0000000001a01305,0x0000000001949855,0x00000000002594bb,0x0000000000000bcf,0x00000000000052c9,0x0000000000000c7f,0x00000000000092a9,0x0000000000c3d3b2,0x00000000000015f6
1784436985355,0x0000000080005744,0x0000000080019060,0x0000000080007a7a,0x000000000000000f,0x00000000800191f0,0x00000000800190b0,0x0000000080019310,0x00000000800191f0,0x0000000000000006,0x0000000000000006,0x0000000000000000,0x0000000000000006,0x000000008000f201,0x3fdfb52c352effea,0x0000000000000000,0xffffffffbab569f8,0x00000000007934ad,0x3fedd0be6c4371a2,0x000000008000498e,0x0000000000000000,0x414fe4dd54ea4a8c,0x4129fe59dcd35a86,0x4152076bbfe76c8b,0x3fe185d1eca6d032,0x0000000000000000,0x0000000000000000,0x000000008000498e,0x0000000001a0c3a7,0x0000000001954342,0x0000000001a0c3a7,0x0000000001954342,0x000000000025a794,0x0000000000000bd1,0x00000000000052cc,0x0000000000000c8e,0x00000000000092fa,0x0000000000c42946,0x00000000000015f9
1784436986230,0x00000000800057ae,0x0000000080018d90,0x0000000080007a7a,0x0000000000000000,0x00000000800191f0,0x0000000080018de0,0x0000000080018f50,0x000000008000f238,0x0000000000000006,0x0000000000000006,0x0000000000000004,0x0000000000000018,0x0000000065cffe7b,0x0000000043f14ce4,0x0000000000000000,0x0000000065cfea78,0x000000000055dc95,0x3fedd0be6c4371a2,0x0000000080004970,0x0000000000000000,0x4025772550fc5339,0x4129fe59dcd35a86,0x4152076bbfe76c8b,0x8000000000000000,0x0000000000000000,0x0000000000000000,0x0000000080004970,0x0000000001a1b47a,0x00000000019633df,0x0000000001a1b47a,0x00000000019633df,0x000000000025bb48,0x0000000000000bda,0x00000000000052cc,0x0000000000000c8e,0x0000000000009320,0x0000000000c49d09,0x00000000000015fc
1784436987111,0x0000000080005820,0x0000000080018ed0,0x0000000080007a7a,0x000000000000000f,0x00000000800191f0,0x0000000080018f20,0x000000008000f238,0x0000000080019310,0x0000000000000006,0x0000000000000006,0x0000000000000002,0x000000000000000e,0x000000008000f201,0x3fe32699b2c2ad3f,0x0000000000000000,0x000000001f0d382e,0x00000000007ffa35,0x3fedd0be6c4371a2,0x000000008000494c,0x0000000000000000,0x414fe4de1178d4fe,0x4129fe542d9e83e4,0x4152076bc0ac0831,0x3ff12c1dda6375ca,0x0000000000000000,0x0000000000000000,0x000000008000494c,0x0000000001a28775,0x000000000197010e,0x0000000001a28775,0x000000000197010e,0x000000000025d0e1,0x0000000000000bdc,0x00000000000052cf,0x0000000000000c9d,0x0000000000009370,0x0000000000c502bd,0x00000000000015ff
1784436987975,0x0000000080006260,0x0000000080019230,0x402a6014520d6113,0x0000000000000000,0x0000000000000000,0x0000000080019440,0x0000000080019698,0x00000000800194a0,0x000000008000f238,0x00000000800003f0,0x0000000000000003,0x0000000000000002,0xfffffffff677fffe,0xffffffffa56a8804,0x0000000000000000,0xfffffffff635dff8,0x00000000004fc3c7,0x3fedd0be6c4371a2,0x0000000080005c9e,0x0000000000000000,0x4023f0f1e95aa201,0x4129fe542d9e83e4,0x4152076bc0ac0831,0x01a56e1fc2f8f359,0x0000000000000000,0x0000000000000000,0x0000000080005c9e,0x0000000001a35c73,0x000000000197d292,0x0000000001a35c73,0x000000000197d292,0x000000000025e594,0x0000000000000be5,0x00000000000052cf,0x0000000000000c9e,0x00000000000093b4,0x0000000000c56bd3,0x0000000000001602
1784436988886,0x0000000080009fc2,0x0000000080018dc0,0x0000000080007a7a,0x0000000000010000,0x00000000800191f0,0x0000000080018e40,0x00000000005869e6,0x0000000036070000,0x00000000004c979e,0x0000000000000002,0x00000000002c34f3,0x000000000bcf0000,0x000000006c0d0000,0x000000006c0e0000,0x0000000000000011,0x000000006c0d0000,0x00000000005869e6,0x3fedd0be6c4371a2,0x000000008000a124,0x403e88fa391e4302,0x403e88fa391e4302,0x4129fe494b50b0f2,0x41520765e6acd9e8,0x01a56e1fc2f8f359,0x0000000000000000,0x403e88fa391e4302,0x000000008000a124,0x0000000001a43632,0x000000000198aa80,0x0000000001a43632,0x000000000198aa80,0x000000000025f82a,0x0000000000000be9,0x00000000000052d1,0x0000000000000ca8,0x00000000000093f0,0x0000000000c5d419,0x0000000000001605
1784436989780,0x00000000800056f8,0x0000000080019060,0x0000000080007a7a,0x000000000000000f,0x0000000080019430,0x00000000800190b0,0x0000000080019548,0x000000008000f238,0x0000000000000006,0x0000000000000006,0x000000008000f238,0x0000000000000004,0x000000008000f201,0x3fe0fd24929ff788,0x0000000000000000,0x0000000037bc6538,0x0000000000442db3,0x3fedd0be6c4371a2,0x00000000800049d0,0x0000000000000000,0x414fe4e145a5119d,0x4129fe520f34d6a1,0x4152076bbfc6a7f0,0x3ff0000000000000,0x0000000000000000,0x0000000000000000,0x00000000800049d0,0x0000000001a508c1,0x00000000019976ab,0x0000000001a508c1,0x00000000019976ab,0x0000000000260e63,0x0000000000000bf2,0x00000000000052d3,0x0000000000000cb3,0x0000000000009453,0x0000000000c63a20,0x0000000000001608
1784436990531,0x00000000800058f2,0x0000000080018ed0,0x0000000080007a7a,0x0000000000000000,0x00000000800191f0,0x0000000080018f20,0x00000000800193a0,0x00000000800194a0,0x0000000000000006,0x0000000000000003,0x00000000800193a0,0x0000000080019410,0x0000000065cffe7b,0x0000000043f14ce4,0x0000000000000000,0x0000000065cfea78,0x000000000055dc95,0x3fedd0be6c4371a2,0x00000000800049a4,0x0000000000000000,0x4025772550fc5339,0x4129fe520f34d6a1,0x4152076bbfc6a7f0,0x0000000000000000,0x0000000000000000,0x0000000000000000,0x00000000800049a4,0x0000000001a5e1b4,0x00000000019a504d,0x0000000001a5e1b4,0x00000000019a504d,0x0000000000262016,0x0000000000000bfb,0x00000000000052d3,0x0000000000000cb3,0x0000000000009479,0x0000000000c6a311,0x000000000000160b
1784436991383,0x0000000080005744,0x0000000080019060,0x0000000080007a7a,0x000000000000000f,0x00000000800191f0,0x00000000800190b0,0x0000000080019310,0x00000000800191f0,0x0000000000000006,0x0000000000000006,0x0000000000000004,0x0000000000000006,0x000000008000f201,0x3fe39865799e3c8d,0x0000000000000000,0xffffffffb26f856e,0x000000000044e4d5,0x3fedd0be6c4371a2,0x000000008000496c,0x0000000000000000,0x414fe4ddaedc5d64,0x4129fe48f62b6ae8,0x4152076adfa29c78,0x0000000000000000,0x0000000000000000,0x0000000000000000,0x000000008000496c,0x0000000001a6c048,0x00000000019b2876,0x0000000001a6c048,0x00000000019b2876,0x000000000026369f,0x0000000000000bfd,0x00000000000052d6,0x0000000000000cc2,0x00000000000094d4,0x0000000000c70dd2,0x000000000000160e
1784436992078,0x00000000800057ae,0x0000000080018d90,0x0000000080007a7a,0x0000000000000000,0x00000000800191f0,0x0000000080018de0,0x0000000080018f50,0x000000008000f238,0x0000000000000006,0x0000000000000006,0x0000000000000003,0x0000000000000006,0x0000000065cffe7b,0x0000000043f14ce4,0x0000000000000000,0x0000000065cfea78,0x000000000055dc95,0x3fedd0be6c4371a2,0x00000000800049b0,0x0000000000000000,0x4025772550fc5339,0x4129fe48f62b6ae8,0x4152076adfa29c78,0x3ff0000000000000,0x0000000000000000,0x0000000000000000,0x00000000800049b0,0x0000000001a782e1,0x00000000019beb4d,0x0000000001a782e1,0x00000000019beb4d,0x0000000000264684,0x0000000000000c06,0x00000000000052d6,0x0000000000000cc2,0x00000000000094fd,0x0000000000c76c09,0x0000000000001611
1784436992655,0x0000000080005744,0x0000000080019060,0x0000000080007a7a,0x000000000000000f,0x00000000800191f0,0x00000000800190b0,0x0000000080019310,0x00000000800191f0,0x0000000000000006,0x0000000000000006,0x0000000080019310,0x0000000080019420,0x000000008000f201,0x3fe4a199fd5e76fb,0x0000000000000000,0x000000007e0f7078,0x00000000004198b5,0x3fedd0be6c4371a2,0x00000000800049a4,0x0000000000000000,0x414fe4db5e809d49,0x4129fe512a161e4f,0x4152076afffe5c92,0x0000000000000000,0x0000000000000000,0x0000000000000000,0x00000000800049a4,0x0000000001a83eac,0x00000000019ca137,0x0000000001a83eac,0x00000000019ca137,0x0000000000265a50,0x0000000000000c08,0x00000000000052d9,0x0000000000000ccf,0x0000000000009542,0x0000000000c7c6c2,0x0000000000001614
1784436993467,0x0000000080009fc2,0x0000000080019420,0x402a6014520d6113,0x000000000071d5a5,0x0000000000000000,0x0000000080019700,0x000000000071d5a4,0x0000000000000001,0x00000000005b9274,0x0000000000000002,0x000000000038ead2,0xffffffff9e000000,0x0000000000000001,0x0000000000000000,0x0000000000000000,0x0000000000000000,0x0000000000000000,0x3fedd0be6c4371a2,0x000000008000a0d2,0x40494f26e4bafd3c,0x40494f26e4bafd3c,0x4129fe512a161e4f,0x4152076afffe5c92,0x3ff0000000000000,0x40452b8287d420f9,0x40494f26e4bafd3c,0x000000008000a0d2,0x0000000001a91464,0x00000000019d7694,0x0000000001a91464,0x00000000019d7694,0x0000000000266bbd,0x0000000000000c11,0x00000000000052d9,0x0000000000000ccf,0x0000000000009578,0x0000000000c82df2,0x0000000000001617
1784436994322,0x000000008000583a,0x0000000080018ed0,0x0000000080007a7a,0x000000000000000f,0x00000000800191f0,0x0000000080018f20,0x00000000800194a0,0x000000008000f238,0x0000000000000003,0x0000000000000006,0x0000000000000001,0x0000000000000006,0x000000008000f201,0x3fe57d368fc09bf6,0x0000000000000000,0xffffffffa253098e,0x00000000007f5986,0x3fedd0be6c4371a2,0x0000000080004976,0x0000000000000000,0x414fe4db7c8b4396,0x4129fe4bdb15b574,0x4152076a26666666,0x0000000000000000,0x0000000000000000,0x0000000000000000,0x0000000080004976,0x0000000001a9e708,0x00000000019e43e9,0x0000000001a9e708,0x00000000019e43e9,0x000000000026814b,0x0000000000000c13,0x00000000000052db,0x0000000000000cda,0x00000000000095b9,0x0000000000c8938b,0x000000000000161a
1784436995192,0x00000000800056f8,0x0000000080019060,0x0000000080007a7a,0x000000000000000f,0x0000000080019430,0x00000000800190b0,0x0000000080019548,0x000000008000f238,0x0000000000000006,0x0000000000000006,0x0000000000000000,0x0000000000000006,0x000000008000f201,0x3fe50519d679968d,0x0000000000000000,0x000000003bd0b31e,0x00000000004026f7,0x3fedd0be6c4371a2,0x00000000800049d6,0x0000000000000000,0x414fe4dde813a92a,0x4129fe4e50e56042,0x41520771c5b3d07d,0x0000000000000000,0x0000000000000000,0x0000000000000000,0x00000000800049d6,0x0000000001aabcfa,0x00000000019f1576,0x0000000001aabcfa,0x00000000019f1576,0x0000000000269789,0x0000000000000c1e,0x00000000000052dd,0x0000000000000ce5,0x0000000000009623,0x0000000000c8fda7,0x000000000000161d
1784436996094,0x000000008000589c,0x0000000080018ed0,0x0000000080007a7a,0x0000000000000000,0x00000000800191f0,0x0000000080018f20,0x0000000080019280,0x0000000080019118,0x0000000000000006,0x0000000000000003,0x0000000000000002,0x0000000000000003,0x0000000065cffe7b,0x0000000043f14ce4,0x0000000000000000,0x0000000065cfea78,0x000000000055dc95,0x3fedd0be6c4371a2,0x00000000800049b0,0x0000000000000000,0x4025772550fc5339,0x4129fe4e50e56042,0x41520771c5b3d07d,0x0000000000000000,0x0000000000000000,0x0000000000000000,0x00000000800049b0,0x0000000001ab9601,0x00000000019feedc,0x0000000001ab9601,0x00000000019feedc,0x000000000026a8e7,0x0000000000000c27,0x00000000000052dd,0x0000000000000ce5,0x0000000000009641,0x0000000000c966ce,0x0000000000001620
1784436996934,0x0000000080005744,0x0000000080019060,0x0000000080007a7a,0x000000000000000f,0x00000000800191f0,0x00000000800190b0,0x0000000080019310,0x00000000800191f0,0x0000000000000006,0x0000000000000006,0x0000000000000002,0x0000000000000002,0x000000008000f201,0x3fed81d8a0c6d93c,0x0000000000000000,0x000000000d424d78,0x0000000000443a8d,0x3fedd0be6c4371a2,0x00000000800049e4,0x0000000000000000,0x414fe4db7c1bda51,0x4129fe4cb25460aa,0x4152076d0b5dcc64,0x0000000000000000,0x0000000000000000,0x0000000000000000,0x00000000800049e4,0x0000000001ac6eef,0x0000000001a0c203,0x0000000001ac6eef,0x0000000001a0c203,0x000000000026bf57,0x0000000000000c29,0x00000000000052e0,0x0000000000000cf4,0x000000000000968a,0x0000000000c9cee2,0x0000000000001623
1784436997852,0x00000000800058f2,0x0000000080018ed0,0x0000000080007a7a,0x0000000000000000,0x00000000800191f0,0x0000000080018f20,0x00000000800193a0,0x00000000800194a0,0x0000000000000006,0x0000000000000003,0x0000000000000000,0x0000000000000018,0x0000000065cffe7b,0x0000000043f14ce4,0x0000000000000000,0x0000000065cfea78,0x000000000055dc95,0x3fedd0be6c4371a2,0x00000000800049e4,0x0000000000000000,0x4025772550fc5339,0x4129fe4cb25460aa,0x4152076d0b5dcc64,0x0000000000000000,0x0000000000000000,0x0000000000000000,0x00000000800049e4,0x0000000001ad2c16,0x0000000001a17f31,0x0000000001ad2c16,0x0000000001a17f31,0x000000000026cee8,0x0000000000000c32,0x00000000000052e0,0x0000000000000cf4,0x00000000000096a5,0x0000000000ca2a76,0x0000000000001626
1784436998733,0x0000000080005744,0x0000000080019060,0x0000000080007a7a,0x000000000000000f,0x00000000800191f0,0x00000000800190b0,0x0000000080019310,0x00000000800191f0,0x0000000000000006,0x0000000000000006,0x00000000800190d0,0x0000000080019150,0x000000008000f201,0x3feef6359c47837d,0x0000000000000000,0xffffffffe00ed8f8,0x000000000040f50f,0x3fedd0be6c4371a2,0x0000000080004984,0x0000000000000000,0x414fe4df4bf7ced9,0x4129fe570bac710d,0x4152076a675a8588,0x4013efc4d6ad9501,0x0000000000000000,0x0000000000000000,0x0000000080004984,0x0000000001adfa10,0x0000000001a24721,0x0000000001adfa10,0x0000000001a24721,0x000000000026e417,0x0000000000000c34,0x00000000000052e3,0x0000000000000d03,0x00000000000096ea,0x0000000000ca8dab,0x0000000000001629
1784436999323,0x00000000800057ae,0x0000000080018d90,0x0000000080007a7a,0x0000000000000000,0x00000000800191f0,0x0000000080018de0,0x0000000080018f50,0x000000008000f238,0x0000000000000006,0x0000000000000006,0x0000000080018f50,0x0000000080018f78,0x0000000065cffe7b,0x0000000043f14ce4,0x0000000000000000,0x0000000065cfea78,0x000000000055dc95,0x3fedd0be6c4371a2,0x00000000800049a6,0x0000000000000000,0x4025772550fc5339,0x4129fe570bac710d,0x4152076a675a8588,0x8000000000000000,0x4012207dfca3cb69,0x4012207dfca3cb69,0x00000000800049a6,0x0000000001aeb2f8,0x0000000001a300db,0x0000000001aeb2f8,0x0000000001a300db,0x000000000026f33c,0x0000000000000c3d,0x00000000000052e3,0x0000000000000d03,0x0000000000009701,0x0000000000cae797,0x000000000000162c
1784436999946,0x0000000080005744,0x0000000080019060,0x0000000080007a7a,0x000000000000000f,0x00000000800191f0,0x00000000800190b0,0x0000000080019310,0x00000000800191f0,0x0000000000000006,0x0000000000000006,0x0000000000000002,0x0000000000000018,0x000000008000f201,0x3fecc9644f4d6417,0x0000000000000000,0x000000007da28f0e,0x00000000004529d3,0x3fedd0be6c4371a2,0x00000000800049ba,0x0000000000000000,0x414fe4dd92fb7e91,0x4129fe47f46dc5d6,0x415207683fa43fe6,0x3fedd0be6c4371a1,0x0000000000000000,0x0000000000000000,0x00000000800049ba,0x0000000001af887d,0x0000000001a3d00b,0x0000000001af887d,0x0000000001a3d00b,0x0000000000270920,0x0000000000000c3f,0x00000000000052e5,0x0000000000000d0e,0x000000000000974e,0x0000000000cb4e33,0x000000000000162f
1784437000826,0x00000000800057ae,0x0000000080018d90,0x0000000080007a7a,0x0000000000000000,0x00000000800191f0,0x0000000080018de0,0x0000000080018f50,0x000000008000f238,0x0000000000000006,0x0000000000000006,0x0000000000000002,0x0000000000000006,0x0000000065cffe7b,0x0000000043f14ce4,0x0000000000000000,0x0000000065cfea78,0x000000000055dc95,0x3fedd0be6c4371a2,0x00000000800049b0,0x0000000000000000,0x4025772550fc5339,0x4129fe47f46dc5d6,0x415207683fa43fe6,0x8000000000000000,0x0000000000000000,0x0000000000000000,0x00000000800049b0,0x0000000001b05a6a,0x0000000001a4a26c,0x0000000001b05a6a,0x0000000001a4a26c,0x0000000000271a53,0x0000000000000c48,0x00000000000052e5,0x0000000000000d0e,0x0000000000009763,0x0000000000cbb3bb,0x0000000000001632
1784437001706,0x000000008000583a,0x0000000080018ed0,0x0000000080007a7a,0x000000000000000f,0x00000000800191f0,0x0000000080018f20,0x00000000800194a0,0x000000008000f238,0x0000000000000003,0x0000000000000006,0x0000000000000001,0x0000000000000006,0x000000008000f201,0x3fe80f5c9fd0c771,0x0000000000000000,0x0000000061386dfe,0x00000000004403d2,0x3fedd0be6c4371a2,0x0000000080004992,0x0000000000000000,0x414fe4e13e041893,0x4129fe3b83c9eecc,0x4152076d250ff972,0x0000000000000000,0x0000000000000000,0x0000000000000000,0x0000000080004992,0x0000000001b13503,0x0000000001a57719,0x0000000001b13503,0x0000000001a57719,0x000000000027308b,0x0000000000000c4a,0x00000000000052e7,0x0000000000000d19,0x00000000000097b4,0x0000000000cc1cef,0x0000000000001635
1784437002531,0x0000000080006270,0x0000000080019440,0x402a6014520d6113,0x0000000000000000,0x0000000000000000,0x0000000080019700,0x0000000080019698,0x00000000800194a0,0x000000008000f238,0x00000000800003f0,0x000000008000f208,0x000000008000f2e0,0xffffffffb1bfffbf,0x0000000024f08526,0x0000000000000000,0xffffffffb1bfbf2e,0x0000000000624fb4,0x3fedd0be6c4371a2,0x00000000800062de,0x0000000000000000,0x4006b7d8120fff14,0x4129fe3b83c9eecc,0x4152076d250ff972,0x0000000000000000,0x40225137ae6953a0,0x3fb85cd8e2c41b82,0x00000000800062de,0x0000000001b1fca7,0x0000000001a63a5c,0x0000000001b1fca7,0x0000000001a63a5c,0x00000000002745c8,0x0000000000000c55,0x00000000000052e7,0x0000000000000d1a,0x00000000000097ed,0x0000000000cc7f51,0x0000000000001638
1784437003412,0x0000000080004ede,0x0000000080018de0,0x0000000080007a7a,0x0000000000000000,0x00000000800191f0,0x0000000080018e40,0x0000000000000001,0x000000001b03b771,0x000000003fe00000,0x40161a799b03b771,0x0000000080019118,0x0000000080019148,0xffffffffcfbb17fa,0x000000006c0eddc4,0x0000000000000000,0xffffffffcf3a00f8,0x00000000005869e6,0x3fedd0be6c4371a2,0x0000000080004e5c,0x0000000000000000,0x40161a799b03b771,0x4129fe3f3c01a36e,0x4152076b8741f213,0x01a56e1fc2f8f359,0x405ccc3930020bf5,0x405ccc3930020bf5,0x0000000080004e5c,0x0000000001b2d25d,0x0000000001a70fee,0x0000000001b2d25d,0x0000000001a70fee,0x0000000000275682,0x0000000000000c58,0x00000000000052ea,0x0000000000000d28,0x0000000000009829,0x0000000000cce6d6,0x000000000000163b
1784437004327,0x00000000800056f8,0x0000000080019060,0x0000000080007a7a,0x000000000000000f,0x0000000080019430,0x00000000800190b0,0x0000000080019548,0x000000008000f238,0x0000000000000006,0x0000000000000006,0x0000000000000000,0x0000000000000000,0x000000008000f201,0x3fe8b7d4e4541f51,0x0000000000000000,0xffffffffd06d6138,0x0000000000487a39,0x3fedd0be6c4371a2,0x00000000800049b4,0x0000000000000000,0x414fe4de4adab9f5,0x4129fe582a7ef9db,0x4152076cc7837b4a,0x0000000000000000,0x0000000000000000,0x0000000000000000,0x00000000800049b4,0x0000000001b3a50e,0x0000000001a7dc2f,0x0000000001b3a50e,0x0000000001a7dc2f,0x0000000000276cb5,0x0000000000000c60,0x00000000000052eb,0x0000000000000d2d,0x0000000000009884,0x0000000000cd4c9e,0x000000000000163e
1784437005237,0x00000000800058f2,0x0000000080018ed0,0x0000000080007a7a,0x0000000000000000,0x00000000800191f0,0x0000000080018f20,0x00000000800193a0,0x00000000800194a0,0x0000000000000006,0x0000000000000003,0x0000000080018f50,0x0000000080019000,0x0000000065cffe7b,0x0000000043f14ce4,0x0000000000000000,0x0000000065cfea78,0x000000000055dc95,0x3fedd0be6c4371a2,0x0000000080004982,0x0000000000000000,0x4025772550fc5339,0x4129fe582a7ef9db,0x4152076cc7837b4a,0x0000000000000000,0x0000000000000000,0x0000000000000000,0x0000000080004982,0x0000000001b47759,0x0000000001a8af29,0x0000000001b47759,0x0000000001a8af29,0x0000000000277de0,0x0000000000000c69,0x00000000000052eb,0x0000000000000d2d,0x00000000000098a5,0x0000000000cdb270,0x0000000000001641
1784437006133,0x000000008000571c,0x0000000080019070,0x0000000080007a7a,0x000000000000000f,0x0000000080019310,0x00000000800190b0,0x0000000080019548,0x00000000800191f0,0x0000000000000006,0x00000000800191f0,0x0000000000000006,0x0000000000000005,0x000000008000f201,0x3fe93d1975c22e6a,0x0000000000000000,0xffffffffe86ece00,0x000000000045a14f,0x3fedd0be6c4371a2,0x0000000080004bb8,0x0000000000000000,0x414fe4da95b8bac7,0x4129fe517bc01a37,0x4152076ed9e83e42,0x3ff0000000000000,0x0000000000000000,0x3ff0000000000000,0x0000000080004bb8,0x0000000001b52cb9,0x0000000001a95ebc,0x0000000001b52cb9,0x0000000001a95ebc,0x0000000000279115,0x0000000000000c6b,0x00000000000052eb,0x0000000000000d2e,0x00000000000098f5,0x0000000000ce0a25,0x0000000000001644
1784437006700,0x00000000800058f2,0x0000000080018ed0,0x0000000080007a7a,0x0000000000000000,0x00000000800191f0,0x0000000080018f20,0x00000000800193a0,0x00000000800194a0,0x0000000000000006,0x0000000000000003,0x0000000000000002,0x0000000000000006,0x0000000065cffe7b,0x0000000043f14ce4,0x0000000000000000,0x0000000065cfea78,0x000000000055dc95,0x3fedd0be6c4371a2,0x00000000800049b0,0x0000000000000000,0x4025772550fc5339,0x4129fe517bc01a37,0x4152076ed9e83e42,0x0000000000000000,0x0000000000000000,0x0000000000000000,0x00000000800049b0,0x0000000001b5e6f1,0x0000000001aa18d6,0x0000000001b5e6f1,0x0000000001aa18d6,0x000000000027a057,0x0000000000000c74,0x00000000000052eb,0x0000000000000d2e,0x0000000000009917,0x0000000000ce6447,0x0000000000001647
1784437007298,0x0000000080005744,0x0000000080019060,0x0000000080007a7a,0x000000000000000f,0x00000000800191f0,0x00000000800190b0,0x0000000080019310,0x00000000800191f0,0x0000000000000006,0x0000000000000006,0x0000000000000004,0x0000000000000006,0x000000008000f201,0x3febed25f7ce15ea,0x0000000000000000,0xffffffffa2a33b5e,0x000000000042650d,0x3fedd0be6c4371a2,0x0000000080004a06,0x0000000000000000,0x414fe4da222d0e56,0x4129fe2bab1c432d,0x41520772ebef9db2,0x0000000000000000,0x0000000000000000,0x0000000000000000,0x0000000080004a06,0x0000000001b6b5d8,0x0000000001aae1f6,0x0000000001b6b5d8,0x0000000001aae1f6,0x000000000027b59b,0x0000000000000c76,0x00000000000052ec,0x0000000000000d33,0x0000000000009969,0x0000000000cec7ec,0x000000000000164a
1784437008212,0x00000000800057ae,0x0000000080018d90,0x0000000080007a7a,0x0000000000000000,0x00000000800191f0,0x0000000080018de0,0x0000000080018f50,0x000000008000f238,0x0000000000000006,0x0000000000000006,0x0000000000000002,0x000000000000000c,0x0000000065cffe7b,0x0000000043f14ce4,0x0000000000000000,0x0000000065cfea78,0x000000000055dc95,0x3fedd0be6c4371a2,0x0000000080004992,0x0000000000000000,0x4025772550fc5339,0x4129fe2bab1c432d,0x41520772ebef9db2,0x8000000000000000,0x0000000000000000,0x0000000000000000,0x0000000080004992,0x0000000001b78dca,0x0000000001abba08,0x0000000001b78dca,0x0000000001abba08,0x000000000027c746,0x0000000000000c7f,0x00000000000052ec,0x0000000000000d33,0x0000000000009991,0x0000000000cf3021,0x000000000000164d
1784437009090,0x0000000080005820,0x0000000080018ed0,0x0000000080007a7a,0x000000000000000f,0x00000000800191f0,0x0000000080018f20,0x000000008000f238,0x0000000080019310,0x0000000000000006,0x0000000000000006,0x0000000000000000,0x0000000000000006,0x000000008000f201,0x3ff16d4b6cac9da0,0x0000000000000000,0x000000005928c7e0,0x000000000043a4d5,0x3fedd0be6c4371a2,0x000000008000497a,0x0000000000000000,0x414fe4df6a2339c1,0x4129fe3142752546,0x4152076f3de353f8,0x0000000000000000,0x0000000000000000,0x0000000000000000,0x000000008000497a,0x0000000001b863de,0x0000000001ac8a8f,0x0000000001b863de,0x0000000001ac8a8f,0x000000000027dd26,0x0000000000000c81,0x00000000000052ed,0x0000000000000d38,0x00000000000099de,0x0000000000cf976a,0x0000000000001650
1784437009895,0x0000000080006260,0x0000000080019230,0x402a6014520d6113,0x0000000000000000,0x0000000000000000,0x0000000080019440,0x0000000080019698,0x00000000800194a0,0x000000008000f238,0x00000000800003f0,0x00000000800194a0,0x00000000800194f8,0xffffffffc25cfdcf,0xffffffffa4d150f6,0x0000000000000000,0xffffffffc25ca9ce,0x000000000058416c,0x3fedd0be6c4371a2,0x0000000080005cee,0x0000000000000000,0x4026105b2934543e,0x4129fe3142752546,0x4152076f3de353f8,0x01a56e1fc2f8f359,0x0000000000000000,0x0000000000000000,0x0000000080005cee,0x0000000001b93df3,0x0000000001ad61c2,0x0000000001b93df3,0x0000000001ad61c2,0x000000000027f182,0x0000000000000c8a,0x00000000000052ed,0x0000000000000d39,0x0000000000009a29,0x0000000000d00260,0x0000000000001653
1784437010799,0x000000008000583a,0x0000000080018ed0,0x0000000080007a7a,0x000000000000000f,0x00000000800191f0,0x0000000080018f20,0x00000000800194a0,0x000000008000f238,0x0000000000000003,0x0000000000000006,0x0000000000000002,0x0000000000000006,0x000000008000f201,0x3ff213c26248f51e,0x0000000000000000,0x0000000002aa4380,0x000000000048167f,0x3fedd0be6c4371a2,0x0000000080004998,0x0000000000000000,0x414fe4e2d6944674,0x4129fe2e6b50b0f2,0x4152076ff3b7e910,0x0000000000000000,0x0000000000000000,0x0000000000000000,0x0000000080004998,0x0000000001b9fac9,0x0000000001ae1b3c,0x0000000001b9fac9,0x0000000001ae1b3c,0x00000000002802ca,0x0000000000000c8c,0x00000000000052f0,0x0000000000000d48,0x0000000000009a4e,0x0000000000d05b93,0x0000000000001656
1784437011705,0x0000000080006146,0x0000000080019440,0x0000000080007a7a,0x000000000000000f,0x0000000080019530,0x0000000080019700,0x00000000800194a0,0x0000000000000000,0x0000000000000000,0x0000000080000438,0x0000000080019530,0x0000000000000000,0xffffffff80fdffff,0xffffffff9069a984,0x0000000000000000,0xffffffff80bc39f8,0x00000000004bfc8c,0x3fedd0be6c4371a2,0x0000000080007a6c,0x0000000000000000,0x414fe4e139446738,0x4129fe457b089a02,0x4152076b39d49518,0x414fe496fa43fe5d,0x4129fe45bc84b5dd,0x4152076cf9cfaace,0x0000000080007a6c,0x0000000001bac643,0x0000000001aee20c,0x0000000001bac643,0x0000000001aee20c,0x0000000000281833,0x0000000000000c97,0x00000000000052f2,0x0000000000000d53,0x0000000000009abb,0x0000000000d0c0ad,0x0000000000001659
1784437012641,0x000000008000519e,0x0000000080018e90,0x0000000080007a7a,0x0000000000000000,0x00000000800191f0,0x0000000080018ee0,0x0000000000000000,0x0000000050fc5339,0x000000003fe00000,0x4025772550fc5339,0x0000000000000002,0x0000000000000002,0x0000000065cffe7b,0x0000000043f14ce4,0x0000000000000000,0x0000000065cfea78,0x000000000055dc95,0x3fedd0be6c4371a2,0x00000000800053d4,0x0000000000000000,0x4025772550fc5339,0x4129fe457b089a02,0x4152076b39d49518,0x0000000000000000,0x0000000000000000,0x0000000000000000,0x00000000800053d4,0x0000000001bb9ded,0x0000000001afb950,0x0000000001bb9ded,0x0000000001afb950,0x000000000028296e,0x0000000000000ca0,0x00000000000052f2,0x0000000000000d53,0x0000000000009ae0,0x0000000000d128c9,0x000000000000165c
1784437013423,0x00000000800056f8,0x0000000080019060,0x0000000080007a7a,0x000000000000000f,0x0000000080019430,0x00000000800190b0,0x0000000080019548,0x000000008000f238,0x0000000000000006,0x0000000000000006,0x0000000000000004,0x000000000000000a,0x000000008000f201,0x3ff09d30d340135a,0x0000000000000000,0x0000000007113ef8,0x00000000004a541d,0x3fedd0be6c4371a2,0x000000008000499c,0x0000000000000000,0x414fe4e08ded288d,0x4129fe3d5e83e426,0x4152076d87a43fe6,0x0000000000000000,0x3fdcf46da09c9983,0x3fdcf46da09c9983,0x000000008000499c,0x0000000001bc4a28,0x0000000001b05f43,0x0000000001bc4a28,0x0000000001b05f43,0x0000000000283c43,0x0000000000000ca2,0x00000000000052f4,0x0000000000000d5e,0x0000000000009b26,0x0000000000d17b8f,0x000000000000165f
1784437013980,0x0000000080004ede,0x0000000080018de0,0x0000000080007a7a,0x0000000000000000,0x00000000800191f0,0x0000000080018e40,0x0000000000000001,0x000000001b03b771,0x000000003fe00000,0x40161a799b03b771,0x0000000080019118,0x0000000080019148,0xffffffffcfbb17fa,0x000000006c0eddc4,0x0000000000000000,0xffffffffcf3a00f8,0x00000000005869e6,0x3fedd0be6c4371a2,0x0000000080004f1c,0x0000000000000000,0x40161a799b03b771,0x4129fe3d5e83e426,0x4152076d87a43fe6,0x01a56e1fc2f8f359,0x0000000000000000,0x0000000000000000,0x0000000080004f1c,0x0000000001bd09ca,0x0000000001b11dd4,0x0000000001bd09ca,0x0000000001b11dd4,0x0000000000284b5f,0x0000000000000ca4,0x00000000000052f4,0x0000000000000d5e,0x0000000000009b3b,0x0000000000d1d649,0x0000000000001662
1784437014605,0x00000000800056f8,0x0000000080019060,0x0000000080007a7a,0x000000000000000f,0x0000000080019430,0x00000000800190b0,0x0000000080019548,0x000000008000f238,0x0000000000000006,0x0000000000000006,0x0000000000000002,0x0000000000000001,0x000000008000f201,0x3fefb3e63e86385a,0x0000000000000000,0x000000007437a1e0,0x000000000049f935,0x3fedd0be6c4371a2,0x0000000080004966,0x0000000000000000,0x414fe4df1ade00d2,0x4129fe40b34d6a16,0x4152076ea76e2eb2,0x3ff0000000000000,0x0000000000000000,0x3fdcf46da09c9983,0x0000000080004966,0x0000000001bdc082,0x0000000001b1ceff,0x0000000001bdc082,0x0000000001b1ceff,0x0000000000285f3c,0x0000000000000cad,0x00000000000052f7,0x0000000000000d6d,0x0000000000009b9f,0x0000000000d2303b,0x0000000000001665
1784437015415,0x000000008000589c,0x0000000080018ed0,0x0000000080007a7a,0x0000000000000000,0x00000000800191f0,0x0000000080018f20,0x0000000080019280,0x0000000080019118,0x0000000000000006,0x0000000000000003,0x0000000000000001,0x0000000000000001,0x0000000065cffe7b,0x0000000043f14ce4,0x0000000000000000,0x0000000065cfea78,0x000000000055dc95,0x3fedd0be6c4371a2,0x00000000800049e4,0x0000000000000000,0x4025772550fc5339,0x4129fe40b34d6a16,0x4152076ea76e2eb2,0x401623e8e4790c0a,0x0000000000000000,0x0000000000000000,0x00000000800049e4,0x0000000001be8dfc,0x0000000001b29cc2,0x0000000001be8dfc,0x0000000001b29cc2,0x0000000000286fa6,0x0000000000000cb6,0x00000000000052f7,0x0000000000000d6d,0x0000000000009bc1,0x0000000000d293ee,0x0000000000001668
1784437016284,0x000000008000572e,0x00000000800190b0,0x0000000080007a7a,0x000000000000000f,0x00000000800191f0,0x0000000080019440,0x00000000800190d0,0x0000000000000000,0x0000000000000000,0x00000000800191f0,0x00000000800191e0,0x0000000000000000,0x000000008000f201,0x3fef6c841698dafb,0x0000000000000000,0x000000002bfeec5e,0x000000000048ea60,0x3fedd0be6c4371a2,0x0000000080007a6c,0x0000000000000000,0x414fe4e24ca2339c,0x4129fe4d9a858794,0x4152076e92e978d5,0x3ff0000000000000,0x0000000000000000,0x3ff0000000000000,0x0000000080007a6c,0x0000000001bf68cd,0x0000000001b371fa,0x0000000001bf68cd,0x0000000001b371fa,0x000000000028863b,0x0000000000000cb8,0x00000000000052fa,0x0000000000000d7a,0x0000000000009c11,0x0000000000d2fd00,0x000000000000166b
1784437017218,0x00000000800057ae,0x0000000080018d90,0x0000000080007a7a,0x0000000000000000,0x00000000800191f0,0x0000000080018de0,0x0000000080018f50,0x000000008000f238,0x0000000000000006,0x0000000000000006,0x0000000000000000,0x0000000000000006,0x0000000065cffe7b,0x0000000043f14ce4,0x0000000000000000,0x0000000065cfea78,0x000000000055dc95,0x3fedd0be6c4371a2,0x000000008000499a,0x0000000000000000,0x4025772550fc5339,0x4129fe4d9a858794,0x4152076e92e978d5,0x8000000000000000,0x0000000000000000,0x0000000000000000,0x000000008000499a,0x0000000001c04332,0x0000000001b44cba,0x0000000001c04332,0x0000000001b44cba,0x0000000000289818,0x0000000000000cc1,0x00000000000052fa,0x0000000000000d7a,0x0000000000009c2d,0x0000000000d36678,0x000000000000166e
1784437018100,0x000000008000575e,0x0000000080019070,0x0000000080007a7a,0x000000000000000f,0x00000000800191f0,0x00000000800190b0,0x00000000800190d0,0x00000000800002d0,0x000000008000f238,0x0000000000000006,0x0000000000000002,0x000000000000000c,0x000000008000f201,0x3feecb1f5b555e88,0x0000000000000000,0xffffffffa704bf80,0x00000000004c7ad7,0x3fedd0be6c4371a2,0x0000000080004c2a,0x0000000000000000,0x414fe4e42d14e3bd,0x4129fe380a4a8c15,0x4152076dcd9b3d08,0x3fc17a1e17d07729,0x3fe185d1eca6d032,0x401623e8e4790c0a,0x0000000080004c2a,0x0000000001c118c9,0x0000000001b51bbb,0x0000000001c118c9,0x0000000001b51bbb,0x000000000028adfd,0x0000000000000cc3,0x00000000000052fc,0x0000000000000d85,0x0000000000009c79,0x0000000000d3ccf9,0x0000000000001671
1784437018954,0x0000000080006260,0x0000000080019230,0x402a6014520d6113,0x0000000000000000,0x0000000000000000,0x0000000080019440,0x0000000080019698,0x00000000800194a0,0x000000008000f238,0x00000000800003f0,0x00000000800194a0,0x0000000080019518,0x000000006b6e82df,0x0000000058e9e0b2,0x0000000000000000,0x000000006b62021e,0x00000000004af23e,0x3fedd0be6c4371a2,0x0000000080005ce6,0x0000000000000000,0x4022bc8f963a782d,0x4129fe380a4a8c15,0x4152076dcd9b3d08,0x01a56e1fc2f8f359,0x0000000000000000,0x0000000000000000,0x0000000080005ce6,0x0000000001c20373,0x0000000001b603fe,0x0000000001c20373,0x0000000001b603fe,0x000000000028c3c2,0x0000000000000ccc,0x00000000000052fc,0x0000000000000d86,0x0000000000009cac,0x0000000000d4402b,0x0000000000001674
1784437019855,0x0000000080009fc2,0x0000000080018dc0,0x0000000080007a7a,0x0000000000000200,0x00000000800191f0,0x0000000080018e40,0x000000000055dc95,0xffffffffa1f8a400,0x0000000000690b40,0x0000000000000003,0x00000000002aee4a,0x000000001ceb7800,0x0000000043f14a00,0x0000000043f14c00,0x000000000000000a,0x0000000043f14a00,0x000000000055dc95,0x3fedd0be6c4371a2,0x000000008000a10e,0x405ccc3930020bf5,0x405ccc3930020bf5,0x4129fe5044ea4a8c,0x4152076833f2e48f,0x01a56e1fc2f8f359,0x0000000000000000,0x405ccc3930020bf5,0x000000008000a10e,0x0000000001c2e6ab,0x0000000001b6e626,0x0000000001c2e6ab,0x0000000001b6e626,0x000000000028d7be,0x0000000000000cd1,0x00000000000052fe,0x0000000000000d90,0x0000000000009cdc,0x0000000000d4af1c,0x0000000000001677
1784437020631,0x00000000800066d4,0x0000000080019700,0x402a6014520d6113,0x0000000000000000,0x0000000000000000,0x00000000800199a0,0x0000000020000004,0x000000000000000a,0x000000008000f3a8,0x000000008000f3a8,0x00000000000001b7,0x00000000000001b7,0xffffffffd1fe3d18,0x000000001fde1540,0x0000000000000000,0xffffffffd19e3800,0x00000000004c5818,0x3fedd0be6c4371a2,0x00000000800066e0,0x0000000000000000,0x4063160607f78550,0x4129fe5044ea4a8c,0x4152076833f2e48f,0x01a56e1fc2f8f359,0x3ff0000000000000,0x4063160607f78550,0x00000000800066e0,0x0000000001c39d56,0x0000000001b7989f,0x0000000001c39d56,0x0000000001b7989f,0x000000000028ea51,0x0000000000000cd9,0x000000000000530e,0x0000000000000da3,0x0000000000009d32,0x0000000000d50bf2,0x0000000000001680
