timestamp_ms,ra,sp,t0,t1,t2,fp,a0,a1,a2,a3,a4,a5,a6,a7,t3,t4,t5,t6,pc,fs0,fa0,fa1,fa2,fa3,fa4,fa5,dpc,mcycle,minstret,cycle,instret,hpmcounter3,hpmcounter4,hpmcounter6,hpmcounter7,hpmcounter8,hpmcounter9,hpmcounter10
1784427125922,0x0000000080005744,0x0000000080019060,0x0000000080007a7a,0x000000000000000f,0x00000000800191f0,0x00000000800190b0,0x0000000080019310,0x00000000800191f0,0x0000000000000006,0x0000000000000006,0x0000000000000004,0x0000000000000006,0x000000008000f201,0x3fea1ee265011d0a,0x0000000000000000,0x000000004a44976e,0x00000000004a575f,0x3fedd0be65503670,0x00000000800049d6,0x0000000000000000,0x414fe4d3881a36e3,0x4129fe61d288ce70,0x4152074f22b1c433,0x0000000000000000,0x0000000000000000,0x0000000000000000,0x00000000800049d6,0x0000000000bfc6b3,0x0000000000b7d544,0x0000000000bfc6b3,0x0000000000b7d544,0x00000000001099bc,0x0000000000000533,0x000000000000516e,0x0000000000000585,0x000000000000482d,0x00000000005760a9,0x00000000000012b4
1784427126733,0x00000000800057ae,0x0000000080018d90,0x0000000080007a7a,0x0000000000000000,0x00000000800191f0,0x0000000080018de0,0x0000000080018f50,0x000000008000f238,0x0000000000000006,0x0000000000000006,0x000000008000f238,0x000000008000f2c8,0x0000000011fd7fbe,0x0000000048b60e0e,0x0000000000000000,0x0000000011a93b9e,0x000000000055dc95,0x3fedd0be65503670,0x00000000800049c6,0x0000000000000000,0x40257725522d8384,0x4129fe61d288ce70,0x4152074f22b1c433,0x8000000000000000,0x0000000000000000,0x0000000000000000,0x00000000800049c6,0x0000000000c0913b,0x0000000000b89f22,0x0000000000c0913b,0x0000000000b89f22,0x000000000010aa3e,0x000000000000053c,0x000000000000516e,0x0000000000000585,0x0000000000004872,0x000000000057c21b,0x00000000000012b7
1784427127567,0x0000000080005806,0x0000000080018ee0,0x0000000080007a7a,0x000000000000000f,0x00000000800191f0,0x0000000080018f20,0x00000000800194a0,0x0000000080019310,0x0000000000000003,0x0000000080019310,0x0000000000000000,0x0000000000000006,0x000000008000f201,0x3fe8d432fd9f6447,0x0000000000000000,0x00000000333674ae,0x0000000000693efa,0x3fedd0be6231d53c,0x0000000080004ba6,0x0000000000000000,0x414fe4d926dfa440,0x4129fe67daee6320,0x41520752f4a71de7,0x3fc17a1e153405f7,0x3fc17a1e153405f7,0x0000000000000000,0x0000000080004ba6,0x0000000000c14f7e,0x0000000000b95748,0x0000000000c14f7e,0x0000000000b95748,0x000000000010be2f,0x000000000000053e,0x0000000000005170,0x0000000000000590,0x00000000000048bc,0x0000000000581dea,0x00000000000012ba
1784427128394,0x00000000800057ae,0x0000000080018d90,0x0000000080007a7a,0x0000000000000000,0x00000000800191f0,0x0000000080018de0,0x0000000080018f50,0x000000008000f238,0x0000000000000006,0x0000000000000006,0x0000000080018df0,0x0000000000000005,0x000000003297ffe3,0x00000000474b5208,0x0000000000000000,0x0000000032836fe0,0x000000000055dc95,0x3fedd0be6231d53c,0x0000000080004a00,0x0000000000000000,0x4025772551d2d482,0x4129fe67daee6320,0x41520752f4a71de7,0x3febc7aad1fb9b33,0x0000000000000000,0x402a60145f9b75fc,0x0000000080004a00,0x0000000000c20e7b,0x0000000000ba156b,0x0000000000c20e7b,0x0000000000ba156b,0x000000000010cdc9,0x0000000000000547,0x0000000000005170,0x0000000000000590,0x0000000000004904,0x00000000005879c3,0x00000000000012bd
1784427129248,0x0000000080005820,0x0000000080018ed0,0x0000000080007a7a,0x000000000000000f,0x00000000800191f0,0x0000000080018f20,0x000000008000f238,0x0000000080019310,0x0000000000000006,0x0000000000000006,0x0000000080019310,0x0000000080019378,0x000000008000f201,0x3fec083ade84380c,0x0000000000000000,0x00000000147c3538,0x00000000007946c4,0x3fedd0be60a0cafb,0x00000000800049c6,0x0000000000000000,0x414fe4d35741f213,0x4129fe7451c432ca,0x41520750b08b4396,0x0000000000000000,0x3fe1aec7af36129f,0x3fe1aec7af36129f,0x00000000800049c6,0x0000000000c2d86d,0x0000000000bad9cf,0x0000000000c2d86d,0x0000000000bad9cf,0x000000000010e29f,0x0000000000000549,0x0000000000005173,0x000000000000059f,0x0000000000004953,0x000000000058db72,0x00000000000012c0
1784427130022,0x0000000080006260,0x0000000080019230,0x402a60145b26cd36,0x0000000000000000,0x0000000000000000,0x0000000080019440,0x0000000080019698,0x00000000800194a0,0x000000008000f238,0x00000000800003f0,0x00000000800194a0,0x0000000080019510,0x000000000d77bde5,0xfffffffff3f617d8,0x0000000000000000,0x000000000d53bce0,0x00000000005f9a9a,0x3fedd0be603a78ea,0x0000000080005bd6,0x0000000000000000,0x4017e6a6bcfd85f6,0x4129fe7451c432ca,0x41520750b08b4396,0x01a56e1fc2f8f359,0x0000000000000000,0x0000000000000000,0x0000000080005bd6,0x0000000000c3a46c,0x0000000000bba394,0x0000000000c3a46c,0x0000000000bba394,0x000000000010f4eb,0x0000000000000552,0x0000000000005173,0x000000000000059f,0x00000000000049b0,0x0000000000593f60,0x00000000000012c3
1784427130858,0x000000008000583a,0x0000000080018ed0,0x0000000080007a7a,0x000000000000000f,0x00000000800191f0,0x0000000080018f20,0x00000000800194a0,0x000000008000f238,0x0000000000000003,0x0000000000000006,0x000000008000f238,0x000000008000f260,0x000000008000f201,0x3febd96855e9b475,0x0000000000000000,0xffffffff9e0e947e,0x00000000007eee58,0x3fedd0be603a78ea,0x00000000800049c6,0x0000000000000000,0x414fe4d5344d013b,0x4129fe6e475f6fd2,0x41520751101d7dbf,0x0000000000000000,0x0000000000000000,0x0000000000000000,0x00000000800049c6,0x0000000000c474ca,0x0000000000bc6f8a,0x0000000000c474ca,0x0000000000bc6f8a,0x00000000001108a5,0x0000000000000554,0x0000000000005176,0x00000000000005ad,0x00000000000049d4,0x000000000059a218,0x00000000000012c6
1784427131695,0x00000000800056f8,0x0000000080019060,0x0000000080007a7a,0x000000000000000f,0x0000000080019430,0x00000000800190b0,0x0000000080019548,0x000000008000f238,0x0000000000000006,0x0000000000000006,0x0000000080019548,0x0000000080019580,0x000000008000f201,0x3febe05011d6b4be,0x0000000000000000,0xffffffffc3a13c3e,0x000000000052463d,0x3fedd0be60ac1b70,0x00000000800049a4,0x0000000000000000,0x414fe4d56b46dc5d,0x4129fe801288ce70,0x4152074f072fec57,0x0000000000000000,0x0000000000000000,0x0000000000000000,0x00000000800049a4,0x0000000000c544bd,0x0000000000bd3a40,0x0000000000c544bd,0x0000000000bd3a40,0x0000000000111e52,0x000000000000055f,0x0000000000005178,0x00000000000005b8,0x0000000000004a62,0x00000000005a08fb,0x00000000000012c9
1784427132523,0x000000008000589c,0x0000000080018ed0,0x0000000080007a7a,0x0000000000000000,0x00000000800191f0,0x0000000080018f20,0x0000000080019280,0x0000000080019118,0x0000000000000006,0x0000000000000003,0x0000000000000001,0x000000000000000d,0x000000003d79e3ef,0x0000000044bcf85a,0x0000000000000000,0x000000003d70c02e,0x000000000055dc95,0x3fedd0be60ac1b70,0x000000008000497a,0x0000000000000000,0x40257725512f3e17,0x4129fe801288ce70,0x4152074f072fec57,0x402e61c984555671,0x0000000000000000,0x0000000000000000,0x000000008000497a,0x0000000000c619cf,0x0000000000be0f0f,0x0000000000c619cf,0x0000000000be0f0f,0x0000000000112f4f,0x0000000000000568,0x0000000000005178,0x00000000000005b8,0x0000000000004aa5,0x00000000005a6ffb,0x00000000000012cc
1784427133301,0x00000000800056f8,0x0000000080019060,0x0000000080007a7a,0x000000000000000f,0x0000000080019430,0x00000000800190b0,0x0000000080019548,0x000000008000f238,0x0000000000000006,0x0000000000000006,0x000000008000f238,0x000000008000f318,0x000000008000f201,0x3fe9368c854d5a41,0x0000000000000000,0x000000007ce748ee,0x0000000000473b72,0x3fedd0be61b18094,0x00000000800049c6,0x0000000000000000,0x414fe4d7d2b9f55a,0x4129fe8a7f972474,0x415207571e7381d8,0x3ff0000000000000,0x0000000000000000,0x0000000000000000,0x00000000800049c6,0x0000000000c6db68,0x0000000000bec9a2,0x0000000000c6db68,0x0000000000bec9a2,0x00000000001143ea,0x000000000000056a,0x000000000000517a,0x00000000000005c3,0x0000000000004afa,0x00000000005acca3,0x00000000000012cf
1784427134104,0x00000000800058f2,0x0000000080018ed0,0x0000000080007a7a,0x0000000000000000,0x00000000800191f0,0x0000000080018f20,0x00000000800193a0,0x00000000800194a0,0x0000000000000006,0x0000000000000003,0x00000000800194a0,0x0000000000000004,0x000000005fafdceb,0x00000000444c93a8,0x0000000000000000,0x000000005f8ad0e0,0x000000000055dc95,0x3fedd0be61b18094,0x00000000800049d0,0x0000000000000000,0x40257725511324ea,0x4129fe8a7f972474,0x415207571e7381d8,0x0000000000000000,0x0000000000000000,0x0000000000000000,0x00000000800049d0,0x0000000000c7ad49,0x0000000000bf9bb2,0x0000000000c7ad49,0x0000000000bf9bb2,0x0000000000115501,0x0000000000000573,0x000000000000517a,0x00000000000005c3,0x0000000000004b37,0x00000000005b31e8,0x00000000000012d2
1784427134964,0x0000000080005744,0x0000000080019060,0x0000000080007a7a,0x000000000000000f,0x00000000800191f0,0x00000000800190b0,0x0000000080019310,0x00000000800191f0,0x0000000000000006,0x0000000000000006,0x00000000800190d0,0x0000000000000004,0x000000008000f201,0x3ff028638a53f09b,0x0000000000000000,0xffffffffa1c99cae,0x00000000006c6540,0x3fedd0be631396b9,0x00000000800049f6,0x0000000000000000,0x414fe4d03a3d70a4,0x4129fe78db645a1d,0x4152074c99d7dbf5,0x0000000000000000,0x0000000000000000,0x0000000000000000,0x00000000800049f6,0x0000000000c8740c,0x0000000000c05c80,0x0000000000c8740c,0x0000000000c05c80,0x000000000011699a,0x0000000000000575,0x000000000000517d,0x00000000000005d2,0x0000000000004b86,0x00000000005b91b9,0x00000000000012d5
1784427135784,0x00000000800057ae,0x0000000080018d90,0x0000000080007a7a,0x0000000000000000,0x00000000800191f0,0x0000000080018de0,0x0000000080018f50,0x000000008000f238,0x0000000000000006,0x0000000000000006,0x0000000000000002,0x0000000000000008,0xffffffffa925bdfe,0x000000004400b366,0x0000000000000000,0xffffffffa92419ae,0x000000000055dc95,0x3fedd0be631396b9,0x0000000080004978,0x0000000000000000,0x4025772551002cda,0x4129fe78db645a1d,0x4152074c99d7dbf5,0x3ff0000000000000,0x0000000000000000,0x0000000000000000,0x0000000080004978,0x0000000000c93ffe,0x0000000000c12860,0x0000000000c93ffe,0x0000000000c12860,0x0000000000117a48,0x000000000000057e,0x000000000000517d,0x00000000000005d2,0x0000000000004bbc,0x00000000005bf40d,0x00000000000012d8
1784427136623,0x0000000080005744,0x0000000080019060,0x0000000080007a7a,0x000000000000000f,0x00000000800191f0,0x00000000800190b0,0x0000000080019310,0x00000000800191f0,0x0000000000000006,0x0000000000000006,0x00000000800190d0,0x00000000800191d8,0x000000008000f201,0x3fe9a2e58c3240fc,0x0000000000000000,0xffffffffe6e106e0,0x00000000004f1f62,0x3fedd0be64a6e921,0x00000000800049f0,0x0000000000000000,0x414fe4d428f5c28f,0x4129fe7c61b089a0,0x4152074e8ad77319,0x3fedd0be64a6e923,0x0000000000000000,0x0000000000000000,0x00000000800049f0,0x0000000000ca0bd0,0x0000000000c1edc1,0x0000000000ca0bd0,0x0000000000c1edc1,0x0000000000118f5c,0x0000000000000580,0x0000000000005180,0x00000000000005df,0x0000000000004c0f,0x00000000005c5609,0x00000000000012db
1784427137451,0x00000000800057ae,0x0000000080018d90,0x0000000080007a7a,0x0000000000000000,0x00000000800191f0,0x0000000080018de0,0x0000000080018f50,0x000000008000f238,0x0000000000000006,0x0000000000000006,0x0000000000000002,0x0000000000000006,0xffffffffea67ab7e,0x0000000043d165ee,0x0000000000000000,0xffffffffea672b5e,0x000000000055dc95,0x3fedd0be64a6e921,0x00000000800049d6,0x0000000000000000,0x4025772550f4597c,0x4129fe7c61b089a0,0x4152074e8ad77319,0x8000000000000000,0x0000000000000000,0x8000000000000000,0x00000000800049d6,0x0000000000cabf86,0x0000000000c2a149,0x0000000000cabf86,0x0000000000c2a149,0x0000000000119e01,0x0000000000000589,0x0000000000005180,0x00000000000005df,0x0000000000004c4a,0x00000000005cacf8,0x00000000000012de
1784427138158,0x000000008000575e,0x0000000080019070,0x0000000080007a7a,0x000000000000000f,0x00000000800191f0,0x00000000800190b0,0x00000000800190d0,0x00000000800002d0,0x000000008000f238,0x0000000000000006,0x0000000000000001,0x0000000000000019,0x000000008000f201,0x3fe5ea16b28ed051,0x0000000000000000,0xffffffffde634db8,0x00000000005fc92a,0x3fedd0be664a1b25,0x0000000080004c34,0x0000000000000000,0x414fe4cee2474539,0x4129fe7867c84b5e,0x41520753270d844d,0x3fc17a1e1ada22e5,0x0000000000000000,0x0000000000000000,0x0000000080004c34,0x0000000000cb8afc,0x0000000000c36661,0x0000000000cb8afc,0x0000000000c36661,0x000000000011b30b,0x000000000000058b,0x0000000000005182,0x00000000000005ea,0x0000000000004c93,0x00000000005d0ee1,0x00000000000012e1
1784427138992,0x0000000080009fc2,0x0000000080019420,0x402a601451253ae6,0x00000000005b9890,0x0000000000000000,0x0000000080019700,0x00000000005b9880,0x0000000000000010,0x000000000012e8b2,0x0000000000000003,0x00000000002dcc40,0x000000001cc80000,0x0000000000000000,0x0000000000000004,0x0000000000000000,0x0000000000000000,0x0000000000000000,0x3fedd0be67e46f0e,0x000000008000a0d6,0x406062e41aab2399,0x406062e41aab2399,0x4129fe7867c84b5e,0x41520753270d844d,0x3ff0000000000000,0x4054cde5aac90ebf,0x406062e41aab2399,0x000000008000a0d6,0x0000000000cc5980,0x0000000000c43493,0x0000000000cc5980,0x0000000000c43493,0x000000000011c3ee,0x0000000000000594,0x0000000000005182,0x00000000000005ea,0x0000000000004cca,0x00000000005d7297,0x00000000000012e4
1784427139828,0x0000000080005820,0x0000000080018ed0,0x0000000080007a7a,0x000000000000000f,0x00000000800191f0,0x0000000080018f20,0x000000008000f238,0x0000000080019310,0x0000000000000006,0x0000000000000006,0x0000000080019310,0x0000000080019360,0x000000008000f201,0x3fe7fa33a52e30cc,0x0000000000000000,0xffffffffe3019a78,0x00000000005146c4,0x3fedd0be67e46f0e,0x00000000800049c8,0x0000000000000000,0x414fe4d080be0ded,0x4129fe739ef9db23,0x4152074b6f06f694,0x0000000000000000,0x0000000000000000,0x0000000000000000,0x00000000800049c8,0x0000000000cd1aa4,0x0000000000c4f020,0x0000000000cd1aa4,0x0000000000c4f020,0x000000000011d80e,0x0000000000000596,0x0000000000005184,0x00000000000005f5,0x0000000000004d08,0x00000000005dcfc5,0x00000000000012e7
1784427140671,0x0000000080006260,0x0000000080019230,0x402a601450ff50d2,0x0000000000000000,0x0000000000000000,0x0000000080019440,0x0000000080019698,0x00000000800194a0,0x000000008000f238,0x00000000800003f0,0x00000000800194a0,0x0000000080019518,0xffffffffb9f7bfe5,0xffffffffeed565b8,0x0000000000000000,0xffffffffb9b2a5e0,0x0000000000679e09,0x3fedd0be69646230,0x0000000080005bd6,0x0000000000000000,0x4039e7827bb5596e,0x4129fe739ef9db23,0x4152074b6f06f694,0x01a56e1fc2f8f359,0x0000000000000000,0x0000000000000000,0x0000000080005bd6,0x0000000000cde222,0x0000000000c5b59a,0x0000000000cde222,0x0000000000c5b59a,0x000000000011ea0a,0x000000000000059f,0x0000000000005184,0x00000000000005f5,0x0000000000004d5d,0x00000000005e31a8,0x00000000000012ea
1784427141512,0x0000000080005820,0x0000000080018ed0,0x0000000080007a7a,0x000000000000000f,0x00000000800191f0,0x0000000080018f20,0x000000008000f238,0x0000000080019310,0x0000000000000006,0x0000000000000006,0x0000000000000004,0x0000000000000003,0x000000008000f201,0x3fe056d65ce47d46,0x0000000000000000,0x000000000e69041e,0x0000000000666c38,0x3fedd0be69646230,0x00000000800049b0,0x0000000000000000,0x414fe4d059eb851f,0x4129fe77683e425b,0x415207524bd8adac,0x3ff12c1dd9698034,0x0000000000000000,0x0000000000000000,0x00000000800049b0,0x0000000000ce97a9,0x0000000000c666ed,0x0000000000ce97a9,0x0000000000c666ed,0x000000000011fb8f,0x00000000000005a1,0x0000000000005187,0x0000000000000603,0x0000000000004d80,0x00000000005e87c9,0x00000000000012ed
1784427142225,0x0000000080006260,0x0000000080019230,0x402a60145107adb3,0x0000000000000000,0x0000000000000000,0x0000000080019440,0x0000000080019698,0x00000000800194a0,0x000000008000f238,0x00000000800003f0,0x00000000800194a0,0x0000000080019510,0xfffffffff8faffb4,0xffffffff92711790,0x0000000000000000,0xfffffffff85a6780,0x0000000000526ae6,0x3fedd0be6abe6493,0x0000000080005ce6,0x0000000000000000,0x40149ab9a49c45e4,0x4129fe77683e425b,0x415207524bd8adac,0x01a56e1fc2f8f359,0x0000000000000000,0x0000000000000000,0x0000000080005ce6,0x0000000000cf6874,0x0000000000c733bc,0x0000000000cf6874,0x0000000000c733bc,0x0000000000121000,0x00000000000005aa,0x0000000000005187,0x0000000000000604,0x0000000000004ddb,0x00000000005eeec4,0x00000000000012f0
1784427142993,0x0000000080005850,0x0000000080018ed0,0x0000000080007a7a,0x000000000000000f,0x00000000800191f0,0x0000000080018f20,0x00000000800191f0,0x0000000080019310,0x0000000000000003,0x0000000000000006,0x0000000000000001,0x0000000000000004,0x000000008000f201,0x3fe1bd93f3ef0e85,0x0000000000000000,0x000000001a19ce00,0x00000000007d5e95,0x3fedd0be6abe6493,0x00000000800049e4,0x0000000000000000,0x414fe4d5b648e8a7,0x4129fe6a3a43fe5d,0x4152074c740d1b71,0x0000000000000000,0x401623e8e47990bb,0x0000000000000000,0x00000000800049e4,0x0000000000d0325c,0x0000000000c7faa5,0x0000000000d0325c,0x0000000000c7faa5,0x0000000000122174,0x00000000000005ac,0x000000000000518a,0x0000000000000612,0x0000000000004e0a,0x00000000005f4d5e,0x00000000000012f3
1784427143644,0x00000000800056f8,0x0000000080019060,0x0000000080007a7a,0x000000000000000f,0x0000000080019430,0x00000000800190b0,0x0000000080019548,0x000000008000f238,0x0000000000000006,0x0000000000000006,0x0000000000000003,0x0000000000000006,0x000000008000f201,0x3fd7a59178bff459,0x0000000000000000,0x000000001f7814f8,0x0000000000622d5d,0x3fedd0be6bebb065,0x0000000080004976,0x0000000000000000,0x414fe4d28504816f,0x4129fe6f6d773190,0x41520752f7851eb8,0x0000000000000000,0x0000000000000000,0x0000000000000000,0x0000000080004976,0x0000000000d0fb3f,0x0000000000c8bec4,0x0000000000d0fb3f,0x0000000000c8bec4,0x000000000012369e,0x00000000000005b7,0x000000000000518c,0x000000000000061d,0x0000000000004e7c,0x00000000005fb11c,0x00000000000012f6
1784427144498,0x000000008000519e,0x0000000080018e90,0x0000000080007a7a,0x0000000000000000,0x00000000800191f0,0x0000000080018ee0,0x0000000000000000,0x0000000050f22bc0,0x000000003fe00000,0x4025772550f22bc0,0x0000000000000003,0x0000000000000000,0xffffffff93c0ddfe,0x0000000043c8aefe,0x0000000000000000,0xffffffff93c0ddfe,0x000000000055dc95,0x3fedd0be6bebb065,0x000000008000516c,0x0000000000000000,0x4025772550f22bc0,0x4129fe6f6d773190,0x41520752f7851eb8,0x01a56e1fc2f8f359,0x3ff0000000000000,0x3fb7da31f0413d05,0x000000008000516c,0x0000000000d1bec9,0x0000000000c98257,0x0000000000d1bec9,0x0000000000c98257,0x0000000000124649,0x00000000000005c0,0x000000000000518c,0x000000000000061d,0x0000000000004eb2,0x0000000000601014,0x00000000000012f9
1784427145304,0x00000000800056f8,0x0000000080019060,0x0000000080007a7a,0x000000000000000f,0x0000000080019430,0x00000000800190b0,0x0000000080019548,0x000000008000f238,0x0000000000000006,0x0000000000000006,0x0000000000000003,0x000000000000000c,0x000000008000f201,0x3fdcb068ed7df5c5,0x0000000000000000,0x00000000256eee00,0x00000000004b2972,0x3fedd0be6ce94306,0x00000000800049e0,0x0000000000000000,0x414fe4d2d20f9097,0x4129fe7b0d1b7176,0x4152075605bc01a3,0x3ff0000000000000,0x3fdcf46da09dbc55,0x3fb85cd8e2c53bad,0x00000000800049e0,0x0000000000d27aed,0x0000000000ca37c1,0x0000000000d27aed,0x0000000000ca37c1,0x0000000000125a5a,0x00000000000005c2,0x000000000000518e,0x0000000000000628,0x0000000000004f01,0x0000000000606a22,0x00000000000012fd
1784427146129,0x000000008000589c,0x0000000080018ed0,0x0000000080007a7a,0x0000000000000000,0x00000000800191f0,0x0000000080018f20,0x0000000080019280,0x0000000080019118,0x0000000000000006,0x0000000000000003,0x0000000000000001,0x0000000000000003,0xfffffffff2576bef,0x0000000043d961fa,0x0000000000000000,0xfffffffff2564bee,0x000000000055dc95,0x3fedd0be6ce94306,0x0000000080004992,0x0000000000000000,0x4025772550f6587f,0x4129fe7b0d1b7176,0x4152075605bc01a3,0x0000000000000000,0x0000000000000000,0x0000000000000000,0x0000000080004992,0x0000000000d33e7f,0x0000000000cafb23,0x0000000000d33e7f,0x0000000000cafb23,0x00000000001269ea,0x00000000000005cb,0x000000000000518e,0x0000000000000628,0x0000000000004f3b,0x000000000060c8e6,0x0000000000001300
1784427146972,0x00000000800056f8,0x0000000080019060,0x0000000080007a7a,0x000000000000000f,0x0000000080019430,0x00000000800190b0,0x0000000080019548,0x000000008000f238,0x0000000000000006,0x0000000000000006,0x0000000080019310,0x00000000800193e8,0x000000008000f201,0x3fe40b2d27419be4,0x0000000000000000,0xffffffffdd2ad7ce,0x000000000079482e,0x3fedd0be6db6f839,0x0000000080004982,0x0000000000000000,0x414fe4d40a5119ce,0x4129fe6419f559b4,0x415207526d61e4f7,0x0000000000000000,0x0000000000000000,0x0000000000000000,0x0000000080004982,0x0000000000d403e1,0x0000000000cbba84,0x0000000000d403e1,0x0000000000cbba84,0x0000000000127ee0,0x00000000000005cd,0x0000000000005191,0x0000000000000637,0x0000000000004f78,0x00000000006127cb,0x0000000000001303
1784427147830,0x00000000800058f2,0x0000000080018ed0,0x0000000080007a7a,0x0000000000000000,0x00000000800191f0,0x0000000080018f20,0x00000000800193a0,0x00000000800194a0,0x0000000000000006,0x0000000000000003,0x0000000080018f50,0x0000000080018fd0,0xffffffffccbe3938,0x0000000043eaab2c,0x0000000000000000,0xffffffffcc8e1838,0x000000000055dc95,0x3fedd0be6db6f839,0x0000000080004982,0x0000000000000000,0x4025772550faaacb,0x4129fe6419f559b4,0x415207526d61e4f7,0x0000000000000000,0x0000000000000000,0x0000000000000000,0x0000000080004982,0x0000000000d4d11c,0x0000000000cc87dd,0x0000000000d4d11c,0x0000000000cc87dd,0x0000000000128f94,0x00000000000005d6,0x0000000000005191,0x0000000000000637,0x0000000000004fb6,0x0000000000618af0,0x0000000000001306
1784427148696,0x0000000080005744,0x0000000080019060,0x0000000080007a7a,0x000000000000000f,0x00000000800191f0,0x00000000800190b0,0x0000000080019310,0x00000000800191f0,0x0000000000000006,0x0000000000000006,0x0000000000000000,0x0000000000000006,0x000000008000f201,0x3fe4844ee57727dd,0x0000000000000000,0xffffffffc6788dbe,0x000000000055f120,0x3fedd0be6e56c69f,0x000000008000494c,0x0000000000000000,0x414fe4d54b9f559b,0x4129fe706113404f,0x415207552b573eab,0x0000000000000000,0x0000000000000000,0x0000000000000000,0x000000008000494c,0x0000000000d595c1,0x0000000000cd468e,0x0000000000d595c1,0x0000000000cd468e,0x000000000012a3f6,0x00000000000005d8,0x0000000000005194,0x0000000000000644,0x0000000000005007,0x000000000061e9bc,0x0000000000001309
1784427149528,0x00000000800057ae,0x0000000080018d90,0x0000000080007a7a,0x0000000000000000,0x00000000800191f0,0x0000000080018de0,0x0000000080018f50,0x000000008000f238,0x0000000000000006,0x0000000000000006,0x0000000080018df0,0x0000000080018df8,0x000000006bbbdf7e,0x0000000043fb493e,0x0000000000000000,0x000000006bbbca7e,0x000000000055dc95,0x3fedd0be6e56c69f,0x00000000800049f0,0x0000000000000000,0x4025772550fed250,0x4129fe706113404f,0x415207552b573eab,0x3fea330ae25ad941,0x0000000000000000,0x3fdcf46da09d6813,0x00000000800049f0,0x0000000000d66006,0x0000000000ce109c,0x0000000000d66006,0x0000000000ce109c,0x000000000012b47a,0x00000000000005e1,0x0000000000005194,0x0000000000000644,0x0000000000005047,0x0000000000624b5b,0x000000000000130c
1784427150421,0x0000000080005744,0x0000000080019060,0x0000000080007a7a,0x000000000000000f,0x00000000800191f0,0x00000000800190b0,0x0000000080019310,0x00000000800191f0,0x0000000000000006,0x0000000000000006,0x0000000000000002,0x0000000000000006,0x000000008000f201,0x3fe801b1f3e185ac,0x0000000000000000,0x00000000638b52f8,0x0000000000707d63,0x3fedd0be6ecc1bbb,0x0000000080004a0a,0x0000000000000000,0x414fe4cfca05bc02,0x4129fe6ff35a8588,0x41520756e03afb7f,0x0000000000000000,0x0000000000000000,0x0000000000000000,0x0000000080004a0a,0x0000000000d72eb6,0x0000000000ced8ab,0x0000000000d72eb6,0x0000000000ced8ab,0x000000000012c9c6,0x00000000000005e3,0x0000000000005196,0x000000000000064f,0x0000000000005096,0x000000000062aeaa,0x000000000000130f
1784427151283,0x00000000800057ae,0x0000000080018d90,0x0000000080007a7a,0x0000000000000000,0x00000000800191f0,0x0000000080018de0,0x0000000080018f50,0x000000008000f238,0x0000000000000006,0x0000000000000006,0x0000000000000006,0x0000000000000006,0x00000000519ffebc,0x00000000440a6134,0x0000000000000000,0x000000005183c6b8,0x000000000055dc95,0x3fedd0be6ecc1bbb,0x0000000080004a18,0x0000000000000000,0x402577255102984d,0x4129fe6ff35a8588,0x41520756e03afb7f,0x8000000000000000,0x0000000000000000,0x0000000000000000,0x0000000080004a18,0x0000000000d7f98a,0x0000000000cfa304,0x0000000000d7f98a,0x0000000000cfa304,0x000000000012da57,0x00000000000005ec,0x0000000000005196,0x000000000000064f,0x00000000000050d7,0x0000000000631044,0x0000000000001312
1784427152163,0x0000000080005820,0x0000000080018ed0,0x0000000080007a7a,0x000000000000000f,0x00000000800191f0,0x0000000080018f20,0x000000008000f238,0x0000000080019310,0x0000000000000006,0x0000000000000006,0x0000000000000003,0x0000000000000009,0x000000008000f201,0x3fecd90ba8258e5d,0x0000000000000000,0x000000000cdabf80,0x00000000007fc217,0x3fedd0be6f1b5529,0x0000000080004944,0x0000000000000000,0x414fe4d22b0be0df,0x4129fe716b295e9e,0x415207555a809d49,0x0000000000000000,0x0000000000000000,0x0000000000000000,0x0000000080004944,0x0000000000d8c869,0x0000000000d06c0c,0x0000000000d8c869,0x0000000000d06c0c,0x000000000012ef94,0x00000000000005ee,0x0000000000005198,0x000000000000065a,0x000000000000512c,0x0000000000637411,0x0000000000001315
1784427153024,0x0000000080006260,0x0000000080019230,0x402a601452a787b9,0x0000000000000000,0x0000000000000000,0x0000000080019440,0x0000000080019698,0x00000000800194a0,0x000000008000f238,0x00000000800003f0,0x000000008000f238,0x000000008000f248,0xffffffffe57f5e61,0xffffffffbc59fee0,0x0000000000000000,0xffffffffe53f5e00,0x000000000076cf83,0x3fedd0be6f495447,0x0000000080005bfe,0x0000000000000000,0x401db3e0ef167fb8,0x4129fe716b295e9e,0x415207555a809d49,0x01a56e1fc2f8f359,0x3ff0000000000000,0x0000000000000000,0x0000000080005bfe,0x0000000000d989a6,0x0000000000d12c59,0x0000000000d989a6,0x0000000000d12c59,0x000000000012ff8a,0x00000000000005f7,0x0000000000005198,0x000000000000065a,0x000000000000517d,0x000000000063d218,0x0000000000001318
1784427153795,0x000000008000583a,0x0000000080018ed0,0x0000000080007a7a,0x000000000000000f,0x00000000800191f0,0x0000000080018f20,0x00000000800194a0,0x000000008000f238,0x0000000000000003,0x0000000000000006,0x00000000800191f0,0x0000000080019220,0x000000008000f201,0x3feef75996b55729,0x0000000000000000,0xfffffffff6a92638,0x0000000000543ed6,0x3fedd0be6f495447,0x000000008000495a,0x0000000000000000,0x414fe4cbea4a8c15,0x4129fe6c4e147ae1,0x4152075582161e4f,0x0000000000000000,0x0000000000000000,0x0000000000000000,0x000000008000495a,0x0000000000da5649,0x0000000000d1f330,0x0000000000da5649,0x0000000000d1f330,0x0000000000131473,0x00000000000005f9,0x000000000000519b,0x0000000000000669,0x00000000000051a7,0x00000000006433b3,0x000000000000131b
1784427154685,0x0000000080006260,0x0000000080019230,0x402a601452d2cd24,0x0000000000000000,0x0000000000000000,0x0000000080019440,0x0000000080019698,0x00000000800194a0,0x000000008000f238,0x00000000800003f0,0x00000000800194a0,0x0000000080019510,0xffffffffc2e7ff91,0x0000000036ee77f0,0x0000000000000000,0xffffffffc2c77f80,0x00000000006040df,0x3fedd0be6f5b2958,0x0000000080005cee,0x0000000000000000,0x40281037cdbb9dfc,0x4129fe6c4e147ae1,0x4152075582161e4f,0x01a56e1fc2f8f359,0x0000000000000000,0x0000000000000000,0x0000000080005cee,0x0000000000db1641,0x0000000000d2b012,0x0000000000db1641,0x0000000000d2b012,0x00000000001326b9,0x0000000000000602,0x000000000000519b,0x000000000000066a,0x00000000000051ff,0x000000000064927b,0x000000000000131e
1784427155554,0x0000000080005850,0x0000000080018ed0,0x0000000080007a7a,0x000000000000000f,0x00000000800191f0,0x0000000080018f20,0x00000000800191f0,0x0000000080019310,0x0000000000000003,0x0000000000000006,0x0000000080019310,0x0000000080019360,0x000000008000f201,0x3ff059bdf55f2861,0x0000000000000000,0x0000000034ccace0,0x00000000005ddc92,0x3fedd0be6f5b2958,0x00000000800049c6,0x0000000000000000,0x414fe4ceee631f8a,0x4129fe68a36e2eb2,0x415207548b7ced91,0x0000000000000000,0x0000000000000000,0x0000000000000000,0x00000000800049c6,0x0000000000dbe218,0x0000000000d3785c,0x0000000000dbe218,0x0000000000d3785c,0x0000000000133925,0x0000000000000604,0x000000000000519e,0x0000000000000679,0x0000000000005220,0x000000000064f29a,0x0000000000001321
1784427156428,0x00000000800056f8,0x0000000080019060,0x0000000080007a7a,0x000000000000000f,0x0000000080019430,0x00000000800190b0,0x0000000080019548,0x000000008000f238,0x0000000000000006,0x0000000000000006,0x000000008000f238,0x000000008000f2f0,0x000000008000f201,0x3ff06079a273d9ff,0x0000000000000000,0xffffffff8276fd78,0x00000000006f6aed,0x3fedd0be6f55d326,0x00000000800049c6,0x0000000000000000,0x414fe4cf4a8f5c29,0x4129fe7fcfec56d6,0x41520755faa161e5,0x0000000000000000,0x0000000000000000,0x0000000000000000,0x00000000800049c6,0x0000000000dcaa07,0x0000000000d43b69,0x0000000000dcaa07,0x0000000000d43b69,0x0000000000134e30,0x000000000000060f,0x00000000000051a1,0x0000000000000688,0x0000000000005297,0x000000000065560d,0x0000000000001324
1784427157317,0x000000008000589c,0x0000000080018ed0,0x0000000080007a7a,0x0000000000000000,0x00000000800191f0,0x0000000080018f20,0x0000000080019280,0x0000000080019118,0x0000000000000006,0x0000000000000003,0x0000000000000000,0x0000000000000003,0xffffffffd7d1fcff,0x0000000044304dc2,0x0000000000000000,0xffffffffd7d0dc7e,0x000000000055dc95,0x3fedd0be6f55d326,0x00000000800049e2,0x0000000000000000,0x40257725510c1371,0x4129fe7fcfec56d6,0x41520755faa161e5,0x0000000000000000,0x3f9287f43dd50c92,0x0000000000000000,0x00000000800049e2,0x0000000000dd7b1f,0x0000000000d50c77,0x0000000000dd7b1f,0x0000000000d50c77,0x0000000000135edf,0x0000000000000618,0x00000000000051a1,0x0000000000000688,0x00000000000052cc,0x000000000065bb43,0x0000000000001327
1784427158192,0x000000008000571c,0x0000000080019070,0x0000000080007a7a,0x000000000000000f,0x0000000080019310,0x00000000800190b0,0x0000000080019548,0x00000000800191f0,0x0000000000000006,0x0000000000000000,0x0000000080019548,0x0000000000000000,0x000000008000f201,0x3ff11a300c707c0c,0x0000000000000000,0xffffffffcff85f7e,0x00000000005d2327,0x3fedd0be6f3e1017,0x0000000080004b78,0x0000000000000000,0x414fe4cd69fbe76d,0x4129fe6dd25460aa,0x4152075368504817,0x3ff0000000000000,0x0000000000000000,0x3fc17a1e19c7115f,0x0000000080004b78,0x0000000000de4fae,0x0000000000d5da55,0x0000000000de4fae,0x0000000000d5da55,0x0000000000137500,0x000000000000061a,0x00000000000051a3,0x0000000000000693,0x0000000000005321,0x00000000006620e8,0x000000000000132a
1784427158981,0x000000008000578a,0x0000000080018db0,0x0000000080007a7a,0x0000000000000000,0x00000000800191f0,0x0000000080018de0,0x0000000080018f50,0x0000000000000006,0x0000000000000006,0x0000000000000003,0x0000000000000000,0x0000000000000006,0x000000005a7fbe6f,0x000000004434026a,0x0000000000000000,0x000000005a75160e,0x000000000055dc95,0x3fedd0be6f3e1017,0x0000000080004cf6,0x0000000000000000,0x40257725510d009b,0x4129fe6dd25460aa,0x4152075368504817,0x3f8314f4c1fb08f2,0x0000000000000000,0x0000000000000000,0x0000000080004cf6,0x0000000000df1fc9,0x0000000000d6aacd,0x0000000000df1fc9,0x0000000000d6aacd,0x00000000001385f9,0x0000000000000623,0x00000000000051a3,0x0000000000000693,0x0000000000005350,0x0000000000668571,0x000000000000132d
1784427159848,0x0000000080005744,0x0000000080019060,0x0000000080007a7a,0x000000000000000f,0x00000000800191f0,0x00000000800190b0,0x0000000080019310,0x00000000800191f0,0x0000000000000006,0x0000000000000006,0x0000000000000004,0x0000000000000006,0x000000008000f201,0x3ff00a0e779088c4,0x0000000000000000,0xffffffff9d7741ee,0x000000000063985c,0x3fedd0be6f183dfc,0x000000008000498e,0x0000000000000000,0x414fe4cd2a474539,0x4129fe80fc9eecc0,0x41520757e444d014,0x3ff117a2fabcfa15,0x0000000000000000,0x0000000000000000,0x000000008000498e,0x0000000000dff118,0x0000000000d775db,0x0000000000dff118,0x0000000000d775db,0x0000000000139b6e,0x0000000000000625,0x00000000000051a6,0x00000000000006a2,0x000000000000539c,0x000000000066ea2c,0x0000000000001330
1784427160722,0x00000000800057ae,0x0000000080018d90,0x0000000080007a7a,0x0000000000000000,0x00000000800191f0,0x0000000080018de0,0x0000000080018f50,0x000000008000f238,0x0000000000000006,0x0000000000000006,0x0000000080018df0,0x0000000080018e80,0xffffffff81fddffb,0x000000004435bbf4,0x0000000000000000,0xffffffff817ccfb8,0x000000000055dc95,0x3fedd0be6f183dfc,0x0000000080004982,0x0000000000000000,0x40257725510d6efd,0x4129fe80fc9eecc0,0x41520757e444d014,0x3ff0000000000000,0x0000000000000000,0x0000000000000000,0x0000000080004982,0x0000000000e0b898,0x0000000000d83d9a,0x0000000000e0b898,0x0000000000d83d9a,0x000000000013abbf,0x000000000000062e,0x00000000000051a6,0x00000000000006a2,0x00000000000053ca,0x0000000000674ab9,0x0000000000001333
1784427161581,0x0000000080005820,0x0000000080018ed0,0x0000000080007a7a,0x000000000000000f,0x00000000800191f0,0x0000000080018f20,0x000000008000f238,0x0000000080019310,0x0000000000000006,0x0000000000000006,0x0000000000000001,0x0000000000000003,0x000000008000f201,0x3ff1a41734111d41,0x0000000000000000,0x0000000050d87800,0x000000000046161d,0x3fedd0be6ee845f1,0x0000000080004a26,0x0000000000000000,0x414fe4d0c40ebee0,0x4129fe75dcfaacda,0x4152075379ce075f,0x0000000000000000,0x401623e8e4792d5e,0x401623e8e4792d5e,0x0000000080004a26,0x0000000000e18301,0x0000000000d901f8,0x0000000000e18301,0x0000000000d901f8,0x000000000013c0a4,0x0000000000000630,0x00000000000051a9,0x00000000000006af,0x000000000000541e,0x000000000067ac3e,0x0000000000001336
1784427162464,0x0000000080006260,0x0000000080019230,0x402a601453222ce3,0x0000000000000000,0x0000000000000000,0x0000000080019440,0x0000000080019698,0x00000000800194a0,0x000000008000f238,0x00000000800003f0,0x000000008000f238,0x000000008000f350,0x0000000020fb7d7f,0xffffffffd76d0942,0x0000000000000000,0x0000000020bb257e,0x00000000005b1217,0x3fedd0be6eb191e3,0x0000000080005bfc,0x0000000000000000,0x4026c485f5db4251,0x4129fe75dcfaacda,0x4152075379ce075f,0x01a56e1fc2f8f359,0x0000000000000000,0x0000000000000000,0x0000000080005bfc,0x0000000000e2554f,0x0000000000d9d2a8,0x0000000000e2554f,0x0000000000d9d2a8,0x000000000013d273,0x0000000000000639,0x00000000000051a9,0x00000000000006af,0x0000000000005475,0x000000000068128d,0x0000000000001339
1784427163314,0x000000008000583a,0x0000000080018ed0,0x0000000080007a7a,0x000000000000000f,0x00000000800191f0,0x0000000080018f20,0x00000000800194a0,0x000000008000f238,0x0000000000000003,0x0000000000000006,0x00000000800194a0,0x00000000800194e8,0x000000008000f201,0x3ff03bde415e6d0a,0x0000000000000000,0x000000002a146a8e,0x00000000007756d2,0x3fedd0be6eb191e3,0x00000000800049a6,0x0000000000000000,0x414fe4cf441bda51,0x4129fe6e47ef9db2,0x41520754d883126f,0x0000000000000000,0x0000000000000000,0x0000000000000000,0x00000000800049a6,0x0000000000e32622,0x0000000000da9e23,0x0000000000e32622,0x0000000000da9e23,0x000000000013e732,0x000000000000063b,0x00000000000051ab,0x00000000000006ba,0x00000000000054a3,0x00000000006875ec,0x000000000000133c
1784427164180,0x0000000080006270,0x0000000080019440,0x402a6014531c6433,0x0000000000000000,0x0000000000000000,0x0000000080019700,0x0000000080019698,0x00000000800194a0,0x000000008000f238,0x00000000800003f0,0x0000000000000001,0x0000000000000008,0xffffffffd6de7dbe,0xfffffffff7e8aaa2,0x0000000000000000,0xffffffffd65238be,0x0000000000530f8b,0x3fedd0be6e7709b2,0x00000000800062ca,0x0000000000000000,0x40019e913516b472,0x4129fe6e47ef9db2,0x41520754d883126f,0x0000000000000000,0x0000000000000000,0x4012207dfca3dd10,0x00000000800062ca,0x0000000000e3e91d,0x0000000000db5c91,0x0000000000e3e91d,0x0000000000db5c91,0x000000000013fbf2,0x0000000000000646,0x00000000000051ab,0x00000000000006bb,0x00000000000054f3,0x000000000068d614,0x000000000000133f
1784427165033,0x0000000080005850,0x0000000080018ed0,0x0000000080007a7a,0x000000000000000f,0x00000000800191f0,0x0000000080018f20,0x00000000800191f0,0x0000000080019310,0x0000000000000003,0x0000000000000006,0x00000000800191a8,0x00000000800191b8,0x000000008000f201,0x3fef5b1e06d299fc,0x0000000000000000,0xffffffffcb6480e0,0x0000000000563198,0x3fedd0be6e7709b2,0x00000000800049f2,0x0000000000000000,0x414fe4c87a4a8c15,0x4129fe6d3d14e3bd,0x4152075805b71759,0x0000000000000000,0x0000000000000000,0x0000000000000000,0x00000000800049f2,0x0000000000e4aae1,0x0000000000dc1c81,0x0000000000e4aae1,0x0000000000dc1c81,0x0000000000140b59,0x0000000000000646,0x00000000000051ad,0x00000000000006c7,0x000000000000551c,0x000000000069318a,0x0000000000001342
1784427165827,0x00000000800056f8,0x0000000080019060,0x0000000080007a7a,0x000000000000000f,0x0000000080019430,0x00000000800190b0,0x0000000080019548,0x000000008000f238,0x0000000000000006,0x0000000000000006,0x0000000000000000,0x0000000000000006,0x000000008000f201,0x3ff0f18a5cbe0073,0x0000000000000000,0x0000000025eaf64e,0x00000000004315da,0x3fedd0be6e3b1613,0x00000000800049d6,0x0000000000000000,0x414fe4c9b61e4f76,0x4129fe6241b089a0,0x415207542df3b646,0x3ff0000000000000,0x0000000000000000,0x0000000000000000,0x00000000800049d6,0x0000000000e56bf6,0x0000000000dcd8af,0x0000000000e56bf6,0x0000000000dcd8af,0x0000000000141fd4,0x0000000000000651,0x00000000000051b0,0x00000000000006d6,0x000000000000559b,0x000000000069918c,0x0000000000001345
1784427166694,0x000000008000519e,0x0000000080018e90,0x0000000080007a7a,0x0000000000000000,0x00000000800191f0,0x0000000080018ee0,0x0000000000000000,0x00000000510b8fb1,0x000000003fe00000,0x40257725510b8fb1,0x0000000000000002,0x0000000000000003,0x0000000029fafe7f,0x00000000442e3ec2,0x0000000000000000,0x000000002972ba7e,0x000000000055dc95,0x3fedd0be6e3b1613,0x0000000080005292,0x0000000000000000,0x40257725510b8fb1,0x4129fe6241b089a0,0x415207542df3b646,0x0000000000000000,0x3fc729f14d4a12ef,0x3fa0c481d88c1dee,0x0000000080005292,0x0000000000e63d8b,0x0000000000dda9bc,0x0000000000e63d8b,0x0000000000dda9bc,0x000000000014309b,0x000000000000065a,0x00000000000051b0,0x00000000000006d6,0x00000000000055da,0x000000000069f6c3,0x0000000000001348
1784427167559,0x000000008000571c,0x0000000080019070,0x0000000080007a7a,0x000000000000000f,0x0000000080019310,0x00000000800190b0,0x0000000080019548,0x00000000800191f0,0x0000000000000006,0x00000000800191f0,0x0000000080019548,0x0000000000000010,0x000000008000f201,0x3fef2f835374081e,0x0000000000000000,0xffffffffc9fd0578,0x0000000000499f72,0x3fedd0be6dffa78a,0x0000000080004b68,0x0000000000000000,0x414fe4d014bfb15b,0x4129fe7f63958106,0x41520753db645a1d,0x3ff0000000000000,0x0000000000000000,0x3ff0000000000000,0x0000000080004b68,0x0000000000e71700,0x0000000000de7c90,0x0000000000e71700,0x0000000000de7c90,0x0000000000144716,0x000000000000065c,0x00000000000051b3,0x00000000000006e9,0x0000000000005628,0x00000000006a5ea4,0x000000000000134b
1784427168407,0x00000000800058f2,0x0000000080018ed0,0x0000000080007a7a,0x0000000000000000,0x00000000800191f0,0x0000000080018f20,0x00000000800193a0,0x00000000800194a0,0x0000000000000006,0x0000000000000003,0x0000000080018f50,0x0000000080018fa0,0xffffffffd35ff6aa,0x00000000442a1f80,0x0000000000000000,0xffffffffd30fe000,0x000000000055dc95,0x3fedd0be6dffa78a,0x00000000800049f2,0x0000000000000000,0x40257725510a87e0,0x4129fe7f63958106,0x41520753db645a1d,0x0000000000000000,0x0000000000000000,0x0000000000000000,0x00000000800049f2,0x0000000000e7d226,0x0000000000df37d3,0x0000000000e7d226,0x0000000000df37d3,0x000000000014565b,0x0000000000000665,0x00000000000051b3,0x00000000000006e9,0x0000000000005661,0x00000000006ab956,0x000000000000134e
1784427169247,0x0000000080005744,0x0000000080019060,0x0000000080007a7a,0x000000000000000f,0x00000000800191f0,0x00000000800190b0,0x0000000080019310,0x00000000800191f0,0x0000000000000006,0x0000000000000006,0x00000000800191f0,0x0000000080019268,0x000000008000f201,0x3fec2a4ca0fa0101,0x0000000000000000,0xffffffffc5f6750e,0x00000000005cf866,0x3fedd0be6dc64044,0x00000000800049c6,0x0000000000000000,0x414fe4cbea4a8c15,0x4129fe6c4e147ae1,0x4152075582161e4f,0x0000000000000000,0x0000000000000000,0x0000000000000000,0x00000000800049c6,0x0000000000e89768,0x0000000000dff77c,0x0000000000e89768,0x0000000000dff77c,0x0000000000146ac9,0x0000000000000667,0x00000000000051b5,0x00000000000006f4,0x00000000000056ad,0x00000000006b18a1,0x0000000000001351
1784427170110,0x000000008000578a,0x0000000080018db0,0x0000000080007a7a,0x0000000000000000,0x00000000800191f0,0x0000000080018de0,0x0000000080018f50,0x0000000000000006,0x0000000000000006,0x0000000000000003,0x0000000080018f50,0x0000000080019038,0xffffffffdd1f47be,0x00000000442593e6,0x0000000000000000,0xffffffffdd0906ae,0x000000000055dc95,0x3fedd0be6dc64044,0x0000000080004cea,0x0000000000000000,0x40257725510964fa,0x4129fe6c4e147ae1,0x4152075582161e4f,0x3f8314f4c0ffffce,0x0000000000000000,0xbfc0e154afec08da,0x0000000080004cea,0x0000000000e961b6,0x0000000000e0c177,0x0000000000e961b6,0x0000000000e0c177,0x0000000000147b47,0x0000000000000670,0x00000000000051b5,0x00000000000006f4,0x00000000000056eb,0x00000000006b7a29,0x0000000000001354
1784427170980,0x0000000080005744,0x0000000080019060,0x0000000080007a7a,0x000000000000000f,0x00000000800191f0,0x00000000800190b0,0x0000000080019310,0x00000000800191f0,0x0000000000000006,0x0000000000000006,0x0000000000000002,0x0000000000000006,0x000000008000f201,0x3feb3ffc6a4f0694,0x0000000000000000,0x00000000326a358e,0x0000000000681fa3,0x3fedd0be6d8fffb2,0x000000008000496c,0x0000000000000000,0x414fe4ceee631f8a,0x4129fe68a36e2eb2,0x415207548b7ced91,0x0000000000000000,0x3fe185d1eca6d1e0,0x3fe185d1eca6d1e0,0x000000008000496c,0x0000000000ea2111,0x0000000000e17a2d,0x0000000000ea2111,0x0000000000e17a2d,0x0000000000148f5b,0x0000000000000672,0x00000000000051b7,0x00000000000006ff,0x000000000000573b,0x00000000006bd620,0x0000000000001357
1784427171828,0x00000000800057ae,0x0000000080018d90,0x0000000080007a7a,0x0000000000000000,0x00000000800191f0,0x0000000080018de0,0x0000000080018f50,0x000000008000f238,0x0000000000000006,0x0000000000000006,0x0000000000000002,0x0000000000000006,0xffffffff85a9fdff,0x000000004420cd02,0x0000000000000000,0xffffffff85a9e5fe,0x000000000055dc95,0x3fedd0be6d8fffb2,0x00000000800049d6,0x0000000000000000,0x4025772551083341,0x4129fe68a36e2eb2,0x415207548b7ced91,0x8000000000000000,0x0000000000000000,0x8000000000000000,0x00000000800049d6,0x0000000000eaede3,0x0000000000e246cb,0x0000000000eaede3,0x0000000000e246cb,0x000000000014a010,0x000000000000067b,0x00000000000051b7,0x00000000000006ff,0x0000000000005779,0x00000000006c38fa,0x000000000000135a
1784427172698,0x0000000080005806,0x0000000080018ee0,0x0000000080007a7a,0x000000000000000f,0x00000000800191f0,0x0000000080018f20,0x00000000800194a0,0x0000000080019310,0x0000000000000003,0x0000000000000006,0x00000000800003f0,0x0000000080019310,0x000000008000f201,0x3fe90d7a77c20ad7,0x0000000000000000,0x000000001ed2704e,0x0000000000458be5,0x3fedd0be6d5daef7,0x0000000080004b28,0x0000000000000000,0x414fe4cf4a8f5c29,0x4129fe7fcfec56d6,0x41520755faa161e5,0x3fc17a1e18310e3c,0x3fc17a1e18310e3c,0x3fc2c1cc2cabef84,0x0000000080004b28,0x0000000000ebbde1,0x0000000000e31016,0x0000000000ebbde1,0x0000000000e31016,0x000000000014b577,0x000000000000067d,0x00000000000051ba,0x000000000000070e,0x00000000000057ce,0x00000000006c9ccc,0x000000000000135d
1784427173537,0x00000000800061b2,0x0000000080019440,0x402a601452b9e20e,0x0000000000000000,0x0000000000000000,0x0000000080019700,0x0000000000000001,0x0000000080018f10,0x0000000000000000,0x000000008000f358,0x0000000000000007,0x0000000000000001,0x000000008000f351,0x3fedd0be6d2fcd81,0x0000000000000000,0x0000000000000000,0x0000000000000000,0x3fedd0be6d2fcd83,0x00000000800061bc,0x0000000000000000,0x402577255106fd0f,0x4129fe7fcfec56d6,0x41520755faa161e5,0x3ff0000000000000,0xbf847ae149072271,0x0000000000000000,0x00000000800061bc,0x0000000000ec892e,0x0000000000e3daf0,0x0000000000ec892e,0x0000000000e3daf0,0x000000000014c607,0x0000000000000686,0x00000000000051ba,0x000000000000070e,0x0000000000005803,0x00000000006cfeb0,0x0000000000001360
1784427174404,0x0000000080005820,0x0000000080018ed0,0x0000000080007a7a,0x000000000000000f,0x00000000800191f0,0x0000000080018f20,0x000000008000f238,0x0000000080019310,0x0000000000000006,0x0000000000000006,0x0000000000000000,0x0000000000000003,0x000000008000f201,0x3fe89f4185021807,0x0000000000000000,0x0000000069955578,0x0000000000624d37,0x3fedd0be6d2fcd83,0x000000008000497a,0x0000000000000000,0x414fe4cd69fbe76d,0x4129fe6dd25460aa,0x4152075368504817,0x0000000000000000,0x3fe1aec7af362cac,0x3fe1aec7af362cac,0x000000008000497a,0x0000000000ed3cf1,0x0000000000e48916,0x0000000000ed3cf1,0x0000000000e48916,0x000000000014d912,0x0000000000000688,0x00000000000051bd,0x000000000000071b,0x0000000000005849,0x00000000006d55e0,0x0000000000001363
1784427175257,0x00000000800057c6,0x0000000080018de0,0x3fdcf46da09c9956,0x0000000000000000,0x4012207dfca3cd5f,0x0000000080018f20,0x000000008000f238,0x0000000080018df0,0x0000000000000040,0x000000008000f358,0x000000008000f358,0x000000008000f238,0x0000000000000120,0x0000000044172b7a,0x0000000000000000,0x000000002c58e4ee,0x000000000055dc95,0x3fedd0be6d2fcd83,0x0000000080007b86,0x0000000000000000,0x402577255105cadf,0x4129fe6dd25460aa,0x4152075368504817,0x3ff0000000000000,0xbf847ae148cc44d1,0x3fc17a1e18099a58,0x0000000080007b86,0x0000000000edff9b,0x0000000000e54ae5,0x0000000000edff9b,0x0000000000e54ae5,0x000000000014e900,0x0000000000000691,0x00000000000051bd,0x000000000000071b,0x0000000000005886,0x00000000006db394,0x0000000000001366
1784427176076,0x000000008000583a,0x0000000080018ed0,0x0000000080007a7a,0x000000000000000f,0x00000000800191f0,0x0000000080018f20,0x00000000800194a0,0x000000008000f238,0x0000000000000003,0x0000000000000006,0x00000000800191f0,0x0000000080019208,0x000000008000f201,0x3fe4f3b87447829d,0x0000000000000000,0x000000003e055cb8,0x000000000050692b,0x3fedd0be6d069d66,0x00000000800049f0,0x0000000000000000,0x414fe4cd2a474539,0x4129fe80fc9eecc0,0x41520757e444d014,0x3ff0000000000000,0x0000000000000000,0x0000000000000000,0x00000000800049f0,0x0000000000eeceb6,0x0000000000e61426,0x0000000000eeceb6,0x0000000000e61426,0x000000000014fe44,0x0000000000000693,0x00000000000051bf,0x0000000000000726,0x00000000000058db,0x00000000006e177c,0x0000000000001369
1784427176897,0x0000000080006260,0x0000000080019230,0x402a60145293dc91,0x0000000000000000,0x0000000000000000,0x0000000080019440,0x0000000080019698,0x00000000800194a0,0x000000008000f238,0x00000000800003f0,0x0000000000000001,0x0000000080019438,0x0000000023f7fffe,0xffffffffa54c0066,0x0000000000000000,0x0000000023b7ebae,0x000000000054d0fb,0x3fedd0be6ce22ee5,0x0000000080005d56,0x0000000000000000,0x4025343ee953001a,0x4129fe80fc9eecc0,0x41520757e444d014,0x01a56e1fc2f8f359,0x0000000000000000,0x0000000000000000,0x0000000080005d56,0x0000000000ef9215,0x0000000000e6d493,0x0000000000ef9215,0x0000000000e6d493,0x00000000001510c8,0x000000000000069c,0x00000000000051bf,0x0000000000000727,0x000000000000592e,0x00000000006e77b9,0x000000000000136c
1784427177661,0x0000000080005850,0x0000000080018ed0,0x0000000080007a7a,0x000000000000000f,0x00000000800191f0,0x0000000080018f20,0x00000000800191f0,0x0000000080019310,0x0000000000000003,0x0000000000000006,0x0000000000000001,0x0000000000000003,0x000000008000f201,0x3fe6eb2ead3f7508,0x0000000000000000,0xffffffffb595d1e0,0x0000000000711ef3,0x3fedd0be6ce22ee5,0x000000008000496c,0x0000000000000000,0x414fe4d0c40ebee0,0x4129fe75dcfaacda,0x4152075379ce075f,0x0000000000000000,0x401623e8e4790d53,0x401623e8e4790d53,0x000000008000496c,0x0000000000f063d6,0x0000000000e7a249,0x0000000000f063d6,0x0000000000e7a249,0x00000000001523b5,0x000000000000069e,0x00000000000051c1,0x0000000000000732,0x0000000000005961,0x00000000006eda6b,0x000000000000136f
1784427178511,0x00000000800056f8,0x0000000080019060,0x0000000080007a7a,0x000000000000000f,0x0000000080019430,0x00000000800190b0,0x0000000080019548,0x000000008000f238,0x0000000000000006,0x0000000000000006,0x0000000000000005,0x0000000000000006,0x000000008000f201,0x3fe3255f8cacbcfc,0x0000000000000000,0x00000000319991de,0x0000000000447f4f,0x3fedd0be6cc26b14,0x0000000080004998,0x0000000000000000,0x414fe4cf441bda51,0x4129fe6e47ef9db2,0x41520754d883126f,0x0000000000000000,0x0000000000000000,0x0000000000000000,0x0000000080004998,0x0000000000f12eba,0x0000000000e86824,0x0000000000f12eba,0x0000000000e86824,0x0000000000153904,0x00000000000006a9,0x00000000000051c4,0x0000000000000741,0x00000000000059dd,0x00000000006f3f17,0x0000000000001372
1784427179372,0x0000000080009fc2,0x0000000080018dc0,0x0000000080007a7a,0x0000000000000000,0x00000000800191f0,0x0000000080018e40,0x0000000000000001,0x0000000036076f09,0xffffffffffffffff,0x0000000000000002,0x00000000002c34f3,0x000000008000f1b0,0xffffffffe2b2f3ff,0x000000006c0ede12,0x0000000000000000,0xffffffffe2b2635e,0x00000000005869e6,0x3fedd0be6cc26b14,0x000000008000a1a6,0x403e88fa391e4338,0x403e88fa391e4338,0x4129fe6e47ef9db2,0x41520754d883126f,0x01a56e1fc2f8f359,0x3ff0000000000000,0x3ff0000000000000,0x000000008000a1a6,0x0000000000f1e77a,0x0000000000e91fe7,0x0000000000f1e77a,0x0000000000e91fe7,0x0000000000154787,0x00000000000006a9,0x00000000000051c4,0x0000000000000741,0x00000000000059f8,0x00000000006f969e,0x0000000000001375
1784427180211,0x00000000800056f8,0x0000000080019060,0x0000000080007a7a,0x000000000000000f,0x0000000080019430,0x00000000800190b0,0x0000000080019548,0x000000008000f238,0x0000000000000006,0x0000000000000006,0x0000000000000000,0x0000000000000012,0x000000008000f201,0x3fe15385ef5a607a,0x0000000000000000,0xfffffffff194f800,0x000000000064ac23,0x3fedd0be6ca71d5f,0x000000008000499a,0x0000000000000000,0x414fe4c87a4a8c15,0x4129fe6d3d14e3bd,0x4152075805b71759,0x0000000000000000,0x0000000000000000,0x0000000000000000,0x000000008000499a,0x0000000000f2b322,0x0000000000e9e5fb,0x0000000000f2b322,0x0000000000e9e5fb,0x0000000000155d34,0x00000000000006b4,0x00000000000051c7,0x0000000000000750,0x0000000000005a54,0x00000000006ffa34,0x0000000000001378
1784427181041,0x000000008000589c,0x0000000080018ed0,0x0000000080007a7a,0x0000000000000000,0x00000000800191f0,0x0000000080018f20,0x0000000080019280,0x0000000080019118,0x0000000000000006,0x0000000000000003,0x0000000000000005,0x0000000000000003,0x000000007dfbdff7,0x0000000044066288,0x0000000000000000,0x000000007dd9cbe0,0x000000000055dc95,0x3fedd0be6ca71d5f,0x000000008000496c,0x0000000000000000,0x40257725510198a2,0x4129fe6d3d14e3bd,0x4152075805b71759,0x3ff12c1dda97fa3a,0x0000000000000000,0x0000000000000000,0x000000008000496c,0x0000000000f37818,0x0000000000eaab41,0x0000000000f37818,0x0000000000eaab41,0x0000000000156ce7,0x00000000000006bd,0x00000000000051c7,0x0000000000000750,0x0000000000005a88,0x00000000007059d6,0x000000000000137b
1784427181827,0x00000000800056f8,0x0000000080019060,0x0000000080007a7a,0x000000000000000f,0x0000000080019430,0x00000000800190b0,0x0000000080019548,0x000000008000f238,0x0000000000000006,0x0000000000000006,0x0000000000000005,0x000000000000001e,0x000000008000f201,0x3fe35f9eb7d9e4a3,0x0000000000000000,0x0000000012e9f7fe,0x00000000007d0368,0x3fedd0be6c8ffbd6,0x0000000080004992,0x0000000000000000,0x414fe4c9b61e4f76,0x4129fe6241b089a0,0x415207542df3b646,0x3ff0000000000000,0x0000000000000000,0x0000000000000000,0x0000000080004992,0x0000000000f44029,0x0000000000eb6c9c,0x0000000000f44029,0x0000000000eb6c9c,0x0000000000158218,0x00000000000006bf,0x00000000000051c9,0x000000000000075b,0x0000000000005ad7,0x000000000070b980,0x000000000000137e
1784427182795,0x000000008000578a,0x0000000080018db0,0x0000000080007a7a,0x0000000000000000,0x00000000800191f0,0x0000000080018de0,0x0000000080018f50,0x0000000000000006,0x0000000000000006,0x0000000000000003,0x0000000080018f50,0x0000000080019048,0x0000000044b6efbd,0x00000000440303cc,0x0000000000000000,0x000000004494cab8,0x000000000055dc95,0x3fedd0be6c8ffbd6,0x0000000080004cec,0x0000000000000000,0x402577255100c0f3,0x4129fe6241b089a0,0x415207542df3b646,0x3f8314f4c04fcbbb,0x0000000000000000,0x0000000000000000,0x0000000080004cec,0x0000000000f51633,0x0000000000ec4383,0x0000000000f51633,0x0000000000ec4383,0x000000000015936f,0x00000000000006c8,0x00000000000051c9,0x000000000000075b,0x0000000000005b0d,0x0000000000712114,0x0000000000001381
1784427183843,0x0000000080005744,0x0000000080019060,0x0000000080007a7a,0x000000000000000f,0x00000000800191f0,0x00000000800190b0,0x0000000080019310,0x00000000800191f0,0x0000000000000006,0x0000000000000006,0x0000000000000002,0x000000000000000c,0x000000008000f201,0x3fe06323702cc775,0x0000000000000000,0xffffffff9d780000,0x000000000053bfe5,0x3fedd0be6c7cae55,0x0000000080004970,0x0000000000000000,0x414fe4d014bfb15b,0x4129fe7f63958106,0x41520753db645a1d,0x0000000000000000,0x0000000000000000,0x0000000000000000,0x0000000080004970,0x0000000000f5cfd2,0x0000000000ecf742,0x0000000000f5cfd2,0x0000000000ecf742,0x000000000015a710,0x00000000000006ca,0x00000000000051cb,0x0000000000000766,0x0000000000005b54,0x0000000000717ad6,0x0000000000001384
1784427184697,0x00000000800057ae,0x0000000080018d90,0x0000000080007a7a,0x0000000000000000,0x00000000800191f0,0x0000000080018de0,0x0000000080018f50,0x000000008000f238,0x0000000000000006,0x0000000000000006,0x0000000000000001,0x0000000000000006,0xffffffffb7ff9aff,0x0000000044000272,0x0000000000000000,0xffffffffb7fd029e,0x000000000055dc95,0x3fedd0be6c7cae55,0x000000008000496c,0x0000000000000000,0x402577255100009d,0x4129fe7f63958106,0x41520753db645a1d,0x8000000000000000,0x0000000000000000,0x0000000000000000,0x000000008000496c,0x0000000000f6a01e,0x0000000000edc749,0x0000000000f6a01e,0x0000000000edc749,0x000000000015b817,0x00000000000006d3,0x00000000000051cb,0x0000000000000766,0x0000000000005b90,0x000000000071df2f,0x0000000000001387
1784427185504,0x0000000080005744,0x0000000080019060,0x0000000080007a7a,0x000000000000000f,0x00000000800191f0,0x00000000800190b0,0x0000000080019310,0x00000000800191f0,0x0000000000000006,0x0000000000000006,0x00000000800190d0,0x00000000800191c0,0x000000008000f201,0x3fda83d93612e014,0x0000000000000000,0x000000003cd00b5e,0x0000000000529dd6,0x3fedd0be6c6cd46a,0x00000000800049f0,0x0000000000000000,0x414fe4ca5a7ef9db,0x4129fe6f7a36e2eb,0x4152075298710cb3,0x0000000000000000,0x0000000000000000,0x0000000000000000,0x00000000800049f0,0x0000000000f7620b,0x0000000000ee82b0,0x0000000000f7620b,0x0000000000ee82b0,0x000000000015cc5f,0x00000000000006d5,0x00000000000051ce,0x0000000000000775,0x0000000000005be8,0x0000000000723c63,0x000000000000138a
1784427186369,0x00000000800057ae,0x0000000080018d90,0x0000000080007a7a,0x0000000000000000,0x00000000800191f0,0x0000000080018de0,0x0000000080018f50,0x000000008000f238,0x0000000000000006,0x0000000000000006,0x0000000000000000,0x000000000000000c,0xfffffffff67aed7a,0x0000000043fd5d24,0x0000000000000000,0xfffffffff67a6978,0x000000000055dc95,0x3fedd0be6c6cd46a,0x00000000800049be,0x0000000000000000,0x4025772550ff5749,0x4129fe6f7a36e2eb,0x4152075298710cb3,0xbf9287f43dd4dd64,0x0000000000000000,0x0000000000000000,0x00000000800049be,0x0000000000f8213b,0x0000000000ef41c7,0x0000000000f8213b,0x0000000000ef41c7,0x000000000015dbf1,0x00000000000006de,0x00000000000051ce,0x0000000000000775,0x0000000000005c27,0x00000000007298e6,0x000000000000138d
1784427187156,0x0000000080005820,0x0000000080018ed0,0x0000000080007a7a,0x000000000000000f,0x00000000800191f0,0x0000000080018f20,0x000000008000f238,0x0000000080019310,0x0000000000000006,0x0000000000000006,0x0000000000000000,0x0000000000000003,0x000000008000f201,0x3fd1d32fc0ee85e7,0x0000000000000000,0xffffffffa729c8fe,0x000000000043060a,0x3fedd0be6c600a3c,0x00000000800049e0,0x0000000000000000,0x414fe4cb45bf4880,0x4129fe6d48db8bac,0x4152075166339c0f,0x0000000000000000,0x3fe1aec7af362cb2,0x0000000000000000,0x00000000800049e0,0x0000000000f8ef9f,0x0000000000f00a1e,0x0000000000f8ef9f,0x0000000000f00a1e,0x000000000015f12d,0x00000000000006e0,0x00000000000051d1,0x0000000000000782,0x0000000000005c6f,0x000000000072fc42,0x0000000000001390
1784427187895,0x00000000800057ae,0x0000000080018d90,0x0000000080007a7a,0x0000000000000000,0x00000000800191f0,0x0000000080018de0,0x0000000080018f50,0x000000008000f238,0x0000000000000006,0x0000000000000006,0x0000000080018df0,0x0000000000000001,0x00000000099cd7fe,0x0000000043fb1052,0x0000000000000000,0x000000000914d2de,0x000000000055dc95,0x3fedd0be6c600a3c,0x0000000080004a00,0x0000000000000000,0x4025772550fec415,0x4129fe6d48db8bac,0x4152075166339c0f,0x8000000000000000,0x0000000000000000,0x0000000000000000,0x0000000080004a00,0x0000000000f9b172,0x0000000000f0cb29,0x0000000000f9b172,0x0000000000f0cb29,0x0000000000160112,0x00000000000006e9,0x00000000000051d1,0x0000000000000782,0x0000000000005cb0,0x0000000000735999,0x0000000000001393
1784427188660,0x0000000080005820,0x0000000080018ed0,0x0000000080007a7a,0x000000000000000f,0x00000000800191f0,0x0000000080018f20,0x000000008000f238,0x0000000080019310,0x0000000000000006,0x0000000000000006,0x0000000080019280,0x0000000080019298,0x000000008000f201,0x3fbd0bbd8d0eb1dc,0x0000000000000000,0xffffffffb34cc14e,0x00000000005ad9b9,0x3fedd0be6c55ec5e,0x00000000800049f0,0x0000000000000000,0x414fe4c95e809d49,0x4129fe6d6b50b0f2,0x415207531b0d844d,0x0000000000000000,0x3fe1aec7af362cbb,0x3fe1aec7af362cbb,0x00000000800049f0,0x0000000000fa665c,0x0000000000f17a79,0x0000000000fa665c,0x0000000000f17a79,0x0000000000161437,0x00000000000006eb,0x00000000000051d3,0x000000000000078d,0x0000000000005cfb,0x000000000073b13b,0x0000000000001396
1784427189487,0x0000000080006260,0x0000000080019230,0x402a6014522ce13a,0x0000000000000000,0x0000000000000000,0x0000000080019440,0x0000000080019698,0x00000000800194a0,0x000000008000f238,0x00000000800003f0,0x000000008000f238,0x000000008000f2c8,0x000000005dd7f8ff,0xffffffffd85256ae,0x0000000000000000,0x000000005d9750de,0x00000000004df645,0x3fedd0be6c4e1ac5,0x0000000080005c0a,0x0000000000000000,0x40237d91761495ac,0x4129fe6d6b50b0f2,0x415207531b0d844d,0x01a56e1fc2f8f359,0x0000000000000000,0x0000000000000000,0x0000000080005c0a,0x0000000000fb35a0,0x0000000000f24837,0x0000000000fb35a0,0x0000000000f24837,0x00000000001625e9,0x00000000000006f4,0x00000000000051d3,0x000000000000078d,0x0000000000005d55,0x000000000074163e,0x0000000000001399
1784427190312,0x000000008000583a,0x0000000080018ed0,0x0000000080007a7a,0x000000000000000f,0x00000000800191f0,0x0000000080018f20,0x00000000800194a0,0x000000008000f238,0x0000000000000003,0x0000000000000006,0x0000000000000001,0x0000000000000006,0x000000008000f201,0x3fa0bfdbf6fb8778,0x0000000000000000,0xffffffff9cba3b80,0x00000000007f491e,0x3fedd0be6c4e1ac5,0x000000008000496c,0x0000000000000000,0x414fe4c7a7a0f909,0x4129fe78bdb22d0e,0x4152075a29e4f766,0x0000000000000000,0x3fe1aec7af362cbf,0x3fe1aec7af362cbf,0x000000008000496c,0x0000000000fc028e,0x0000000000f30ff1,0x0000000000fc028e,0x0000000000f30ff1,0x0000000000163a3d,0x00000000000006f6,0x00000000000051d5,0x0000000000000798,0x0000000000005d7c,0x00000000007477bd,0x000000000000139c
1784427191182,0x0000000080006260,0x0000000080019230,0x402a601452261c8b,0x0000000000000000,0x0000000000000000,0x0000000080019440,0x0000000080019698,0x00000000800194a0,0x000000008000f238,0x00000000800003f0,0x0000000000000000,0x0000000000000000,0x000000003cbbf7fd,0xfffffffffaab5a5c,0x0000000000000000,0x000000003c999778,0x00000000005841d5,0x3fedd0be6c483ae9,0x0000000080005cc8,0x0000000000000000,0x403610757eaad697,0x4129fe78bdb22d0e,0x4152075a29e4f766,0x01a56e1fc2f8f359,0x0000000000000000,0x0000000000000000,0x0000000080005cc8,0x0000000000fcbdbd,0x0000000000f3c873,0x0000000000fcbdbd,0x0000000000f3c873,0x0000000000164c39,0x00000000000006ff,0x00000000000051d5,0x0000000000000799,0x0000000000005dc7,0x000000000074d495,0x000000000000139f
1784427191988,0x000000008000583a,0x0000000080018ed0,0x0000000080007a7a,0x000000000000000f,0x00000000800191f0,0x0000000080018f20,0x00000000800194a0,0x000000008000f238,0x0000000000000003,0x0000000000000006,0x00000000800191f0,0x00000000800191f0,0x000000008000f201,0x3fccd87a97d3e0d9,0x0000000000000000,0x00000000328e987e,0x00000000006e349b,0x3fedd0be6c483ae9,0x0000000080004982,0x0000000000000000,0x414fe4c95eab367a,0x4129fe6b2538ef35,0x41520756d8d844d0,0x3ff0000000000000,0x0000000000000000,0x401623e8e4790c4a,0x0000000080004982,0x0000000000fd6afd,0x0000000000f4726f,0x0000000000fd6afd,0x0000000000f4726f,0x0000000000165c0b,0x0000000000000701,0x00000000000051d8,0x00000000000007a8,0x0000000000005df0,0x000000000075264d,0x00000000000013a2
1784427192844,0x0000000080006260,0x0000000080019230,0x402a601452207345,0x0000000000000000,0x0000000000000000,0x0000000080019440,0x0000000080019698,0x00000000800194a0,0x000000008000f238,0x00000000800003f0,0x0000000000000000,0x0000000000000000,0x000000002e5befbf,0x0000000020022754,0x0000000000000000,0x000000002e52a638,0x00000000005a62f5,0x3fedd0be6c43f94b,0x0000000080005ca2,0x0000000000000000,0x401698bd480089d5,0x4129fe6b2538ef35,0x41520756d8d844d0,0x01a56e1fc2f8f359,0x0000000000000000,0x0000000000000000,0x0000000080005ca2,0x0000000000fe32ee,0x0000000000f53744,0x0000000000fe32ee,0x0000000000f53744,0x0000000000166eef,0x000000000000070a,0x00000000000051d8,0x00000000000007a9,0x0000000000005e47,0x000000000075889a,0x00000000000013a5
1784427193649,0x000000008000583a,0x0000000080018ed0,0x0000000080007a7a,0x000000000000000f,0x00000000800191f0,0x0000000080018f20,0x00000000800194a0,0x000000008000f238,0x0000000000000003,0x0000000000000006,0x0000000000000001,0x0000000000000006,0x000000008000f201,0x3fd114ad8276ff54,0x0000000000000000,0xffffffff8ddb05ce,0x0000000000620eca,0x3fedd0be6c43f94b,0x0000000080004940,0x0000000000000000,0x414fe4c9263f1412,0x4129fe6744b5dcc6,0x415207593cd6a162,0x0000000000000000,0x401623e8e4790c49,0x401623e8e4790c49,0x0000000080004940,0x0000000000feef0a,0x0000000000f5efbd,0x0000000000feef0a,0x0000000000f5efbd,0x0000000000168021,0x000000000000070c,0x00000000000051db,0x00000000000007b7,0x0000000000005e6e,0x000000000075e14c,0x00000000000013a8
1784427194444,0x0000000080009fc2,0x0000000080019420,0x402a6014521bc7d6,0x0000000000000000,0x0000000000000000,0x0000000080019700,0x0000000000000001,0x000000006b9d8cfd,0x000000003fe00000,0x40239bbeeb9d8cfd,0xffffffff80000000,0x0000000000000001,0xffffffff8d3ef7bf,0xffffffffae7633f2,0x0000000000000000,0xffffffff8d2ed79e,0x00000000004e6efb,0x3fedd0be6c410a4f,0x0000000080009fc6,0x405807d17b9164cf,0x40239bbeeb9d8cfd,0x4129fe6744b5dcc6,0x415207593cd6a162,0x01a56e1fc2f8f359,0x3ff0000000000000,0x3ff0000000000000,0x0000000080009fc6,0x0000000000ffb9a2,0x0000000000f6b60a,0x0000000000ffb9a2,0x0000000000f6b60a,0x0000000000169581,0x0000000000000717,0x00000000000051db,0x00000000000007b8,0x0000000000005ede,0x0000000000764644,0x00000000000013ab
1784427195301,0x00000000800058f2,0x0000000080018ed0,0x0000000080007a7a,0x0000000000000000,0x00000000800191f0,0x0000000080018f20,0x00000000800193a0,0x00000000800194a0,0x0000000000000006,0x0000000000000003,0x00000000800193a0,0x0000000080019410,0x000000005aefaf9e,0x0000000043f3ec4e,0x0000000000000000,0x000000005ae60c1e,0x000000000055dc95,0x3fedd0be6c410a4f,0x00000000800049a4,0x0000000000000000,0x4025772550fcfb14,0x4129fe677c28f5c3,0x4152075443be76c9,0x0000000000000000,0x0000000000000000,0x0000000000000000,0x00000000800049a4,0x000000000100bdc0,0x0000000000f7b9db,0x000000000100bdc0,0x0000000000f7b9db,0x000000000016aa98,0x0000000000000720,0x00000000000051dd,0x00000000000007c2,0x0000000000005f15,0x000000000076c32f,0x00000000000013ae
1784427196398,0x0000000080005744,0x0000000080019060,0x0000000080007a7a,0x000000000000000f,0x00000000800191f0,0x00000000800190b0,0x0000000080019310,0x00000000800191f0,0x0000000000000006,0x0000000000000006,0x00000000800190d0,0x0000000000000002,0x000000008000f201,0x3fd3a6f89961b583,0x0000000000000000,0x000000001088d378,0x00000000006d4a60,0x3fedd0be6c3f2abd,0x0000000080004a00,0x0000000000000000,0x414fe4c6c7e90ff9,0x4129fe6c1e1b089a,0x41520757881205bc,0x3fe185d1eca6d083,0x0000000000000000,0x0000000000000000,0x0000000080004a00,0x00000000010174be,0x0000000000f86b49,0x00000000010174be,0x0000000000f86b49,0x000000000016bde6,0x0000000000000722,0x00000000000051df,0x00000000000007cd,0x0000000000005f60,0x0000000000771bbb,0x00000000000013b1
1784427197152,0x00000000800058f2,0x0000000080018ed0,0x0000000080007a7a,0x0000000000000000,0x00000000800191f0,0x0000000080018f20,0x00000000800193a0,0x00000000800194a0,0x0000000000000006,0x0000000000000003,0x0000000000000002,0x0000000000000003,0xffffffffe4cfb9de,0x0000000043f32c56,0x0000000000000000,0xffffffffe487298e,0x000000000055dc95,0x3fedd0be6c3f2abd,0x0000000080004a0a,0x0000000000000000,0x4025772550fccb16,0x4129fe6c1e1b089a,0x41520757881205bc,0x3fc733d4769437c2,0x0000000000000000,0x0000000000000000,0x0000000080004a0a,0x0000000001022c96,0x0000000000f922f1,0x0000000001022c96,0x0000000000f922f1,0x000000000016cd05,0x000000000000072b,0x00000000000051df,0x00000000000007cd,0x0000000000005f90,0x00000000007774cb,0x00000000000013b4
1784427197980,0x0000000080005744,0x0000000080019060,0x0000000080007a7a,0x000000000000000f,0x00000000800191f0,0x00000000800190b0,0x0000000080019310,0x00000000800191f0,0x0000000000000006,0x0000000000000006,0x00000000800190d0,0x0000000000000005,0x000000008000f201,0x3fd6adbb80e3d430,0x0000000000000000,0xffffffff9efcaf0e,0x0000000000613503,0x3fedd0be6c3e1fcc,0x0000000080004a00,0x0000000000000000,0x414fe4cc3b055326,0x4129fe74d4467382,0x4152075658f9096c,0x0000000000000000,0x0000000000000000,0x0000000000000000,0x0000000080004a00,0x000000000102f677,0x0000000000f9e702,0x000000000102f677,0x0000000000f9e702,0x000000000016e1db,0x000000000000072d,0x00000000000051e2,0x00000000000007dc,0x0000000000005fd9,0x000000000077d623,0x00000000000013b7
1784427198811,0x00000000800057ae,0x0000000080018d90,0x0000000080007a7a,0x0000000000000000,0x00000000800191f0,0x0000000080018de0,0x0000000080018f50,0x000000008000f238,0x0000000000000006,0x0000000000000006,0x0000000080018df0,0x0000000080018e00,0xffffffff8c9da37f,0x0000000043f295be,0x0000000000000000,0xffffffff8c98a37e,0x000000000055dc95,0x3fedd0be6c3e1fcc,0x0000000080004984,0x0000000000000000,0x4025772550fca570,0x4129fe74d4467382,0x4152075658f9096c,0x8000000000000000,0x0000000000000000,0x0000000000000000,0x0000000080004984,0x000000000103bc46,0x0000000000faad5f,0x000000000103bc46,0x0000000000faad5f,0x000000000016f20b,0x0000000000000736,0x00000000000051e2,0x00000000000007dc,0x0000000000006004,0x0000000000783617,0x00000000000013ba
1784427200088,0x0000000080005744,0x0000000080019060,0x0000000080007a7a,0x000000000000000f,0x00000000800191f0,0x00000000800190b0,0x0000000080019310,0x00000000800191f0,0x0000000000000006,0x0000000000000006,0x00000000800190d0,0x00000000800191c8,0x000000008000f201,0x3fd64544d42babf7,0x0000000000000000,0x00000000234d55b8,0x0000000000422931,0x3fedd0be6c3db6ea,0x00000000800049f0,0x0000000000000000,0x414fe4c52264c2f8,0x4129fe6d4a64c2f8,0x4152075412a4a8c1,0x0000000000000000,0x0000000000000000,0x0000000000000000,0x00000000800049f0,0x0000000001048de1,0x0000000000fb78e3,0x0000000001048de1,0x0000000000fb78e3,0x000000000017079b,0x0000000000000738,0x00000000000051e5,0x00000000000007e9,0x000000000000604b,0x0000000000789b05,0x00000000000013bd
1784427200884,0x00000000800057ae,0x0000000080018d90,0x0000000080007a7a,0x0000000000000000,0x00000000800191f0,0x0000000080018de0,0x0000000080018f50,0x000000008000f238,0x0000000000000006,0x0000000000000006,0x0000000080018f50,0x0000000080019000,0xffffffffc3dff76f,0x0000000043f22226,0x0000000000000000,0xffffffffc3ccf12e,0x000000000055dc95,0x3fedd0be6c3db6ea,0x00000000800049a4,0x0000000000000000,0x4025772550fc888a,0x4129fe6d4a64c2f8,0x4152075412a4a8c1,0x3ff0000000000000,0x0000000000000000,0x0000000000000000,0x00000000800049a4,0x0000000001055135,0x0000000000fc3cba,0x0000000001055135,0x0000000000fc3cba,0x0000000000171798,0x0000000000000741,0x00000000000051e5,0x00000000000007e9,0x000000000000606d,0x000000000078f9b4,0x00000000000013c0
1784427201750,0x0000000080005820,0x0000000080018ed0,0x0000000080007a7a,0x000000000000000f,0x00000000800191f0,0x0000000080018f20,0x000000008000f238,0x0000000080019310,0x0000000000000006,0x0000000000000006,0x0000000080019310,0x0000000080019368,0x000000008000f201,0x3fd04878388e7a9b,0x0000000000000000,0xffffffffcc5a895e,0x000000000040b154,0x3fedd0be6c3dc559,0x00000000800049c8,0x0000000000000000,0x414fe4c7a727bb30,0x4129fe77644d013b,0x415207571aa161e5,0x0000000000000000,0x0000000000000000,0x0000000000000000,0x00000000800049c8,0x0000000001061c6c,0x0000000000fd023c,0x0000000001061c6c,0x0000000000fd023c,0x0000000000172c8f,0x0000000000000743,0x00000000000051e7,0x00000000000007f4,0x00000000000060b9,0x0000000000795bcb,0x00000000000013c3
1784427202540,0x0000000080009fc2,0x0000000080019420,0x402a6014520f61f9,0x0000000000000001,0x0000000000000000,0x0000000080019700,0x0000000000603d13,0xffffffff9213f5ea,0x000000000004f06b,0x0000000000000002,0x0000000000301e89,0xffffffffab0a461c,0x000000002427ebd5,0x000000002427ebd6,0x0000000000000001,0x000000002427ebd5,0x0000000000603d13,0x3fedd0be6c3e2798,0x000000008000a116,0x404216ee769f4d25,0x404216ee769f4d25,0x4129fe77644d013b,0x415207571aa161e5,0x3ff0000000000000,0x403a3be6117c2736,0x404216ee769f4d25,0x000000008000a116,0x000000000106e021,0x0000000000fdc595,0x000000000106e021,0x0000000000fdc595,0x0000000000173c6c,0x000000000000074c,0x00000000000051e7,0x00000000000007f4,0x0000000000006104,0x000000000079bb2b,0x00000000000013c6
1784427203269,0x0000000080005820,0x0000000080018ed0,0x0000000080007a7a,0x000000000000000f,0x00000000800191f0,0x0000000080018f20,0x000000008000f238,0x0000000080019310,0x0000000000000006,0x0000000000000006,0x0000000000000003,0x0000000000000003,0x000000008000f201,0x3fd229e1ad3b93ac,0x0000000000000000,0x000000004afc396e,0x00000000005362c9,0x3fedd0be6c3e2798,0x000000008000496c,0x0000000000000000,0x414fe4c701758e22,0x4129fe65c6cf41f2,0x41520756b46dc5d6,0x0000000000000000,0x0000000000000000,0x0000000000000000,0x000000008000496c,0x0000000001079868,0x0000000000fe7834,0x0000000001079868,0x0000000000fe7834,0x0000000000174ffc,0x000000000000074e,0x00000000000051e9,0x00000000000007ff,0x0000000000006133,0x00000000007a137e,0x00000000000013c9
1784427204092,0x0000000080006260,0x0000000080019230,0x402a6014520e6518,0x0000000000000000,0x0000000000000000,0x0000000080019440,0x0000000080019698,0x00000000800194a0,0x000000008000f238,0x00000000800003f0,0x0000000000000001,0x0000000080019468,0xffffffffaf6dfa7c,0xfffffffffbc9e8e4,0x0000000000000000,0xffffffffaf0cfa78,0x00000000004ae303,0x3fedd0be6c3ec0b8,0x0000000080005c4c,0x0000000000000000,0x4012b8c0fef27a39,0x4129fe65c6cf41f2,0x41520756b46dc5d6,0x01a56e1fc2f8f359,0x0000000000000000,0x0000000000000000,0x0000000080005c4c,0x0000000001086086,0x0000000000ff3eda,0x0000000001086086,0x0000000000ff3eda,0x0000000000176149,0x0000000000000757,0x00000000000051e9,0x00000000000007ff,0x000000000000617e,0x00000000007a7552,0x00000000000013cc
1784427204864,0x0000000080005820,0x0000000080018ed0,0x0000000080007a7a,0x000000000000000f,0x00000000800191f0,0x0000000080018f20,0x000000008000f238,0x0000000080019310,0x0000000000000006,0x0000000000000006,0x0000000080019280,0x00000000800192d8,0x000000008000f201,0x3fd2acb522ac5e87,0x0000000000000000,0xffffffffb5836780,0x00000000004cb186,0x3fedd0be6c3ec0b8,0x0000000080004982,0x0000000000000000,0x414fe4c771b089a0,0x4129fe63ba36e2eb,0x41520755a9ed288d,0x0000000000000000,0x0000000000000000,0x0000000000000000,0x0000000080004982,0x000000000109127c,0x0000000000ffebd3,0x000000000109127c,0x0000000000ffebd3,0x000000000017733e,0x0000000000000759,0x00000000000051ec,0x000000000000080d,0x00000000000061a6,0x00000000007ac9fc,0x00000000000013cf
1784427205570,0x0000000080006260,0x0000000080019230,0x402a6014520db621,0x0000000000000000,0x0000000000000000,0x0000000080019440,0x0000000080019698,0x00000000800194a0,0x000000008000f238,0x00000000800003f0,0x0000000000000000,0x000000000000000c,0x000000000f3bbbff,0x0000000036f3ea82,0x0000000000000000,0x000000000f310afe,0x0000000000621b9f,0x3fedd0be6c3f79a7,0x0000000080005bce,0x0000000000000000,0x401886e7cdbcfaa1,0x4129fe63ba36e2eb,0x41520755a9ed288d,0x01a56e1fc2f8f359,0x0000000000000000,0x0000000000000000,0x0000000080005bce,0x000000000109dc2c,0x000000000100b36a,0x000000000109dc2c,0x000000000100b36a,0x0000000000178530,0x0000000000000762,0x00000000000051ec,0x000000000000080d,0x00000000000061fb,0x00000000007b2cbe,0x00000000000013d2
1784427206359,0x000000008000583a,0x0000000080018ed0,0x0000000080007a7a,0x000000000000000f,0x00000000800191f0,0x0000000080018f20,0x00000000800194a0,0x000000008000f238,0x0000000000000003,0x0000000000000006,0x0000000000000001,0x0000000000000006,0x000000008000f201,0x3fd0761131758cf1,0x0000000000000000,0xffffffffdc1cc380,0x000000000073c463,0x3fedd0be6c3f79a7,0x00000000800049da,0x0000000000000000,0x414fe4c901930be1,0x4129fe5c1b71758e,0x41520755fca57a78,0x0000000000000000,0x0000000000000000,0x0000000000000000,0x00000000800049da,0x00000000010aa508,0x00000000010177a8,0x00000000010aa508,0x00000000010177a8,0x0000000000179876,0x0000000000000764,0x00000000000051ef,0x000000000000081b,0x0000000000006225,0x00000000007b8c01,0x00000000000013d5
1784427207083,0x0000000080006260,0x0000000080019230,0x402a6014520d44b7,0x0000000000000000,0x0000000000000000,0x0000000080019440,0x0000000080019698,0x00000000800194a0,0x000000008000f238,0x00000000800003f0,0x00000000800194a0,0x00000000800194d8,0x0000000048f3976e,0x00000000218bac3a,0x0000000000000000,0x000000004893016e,0x0000000000497d48,0x3fedd0be6c404079,0x0000000080005ce4,0x0000000000000000,0x40225f520862eb0f,0x4129fe5c1b71758e,0x41520755fca57a78,0x01a56e1fc2f8f359,0x3fdcf46da09c99ab,0x0000000000000000,0x0000000080005ce4,0x00000000010b5bb8,0x0000000001022b4d,0x00000000010b5bb8,0x0000000001022b4d,0x000000000017a9ce,0x000000000000076d,0x00000000000051ef,0x000000000000081c,0x000000000000627b,0x00000000007be629,0x00000000000013d8
1784427207821,0x000000008000583a,0x0000000080018ed0,0x0000000080007a7a,0x000000000000000f,0x00000000800191f0,0x0000000080018f20,0x00000000800194a0,0x000000008000f238,0x0000000000000003,0x0000000000000006,0x0000000000000006,0x0000000000000006,0x000000008000f201,0x3fce506457dfb3e6,0x0000000000000000,0xffffffffcd6161fe,0x0000000000461769,0x3fedd0be6c404079,0x0000000080004a0a,0x0000000000000000,0x414fe4c3850b0f28,0x4129fe7be17c1bda,0x41520758c6425aee,0x0000000000000000,0x401623e8e4790c26,0x401623e8e4790c26,0x0000000080004a0a,0x00000000010c18c1,0x000000000102e48d,0x00000000010c18c1,0x000000000102e48d,0x000000000017bb32,0x000000000000076f,0x00000000000051f1,0x0000000000000826,0x00000000000062a6,0x00000000007c3f50,0x00000000000013db
1784427208665,0x0000000080006260,0x0000000080019230,0x402a6014520d02cd,0x0000000000000000,0x0000000000000000,0x0000000080019440,0x0000000080019698,0x00000000800194a0,0x000000008000f238,0x00000000800003f0,0x0000000000000002,0x0000000000000002,0x0000000026fa3f1e,0x000000003583ec6a,0x0000000000000000,0x000000002698320e,0x000000000077ecb5,0x3fedd0be6c4107ab,0x0000000080005bb8,0x0000000000000000,0x402dfb2d4d60fb1b,0x4129fe7be17c1bda,0x41520758c6425aee,0x01a56e1fc2f8f359,0x0000000000000000,0x0000000000000000,0x0000000080005bb8,0x00000000010ccbdc,0x0000000001039535,0x00000000010ccbdc,0x0000000001039535,0x000000000017cb70,0x0000000000000778,0x00000000000051f1,0x0000000000000826,0x0000000000006305,0x00000000007c975d,0x00000000000013de
1784427209514,0x000000008000583a,0x0000000080018ed0,0x0000000080007a7a,0x000000000000000f,0x00000000800191f0,0x0000000080018f20,0x00000000800194a0,0x000000008000f238,0x0000000000000003,0x0000000000000006,0x0000000000000002,0x0000000000000006,0x000000008000f201,0x3fd4885580193982,0x0000000000000000,0xffffffff9dae03ae,0x00000000004adaf0,0x3fedd0be6c4107ab,0x0000000080004a0a,0x0000000000000000,0x414fe4c75b9f559b,0x4129fe7014d6a162,0x415207582523a29c,0x0000000000000000,0x0000000000000000,0x0000000000000000,0x0000000080004a0a,0x00000000010d957c,0x0000000001045a24,0x00000000010d957c,0x0000000001045a24,0x000000000017de9f,0x000000000000077a,0x00000000000051f3,0x0000000000000830,0x000000000000632f,0x00000000007cf6d3,0x00000000000013e1
1784427210343,0x0000000080006260,0x0000000080019230,0x402a6014520ce486,0x0000000000000000,0x0000000000000000,0x0000000080019440,0x0000000080019698,0x00000000800194a0,0x000000008000f238,0x00000000800003f0,0x00000000800194a0,0x0000000000000005,0xffffffff9beef7ff,0xfffffffff00f3fbe,0x0000000000000000,0xffffffff9bee777e,0x00000000006704cd,0x3fedd0be6c41c575,0x0000000080005d00,0x0000000000000000,0x4019c1337c03cff0,0x4129fe7014d6a162,0x415207582523a29c,0x01a56e1fc2f8f359,0x0000000000000000,0x402a6014520ce486,0x0000000080005d00,0x00000000010e5338,0x000000000105147e,0x00000000010e5338,0x000000000105147e,0x000000000017f193,0x0000000000000783,0x00000000000051f3,0x0000000000000831,0x0000000000006384,0x00000000007d5550,0x00000000000013e4
1784427211200,0x0000000080005850,0x0000000080018ed0,0x0000000080007a7a,0x000000000000000f,0x00000000800191f0,0x0000000080018f20,0x00000000800191f0,0x0000000080019310,0x0000000000000003,0x0000000000000006,0x0000000000000002,0x0000000000000000,0x000000008000f201,0x3fd781b54547d8e6,0x0000000000000000,0xffffffffa5d6b3f8,0x0000000000591c86,0x3fedd0be6c41c575,0x0000000080004966,0x0000000000000000,0x414fe4c66fced917,0x4129fe5bf7c1bda5,0x415207583d7c1bda,0x3fe1aec7af362c67,0x401623e8e4790c1c,0x401623e8e4790c1c,0x0000000080004966,0x00000000010f15aa,0x000000000105d3d5,0x00000000010f15aa,0x000000000105d3d5,0x0000000000180260,0x0000000000000785,0x00000000000051f6,0x000000000000083f,0x00000000000063b2,0x00000000007db03a,0x00000000000013e7
1784427212056,0x00000000800056f8,0x0000000080019060,0x0000000080007a7a,0x000000000000000f,0x0000000080019430,0x00000000800190b0,0x0000000080019548,0x000000008000f238,0x0000000000000006,0x0000000000000006,0x0000000000000003,0x0000000000000006,0x000000008000f201,0x3fda18ad03c0bb18,0x0000000000000000,0xffffffffb4bcfde0,0x00000000005cf8de,0x3fedd0be6c42732b,0x00000000800049b0,0x0000000000000000,0x414fe4c6d3b98c7e,0x4129fe5d3e00d1b7,0x41520759d3141206,0x0000000000000000,0x0000000000000000,0x0000000000000000,0x00000000800049b0,0x00000000010fdf46,0x0000000001069892,0x00000000010fdf46,0x0000000001069892,0x000000000018178d,0x0000000000000790,0x00000000000051f9,0x000000000000084c,0x000000000000642b,0x00000000007e1460,0x00000000000013ea
1784427212921,0x0000000080009fc2,0x0000000080018dc0,0x0000000080007a7a,0x0000000000400000,0x00000000800191f0,0x0000000080018e40,0x00000000005869e6,0x0000000036000000,0x00000000000a44c8,0x0000000000000002,0x00000000002c34f3,0x0000000070000000,0x000000006c400000,0x000000006c000000,0x0000000000000017,0x000000006c400000,0x00000000005869e6,0x3fedd0be6c42732b,0x000000008000a0f4,0x403e88fa391e4306,0x403e88fa391e4306,0x4129fe5d3e00d1b7,0x41520759d3141206,0x3ff12c1dda63302d,0x0000000000000000,0x403e88fa391e4306,0x000000008000a0f4,0x0000000001109ee1,0x00000000010756c7,0x0000000001109ee1,0x00000000010756c7,0x00000000001826b2,0x0000000000000790,0x00000000000051f9,0x000000000000084c,0x000000000000643f,0x00000000007e6e79,0x00000000000013ed
1784427213785,0x00000000800056f8,0x0000000080019060,0x0000000080007a7a,0x000000000000000f,0x0000000080019430,0x00000000800190b0,0x0000000080019548,0x000000008000f238,0x0000000000000006,0x0000000000000006,0x0000000080019548,0x00000000800195c0,0x000000008000f201,0x3fdfe1671a899c2c,0x0000000000000000,0x000000006052a0ee,0x00000000005ea195,0x3fedd0be6c430ca6,0x00000000800049a4,0x0000000000000000,0x414fe4c6a5119ce0,0x4129fe5c013a92a3,0x41520756c0418937,0x3ff0000000000000,0x3fdcf46da09c998f,0x3fdcf46da09c998f,0x00000000800049a4,0x000000000111653f,0x00000000010817bb,0x000000000111653f,0x00000000010817bb,0x0000000000183bd6,0x000000000000079b,0x00000000000051fb,0x0000000000000857,0x00000000000064a3,0x00000000007ed03c,0x00000000000013f0
1784427214650,0x000000008000589c,0x0000000080018ed0,0x0000000080007a7a,0x0000000000000000,0x00000000800191f0,0x0000000080018f20,0x0000000080019280,0x0000000080019118,0x0000000000000006,0x0000000000000003,0x0000000000000000,0x0000000000000003,0x00000000592b3e78,0x0000000043f13654,0x0000000000000000,0x0000000059283a38,0x000000000055dc95,0x3fedd0be6c430ca6,0x0000000080004a0a,0x0000000000000000,0x4025772550fc4d95,0x4129fe5c013a92a3,0x41520756c0418937,0x402e61c9800fe693,0x0000000000000000,0x0000000000000000,0x0000000080004a0a,0x0000000001122f4f,0x000000000108e235,0x0000000001122f4f,0x000000000108e235,0x0000000000184bf8,0x00000000000007a4,0x00000000000051fb,0x0000000000000857,0x00000000000064d4,0x00000000007f3256,0x00000000000013f3
1784427215486,0x00000000800056f8,0x0000000080019060,0x0000000080007a7a,0x000000000000000f,0x0000000080019430,0x00000000800190b0,0x0000000080019548,0x000000008000f238,0x0000000000000006,0x0000000000000006,0x0000000000000004,0x0000000000000006,0x000000008000f201,0x3fdd460f50cff91c,0x0000000000000000,0xffffffff8334b62e,0x000000000042ff15,0x3fedd0be6c438fbd,0x0000000080004940,0x0000000000000000,0x414fe4c3d7ef9db2,0x4129fe65a8e8a71e,0x4152075912f69446,0x3ff0000000000000,0x0000000000000000,0x0000000000000000,0x0000000080004940,0x000000000112ebaa,0x0000000001099800,0x000000000112ebaa,0x0000000001099800,0x0000000000186029,0x00000000000007a6,0x00000000000051fd,0x0000000000000862,0x000000000000651f,0x00000000007f8cca,0x00000000000013f6
1784427216321,0x00000000800058f2,0x0000000080018ed0,0x0000000080007a7a,0x0000000000000000,0x00000000800191f0,0x0000000080018f20,0x00000000800193a0,0x00000000800194a0,0x0000000000000006,0x0000000000000003,0x0000000000000001,0x0000000000000003,0x0000000049ddefba,0x0000000043f13df4,0x0000000000000000,0x0000000049cce7b8,0x000000000055dc95,0x3fedd0be6c438fbd,0x000000008000498e,0x0000000000000000,0x4025772550fc4f7d,0x4129fe65a8e8a71e,0x4152075912f69446,0x3f9287f43dd4dd26,0x0000000000000000,0x0000000000000000,0x000000008000498e,0x000000000113b76f,0x00000000010a63f7,0x000000000113b76f,0x00000000010a63f7,0x00000000001870c2,0x00000000000007af,0x00000000000051fd,0x0000000000000862,0x0000000000006553,0x00000000007fef5e,0x00000000000013f9
1784427217105,0x0000000080005744,0x0000000080019060,0x0000000080007a7a,0x000000000000000f,0x00000000800191f0,0x00000000800190b0,0x0000000080019310,0x00000000800191f0,0x0000000000000006,0x0000000000000006,0x0000000000000000,0x0000000000000006,0x000000008000f201,0x3fe023b504217afe,0x0000000000000000,0xffffffffdcf6be00,0x000000000067fc34,0x3fedd0be6c43fbd4,0x00000000800049d6,0x0000000000000000,0x414fe4c10df3b646,0x4129fe686504816f,0x41520758d3958106,0x0000000000000000,0x3fe185d1eca6d034,0x0000000000000000,0x00000000800049d6,0x0000000001147907,0x00000000010b1fb9,0x0000000001147907,0x00000000010b1fb9,0x00000000001884e6,0x00000000000007b1,0x0000000000005200,0x0000000000000871,0x00000000000065a5,0x0000000000804cbf,0x00000000000013fc
1784427217940,0x000000008000578a,0x0000000080018db0,0x0000000080007a7a,0x0000000000000000,0x00000000800191f0,0x0000000080018de0,0x0000000080018f50,0x0000000000000006,0x0000000000000006,0x0000000000000003,0x0000000000000004,0x0000000000000004,0x000000005b7befff,0x0000000043f1462e,0x0000000000000000,0x000000005b1367de,0x000000000055dc95,0x3fedd0be6c43fbd4,0x0000000080004d04,0x0000000000000000,0x4025772550fc518c,0x4129fe686504816f,0x41520758d3958106,0x3f8314f4c02bb943,0x0000000000000000,0x0000000000000000,0x0000000080004d04,0x00000000011542e9,0x00000000010be936,0x00000000011542e9,0x00000000010be936,0x0000000000189573,0x00000000000007ba,0x0000000000005200,0x0000000000000871,0x00000000000065d2,0x000000000080ae19,0x00000000000013ff
1784427218755,0x0000000080005744,0x0000000080019060,0x0000000080007a7a,0x000000000000000f,0x00000000800191f0,0x00000000800190b0,0x0000000080019310,0x00000000800191f0,0x0000000000000006,0x0000000000000006,0x00000000800190d0,0x0000000080019130,0x000000008000f201,0x3fe0ff92267f7e2b,0x0000000000000000,0xffffffffa9ae7bae,0x000000000048a359,0x3fedd0be6c445178,0x0000000080004984,0x0000000000000000,0x414fe4c5b1724745,0x4129fe6ad288ce70,0x41520757d33d07c8,0x3fe185d1eca6d033,0x0000000000000000,0x0000000000000000,0x0000000080004984,0x00000000011600dd,0x00000000010ca10c,0x00000000011600dd,0x00000000010ca10c,0x000000000018a956,0x00000000000007bc,0x0000000000005203,0x0000000000000880,0x0000000000006625,0x00000000008109a5,0x0000000000001402
1784427219627,0x00000000800057ae,0x0000000080018d90,0x0000000080007a7a,0x0000000000000000,0x00000000800191f0,0x0000000080018de0,0x0000000080018f50,0x000000008000f238,0x0000000000000006,0x0000000000000006,0x0000000000000002,0x0000000000000008,0x0000000042d2ffde,0x0000000043f14e52,0x0000000000000000,0x0000000042d2f6de,0x000000000055dc95,0x3fedd0be6c445178,0x0000000080004978,0x0000000000000000,0x4025772550fc5395,0x4129fe6ad288ce70,0x41520757d33d07c8,0x8000000000000000,0x0000000000000000,0x0000000000000000,0x0000000080004978,0x000000000116cbc1,0x00000000010d6c8b,0x000000000116cbc1,0x00000000010d6c8b,0x000000000018b9f8,0x00000000000007c5,0x0000000000005203,0x0000000000000880,0x0000000000006645,0x0000000000816bef,0x0000000000001405
1784427220475,0x000000008000575e,0x0000000080019070,0x0000000080007a7a,0x000000000000000f,0x00000000800191f0,0x00000000800190b0,0x00000000800190d0,0x00000000800002d0,0x000000008000f238,0x0000000000000006,0x0000000000000002,0x0000000000000018,0x000000008000f201,0x3fe0642c4673a78f,0x0000000000000000,0x0000000071955078,0x0000000000729bcd,0x3fedd0be6c449209,0x0000000080004c0e,0x0000000000000000,0x414fe4c53e1e4f76,0x4129fe56232ca57a,0x4152075aee8f5c29,0x3fc17a1e17d21477,0x0000000000000000,0x0000000000000000,0x0000000080004c0e,0x0000000001179f65,0x00000000010e39aa,0x0000000001179f65,0x00000000010e39aa,0x000000000018cfae,0x00000000000007c7,0x0000000000005205,0x000000000000088b,0x0000000000006691,0x000000000081d197,0x0000000000001408
1784427221245,0x00000000800057ae,0x0000000080018d90,0x0000000080007a7a,0x0000000000000000,0x00000000800191f0,0x0000000080018de0,0x0000000080018f50,0x000000008000f238,0x0000000000000006,0x0000000000000006,0x0000000080018df0,0x0000000080018ed0,0xffffffffe9f3f77f,0x0000000043f155e4,0x0000000000000000,0xffffffffe9f36678,0x000000000055dc95,0x3fedd0be6c449209,0x00000000800049f0,0x0000000000000000,0x4025772550fc5579,0x4129fe56232ca57a,0x4152075aee8f5c29,0x8000000000000000,0x402a6014520d8579,0x402a6014520d8579,0x00000000800049f0,0x000000000118606a,0x00000000010efb51,0x000000000118606a,0x00000000010efb51,0x000000000018df84,0x00000000000007d0,0x0000000000005205,0x000000000000088b,0x00000000000066b4,0x0000000000822f45,0x000000000000140b
1784427222092,0x0000000080005820,0x0000000080018ed0,0x0000000080007a7a,0x000000000000000f,0x00000000800191f0,0x0000000080018f20,0x000000008000f238,0x0000000080019310,0x0000000000000006,0x0000000000000006,0x0000000000000002,0x0000000000000003,0x000000008000f201,0x3fe36aaf4a523f9f,0x0000000000000000,0x00000000090347e0,0x00000000006f82ce,0x3fedd0be6c44bf72,0x00000000800049d6,0x0000000000000000,0x414fe4c261ce075f,0x4129fe5d3a43fe5d,0x41520757b116872b,0x0000000000000000,0x0000000000000000,0x0000000000000000,0x00000000800049d6,0x0000000001192409,0x00000000010fb923,0x0000000001192409,0x00000000010fb923,0x000000000018f3d8,0x00000000000007d2,0x0000000000005207,0x0000000000000896,0x0000000000006704,0x0000000000828dbf,0x000000000000140e
1784427222873,0x00000000800057ae,0x0000000080018d90,0x0000000080007a7a,0x0000000000000000,0x00000000800191f0,0x0000000080018de0,0x0000000080018f50,0x000000008000f238,0x0000000000000006,0x0000000000000006,0x0000000080018df0,0x0000000080018f00,0xffffffff9bb557ae,0x0000000043f15c90,0x0000000000000000,0xffffffff9bb41780,0x000000000055dc95,0x3fedd0be6c44bf72,0x00000000800049f0,0x0000000000000000,0x4025772550fc5724,0x4129fe5d3a43fe5d,0x41520757b116872b,0x8000000000000000,0x0000000000000000,0x0000000000000000,0x00000000800049f0,0x000000000119deb1,0x00000000011073d4,0x000000000119deb1,0x00000000011073d4,0x0000000000190334,0x00000000000007db,0x0000000000005207,0x0000000000000896,0x0000000000006726,0x000000000082e815,0x0000000000001411
1784427223676,0x0000000080005820,0x0000000080018ed0,0x0000000080007a7a,0x000000000000000f,0x00000000800191f0,0x0000000080018f20,0x000000008000f238,0x0000000080019310,0x0000000000000006,0x0000000000000006,0x0000000000000002,0x0000000000000011,0x000000008000f201,0x3fe1ff8059989ad0,0x0000000000000000,0xffffffffd931b3f8,0x00000000006a3edc,0x3fedd0be6c44dbf3,0x0000000080004978,0x0000000000000000,0x414fe4be33b98c7e,0x4129fe54ff06f694,0x415207581d42c3ca,0x0000000000000000,0x0000000000000000,0x0000000000000000,0x0000000080004978,0x00000000011aa9f9,0x0000000001113981,0x00000000011aa9f9,0x0000000001113981,0x000000000019182c,0x00000000000007dd,0x000000000000520a,0x00000000000008a5,0x0000000000006769,0x0000000000834a4c,0x0000000000001414
1784427224538,0x0000000080006260,0x0000000080019230,0x402a6014520db722,0x0000000000000000,0x0000000000000000,0x0000000080019440,0x0000000080019698,0x00000000800194a0,0x000000008000f238,0x00000000800003f0,0x0000000000000000,0x0000000000000000,0x000000007adf7fff,0xffffffffcee79e38,0x0000000000000000,0x000000007a9369e0,0x00000000005cf6f3,0x3fedd0be6c44e9f4,0x0000000080005d04,0x0000000000000000,0x40273dbcf3b9e78e,0x4129fe54ff06f694,0x415207581d42c3ca,0x01a56e1fc2f8f359,0x3fedd0be6c44e9f4,0x0000000000000000,0x0000000080005d04,0x00000000011b70be,0x000000000111fe46,0x00000000011b70be,0x000000000111fe46,0x0000000000192aba,0x00000000000007e6,0x000000000000520a,0x00000000000008a6,0x00000000000067a4,0x000000000083ac64,0x0000000000001417
1784427225380,0x000000008000583a,0x0000000080018ed0,0x0000000080007a7a,0x000000000000000f,0x00000000800191f0,0x0000000080018f20,0x00000000800194a0,0x000000008000f238,0x0000000000000003,0x0000000000000006,0x00000000800191f0,0x0000000080019240,0x000000008000f201,0x3fe11a4adf89a7e3,0x0000000000000000,0xffffffffa4bd251e,0x00000000006afb6b,0x3fedd0be6c44e9f4,0x0000000080004982,0x0000000000000000,0x414fe4c07a2d0e56,0x4129fe707a5119ce,0x41520756e20f9097,0x3ff0000000000000,0x0000000000000000,0x0000000000000000,0x0000000080004982,0x00000000011c3170,0x000000000112bb74,0x00000000011c3170,0x000000000112bb74,0x0000000000193c95,0x00000000000007e8,0x000000000000520d,0x00000000000008b2,0x00000000000067c5,0x00000000008407a6,0x000000000000141a
1784427226203,0x0000000080009fc2,0x0000000080019420,0x402a6014520dc925,0x0000000000800000,0x0000000000000000,0x0000000080019700,0x000000000042eb14,0x000000007a000000,0x00000000008420ce,0x0000000000000004,0x000000000021758a,0xffffffffb8000000,0x0000000000000001,0xfffffffff4000000,0x0000000000000018,0xfffffffff4800000,0x000000000042eb14,0x3fedd0be6c44ebde,0x000000008000a128,0x40717e0eadcdcfd8,0x40717e0eadcdcfd8,0x4129fe707a5119ce,0x41520756e20f9097,0xc02f17318fc00000,0x40431c721630e3b6,0x40717e0eadcdcfd8,0x000000008000a128,0x00000000011cf748,0x0000000001137d3f,0x00000000011cf748,0x0000000001137d3f,0x00000000001951b7,0x00000000000007f3,0x000000000000520d,0x00000000000008b3,0x0000000000006810,0x00000000008469ca,0x000000000000141d
1784427227050,0x0000000080005866,0x0000000080018ee0,0x0000000080007a7a,0x000000000000000f,0x00000000800191f0,0x0000000080018f20,0x00000000800191a8,0x00000000800003f0,0x0000000080019160,0x0000000000000003,0x0000000000000000,0x0000000000000003,0x000000008000f201,0x3fdd6535666972b6,0x0000000000000000,0x0000000079219780,0x000000000042eb14,0x3fedd0be6c44ebde,0x0000000080004bf4,0x0000000000000000,0x414fe4bed178d4fe,0x4129fe5f43fe5c92,0x4152075d8dfbe76d,0x3ff12c1dda6456bc,0x402e61c98010fb7a,0x402e61c98010fb7a,0x0000000080004bf4,0x00000000011dc083,0x000000000114451c,0x00000000011dc083,0x000000000114451c,0x00000000001961a6,0x00000000000007f3,0x000000000000520f,0x00000000000008bd,0x0000000000006825,0x000000000084c882,0x0000000000001420
1784427227904,0x00000000800056f8,0x0000000080019060,0x0000000080007a7a,0x000000000000000f,0x0000000080019430,0x00000000800190b0,0x0000000080019548,0x000000008000f238,0x0000000000000006,0x0000000000000006,0x0000000080019310,0x0000000080019320,0x000000008000f201,0x3fe46df3545bd341,0x0000000000000000,0xffffffff92a88aee,0x00000000005818f2,0x3fedd0be6c44e406,0x00000000800049f0,0x0000000000000000,0x414fe4c1c14af4f1,0x4129fe626f0d844d,0x41520756f5460aa6,0x0000000000000000,0x0000000000000000,0x0000000000000000,0x00000000800049f0,0x00000000011e7803,0x000000000114f85d,0x00000000011e7803,0x000000000114f85d,0x0000000000197563,0x00000000000007fe,0x0000000000005211,0x00000000000008c8,0x000000000000689d,0x000000000085247e,0x0000000000001423
1784427228768,0x0000000080009fc2,0x0000000080018dc0,0x0000000080007a7a,0x000000000055c800,0x00000000800191f0,0x0000000080018e40,0x000000000055d000,0x0000000000000800,0x0000000000438180,0x0000000000000003,0x00000000002ae800,0x0000000011075800,0x0000000000000000,0x000000000000000c,0x0000000000000000,0xffffffffcf3a00f8,0x00000000005869e6,0x3fedd0be6c44e406,0x000000008000a0c8,0x405ccc39300220eb,0x405ccc39300220eb,0x4129fe626f0d844d,0x41520756f5460aa6,0x01a56e1fc2f8f359,0x0000000000000000,0x405ccc39300220eb,0x000000008000a0c8,0x00000000011f424f,0x000000000115c281,0x00000000011f424f,0x000000000115c281,0x000000000019854f,0x0000000000000801,0x0000000000005211,0x00000000000008c8,0x00000000000068bb,0x00000000008585c5,0x0000000000001426
1784427229532,0x00000000800056f8,0x0000000080019060,0x0000000080007a7a,0x000000000000000f,0x0000000080019430,0x00000000800190b0,0x0000000080019548,0x000000008000f238,0x0000000000000006,0x0000000000000006,0x0000000000000003,0x000000000000000c,0x000000008000f201,0x3fe159135d682b3d,0x0000000000000000,0xffffffff80256278,0x000000000048f310,0x3fedd0be6c44d495,0x0000000080004998,0x0000000000000000,0x414fe4be943fe5c9,0x4129fe669b645a1d,0x4152075aab1f8a09,0x3ff0000000000000,0x0000000000000000,0x0000000000000000,0x0000000080004998,0x00000000011fff77,0x0000000001167948,0x00000000011fff77,0x0000000001167948,0x00000000001999c9,0x0000000000000809,0x0000000000005214,0x00000000000008d7,0x000000000000691b,0x000000000085e12b,0x0000000000001429
1784427230271,0x000000008000589c,0x0000000080018ed0,0x0000000080007a7a,0x0000000000000000,0x00000000800191f0,0x0000000080018f20,0x0000000080019280,0x0000000080019118,0x0000000000000006,0x0000000000000003,0x0000000000000002,0x0000000000000003,0xffffffffe8fbff2f,0x0000000043f16d5a,0x0000000000000000,0xffffffffe8eb1e2e,0x000000000055dc95,0x3fedd0be6c44d495,0x00000000800049b0,0x0000000000000000,0x4025772550fc5b57,0x4129fe669b645a1d,0x4152075aab1f8a09,0x0000000000000000,0x0000000000000000,0x0000000000000000,0x00000000800049b0,0x000000000120cac5,0x00000000011744e9,0x000000000120cac5,0x00000000011744e9,0x000000000019aa02,0x0000000000000812,0x0000000000005214,0x00000000000008d7,0x0000000000006944,0x00000000008643da,0x000000000000142c
1784427231132,0x00000000800056f8,0x0000000080019060,0x0000000080007a7a,0x000000000000000f,0x0000000080019430,0x00000000800190b0,0x0000000080019548,0x000000008000f238,0x0000000000000006,0x0000000000000006,0x0000000000000005,0x0000000000000023,0x000000008000f201,0x3fe2efa97a6d01a6,0x0000000000000000,0x000000006128797e,0x000000000062ad6e,0x3fedd0be6c44bf84,0x000000008000499a,0x0000000000000000,0x414fe4c3d6d91687,0x4129fe736adab9f5,0x4152075a726809d5,0x0000000000000000,0x0000000000000000,0x0000000000000000,0x000000008000499a,0x000000000121918f,0x000000000118053d,0x000000000121918f,0x000000000118053d,0x000000000019bf17,0x0000000000000814,0x0000000000005217,0x00000000000008e6,0x000000000000698b,0x000000000086a329,0x000000000000142f
1784427231903,0x00000000800058f2,0x0000000080018ed0,0x0000000080007a7a,0x0000000000000000,0x00000000800191f0,0x0000000080018f20,0x00000000800193a0,0x00000000800194a0,0x0000000000000006,0x0000000000000003,0x0000000000000002,0x0000000000000006,0xffffffff8dfd7dde,0x0000000043f16db2,0x0000000000000000,0xffffffff8ded781e,0x000000000055dc95,0x3fedd0be6c44bf84,0x000000008000496c,0x0000000000000000,0x4025772550fc5b6d,0x4129fe736adab9f5,0x4152075a726809d5,0x0000000000000000,0x0000000000000000,0x0000000000000000,0x000000008000496c,0x000000000122590e,0x000000000118cd2b,0x000000000122590e,0x000000000118cd2b,0x000000000019cf59,0x000000000000081d,0x0000000000005217,0x00000000000008e6,0x00000000000069bb,0x00000000008703cd,0x0000000000001432
1784427232670,0x0000000080005744,0x0000000080019060,0x0000000080007a7a,0x000000000000000f,0x00000000800191f0,0x00000000800190b0,0x0000000080019310,0x00000000800191f0,0x0000000000000006,0x0000000000000006,0x0000000080019310,0x0000000080019370,0x000000008000f201,0x3fe3dfd214bdcde3,0x0000000000000000,0xffffffff9a5c7fe0,0x00000000007b8142,0x3fedd0be6c44a690,0x00000000800049a4,0x0000000000000000,0x414fe4bef2b367a1,0x4129fe5f0d4fdf3b,0x41520754268c154d,0x0000000000000000,0x0000000000000000,0x0000000000000000,0x00000000800049a4,0x0000000001232a89,0x00000000011998d3,0x0000000001232a89,0x00000000011998d3,0x000000000019e4ca,0x000000000000081f,0x0000000000005219,0x00000000000008f1,0x0000000000006a0b,0x00000000008768bc,0x0000000000001435
1784427233490,0x00000000800057ae,0x0000000080018d90,0x0000000080007a7a,0x0000000000000000,0x00000000800191f0,0x0000000080018de0,0x0000000080018f50,0x000000008000f238,0x0000000000000006,0x0000000000000006,0x000000008000f238,0x0000000000000001,0x000000002879fb7e,0x0000000043f16d4a,0x0000000000000000,0x000000002801f34e,0x000000000055dc95,0x3fedd0be6c44a690,0x00000000800049d0,0x0000000000000000,0x4025772550fc5b53,0x4129fe5f0d4fdf3b,0x41520754268c154d,0x8000000000000000,0x0000000000000000,0x8000000000000000,0x00000000800049d0,0x000000000123f696,0x00000000011a64e2,0x000000000123f696,0x00000000011a64e2,0x000000000019f577,0x0000000000000828,0x0000000000005219,0x00000000000008f1,0x0000000000006a37,0x000000000087cb4c,0x0000000000001438
1784427234343,0x0000000080005744,0x0000000080019060,0x0000000080007a7a,0x000000000000000f,0x00000000800191f0,0x00000000800190b0,0x0000000080019310,0x00000000800191f0,0x0000000000000006,0x0000000000000006,0x00000000800190d0,0x00000000800191b8,0x000000008000f201,0x3fd9fd25ba5c3ee6,0x0000000000000000,0x00000000122441be,0x000000000078dc4c,0x3fedd0be6c448b37,0x0000000080004984,0x0000000000000000,0x414fe4bdaf3eab36,0x4129fe6b8fdf3b64,0x415207594125460b,0x402c3d2038d22cd0,0x0000000000000000,0x0000000000000000,0x0000000080004984,0x000000000124b758,0x00000000011b1f59,0x000000000124b758,0x00000000011b1f59,0x00000000001a09a9,0x000000000000082a,0x000000000000521b,0x00000000000008fc,0x0000000000006a85,0x0000000000882828,0x000000000000143b
1784427235195,0x00000000800057ae,0x0000000080018d90,0x0000000080007a7a,0x0000000000000000,0x00000000800191f0,0x0000000080018de0,0x0000000080018f50,0x000000008000f238,0x0000000000000006,0x0000000000000006,0x0000000000000004,0x0000000000000018,0x00000000293dfe7f,0x0000000043f16c46,0x0000000000000000,0x0000000029346e6e,0x000000000055dc95,0x3fedd0be6c448b37,0x0000000080004970,0x0000000000000000,0x4025772550fc5b12,0x4129fe6b8fdf3b64,0x415207594125460b,0x8000000000000000,0x0000000000000000,0x0000000000000000,0x0000000080004970,0x00000000012585bd,0x00000000011bee03,0x00000000012585bd,0x00000000011bee03,0x00000000001a1a8d,0x0000000000000833,0x000000000000521b,0x00000000000008fc,0x0000000000006ab0,0x0000000000888bed,0x000000000000143e
1784427235951,0x0000000080005820,0x0000000080018ed0,0x0000000080007a7a,0x000000000000000f,0x00000000800191f0,0x0000000080018f20,0x000000008000f238,0x0000000080019310,0x0000000000000006,0x0000000000000006,0x0000000000000002,0x0000000000000006,0x000000008000f201,0x3fd9f9bd40e54480,0x0000000000000000,0x00000000094ebe2e,0x00000000005751bc,0x3fedd0be6c446eb7,0x0000000080004970,0x0000000000000000,0x414fe4c0c8ef34d7,0x4129fe599487fcb9,0x4152075c82eb1c43,0x3fe1aec7af362c5b,0x0000000000000000,0x0000000000000000,0x0000000080004970,0x0000000001264ac3,0x00000000011cad4c,0x0000000001264ac3,0x00000000011cad4c,0x00000000001a2efd,0x0000000000000835,0x000000000000521e,0x000000000000090b,0x0000000000006b06,0x000000000088eb26,0x0000000000001441
1784427236795,0x00000000800057ae,0x0000000080018d90,0x0000000080007a7a,0x0000000000000000,0x00000000800191f0,0x0000000080018de0,0x0000000080018f50,0x000000008000f238,0x0000000000000006,0x0000000000000006,0x0000000080018f50,0x0000000080019050,0x00000000137db7ff,0x0000000043f16ac6,0x0000000000000000,0x000000001355b76e,0x000000000055dc95,0x3fedd0be6c446eb7,0x00000000800049a6,0x0000000000000000,0x4025772550fc5ab2,0x4129fe599487fcb9,0x4152075c82eb1c43,0x8000000000000000,0x0000000000000000,0x0000000000000000,0x00000000800049a6,0x000000000127046b,0x00000000011d66c0,0x000000000127046b,0x00000000011d66c0,0x00000000001a3e3c,0x000000000000083e,0x000000000000521e,0x000000000000090b,0x0000000000006b34,0x00000000008944e6,0x0000000000001444
1784427237651,0x000000008000583a,0x0000000080018ed0,0x0000000080007a7a,0x000000000000000f,0x00000000800191f0,0x0000000080018f20,0x00000000800194a0,0x000000008000f238,0x0000000000000003,0x0000000000000006,0x00000000800191f0,0x0000000000000000,0x000000008000f201,0x3fe0bec84cd567ee,0x0000000000000000,0xffffffff99e03de0,0x0000000000564d2c,0x3fedd0be6c445218,0x0000000080004988,0x0000000000000000,0x414fe4c03d2f1aa0,0x4129fe672ea4a8c1,0x4152075b6fafb7e9,0x0000000000000000,0x0000000000000000,0x0000000000000000,0x0000000080004988,0x000000000127d740,0x00000000011e33a2,0x000000000127d740,0x00000000011e33a2,0x00000000001a53cd,0x0000000000000840,0x0000000000005221,0x0000000000000918,0x0000000000006b81,0x000000000089aa74,0x0000000000001447
1784427238438,0x0000000080006260,0x0000000080019230,0x402a6014520dd275,0x0000000000000000,0x0000000000000000,0x0000000080019440,0x0000000080019698,0x00000000800194a0,0x000000008000f238,0x00000000800003f0,0x00000000800194a0,0x0000000000000006,0xffffffffb59fc2ee,0x000000003a182300,0x0000000000000000,0xffffffffb59b8000,0x000000000078e46c,0x3fedd0be6c443628,0x0000000080005d00,0x0000000000000000,0x401e391b0e8608c0,0x4129fe672ea4a8c1,0x4152075b6fafb7e9,0x01a56e1fc2f8f359,0x0000000000000000,0x0000000000000000,0x0000000080005d00,0x000000000128a1eb,0x00000000011efa95,0x000000000128a1eb,0x00000000011efa95,0x00000000001a67ba,0x0000000000000849,0x0000000000005221,0x0000000000000919,0x0000000000006bca,0x00000000008a0e9d,0x000000000000144a
1784427239292,0x0000000080005850,0x0000000080018ed0,0x0000000080007a7a,0x000000000000000f,0x00000000800191f0,0x0000000080018f20,0x00000000800191f0,0x0000000080019310,0x0000000000000003,0x0000000000000006,0x0000000000000000,0x0000000000000006,0x000000008000f201,0x3fe291a76deeb0c0,0x0000000000000000,0x0000000050744ef8,0x00000000004aa9b7,0x3fedd0be6c443628,0x00000000800049e4,0x0000000000000000,0x414fe4b98b439581,0x4129fe60e3fe5c92,0x415207585c63f141,0x0000000000000000,0x0000000000000000,0x0000000000000000,0x00000000800049e4,0x0000000001296e23,0x00000000011fc3cd,0x0000000001296e23,0x00000000011fc3cd,0x00000000001a796e,0x000000000000084b,0x0000000000005223,0x0000000000000923,0x0000000000006bf1,0x00000000008a6e58,0x000000000000144d
1784427240133,0x00000000800056f8,0x0000000080019060,0x0000000080007a7a,0x000000000000000f,0x0000000080019430,0x00000000800190b0,0x0000000080019548,0x000000008000f238,0x0000000000000006,0x0000000000000006,0x0000000080019310,0x0000000080019320,0x000000008000f201,0x3fe04fb91216874a,0x0000000000000000,0xffffffffb4846d9e,0x000000000040b1ea,0x3fedd0be6c441b86,0x00000000800049f0,0x0000000000000000,0x414fe4c34d21ff2e,0x4129fe6456872b02,0x4152075981bda512,0x0000000000000000,0x0000000000000000,0x0000000000000000,0x00000000800049f0,0x00000000012a2a3c,0x0000000001207bca,0x00000000012a2a3c,0x0000000001207bca,0x00000000001a8d98,0x0000000000000856,0x0000000000005225,0x000000000000092e,0x0000000000006c56,0x00000000008acc80,0x0000000000001450
1784427240954,0x000000008000589c,0x0000000080018ed0,0x0000000080007a7a,0x0000000000000000,0x00000000800191f0,0x0000000080018f20,0x0000000080019280,0x0000000080019118,0x0000000000000006,0x0000000000000003,0x0000000000000002,0x0000000000000003,0x0000000000eb27ba,0x0000000043f16494,0x0000000000000000,0x0000000000ea0538,0x000000000055dc95,0x3fedd0be6c441b86,0x00000000800049b0,0x0000000000000000,0x4025772550fc5925,0x4129fe6456872b02,0x4152075981bda512,0x0000000000000000,0x3fc733d476943792,0x3fc733d476943792,0x00000000800049b0,0x00000000012afc83,0x0000000001214e4a,0x00000000012afc83,0x0000000001214e4a,0x00000000001a9e67,0x000000000000085f,0x0000000000005225,0x000000000000092e,0x0000000000006c80,0x00000000008b3269,0x0000000000001453
1784427241757,0x00000000800056f8,0x0000000080019060,0x0000000080007a7a,0x000000000000000f,0x0000000080019430,0x00000000800190b0,0x0000000080019548,0x000000008000f238,0x0000000000000006,0x0000000000000006,0x0000000080019310,0x00000000800193b0,0x000000008000f201,0x3fdf21e9206cf76f,0x0000000000000000,0x000000003dda3b80,0x0000000000509188,0x3fedd0be6c44029f,0x00000000800049f0,0x0000000000000000,0x414fe4c089b3d07d,0x4129fe5b54fdf3b6,0x4152075e7e1cac08,0x0000000000000000,0x3fdcf46da09c9983,0x3fdcf46da09c9983,0x00000000800049f0,0x00000000012bbb6f,0x00000000012206ee,0x00000000012bbb6f,0x00000000012206ee,0x00000000001ab2d9,0x0000000000000861,0x0000000000005228,0x000000000000093d,0x0000000000006cca,0x00000000008b8e0b,0x0000000000001456
1784427242595,0x00000000800058f2,0x0000000080018ed0,0x0000000080007a7a,0x0000000000000000,0x00000000800191f0,0x0000000080018f20,0x00000000800193a0,0x00000000800194a0,0x0000000000000006,0x0000000000000003,0x0000000080018f50,0x0000000080018f60,0x000000001f7fffff,0x0000000043f16244,0x0000000000000000,0x000000001f1feef8,0x000000000055dc95,0x3fedd0be6c44029f,0x00000000800049f0,0x0000000000000000,0x4025772550fc5891,0x4129fe5b54fdf3b6,0x4152075e7e1cac08,0x0000000000000000,0x0000000000000000,0x0000000000000000,0x00000000800049f0,0x00000000012c87ac,0x000000000122d3a8,0x00000000012c87ac,0x000000000122d3a8,0x00000000001ac386,0x000000000000086a,0x0000000000005228,0x000000000000093d,0x0000000000006cef,0x00000000008bf0f2,0x0000000000001459
1784427243400,0x0000000080005744,0x0000000080019060,0x0000000080007a7a,0x000000000000000f,0x00000000800191f0,0x00000000800190b0,0x0000000080019310,0x00000000800191f0,0x0000000000000006,0x0000000000000006,0x0000000000000006,0x0000000000000004,0x000000008000f201,0x3fe4b86ffa58ce3a,0x0000000000000000,0xffffffff8f855dfe,0x00000000007289d2,0x3fedd0be6c43ebc1,0x0000000080004a14,0x0000000000000000,0x414fe4bc48a0902e,0x4129fe64fb22d0e5,0x41520758d075f6fd,0x0000000000000000,0x0000000000000000,0x0000000000000000,0x0000000080004a14,0x00000000012d53c7,0x00000000012399eb,0x00000000012d53c7,0x00000000012399eb,0x00000000001ad88b,0x000000000000086c,0x000000000000522b,0x000000000000094c,0x0000000000006d40,0x00000000008c5330,0x000000000000145c
1784427244225,0x000000008000578a,0x0000000080018de0,0x0000000080007a7a,0x0000000000000000,0x00000000800191f0,0x0000000080018f20,0x0000000080018f50,0x0000000000000006,0x0000000000000006,0x0000000000000003,0x0000000000000006,0x0000000080018f50,0xffffffffb57dbfef,0x0000000043f15ff6,0x0000000000000000,0xffffffffb56dbfce,0x000000000055dc95,0x3fedd0be6c43ebc1,0x0000000080004ca6,0x0000000000000000,0x4025772550fc57fe,0x4129fe64fb22d0e5,0x41520758d075f6fd,0x3f8314f4c02b6af0,0x0000000000000000,0x0000000000000000,0x0000000080004ca6,0x00000000012e18f0,0x0000000001245f11,0x00000000012e18f0,0x0000000001245f11,0x00000000001ae8bc,0x0000000000000875,0x000000000000522b,0x000000000000094c,0x0000000000006d63,0x00000000008cb28c,0x000000000000145f
1784427245000,0x0000000080005744,0x0000000080019060,0x0000000080007a7a,0x000000000000000f,0x00000000800191f0,0x00000000800190b0,0x0000000080019310,0x00000000800191f0,0x0000000000000006,0x0000000000000006,0x00000000800190d0,0x0000000080019140,0x000000008000f201,0x3fe23ad6f29614dc,0x0000000000000000,0x0000000074a79d3e,0x0000000000415000,0x3fedd0be6c43d719,0x00000000800049f0,0x0000000000000000,0x414fe4bfb1eb851f,0x4129fe4f8f1a9fbe,0x4152075cff5f6fd2,0x0000000000000000,0x4016207f14426f07,0x4016207f14426f07,0x00000000800049f0,0x00000000012edaab,0x0000000001251ad6,0x00000000012edaab,0x0000000001251ad6,0x00000000001afcf1,0x0000000000000877,0x000000000000522d,0x0000000000000957,0x0000000000006dab,0x00000000008d0fef,0x0000000000001462
1784427245824,0x00000000800057ae,0x0000000080018d90,0x0000000080007a7a,0x0000000000000000,0x00000000800191f0,0x0000000080018de0,0x0000000080018f50,0x000000008000f238,0x0000000000000006,0x0000000000000006,0x0000000080018df0,0x0000000080018e30,0xffffffff948befce,0x0000000043f15db6,0x0000000000000000,0xffffffff9483214e,0x000000000055dc95,0x3fedd0be6c43d719,0x00000000800049f0,0x0000000000000000,0x4025772550fc576e,0x4129fe4f8f1a9fbe,0x4152075cff5f6fd2,0xbf9287f43dd4dd22,0x0000000000000000,0x0000000000000000,0x00000000800049f0,0x00000000012fa14f,0x000000000125e20b,0x00000000012fa14f,0x000000000125e20b,0x00000000001b0d35,0x0000000000000880,0x000000000000522d,0x0000000000000957,0x0000000000006dcb,0x00000000008d703a,0x0000000000001465
1784427246664,0x0000000080005744,0x0000000080019060,0x0000000080007a7a,0x000000000000000f,0x00000000800191f0,0x00000000800190b0,0x0000000080019310,0x00000000800191f0,0x0000000000000006,0x0000000000000006,0x0000000000000005,0x0000000000000006,0x000000008000f201,0x3fe4e307da49e492,0x0000000000000000,0x000000004873564e,0x000000000075b445,0x3fedd0be6c43c4b4,0x00000000800049d6,0x0000000000000000,0x414fe4bb42de00d2,0x4129fe65794af4f1,0x415207588f62b6ae,0x3fedd0be6c43c4b4,0x0000000000000000,0x0000000000000000,0x00000000800049d6,0x0000000001306bf0,0x000000000126a638,0x0000000001306bf0,0x000000000126a638,0x00000000001b222e,0x0000000000000882,0x000000000000522f,0x0000000000000962,0x0000000000006e1f,0x00000000008dd1a5,0x0000000000001468
1784427247503,0x00000000800057ae,0x0000000080018d90,0x0000000080007a7a,0x0000000000000000,0x00000000800191f0,0x0000000080018de0,0x0000000080018f50,0x000000008000f238,0x0000000000000006,0x0000000000000006,0x0000000000000003,0x0000000000000021,0x00000000057f7f5e,0x0000000043f15b92,0x0000000000000000,0x00000000052d705e,0x000000000055dc95,0x3fedd0be6c43c4b4,0x00000000800049bc,0x0000000000000000,0x4025772550fc56e5,0x4129fe65794af4f1,0x415207588f62b6ae,0x8000000000000000,0x0000000000000000,0x0000000000000000,0x00000000800049bc,0x00000000013135c3,0x0000000001277037,0x00000000013135c3,0x0000000001277037,0x00000000001b32af,0x000000000000088b,0x000000000000522f,0x0000000000000962,0x0000000000006e4c,0x00000000008e333c,0x000000000000146b
1784427248312,0x0000000080005820,0x0000000080018ed0,0x0000000080007a7a,0x000000000000000f,0x00000000800191f0,0x0000000080018f20,0x000000008000f238,0x0000000080019310,0x0000000000000006,0x0000000000000006,0x0000000080019280,0x00000000800192b0,0x000000008000f201,0x3fe1b4e75af293fb,0x0000000000000000,0x0000000044f6b41e,0x00000000004a357e,0x3fedd0be6c43b492,0x0000000080004982,0x0000000000000000,0x414fe4bd84504817,0x4129fe668d1b7176,0x4152075d1460aa65,0x3fe1aec7af362c5b,0x0000000000000000,0x0000000000000000,0x0000000080004982,0x000000000131fae1,0x0000000001282f8f,0x000000000131fae1,0x0000000001282f8f,0x00000000001b4725,0x000000000000088d,0x0000000000005232,0x0000000000000971,0x0000000000006e9d,0x00000000008e9274,0x000000000000146e
1784427249130,0x0000000080006260,0x0000000080019230,0x402a6014520d9454,0x0000000000000000,0x0000000000000000,0x0000000080019440,0x0000000080019698,0x00000000800194a0,0x000000008000f238,0x00000000800003f0,0x000000008000f238,0x000000008000f238,0x0000000036f88fff,0xffffffffe7052caa,0x0000000000000000,0x0000000036c88f8e,0x000000000049e5f2,0x3fedd0be6c43a69f,0x0000000080005c0a,0x0000000000000000,0x4022797cb9c14b2b,0x4129fe668d1b7176,0x4152075d1460aa65,0x01a56e1fc2f8f359,0x0000000000000000,0x0000000000000000,0x0000000080005c0a,0x000000000132c459,0x000000000128f7c0,0x000000000132c459,0x000000000128f7c0,0x00000000001b5857,0x0000000000000896,0x0000000000005232,0x0000000000000971,0x0000000000006eea,0x00000000008ef4b9,0x0000000000001471
1784427249994,0x000000008000583a,0x0000000080018ed0,0x0000000080007a7a,0x000000000000000f,0x00000000800191f0,0x0000000080018f20,0x00000000800194a0,0x000000008000f238,0x0000000000000003,0x0000000000000006,0x00000000800191f0,0x0000000080019260,0x000000008000f201,0x3fe42bc1051822a6,0x0000000000000000,0x00000000597508b8,0x0000000000468f7d,0x3fedd0be6c43a69f,0x0000000080004982,0x0000000000000000,0x414fe4bd5dcc63f1,0x4129fe6a9d638866,0x4152075e4135a858,0x0000000000000000,0x0000000000000000,0x0000000000000000,0x0000000080004982,0x0000000001339922,0x000000000129c701,0x0000000001339922,0x000000000129c701,0x00000000001b6d5c,0x0000000000000898,0x0000000000005235,0x000000000000097e,0x0000000000006f18,0x00000000008f59d6,0x0000000000001474
1784427250861,0x00000000800056f8,0x0000000080019060,0x0000000080007a7a,0x000000000000000f,0x0000000080019430,0x00000000800190b0,0x0000000080019548,0x000000008000f238,0x0000000000000006,0x0000000000000006,0x0000000080019310,0x0000000080019320,0x000000008000f201,0x3fe786131eae3966,0x0000000000000000,0x000000004599963e,0x0000000000541971,0x3fedd0be6c439abc,0x00000000800049f0,0x0000000000000000,0x414fe4bb3e0aa64c,0x4129fe584b1c432d,0x41520758be9c779a,0x0000000000000000,0x0000000000000000,0x0000000000000000,0x00000000800049f0,0x0000000001346404,0x00000000012a8d50,0x0000000001346404,0x00000000012a8d50,0x00000000001b82b4,0x00000000000008a3,0x0000000000005237,0x0000000000000989,0x0000000000006f7b,0x00000000008fbeaf,0x0000000000001477
1784427251718,0x0000000080009fc2,0x0000000080018dc0,0x0000000080007a7a,0x00000000005a0000,0x00000000800191f0,0x0000000080018e40,0x0000000000580000,0x0000000000020000,0x0000000000091f47,0x0000000000000002,0x00000000002c0000,0x0000000023c86040,0x0000000000000001,0x0000000000000012,0x0000000000000000,0xffffffffcf3a00f8,0x00000000005869e6,0x3fedd0be6c439abc,0x000000008000a0ba,0x403e88fa391e4302,0x403e88fa391e4302,0x4129fe584b1c432d,0x41520758be9c779a,0x01a56e1fc2f8f359,0x0000000000000000,0x403e88fa391e4302,0x000000008000a0ba,0x0000000001352a97,0x00000000012b52c1,0x0000000001352a97,0x00000000012b52c1,0x00000000001b9260,0x00000000000008a5,0x0000000000005237,0x0000000000000989,0x0000000000006f8f,0x0000000000901cb5,0x000000000000147a
1784427252555,0x00000000800056f8,0x0000000080019060,0x0000000080007a7a,0x000000000000000f,0x0000000080019430,0x00000000800190b0,0x0000000080019548,0x000000008000f238,0x0000000000000006,0x0000000000000006,0x0000000000000003,0x0000000000000002,0x000000008000f201,0x3fe3a4ca796f4991,0x0000000000000000,0xffffffff8eeec578,0x000000000052a0da,0x3fedd0be6c4390be,0x000000008000493a,0x0000000000000000,0x414fe4bd8d182a99,0x4129fe6006a7ef9e,0x4152075ebc7ae148,0x0000000000000000,0x4013efc4d6ad9501,0x4013efc4d6ad9501,0x000000008000493a,0x000000000135edaa,0x00000000012c102f,0x000000000135edaa,0x00000000012c102f,0x00000000001ba744,0x00000000000008ae,0x0000000000005239,0x0000000000000994,0x0000000000006fe9,0x0000000000907c57,0x000000000000147d
1784427253387,0x000000008000589c,0x0000000080018ed0,0x0000000080007a7a,0x0000000000000000,0x00000000800191f0,0x0000000080018f20,0x0000000080019280,0x0000000080019118,0x0000000000000006,0x0000000000000003,0x0000000080019118,0x0000000000000002,0x0000000055d8cdfd,0x0000000043f15484,0x0000000000000000,0x0000000055c88df8,0x000000000055dc95,0x3fedd0be6c4390be,0x00000000800049d0,0x0000000000000000,0x4025772550fc5521,0x4129fe6006a7ef9e,0x4152075ebc7ae148,0x0000000000000000,0x0000000000000000,0x0000000000000000,0x00000000800049d0,0x000000000136b2e3,0x00000000012cd576,0x000000000136b2e3,0x00000000012cd576,0x00000000001bb6fc,0x00000000000008b7,0x0000000000005239,0x0000000000000994,0x0000000000007016,0x000000000090dbfe,0x0000000000001480
1784427254195,0x00000000800056f8,0x0000000080019060,0x0000000080007a7a,0x000000000000000f,0x0000000080019430,0x00000000800190b0,0x0000000080019548,0x000000008000f238,0x0000000000000006,0x0000000000000006,0x0000000080019310,0x00000000800193b8,0x000000008000f201,0x3fe73cf5c0d79943,0x0000000000000000,0x000000004c17f178,0x00000000005b07dd,0x3fedd0be6c43887b,0x00000000800049f0,0x0000000000000000,0x414fe4bb990cb296,0x4129fe595e76c8b4,0x4152075e893c3611,0x0000000000000000,0x0000000000000000,0x0000000000000000,0x00000000800049f0,0x0000000001376d97,0x00000000012d89ce,0x0000000001376d97,0x00000000012d89ce,0x00000000001bcb13,0x00000000000008b9,0x000000000000523c,0x00000000000009a3,0x0000000000007061,0x00000000009135ae,0x0000000000001483
1784427254973,0x000000008000589c,0x0000000080018ed0,0x0000000080007a7a,0x0000000000000000,0x00000000800191f0,0x0000000080018f20,0x0000000080019280,0x0000000080019118,0x0000000000000006,0x0000000000000003,0x0000000000000000,0x0000000000000003,0xffffffffa271bcf8,0x0000000043f1532c,0x0000000000000000,0xffffffffa2113838,0x000000000055dc95,0x3fedd0be6c43887b,0x000000008000493a,0x0000000000000000,0x4025772550fc54cb,0x4129fe595e76c8b4,0x4152075e893c3611,0x0000000000000000,0x0000000000000000,0x0000000000000000,0x000000008000493a,0x0000000001382ad8,0x00000000012e479f,0x0000000001382ad8,0x00000000012e479f,0x00000000001bda26,0x00000000000008c2,0x000000000000523c,0x00000000000009a3,0x0000000000007085,0x00000000009191d6,0x0000000000001486
1784427255778,0x00000000800056f8,0x0000000080019060,0x0000000080007a7a,0x000000000000000f,0x0000000080019430,0x00000000800190b0,0x0000000080019548,0x000000008000f238,0x0000000000000006,0x0000000000000006,0x0000000000000004,0x0000000000000018,0x000000008000f201,0x3fe9e73c91e92f68,0x0000000000000000,0xffffffff8fed7638,0x0000000000454eb6,0x3fedd0be6c4381c2,0x0000000080004976,0x0000000000000000,0x414fe4bff9f559b4,0x4129fe61620c49ba,0x4152075a17a5e354,0x0000000000000000,0x0000000000000000,0x0000000000000000,0x0000000080004976,0x000000000138ef49,0x00000000012f056f,0x000000000138ef49,0x00000000012f056f,0x00000000001bef06,0x00000000000008c4,0x000000000000523f,0x00000000000009b2,0x00000000000070d4,0x000000000091efec,0x0000000000001489
1784427256636,0x00000000800058f2,0x0000000080018ed0,0x0000000080007a7a,0x0000000000000000,0x00000000800191f0,0x0000000080018f20,0x00000000800193a0,0x00000000800194a0,0x0000000000000006,0x0000000000000003,0x0000000080018f50,0x0000000080019030,0x0000000040df2bcc,0x0000000043f15200,0x0000000000000000,0x0000000040de0000,0x000000000055dc95,0x3fedd0be6c4381c2,0x00000000800049f0,0x0000000000000000,0x4025772550fc5480,0x4129fe61620c49ba,0x4152075a17a5e354,0x3fc0e154af64c641,0x0000000000000000,0x3fc0e154af64c641,0x00000000800049f0,0x000000000139c524,0x00000000012fdb7b,0x000000000139c524,0x00000000012fdb7b,0x00000000001c0072,0x00000000000008cd,0x000000000000523f,0x00000000000009b2,0x000000000000710a,0x0000000000925720,0x000000000000148c
1784427257496,0x0000000080005744,0x0000000080019060,0x0000000080007a7a,0x000000000000000f,0x00000000800191f0,0x00000000800190b0,0x0000000080019310,0x00000000800191f0,0x0000000000000006,0x0000000000000006,0x0000000000000006,0x0000000000000006,0x000000008000f201,0x3fe6ad0bf2cef9d3,0x0000000000000000,0xffffffff8ac316e0,0x00000000005da56a,0x3fedd0be6c437c65,0x0000000080004a22,0x0000000000000000,0x414fe4b8a3dd97f6,0x4129fe6bcb1c432d,0x4152075b24e21965,0x0000000000000000,0x0000000000000000,0x0000000000000000,0x0000000080004a22,0x00000000013a886f,0x00000000013098d9,0x00000000013a886f,0x00000000013098d9,0x00000000001c14bc,0x00000000000008cf,0x000000000000523f,0x00000000000009b3,0x0000000000007163,0x000000000092b556,0x000000000000148f
1784427258308,0x00000000800057ae,0x0000000080018d90,0x0000000080007a7a,0x0000000000000000,0x00000000800191f0,0x0000000080018de0,0x0000000080018f50,0x000000008000f238,0x0000000000000006,0x0000000000000006,0x0000000000000000,0x0000000000000006,0xffffffffba977bfe,0x0000000043f150fe,0x0000000000000000,0xffffffffba1221fe,0x000000000055dc95,0x3fedd0be6c437c65,0x00000000800049d6,0x0000000000000000,0x4025772550fc5440,0x4129fe6bcb1c432d,0x4152075b24e21965,0x8000000000000000,0x3fdcf46da09c9984,0x8000000000000000,0x00000000800049d6,0x00000000013b49fb,0x0000000001315a64,0x00000000013b49fb,0x0000000001315a64,0x00000000001c2489,0x00000000000008d8,0x000000000000523f,0x00000000000009b3,0x0000000000007193,0x00000000009312f4,0x0000000000001492
1784427259118,0x0000000080005744,0x0000000080019060,0x0000000080007a7a,0x000000000000000f,0x00000000800191f0,0x00000000800190b0,0x0000000080019310,0x00000000800191f0,0x0000000000000006,0x0000000000000006,0x00000000800190d0,0x0000000000000001,0x000000008000f201,0x3fe4ead192dd2fe5,0x0000000000000000,0x00000000514a01e0,0x000000000071a052,0x3fedd0be6c437834,0x00000000800049f8,0x0000000000000000,0x414fe4b9603126e9,0x4129fe6971d14e3c,0x4152075ccd85f06f,0x0000000000000000,0x0000000000000000,0x0000000000000000,0x00000000800049f8,0x00000000013c0a32,0x0000000001321441,0x00000000013c0a32,0x0000000001321441,0x00000000001c38ac,0x00000000000008da,0x0000000000005240,0x00000000000009b8,0x00000000000071e9,0x0000000000936f87,0x0000000000001495
1784427259837,0x00000000800057ae,0x0000000080018d90,0x0000000080007a7a,0x0000000000000000,0x00000000800191f0,0x0000000080018de0,0x0000000080018f50,0x000000008000f238,0x0000000000000006,0x0000000000000006,0x0000000080018f50,0x0000000080018f90,0x000000001d735fbf,0x0000000043f15022,0x0000000000000000,0x000000001d735dbe,0x000000000055dc95,0x3fedd0be6c437834,0x00000000800049a4,0x0000000000000000,0x4025772550fc5409,0x4129fe6971d14e3c,0x4152075ccd85f06f,0x3ff0000000000000,0x0000000000000000,0x0000000000000000,0x00000000800049a4,0x00000000013cca9f,0x000000000132d53a,0x00000000013cca9f,0x000000000132d53a,0x00000000001c486e,0x00000000000008e3,0x0000000000005240,0x00000000000009b8,0x0000000000007206,0x000000000093ccd4,0x0000000000001498
1784427260605,0x0000000080005744,0x0000000080019060,0x0000000080007a7a,0x000000000000000f,0x00000000800191f0,0x00000000800190b0,0x0000000080019310,0x00000000800191f0,0x0000000000000006,0x0000000000000006,0x0000000000000005,0x000000000000001e,0x000000008000f201,0x3fe52c8152835e19,0x0000000000000000,0xffffffffaa11c7f8,0x00000000004dfc67,0x3fedd0be6c437505,0x00000000800049b4,0x0000000000000000,0x414fe4ba50068db9,0x4129fe5cdafb7e91,0x4152075b58361134,0x3fc17a1e17d0767a,0x0000000000000000,0x0000000000000000,0x00000000800049b4,0x00000000013d9201,0x0000000001339628,0x00000000013d9201,0x0000000001339628,0x00000000001c5d26,0x00000000000008e5,0x0000000000005241,0x00000000000009bd,0x000000000000725b,0x0000000000942cbf,0x000000000000149b
1784427261444,0x00000000800057ae,0x0000000080018d90,0x0000000080007a7a,0x0000000000000000,0x00000000800191f0,0x0000000080018de0,0x0000000080018f50,0x000000008000f238,0x0000000000000006,0x0000000000000006,0x0000000000000002,0x0000000000000006,0xfffffffff2f7b5cf,0x0000000043f14f6a,0x0000000000000000,0xfffffffff2e4b40e,0x000000000055dc95,0x3fedd0be6c437505,0x000000008000498e,0x0000000000000000,0x4025772550fc53db,0x4129fe5cdafb7e91,0x4152075b58361134,0x8000000000000000,0x3fdcf46da09c9984,0x3fdcf46da09c9984,0x000000008000498e,0x00000000013e4c3c,0x00000000013450cf,0x00000000013e4c3c,0x00000000013450cf,0x00000000001c6c63,0x00000000000008ee,0x0000000000005241,0x00000000000009bd,0x0000000000007285,0x0000000000948720,0x000000000000149e
1784427262288,0x000000008000575e,0x0000000080019070,0x0000000080007a7a,0x000000000000000f,0x00000000800191f0,0x00000000800190b0,0x00000000800190d0,0x00000000800002d0,0x000000008000f238,0x0000000000000006,0x000000008000f238,0x000000008000f330,0x000000008000f201,0x3fe375ce822c78ac,0x0000000000000000,0xffffffffbc3e118e,0x00000000007a74e0,0x3fedd0be6c4372ac,0x0000000080004c62,0x0000000000000000,0x414fe4ba11ce075f,0x4129fe638d1b7176,0x4152075e96858794,0x3fc17a1e17d07650,0x0000000000000000,0x0000000000000000,0x0000000080004c62,0x00000000013f15fa,0x000000000135146a,0x00000000013f15fa,0x000000000135146a,0x00000000001c814f,0x00000000000008f0,0x0000000000005242,0x00000000000009c2,0x00000000000072d0,0x000000000094e842,0x00000000000014a1
1784427263127,0x0000000080006260,0x0000000080019230,0x402a6014520d68d9,0x0000000000000000,0x0000000000000000,0x0000000080019440,0x0000000080019698,0x00000000800194a0,0x000000008000f238,0x00000000800003f0,0x0000000000000002,0x0000000000000000,0x0000000006d7dbd4,0xffffffffdde936d0,0x0000000000000000,0x0000000006d1cb80,0x000000000077079a,0x3fedd0be6c437103,0x0000000080005bb6,0x0000000000000000,0x401dc1e6b77a4db4,0x4129fe638d1b7176,0x4152075e96858794,0x01a56e1fc2f8f359,0x0000000000000000,0x0000000000000000,0x0000000080005bb6,0x00000000013feafe,0x000000000135e8ae,0x00000000013feafe,0x000000000135e8ae,0x00000000001c931e,0x00000000000008f9,0x0000000000005242,0x00000000000009c2,0x0000000000007322,0x0000000000955015,0x00000000000014a4
1784427263940,0x000000008000583a,0x0000000080018ed0,0x0000000080007a7a,0x000000000000000f,0x00000000800191f0,0x0000000080018f20,0x00000000800194a0,0x000000008000f238,0x0000000000000003,0x0000000000000006,0x0000000000000002,0x0000000000000000,0x000000008000f201,0x3fe5a8c96d3135d0,0x0000000000000000,0xffffffffe70d4df8,0x000000000043b7d3,0x3fedd0be6c437103,0x00000000800049e0,0x0000000000000000,0x414fe4b80bc9eecc,0x4129fe6528240b78,0x4152075e76d91687,0x0000000000000000,0x0000000000000000,0x0000000000000000,0x00000000800049e0,0x000000000140afe0,0x000000000136a87c,0x000000000140afe0,0x000000000136a87c,0x00000000001ca71b,0x00000000000008fb,0x0000000000005242,0x00000000000009c3,0x000000000000734c,0x000000000095ae24,0x00000000000014a7
1784427264726,0x0000000080006260,0x0000000080019230,0x402a6014520d66dc,0x0000000000000000,0x0000000000000000,0x0000000080019440,0x0000000080019698,0x00000000800194a0,0x000000008000f238,0x00000000800003f0,0x000000008000f238,0x000000008000f2b0,0xffffffffe355efee,0x00000000158d66da,0x0000000000000000,0xffffffffe344c72e,0x0000000000689af5,0x3fedd0be6c436fe9,0x0000000080005bfc,0x0000000000000000,0x401a26bd456359b7,0x4129fe6528240b78,0x4152075e76d91687,0x01a56e1fc2f8f359,0x0000000000000000,0x0000000000000000,0x0000000080005bfc,0x0000000001416e57,0x00000000013764c2,0x0000000001416e57,0x00000000013764c2,0x00000000001cb8a0,0x0000000000000904,0x0000000000005242,0x00000000000009c3,0x0000000000007394,0x0000000000960beb,0x00000000000014aa
1784427265561,0x000000008000583a,0x0000000080018ed0,0x0000000080007a7a,0x000000000000000f,0x00000000800191f0,0x0000000080018f20,0x00000000800194a0,0x000000008000f238,0x0000000000000003,0x0000000000000006,0x00000000800191f0,0x0000000000000003,0x000000008000f201,0x3fe738160bff1676,0x0000000000000000,0x000000006872715e,0x000000000061780f,0x3fedd0be6c436fe9,0x0000000080004a00,0x0000000000000000,0x414fe4b923089a02,0x4129fe671cfaacda,0x4152075ff8361134,0x0000000000000000,0x0000000000000000,0x0000000000000000,0x0000000080004a00,0x000000000142291e,0x0000000001381b66,0x000000000142291e,0x0000000001381b66,0x00000000001cca54,0x0000000000000906,0x0000000000005243,0x00000000000009c7,0x00000000000073ba,0x0000000000966457,0x00000000000014ad
1784427266372,0x0000000080006260,0x0000000080019230,0x402a6014520d6543,0x0000000000000000,0x0000000000000000,0x0000000080019440,0x0000000080019698,0x00000000800194a0,0x000000008000f238,0x00000000800003f0,0x000000008000f238,0x000000008000f2d8,0xffffffffb29fff99,0x000000007276d890,0x0000000000000000,0xffffffffb2065780,0x00000000005096fe,0x3fedd0be6c436f41,0x0000000080005bfc,0x0000000000000000,0x402425bf9c9db624,0x4129fe671cfaacda,0x4152075ff8361134,0x01a56e1fc2f8f359,0x0000000000000000,0x0000000000000000,0x0000000080005bfc,0x000000000142e37e,0x000000000138d43f,0x000000000142e37e,0x000000000138d43f,0x00000000001cdb6e,0x000000000000090f,0x0000000000005243,0x00000000000009c7,0x00000000000073f0,0x000000000096c06d,0x00000000000014b0
1784427267212,0x000000008000583a,0x0000000080018ed0,0x0000000080007a7a,0x000000000000000f,0x00000000800191f0,0x0000000080018f20,0x00000000800194a0,0x000000008000f238,0x0000000000000003,0x0000000000000006,0x00000000800191f0,0x0000000000000028,0x000000008000f201,0x3fea26ef47ebc7b2,0x0000000000000000,0xffffffffd4d4ef0e,0x00000000004bf443,0x3fedd0be6c436f41,0x0000000080004954,0x0000000000000000,0x414fe4b90f4f0d84,0x4129fe61e40b7803,0x4152075b2f7318fc,0x0000000000000000,0x0000000000000000,0x0000000000000000,0x0000000080004954,0x000000000143a017,0x0000000001398c86,0x000000000143a017,0x0000000001398c86,0x00000000001ced64,0x0000000000000911,0x0000000000005244,0x00000000000009cb,0x0000000000007419,0x00000000009719b6,0x00000000000014b3
1784427268040,0x0000000080006260,0x0000000080019230,0x402a6014520d63ff,0x0000000000000000,0x0000000000000000,0x0000000080019440,0x0000000080019698,0x00000000800194a0,0x000000008000f238,0x00000000800003f0,0x0000000000000005,0x000000000000000b,0x000000003167ffce,0x0000000062527360,0x0000000000000000,0x0000000031404e00,0x00000000005bb662,0x3fedd0be6c436ef0,0x0000000080005cb6,0x0000000000000000,0x4026ed9898949cd8,0x4129fe61e40b7803,0x4152075b2f7318fc,0x01a56e1fc2f8f359,0x0000000000000000,0x0000000000000000,0x0000000080005cb6,0x000000000144655e,0x00000000013a4e64,0x000000000144655e,0x00000000013a4e64,0x00000000001d0094,0x000000000000091a,0x0000000000005244,0x00000000000009cc,0x000000000000745f,0x0000000000977b3b,0x00000000000014b6
1784427268843,0x0000000080005850,0x0000000080018ed0,0x0000000080007a7a,0x000000000000000f,0x00000000800191f0,0x0000000080018f20,0x00000000800191f0,0x0000000080019310,0x0000000000000003,0x0000000000000006,0x0000000000000001,0x0000000000000000,0x000000008000f201,0x3fe6bfb6ee77362f,0x0000000000000000,0xfffffffff1617800,0x000000000049ce31,0x3fedd0be6c436ef0,0x00000000800049ba,0x0000000000000000,0x414fe4b905288ce7,0x4129fe5fe0ebedfa,0x4152075d0022680a,0x0000000000000000,0x0000000000000000,0x0000000000000000,0x00000000800049ba,0x000000000145312f,0x00000000013b16ca,0x000000000145312f,0x00000000013b16ca,0x00000000001d1287,0x000000000000091c,0x0000000000005245,0x00000000000009d3,0x000000000000748f,0x000000000097dade,0x00000000000014b9
1784427269705,0x00000000800056f8,0x0000000080019060,0x0000000080007a7a,0x000000000000000f,0x0000000080019430,0x00000000800190b0,0x0000000080019548,0x000000008000f238,0x0000000000000006,0x0000000000000006,0x000000008000f238,0x0000000000000040,0x000000008000f201,0x3fe5bf51352d6236,0x0000000000000000,0x0000000035a4965e,0x00000000006a5a31,0x3fedd0be6c436ee2,0x00000000800049c4,0x0000000000000000,0x414fe4b5c5604189,0x4129fe6640ded289,0x41520764571758e2,0x3ff0000000000000,0x0000000000000000,0x0000000000000000,0x00000000800049c4,0x000000000145f8ce,0x00000000013bda1e,0x000000000145f8ce,0x00000000013bda1e,0x00000000001d2797,0x0000000000000927,0x0000000000005245,0x00000000000009d4,0x00000000000074fb,0x0000000000983e5b,0x00000000000014bc
1784427270567,0x0000000080004ede,0x0000000080018de0,0x0000000080007a7a,0x0000000000000000,0x00000000800191f0,0x0000000080018e40,0x0000000000000001,0x000000001b03b771,0x000000003fe00000,0x40161a799b03b771,0x0000000000000002,0x0000000000000006,0xffffffffcfbb17fa,0x000000006c0eddc4,0x0000000000000000,0xffffffffcf3a00f8,0x00000000005869e6,0x3fedd0be6c436ee2,0x0000000080004e6c,0x0000000000000000,0x40161a799b03b771,0x4129fe6640ded289,0x41520764571758e2,0x01a56e1fc2f8f359,0x0000000000000000,0x405ccc3930020c28,0x0000000080004e6c,0x000000000146b978,0x00000000013c9ac7,0x000000000146b978,0x00000000013c9ac7,0x00000000001d36bd,0x000000000000092a,0x0000000000005245,0x00000000000009d4,0x0000000000007513,0x0000000000989b01,0x00000000000014bf
1784427271412,0x00000000800056f8,0x0000000080019060,0x0000000080007a7a,0x000000000000000f,0x0000000080019430,0x00000000800190b0,0x0000000080019548,0x000000008000f238,0x0000000000000006,0x0000000000000006,0x0000000000000005,0x0000000000000011,0x000000008000f201,0x3fed6dbc0d6c4aac,0x0000000000000000,0x00000000027aa0ae,0x00000000004ea4e3,0x3fedd0be6c436f02,0x00000000800049e2,0x0000000000000000,0x414fe4b88d0e5604,0x4129fe6114d6a162,0x4152075f338ef34d,0x0000000000000000,0x0000000000000000,0x0000000000000000,0x00000000800049e2,0x0000000001477d5b,0x00000000013d5814,0x0000000001477d5b,0x00000000013d5814,0x00000000001d4bb6,0x0000000000000932,0x0000000000005247,0x00000000000009df,0x0000000000007575,0x000000000098f9b9,0x00000000000014c2
1784427272245,0x000000008000589c,0x0000000080018ed0,0x0000000080007a7a,0x0000000000000000,0x00000000800191f0,0x0000000080018f20,0x0000000080019280,0x0000000080019118,0x0000000000000006,0x0000000000000003,0x0000000000000002,0x0000000000000003,0xffffffffc85fffb8,0x0000000043f14d0c,0x0000000000000000,0xffffffffc81be3b8,0x000000000055dc95,0x3fedd0be6c436f02,0x00000000800049d6,0x0000000000000000,0x4025772550fc5343,0x4129fe6114d6a162,0x4152075f338ef34d,0x401623e8e4790c0a,0x0000000000000000,0x3fc733d476943792,0x00000000800049d6,0x0000000001483f9b,0x00000000013e1a80,0x0000000001483f9b,0x00000000013e1a80,0x00000000001d5b2e,0x000000000000093b,0x0000000000005247,0x00000000000009df,0x00000000000075a3,0x000000000099580b,0x00000000000014c5
1784427273088,0x00000000800056f8,0x0000000080019060,0x0000000080007a7a,0x000000000000000f,0x0000000080019430,0x00000000800190b0,0x0000000080019548,0x000000008000f238,0x0000000000000006,0x0000000000000006,0x0000000000000004,0x0000000000000006,0x000000008000f201,0x3fedb1b529d29509,0x0000000000000000,0xffffffff8c432578,0x00000000004f7414,0x3fedd0be6c436f41,0x000000008000496c,0x0000000000000000,0x414fe4b59f7ced91,0x4129fe60dfcb923a,0x4152075c9ef9db23,0x3ff0000000000000,0x402a6014520d61ba,0x0000000000000000,0x000000008000496c,0x00000000014905da,0x00000000013eda1b,0x00000000014905da,0x00000000013eda1b,0x00000000001d7032,0x000000000000093d,0x000000000000524a,0x00000000000009ee,0x00000000000075ef,0x000000000099b6f9,0x00000000000014c8
1784427273928,0x00000000800058f2,0x0000000080018ed0,0x0000000080007a7a,0x0000000000000000,0x00000000800191f0,0x0000000080018f20,0x00000000800193a0,0x00000000800194a0,0x0000000000000006,0x0000000000000003,0x0000000000000001,0x0000000000000003,0x0000000026ff7fbf,0x0000000043f14cf4,0x0000000000000000,0x0000000026bb1bb8,0x000000000055dc95,0x3fedd0be6c436f41,0x000000008000498e,0x0000000000000000,0x4025772550fc533d,0x4129fe60dfcb923a,0x4152075c9ef9db23,0x0000000000000000,0x0000000000000000,0x0000000000000000,0x000000008000498e,0x000000000149ccb8,0x00000000013fa1aa,0x000000000149ccb8,0x00000000013fa1aa,0x00000000001d806a,0x0000000000000946,0x000000000000524a,0x00000000000009ee,0x0000000000007617,0x00000000009a1775,0x00000000000014cb
1784427274761,0x0000000080005744,0x0000000080019060,0x0000000080007a7a,0x000000000000000f,0x00000000800191f0,0x00000000800190b0,0x0000000080019310,0x00000000800191f0,0x0000000000000006,0x0000000000000006,0x0000000000000000,0x0000000000000006,0x000000008000f201,0x3fea921162e1623a,0x0000000000000000,0xffffffff908b346e,0x0000000000710f76,0x3fedd0be6c436f93,0x0000000080004a06,0x0000000000000000,0x414fe4b52295e9e2,0x4129fe61f23a29c7,0x4152075f0472b021,0x0000000000000000,0x3fe185d1eca6d032,0x0000000000000000,0x0000000080004a06,0x00000000014a967d,0x0000000001406578,0x00000000014a967d,0x0000000001406578,0x00000000001d953c,0x0000000000000948,0x000000000000524d,0x00000000000009fb,0x000000000000766e,0x00000000009a789a,0x00000000000014ce
1784427275608,0x00000000800057ae,0x0000000080018d90,0x0000000080007a7a,0x0000000000000000,0x00000000800191f0,0x0000000080018de0,0x0000000080018f50,0x000000008000f238,0x0000000000000006,0x0000000000000006,0x0000000000000000,0x0000000000000006,0x0000000065cffe7b,0x0000000043f14ce4,0x0000000000000000,0x0000000065cfea78,0x000000000055dc95,0x3fedd0be6c436f93,0x000000008000498e,0x0000000000000000,0x4025772550fc5339,0x4129fe61f23a29c7,0x4152075f0472b021,0x3fea330ae25af21c,0x0000000000000000,0x0000000000000000,0x000000008000498e,0x00000000014b64dd,0x000000000141340e,0x00000000014b64dd,0x000000000141340e,0x00000000001da61c,0x0000000000000951,0x000000000000524d,0x00000000000009fb,0x000000000000769a,0x00000000009adc5a,0x00000000000014d1
1784427276463,0x0000000080005744,0x0000000080019060,0x0000000080007a7a,0x000000000000000f,0x00000000800191f0,0x00000000800190b0,0x0000000080019310,0x00000000800191f0,0x0000000000000006,0x0000000000000006,0x00000000800191f0,0x0000000000000003,0x000000008000f201,0x3fea78243c945afb,0x0000000000000000,0xffffffffd90f65ae,0x000000000068f5cb,0x3fedd0be6c436ff0,0x00000000800049d0,0x0000000000000000,0x414fe4b617f2e48f,0x4129fe5761e4f766,0x4152075f4523a29c,0x0000000000000000,0x0000000000000000,0x0000000000000000,0x00000000800049d0,0x00000000014c2267,0x000000000141eb32,0x00000000014c2267,0x000000000141eb32,0x00000000001dba03,0x0000000000000953,0x000000000000524f,0x0000000000000a06,0x00000000000076ea,0x00000000009b37a1,0x00000000000014d4
1784427277328,0x00000000800057ae,0x0000000080018d90,0x0000000080007a7a,0x0000000000000000,0x00000000800191f0,0x0000000080018de0,0x0000000080018f50,0x000000008000f238,0x0000000000000006,0x0000000000000006,0x0000000000000005,0x000000000000000b,0x000000000d3cff6e,0x0000000043f14cda,0x0000000000000000,0x000000000d3ceb2e,0x000000000055dc95,0x3fedd0be6c436ff0,0x00000000800049e4,0x0000000000000000,0x4025772550fc5337,0x4129fe5761e4f766,0x4152075f4523a29c,0xbf9287f43dd4dd22,0x0000000000000000,0x8000000000000000,0x00000000800049e4,0x00000000014ce442,0x000000000142ad3c,0x00000000014ce442,0x000000000142ad3c,0x00000000001dc9dd,0x000000000000095c,0x000000000000524f,0x0000000000000a06,0x0000000000007715,0x00000000009b957a,0x00000000000014d7
1784427278121,0x000000008000575e,0x0000000080019070,0x0000000080007a7a,0x000000000000000f,0x00000000800191f0,0x00000000800190b0,0x00000000800190d0,0x00000000800002d0,0x000000008000f238,0x0000000000000006,0x0000000000000001,0x0000000000000006,0x000000008000f201,0x3fea6fa68d93268d,0x0000000000000000,0x0000000029de46f8,0x000000000041f4c9,0x3fedd0be6c437050,0x0000000080004c04,0x0000000000000000,0x414fe4b34a29c77a,0x4129fe66be28240b,0x4152075de9d2f1aa,0x3fc17a1e17d077de,0x3fe185d1eca6d032,0x3fe1aec7af362c5b,0x0000000080004c04,0x00000000014db0b8,0x000000000143732a,0x00000000014db0b8,0x000000000143732a,0x00000000001ddeff,0x000000000000095e,0x0000000000005251,0x0000000000000a11,0x000000000000775d,0x00000000009bf7b2,0x00000000000014da
1784427278974,0x00000000800057ae,0x0000000080018d90,0x0000000080007a7a,0x0000000000000000,0x00000000800191f0,0x0000000080018de0,0x0000000080018f50,0x000000008000f238,0x0000000000000006,0x0000000000000006,0x0000000080018df0,0x0000000000000005,0xffffffffa4ffffff,0x0000000043f14cd4,0x0000000000000000,0xffffffffa4e4b838,0x000000000055dc95,0x3fedd0be6c437050,0x0000000080004988,0x0000000000000000,0x4025772550fc5335,0x4129fe66be28240b,0x4152075de9d2f1aa,0x8000000000000000,0x0000000000000000,0x0000000000000000,0x0000000080004988,0x00000000014e77a5,0x0000000001443a5b,0x00000000014e77a5,0x0000000001443a5b,0x00000000001def47,0x0000000000000967,0x0000000000005251,0x0000000000000a11,0x0000000000007788,0x00000000009c57f3,0x00000000000014dd
1784427279700,0x0000000080005820,0x0000000080018ed0,0x0000000080007a7a,0x000000000000000f,0x00000000800191f0,0x0000000080018f20,0x000000008000f238,0x0000000080019310,0x0000000000000006,0x0000000000000006,0x000000008000f238,0x000000008000f320,0x000000008000f201,0x3fe88b0263ae2ed5,0x0000000000000000,0xffffffffe7cb4538,0x00000000005ce884,0x3fedd0be6c4370ae,0x00000000800049a4,0x0000000000000000,0x414fe4b5a4e3bcd3,0x4129fe669758e219,0x41520760563d70a4,0x402e61c980105f4f,0x0000000000000000,0x0000000000000000,0x00000000800049a4,0x00000000014f441b,0x00000000014500e5,0x00000000014f441b,0x00000000014500e5,0x00000000001e0458,0x0000000000000969,0x0000000000005252,0x0000000000000a16,0x00000000000077db,0x00000000009cba80,0x00000000000014e0
1784427280495,0x0000000080006260,0x0000000080019230,0x402a6014520d60d0,0x0000000000000000,0x0000000000000000,0x0000000080019440,0x0000000080019698,0x00000000800194a0,0x000000008000f238,0x00000000800003f0,0x00000000800194a0,0x0000000080019520,0x00000000663a943a,0x000000006b10ce2c,0x0000000000000000,0x00000000663a9438,0x00000000004a836f,0x3fedd0be6c437104,0x0000000080005bd6,0x0000000000000000,0x4012a0dbdac4338b,0x4129fe669758e219,0x41520760563d70a4,0x01a56e1fc2f8f359,0x0000000000000000,0x0000000000000000,0x0000000080005bd6,0x0000000001500e5d,0x000000000145c904,0x0000000001500e5d,0x000000000145c904,0x00000000001e1702,0x0000000000000972,0x0000000000005252,0x0000000000000a16,0x000000000000781d,0x00000000009d1df9,0x00000000000014e3
1784427281316,0x000000008000583a,0x0000000080018ed0,0x0000000080007a7a,0x000000000000000f,0x00000000800191f0,0x0000000080018f20,0x00000000800194a0,0x000000008000f238,0x0000000000000003,0x0000000000000006,0x000000008000f238,0x000000008000f340,0x000000008000f201,0x3fe98fa88686601a,0x0000000000000000,0x000000002e1c8380,0x0000000000494965,0x3fedd0be6c437104,0x00000000800049c6,0x0000000000000000,0x414fe4b20b5a8588,0x4129fe5bf1de69ad,0x4152076007d21ff3,0x0000000000000000,0x0000000000000000,0x0000000000000000,0x00000000800049c6,0x000000000150c710,0x0000000001467db3,0x000000000150c710,0x0000000001467db3,0x00000000001e2855,0x0000000000000974,0x0000000000005253,0x0000000000000a1c,0x000000000000784d,0x00000000009d755d,0x00000000000014e6
1784427282149,0x0000000080006260,0x0000000080019230,0x402a6014520d60d3,0x0000000000000000,0x0000000000000000,0x0000000080019440,0x0000000080019698,0x00000000800194a0,0x000000008000f238,0x00000000800003f0,0x000000008000f238,0x000000008000f290,0xffffffffd7d7b2f3,0xffffffffae2db1a8,0x0000000000000000,0xffffffffd7d320e0,0x00000000005d27f3,0x3fedd0be6c437152,0x0000000080005bfc,0x0000000000000000,0x401749fceb8b6c6a,0x4129fe5bf1de69ad,0x4152076007d21ff3,0x01a56e1fc2f8f359,0x0000000000000000,0x0000000000000000,0x0000000080005bfc,0x00000000015185a6,0x0000000001473a50,0x00000000015185a6,0x0000000001473a50,0x00000000001e3a1c,0x000000000000097d,0x0000000000005253,0x0000000000000a1c,0x000000000000788f,0x00000000009dd384,0x00000000000014e9
1784427282962,0x000000008000583a,0x0000000080018ed0,0x0000000080007a7a,0x000000000000000f,0x00000000800191f0,0x0000000080018f20,0x00000000800194a0,0x000000008000f238,0x0000000000000003,0x0000000000000006,0x00000000800191f0,0x0000000080019248,0x000000008000f201,0x3fe9d770c196319d,0x0000000000000000,0x0000000063fd503e,0x0000000000642e3f,0x3fedd0be6c437152,0x000000008000495a,0x0000000000000000,0x414fe4b231db22d1,0x4129fe4616c8b439,0x4152075f19a9fbe7,0x0000000000000000,0x0000000000000000,0x0000000000000000,0x000000008000495a,0x0000000001524849,0x000000000147f8ec,0x0000000001524849,0x000000000147f8ec,0x00000000001e4c36,0x000000000000097f,0x0000000000005253,0x0000000000000a1c,0x00000000000078b8,0x00000000009e2f7e,0x00000000000014ec
1784427283747,0x0000000080006178,0x00000000800193f0,0x0000000080007a7a,0x000000000000000f,0x0000000080019530,0x0000000080019440,0x000000008000f208,0x0000000080019668,0x0000000080019548,0x000000008000f208,0x0000000080019668,0x0000000080019688,0xffffffffd2bdff7c,0x0000000069c2b01c,0x0000000000000000,0xffffffffd234be78,0x0000000000680e98,0x3fedd0be6c437195,0x0000000080005a30,0x0000000000000000,0x414fe4b46e6cf41f,0x4129fe621d7dbf48,0x4152075fa7055326,0x414fe4b0e5d97f63,0x4152075fe7eb952a,0x415207601963c270,0x0000000080005a30,0x00000000015311c8,0x000000000148bdd4,0x00000000015311c8,0x000000000148bdd4,0x00000000001e617f,0x000000000000098a,0x0000000000005254,0x0000000000000a21,0x0000000000007916,0x00000000009e93b7,0x00000000000014ef
1784427284597,0x0000000080009fc2,0x0000000080018dc0,0x0000000080007a7a,0x0000000000000020,0x00000000800191f0,0x0000000080018e40,0x00000000005869e6,0x0000000036076ee0,0x0000000000078afe,0x0000000000000002,0x00000000002c34f3,0x0000000011fdd5e0,0x000000006c0edda0,0x000000006c0eddc0,0x0000000000000006,0x000000006c0edda0,0x00000000005869e6,0x3fedd0be6c437195,0x000000008000a11e,0x403e88fa391e4302,0x403e88fa391e4302,0x4129fe621d7dbf48,0x4152075fa7055326,0x3ff12c1dda6375e0,0x0000000000000000,0x403e88fa391e4302,0x000000008000a11e,0x000000000153dd42,0x0000000001498814,0x000000000153dd42,0x0000000001498814,0x00000000001e7175,0x000000000000098a,0x0000000000005254,0x0000000000000a21,0x0000000000007925,0x00000000009ef3d0,0x00000000000014f2
1784427285410,0x00000000800056f8,0x0000000080019060,0x0000000080007a7a,0x000000000000000f,0x0000000080019430,0x00000000800190b0,0x0000000080019548,0x000000008000f238,0x0000000000000006,0x0000000000000006,0x0000000080019310,0x0000000000000006,0x000000008000f201,0x3fe833b0b314d703,0x0000000000000000,0x00000000095be278,0x00000000004ef3ad,0x3fedd0be6c4371ce,0x00000000800049f8,0x0000000000000000,0x414fe4b482dab9f5,0x4129fe5fef9096bc,0x415207630cc63f14,0x0000000000000000,0x3fe185d1eca6d032,0x3fe185d1eca6d032,0x00000000800049f8,0x000000000154a32c,0x00000000014a48b0,0x000000000154a32c,0x00000000014a48b0,0x00000000001e86a6,0x0000000000000995,0x0000000000005255,0x0000000000000a26,0x000000000000797e,0x00000000009f5518,0x00000000000014f5
1784427286224,0x00000000800058f2,0x0000000080018ed0,0x0000000080007a7a,0x0000000000000000,0x00000000800191f0,0x0000000080018f20,0x00000000800193a0,0x00000000800194a0,0x0000000000000006,0x0000000000000003,0x0000000000000000,0x0000000000000000,0xfffffffffd77f7fe,0x0000000043f14cde,0x0000000000000000,0xfffffffffd77b7be,0x000000000055dc95,0x3fedd0be6c4371ce,0x00000000800049e0,0x0000000000000000,0x4025772550fc5338,0x4129fe5fef9096bc,0x415207630cc63f14,0x0000000000000000,0x3fc733d476943792,0x0000000000000000,0x00000000800049e0,0x00000000015574b4,0x00000000014b1b34,0x00000000015574b4,0x00000000014b1b34,0x00000000001e97c6,0x000000000000099e,0x0000000000005255,0x0000000000000a26,0x0000000000007994,0x00000000009fbac3,0x00000000000014f8
1784427287044,0x0000000080005744,0x0000000080019060,0x0000000080007a7a,0x000000000000000f,0x00000000800191f0,0x00000000800190b0,0x0000000080019310,0x00000000800191f0,0x0000000000000006,0x0000000000000006,0x0000000000000000,0x0000000000000006,0x000000008000f201,0x3feb90d5b754da75,0x0000000000000000,0x0000000047f15ede,0x000000000057cb9c,0x3fedd0be6c4371fd,0x000000008000496c,0x0000000000000000,0x414fe4b507aacd9f,0x4129fe62aa2339c1,0x4152075ecca3d70a,0x3fe185d1eca6d032,0x0000000000000000,0x0000000000000000,0x000000008000496c,0x0000000001563fdd,0x00000000014be0bf,0x0000000001563fdd,0x00000000014be0bf,0x00000000001eacbe,0x00000000000009a0,0x0000000000005256,0x0000000000000a2b,0x00000000000079dc,0x0000000000a01cb1,0x00000000000014fb
1784427287823,0x00000000800058f2,0x0000000080018ed0,0x0000000080007a7a,0x0000000000000000,0x00000000800191f0,0x0000000080018f20,0x00000000800193a0,0x00000000800194a0,0x0000000000000006,0x0000000000000003,0x0000000080018f50,0x0000000080019060,0xffffffffedffefbf,0x0000000043f14ce2,0x0000000000000000,0xffffffffedb2843e,0x000000000055dc95,0x3fedd0be6c4371fd,0x00000000800049f0,0x0000000000000000,0x4025772550fc5339,0x4129fe62aa2339c1,0x4152075ecca3d70a,0x0000000000000000,0x0000000000000000,0x0000000000000000,0x00000000800049f0,0x00000000015705b5,0x00000000014ca6b8,0x00000000015705b5,0x00000000014ca6b8,0x00000000001ebd06,0x00000000000009a9,0x0000000000005256,0x0000000000000a2b,0x00000000000079ff,0x0000000000a07c65,0x00000000000014fe
1784427288674,0x0000000080005744,0x0000000080019060,0x0000000080007a7a,0x000000000000000f,0x00000000800191f0,0x00000000800190b0,0x0000000080019310,0x00000000800191f0,0x0000000000000006,0x0000000000000006,0x0000000080019310,0x0000000000000098,0x000000008000f201,0x3fe928efe995630f,0x0000000000000000,0xffffffff9402106e,0x000000000077e966,0x3fedd0be6c437220,0x00000000800049a2,0x0000000000000000,0x414fe4b642cd9e84,0x4129fe5b1525460b,0x41520761cab851ec,0x0000000000000000,0x0000000000000000,0x0000000000000000,0x00000000800049a2,0x000000000157ce29,0x00000000014d68f0,0x000000000157ce29,0x00000000014d68f0,0x00000000001ed1bb,0x00000000000009ab,0x0000000000005256,0x0000000000000a2c,0x0000000000007a4f,0x0000000000a0dcdb,0x0000000000001501
1784427289459,0x00000000800057ae,0x0000000080018d90,0x0000000080007a7a,0x0000000000000000,0x00000000800191f0,0x0000000080018de0,0x0000000080018f50,0x000000008000f238,0x0000000000000006,0x0000000000000006,0x0000000000000001,0x0000000000000006,0xffffffffddff7dee,0x0000000043f14ce6,0x0000000000000000,0xffffffffdded50ae,0x000000000055dc95,0x3fedd0be6c437220,0x000000008000496c,0x0000000000000000,0x4025772550fc533a,0x4129fe5b1525460b,0x41520761cab851ec,0x8000000000000000,0x0000000000000000,0x0000000000000000,0x000000008000496c,0x000000000158957d,0x00000000014e3087,0x000000000158957d,0x00000000014e3087,0x00000000001ee20c,0x00000000000009b4,0x0000000000005256,0x0000000000000a2c,0x0000000000007a7a,0x0000000000a13d51,0x0000000000001504
1784427290254,0x000000008000575e,0x0000000080019070,0x0000000080007a7a,0x000000000000000f,0x00000000800191f0,0x00000000800190b0,0x00000000800190d0,0x00000000800002d0,0x000000008000f238,0x0000000000000006,0x00000000800190d0,0x00000000800191b8,0x000000008000f201,0x3fea67e39f4c5407,0x0000000000000000,0x000000007bf76938,0x0000000000679429,0x3fedd0be6c437238,0x0000000080004c1a,0x0000000000000000,0x414fe4add1a36e2f,0x4129fe5f19db22d1,0x4152075fdf381d7e,0x3fc17a1e17d077e5,0x402e601497f51141,0x402e61c980105fc3,0x0000000080004c1a,0x0000000001596534,0x00000000014ef9ce,0x0000000001596534,0x00000000014ef9ce,0x00000000001ef76c,0x00000000000009b6,0x0000000000005257,0x0000000000000a31,0x0000000000007ace,0x0000000000a1a12e,0x0000000000001507
1784427291056,0x0000000080009fc2,0x0000000080019420,0x402a6014520d6128,0x00000000005a9c20,0x0000000000000000,0x0000000080019700,0x00000000005a9c00,0x0000000000000020,0x00000000007f3204,0x0000000000000003,0x00000000002d4e00,0xfffffffffde00000,0x0000000000000000,0x0000000000000006,0x0000000000000000,0x0000000000000000,0x0000000000000000,0x3fedd0be6c437249,0x000000008000a0be,0x4060092754813f78,0x4060092754813f78,0x4129fe5f19db22d1,0x4152075fdf381d7e,0x3ff0000000000000,0x405a1feb0d33e624,0x4060092754813f78,0x000000008000a0be,0x00000000015a32c4,0x00000000014fc752,0x00000000015a32c4,0x00000000014fc752,0x00000000001f083d,0x00000000000009bf,0x0000000000005257,0x0000000000000a31,0x0000000000007afa,0x0000000000a20491,0x000000000000150a
1784427291884,0x0000000080005820,0x0000000080018ed0,0x0000000080007a7a,0x000000000000000f,0x00000000800191f0,0x0000000080018f20,0x000000008000f238,0x0000000080019310,0x0000000000000006,0x0000000000000006,0x0000000000000004,0x0000000000000006,0x000000008000f201,0x3fe8f39f7dbca77f,0x0000000000000000,0x000000004b61e3e0,0x000000000045ebcd,0x3fedd0be6c437249,0x0000000080004a06,0x0000000000000000,0x414fe4b1924dd2f2,0x4129fe6937318fc5,0x415207614b10cb29,0x0000000000000000,0x0000000000000000,0x0000000000000000,0x0000000080004a06,0x00000000015af28c,0x00000000015081b3,0x00000000015af28c,0x00000000015081b3,0x00000000001f1c3f,0x00000000000009c1,0x000000000000525a,0x0000000000000a40,0x0000000000007b39,0x0000000000a2613f,0x000000000000150d
1784427292671,0x0000000080006260,0x0000000080019230,0x402a6014520d6134,0x0000000000000000,0x0000000000000000,0x0000000080019440,0x0000000080019698,0x00000000800194a0,0x000000008000f238,0x00000000800003f0,0x0000000000000000,0x0000000000000002,0xffffffff9ddbfff1,0x000000003a8ddee0,0x0000000000000000,0xffffffff9d9b5e00,0x0000000000634a2e,0x3fedd0be6c437251,0x0000000080005b9e,0x0000000000000000,0x4018d28b8ea377b8,0x4129fe6937318fc5,0x415207614b10cb29,0x01a56e1fc2f8f359,0x3ff0000000000000,0x3ff0000000000000,0x0000000080005b9e,0x00000000015bab98,0x0000000001513a6a,0x00000000015bab98,0x0000000001513a6a,0x00000000001f2b46,0x00000000000009ca,0x000000000000525a,0x0000000000000a40,0x0000000000007b7e,0x0000000000a2bb95,0x0000000000001510
1784427293524,0x000000008000583a,0x0000000080018ed0,0x0000000080007a7a,0x000000000000000f,0x00000000800191f0,0x0000000080018f20,0x00000000800194a0,0x000000008000f238,0x0000000000000003,0x0000000000000006,0x0000000000000000,0x0000000000000006,0x000000008000f201,0x3fe926dd1a050b82,0x0000000000000000,0x000000006ad28dce,0x00000000004dd550,0x3fedd0be6c437251,0x00000000800049d6,0x0000000000000000,0x414fe4b20141205c,0x4129fe56cd844d01,0x41520765231f8a09,0x0000000000000000,0x0000000000000000,0x0000000000000000,0x00000000800049d6,0x00000000015c785e,0x000000000152013e,0x00000000015c785e,0x000000000152013e,0x00000000001f4078,0x00000000000009cc,0x000000000000525d,0x0000000000000a4f,0x0000000000007ba4,0x0000000000a31d69,0x0000000000001513
1784427294377,0x0000000080006260,0x0000000080019230,0x402a6014520d613d,0x0000000000000000,0x0000000000000000,0x0000000080019440,0x0000000080019698,0x00000000800194a0,0x000000008000f238,0x00000000800003f0,0x0000000000000004,0x0000000000000004,0xffffffffe8d5ff4e,0xffffffffda855f4a,0x0000000000000000,0xffffffffe8d1ff4e,0x00000000007e89a9,0x3fedd0be6c437254,0x0000000080005cdc,0x0000000000000000,0x402fa26a76a157d3,0x4129fe56cd844d01,0x41520765231f8a09,0x01a56e1fc2f8f359,0x0000000000000000,0x0000000000000000,0x0000000080005cdc,0x00000000015d3bf1,0x000000000152c1b8,0x00000000015d3bf1,0x000000000152c1b8,0x00000000001f5333,0x00000000000009d5,0x000000000000525d,0x0000000000000a50,0x0000000000007bed,0x0000000000a37e07,0x0000000000001516
1784427295213,0x000000008000583a,0x0000000080018ed0,0x0000000080007a7a,0x000000000000000f,0x00000000800191f0,0x0000000080018f20,0x00000000800194a0,0x000000008000f238,0x0000000000000003,0x0000000000000006,0x0000000000000001,0x0000000000000006,0x000000008000f201,0x3fedacf500f20119,0x0000000000000000,0x0000000008a17eae,0x00000000006e6f01,0x3fedd0be6c437254,0x00000000800049d6,0x0000000000000000,0x414fe4b3dc4d013b,0x4129fe625020c49c,0x4152075eb6041893,0x3ff0000000000000,0x0000000000000000,0x0000000000000000,0x00000000800049d6,0x00000000015df3d1,0x000000000153761c,0x00000000015df3d1,0x000000000153761c,0x00000000001f63d0,0x00000000000009d7,0x000000000000525f,0x0000000000000a5b,0x0000000000007c1f,0x0000000000a3d48f,0x0000000000001519
1784427295888,0x0000000080009fc2,0x0000000080019420,0x402a6014520d6144,0x0000000000000000,0x0000000000000000,0x0000000080019700,0x000000007ff00000,0x000000004075cff9,0x00000000002b9ff2,0x0000000000000004,0x00000000002b9ff2,0x0000000014d8f04e,0x000000003cda737f,0xffffffff817cb0dc,0x0000000000000000,0x000000003c586178,0x0000000000775855,0x3fedd0be6c437253,0x000000008000a0ac,0x4075cff90a6c7827,0x4075cff90a6c7827,0x4129fe625020c49c,0x4152075eb6041893,0xc02c994af4f80000,0x406210d092b0d880,0x4075cff90a6c7827,0x000000008000a0ac,0x00000000015ebd6b,0x0000000001543b25,0x00000000015ebd6b,0x0000000001543b25,0x00000000001f7958,0x00000000000009e2,0x000000000000525f,0x0000000000000a5c,0x0000000000007c61,0x0000000000a437c9,0x000000000000151c
1784427296696,0x0000000080005018,0x0000000080018de0,0x0000000080007a7a,0x000000000000000f,0x00000000800191f0,0x0000000080018e40,0x0000000080019118,0x0000000080018ef8,0x0000000000000003,0x0000000080019118,0x0000000000000000,0x0000000000000000,0x000000008000f201,0x3fe9a98f6e850d2c,0x0000000000000000,0x0000000054e27bf8,0x00000000004ab9da,0x3fedd0be6c437253,0x0000000080004f28,0x0000000000000000,0x414fe4b4e2ee6320,0x4129fe6109c779a7,0x415207601c2de00d,0x3ff12c1dda637632,0x402e61c980105fef,0x405ccc3930020bfe,0x0000000080004f28,0x00000000015f8b93,0x00000000015507cd,0x00000000015f8b93,0x00000000015507cd,0x00000000001f897d,0x00000000000009e2,0x0000000000005261,0x0000000000000a66,0x0000000000007c86,0x0000000000a49935,0x000000000000151f
1784427297525,0x00000000800056f8,0x0000000080019060,0x0000000080007a7a,0x000000000000000f,0x0000000080019430,0x00000000800190b0,0x0000000080019548,0x000000008000f238,0x0000000000000006,0x0000000000000006,0x000000008000f238,0x000000008000f2c0,0x000000008000f201,0x3fe79b97f8e81f55,0x0000000000000000,0x000000005d2a7800,0x000000000044f16b,0x3fedd0be6c43724c,0x00000000800049c8,0x0000000000000000,0x414fe4b100902de0,0x4129fe4aeb780347,0x41520762939a6b51,0x0000000000000000,0x0000000000000000,0x0000000000000000,0x00000000800049c8,0x0000000001604cd4,0x000000000155c4a5,0x0000000001604cd4,0x000000000155c4a5,0x00000000001f9e1d,0x00000000000009ed,0x0000000000005264,0x0000000000000a75,0x0000000000007ce9,0x0000000000a4f9a2,0x0000000000001522
1784427298333,0x000000008000589c,0x0000000080018ed0,0x0000000080007a7a,0x0000000000000000,0x00000000800191f0,0x0000000080018f20,0x0000000080019280,0x0000000080019118,0x0000000000000006,0x0000000000000003,0x0000000080019280,0x0000000000000030,0xffffffffae9db7df,0x0000000043f14cf2,0x0000000000000000,0xffffffffae9db59e,0x000000000055dc95,0x3fedd0be6c43724c,0x00000000800049a2,0x0000000000000000,0x4025772550fc533d,0x4129fe4aeb780347,0x41520762939a6b51,0x0000000000000000,0x0000000000000000,0x0000000000000000,0x00000000800049a2,0x0000000001611655,0x0000000001568ee1,0x0000000001611655,0x0000000001568ee1,0x00000000001fae39,0x00000000000009f6,0x0000000000005264,0x0000000000000a75,0x0000000000007d02,0x0000000000a55ba7,0x0000000000001525
1784427299159,0x00000000800056f8,0x0000000080019060,0x0000000080007a7a,0x000000000000000f,0x0000000080019430,0x00000000800190b0,0x0000000080019548,0x000000008000f238,0x0000000000000006,0x0000000000000006,0x0000000000000000,0x0000000000000005,0x000000008000f201,0x3fe88bb9e2b0c5d5,0x0000000000000000,0x0000000035798c5e,0x00000000004be338,0x3fedd0be6c437243,0x0000000080004966,0x0000000000000000,0x414fe4ae2c2c3c9f,0x4129fe6347d566cf,0x4152076004ea4a8c,0x3ff0000000000000,0x0000000000000000,0x0000000000000000,0x0000000080004966,0x000000000161e0b0,0x0000000001575298,0x000000000161e0b0,0x0000000001575298,0x00000000001fc396,0x00000000000009f8,0x0000000000005266,0x0000000000000a7e,0x0000000000007d50,0x0000000000a5bc7f,0x0000000000001528
1784427300016,0x00000000800058f2,0x0000000080018ed0,0x0000000080007a7a,0x0000000000000000,0x00000000800191f0,0x0000000080018f20,0x00000000800193a0,0x00000000800194a0,0x0000000000000006,0x0000000000000003,0x0000000080018f50,0x0000000000000003,0xffffffffae9db7df,0x0000000043f14cf2,0x0000000000000000,0xffffffffae9db59e,0x000000000055dc95,0x3fedd0be6c437243,0x0000000080004a00,0x0000000000000000,0x4025772550fc533d,0x4129fe6347d566cf,0x4152076004ea4a8c,0x0000000000000000,0x0000000000000000,0x0000000000000000,0x0000000080004a00,0x000000000162a299,0x000000000158159e,0x000000000162a299,0x000000000158159e,0x00000000001fd371,0x0000000000000a01,0x0000000000005266,0x0000000000000a7e,0x0000000000007d6a,0x0000000000a61ad8,0x000000000000152b
1784427300822,0x000000008000572e,0x00000000800190b0,0x0000000080007a7a,0x000000000000000f,0x00000000800191f0,0x0000000080019440,0x00000000800190d0,0x0000000000000000,0x0000000000000000,0x00000000800191f0,0x0000000080019130,0x0000000000000000,0x000000008000f201,0x3fe614da0d3ec11b,0x0000000000000000,0x0000000017542bde,0x000000000064b37c,0x3fedd0be6c437238,0x0000000080007a66,0x0000000000000000,0x414fe4aefb1c432d,0x4129fe5e400d1b71,0x41520761cf780347,0x3ff0000000000000,0x0000000000000000,0x3ff0000000000000,0x0000000080007a66,0x00000000016362e2,0x000000000158d04b,0x00000000016362e2,0x000000000158d04b,0x00000000001fe77e,0x0000000000000a03,0x0000000000005268,0x0000000000000a89,0x0000000000007db9,0x0000000000a677c5,0x000000000000152e
1784427301624,0x00000000800058f2,0x0000000080018ed0,0x0000000080007a7a,0x0000000000000000,0x00000000800191f0,0x0000000080018f20,0x00000000800193a0,0x00000000800194a0,0x0000000000000006,0x0000000000000003,0x0000000000000001,0x0000000000000001,0xffffffffae9db7df,0x0000000043f14cf2,0x0000000000000000,0xffffffffae9db59e,0x000000000055dc95,0x3fedd0be6c437238,0x00000000800049bc,0x0000000000000000,0x4025772550fc533d,0x4129fe5e400d1b71,0x41520761cf780347,0x0000000000000000,0x0000000000000000,0x0000000000000000,0x00000000800049bc,0x000000000164251e,0x00000000015992c6,0x000000000164251e,0x00000000015992c6,0x00000000001ff774,0x0000000000000a0c,0x0000000000005268,0x0000000000000a89,0x0000000000007dd2,0x0000000000a6d5d1,0x0000000000001531
1784427302316,0x0000000080005744,0x0000000080019060,0x0000000080007a7a,0x000000000000000f,0x00000000800191f0,0x00000000800190b0,0x0000000080019310,0x00000000800191f0,0x0000000000000006,0x0000000000000006,0x00000000800190d0,0x0000000000000000,0x000000008000f201,0x3fe5df624ebe71d5,0x0000000000000000,0x000000006ddfb1e0,0x000000000070b9bb,0x3fedd0be6c43722c,0x00000000800049ea,0x0000000000000000,0x414fe4ad5ae147ae,0x4129fe5985e353f8,0x41520762f6d42c3d,0x0000000000000000,0x4016207f14426f07,0x0000000000000000,0x00000000800049ea,0x000000000164d9e4,0x00000000015a41e1,0x000000000164d9e4,0x00000000015a41e1,0x0000000000200a8f,0x0000000000000a0e,0x000000000000526a,0x0000000000000a94,0x0000000000007e1f,0x0000000000a72d4b,0x0000000000001534
1784427303145,0x00000000800058f2,0x0000000080018ed0,0x0000000080007a7a,0x0000000000000000,0x00000000800191f0,0x0000000080018f20,0x00000000800193a0,0x00000000800194a0,0x0000000000000006,0x0000000000000003,0x0000000000000002,0x0000000000000012,0xffffffffae9db7df,0x0000000043f14cf2,0x0000000000000000,0xffffffffae9db59e,0x000000000055dc95,0x3fedd0be6c43722c,0x000000008000494a,0x0000000000000000,0x4025772550fc533d,0x4129fe5985e353f8,0x41520762f6d42c3d,0x0000000000000000,0x0000000000000000,0x0000000000000000,0x000000008000494a,0x00000000016596f1,0x00000000015aff00,0x00000000016596f1,0x00000000015aff00,0x0000000000201a21,0x0000000000000a17,0x000000000000526a,0x0000000000000a94,0x0000000000007e3a,0x0000000000a788dd,0x0000000000001537
1784427303980,0x0000000080005744,0x0000000080019060,0x0000000080007a7a,0x000000000000000f,0x00000000800191f0,0x00000000800190b0,0x0000000080019310,0x00000000800191f0,0x0000000000000006,0x0000000000000006,0x00000000800190d0,0x0000000000000030,0x000000008000f201,0x3fe6dd0c1cc04708,0x0000000000000000,0x000000004fb0cd4e,0x0000000000437cd2,0x3fedd0be6c43721e,0x00000000800049ea,0x0000000000000000,0x414fe4af2d3f7cee,0x4129fe4c8ed91687,0x4152076103247454,0x0000000000000000,0x3fe185d1eca6d032,0x0000000000000000,0x00000000800049ea,0x0000000001665939,0x00000000015bbb71,0x0000000001665939,0x00000000015bbb71,0x0000000000202e58,0x0000000000000a19,0x000000000000526d,0x0000000000000aa3,0x0000000000007e85,0x0000000000a7e691,0x000000000000153a
1784427304815,0x00000000800058f2,0x0000000080018ed0,0x0000000080007a7a,0x0000000000000000,0x00000000800191f0,0x0000000080018f20,0x00000000800193a0,0x00000000800194a0,0x0000000000000006,0x0000000000000003,0x0000000000000002,0x0000000000000014,0xffffffffae9db7df,0x0000000043f14cf2,0x0000000000000000,0xffffffffae9db59e,0x000000000055dc95,0x3fedd0be6c43721e,0x000000008000497a,0x0000000000000000,0x4025772550fc533d,0x4129fe4c8ed91687,0x4152076103247454,0x0000000000000000,0x0000000000000000,0x0000000000000000,0x000000008000497a,0x0000000001670d37,0x00000000015c6f96,0x0000000001670d37,0x00000000015c6f96,0x0000000000203d2e,0x0000000000000a22,0x000000000000526d,0x0000000000000aa3,0x0000000000007ea2,0x0000000000a83de9,0x000000000000153d
1784427305610,0x0000000080005744,0x0000000080019060,0x0000000080007a7a,0x000000000000000f,0x00000000800191f0,0x00000000800190b0,0x0000000080019310,0x00000000800191f0,0x0000000000000006,0x0000000000000006,0x0000000080019310,0x0000000080019318,0x000000008000f201,0x3fe52eca22212ac5,0x0000000000000000,0x0000000057c9e80e,0x000000000060e4a2,0x3fedd0be6c437211,0x00000000800049a4,0x0000000000000000,0x414fe4ad0a5119ce,0x4129fe53e8db8bac,0x41520761e6d288ce,0x4013efc4d6ad9501,0x4013efc4d6ad9501,0x4013efc4d6ad9501,0x00000000800049a4,0x000000000167c593,0x00000000015d224f,0x000000000167c593,0x00000000015d224f,0x0000000000205091,0x0000000000000a24,0x0000000000005270,0x0000000000000ab2,0x0000000000007eee,0x0000000000a8970e,0x0000000000001540
1784427306426,0x00000000800058f2,0x0000000080018ed0,0x0000000080007a7a,0x0000000000000000,0x00000000800191f0,0x0000000080018f20,0x00000000800193a0,0x00000000800194a0,0x0000000000000006,0x0000000000000003,0x0000000000000004,0x0000000000000018,0x0000000036bbdff4,0x0000000043f14cf0,0x0000000000000000,0x0000000036804f80,0x000000000055dc95,0x3fedd0be6c437211,0x00000000800049da,0x0000000000000000,0x4025772550fc533c,0x4129fe53e8db8bac,0x41520761e6d288ce,0x0000000000000000,0x0000000000000000,0x0000000000000000,0x00000000800049da,0x00000000016888db,0x00000000015de5e7,0x00000000016888db,0x00000000015de5e7,0x00000000002060a8,0x0000000000000a2d,0x0000000000005270,0x0000000000000ab2,0x0000000000007f07,0x0000000000a8f5a5,0x0000000000001543
1784427307287,0x0000000080005744,0x0000000080019060,0x0000000080007a7a,0x000000000000000f,0x00000000800191f0,0x00000000800190b0,0x0000000080019310,0x00000000800191f0,0x0000000000000006,0x0000000000000006,0x0000000000000001,0x0000000000000000,0x000000008000f201,0x3fe496482317433c,0x0000000000000000,0xffffffffc4efbf78,0x00000000006d7fc7,0x3fedd0be6c437204,0x0000000080004966,0x0000000000000000,0x414fe4aef0d844d0,0x4129fe5748db8bac,0x4152075dd40ebee0,0x4013efc4d6ad9501,0x0000000000000000,0x0000000000000000,0x0000000080004966,0x0000000001694328,0x00000000015e9a30,0x0000000001694328,0x00000000015e9a30,0x0000000000207435,0x0000000000000a2f,0x0000000000005272,0x0000000000000abd,0x0000000000007f56,0x0000000000a94f9a,0x0000000000001546
1784427308136,0x0000000080005794,0x0000000080018db0,0x0000000080007a7a,0x0000000000000000,0x00000000800191f0,0x0000000080018de0,0x0000000080018f50,0x0000000000000006,0x0000000000000006,0x0000000000000003,0x0000000000000003,0x0000000000000006,0xffffffffbe67f9de,0x0000000043f14cee,0x0000000000000000,0xffffffffbe62e95e,0x000000000055dc95,0x3fedd0be6c437204,0x0000000080004d96,0x0000000000000000,0x4025772550fc533c,0x4129fe5748db8bac,0x4152075dd40ebee0,0x3f8314f4c02b2a38,0x8000000000000000,0x3fea330ae25af21c,0x0000000080004d96,0x00000000016a0bca,0x00000000015f633b,0x00000000016a0bca,0x00000000015f633b,0x0000000000208497,0x0000000000000a38,0x0000000000005272,0x0000000000000abd,0x0000000000007f79,0x0000000000a9b0bf,0x0000000000001549
1784427308914,0x0000000080005744,0x0000000080019060,0x0000000080007a7a,0x000000000000000f,0x00000000800191f0,0x00000000800190b0,0x0000000080019310,0x00000000800191f0,0x0000000000000006,0x0000000000000006,0x00000000800190d0,0x0000000000000005,0x000000008000f201,0x3fde0a5381b93b1d,0x0000000000000000,0xffffffffbae73ade,0x000000000060e593,0x3fedd0be6c4371f7,0x00000000800049fc,0x0000000000000000,0x414fe4af93a92a30,0x4129fe5715810625,0x415207611acbfb16,0x0000000000000000,0x0000000000000000,0x0000000000000000,0x00000000800049fc,0x00000000016acb10,0x0000000001601c1f,0x00000000016acb10,0x0000000001601c1f,0x00000000002098ac,0x0000000000000a3a,0x0000000000005274,0x0000000000000ac8,0x0000000000007fbd,0x0000000000aa0cea,0x000000000000154c
1784427309729,0x00000000800057ae,0x0000000080018d90,0x0000000080007a7a,0x0000000000000000,0x00000000800191f0,0x0000000080018de0,0x0000000080018f50,0x000000008000f238,0x0000000000000006,0x0000000000000006,0x0000000080018df0,0x0000000080018e08,0xffffffffbe67f9de,0x0000000043f14cee,0x0000000000000000,0xffffffffbe62e95e,0x000000000055dc95,0x3fedd0be6c4371f7,0x0000000080004982,0x0000000000000000,0x4025772550fc533c,0x4129fe5715810625,0x415207611acbfb16,0x8000000000000000,0x0000000000000000,0x0000000000000000,0x0000000080004982,0x00000000016b87c3,0x000000000160d945,0x00000000016b87c3,0x000000000160d945,0x000000000020a81a,0x0000000000000a43,0x0000000000005274,0x0000000000000ac8,0x0000000000007fe1,0x0000000000aa6878,0x000000000000154f
1784427310533,0x0000000080005744,0x0000000080019060,0x0000000080007a7a,0x000000000000000f,0x00000000800191f0,0x00000000800190b0,0x0000000080019310,0x00000000800191f0,0x0000000000000006,0x0000000000000006,0x0000000000000000,0x0000000000000003,0x000000008000f201,0x3fdbe8e72f816325,0x0000000000000000,0x0000000055c84ae0,0x0000000000705c86,0x3fedd0be6c4371ec,0x0000000080004966,0x0000000000000000,0x414fe4aebaeb1c43,0x4129fe6bfb4a233a,0x4152075f12bedfa4,0x0000000000000000,0x0000000000000000,0x0000000000000000,0x0000000080004966,0x00000000016c449b,0x0000000001619004,0x00000000016c449b,0x0000000001619004,0x000000000020bbf9,0x0000000000000a45,0x0000000000005277,0x0000000000000ad7,0x0000000000008027,0x0000000000aac388,0x0000000000001552
1784427311377,0x00000000800057ae,0x0000000080018d90,0x0000000080007a7a,0x0000000000000000,0x00000000800191f0,0x0000000080018de0,0x0000000080018f50,0x000000008000f238,0x0000000000000006,0x0000000000000006,0x0000000000000003,0x0000000000000006,0x0000000046d7d3f9,0x0000000043f14cec,0x0000000000000000,0x0000000046458338,0x000000000055dc95,0x3fedd0be6c4371ec,0x00000000800049b0,0x0000000000000000,0x4025772550fc533b,0x4129fe6bfb4a233a,0x4152075f12bedfa4,0x8000000000000000,0x0000000000000000,0x0000000000000000,0x00000000800049b0,0x00000000016d0a42,0x000000000162560d,0x00000000016d0a42,0x000000000162560d,0x000000000020cc23,0x0000000000000a4e,0x0000000000005277,0x0000000000000ad7,0x0000000000008048,0x0000000000ab2344,0x0000000000001555
1784427312229,0x0000000080005744,0x0000000080019060,0x0000000080007a7a,0x000000000000000f,0x00000000800191f0,0x00000000800190b0,0x0000000080019310,0x00000000800191f0,0x0000000000000006,0x0000000000000006,0x0000000080019310,0x0000000000000002,0x000000008000f201,0x3fd4f464e7513d05,0x0000000000000000,0x000000000c34c2e0,0x00000000005f791c,0x3fedd0be6c4371df,0x00000000800049aa,0x0000000000000000,0x414fe4a9f93404ea,0x4129fe601404ea4b,0x415207607cb5dcc6,0x0000000000000000,0x0000000000000000,0x0000000000000000,0x00000000800049aa,0x00000000016dd1e2,0x0000000001631771,0x00000000016dd1e2,0x0000000001631771,0x000000000020e0e7,0x0000000000000a50,0x0000000000005278,0x0000000000000adc,0x000000000000808b,0x0000000000ab8351,0x0000000000001558
1784427313032,0x00000000800057ae,0x0000000080018d90,0x0000000080007a7a,0x0000000000000000,0x00000000800191f0,0x0000000080018de0,0x0000000080018f50,0x000000008000f238,0x0000000000000006,0x0000000000000006,0x0000000080018df0,0x0000000000000002,0x000000004657d3f9,0x0000000043f14cec,0x0000000000000000,0x0000000046458338,0x000000000055dc95,0x3fedd0be6c4371df,0x00000000800049f6,0x0000000000000000,0x4025772550fc533b,0x4129fe601404ea4b,0x415207607cb5dcc6,0x8000000000000000,0x0000000000000000,0x0000000000000000,0x00000000800049f6,0x00000000016e9ba0,0x000000000163e15a,0x00000000016e9ba0,0x000000000163e15a,0x000000000020f168,0x0000000000000a59,0x0000000000005278,0x0000000000000adc,0x00000000000080b2,0x0000000000abe4de,0x000000000000155b
1784427313854,0x0000000080005820,0x0000000080018ed0,0x0000000080007a7a,0x000000000000000f,0x00000000800191f0,0x0000000080018f20,0x000000008000f238,0x0000000080019310,0x0000000000000006,0x0000000000000006,0x0000000000000002,0x0000000000000006,0x000000008000f201,0x3fd21814bffd86b3,0x0000000000000000,0xffffffffd460ad5e,0x00000000007bedc7,0x3fedd0be6c4371d4,0x000000008000498e,0x0000000000000000,0x414fe4b0d9e83e42,0x4129fe4e6113404f,0x4152076169c5d639,0x0000000000000000,0x0000000000000000,0x0000000000000000,0x000000008000498e,0x00000000016f6199,0x000000000164a17c,0x00000000016f6199,0x000000000164a17c,0x00000000002105ed,0x0000000000000a5b,0x000000000000527a,0x0000000000000ae7,0x00000000000080f6,0x0000000000ac447b,0x000000000000155e
1784427314680,0x0000000080006260,0x0000000080019230,0x402a6014520d6131,0x0000000000000000,0x0000000000000000,0x0000000080019440,0x0000000080019698,0x00000000800194a0,0x000000008000f238,0x00000000800003f0,0x000000008000f238,0x000000008000f288,0x00000000424efede,0x000000005b70ce8a,0x0000000000000000,0x00000000424ecece,0x000000000056ca57,0x3fedd0be6c4371cb,0x0000000080005c06,0x0000000000000000,0x4025b295d6dc33a3,0x4129fe4e6113404f,0x4152076169c5d639,0x01a56e1fc2f8f359,0x0000000000000000,0x0000000000000000,0x0000000080005c06,0x00000000017025b0,0x000000000165647f,0x00000000017025b0,0x000000000165647f,0x0000000000211669,0x0000000000000a64,0x000000000000527a,0x0000000000000ae7,0x0000000000008142,0x0000000000aca428,0x0000000000001561
1784427315538,0x0000000080005820,0x0000000080018ed0,0x0000000080007a7a,0x000000000000000f,0x00000000800191f0,0x0000000080018f20,0x000000008000f238,0x0000000080019310,0x0000000000000006,0x0000000000000006,0x0000000000000006,0x0000000000000001,0x000000008000f201,0x3fd1a6a21cf1ed1b,0x0000000000000000,0x000000001f2759f8,0x000000000049198a,0x3fedd0be6c4371cb,0x0000000080004a14,0x0000000000000000,0x414fe4af536ae7d5,0x4129fe60f74bc6a8,0x41520763e41f212d,0x3ff12c1dda6375e0,0x0000000000000000,0x0000000000000000,0x0000000080004a14,0x000000000170ded5,0x0000000001661826,0x000000000170ded5,0x0000000001661826,0x0000000000212973,0x0000000000000a66,0x000000000000527c,0x0000000000000af2,0x0000000000008175,0x0000000000acfc73,0x0000000000001564
1784427316342,0x0000000080006260,0x0000000080019230,0x402a6014520d612e,0x0000000000000000,0x0000000000000000,0x0000000080019440,0x0000000080019698,0x00000000800194a0,0x000000008000f238,0x00000000800003f0,0x0000000000000005,0x000000000000000a,0xffffffffc376bffb,0x000000006f6a5804,0x0000000000000000,0xffffffffc3369ff8,0x0000000000591c5f,0x3fedd0be6c4371c3,0x0000000080005be4,0x0000000000000000,0x40264717dbda9601,0x4129fe60f74bc6a8,0x41520763e41f212d,0x01a56e1fc2f8f359,0x0000000000000000,0x4012207dfca3cb69,0x0000000080005be4,0x000000000171a1db,0x000000000166d989,0x000000000171a1db,0x000000000166d989,0x0000000000213a71,0x0000000000000a6f,0x000000000000527c,0x0000000000000af2,0x00000000000081bd,0x0000000000ad5bdf,0x0000000000001567
1784427317183,0x000000008000583a,0x0000000080018ed0,0x0000000080007a7a,0x000000000000000f,0x00000000800191f0,0x0000000080018f20,0x00000000800194a0,0x000000008000f238,0x0000000000000003,0x0000000000000006,0x00000000800191f0,0x0000000080019218,0x000000008000f201,0x3fd7031d47a38467,0x0000000000000000,0xffffffff99e1f94e,0x00000000006926ea,0x3fedd0be6c4371c3,0x00000000800049f2,0x0000000000000000,0x414fe4ae03a5e354,0x4129fe564b6ae7d5,0x41520761db9096bc,0x0000000000000000,0x0000000000000000,0x0000000000000000,0x00000000800049f2,0x0000000001726617,0x00000000016798e1,0x0000000001726617,0x00000000016798e1,0x0000000000214dc5,0x0000000000000a71,0x000000000000527f,0x0000000000000b01,0x00000000000081ec,0x0000000000adb92b,0x000000000000156a
1784427317856,0x0000000080006260,0x0000000080019230,0x402a6014520d612a,0x0000000000000000,0x0000000000000000,0x0000000080019440,0x0000000080019698,0x00000000800194a0,0x000000008000f238,0x00000000800003f0,0x00000000800194a0,0x0000000000000000,0xffffffffed3ff2eb,0xffffffffd96f1368,0x0000000000000000,0xffffffffed2bb2e0,0x0000000000554115,0x3fedd0be6c4371bc,0x0000000080005bdc,0x0000000000000000,0x40055045765bc4da,0x4129fe564b6ae7d5,0x41520761db9096bc,0x01a56e1fc2f8f359,0x0000000000000000,0x0000000000000000,0x0000000080005bdc,0x000000000173177d,0x0000000001684959,0x000000000173177d,0x0000000001684959,0x0000000000215d40,0x0000000000000a7a,0x000000000000527f,0x0000000000000b01,0x0000000000008229,0x0000000000ae1083,0x000000000000156d
1784427318706,0x000000008000583a,0x0000000080018ed0,0x0000000080007a7a,0x000000000000000f,0x00000000800191f0,0x0000000080018f20,0x00000000800194a0,0x000000008000f238,0x0000000000000003,0x0000000000000006,0x00000000800194a0,0x00000000800194f8,0x000000008000f201,0x3fd69a0f201e0c06,0x0000000000000000,0xffffffff901c39e0,0x000000000075373d,0x3fedd0be6c4371bc,0x00000000800049a4,0x0000000000000000,0x414fe4ac02a64c30,0x4129fe63ef694467,0x41520764e1bf4880,0x0000000000000000,0x0000000000000000,0x0000000000000000,0x00000000800049a4,0x000000000173e47a,0x000000000169114d,0x000000000173e47a,0x000000000169114d,0x0000000000217166,0x0000000000000a7c,0x0000000000005282,0x0000000000000b0f,0x0000000000008250,0x0000000000ae71fc,0x0000000000001570
1784427319551,0x0000000080006260,0x0000000080019230,0x402a6014520d6125,0x0000000000000000,0x0000000000000000,0x0000000080019440,0x0000000080019698,0x00000000800194a0,0x000000008000f238,0x00000000800003f0,0x0000000080019698,0x0000000000000001,0xffffffff9b307fdf,0xffffffffc0e68e2e,0x0000000000000000,0xffffffff9b3077de,0x000000000064bb75,0x3fedd0be6c4371b6,0x000000008000602e,0x0000000000000000,0x40292edd7039a38c,0x4129fe63ef694467,0x41520764e1bf4880,0x0000000000000000,0x0000000000000000,0x0000000000000000,0x000000008000602e,0x000000000174a60a,0x000000000169cf2c,0x000000000174a60a,0x000000000169cf2c,0x00000000002185ad,0x0000000000000a86,0x0000000000005282,0x0000000000000b0f,0x000000000000828f,0x0000000000aed1d9,0x0000000000001573
1784427320370,0x000000008000583a,0x0000000080018ed0,0x0000000080007a7a,0x000000000000000f,0x00000000800191f0,0x0000000080018f20,0x00000000800194a0,0x000000008000f238,0x0000000000000003,0x0000000000000006,0x0000000000000001,0x0000000000000006,0x000000008000f201,0x3fdd3f8d7584276d,0x0000000000000000,0xffffffffe757716e,0x00000000005043b6,0x3fedd0be6c4371b6,0x0000000080004970,0x0000000000000000,0x414fe4ac32b9f55a,0x4129fe5a2703afb8,0x415207655a3a29c7,0x3ff0000000000000,0x0000000000000000,0x3fe1aec7af362c5b,0x0000000080004970,0x0000000001755883,0x00000000016a7fd9,0x0000000001755883,0x00000000016a7fd9,0x0000000000219435,0x0000000000000a87,0x0000000000005284,0x0000000000000b19,0x00000000000082b5,0x0000000000af261e,0x0000000000001576
1784427321165,0x0000000080005a7c,0x00000000800193f0,0x0000000080005a7c,0x000000000000000f,0x0000000080019660,0x0000000080019440,0x0000000080019548,0x0000000000000000,0x0000000000000008,0x000000008000f208,0x0000000080019570,0xfffffffffffffff8,0x0000000027df5ff3,0x00000000557f5bd8,0x0000000000000000,0x00000000275e5ce0,0x00000000004144d0,0x3fedd0be6c4371b0,0x0000000080007a68,0x0000000000000000,0x414fe4aebb22d0e5,0x4129fe556189374c,0x41520763424f7660,0x414fe4a822d77319,0x41520762f16c35f1,0x3fe1ef224a7c8358,0x0000000080007a68,0x00000000017624ad,0x00000000016b4769,0x00000000017624ad,0x00000000016b4769,0x000000000021a9b1,0x0000000000000a92,0x0000000000005286,0x0000000000000b23,0x000000000000831e,0x0000000000af8b9e,0x0000000000001579
1784427321998,0x000000008000583a,0x0000000080018ed0,0x0000000080007a7a,0x000000000000000f,0x00000000800191f0,0x0000000080018f20,0x00000000800194a0,0x000000008000f238,0x0000000000000003,0x0000000000000006,0x00000000800194a0,0x0000000080019528,0x000000008000f201,0x3fe1ef224a7c8358,0x0000000000000000,0x00000000275e5ce0,0x00000000004144d0,0x3fedd0be6c4371b0,0x00000000800049a4,0x0000000000000000,0x414fe4aebb22d0e5,0x4129fe556189374c,0x41520763424f7660,0x3ff0000000000000,0x3ff12c1dda6375d1,0x3ff12c1dda6375d1,0x00000000800049a4,0x000000000176db43,0x00000000016bfcc7,0x000000000176db43,0x00000000016bfcc7,0x000000000021b846,0x0000000000000a92,0x0000000000005286,0x0000000000000b23,0x0000000000008326,0x0000000000afe103,0x000000000000157c
1784427322836,0x00000000800056f8,0x0000000080019060,0x0000000080007a7a,0x000000000000000f,0x0000000080019430,0x00000000800190b0,0x0000000080019548,0x000000008000f238,0x0000000000000006,0x0000000000000006,0x0000000080019548,0x0000000000000002,0x000000008000f201,0x3fe224d32c72e9d6,0x0000000000000000,0xffffffff9d5917b8,0x0000000000796e02,0x3fedd0be6c4371ac,0x00000000800049aa,0x0000000000000000,0x414fe4ac3e809d49,0x4129fe70570a3d71,0x4152076439096bba,0x0000000000000000,0x3fdcf46da09c9983,0x3fdcf46da09c9983,0x00000000800049aa,0x000000000177a608,0x00000000016cc386,0x000000000177a608,0x00000000016cc386,0x000000000021cda2,0x0000000000000a9d,0x0000000000005289,0x0000000000000b31,0x0000000000008384,0x0000000000b04602,0x000000000000157f
1784427323701,0x000000008000519e,0x0000000080018e90,0x0000000080007a7a,0x0000000000000000,0x00000000800191f0,0x0000000080018ee0,0x0000000000000000,0x0000000050fc533a,0x000000003fe00000,0x4025772550fc533a,0x0000000080019118,0x0000000080019158,0xffffffffddff7dee,0x0000000043f14ce6,0x0000000000000000,0xffffffffdded50ae,0x000000000055dc95,0x3fedd0be6c4371ac,0x00000000800053ba,0x0000000000000000,0x4025772550fc533a,0x4129fe70570a3d71,0x4152076439096bba,0x0000000000000000,0x0000000000000000,0x3fb7da31f035f47c,0x00000000800053ba,0x00000000017870e5,0x00000000016d8ee5,0x00000000017870e5,0x00000000016d8ee5,0x000000000021dde9,0x0000000000000aa6,0x0000000000005289,0x0000000000000b31,0x000000000000839d,0x0000000000b0a897,0x0000000000001582
1784427324485,0x00000000800056f8,0x0000000080019060,0x0000000080007a7a,0x000000000000000f,0x0000000080019430,0x00000000800190b0,0x0000000080019548,0x000000008000f238,0x0000000000000006,0x0000000000000006,0x0000000000000006,0x0000000000000005,0x000000008000f201,0x3fe34e686afbb21f,0x0000000000000000,0x00000000337d7bce,0x0000000000462127,0x3fedd0be6c4371a8,0x0000000080004a38,0x0000000000000000,0x414fe4ae36e2eb1c,0x4129fe46d8793dd9,0x41520765e5ce075f,0x3ff0000000000000,0x3fedd0be6c4371a8,0x3ff117a2f91bc7b9,0x0000000080004a38,0x000000000179406f,0x00000000016e57a5,0x000000000179406f,0x00000000016e57a5,0x000000000021f396,0x0000000000000aa8,0x000000000000528c,0x0000000000000b3d,0x00000000000083f6,0x0000000000b10bdb,0x0000000000001585
1784427325275,0x00000000800058f2,0x0000000080018ed0,0x0000000080007a7a,0x0000000000000000,0x00000000800191f0,0x0000000080018f20,0x00000000800193a0,0x00000000800194a0,0x0000000000000006,0x0000000000000003,0x0000000080018f50,0x0000000080018f50,0xffffffffddff7dee,0x0000000043f14ce6,0x0000000000000000,0xffffffffdded50ae,0x000000000055dc95,0x3fedd0be6c4371a8,0x000000008000495a,0x0000000000000000,0x4025772550fc533a,0x4129fe46d8793dd9,0x41520765e5ce075f,0x4022f62a35680000,0x3fe34e686afbb21f,0x0000000000000000,0x000000008000495a,0x000000000179fc23,0x00000000016f1441,0x000000000179fc23,0x00000000016f1441,0x00000000002202eb,0x0000000000000ab1,0x000000000000528c,0x0000000000000b3d,0x0000000000008414,0x0000000000b16734,0x0000000000001588
1784427326137,0x0000000080005744,0x0000000080019060,0x0000000080007a7a,0x000000000000000f,0x00000000800191f0,0x00000000800190b0,0x0000000080019310,0x00000000800191f0,0x0000000000000006,0x0000000000000006,0x0000000000000000,0x0000000000000006,0x000000008000f201,0x3fe6220d67399469,0x0000000000000000,0xffffffff8406e3e0,0x000000000078515d,0x3fedd0be6c4371a6,0x00000000800049d6,0x0000000000000000,0x414fe4a732a9930c,0x4129fe4b0ded288d,0x41520762619e83e4,0x3fe185d1eca6d032,0x0000000000000000,0x0000000000000000,0x00000000800049d6,0x00000000017ac7ff,0x00000000016fda7d,0x00000000017ac7ff,0x00000000016fda7d,0x00000000002217ea,0x0000000000000ab3,0x000000000000528e,0x0000000000000b47,0x000000000000845d,0x0000000000b1c977,0x000000000000158b
1784427326973,0x0000000080005794,0x0000000080018db0,0x0000000080007a7a,0x0000000000000000,0x00000000800191f0,0x0000000080018de0,0x0000000080018f50,0x0000000000000006,0x0000000000000006,0x0000000000000003,0x0000000080003cf8,0x0000000080019068,0xffffffffddff7dee,0x0000000043f14ce6,0x0000000000000000,0xffffffffdded50ae,0x000000000055dc95,0x3fedd0be6c4371a6,0x0000000080004dba,0x0000000000000000,0x4025772550fc533a,0x4129fe4b0ded288d,0x41520762619e83e4,0x3f8314f4c02b2a01,0x8000000000000000,0x3ff0000000000000,0x0000000080004dba,0x00000000017b954e,0x000000000170a82f,0x00000000017b954e,0x000000000170a82f,0x00000000002228bd,0x0000000000000abc,0x000000000000528e,0x0000000000000b47,0x000000000000847a,0x0000000000b22ccc,0x000000000000158e
1784427327839,0x0000000080005744,0x0000000080019060,0x0000000080007a7a,0x000000000000000f,0x00000000800191f0,0x00000000800190b0,0x0000000080019310,0x00000000800191f0,0x0000000000000006,0x0000000000000006,0x0000000000000001,0x000000000000000d,0x000000008000f201,0x3fe42fe591791856,0x0000000000000000,0xffffffffffdd97be,0x00000000006c6e06,0x3fedd0be6c4371a4,0x00000000800049be,0x0000000000000000,0x414fe4a9f8e56042,0x4129fe574a3d70a4,0x4152076508fc5048,0x0000000000000000,0x0000000000000000,0x0000000000000000,0x00000000800049be,0x00000000017c616a,0x0000000001716df7,0x00000000017c616a,0x0000000001716df7,0x0000000000223dcf,0x0000000000000abe,0x0000000000005290,0x0000000000000b51,0x00000000000084c7,0x0000000000b28f08,0x0000000000001591
1784427328653,0x00000000800057ae,0x0000000080018d90,0x0000000080007a7a,0x0000000000000000,0x00000000800191f0,0x0000000080018de0,0x0000000080018f50,0x000000008000f238,0x0000000000000006,0x0000000000000006,0x0000000080018df0,0x0000000080018e70,0x0000000065cffe7b,0x0000000043f14ce4,0x0000000000000000,0x0000000065cfea78,0x000000000055dc95,0x3fedd0be6c4371a4,0x0000000080004982,0x0000000000000000,0x4025772550fc5339,0x4129fe574a3d70a4,0x4152076508fc5048,0x8000000000000000,0x0000000000000000,0x0000000000000000,0x0000000080004982,0x00000000017d247b,0x000000000172315f,0x00000000017d247b,0x000000000172315f,0x0000000000224dc7,0x0000000000000ac7,0x0000000000005290,0x0000000000000b51,0x00000000000084f1,0x0000000000b2ed83,0x0000000000001594
1784427329477,0x000000008000575e,0x0000000080019070,0x0000000080007a7a,0x000000000000000f,0x00000000800191f0,0x00000000800190b0,0x00000000800190d0,0x00000000800002d0,0x000000008000f238,0x0000000000000006,0x0000000000000000,0x0000000000000006,0x000000008000f201,0x3fe5798237a6aefb,0x0000000000000000,0x00000000396550be,0x00000000007a3367,0x3fedd0be6c4371a2,0x0000000080004c6e,0x0000000000000000,0x414fe4aa85013a93,0x4129fe50dcac0831,0x4152076abac08312,0x3fc17a1e17d07729,0x0000000000000000,0x3fc17a1e17d07729,0x0000000080004c6e,0x00000000017de7c6,0x000000000172ee7e,0x00000000017de7c6,0x000000000172ee7e,0x0000000000226227,0x0000000000000ac9,0x0000000000005293,0x0000000000000b5f,0x0000000000008544,0x0000000000b34ba6,0x0000000000001597
1784427330140,0x00000000800057ae,0x0000000080018d90,0x0000000080007a7a,0x0000000000000000,0x00000000800191f0,0x0000000080018de0,0x0000000080018f50,0x000000008000f238,0x0000000000000006,0x0000000000000006,0x0000000080018df0,0x0000000080018e88,0x0000000065cffe7b,0x0000000043f14ce4,0x0000000000000000,0x0000000065cfea78,0x000000000055dc95,0x3fedd0be6c4371a2,0x0000000080004984,0x0000000000000000,0x4025772550fc5339,0x4129fe50dcac0831,0x4152076abac08312,0x8000000000000000,0x0000000000000000,0x0000000000000000,0x0000000080004984,0x00000000017e9f2e,0x000000000173a668,0x00000000017e9f2e,0x000000000173a668,0x0000000000227129,0x0000000000000ad2,0x0000000000005293,0x0000000000000b5f,0x0000000000008563,0x0000000000b3a4b7,0x000000000000159a
1784427330948,0x0000000080005744,0x0000000080019060,0x0000000080007a7a,0x000000000000000f,0x00000000800191f0,0x00000000800190b0,0x0000000080019310,0x00000000800191f0,0x0000000000000006,0x0000000000000006,0x0000000000000003,0x0000000000000021,0x000000008000f201,0x3fed2efc807cbb52,0x0000000000000000,0x000000006762f09e,0x000000000053726b,0x3fedd0be6c4371a2,0x000000008000499a,0x0000000000000000,0x414fe4aa9318fc50,0x4129fe5b8acd9e84,0x415207697ab851ec,0x0000000000000000,0x0000000000000000,0x0000000000000000,0x000000008000499a,0x00000000017f5b44,0x0000000001745c96,0x00000000017f5b44,0x0000000001745c96,0x00000000002284fc,0x0000000000000ad4,0x0000000000005296,0x0000000000000b6d,0x00000000000085ab,0x0000000000b3ff87,0x000000000000159d
1784427331814,0x00000000800057ae,0x0000000080018d90,0x0000000080007a7a,0x0000000000000000,0x00000000800191f0,0x0000000080018de0,0x0000000080018f50,0x000000008000f238,0x0000000000000006,0x0000000000000006,0x0000000000000003,0x0000000000000006,0x0000000065cffe7b,0x0000000043f14ce4,0x0000000000000000,0x0000000065cfea78,0x000000000055dc95,0x3fedd0be6c4371a2,0x00000000800049b0,0x0000000000000000,0x4025772550fc5339,0x4129fe5b8acd9e84,0x415207697ab851ec,0x3ff0000000000000,0x0000000000000000,0x0000000000000000,0x00000000800049b0,0x0000000001801b95,0x0000000001751d56,0x0000000001801b95,0x0000000001751d56,0x00000000002294b9,0x0000000000000add,0x0000000000005296,0x0000000000000b6d,0x00000000000085d3,0x0000000000b45cc2,0x00000000000015a0
1784427332678,0x0000000080005820,0x0000000080018ed0,0x0000000080007a7a,0x000000000000000f,0x00000000800191f0,0x0000000080018f20,0x000000008000f238,0x0000000080019310,0x0000000000000006,0x0000000000000006,0x0000000080019280,0x0000000080019288,0x000000008000f201,0x3ff10e763bc0ac8a,0x0000000000000000,0xffffffffe96183e0,0x000000000043f1e9,0x3fedd0be6c4371a2,0x0000000080004982,0x0000000000000000,0x414fe4aba1cac083,0x4129fe5a5b15b574,0x415207656ce56042,0x401623e8e4790c0a,0x0000000000000000,0x0000000000000000,0x0000000080004982,0x000000000180de7a,0x000000000175dae5,0x000000000180de7a,0x000000000175dae5,0x000000000022a90a,0x0000000000000adf,0x0000000000005297,0x0000000000000b73,0x000000000000861b,0x0000000000b4bb24,0x00000000000015a3
1784427333498,0x00000000800057ae,0x0000000080018d90,0x0000000080007a7a,0x0000000000000000,0x00000000800191f0,0x0000000080018de0,0x0000000080018f50,0x000000008000f238,0x0000000000000006,0x0000000000000006,0x0000000080018f50,0x00000000000000d8,0x0000000065cffe7b,0x0000000043f14ce4,0x0000000000000000,0x0000000065cfea78,0x000000000055dc95,0x3fedd0be6c4371a2,0x00000000800049a2,0x0000000000000000,0x4025772550fc5339,0x4129fe5a5b15b574,0x415207656ce56042,0x8000000000000000,0x0000000000000000,0x0000000000000000,0x00000000800049a2,0x00000000018192b3,0x0000000001768f45,0x00000000018192b3,0x0000000001768f45,0x000000000022b7db,0x0000000000000ae8,0x0000000000005297,0x0000000000000b73,0x000000000000863d,0x0000000000b5127a,0x00000000000015a6
1784427334340,0x0000000080005820,0x0000000080018ed0,0x0000000080007a7a,0x000000000000000f,0x00000000800191f0,0x0000000080018f20,0x000000008000f238,0x0000000080019310,0x0000000000000006,0x0000000000000006,0x0000000000000005,0x0000000000000003,0x000000008000f201,0x3ff09eac8a9a6ab3,0x0000000000000000,0x000000004e68980e,0x00000000006a9a60,0x3fedd0be6c4371a2,0x00000000800049b0,0x0000000000000000,0x414fe4ad7fec56d6,0x4129fe4997a786c2,0x415207626a474539,0x0000000000000000,0x0000000000000000,0x0000000000000000,0x00000000800049b0,0x0000000001825501,0x0000000001774c15,0x0000000001825501,0x0000000001774c15,0x000000000022cc22,0x0000000000000aea,0x0000000000005298,0x0000000000000b77,0x0000000000008685,0x0000000000b5706f,0x00000000000015a9
1784427335174,0x0000000080006260,0x0000000080019230,0x402a6014520d6113,0x0000000000000000,0x0000000000000000,0x0000000080019440,0x0000000080019698,0x00000000800194a0,0x000000008000f238,0x00000000800003f0,0x000000008000f238,0x000000008000f330,0xffffffffb0d77aea,0x00000000677f1ea8,0x0000000000000000,0xffffffffb0d218e0,0x0000000000491fee,0x3fedd0be6c4371a2,0x0000000080005bfe,0x0000000000000000,0x403247fb99dfc7aa,0x4129fe4997a786c2,0x415207626a474539,0x01a56e1fc2f8f359,0x0000000000000000,0x0000000000000000,0x0000000080005bfe,0x00000000018327e0,0x0000000001781d79,0x00000000018327e0,0x0000000001781d79,0x000000000022de4c,0x0000000000000af3,0x0000000000005298,0x0000000000000b77,0x00000000000086cb,0x0000000000b5d752,0x00000000000015ac
1784427336004,0x000000008000583a,0x0000000080018ed0,0x0000000080007a7a,0x000000000000000f,0x00000000800191f0,0x0000000080018f20,0x00000000800194a0,0x000000008000f238,0x0000000000000003,0x0000000000000006,0x00000000800194a0,0x0000000000000000,0x000000008000f201,0x3fec94ebdc826e90,0x0000000000000000,0x000000002e26fe00,0x00000000005defcf,0x3fedd0be6c4371a2,0x00000000800049aa,0x0000000000000000,0x414fe4a8dd21ff2e,0x4129fe3fce219653,0x41520763078ef34d,0x3ff0000000000000,0x0000000000000000,0x0000000000000000,0x00000000800049aa,0x000000000183e49f,0x000000000178d55f,0x000000000183e49f,0x000000000178d55f,0x000000000022f126,0x0000000000000af5,0x000000000000529a,0x0000000000000b81,0x00000000000086f4,0x0000000000b63136,0x00000000000015af
1784427336840,0x0000000080006260,0x0000000080019230,0x402a6014520d6113,0x0000000000000000,0x0000000000000000,0x0000000080019440,0x0000000080019698,0x00000000800194a0,0x000000008000f238,0x00000000800003f0,0x0000000000000004,0x00000000800194b0,0x0000000026eff3ff,0xffffffffeec9b342,0x0000000000000000,0x00000000266b517e,0x00000000007eaa1f,0x3fedd0be6c4371a2,0x0000000080005c4c,0x0000000000000000,0x402faa87fbb26cd1,0x4129fe3fce219653,0x41520763078ef34d,0x01a56e1fc2f8f359,0x402a6014520d6113,0x402a6014520d6113,0x0000000080005c4c,0x000000000184a8dc,0x0000000001799768,0x000000000184a8dc,0x0000000001799768,0x000000000023035c,0x0000000000000afe,0x000000000000529a,0x0000000000000b81,0x0000000000008733,0x0000000000b691e9,0x00000000000015b2
1784427337673,0x000000008000583a,0x0000000080018ed0,0x0000000080007a7a,0x000000000000000f,0x00000000800191f0,0x0000000080018f20,0x00000000800194a0,0x000000008000f238,0x0000000000000003,0x0000000000000006,0x0000000000000001,0x0000000000000006,0x000000008000f201,0x3fe90125ff1ea4ba,0x0000000000000000,0x0000000044b9df78,0x00000000004a66d3,0x3fedd0be6c4371a2,0x00000000800049d6,0x0000000000000000,0x414fe4aaef381d7e,0x4129fe4f26dc5d64,0x4152076588240b78,0x0000000000000000,0x0000000000000000,0x0000000000000000,0x00000000800049d6,0x0000000001856ac2,0x00000000017a553b,0x0000000001856ac2,0x00000000017a553b,0x0000000000231568,0x0000000000000b00,0x000000000000529b,0x0000000000000b85,0x000000000000875e,0x0000000000b6ed89,0x00000000000015b5
1784427338491,0x0000000080006260,0x0000000080019230,0x402a6014520d6113,0x0000000000000000,0x0000000000000000,0x0000000080019440,0x0000000080019698,0x00000000800194a0,0x000000008000f238,0x00000000800003f0,0x0000000000000002,0x0000000000000006,0x0000000056b779df,0x000000002f263d0e,0x0000000000000000,0x0000000056a4299e,0x00000000004dd167,0x3fedd0be6c4371a2,0x0000000080005fee,0x0000000000000000,0x40037459cbc98f44,0x4129fe4f26dc5d64,0x4152076588240b78,0x0000000000000000,0x0000000000000000,0x0000000000000000,0x0000000080005fee,0x0000000001862e69,0x00000000017b1472,0x0000000001862e69,0x00000000017b1472,0x00000000002329ed,0x0000000000000b0a,0x000000000000529b,0x0000000000000b86,0x00000000000087a3,0x0000000000b74e12,0x00000000000015b8
1784427339283,0x000000008000583a,0x0000000080018ed0,0x0000000080007a7a,0x000000000000000f,0x00000000800191f0,0x0000000080018f20,0x00000000800194a0,0x000000008000f238,0x0000000000000003,0x0000000000000006,0x0000000000000003,0x0000000000000006,0x000000008000f201,0x3fe8a678d0ff9d36,0x0000000000000000,0x0000000048579eae,0x00000000006f031a,0x3fedd0be6c4371a2,0x00000000800049b0,0x0000000000000000,0x414fe4a97cd013a9,0x4129fe47e05bc01a,0x41520765f6fec56d,0x0000000000000000,0x0000000000000000,0x0000000000000000,0x00000000800049b0,0x000000000186e22b,0x00000000017bc629,0x000000000186e22b,0x00000000017bc629,0x000000000023386e,0x0000000000000b0b,0x000000000000529d,0x0000000000000b90,0x00000000000087d0,0x0000000000b7a2d4,0x00000000000015bb
1784427340109,0x0000000080009fc2,0x0000000080019420,0x402a6014520d6113,0x0000000000680000,0x0000000000000000,0x0000000080019700,0x0000000000600000,0x0000000000080000,0x0000000000161f2c,0x0000000000000003,0x0000000000300000,0x000000002710e5e0,0x0000000000000000,0x0000000000000014,0x0000000000000000,0xffffffff8beb3e4e,0x00000000006873d2,0x3fedd0be6c4371a2,0x000000008000a0d0,0x4062b0f962710e5e,0x4062b0f962710e5e,0x4129fe47e05bc01a,0x41520765f6fec56d,0xc00feecbfb200000,0x4060b31f4f137280,0x4062b0f962710e5e,0x000000008000a0d0,0x000000000187a737,0x00000000017c86c2,0x000000000187a737,0x00000000017c86c2,0x0000000000234d92,0x0000000000000b16,0x000000000000529d,0x0000000000000b91,0x000000000000880d,0x0000000000b8040e,0x00000000000015be
1784427340976,0x0000000080005866,0x0000000080018ee0,0x0000000080007a7a,0x000000000000000f,0x00000000800191f0,0x0000000080018f20,0x00000000800191a8,0x00000000800003f0,0x0000000080019160,0x0000000000000003,0x00000000800191a8,0x00000000800191e8,0x000000008000f201,0x3fe8a129e5bf7ebe,0x0000000000000000,0x0000000020c872f8,0x000000000061d37c,0x3fedd0be6c4371a2,0x0000000080004c1a,0x0000000000000000,0x414fe4a5d8c49ba6,0x4129fe484ab367a1,0x41520764c762b6ae,0x3ff12c1dda6375ca,0x0000000000000000,0x0000000000000000,0x0000000080004c1a,0x0000000001887373,0x00000000017d5179,0x0000000001887373,0x00000000017d5179,0x0000000000235da1,0x0000000000000b16,0x000000000000529f,0x0000000000000b9d,0x0000000000008832,0x0000000000b8648e,0x00000000000015c1
1784427341836,0x00000000800056f8,0x0000000080019060,0x0000000080007a7a,0x000000000000000f,0x0000000080019430,0x00000000800190b0,0x0000000080019548,0x000000008000f238,0x0000000000000006,0x0000000000000006,0x0000000080019310,0x0000000080019358,0x000000008000f201,0x3fe6f7b7ef57e1d4,0x0000000000000000,0x0000000072386d78,0x000000000058222a,0x3fedd0be6c4371a2,0x00000000800049f2,0x0000000000000000,0x414fe4a6e71de69b,0x4129fe4edb645a1d,0x41520763fdd7dbf5,0x3ff0000000000000,0x0000000000000000,0x0000000000000000,0x00000000800049f2,0x00000000018932e6,0x00000000017e0cbf,0x00000000018932e6,0x00000000017e0cbf,0x0000000000237215,0x0000000000000b21,0x00000000000052a2,0x0000000000000bac,0x0000000000008891,0x0000000000b8c420,0x00000000000015c4
1784427342683,0x0000000080009fc2,0x0000000080018dc0,0x0000000080007a7a,0x0000000000008000,0x00000000800191f0,0x0000000080018e40,0x000000000055dc95,0xffffffffa1f80000,0x00000000006fa6cc,0x0000000000000003,0x00000000002aee4a,0x000000003f800000,0x0000000043f08000,0x0000000043f00000,0x0000000000000010,0x0000000043f08000,0x000000000055dc95,0x3fedd0be6c4371a2,0x000000008000a0fc,0x405ccc3930020bf5,0x405ccc3930020bf5,0x4129fe4edb645a1d,0x41520763fdd7dbf5,0x01a56e1fc2f8f359,0x0000000000000000,0x405ccc3930020bf5,0x000000008000a0fc,0x000000000189f37d,0x00000000017ece17,0x000000000189f37d,0x00000000017ece17,0x0000000000238124,0x0000000000000b24,0x00000000000052a2,0x0000000000000bac,0x00000000000088a1,0x0000000000b921c3,0x00000000000015c7
1784427343528,0x00000000800056f8,0x0000000080019060,0x0000000080007a7a,0x000000000000000f,0x0000000080019430,0x00000000800190b0,0x0000000080019548,0x000000008000f238,0x0000000000000006,0x0000000000000006,0x0000000080019548,0x0000000000000005,0x000000008000f201,0x3fe45f3bd072d417,0x0000000000000000,0xfffffffff693ea3e,0x000000000077d6ac,0x3fedd0be6c4371a2,0x00000000800049aa,0x0000000000000000,0x414fe4a90b645a1d,0x4129fe5df4bc6a7f,0x415207672bd566cf,0x3ff0000000000000,0x0000000000000000,0x0000000000000000,0x00000000800049aa,0x00000000018ac41d,0x00000000017f97f7,0x00000000018ac41d,0x00000000017f97f7,0x0000000000239743,0x0000000000000b2c,0x00000000000052a5,0x0000000000000bbb,0x00000000000088f9,0x0000000000b985df,0x00000000000015ca
1784427344331,0x00000000800058f2,0x0000000080018ed0,0x0000000080007a7a,0x0000000000000000,0x00000000800191f0,0x0000000080018f20,0x00000000800193a0,0x00000000800194a0,0x0000000000000006,0x0000000000000003,0x0000000080018f50,0x0000000000000030,0x0000000065cffe7b,0x0000000043f14ce4,0x0000000000000000,0x0000000065cfea78,0x000000000055dc95,0x3fedd0be6c4371a2,0x0000000080004980,0x0000000000000000,0x4025772550fc5339,0x4129fe5df4bc6a7f,0x415207672bd566cf,0x3f9287f43dd4dd22,0x0000000000000000,0x3f9287f43dd4dd22,0x0000000080004980,0x00000000018b89a4,0x0000000001805e75,0x00000000018b89a4,0x0000000001805e75,0x000000000023a768,0x0000000000000b35,0x00000000000052a5,0x0000000000000bbb,0x0000000000008918,0x0000000000b9e5d8,0x00000000000015cd
1784427345139,0x000000008000571c,0x0000000080019070,0x0000000080007a7a,0x000000000000000f,0x0000000080019310,0x00000000800190b0,0x0000000080019548,0x00000000800191f0,0x0000000000000006,0x0000000000000000,0x0000000080019570,0x000000000000001e,0x000000008000f201,0x3fe5b890a12cfb5c,0x0000000000000000,0x0000000079d6942e,0x0000000000709cc6,0x3fedd0be6c4371a2,0x0000000080004b82,0x0000000000000000,0x414fe4a611ba5e35,0x4129fe47cb020c4a,0x41520763ed8793de,0x3ff0000000000000,0x0000000000000000,0x0000000000000000,0x0000000080004b82,0x00000000018c48cf,0x0000000001811752,0x00000000018c48cf,0x0000000001811752,0x000000000023bb75,0x0000000000000b37,0x00000000000052a7,0x0000000000000bc6,0x0000000000008960,0x0000000000ba41e1,0x00000000000015d0
1784427345984,0x00000000800058f2,0x0000000080018ed0,0x0000000080007a7a,0x0000000000000000,0x00000000800191f0,0x0000000080018f20,0x00000000800193a0,0x00000000800194a0,0x0000000000000006,0x0000000000000003,0x0000000000000004,0x0000000000000018,0x0000000065cffe7b,0x0000000043f14ce4,0x0000000000000000,0x0000000065cfea78,0x000000000055dc95,0x3fedd0be6c4371a2,0x00000000800049da,0x0000000000000000,0x4025772550fc5339,0x4129fe47cb020c4a,0x41520763ed8793de,0x3fc0e154af64b901,0x0000000000000000,0x0000000000000000,0x00000000800049da,0x00000000018d0e52,0x000000000181ddef,0x00000000018d0e52,0x000000000181ddef,0x000000000023cba3,0x0000000000000b40,0x00000000000052a7,0x0000000000000bc6,0x000000000000897b,0x0000000000baa1e5,0x00000000000015d3
1784427346831,0x0000000080005744,0x0000000080019060,0x0000000080007a7a,0x000000000000000f,0x00000000800191f0,0x00000000800190b0,0x0000000080019310,0x00000000800191f0,0x0000000000000006,0x0000000000000006,0x0000000000000006,0x0000000000000002,0x000000008000f201,0x3fe2d24fc5f392f6,0x0000000000000000,0x000000005454f7e0,0x000000000042e93b,0x3fedd0be6c4371a2,0x0000000080004a38,0x0000000000000000,0x414fe4a334b295ea,0x4129fe54028f5c29,0x41520768644816f0,0x0000000000000000,0x0000000000000000,0x0000000000000000,0x0000000080004a38,0x00000000018dd4bf,0x0000000001829e9a,0x00000000018dd4bf,0x0000000001829e9a,0x000000000023e035,0x0000000000000b42,0x00000000000052a9,0x0000000000000bd1,0x00000000000089c5,0x0000000000bb01a5,0x00000000000015d6
1784427347657,0x00000000800057ae,0x0000000080018d90,0x0000000080007a7a,0x0000000000000000,0x00000000800191f0,0x0000000080018de0,0x0000000080018f50,0x000000008000f238,0x0000000000000006,0x0000000000000006,0x0000000000000000,0x0000000000000000,0x0000000065cffe7b,0x0000000043f14ce4,0x0000000000000000,0x0000000065cfea78,0x000000000055dc95,0x3fedd0be6c4371a2,0x00000000800049da,0x0000000000000000,0x4025772550fc5339,0x4129fe54028f5c29,0x41520768644816f0,0x8000000000000000,0x0000000000000000,0x8000000000000000,0x00000000800049da,0x00000000018e973e,0x0000000001836193,0x00000000018e973e,0x0000000001836193,0x000000000023f01d,0x0000000000000b4b,0x00000000000052a9,0x0000000000000bd1,0x00000000000089e3,0x0000000000bb5feb,0x00000000000015d9
1784427348490,0x0000000080005806,0x0000000080018ee0,0x0000000080007a7a,0x000000000000000f,0x00000000800191f0,0x0000000080018f20,0x00000000800194a0,0x0000000080019310,0x0000000000000003,0x0000000080019310,0x0000000080019518,0x0000000080019368,0x000000008000f201,0x3fe573ea390493c5,0x0000000000000000,0xffffffffebf07d2e,0x00000000007d515f,0x3fedd0be6c4371a2,0x0000000080004b8c,0x0000000000000000,0x414fe4a7d6bedfa4,0x4129fe51658793de,0x4152076557f62b6b,0x3fc17a1e17d07729,0x3fc17a1e17d07729,0x0000000000000000,0x0000000080004b8c,0x00000000018f78f2,0x0000000001843cc7,0x00000000018f78f2,0x0000000001843cc7,0x00000000002406df,0x0000000000000b4d,0x00000000000052ac,0x0000000000000be0,0x0000000000008a2f,0x0000000000bbcc5a,0x00000000000015dc
1784427349321,0x00000000800057ae,0x0000000080018d90,0x0000000080007a7a,0x0000000000000000,0x00000000800191f0,0x0000000080018de0,0x0000000080018f50,0x000000008000f238,0x0000000000000006,0x0000000000000006,0x0000000080018f50,0x0000000000000001,0x0000000065cffe7b,0x0000000043f14ce4,0x0000000000000000,0x0000000065cfea78,0x000000000055dc95,0x3fedd0be6c4371a2,0x00000000800049aa,0x0000000000000000,0x4025772550fc5339,0x4129fe51658793de,0x4152076557f62b6b,0x8000000000000000,0x0000000000000000,0x0000000000000000,0x00000000800049aa,0x00000000019033cb,0x000000000184f790,0x00000000019033cb,0x000000000184f790,0x0000000000241633,0x0000000000000b56,0x00000000000052ac,0x0000000000000be0,0x0000000000008a57,0x0000000000bc26b7,0x00000000000015df
1784427350139,0x0000000080005820,0x0000000080018ed0,0x0000000080007a7a,0x000000000000000f,0x00000000800191f0,0x0000000080018f20,0x000000008000f238,0x0000000080019310,0x0000000000000006,0x0000000000000006,0x0000000000000002,0x000000000000000f,0x000000008000f201,0x3fe3e6e4c196e78b,0x0000000000000000,0x0000000039856f80,0x00000000007edd1c,0x3fedd0be6c4371a2,0x00000000800049ba,0x0000000000000000,0x414fe4a5a82de00d,0x4129fe528b923a2a,0x41520767ef141206,0x0000000000000000,0x0000000000000000,0x0000000000000000,0x00000000800049ba,0x000000000190f878,0x000000000185b670,0x000000000190f878,0x000000000185b670,0x0000000000242aa2,0x0000000000000b58,0x00000000000052af,0x0000000000000bed,0x0000000000008aa5,0x0000000000bc85a6,0x00000000000015e2
1784427350991,0x0000000080006260,0x0000000080019440,0x402a6014520d6113,0x0000000000000000,0x0000000000000000,0x0000000080019700,0x0000000080019698,0x00000000800194a0,0x000000008000f238,0x00000000800003f0,0x00000000800194a0,0x0000000080019698,0xffffffffad1df7fc,0x00000000271c2f3c,0x0000000000000000,0xffffffffad1474f8,0x00000000005f6525,0x3fedd0be6c4371a2,0x0000000080005b7e,0x0000000000000000,0x4017d94949c70bcf,0x4129fe528b923a2a,0x41520767ef141206,0x01a56e1fc2f8f359,0x3ff0000000000000,0x3ff0000000000000,0x0000000080005b7e,0x000000000191bbcb,0x000000000186796c,0x000000000191bbcb,0x000000000186796c,0x0000000000243a84,0x0000000000000b61,0x00000000000052af,0x0000000000000bed,0x0000000000008aea,0x0000000000bce4cf,0x00000000000015e5
1784427351832,0x0000000080005820,0x0000000080018ed0,0x0000000080007a7a,0x000000000000000f,0x00000000800191f0,0x0000000080018f20,0x000000008000f238,0x0000000080019310,0x0000000000000006,0x0000000000000006,0x0000000080019280,0x0000000000000003,0x000000008000f201,0x3fe5759a68d38bf5,0x0000000000000000,0xffffffffa060b8fe,0x000000000043df73,0x3fedd0be6c4371a2,0x00000000800049fc,0x0000000000000000,0x414fe4a880902de0,0x4129fe4a4617c1be,0x4152076bcf611340,0x0000000000000000,0x0000000000000000,0x0000000000000000,0x00000000800049fc,0x0000000001927f23,0x0000000001873734,0x0000000001927f23,0x0000000001873734,0x0000000000244ef5,0x0000000000000b63,0x00000000000052b1,0x0000000000000bf8,0x0000000000008b11,0x0000000000bd426a,0x00000000000015e8
1784427352675,0x0000000080006260,0x0000000080019230,0x402a6014520d6113,0x0000000000000000,0x0000000000000000,0x0000000080019440,0x0000000080019698,0x00000000800194a0,0x000000008000f238,0x00000000800003f0,0x00000000800194a0,0x0000000000000001,0xffffffffeb6ff57f,0xffffffffcc8e94be,0x0000000000000000,0xffffffffeb65e17e,0x0000000000515119,0x3fedd0be6c4371a2,0x0000000080005cfc,0x0000000000000000,0x403454467323a530,0x4129fe4a4617c1be,0x4152076bcf611340,0x01a56e1fc2f8f359,0x0000000000000000,0x0000000000000000,0x0000000080005cfc,0x0000000001935133,0x00000000018805d6,0x0000000001935133,0x00000000018805d6,0x0000000000246382,0x0000000000000b6c,0x00000000000052b1,0x0000000000000bf9,0x0000000000008b58,0x0000000000bdaa49,0x00000000000015eb
1784427353526,0x0000000080005850,0x0000000080018ed0,0x0000000080007a7a,0x000000000000000f,0x00000000800191f0,0x0000000080018f20,0x00000000800191f0,0x0000000080019310,0x0000000000000003,0x0000000000000006,0x00000000800191a8,0x00000000800191b0,0x000000008000f201,0x3feb3bfb0fa79ed5,0x0000000000000000,0xfffffffface5df80,0x0000000000516713,0x3fedd0be6c4371a2,0x00000000800049f0,0x0000000000000000,0x414fe49f4926e979,0x4129fe3f1c91d14e,0x415207630c2c3c9f,0x0000000000000000,0x0000000000000000,0x0000000000000000,0x00000000800049f0,0x0000000001941608,0x000000000188c7b6,0x0000000001941608,0x000000000188c7b6,0x0000000000247499,0x0000000000000b6e,0x00000000000052b3,0x0000000000000c03,0x0000000000008b86,0x0000000000be0676,0x00000000000015ee
1784427354375,0x00000000800056f8,0x0000000080019060,0x0000000080007a7a,0x000000000000000f,0x0000000080019430,0x00000000800190b0,0x0000000080019548,0x000000008000f238,0x0000000000000006,0x0000000000000006,0x0000000080019548,0x0000000080019578,0x000000008000f201,0x3fe58b2683279bcb,0x0000000000000000,0x000000000fb5168e,0x00000000005c5a7a,0x3fedd0be6c4371a2,0x00000000800049a4,0x0000000000000000,0x414fe4a194d35a86,0x4129fe4e213a92a3,0x4152076c1437b4a2,0x0000000000000000,0x0000000000000000,0x0000000000000000,0x00000000800049a4,0x000000000194e2a5,0x0000000001898fd5,0x000000000194e2a5,0x0000000001898fd5,0x0000000000248a0f,0x0000000000000b79,0x00000000000052b6,0x0000000000000c12,0x0000000000008bf2,0x0000000000be6c2a,0x00000000000015f1
1784427355165,0x000000008000519e,0x0000000080018e90,0x0000000080007a7a,0x0000000000000000,0x00000000800191f0,0x0000000080018ee0,0x0000000000000000,0x0000000050fc5339,0x000000003fe00000,0x4025772550fc5339,0x0000000080019118,0x0000000080019150,0x0000000065cffe7b,0x0000000043f14ce4,0x0000000000000000,0x0000000065cfea78,0x000000000055dc95,0x3fedd0be6c4371a2,0x0000000080005398,0x0000000000000000,0x4025772550fc5339,0x4129fe4e213a92a3,0x4152076c1437b4a2,0x0000000000000000,0x0000000000000000,0x3fa0c481d88c2013,0x0000000080005398,0x000000000195a9d8,0x00000000018a571a,0x000000000195a9d8,0x00000000018a571a,0x00000000002499ff,0x0000000000000b82,0x00000000000052b6,0x0000000000000c12,0x0000000000008c14,0x0000000000becccd,0x00000000000015f4
1784427355994,0x00000000800056f8,0x0000000080019060,0x0000000080007a7a,0x000000000000000f,0x0000000080019430,0x00000000800190b0,0x0000000080019548,0x000000008000f238,0x0000000000000006,0x0000000000000006,0x0000000000000000,0x0000000000000000,0x000000008000f201,0x3feb2c700b3e4b74,0x0000000000000000,0xffffffff8c1ebb38,0x00000000006fb9e6,0x3fedd0be6c4371a2,0x00000000800049b4,0x0000000000000000,0x414fe4a205fd8adb,0x4129fe5b15c28f5c,0x415207663be90ff9,0x0000000000000000,0x0000000000000000,0x0000000000000000,0x00000000800049b4,0x000000000196704b,0x00000000018b16d4,0x000000000196704b,0x00000000018b16d4,0x000000000024aef1,0x0000000000000b84,0x00000000000052b9,0x0000000000000c21,0x0000000000008c67,0x0000000000bf2bc3,0x00000000000015f7
1784427356854,0x00000000800058f2,0x0000000080018ed0,0x0000000080007a7a,0x0000000000000000,0x00000000800191f0,0x0000000080018f20,0x00000000800193a0,0x00000000800194a0,0x0000000000000006,0x0000000000000003,0x0000000000000001,0x0000000000000006,0x0000000065cffe7b,0x0000000043f14ce4,0x0000000000000000,0x0000000065cfea78,0x000000000055dc95,0x3fedd0be6c4371a2,0x000000008000496c,0x0000000000000000,0x4025772550fc5339,0x4129fe5b15c28f5c,0x415207663be90ff9,0x0000000000000000,0x0000000000000000,0x0000000000000000,0x000000008000496c,0x0000000001973c4a,0x00000000018be348,0x0000000001973c4a,0x00000000018be348,0x000000000024bf96,0x0000000000000b8d,0x00000000000052b9,0x0000000000000c21,0x0000000000008c92,0x0000000000bf8e8b,0x00000000000015fa
1784427357693,0x00000000800056f8,0x0000000080019060,0x0000000080007a7a,0x000000000000000f,0x0000000080019430,0x00000000800190b0,0x0000000080019548,0x000000008000f238,0x0000000000000006,0x0000000000000006,0x0000000000000005,0x000000000000001e,0x000000008000f201,0x3fe8d6513e3dd1ab,0x0000000000000000,0xfffffffff052884e,0x000000000067d50f,0x3fedd0be6c4371a2,0x0000000080004992,0x0000000000000000,0x414fe4a3c3f487fd,0x4129fe45bdb22d0e,0x4152076ceb4a233a,0x0000000000000000,0x0000000000000000,0x0000000000000000,0x0000000080004992,0x000000000197f64e,0x00000000018c96ef,0x000000000197f64e,0x00000000018c96ef,0x000000000024d343,0x0000000000000b8f,0x00000000000052bb,0x0000000000000c2c,0x0000000000008cd3,0x0000000000bfe836,0x00000000000015fd
1784427358541,0x00000000800058f2,0x0000000080018ed0,0x0000000080007a7a,0x0000000000000000,0x00000000800191f0,0x0000000080018f20,0x00000000800193a0,0x00000000800194a0,0x0000000000000006,0x0000000000000003,0x0000000000000001,0x0000000000000006,0x0000000065cffe7b,0x0000000043f14ce4,0x0000000000000000,0x0000000065cfea78,0x000000000055dc95,0x3fedd0be6c4371a2,0x0000000080004930,0x0000000000000000,0x4025772550fc5339,0x4129fe45bdb22d0e,0x4152076ceb4a233a,0x0000000000000000,0x0000000000000000,0x0000000000000000,0x0000000080004930,0x000000000198b022,0x00000000018d5179,0x000000000198b022,0x00000000018d5179,0x000000000024e26d,0x0000000000000b98,0x00000000000052bb,0x0000000000000c2c,0x0000000000008cfb,0x0000000000c04290,0x0000000000001600
1784427359398,0x0000000080005744,0x0000000080019060,0x0000000080007a7a,0x000000000000000f,0x00000000800191f0,0x00000000800190b0,0x0000000080019310,0x00000000800191f0,0x0000000000000006,0x0000000000000006,0x00000000800190d0,0x00000000800190e0,0x000000008000f201,0x3fee8cd9eb26a02e,0x0000000000000000,0x00000000297a3fe0,0x0000000000486236,0x3fedd0be6c4371a2,0x0000000080004984,0x0000000000000000,0x414fe4a2ee041893,0x4129fe4976d5cfab,0x4152076d17f62b6b,0x3fe185d1eca6d032,0x0000000000000000,0x0000000000000000,0x0000000080004984,0x000000000199776a,0x00000000018e12ca,0x000000000199776a,0x00000000018e12ca,0x000000000024f70c,0x0000000000000b9a,0x00000000000052bd,0x0000000000000c37,0x0000000000008d4e,0x0000000000c0a278,0x0000000000001603
1784427360227,0x00000000800058f2,0x0000000080018ed0,0x0000000080007a7a,0x0000000000000000,0x00000000800191f0,0x0000000080018f20,0x00000000800193a0,0x00000000800194a0,0x0000000000000006,0x0000000000000003,0x0000000000000005,0x000000000000001d,0x0000000065cffe7b,0x0000000043f14ce4,0x0000000000000000,0x0000000065cfea78,0x000000000055dc95,0x3fedd0be6c4371a2,0x00000000800049e4,0x0000000000000000,0x4025772550fc5339,0x4129fe4976d5cfab,0x4152076d17f62b6b,0x0000000000000000,0x0000000000000000,0x0000000000000000,0x00000000800049e4,0x00000000019a393c,0x00000000018ed49a,0x00000000019a393c,0x00000000018ed49a,0x00000000002506fc,0x0000000000000ba3,0x00000000000052bd,0x0000000000000c37,0x0000000000008d6b,0x0000000000c10039,0x0000000000001606
1784427361084,0x0000000080005744,0x0000000080019060,0x0000000080007a7a,0x000000000000000f,0x00000000800191f0,0x00000000800190b0,0x0000000080019310,0x00000000800191f0,0x0000000000000006,0x0000000000000006,0x0000000000000003,0x0000000000000012,0x000000008000f201,0x3ff1b7758f2e6f19,0x0000000000000000,0xfffffffffd9d0e9e,0x000000000045b916,0x3fedd0be6c4371a2,0x00000000800049ba,0x0000000000000000,0x414fe4a31bc01a37,0x4129fe535f972474,0x4152076745288ce7,0x3fe185d1eca6d032,0x0000000000000000,0x0000000000000000,0x00000000800049ba,0x00000000019b01a0,0x00000000018f96fc,0x00000000019b01a0,0x00000000018f96fc,0x0000000000251bb4,0x0000000000000ba5,0x00000000000052c0,0x0000000000000c46,0x0000000000008db1,0x0000000000c160bf,0x0000000000001609
1784427361918,0x00000000800057ae,0x0000000080018d90,0x0000000080007a7a,0x0000000000000000,0x00000000800191f0,0x0000000080018de0,0x0000000080018f50,0x000000008000f238,0x0000000000000006,0x0000000000000006,0x0000000000000006,0x0000000000000001,0x0000000065cffe7b,0x0000000043f14ce4,0x0000000000000000,0x0000000065cfea78,0x000000000055dc95,0x3fedd0be6c4371a2,0x0000000080004a1c,0x0000000000000000,0x4025772550fc5339,0x4129fe535f972474,0x4152076745288ce7,0x8000000000000000,0x0000000000000000,0x0000000000000000,0x0000000080004a1c,0x00000000019bce88,0x000000000190646d,0x00000000019bce88,0x000000000190646d,0x0000000000252c7e,0x0000000000000bae,0x00000000000052c0,0x0000000000000c46,0x0000000000008dca,0x0000000000c1c3f3,0x000000000000160c
1784427362749,0x0000000080005744,0x0000000080019060,0x0000000080007a7a,0x000000000000000f,0x00000000800191f0,0x00000000800190b0,0x0000000080019310,0x00000000800191f0,0x0000000000000006,0x0000000000000006,0x0000000000000000,0x0000000000000018,0x000000008000f201,0x3ff032d44618d166,0x0000000000000000,0x0000000017338000,0x00000000006097bd,0x3fedd0be6c4371a2,0x00000000800049e4,0x0000000000000000,0x414fe4a03d2bd3c3,0x4129fe40c978d4fe,0x415207675cd013a9,0x3ff117a2f91bc7b6,0x0000000000000000,0x0000000000000000,0x00000000800049e4,0x00000000019c85af,0x0000000001911565,0x00000000019c85af,0x0000000001911565,0x0000000000253fe2,0x0000000000000bb0,0x00000000000052c3,0x0000000000000c53,0x0000000000008e15,0x0000000000c21c59,0x000000000000160f
1784427363591,0x00000000800057ae,0x0000000080018d90,0x0000000080007a7a,0x0000000000000000,0x00000000800191f0,0x0000000080018de0,0x0000000080018f50,0x000000008000f238,0x0000000000000006,0x0000000000000006,0x0000000000000005,0x0000000000000011,0x0000000065cffe7b,0x0000000043f14ce4,0x0000000000000000,0x0000000065cfea78,0x000000000055dc95,0x3fedd0be6c4371a2,0x00000000800049e4,0x0000000000000000,0x4025772550fc5339,0x4129fe40c978d4fe,0x415207675cd013a9,0x8000000000000000,0x0000000000000000,0x8000000000000000,0x00000000800049e4,0x00000000019d4be5,0x000000000191dc1d,0x00000000019d4be5,0x000000000191dc1d,0x000000000025501e,0x0000000000000bb9,0x00000000000052c3,0x0000000000000c53,0x0000000000008e31,0x0000000000c27c64,0x0000000000001612
1784427364445,0x000000008000575e,0x0000000080019070,0x0000000080007a7a,0x000000000000000f,0x00000000800191f0,0x00000000800190b0,0x00000000800190d0,0x00000000800002d0,0x000000008000f238,0x0000000000000006,0x000000008000f238,0x0000000000000006,0x000000008000f201,0x3fed91d6333aa0e1,0x0000000000000000,0xffffffffe4f25538,0x000000000054d698,0x3fedd0be6c4371a2,0x0000000080004c6e,0x0000000000000000,0x414fe4a5ee2b6ae8,0x4129fe52d4e3bcd3,0x4152076788504817,0x3fc17a1e17d07729,0x0000000000000000,0x0000000000000000,0x0000000080004c6e,0x00000000019e1174,0x0000000001929b1e,0x00000000019e1174,0x0000000001929b1e,0x00000000002564ab,0x0000000000000bbb,0x00000000000052c5,0x0000000000000c5e,0x0000000000008e87,0x0000000000c2db65,0x0000000000001615
1784427365291,0x00000000800057ae,0x0000000080018d90,0x0000000080007a7a,0x0000000000000000,0x00000000800191f0,0x0000000080018de0,0x0000000080018f50,0x000000008000f238,0x0000000000000006,0x0000000000000006,0x0000000000000003,0x0000000000000006,0x0000000065cffe7b,0x0000000043f14ce4,0x0000000000000000,0x0000000065cfea78,0x000000000055dc95,0x3fedd0be6c4371a2,0x00000000800049b0,0x0000000000000000,0x4025772550fc5339,0x4129fe52d4e3bcd3,0x4152076788504817,0x8000000000000000,0x0000000000000000,0x0000000000000000,0x00000000800049b0,0x00000000019ed24d,0x0000000001935c9b,0x00000000019ed24d,0x0000000001935c9b,0x0000000000257477,0x0000000000000bc4,0x00000000000052c5,0x0000000000000c5e,0x0000000000008e9c,0x0000000000c338f4,0x0000000000001618
1784427366156,0x0000000080005820,0x0000000080018ed0,0x0000000080007a7a,0x000000000000000f,0x00000000800191f0,0x0000000080018f20,0x000000008000f238,0x0000000080019310,0x0000000000000006,0x0000000000000006,0x0000000000000001,0x0000000000000003,0x000000008000f201,0x3feb0ad1c1ffa22c,0x0000000000000000,0xffffffff94e19fde,0x0000000000474b18,0x3fedd0be6c4371a2,0x00000000800049e0,0x0000000000000000,0x414fe4a430a71de7,0x4129fe45213a92a3,0x4152076b8a00d1b7,0x0000000000000000,0x0000000000000000,0x0000000000000000,0x00000000800049e0,0x00000000019f9380,0x00000000019417d6,0x00000000019f9380,0x00000000019417d6,0x0000000000258894,0x0000000000000bc6,0x00000000000052c7,0x0000000000000c69,0x0000000000008eef,0x0000000000c39640,0x000000000000161c
1784427366983,0x0000000080006260,0x0000000080019230,0x402a6014520d6113,0x0000000000000000,0x0000000000000000,0x0000000080019440,0x0000000080019698,0x00000000800194a0,0x000000008000f238,0x00000000800003f0,0x0000000000000005,0x0000000000000005,0x000000002ef5cf00,0x000000002db410a0,0x0000000000000000,0x000000002ef5ce00,0x000000000050011e,0x3fedd0be6c4371a2,0x0000000080005bde,0x0000000000000000,0x402400478b6d0428,0x4129fe45213a92a3,0x4152076b8a00d1b7,0x01a56e1fc2f8f359,0x0000000000000000,0x0000000000000000,0x0000000080005bde,0x0000000001a05def,0x000000000194e18b,0x0000000001a05def,0x000000000194e18b,0x00000000002599b6,0x0000000000000bcf,0x00000000000052c7,0x0000000000000c69,0x0000000000008f21,0x0000000000c3f907,0x000000000000161f
1784427367841,0x0000000080005820,0x0000000080018ed0,0x0000000080007a7a,0x000000000000000f,0x00000000800191f0,0x0000000080018f20,0x000000008000f238,0x0000000080019310,0x0000000000000006,0x0000000000000006,0x0000000080019280,0x0000000000000003,0x000000008000f201,0x3fed5fe1623d7c90,0x0000000000000000,0x000000002a0952fe,0x00000000007578a3,0x3fedd0be6c4371a2,0x00000000800049f8,0x0000000000000000,0x414fe4a1287fcb92,0x4129fe45d6c8b439,0x41520769fa76c8b4,0x0000000000000000,0x0000000000000000,0x0000000000000000,0x00000000800049f8,0x0000000001a11861,0x00000000019596d7,0x0000000001a11861,0x00000000019596d7,0x000000000025accf,0x0000000000000bd1,0x00000000000052ca,0x0000000000000c78,0x0000000000008f4c,0x0000000000c451fb,0x0000000000001622
1784427368686,0x00000000800057ae,0x0000000080018d90,0x0000000080007a7a,0x0000000000000000,0x00000000800191f0,0x0000000080018de0,0x0000000080018f50,0x000000008000f238,0x0000000000000006,0x0000000000000006,0x0000000000000005,0x0000000000000006,0x0000000065cffe7b,0x0000000043f14ce4,0x0000000000000000,0x0000000065cfea78,0x000000000055dc95,0x3fedd0be6c4371a2,0x000000008000496c,0x0000000000000000,0x4025772550fc5339,0x4129fe45d6c8b439,0x41520769fa76c8b4,0xbf8314f4c02b2a00,0x0000000000000000,0xbfc21df5220de7cb,0x000000008000496c,0x0000000001a1c806,0x0000000001964683,0x0000000001a1c806,0x0000000001964683,0x000000000025bb42,0x0000000000000bda,0x00000000000052ca,0x0000000000000c78,0x0000000000008f72,0x0000000000c4a71c,0x0000000000001625
1784427369505,0x0000000080005820,0x0000000080018ed0,0x0000000080007a7a,0x000000000000000f,0x00000000800191f0,0x0000000080018f20,0x000000008000f238,0x0000000080019310,0x0000000000000006,0x0000000000000006,0x0000000080019280,0x00000000800192e0,0x000000008000f201,0x3fed43a41d5748b7,0x0000000000000000,0x000000007dedacb8,0x00000000007ae7dc,0x3fedd0be6c4371a2,0x00000000800049f0,0x0000000000000000,0x414fe4a21c1bda51,0x4129fe4a5ce075f7,0x41520768ff9db22d,0x0000000000000000,0x0000000000000000,0x0000000000000000,0x00000000800049f0,0x0000000001a28b2f,0x0000000001970447,0x0000000001a28b2f,0x0000000001970447,0x000000000025cf92,0x0000000000000bdc,0x00000000000052cd,0x0000000000000c87,0x0000000000008fbe,0x0000000000c50598,0x0000000000001628
1784427370356,0x0000000080006260,0x0000000080019230,0x402a6014520d6113,0x0000000000000000,0x0000000000000000,0x0000000080019440,0x0000000080019698,0x00000000800194a0,0x000000008000f238,0x00000000800003f0,0x0000000000000001,0x0000000000000006,0x00000000466dffe1,0xffffffffb3abf320,0x0000000000000000,0x00000000462d1e00,0x000000000059a163,0x3fedd0be6c4371a2,0x0000000080005bc4,0x0000000000000000,0x40166858eceafcc8,0x4129fe4a5ce075f7,0x41520768ff9db22d,0x01a56e1fc2f8f359,0x4012207dfca3cb69,0x4012207dfca3cb69,0x0000000080005bc4,0x0000000001a34edd,0x000000000197c677,0x0000000001a34edd,0x000000000197c677,0x000000000025e09f,0x0000000000000be5,0x00000000000052cd,0x0000000000000c87,0x0000000000009004,0x0000000000c5655f,0x000000000000162b
1784427371182,0x000000008000583a,0x0000000080018ed0,0x0000000080007a7a,0x000000000000000f,0x00000000800191f0,0x0000000080018f20,0x00000000800194a0,0x000000008000f238,0x0000000000000003,0x0000000000000006,0x0000000000000001,0x0000000000000006,0x000000008000f201,0x3febba2891f148c1,0x0000000000000000,0x000000003714378e,0x000000000056d616,0x3fedd0be6c4371a2,0x000000008000498e,0x0000000000000000,0x414fe4a2e46dc5d6,0x4129fe5b64c2f838,0x4152076689205bc0,0x0000000000000000,0x0000000000000000,0x0000000000000000,0x000000008000498e,0x0000000001a413c6,0x00000000019886a1,0x0000000001a413c6,0x00000000019886a1,0x000000000025f407,0x0000000000000be7,0x00000000000052cf,0x0000000000000c91,0x000000000000902c,0x0000000000c5c308,0x000000000000162e
1784427371999,0x0000000080006260,0x0000000080019230,0x402a6014520d6113,0x0000000000000000,0x0000000000000000,0x0000000080019440,0x0000000080019698,0x00000000800194a0,0x000000008000f238,0x00000000800003f0,0x0000000000000000,0x0000000000000000,0x000000001b7b52bf,0x000000003b7d2dcc,0x0000000000000000,0x000000001b4b52b8,0x0000000000496e84,0x3fedd0be6c4371a2,0x0000000080005cc6,0x0000000000000000,0x40325ba10edf4b73,0x4129fe5b64c2f838,0x4152076689205bc0,0x01a56e1fc2f8f359,0x0000000000000000,0x4012207dfca3cb69,0x0000000080005cc6,0x0000000001a4d0f6,0x0000000001994140,0x0000000001a4d0f6,0x0000000001994140,0x00000000002605e4,0x0000000000000bf0,0x00000000000052cf,0x0000000000000c91,0x0000000000009076,0x0000000000c62073,0x0000000000001631
1784427372820,0x000000008000583a,0x0000000080018ed0,0x0000000080007a7a,0x000000000000000f,0x00000000800191f0,0x0000000080018f20,0x00000000800194a0,0x000000008000f238,0x0000000000000003,0x0000000000000006,0x0000000000000004,0x000000000000000c,0x000000008000f201,0x3fe7327fc5967148,0x0000000000000000,0x0000000039b80000,0x0000000000547aca,0x3fedd0be6c4371a2,0x0000000080004998,0x0000000000000000,0x414fe49997212d77,0x4129fe61725460aa,0x4152076826075f70,0x0000000000000000,0x0000000000000000,0x0000000000000000,0x0000000080004998,0x0000000001a59b9e,0x00000000019a0817,0x0000000001a59b9e,0x00000000019a0817,0x0000000000261875,0x0000000000000bf2,0x00000000000052d1,0x0000000000000c9b,0x000000000000909c,0x0000000000c68009,0x0000000000001634
1784427373639,0x00000000800056f8,0x0000000080019060,0x0000000080007a7a,0x000000000000000f,0x0000000080019430,0x00000000800190b0,0x0000000080019548,0x000000008000f238,0x0000000000000006,0x0000000000000006,0x0000000000000001,0x0000000000000006,0x000000008000f201,0x3fe4f8dff69b75cb,0x0000000000000000,0xffffffffb99347ce,0x00000000007f89b1,0x3fedd0be6c4371a2,0x000000008000498e,0x0000000000000000,0x414fe49eb4ed9168,0x4129fe5122a9930c,0x41520767e8b923a3,0x0000000000000000,0x0000000000000000,0x0000000000000000,0x000000008000498e,0x0000000001a66c38,0x00000000019ad40d,0x0000000001a66c38,0x00000000019ad40d,0x0000000000262e39,0x0000000000000bfd,0x00000000000052d4,0x0000000000000ca9,0x000000000000910d,0x0000000000c6e799,0x0000000000001637
1784427374504,0x000000008000519e,0x0000000080018e40,0x0000000080007a7a,0x000000000000000f,0x00000000800191f0,0x0000000080018e90,0x0000000080019160,0x0000000080019118,0x0000000080018ef8,0x0000000080019118,0x00000000800191a0,0x0000000000000003,0x000000008000f201,0x3fe4f8dff69b75cb,0x0000000000000000,0xffffffffb99347ce,0x00000000007f89b1,0x3fedd0be6c4371a2,0x0000000080004fd4,0x0000000000000000,0x414fe49eb4ed9168,0x4129fe5122a9930c,0x41520767e8b923a3,0x3ff12c1dda6375ca,0x402e61c980105fa6,0x405ccc3930020bf5,0x0000000080004fd4,0x0000000001a723a3,0x00000000019b8a46,0x0000000001a723a3,0x00000000019b8a46,0x0000000000263cda,0x0000000000000bfd,0x00000000000052d4,0x0000000000000ca9,0x0000000000009119,0x0000000000c73d71,0x000000000000163a
1784427375321,0x00000000800056f8,0x0000000080019060,0x0000000080007a7a,0x000000000000000f,0x0000000080019430,0x00000000800190b0,0x0000000080019548,0x000000008000f238,0x0000000000000006,0x0000000000000006,0x0000000000000005,0x0000000000000005,0x000000008000f201,0x3fe28f3baef7559c,0x0000000000000000,0x000000005bb8f800,0x00000000006510d9,0x3fedd0be6c4371a2,0x000000008000499c,0x0000000000000000,0x414fe4a1f449ba5e,0x4129fe403f487fcc,0x41520768a08b4396,0x0000000000000000,0x0000000000000000,0x0000000000000000,0x000000008000499c,0x0000000001a7d7a0,0x00000000019c3a09,0x0000000001a7d7a0,0x00000000019c3a09,0x0000000000265068,0x0000000000000c08,0x00000000000052d7,0x0000000000000cb5,0x000000000000916f,0x0000000000c7979a,0x0000000000001640
1784427376136,0x0000000080009fc2,0x0000000080018dc0,0x0000000080007a7a,0x0000000000200000,0x00000000800191f0,0x0000000080018e40,0x0000000000400000,0x0000000000100000,0x00000000003a23e8,0x0000000000000002,0x0000000000200000,0xffffffffe4790c08,0x0000000000000000,0x0000000000000015,0x0000000000000000,0x000000005bb8f800,0x00000000006510d9,0x3fedd0be6c4371a2,0x000000008000a0b6,0x403e88fa391e4302,0x403e88fa391e4302,0x4129fe403f487fcc,0x41520768a08b4396,0x3ff12c1dda6375ca,0x0000000000000000,0x403e88fa391e4302,0x000000008000a0b6,0x0000000001a899e7,0x00000000019cfad8,0x0000000001a899e7,0x00000000019cfad8,0x0000000000265fe3,0x0000000000000c08,0x00000000000052d7,0x0000000000000cb5,0x0000000000009179,0x0000000000c7f270,0x0000000000001643
1784427376926,0x00000000800056f8,0x0000000080019060,0x0000000080007a7a,0x000000000000000f,0x0000000080019430,0x00000000800190b0,0x0000000080019548,0x000000008000f238,0x0000000000000006,0x0000000000000006,0x000000008000f238,0x000000008000f340,0x000000008000f201,0x3fe12600b888fffb,0x0000000000000000,0xffffffff8d8b81e0,0x00000000007f4146,0x3fedd0be6c4371a2,0x00000000800049c6,0x0000000000000000,0x414fe49be5ab9f56,0x4129fe5b628f5c29,0x41520768b08e8a72,0x0000000000000000,0x3fb85cd8e2c41b82,0x3fb85cd8e2c41b82,0x00000000800049c6,0x0000000001a96af6,0x00000000019dc772,0x0000000001a96af6,0x00000000019dc772,0x00000000002675d0,0x0000000000000c13,0x00000000000052d9,0x0000000000000cbf,0x00000000000091d4,0x0000000000c85a52,0x0000000000001646
1784427377740,0x00000000800058f2,0x0000000080018ed0,0x0000000080007a7a,0x0000000000000000,0x00000000800191f0,0x0000000080018f20,0x00000000800193a0,0x00000000800194a0,0x0000000000000006,0x0000000000000003,0x0000000000000001,0x0000000000000006,0x0000000065cffe7b,0x0000000043f14ce4,0x0000000000000000,0x0000000065cfea78,0x000000000055dc95,0x3fedd0be6c4371a2,0x0000000080004970,0x0000000000000000,0x4025772550fc5339,0x4129fe5b628f5c29,0x41520768b08e8a72,0x0000000000000000,0x0000000000000000,0x0000000000000000,0x0000000080004970,0x0000000001aa3a21,0x00000000019e974a,0x0000000001aa3a21,0x00000000019e974a,0x00000000002686bb,0x0000000000000c1c,0x00000000000052d9,0x0000000000000cbf,0x00000000000091f6,0x0000000000c8beaf,0x0000000000001649
1784427378580,0x0000000080005744,0x0000000080019060,0x0000000080007a7a,0x000000000000000f,0x00000000800191f0,0x00000000800190b0,0x0000000080019310,0x00000000800191f0,0x0000000000000006,0x0000000000000006,0x0000000080019310,0x0000000080019320,0x000000008000f201,0x3fdfad3572c06d8f,0x0000000000000000,0x000000001eb95d9e,0x0000000000672021,0x3fedd0be6c4371a2,0x00000000800049a6,0x0000000000000000,0x414fe4a15d638866,0x4129fe59bac710cb,0x4152076681f3b646,0x0000000000000000,0x0000000000000000,0x0000000000000000,0x00000000800049a6,0x0000000001ab03b3,0x00000000019f5b49,0x0000000001ab03b3,0x00000000019f5b49,0x0000000000269b8a,0x0000000000000c1e,0x00000000000052db,0x0000000000000cc9,0x0000000000009243,0x0000000000c91ff1,0x000000000000164c
1784427379409,0x00000000800058f2,0x0000000080018ed0,0x0000000080007a7a,0x0000000000000000,0x00000000800191f0,0x0000000080018f20,0x00000000800193a0,0x00000000800194a0,0x0000000000000006,0x0000000000000003,0x00000000800193a0,0x0000000000000088,0x0000000065cffe7b,0x0000000043f14ce4,0x0000000000000000,0x0000000065cfea78,0x000000000055dc95,0x3fedd0be6c4371a2,0x00000000800049a2,0x0000000000000000,0x4025772550fc5339,0x4129fe59bac710cb,0x4152076681f3b646,0x0000000000000000,0x0000000000000000,0x0000000000000000,0x00000000800049a2,0x0000000001abc639,0x0000000001a01dd7,0x0000000001abc639,0x0000000001a01dd7,0x000000000026ab88,0x0000000000000c27,0x00000000000052db,0x0000000000000cc9,0x0000000000009266,0x0000000000c97e07,0x000000000000164f
1784427380206,0x0000000080005744,0x0000000080019060,0x0000000080007a7a,0x000000000000000f,0x00000000800191f0,0x00000000800190b0,0x0000000080019310,0x00000000800191f0,0x0000000000000006,0x0000000000000006,0x0000000080019310,0x0000000000000088,0x000000008000f201,0x3fd7e6ea7cb24c60,0x0000000000000000,0x000000001c8fd3e0,0x00000000005ff2fd,0x3fedd0be6c4371a2,0x00000000800049a2,0x0000000000000000,0x414fe49dbb71758e,0x4129fe52d0624dd3,0x41520769c257a787,0x0000000000000000,0x0000000000000000,0x0000000000000000,0x00000000800049a2,0x0000000001ac8cf9,0x0000000001a0de88,0x0000000001ac8cf9,0x0000000001a0de88,0x000000000026c01c,0x0000000000000c29,0x00000000000052de,0x0000000000000cd7,0x00000000000092b6,0x0000000000c9ddd9,0x0000000000001652
1784427381014,0x00000000800057ae,0x0000000080018d90,0x0000000080007a7a,0x0000000000000000,0x00000000800191f0,0x0000000080018de0,0x0000000080018f50,0x000000008000f238,0x0000000000000006,0x0000000000000006,0x0000000080018df0,0x0000000000000020,0x0000000065cffe7b,0x0000000043f14ce4,0x0000000000000000,0x0000000065cfea78,0x000000000055dc95,0x3fedd0be6c4371a2,0x00000000800049ea,0x0000000000000000,0x4025772550fc5339,0x4129fe52d0624dd3,0x41520769c257a787,0x3fea330ae25af21c,0x0000000000000000,0x0000000000000000,0x00000000800049ea,0x0000000001ad48dc,0x0000000001a19b32,0x0000000001ad48dc,0x0000000001a19b32,0x000000000026cf81,0x0000000000000c32,0x00000000000052de,0x0000000000000cd7,0x00000000000092d1,0x0000000000ca3926,0x0000000000001655
1784427381654,0x0000000080005744,0x0000000080019060,0x0000000080007a7a,0x000000000000000f,0x00000000800191f0,0x00000000800190b0,0x0000000080019310,0x00000000800191f0,0x0000000000000006,0x0000000000000006,0x00000000800190d0,0x0000000000000003,0x000000008000f201,0x3fd8af876157c982,0x0000000000000000,0x0000000051d5121e,0x000000000050eb0b,0x3fedd0be6c4371a2,0x0000000080004a00,0x0000000000000000,0x414fe49d94b295ea,0x4129fe53ba6b50b1,0x4152076c105d6388,0x0000000000000000,0x0000000000000000,0x0000000000000000,0x0000000080004a00,0x0000000001ae18e7,0x0000000001a26524,0x0000000001ae18e7,0x0000000001a26524,0x000000000026e4f6,0x0000000000000c34,0x00000000000052e1,0x0000000000000ce5,0x0000000000009311,0x0000000000ca9d50,0x0000000000001658
1784427382513,0x00000000800057ae,0x0000000080018d90,0x0000000080007a7a,0x0000000000000000,0x00000000800191f0,0x0000000080018de0,0x0000000080018f50,0x000000008000f238,0x0000000000000006,0x0000000000000006,0x0000000000000002,0x0000000000000006,0x0000000065cffe7b,0x0000000043f14ce4,0x0000000000000000,0x0000000065cfea78,0x000000000055dc95,0x3fedd0be6c4371a2,0x00000000800049d6,0x0000000000000000,0x4025772550fc5339,0x4129fe53ba6b50b1,0x4152076c105d6388,0x8000000000000000,0x4012207dfca3cb69,0x8000000000000000,0x00000000800049d6,0x0000000001aece6d,0x0000000001a31b78,0x0000000001aece6d,0x0000000001a31b78,0x000000000026f3d2,0x0000000000000c3d,0x00000000000052e1,0x0000000000000ce5,0x000000000000932d,0x0000000000caf5a3,0x000000000000165b
1784427383356,0x000000008000575e,0x0000000080019070,0x0000000080007a7a,0x000000000000000f,0x00000000800191f0,0x00000000800190b0,0x00000000800190d0,0x00000000800002d0,0x000000008000f238,0x0000000000000006,0x0000000000000003,0x0000000000000006,0x000000008000f201,0x3fdea22525367f35,0x0000000000000000,0x00000000196c983e,0x0000000000484694,0x3fedd0be6c4371a2,0x0000000080004c04,0x0000000000000000,0x414fe49c14faacda,0x4129fe49bf8a0903,0x4152076b9303afb8,0x3fc17a1e17d07729,0x0000000000000000,0x0000000000000000,0x0000000080004c04,0x0000000001af97db,0x0000000001a3de77,0x0000000001af97db,0x0000000001a3de77,0x00000000002708b3,0x0000000000000c3f,0x00000000000052e3,0x0000000000000cef,0x0000000000009375,0x0000000000cb5685,0x000000000000165e
1784427384190,0x0000000080009fc2,0x0000000080019420,0x402a6014520d6113,0x0000000020000000,0x0000000000000000,0x0000000080019700,0x000000000042c835,0xffffffffc0000000,0x000000000014f5bc,0x0000000000000003,0x000000000021641a,0x0000000064000000,0x000000000014f5bc,0xffffffff80000000,0x000000000000001e,0x0000000064000000,0x000000000042c835,0x3fedd0be6c4371a2,0x000000008000a13e,0x40516bd8341e0c72,0x40516bd8341e0c72,0x4129fe49bf8a0903,0x4152076b9303afb8,0x3ff0000000000000,0x403ef9f947d46f6e,0x40516bd8341e0c72,0x000000008000a13e,0x0000000001b067cf,0x0000000001a4ae3d,0x0000000001b067cf,0x0000000001a4ae3d,0x00000000002719aa,0x0000000000000c48,0x00000000000052e3,0x0000000000000cef,0x00000000000093a6,0x0000000000cbbb1a,0x0000000000001661
1784427384974,0x0000000080005820,0x0000000080018ed0,0x0000000080007a7a,0x000000000000000f,0x00000000800191f0,0x0000000080018f20,0x000000008000f238,0x0000000080019310,0x0000000000000006,0x0000000000000006,0x0000000000000001,0x0000000000000006,0x000000008000f201,0x3fe12bf40570abd6,0x0000000000000000,0x0000000078d33278,0x000000000047360d,0x3fedd0be6c4371a2,0x00000000800049ba,0x0000000000000000,0x414fe49db54fdf3b,0x4129fe4c32b020c5,0x415207675bec56d6,0x3fe1aec7af362c5b,0x0000000000000000,0x0000000000000000,0x00000000800049ba,0x0000000001b123a0,0x0000000001a5649f,0x0000000001b123a0,0x0000000001a5649f,0x0000000000272d62,0x0000000000000c4a,0x00000000000052e5,0x0000000000000cf9,0x00000000000093e6,0x0000000000cc15b1,0x0000000000001664
1784427385796,0x0000000080009fc2,0x0000000080019420,0x402a6014520d6113,0x0000000000500000,0x0000000000000000,0x0000000080019700,0x0000000000600000,0x0000000000080000,0x00000000001a9279,0x0000000000000003,0x0000000000300000,0xffffffff94748c50,0x0000000000000001,0x0000000000000014,0x0000000000000000,0x0000000000000000,0x0000000000000000,0x3fedd0be6c4371a2,0x000000008000a0dc,0x4063a927994748c5,0x4063a927994748c5,0x4129fe4c32b020c5,0x415207675bec56d6,0x3ff0000000000000,0x402ac0366a6ff2ec,0x4063a927994748c5,0x000000008000a0dc,0x0000000001b1dcb1,0x0000000001a61d7f,0x0000000001b1dcb1,0x0000000001a61d7f,0x0000000000273ca5,0x0000000000000c53,0x00000000000052e5,0x0000000000000cf9,0x00000000000093fd,0x0000000000cc6f24,0x0000000000001667
1784427386653,0x000000008000583a,0x0000000080018ed0,0x0000000080007a7a,0x000000000000000f,0x00000000800191f0,0x0000000080018f20,0x00000000800194a0,0x000000008000f238,0x0000000000000003,0x0000000000000006,0x0000000000000006,0x0000000000000006,0x000000008000f201,0x3fdb309dbe522c3c,0x0000000000000000,0xffffffff9c4fd2f8,0x00000000004f189a,0x3fedd0be6c4371a2,0x0000000080004a0a,0x0000000000000000,0x414fe4a12b2ca57a,0x4129fe48385f06f7,0x4152076af758e219,0x0000000000000000,0x0000000000000000,0x0000000000000000,0x0000000080004a0a,0x0000000001b2aeb3,0x0000000001a6e9c5,0x0000000001b2aeb3,0x0000000001a6e9c5,0x0000000000275210,0x0000000000000c55,0x00000000000052e8,0x0000000000000d07,0x000000000000944e,0x0000000000ccd482,0x000000000000166b
1784427387476,0x0000000080006260,0x0000000080019230,0x402a6014520d6113,0x0000000000000000,0x0000000000000000,0x0000000080019440,0x0000000080019698,0x00000000800194a0,0x000000008000f238,0x00000000800003f0,0x0000000000000002,0x0000000000000010,0xffffffffba4ffdfa,0xffffffffa7f74b3c,0x0000000000000000,0xffffffffba0de4f8,0x0000000000584ae4,0x3fedd0be6c4371a2,0x0000000080005cb8,0x0000000000000000,0x402612b929fdd2cf,0x4129fe48385f06f7,0x4152076af758e219,0x01a56e1fc2f8f359,0x0000000000000000,0x0000000000000000,0x0000000080005cb8,0x0000000001b36e1c,0x0000000001a7a6b0,0x0000000001b36e1c,0x0000000001a7a6b0,0x000000000027644d,0x0000000000000c5e,0x00000000000052e8,0x0000000000000d07,0x0000000000009492,0x0000000000cd3337,0x000000000000166e
1784427388300,0x000000008000583a,0x0000000080018ed0,0x0000000080007a7a,0x000000000000000f,0x00000000800191f0,0x0000000080018f20,0x00000000800194a0,0x000000008000f238,0x0000000000000003,0x0000000000000006,0x0000000000000000,0x000000000000000c,0x000000008000f201,0x3fdd548e8cb05b5c,0x0000000000000000,0xfffffffff267e81e,0x00000000004204a4,0x3fedd0be6c4371a2,0x00000000800049e4,0x0000000000000000,0x414fe49c5de353f8,0x4129fe4ad8adab9f,0x4152076ad822680a,0x0000000000000000,0x0000000000000000,0x0000000000000000,0x00000000800049e4,0x0000000001b42edc,0x0000000001a863a9,0x0000000001b42edc,0x0000000001a863a9,0x00000000002775d0,0x0000000000000c60,0x00000000000052e9,0x0000000000000d0c,0x00000000000094bc,0x0000000000cd8df9,0x0000000000001671
1784427389161,0x0000000080006260,0x0000000080019230,0x402a6014520d6113,0x0000000000000000,0x0000000000000000,0x0000000080019440,0x0000000080019698,0x00000000800194a0,0x000000008000f238,0x00000000800003f0,0x0000000000000002,0x0000000000000004,0xffffffffcfafadbe,0x00000000192ceb0e,0x0000000000000000,0xffffffffcfaea59e,0x000000000070c8d0,0x3fedd0be6c4371a2,0x0000000080005bbe,0x0000000000000000,0x400c3234064b3ac4,0x4129fe4ad8adab9f,0x4152076ad822680a,0x01a56e1fc2f8f359,0x402a6014520d6113,0x0000000000000000,0x0000000080005bbe,0x0000000001b4e09a,0x0000000001a91349,0x0000000001b4e09a,0x0000000001a91349,0x0000000000278686,0x0000000000000c69,0x00000000000052e9,0x0000000000000d0c,0x00000000000094f8,0x0000000000cde5ed,0x0000000000001674
1784427389951,0x0000000080005850,0x0000000080018ed0,0x0000000080007a7a,0x000000000000000f,0x00000000800191f0,0x0000000080018f20,0x00000000800191f0,0x0000000080019310,0x0000000000000003,0x0000000000000006,0x0000000000000002,0x0000000000000000,0x000000008000f201,0x3fde9fd3dd2c5ac6,0x0000000000000000,0xffffffffca4663b8,0x000000000047fcf3,0x3fedd0be6c4371a2,0x00000000800049e0,0x0000000000000000,0x414fe49a04d9e83e,0x4129fe4da624dd2f,0x4152076d9e1ff2e5,0x401623e8e4790c0a,0x0000000000000000,0x0000000000000000,0x00000000800049e0,0x0000000001b5b198,0x0000000001a9e039,0x0000000001b5b198,0x0000000001a9e039,0x00000000002799cf,0x0000000000000c6b,0x00000000000052e9,0x0000000000000d0c,0x0000000000009525,0x0000000000ce48b3,0x0000000000001677
1784427390792,0x00000000800056f8,0x0000000080019060,0x0000000080007a7a,0x000000000000000f,0x0000000080019430,0x00000000800190b0,0x0000000080019548,0x000000008000f238,0x0000000000000006,0x0000000000000006,0x0000000080019310,0x0000000000000002,0x000000008000f201,0x3fe309edc2f1f936,0x0000000000000000,0x00000000206f590e,0x00000000006fb75d,0x3fedd0be6c4371a2,0x0000000080004a00,0x0000000000000000,0x414fe49cb7d566cf,0x4129fe50c9ba5e35,0x4152076c016872b0,0x3ff0000000000000,0x0000000000000000,0x0000000000000000,0x0000000080004a00,0x0000000001b67759,0x0000000001aaa1b9,0x0000000001b67759,0x0000000001aaa1b9,0x000000000027aec1,0x0000000000000c76,0x00000000000052ea,0x0000000000000d11,0x000000000000958f,0x0000000000ceab43,0x000000000000167a
1784427391650,0x0000000080009fc2,0x0000000080018dc0,0x0000000080007a7a,0x0000000000000000,0x00000000800191f0,0x0000000080018e40,0x000000007ff00000,0x00000000403e88fa,0x0000000040300000,0x403e88fa391e4302,0x00000000403e88fa,0x00000000391e4302,0xffffffffcfbb17fa,0x000000006c0eddc4,0x0000000000000000,0xffffffffcf3a00f8,0x00000000005869e6,0x3fedd0be6c4371a2,0x000000008000a014,0x403e88fa391e4302,0x403e88fa391e4302,0x4129fe50c9ba5e35,0x4152076c016872b0,0x01a56e1fc2f8f359,0x0000000000000000,0x403e88fa391e4302,0x000000008000a014,0x0000000001b73998,0x0000000001ab62da,0x0000000001b73998,0x0000000001ab62da,0x000000000027be17,0x0000000000000c78,0x00000000000052ea,0x0000000000000d11,0x00000000000095a9,0x0000000000cf072b,0x000000000000167d
1784427392480,0x00000000800056f8,0x0000000080019060,0x0000000080007a7a,0x000000000000000f,0x0000000080019430,0x00000000800190b0,0x0000000080019548,0x000000008000f238,0x0000000000000006,0x0000000000000006,0x0000000080019310,0x00000000800193b0,0x000000008000f201,0x3fe42c81bff553aa,0x0000000000000000,0xffffffffdfb68d2e,0x0000000000560741,0x3fedd0be6c4371a2,0x0000000080004984,0x0000000000000000,0x414fe49b6fced917,0x4129fe5b4e147ae1,0x4152076947d566cf,0x0000000000000000,0x3fdcf46da09c9983,0x3fdcf46da09c9983,0x0000000080004984,0x0000000001b805c6,0x0000000001ac2964,0x0000000001b805c6,0x0000000001ac2964,0x000000000027d3b4,0x0000000000000c81,0x00000000000052eb,0x0000000000000d16,0x0000000000009612,0x0000000000cf6b30,0x0000000000001680
1784427393330,0x00000000800058f2,0x0000000080018ed0,0x0000000080007a7a,0x0000000000000000,0x00000000800191f0,0x0000000080018f20,0x00000000800193a0,0x00000000800194a0,0x0000000000000006,0x0000000000000003,0x0000000000000000,0x0000000000000006,0x0000000065cffe7b,0x0000000043f14ce4,0x0000000000000000,0x0000000065cfea78,0x000000000055dc95,0x3fedd0be6c4371a2,0x00000000800049d6,0x0000000000000000,0x4025772550fc5339,0x4129fe5b4e147ae1,0x4152076947d566cf,0x0000000000000000,0x3fc733d476943792,0x0000000000000000,0x00000000800049d6,0x0000000001b8d063,0x0000000001acf46e,0x0000000001b8d063,0x0000000001acf46e,0x000000000027e43b,0x0000000000000c8a,0x00000000000052eb,0x0000000000000d16,0x000000000000963d,0x0000000000cfcd51,0x0000000000001683
1784427394157,0x0000000080005744,0x0000000080019060,0x0000000080007a7a,0x000000000000000f,0x00000000800191f0,0x00000000800190b0,0x0000000080019310,0x00000000800191f0,0x0000000000000006,0x0000000000000006,0x0000000000000002,0x0000000000000000,0x000000008000f201,0x3fe1b8b4e3b118a6,0x0000000000000000,0xffffffffd6105e0e,0x00000000004a7134,0x3fedd0be6c4371a2,0x0000000080004966,0x0000000000000000,0x414fe49bf29fbe77,0x4129fe5333eab368,0x4152076bdc95182b,0x3fe185d1eca6d032,0x0000000000000000,0x3fe185d1eca6d032,0x0000000080004966,0x0000000001b99a5d,0x0000000001adb8eb,0x0000000001b99a5d,0x0000000001adb8eb,0x000000000027f910,0x0000000000000c8c,0x00000000000052ee,0x0000000000000d25,0x0000000000009690,0x0000000000d02ed9,0x0000000000001686
1784427395006,0x00000000800058f2,0x0000000080018ed0,0x0000000080007a7a,0x0000000000000000,0x00000000800191f0,0x0000000080018f20,0x00000000800193a0,0x00000000800194a0,0x0000000000000006,0x0000000000000003,0x00000000800194a0,0x0000000080019510,0x0000000065cffe7b,0x0000000043f14ce4,0x0000000000000000,0x0000000065cfea78,0x000000000055dc95,0x3fedd0be6c4371a2,0x00000000800049c6,0x0000000000000000,0x4025772550fc5339,0x4129fe5333eab368,0x4152076bdc95182b,0x3f8314f4c02b2a00,0x0000000000000000,0x0000000000000000,0x00000000800049c6,0x0000000001ba60ba,0x0000000001ae7f30,0x0000000001ba60ba,0x0000000001ae7f30,0x000000000028095d,0x0000000000000c95,0x00000000000052ee,0x0000000000000d25,0x00000000000096b4,0x0000000000d08eb3,0x0000000000001689
1784427395823,0x0000000080005744,0x0000000080019060,0x0000000080007a7a,0x000000000000000f,0x00000000800191f0,0x00000000800190b0,0x0000000080019310,0x00000000800191f0,0x0000000000000006,0x0000000000000006,0x0000000000000000,0x0000000000000012,0x000000008000f201,0x3fe28172c485b59d,0x0000000000000000,0x0000000075f02bae,0x00000000005f82b7,0x3fedd0be6c4371a2,0x000000008000499a,0x0000000000000000,0x414fe49804d35a86,0x4129fe3df15b573f,0x4152076f2eacd9e8,0x0000000000000000,0x0000000000000000,0x0000000000000000,0x000000008000499a,0x0000000001bb2a1a,0x0000000001af42d1,0x0000000001bb2a1a,0x0000000001af42d1,0x0000000000281e29,0x0000000000000c97,0x00000000000052f0,0x0000000000000d30,0x00000000000096fb,0x0000000000d0efeb,0x000000000000168c
1784427396499,0x00000000800057ae,0x0000000080018d90,0x0000000080007a7a,0x0000000000000000,0x00000000800191f0,0x0000000080018de0,0x0000000080018f50,0x000000008000f238,0x0000000000000006,0x0000000000000006,0x0000000080018df0,0x0000000080018e30,0x0000000065cffe7b,0x0000000043f14ce4,0x0000000000000000,0x0000000065cfea78,0x000000000055dc95,0x3fedd0be6c4371a2,0x0000000080004982,0x0000000000000000,0x4025772550fc5339,0x4129fe3df15b573f,0x4152076f2eacd9e8,0x3ff0000000000000,0x0000000000000000,0x0000000000000000,0x0000000080004982,0x0000000001bbec5a,0x0000000001b00577,0x0000000001bbec5a,0x0000000001b00577,0x0000000000282e0e,0x0000000000000ca0,0x00000000000052f0,0x0000000000000d30,0x000000000000971b,0x0000000000d14e0c,0x000000000000168f
1784427397359,0x0000000080005744,0x0000000080019060,0x0000000080007a7a,0x000000000000000f,0x00000000800191f0,0x00000000800190b0,0x0000000080019310,0x00000000800191f0,0x0000000000000006,0x0000000000000006,0x00000000800190d0,0x0000000000000002,0x000000008000f201,0x3fe6f9693bdffa38,0x0000000000000000,0x0000000041a7d6ce,0x00000000004ef618,0x3fedd0be6c4371a2,0x0000000080004a00,0x0000000000000000,0x414fe497e3a92a30,0x4129fe4880ded289,0x4152076cd2858794,0x0000000000000000,0x0000000000000000,0x0000000000000000,0x0000000080004a00,0x0000000001bcac80,0x0000000001b0bfd2,0x0000000001bcac80,0x0000000001b0bfd2,0x0000000000284235,0x0000000000000ca2,0x00000000000052f2,0x0000000000000d3b,0x000000000000975d,0x0000000000d1aaeb,0x0000000000001692
1784427398187,0x00000000800057ae,0x0000000080018d90,0x0000000080007a7a,0x0000000000000000,0x00000000800191f0,0x0000000080018de0,0x0000000080018f50,0x000000008000f238,0x0000000000000006,0x0000000000000006,0x0000000000000005,0x0000000000000011,0x0000000065cffe7b,0x0000000043f14ce4,0x0000000000000000,0x0000000065cfea78,0x000000000055dc95,0x3fedd0be6c4371a2,0x00000000800049e4,0x0000000000000000,0x4025772550fc5339,0x4129fe4880ded289,0x4152076cd2858794,0x8000000000000000,0x0000000000000000,0x8000000000000000,0x00000000800049e4,0x0000000001bd70c8,0x0000000001b1846d,0x0000000001bd70c8,0x0000000001b1846d,0x0000000000285243,0x0000000000000cab,0x00000000000052f2,0x0000000000000d3b,0x0000000000009782,0x0000000000d209f9,0x0000000000001695
1784427399045,0x0000000080005744,0x0000000080019060,0x0000000080007a7a,0x000000000000000f,0x00000000800191f0,0x00000000800190b0,0x0000000080019310,0x00000000800191f0,0x0000000000000006,0x0000000000000006,0x0000000000000005,0x0000000000000023,0x000000008000f201,0x3fe7d3308b48a677,0x0000000000000000,0x000000000925cc78,0x000000000067c0a5,0x3fedd0be6c4371a2,0x00000000800049e4,0x0000000000000000,0x414fe49a20e8a71e,0x4129fe367cac0831,0x41520766eec710cb,0x0000000000000000,0x0000000000000000,0x0000000000000000,0x00000000800049e4,0x0000000001be2fbf,0x0000000001b23d9d,0x0000000001be2fbf,0x0000000001b23d9d,0x0000000000286652,0x0000000000000cad,0x00000000000052f5,0x0000000000000d4a,0x00000000000097c2,0x0000000000d26642,0x0000000000001698
1784427399886,0x00000000800057ae,0x0000000080018d90,0x0000000080007a7a,0x0000000000000000,0x00000000800191f0,0x0000000080018de0,0x0000000080018f50,0x000000008000f238,0x0000000000000006,0x0000000000000006,0x0000000000000004,0x0000000000000006,0x0000000065cffe7b,0x0000000043f14ce4,0x0000000000000000,0x0000000065cfea78,0x000000000055dc95,0x3fedd0be6c4371a2,0x000000008000498e,0x0000000000000000,0x4025772550fc5339,0x4129fe367cac0831,0x41520766eec710cb,0x8000000000000000,0x0000000000000000,0x0000000000000000,0x000000008000498e,0x0000000001bef107,0x0000000001b2ff34,0x0000000001bef107,0x0000000001b2ff34,0x0000000000287620,0x0000000000000cb6,0x00000000000052f5,0x0000000000000d4a,0x00000000000097ec,0x0000000000d2c3e1,0x000000000000169b
1784427400704,0x0000000080005820,0x0000000080018ed0,0x0000000080007a7a,0x000000000000000f,0x00000000800191f0,0x0000000080018f20,0x000000008000f238,0x0000000080019310,0x0000000000000006,0x0000000000000006,0x0000000080019280,0x00000000800192a8,0x000000008000f201,0x3fe15142a132e721,0x0000000000000000,0xfffffffff9b354f8,0x00000000006e9ba7,0x3fedd0be6c4371a2,0x00000000800049f0,0x0000000000000000,0x414fe499458e2196,0x4129fe402594af4f,0x4152076b2896bb99,0x3fe1aec7af362c5b,0x0000000000000000,0x0000000000000000,0x00000000800049f0,0x0000000001bfb8d9,0x0000000001b3c0e1,0x0000000001bfb8d9,0x0000000001b3c0e1,0x0000000000288acd,0x0000000000000cb8,0x00000000000052f8,0x0000000000000d57,0x0000000000009842,0x0000000000d32433,0x000000000000169f
1784427401511,0x0000000080006260,0x0000000080019230,0x402a6014520d6113,0x0000000000000000,0x0000000000000000,0x0000000080019440,0x0000000080019698,0x00000000800194a0,0x000000008000f238,0x00000000800003f0,0x0000000000000002,0x000000000000001a,0x000000002a9be37f,0x000000007eb661ee,0x0000000000000000,0x000000002a10e35e,0x00000000004d17c2,0x3fedd0be6c4371a2,0x0000000080005bf4,0x0000000000000000,0x401345f09fad987c,0x4129fe402594af4f,0x4152076b2896bb99,0x01a56e1fc2f8f359,0x0000000000000000,0x0000000000000000,0x0000000080005bf4,0x0000000001c080c0,0x0000000001b487e1,0x0000000001c080c0,0x0000000001b487e1,0x0000000000289b5f,0x0000000000000cc1,0x00000000000052f8,0x0000000000000d57,0x0000000000009885,0x0000000000d38597,0x00000000000016a2
1784427402327,0x000000008000583a,0x0000000080018ed0,0x0000000080007a7a,0x000000000000000f,0x00000000800191f0,0x0000000080018f20,0x00000000800194a0,0x000000008000f238,0x0000000000000003,0x0000000000000006,0x00000000800191f0,0x00000000800191f0,0x000000008000f201,0x3fe08be84e5b15f2,0x0000000000000000,0xffffffffb1cf92fe,0x00000000005dcbc9,0x3fedd0be6c4371a2,0x00000000800049f0,0x0000000000000000,0x414fe4996504816f,0x4129fe4923bcd35b,0x41520768a816f007,0x0000000000000000,0x401623e8e4790c0a,0x401623e8e4790c0a,0x00000000800049f0,0x0000000001c1443e,0x0000000001b5460d,0x0000000001c1443e,0x0000000001b5460d,0x000000000028af78,0x0000000000000cc3,0x00000000000052fa,0x0000000000000d62,0x00000000000098ae,0x0000000000d3e306,0x00000000000016a5
1784427403174,0x0000000080006260,0x0000000080019230,0x402a6014520d6113,0x0000000000000000,0x0000000000000000,0x0000000080019440,0x0000000080019698,0x00000000800194a0,0x000000008000f238,0x00000000800003f0,0x0000000000000001,0x0000000000000001,0x0000000071fefbee,0xffffffff9813b286,0x0000000000000000,0x0000000071ceb0ee,0x000000000067a57a,0x3fedd0be6c4371a2,0x0000000080005cc6,0x0000000000000000,0x4029e95ea604eca2,0x4129fe4923bcd35b,0x41520768a816f007,0x01a56e1fc2f8f359,0x0000000000000000,0x0000000000000000,0x0000000080005cc6,0x0000000001c20df1,0x0000000001b60cb9,0x0000000001c20df1,0x0000000001b60cb9,0x000000000028c2c7,0x0000000000000ccc,0x00000000000052fa,0x0000000000000d63,0x00000000000098f6,0x0000000000d4468a,0x00000000000016a8
1784427403995,0x0000000080005850,0x0000000080018ed0,0x0000000080007a7a,0x000000000000000f,0x00000000800191f0,0x0000000080018f20,0x00000000800191f0,0x0000000080019310,0x0000000000000003,0x0000000000000006,0x00000000800191a8,0x00000000800191e8,0x000000008000f201,0x3fd97a7cd4b0c739,0x0000000000000000,0x000000002c49221e,0x0000000000561b0d,0x3fedd0be6c4371a2,0x000000008000495a,0x0000000000000000,0x414fe494a17c1bda,0x4129fe508e147ae1,0x4152076a9483126f,0x3ff12c1dda6375ca,0x0000000000000000,0x0000000000000000,0x000000008000495a,0x0000000001c2e186,0x0000000001b6dd00,0x0000000001c2e186,0x0000000001b6dd00,0x000000000028d5a1,0x0000000000000cce,0x00000000000052fc,0x0000000000000d6e,0x0000000000009917,0x0000000000d4aa27,0x00000000000016ab
1784427404816,0x00000000800066d4,0x0000000080019700,0x402a6014520d6113,0x0000000000000000,0x0000000000000000,0x00000000800199a0,0x0000000020000004,0x000000000000000a,0x000000008000f3a8,0x000000008000f3a8,0x0000000000000176,0x0000000000000176,0xffffffffdefe96fe,0xffffffff89e92682,0x0000000000000000,0xffffffffdec892fe,0x000000000072cfa4,0x3fedd0be6c4371a2,0x00000000800066e2,0x0000000000000000,0x402cb3e9227a49a1,0x4129fe508e147ae1,0x4152076a9483126f,0x01a56e1fc2f8f359,0x3ff0000000000000,0x402cb3e9227a49a1,0x00000000800066e2,0x0000000001c3a310,0x0000000001b79cf6,0x0000000001c3a310,0x0000000001b79cf6,0x000000000028e8f4,0x0000000000000cd9,0x000000000000530c,0x0000000000000d81,0x0000000000009971,0x0000000000d50f8b,0x00000000000016b4
