timestamp_ms,ra,sp,t0,t1,t2,fp,a0,a1,a2,a3,a4,a5,a6,a7,t3,t4,t5,t6,pc,fs0,fa0,fa1,fa2,fa3,fa4,fa5,dpc,mcycle,minstret,cycle,instret,hpmcounter3,hpmcounter4,hpmcounter6,hpmcounter7,hpmcounter8,hpmcounter9,hpmcounter10
1784428050968,0x0000000080005744,0x0000000080019060,0x0000000080007a7a,0x000000000000000f,0x00000000800191f0,0x00000000800190b0,0x0000000080019310,0x00000000800191f0,0x0000000000000006,0x0000000000000006,0x0000000000000001,0x000000000000000d,0x000000008000f201,0x3fea1ee265011d0a,0x0000000000000000,0x000000004a44976e,0x00000000004a575f,0x3fedd0be65503670,0x000000008000494e,0x0000000000000000,0x414fe4d3881a36e3,0x4129fe61d288ce70,0x4152074f22b1c433,0x0000000000000000,0x0000000000000000,0x0000000000000000,0x000000008000494e,0x0000000000bfa9b4,0x0000000000b7b727,0x0000000000bfa9b4,0x0000000000b7b727,0x0000000000109843,0x0000000000000533,0x000000000000516d,0x0000000000000588,0x00000000000048c6,0x00000000005754ef,0x00000000000012bd
1784428051784,0x00000000800057ae,0x0000000080018d90,0x0000000080007a7a,0x0000000000000000,0x00000000800191f0,0x0000000080018de0,0x0000000080018f50,0x000000008000f238,0x0000000000000006,0x0000000000000006,0x0000000000000001,0x0000000000000006,0x0000000011fd7fbe,0x0000000048b60e0e,0x0000000000000000,0x0000000011a93b9e,0x000000000055dc95,0x3fedd0be65503670,0x00000000800049d6,0x0000000000000000,0x40257725522d8384,0x4129fe61d288ce70,0x4152074f22b1c433,0x8000000000000000,0x3fdcf46da09bf89f,0x8000000000000000,0x00000000800049d6,0x0000000000c071eb,0x0000000000b87f1a,0x0000000000c071eb,0x0000000000b87f1a,0x000000000010a89c,0x000000000000053c,0x000000000000516d,0x0000000000000588,0x0000000000004905,0x000000000057b579,0x00000000000012c0
1784428052619,0x0000000080005744,0x0000000080019060,0x0000000080007a7a,0x000000000000000f,0x00000000800191f0,0x00000000800190b0,0x0000000080019310,0x00000000800191f0,0x0000000000000006,0x0000000000000006,0x0000000000000000,0x000000000000001e,0x000000008000f201,0x3fe8d432fd9f6447,0x0000000000000000,0x00000000333674ae,0x0000000000693efa,0x3fedd0be6231d53c,0x000000008000497a,0x0000000000000000,0x414fe4d926dfa440,0x4129fe67daee6320,0x41520752f4a71de7,0x0000000000000000,0x0000000000000000,0x0000000000000000,0x000000008000497a,0x0000000000c13b23,0x0000000000b941ea,0x0000000000c13b23,0x0000000000b941ea,0x000000000010bd81,0x000000000000053e,0x000000000000516f,0x0000000000000593,0x0000000000004953,0x0000000000581644,0x00000000000012c3
1784428053480,0x00000000800057ae,0x0000000080018d90,0x0000000080007a7a,0x0000000000000000,0x00000000800191f0,0x0000000080018de0,0x0000000080018f50,0x000000008000f238,0x0000000000000006,0x0000000000000006,0x0000000000000003,0x0000000000000012,0x000000003297ffe3,0x00000000474b5208,0x0000000000000000,0x0000000032836fe0,0x000000000055dc95,0x3fedd0be6231d53c,0x0000000080004992,0x0000000000000000,0x4025772551d2d482,0x4129fe67daee6320,0x41520752f4a71de7,0x8000000000000000,0x0000000000000000,0x0000000000000000,0x0000000080004992,0x0000000000c20102,0x0000000000ba0778,0x0000000000c20102,0x0000000000ba0778,0x000000000010cda8,0x0000000000000547,0x000000000000516f,0x0000000000000593,0x000000000000499b,0x00000000005875a5,0x00000000000012c6
1784428054193,0x0000000080005744,0x0000000080019060,0x0000000080007a7a,0x000000000000000f,0x00000000800191f0,0x00000000800190b0,0x0000000080019310,0x00000000800191f0,0x0000000000000006,0x0000000000000006,0x0000000000000005,0x0000000000000006,0x000000008000f201,0x3fec083ade84380c,0x0000000000000000,0x00000000147c3538,0x00000000007946c4,0x3fedd0be60a0cafb,0x0000000080004a06,0x0000000000000000,0x414fe4d35741f213,0x4129fe7451c432ca,0x41520750b08b4396,0x3fedd0be60a0cafe,0x0000000000000000,0x0000000000000000,0x0000000080004a06,0x0000000000c2b978,0x0000000000bab9f7,0x0000000000c2b978,0x0000000000bab9f7,0x000000000010e12a,0x0000000000000549,0x0000000000005172,0x00000000000005a2,0x00000000000049e9,0x000000000058ced7,0x00000000000012c9
1784428054979,0x00000000800057ae,0x0000000080018d90,0x0000000080007a7a,0x0000000000000000,0x00000000800191f0,0x0000000080018de0,0x0000000080018f50,0x000000008000f238,0x0000000000000006,0x0000000000000006,0x0000000000000000,0x0000000000000018,0x0000000008b6f2bf,0x000000004631474c,0x0000000000000000,0x00000000088660b8,0x000000000055dc95,0x3fedd0be60a0cafb,0x0000000080004998,0x0000000000000000,0x40257725518c51d3,0x4129fe7451c432ca,0x41520750b08b4396,0x8000000000000000,0x0000000000000000,0x0000000000000000,0x0000000080004998,0x0000000000c37c75,0x0000000000bb7cad,0x0000000000c37c75,0x0000000000bb7cad,0x000000000010f10c,0x0000000000000552,0x0000000000005172,0x00000000000005a2,0x0000000000004a2e,0x0000000000592cfc,0x00000000000012cc
1784428055719,0x0000000080005744,0x0000000080019060,0x0000000080007a7a,0x000000000000000f,0x00000000800191f0,0x00000000800190b0,0x0000000080019310,0x00000000800191f0,0x0000000000000006,0x0000000000000006,0x0000000000000004,0x000000000000001e,0x000000008000f201,0x3febd96855e9b475,0x0000000000000000,0xffffffff9e0e947e,0x00000000007eee58,0x3fedd0be603a78ea,0x00000000800049e0,0x0000000000000000,0x414fe4d5344d013b,0x4129fe6e475f6fd2,0x41520751101d7dbf,0x0000000000000000,0x0000000000000000,0x0000000000000000,0x00000000800049e0,0x0000000000c42e66,0x0000000000bc28a2,0x0000000000c42e66,0x0000000000bc28a2,0x00000000001103f8,0x0000000000000554,0x0000000000005175,0x00000000000005b1,0x0000000000004a7a,0x0000000000598317,0x00000000000012cf
1784428056486,0x00000000800057ae,0x0000000080018d90,0x0000000080007a7a,0x0000000000000000,0x00000000800191f0,0x0000000080018de0,0x0000000080018f50,0x000000008000f238,0x0000000000000006,0x0000000000000006,0x0000000000000002,0x0000000000000006,0x00000000567febea,0x00000000455b0ec8,0x0000000000000000,0x00000000567ac1e0,0x000000000055dc95,0x3fedd0be603a78ea,0x0000000080004940,0x0000000000000000,0x402577255156c3b2,0x4129fe6e475f6fd2,0x41520751101d7dbf,0x8000000000000000,0x0000000000000000,0x0000000000000000,0x0000000080004940,0x0000000000c4e590,0x0000000000bcdf6f,0x0000000000c4e590,0x0000000000bcdf6f,0x00000000001112e6,0x000000000000055d,0x0000000000005175,0x00000000000005b1,0x0000000000004ac0,0x000000000059db93,0x00000000000012d2
1784428057198,0x0000000080005820,0x0000000080018ed0,0x0000000080007a7a,0x000000000000000f,0x00000000800191f0,0x0000000080018f20,0x000000008000f238,0x0000000080019310,0x0000000000000006,0x0000000000000006,0x0000000080019280,0x0000000000000030,0x000000008000f201,0x3febe05011d6b4be,0x0000000000000000,0xffffffffc3a13c3e,0x000000000052463d,0x3fedd0be60ac1b70,0x00000000800049ea,0x0000000000000000,0x414fe4d56b46dc5d,0x4129fe801288ce70,0x4152074f072fec57,0x0000000000000000,0x0000000000000000,0x0000000000000000,0x00000000800049ea,0x0000000000c5ba8e,0x0000000000bdae81,0x0000000000c5ba8e,0x0000000000bdae81,0x00000000001128a7,0x000000000000055f,0x0000000000005177,0x00000000000005bc,0x0000000000004b0f,0x00000000005a4234,0x00000000000012d5
1784428057922,0x0000000080009fc2,0x0000000080019420,0x402a60145545142a,0x0000000000642800,0x0000000000000000,0x0000000080019700,0x0000000000643000,0x0000000000000800,0x00000000004d1e24,0x0000000000000003,0x0000000000321800,0x000000007ed34000,0x0000000000000000,0x000000000000000c,0x0000000000000000,0x0000000000000000,0x0000000000000000,0x3fedd0be61b18094,0x000000008000a0c8,0x40639f966247ed34,0x40639f966247ed34,0x4129fe801288ce70,0x4152074f072fec57,0x3ff0000000000000,0x40534d1b6c62ee42,0x40639f966247ed34,0x000000008000a0c8,0x0000000000c67b87,0x0000000000be6e3f,0x0000000000c67b87,0x0000000000be6e3f,0x0000000000113877,0x0000000000000568,0x0000000000005177,0x00000000000005bc,0x0000000000004b54,0x00000000005a9f04,0x00000000000012d8
1784428058720,0x0000000080005820,0x0000000080018ed0,0x0000000080007a7a,0x000000000000000f,0x00000000800191f0,0x0000000080018f20,0x000000008000f238,0x0000000080019310,0x0000000000000006,0x0000000000000006,0x0000000000000001,0x0000000000000003,0x000000008000f201,0x3fe9368c854d5a41,0x0000000000000000,0x000000007ce748ee,0x0000000000473b72,0x3fedd0be61b18094,0x00000000800049d6,0x0000000000000000,0x414fe4d7d2b9f55a,0x4129fe8a7f972474,0x415207571e7381d8,0x3fbaec350bbc791c,0x3fe1aec7af367f09,0x0000000000000000,0x00000000800049d6,0x0000000000c72d43,0x0000000000bf1a96,0x0000000000c72d43,0x0000000000bf1a96,0x0000000000114b4d,0x000000000000056a,0x0000000000005179,0x00000000000005c7,0x0000000000004b98,0x00000000005af53b,0x00000000000012db
1784428059504,0x0000000080006260,0x0000000080019230,0x402a6014537e8711,0x0000000000000000,0x0000000000000000,0x0000000080019440,0x0000000080019698,0x00000000800194a0,0x000000008000f238,0x00000000800003f0,0x000000008000f238,0x000000008000f338,0x0000000046d7afe6,0x0000000079ab2f30,0x0000000000000000,0x000000004696ab80,0x00000000006edf33,0x3fedd0be631396b9,0x0000000080005c06,0x0000000000000000,0x403bb7ccde6acbcc,0x4129fe8a7f972474,0x415207571e7381d8,0x01a56e1fc2f8f359,0x0000000000000000,0x0000000000000000,0x0000000080005c06,0x0000000000c7f876,0x0000000000bfe454,0x0000000000c7f876,0x0000000000bfe454,0x0000000000115c2b,0x0000000000000573,0x0000000000005179,0x00000000000005c7,0x0000000000004beb,0x00000000005b57d8,0x00000000000012de
1784428060346,0x0000000080005850,0x0000000080018ed0,0x0000000080007a7a,0x000000000000000f,0x00000000800191f0,0x0000000080018f20,0x00000000800191f0,0x0000000080019310,0x0000000000000003,0x0000000000000006,0x00000000800191a8,0x0000000000000001,0x000000008000f201,0x3ff028638a53f09b,0x0000000000000000,0xffffffffa1c99cae,0x00000000006c6540,0x3fedd0be631396b9,0x0000000080004988,0x0000000000000000,0x414fe4d03a3d70a4,0x4129fe78db645a1d,0x4152074c99d7dbf5,0x0000000000000000,0x0000000000000000,0x0000000000000000,0x0000000080004988,0x0000000000c8dc64,0x0000000000c0c2bd,0x0000000000c8dc64,0x0000000000c0c2bd,0x00000000001172e5,0x0000000000000575,0x000000000000517c,0x00000000000005d6,0x0000000000004c15,0x00000000005bc464,0x00000000000012e1
1784428061169,0x00000000800056f8,0x0000000080019060,0x0000000080007a7a,0x000000000000000f,0x0000000080019430,0x00000000800190b0,0x0000000080019548,0x000000008000f238,0x0000000000000006,0x0000000000000006,0x0000000000000000,0x0000000000000006,0x000000008000f201,0x3fe9a2e58c3240fc,0x0000000000000000,0xffffffffe6e106e0,0x00000000004f1f62,0x3fedd0be64a6e921,0x00000000800049d6,0x0000000000000000,0x414fe4d428f5c28f,0x4129fe7c61b089a0,0x4152074e8ad77319,0x0000000000000000,0x3fe185d1eca774be,0x0000000000000000,0x00000000800049d6,0x0000000000c9998a,0x0000000000c17b39,0x0000000000c9998a,0x0000000000c17b39,0x000000000011871d,0x0000000000000580,0x000000000000517f,0x00000000000005e3,0x0000000000004c8d,0x00000000005c2296,0x00000000000012e4
1784428061950,0x0000000080009fc2,0x0000000080018dc0,0x0000000080007a7a,0x0000000000001000,0x00000000800191f0,0x0000000080018e40,0x000000000055dc95,0xffffffffa1e8b000,0x00000000001fd276,0x0000000000000003,0x00000000002aee4a,0xfffffffff2087000,0x0000000043d15000,0x0000000043d16000,0x000000000000000d,0x0000000043d15000,0x000000000055dc95,0x3fedd0be64a6e921,0x000000008000a124,0x405ccc392feca59b,0x405ccc392feca59b,0x4129fe7c61b089a0,0x4152074e8ad77319,0x01a56e1fc2f8f359,0x0000000000000000,0x405ccc392feca59b,0x000000008000a124,0x0000000000ca668b,0x0000000000c24871,0x0000000000ca668b,0x0000000000c24871,0x000000000011972d,0x0000000000000583,0x000000000000517f,0x00000000000005e3,0x0000000000004cb7,0x00000000005c85cd,0x00000000000012e7
1784428062764,0x00000000800056f8,0x0000000080019060,0x0000000080007a7a,0x000000000000000f,0x0000000080019430,0x00000000800190b0,0x0000000080019548,0x000000008000f238,0x0000000000000006,0x0000000000000006,0x0000000000000002,0x0000000000000006,0x000000008000f201,0x3fe5ea16b28ed051,0x0000000000000000,0xffffffffde634db8,0x00000000005fc92a,0x3fedd0be664a1b25,0x00000000800049d6,0x0000000000000000,0x414fe4cee2474539,0x4129fe7867c84b5e,0x41520753270d844d,0x0000000000000000,0x0000000000000000,0x0000000000000000,0x00000000800049d6,0x0000000000cb2750,0x0000000000c3029d,0x0000000000cb2750,0x0000000000c3029d,0x000000000011ac0d,0x000000000000058b,0x0000000000005181,0x00000000000005ee,0x0000000000004d03,0x00000000005ce25f,0x00000000000012ea
1784428063602,0x00000000800058f2,0x0000000080018ed0,0x0000000080007a7a,0x0000000000000000,0x00000000800191f0,0x0000000080018f20,0x00000000800193a0,0x00000000800194a0,0x0000000000000006,0x0000000000000003,0x0000000000000003,0x0000000000000001,0xfffffffffabf6f9e,0x0000000043b7e60e,0x0000000000000000,0xfffffffffa9f6b9e,0x000000000055dc95,0x3fedd0be664a1b25,0x0000000080004a18,0x0000000000000000,0x4025772550edf984,0x4129fe7867c84b5e,0x41520753270d844d,0x0000000000000000,0x3fc733d47694a0f4,0x3fc733d47694a0f4,0x0000000080004a18,0x0000000000cbf872,0x0000000000c3d3dc,0x0000000000cbf872,0x0000000000c3d3dc,0x000000000011bd1c,0x0000000000000594,0x0000000000005181,0x00000000000005ee,0x0000000000004d36,0x00000000005d4765,0x00000000000012ed
1784428064447,0x0000000080005744,0x0000000080019060,0x0000000080007a7a,0x000000000000000f,0x00000000800191f0,0x00000000800190b0,0x0000000080019310,0x00000000800191f0,0x0000000000000006,0x0000000000000006,0x0000000000000002,0x0000000000000006,0x000000008000f201,0x3fe7fa33a52e30cc,0x0000000000000000,0xffffffffe3019a78,0x00000000005146c4,0x3fedd0be67e46f0e,0x00000000800049b0,0x0000000000000000,0x414fe4d080be0ded,0x4129fe739ef9db23,0x4152074b6f06f694,0x0000000000000000,0x0000000000000000,0x0000000000000000,0x00000000800049b0,0x0000000000cccfdb,0x0000000000c4a59a,0x0000000000cccfdb,0x0000000000c4a59a,0x000000000011d310,0x0000000000000596,0x0000000000005183,0x00000000000005f9,0x0000000000004d82,0x00000000005daf12,0x00000000000012f0
1784428065336,0x00000000800057ae,0x0000000080018d90,0x0000000080007a7a,0x0000000000000000,0x00000000800191f0,0x0000000080018de0,0x0000000080018f50,0x000000008000f238,0x0000000000000006,0x0000000000000006,0x000000008000f238,0x000000008000f2a8,0xffffffffe9bd72ef,0x0000000043ae861a,0x0000000000000000,0xffffffffe93462ae,0x000000000055dc95,0x3fedd0be67e46f0e,0x00000000800049c6,0x0000000000000000,0x4025772550eba187,0x4129fe739ef9db23,0x4152074b6f06f694,0xbf9287f43dd5a1fe,0x0000000000000000,0x0000000000000000,0x00000000800049c6,0x0000000000cdb0c3,0x0000000000c5860c,0x0000000000cdb0c3,0x0000000000c5860c,0x000000000011e56e,0x000000000000059f,0x0000000000005183,0x00000000000005f9,0x0000000000004dbd,0x00000000005e1b34,0x00000000000012f3
1784428066155,0x000000008000583a,0x0000000080018ed0,0x0000000080007a7a,0x000000000000000f,0x00000000800191f0,0x0000000080018f20,0x00000000800194a0,0x000000008000f238,0x0000000000000003,0x0000000000000006,0x0000000000000002,0x0000000000000006,0x000000008000f201,0x3fe056d65ce47d46,0x0000000000000000,0x000000000e69041e,0x0000000000666c38,0x3fedd0be69646230,0x000000008000498e,0x0000000000000000,0x414fe4d059eb851f,0x4129fe77683e425b,0x415207524bd8adac,0x0000000000000000,0x0000000000000000,0x0000000000000000,0x000000008000498e,0x0000000000cea51c,0x0000000000c6747c,0x0000000000cea51c,0x0000000000c6747c,0x000000000011fdc0,0x00000000000005a1,0x0000000000005186,0x0000000000000608,0x0000000000004e0c,0x00000000005e90a0,0x00000000000012f6
1784428066984,0x0000000080006260,0x0000000080019230,0x402a60145107adb3,0x0000000000000000,0x0000000000000000,0x0000000080019440,0x0000000080019698,0x00000000800194a0,0x000000008000f238,0x00000000800003f0,0x0000000000000002,0x0000000000000008,0xfffffffff8faffb4,0xffffffff92711790,0x0000000000000000,0xfffffffff85a6780,0x0000000000526ae6,0x3fedd0be6abe6493,0x0000000080005cda,0x0000000000000000,0x40149ab9a49c45e4,0x4129fe77683e425b,0x415207524bd8adac,0x01a56e1fc2f8f359,0x0000000000000000,0x0000000000000000,0x0000000080005cda,0x0000000000cf5a8a,0x0000000000c726ba,0x0000000000cf5a8a,0x0000000000c726ba,0x0000000000120f01,0x00000000000005aa,0x0000000000005186,0x0000000000000609,0x0000000000004e6e,0x00000000005eea13,0x00000000000012f9
1784428067834,0x0000000080005850,0x0000000080018ed0,0x0000000080007a7a,0x000000000000000f,0x00000000800191f0,0x0000000080018f20,0x00000000800191f0,0x0000000080019310,0x0000000000000003,0x0000000000000006,0x0000000000000001,0x0000000000000004,0x000000008000f201,0x3fe1bd93f3ef0e85,0x0000000000000000,0x000000001a19ce00,0x00000000007d5e95,0x3fedd0be6abe6493,0x00000000800049be,0x0000000000000000,0x414fe4d5b648e8a7,0x4129fe6a3a43fe5d,0x4152074c740d1b71,0x0000000000000000,0x0000000000000000,0x0000000000000000,0x00000000800049be,0x0000000000d0307d,0x0000000000c7f8ed,0x0000000000d0307d,0x0000000000c7f8ed,0x0000000000122264,0x00000000000005ac,0x0000000000005189,0x0000000000000618,0x0000000000004e98,0x00000000005f4f02,0x00000000000012fc
1784428068680,0x00000000800056f8,0x0000000080019060,0x0000000080007a7a,0x000000000000000f,0x0000000080019430,0x00000000800190b0,0x0000000080019548,0x000000008000f238,0x0000000000000006,0x0000000000000006,0x0000000000000001,0x0000000000000006,0x000000008000f201,0x3fd7a59178bff459,0x0000000000000000,0x000000001f7814f8,0x0000000000622d5d,0x3fedd0be6bebb065,0x00000000800049b0,0x0000000000000000,0x414fe4d28504816f,0x4129fe6f6d773190,0x41520752f7851eb8,0x0000000000000000,0x0000000000000000,0x0000000000000000,0x00000000800049b0,0x0000000000d10861,0x0000000000c8cc3f,0x0000000000d10861,0x0000000000c8cc3f,0x00000000001238d0,0x00000000000005b7,0x000000000000518b,0x0000000000000623,0x0000000000004f07,0x00000000005fb9ea,0x00000000000012ff
1784428069560,0x00000000800058c6,0x0000000080018ee0,0x0000000080007a7a,0x0000000000000000,0x00000000800191f0,0x0000000080018f20,0x00000000800193a0,0x0000000080019100,0x0000000080019070,0x0000000000000006,0x0000000080019070,0x0000000080019098,0xffffffff93c0ddfe,0x0000000043c8aefe,0x0000000000000000,0xffffffff93c0ddfe,0x000000000055dc95,0x3fedd0be6bebb065,0x0000000080004ade,0x0000000000000000,0x4025772550f22bc0,0x4129fe6f6d773190,0x41520752f7851eb8,0x4004e24634700000,0x0000000000000000,0x0000000000000000,0x0000000080004ade,0x0000000000d1cf47,0x0000000000c9934b,0x0000000000d1cf47,0x0000000000c9934b,0x00000000001248f5,0x00000000000005c0,0x000000000000518b,0x0000000000000623,0x0000000000004f3f,0x0000000000601a40,0x0000000000001302
1784428070403,0x000000008000571c,0x0000000080019070,0x0000000080007a7a,0x000000000000000f,0x0000000080019310,0x00000000800190b0,0x0000000080019548,0x00000000800191f0,0x0000000000000006,0x0000000000000004,0x0000000080019610,0x000000000000000a,0x000000008000f201,0x3fdcb068ed7df5c5,0x0000000000000000,0x00000000256eee00,0x00000000004b2972,0x3fedd0be6ce94306,0x0000000080004b80,0x0000000000000000,0x414fe4d2d20f9097,0x4129fe7b0d1b7176,0x4152075605bc01a3,0x3ff0000000000000,0x0000000000000000,0x0000000000000000,0x0000000080004b80,0x0000000000d297a3,0x0000000000ca554a,0x0000000000d297a3,0x0000000000ca554a,0x0000000000125dbf,0x00000000000005c2,0x000000000000518d,0x000000000000062e,0x0000000000004f93,0x0000000000607a7c,0x0000000000001305
1784428071238,0x00000000800058f2,0x0000000080018ed0,0x0000000080007a7a,0x0000000000000000,0x00000000800191f0,0x0000000080018f20,0x00000000800193a0,0x00000000800194a0,0x0000000000000006,0x0000000000000003,0x0000000000000004,0x0000000000000003,0xfffffffff2576bef,0x0000000043d961fa,0x0000000000000000,0xfffffffff2564bee,0x000000000055dc95,0x3fedd0be6ce94306,0x000000008000498e,0x0000000000000000,0x4025772550f6587f,0x4129fe7b0d1b7176,0x4152075605bc01a3,0x0000000000000000,0x0000000000000000,0x0000000000000000,0x000000008000498e,0x0000000000d35f46,0x0000000000cb1cb5,0x0000000000d35f46,0x0000000000cb1cb5,0x0000000000126e14,0x00000000000005cb,0x000000000000518d,0x000000000000062e,0x0000000000004fc5,0x000000000060dad3,0x0000000000001308
1784428072106,0x0000000080005744,0x0000000080019060,0x0000000080007a7a,0x000000000000000f,0x00000000800191f0,0x00000000800190b0,0x0000000080019310,0x00000000800191f0,0x0000000000000006,0x0000000000000006,0x0000000000000004,0x0000000000000018,0x000000008000f201,0x3fe40b2d27419be4,0x0000000000000000,0xffffffffdd2ad7ce,0x000000000079482e,0x3fedd0be6db6f839,0x00000000800049da,0x0000000000000000,0x414fe4d40a5119ce,0x4129fe6419f559b4,0x415207526d61e4f7,0x0000000000000000,0x0000000000000000,0x0000000000000000,0x00000000800049da,0x0000000000d43697,0x0000000000cbee40,0x0000000000d43697,0x0000000000cbee40,0x0000000000128404,0x00000000000005cd,0x0000000000005190,0x000000000000063d,0x0000000000005009,0x0000000000614291,0x000000000000130b
1784428072916,0x00000000800057ae,0x0000000080018d90,0x0000000080007a7a,0x0000000000000000,0x00000000800191f0,0x0000000080018de0,0x0000000080018f50,0x000000008000f238,0x0000000000000006,0x0000000000000006,0x0000000080018df0,0x0000000080018ed8,0xffffffffccbe3938,0x0000000043eaab2c,0x0000000000000000,0xffffffffcc8e1838,0x000000000055dc95,0x3fedd0be6db6f839,0x00000000800049f0,0x0000000000000000,0x4025772550faaacb,0x4129fe6419f559b4,0x415207526d61e4f7,0x8000000000000000,0x0000000000000000,0x0000000000000000,0x00000000800049f0,0x0000000000d50dd4,0x0000000000ccc516,0x0000000000d50dd4,0x0000000000ccc516,0x0000000000129598,0x00000000000005d6,0x0000000000005190,0x000000000000063d,0x0000000000005040,0x000000000061aa2b,0x000000000000130e
1784428073769,0x0000000080005820,0x0000000080018ed0,0x0000000080007a7a,0x000000000000000f,0x00000000800191f0,0x0000000080018f20,0x000000008000f238,0x0000000080019310,0x0000000000000006,0x0000000000000006,0x0000000080019280,0x0000000000000078,0x000000008000f201,0x3fe4844ee57727dd,0x0000000000000000,0xffffffffc6788dbe,0x000000000055f120,0x3fedd0be6e56c69f,0x0000000080004980,0x0000000000000000,0x414fe4d54b9f559b,0x4129fe706113404f,0x415207552b573eab,0x3ff12c1ddbdd0e51,0x402e61c98045f5f4,0x0000000000000000,0x0000000080004980,0x0000000000d5dddd,0x0000000000cd8f59,0x0000000000d5dddd,0x0000000000cd8f59,0x000000000012aaf0,0x00000000000005d8,0x0000000000005193,0x000000000000064a,0x000000000000508d,0x0000000000620e86,0x0000000000001311
1784428074657,0x0000000080009fc2,0x0000000080019420,0x402a60145235c3b6,0xffffffff80000000,0x0000000000000000,0x0000000080019700,0x0000000000707d63,0xffffffff80000000,0x00000000004b5c76,0x0000000000000003,0x0000000000383eb1,0x000000002c000000,0xffffffff80000000,0x0000000000000000,0x0000000000000020,0xffffffff80000000,0x0000000000707d63,0x3fedd0be6ecc1bbb,0x000000008000a124,0x4068b6fa2a985fac,0x4068b6fa2a985fac,0x4129fe706113404f,0x415207552b573eab,0x4023572474500000,0x405a0d23242ecaa2,0x4068b6fa2a985fac,0x000000008000a124,0x0000000000d6b8d7,0x0000000000ce654d,0x0000000000d6b8d7,0x0000000000ce654d,0x000000000012c1c1,0x00000000000005e3,0x0000000000005193,0x000000000000064b,0x00000000000050ef,0x0000000000627a24,0x0000000000001314
1784428075511,0x000000008000583a,0x0000000080018ed0,0x0000000080007a7a,0x000000000000000f,0x00000000800191f0,0x0000000080018f20,0x00000000800194a0,0x000000008000f238,0x0000000000000003,0x0000000000000006,0x00000000800191f0,0x0000000000000088,0x000000008000f201,0x3fe801b1f3e185ac,0x0000000000000000,0x00000000638b52f8,0x0000000000707d63,0x3fedd0be6ecc1bbb,0x00000000800049ea,0x0000000000000000,0x414fe4cfca05bc02,0x4129fe6ff35a8588,0x41520756e03afb7f,0x0000000000000000,0x3ff12c1ddc10b917,0x0000000000000000,0x00000000800049ea,0x0000000000d77470,0x0000000000cf1f63,0x0000000000d77470,0x0000000000cf1f63,0x000000000012d08e,0x00000000000005e3,0x0000000000005195,0x0000000000000655,0x000000000000510d,0x000000000062d27d,0x0000000000001317
1784428076326,0x00000000800056f8,0x0000000080019060,0x0000000080007a7a,0x000000000000000f,0x0000000080019430,0x00000000800190b0,0x0000000080019548,0x000000008000f238,0x0000000000000006,0x0000000000000006,0x0000000000000002,0x0000000000000006,0x000000008000f201,0x3fecd90ba8258e5d,0x0000000000000000,0x000000000cdabf80,0x00000000007fc217,0x3fedd0be6f1b5529,0x000000008000498e,0x0000000000000000,0x414fe4d22b0be0df,0x4129fe716b295e9e,0x415207555a809d49,0x3ff0000000000000,0x3fdcf46da09d4936,0x3fdcf46da09d4936,0x000000008000498e,0x0000000000d84de3,0x0000000000cff3d9,0x0000000000d84de3,0x0000000000cff3d9,0x000000000012e710,0x00000000000005ee,0x0000000000005197,0x0000000000000660,0x0000000000005190,0x0000000000633de6,0x000000000000131a
1784428077194,0x000000008000519e,0x0000000080018e90,0x0000000080007a7a,0x0000000000000000,0x00000000800191f0,0x0000000080018ee0,0x0000000000000000,0x000000005105daa1,0x000000003fe00000,0x402577255105daa1,0x0000000080019118,0x0000000080019148,0x0000000050bf1aff,0x0000000044176a82,0x0000000000000000,0x00000000502a0afe,0x000000000055dc95,0x3fedd0be6f1b5529,0x00000000800052f6,0x0000000000000000,0x402577255105daa1,0x4129fe716b295e9e,0x415207555a809d49,0x0000000000000000,0x3fa0c481d88c130c,0x3fa0c481d88c130c,0x00000000800052f6,0x0000000000d90984,0x0000000000d0af6d,0x0000000000d90984,0x0000000000d0af6d,0x000000000012f618,0x00000000000005f7,0x0000000000005197,0x0000000000000660,0x00000000000051c1,0x00000000006398e7,0x000000000000131d
1784428078049,0x00000000800056f8,0x0000000080019060,0x0000000080007a7a,0x000000000000000f,0x0000000080019430,0x00000000800190b0,0x0000000080019548,0x000000008000f238,0x0000000000000006,0x0000000000000006,0x0000000000000005,0x0000000000000006,0x000000008000f201,0x3feef75996b55729,0x0000000000000000,0xfffffffff6a92638,0x0000000000543ed6,0x3fedd0be6f495447,0x00000000800049b0,0x0000000000000000,0x414fe4cbea4a8c15,0x4129fe6c4e147ae1,0x4152075582161e4f,0x3ff0000000000000,0x0000000000000000,0x0000000000000000,0x00000000800049b0,0x0000000000d9dc02,0x0000000000d17b42,0x0000000000d9dc02,0x0000000000d17b42,0x0000000000130bff,0x00000000000005f9,0x000000000000519a,0x000000000000066f,0x0000000000005217,0x000000000063fda7,0x0000000000001321
1784428078915,0x0000000080005794,0x0000000080018db0,0x0000000080007a7a,0x0000000000000000,0x00000000800191f0,0x0000000080018de0,0x0000000080018f50,0x0000000000000006,0x0000000000000006,0x0000000000000003,0x0000000080018f50,0x0000000080018ff8,0x0000000069ffbccf,0x0000000044221d8a,0x0000000000000000,0x0000000069f7b8ce,0x000000000055dc95,0x3fedd0be6f495447,0x0000000080004d8c,0x0000000000000000,0x4025772551088763,0x4129fe6c4e147ae1,0x4152075582161e4f,0x3f8314f4c225dd05,0x8000000000000000,0x3fea330ae25ae03c,0x0000000080004d8c,0x0000000000dab9b6,0x0000000000d259e4,0x0000000000dab9b6,0x0000000000d259e4,0x0000000000131df5,0x0000000000000602,0x000000000000519a,0x000000000000066f,0x000000000000524e,0x00000000006468f4,0x0000000000001324
1784428079786,0x0000000080005744,0x0000000080019060,0x0000000080007a7a,0x000000000000000f,0x00000000800191f0,0x00000000800190b0,0x0000000080019310,0x00000000800191f0,0x0000000000000006,0x0000000000000006,0x0000000000000002,0x0000000000000006,0x000000008000f201,0x3ff059bdf55f2861,0x0000000000000000,0x0000000034ccace0,0x00000000005ddc92,0x3fedd0be6f5b2958,0x000000008000496c,0x0000000000000000,0x414fe4ceee631f8a,0x4129fe68a36e2eb2,0x415207548b7ced91,0x0000000000000000,0x0000000000000000,0x0000000000000000,0x000000008000496c,0x0000000000db74b6,0x0000000000d30ebe,0x0000000000db74b6,0x0000000000d30ebe,0x00000000001331b2,0x0000000000000604,0x000000000000519d,0x000000000000067e,0x000000000000529c,0x000000000064c33c,0x0000000000001328
1784428080539,0x000000008000578a,0x0000000080018db0,0x0000000080007a7a,0x0000000000000000,0x00000000800191f0,0x0000000080018de0,0x0000000080018f50,0x0000000000000006,0x0000000000000006,0x0000000000000003,0x0000000080018f50,0x0000000080018fc0,0xffffffff8db0f97f,0x00000000442a645a,0x0000000000000000,0xffffffff8d90c82e,0x000000000055dc95,0x3fedd0be6f5b2958,0x0000000080004d12,0x0000000000000000,0x40257725510a9917,0x4129fe68a36e2eb2,0x415207548b7ced91,0x3f8314f4c22272a7,0x0000000000000000,0xbfc733d476947539,0x0000000080004d12,0x0000000000dc2cac,0x0000000000d3c6a5,0x0000000000dc2cac,0x0000000000d3c6a5,0x00000000001340c1,0x000000000000060d,0x000000000000519d,0x000000000000067e,0x00000000000052ce,0x0000000000651c48,0x000000000000132b
1784428081326,0x000000008000572e,0x00000000800190b0,0x0000000080007a7a,0x000000000000000f,0x00000000800191f0,0x0000000080019440,0x0000000080019310,0x00000000800191f0,0x00000000800190d0,0x0000000000000006,0x0000000000000006,0x0000000000000006,0x000000008000f201,0x3ff06079a273d9ff,0x0000000000000000,0xffffffff8276fd78,0x00000000006f6aed,0x3fedd0be6f55d326,0x0000000080005740,0x0000000000000000,0x414fe4cf4a8f5c29,0x4129fe7fcfec56d6,0x41520755faa161e5,0x3ff0000000000000,0x0000000000000000,0x3ff0000000000000,0x0000000080005740,0x0000000000dcd609,0x0000000000d469f4,0x0000000000dcd609,0x0000000000d469f4,0x00000000001352f5,0x000000000000060f,0x00000000000051a0,0x000000000000068d,0x0000000000005323,0x0000000000656e62,0x000000000000132e
1784428082104,0x00000000800058f2,0x0000000080018ed0,0x0000000080007a7a,0x0000000000000000,0x00000000800191f0,0x0000000080018f20,0x00000000800193a0,0x00000000800194a0,0x0000000000000006,0x0000000000000003,0x0000000000000003,0x0000000000000003,0xffffffffd7d1fcff,0x0000000044304dc2,0x0000000000000000,0xffffffffd7d0dc7e,0x000000000055dc95,0x3fedd0be6f55d326,0x0000000080004a06,0x0000000000000000,0x40257725510c1371,0x4129fe7fcfec56d6,0x41520755faa161e5,0x3fc0e154b007cc15,0x0000000000000000,0x0000000000000000,0x0000000080004a06,0x0000000000dd9a0d,0x0000000000d52d82,0x0000000000dd9a0d,0x0000000000d52d82,0x000000000013630b,0x0000000000000618,0x00000000000051a0,0x000000000000068d,0x0000000000005358,0x000000000065ccf0,0x0000000000001331
1784428082965,0x0000000080005744,0x0000000080019060,0x0000000080007a7a,0x000000000000000f,0x00000000800191f0,0x00000000800190b0,0x0000000080019310,0x00000000800191f0,0x0000000000000006,0x0000000000000006,0x0000000000000001,0x0000000000000006,0x000000008000f201,0x3ff11a300c707c0c,0x0000000000000000,0xffffffffcff85f7e,0x00000000005d2327,0x3fedd0be6f3e1017,0x000000008000496c,0x0000000000000000,0x414fe4cd69fbe76d,0x4129fe6dd25460aa,0x4152075368504817,0x0000000000000000,0x0000000000000000,0x0000000000000000,0x000000008000496c,0x0000000000de5e62,0x0000000000d5ebd7,0x0000000000de5e62,0x0000000000d5ebd7,0x0000000000137768,0x000000000000061a,0x00000000000051a2,0x0000000000000698,0x00000000000053b1,0x0000000000662b9d,0x0000000000001335
1784428083807,0x000000008000578a,0x0000000080018db0,0x0000000080007a7a,0x0000000000000000,0x00000000800191f0,0x0000000080018de0,0x0000000080018f50,0x0000000000000006,0x0000000000000006,0x0000000000000003,0x0000000000000006,0x0000000000000004,0x000000005a7fbe6f,0x000000004434026a,0x0000000000000000,0x000000005a75160e,0x000000000055dc95,0x3fedd0be6f3e1017,0x0000000080004d32,0x0000000000000000,0x40257725510d009b,0x4129fe6dd25460aa,0x4152075368504817,0x3f8314f4c1fb08f2,0x0000000000000000,0x8000000000000000,0x0000000080004d32,0x0000000000df1bdc,0x0000000000d6a98d,0x0000000000df1bdc,0x0000000000d6a98d,0x00000000001386e2,0x0000000000000623,0x00000000000051a2,0x0000000000000698,0x00000000000053d7,0x000000000066874a,0x0000000000001338
1784428084653,0x0000000080005744,0x0000000080019060,0x0000000080007a7a,0x000000000000000f,0x00000000800191f0,0x00000000800190b0,0x0000000080019310,0x00000000800191f0,0x0000000000000006,0x0000000000000006,0x0000000000000001,0x0000000000000019,0x000000008000f201,0x3ff00a0e779088c4,0x0000000000000000,0xffffffff9d7741ee,0x000000000063985c,0x3fedd0be6f183dfc,0x000000008000499a,0x0000000000000000,0x414fe4cd2a474539,0x4129fe80fc9eecc0,0x41520757e444d014,0x0000000000000000,0x0000000000000000,0x0000000000000000,0x000000008000499a,0x0000000000dfe7dd,0x0000000000d76f4a,0x0000000000dfe7dd,0x0000000000d76f4a,0x0000000000139c02,0x0000000000000625,0x00000000000051a5,0x00000000000006a7,0x0000000000005418,0x000000000066e989,0x000000000000133b
1784428085517,0x00000000800057ae,0x0000000080018d90,0x0000000080007a7a,0x0000000000000000,0x00000000800191f0,0x0000000080018de0,0x0000000080018f50,0x000000008000f238,0x0000000000000006,0x0000000000000006,0x0000000000000001,0x0000000000000006,0xffffffff81fddffb,0x000000004435bbf4,0x0000000000000000,0xffffffff817ccfb8,0x000000000055dc95,0x3fedd0be6f183dfc,0x00000000800049b0,0x0000000000000000,0x40257725510d6efd,0x4129fe80fc9eecc0,0x41520757e444d014,0x8000000000000000,0x0000000000000000,0x0000000000000000,0x00000000800049b0,0x0000000000e0acd3,0x0000000000d83498,0x0000000000e0acd3,0x0000000000d83498,0x000000000013ac1d,0x000000000000062e,0x00000000000051a5,0x00000000000006a7,0x0000000000005444,0x00000000006748ef,0x000000000000133e
1784428086363,0x0000000080005744,0x0000000080019060,0x0000000080007a7a,0x000000000000000f,0x00000000800191f0,0x00000000800190b0,0x0000000080019310,0x00000000800191f0,0x0000000000000006,0x0000000000000006,0x0000000000000003,0x0000000000000021,0x000000008000f201,0x3ff1a41734111d41,0x0000000000000000,0x0000000050d87800,0x000000000046161d,0x3fedd0be6ee845f1,0x000000008000499a,0x0000000000000000,0x414fe4d0c40ebee0,0x4129fe75dcfaacda,0x4152075379ce075f,0x0000000000000000,0x0000000000000000,0x0000000000000000,0x000000008000499a,0x0000000000e16d7a,0x0000000000d8ef18,0x0000000000e16d7a,0x0000000000d8ef18,0x000000000013c04e,0x0000000000000630,0x00000000000051a8,0x00000000000006b4,0x0000000000005490,0x000000000067a5be,0x0000000000001341
1784428087173,0x00000000800057ae,0x0000000080018d90,0x0000000080007a7a,0x0000000000000000,0x00000000800191f0,0x0000000080018de0,0x0000000080018f50,0x000000008000f238,0x0000000000000006,0x0000000000000006,0x0000000080018df0,0x0000000080018ea8,0xffffffff8be7bdf6,0x000000004435bdd8,0x0000000000000000,0xffffffff8be3ace0,0x000000000055dc95,0x3fedd0be6ee845f1,0x0000000080004984,0x0000000000000000,0x40257725510d6f76,0x4129fe75dcfaacda,0x4152075379ce075f,0x8000000000000000,0x0000000000000000,0x0000000000000000,0x0000000080004984,0x0000000000e22eab,0x0000000000d9b05a,0x0000000000e22eab,0x0000000000d9b05a,0x000000000013d013,0x0000000000000639,0x00000000000051a8,0x00000000000006b4,0x00000000000054c7,0x0000000000680342,0x0000000000001344
1784428087985,0x0000000080005744,0x0000000080019060,0x0000000080007a7a,0x000000000000000f,0x00000000800191f0,0x00000000800190b0,0x0000000080019310,0x00000000800191f0,0x0000000000000006,0x0000000000000006,0x0000000000000002,0x0000000000000006,0x000000008000f201,0x3ff03bde415e6d0a,0x0000000000000000,0x000000002a146a8e,0x00000000007756d2,0x3fedd0be6eb191e3,0x0000000080004a06,0x0000000000000000,0x414fe4cf441bda51,0x4129fe6e47ef9db2,0x41520754d883126f,0x0000000000000000,0x0000000000000000,0x0000000000000000,0x0000000080004a06,0x0000000000e2e39b,0x0000000000da5f78,0x0000000000e2e39b,0x0000000000da5f78,0x000000000013e34b,0x000000000000063b,0x00000000000051aa,0x00000000000006bf,0x0000000000005519,0x0000000000685acc,0x0000000000001347
1784428088807,0x00000000800057ae,0x0000000080018d90,0x0000000080007a7a,0x0000000000000000,0x00000000800191f0,0x0000000080018de0,0x0000000080018f50,0x000000008000f238,0x0000000000000006,0x0000000000000006,0x0000000000000004,0x0000000000000016,0x0000000059fdd67e,0x0000000044344fba,0x0000000000000000,0x0000000059cdd66e,0x000000000055dc95,0x3fedd0be6eb191e3,0x000000008000499c,0x0000000000000000,0x40257725510d13ef,0x4129fe6e47ef9db2,0x41520754d883126f,0x3ff0000000000000,0x0000000000000000,0x0000000000000000,0x000000008000499c,0x0000000000e39cea,0x0000000000db194b,0x0000000000e39cea,0x0000000000db194b,0x000000000013f270,0x0000000000000644,0x00000000000051aa,0x00000000000006bf,0x0000000000005547,0x000000000068b4ca,0x000000000000134a
1784428089658,0x000000008000575e,0x0000000080019070,0x0000000080007a7a,0x000000000000000f,0x00000000800191f0,0x00000000800190b0,0x00000000800190d0,0x00000000800002d0,0x000000008000f238,0x0000000000000006,0x0000000000000004,0x000000000000000a,0x000000008000f201,0x3fef5b1e06d299fc,0x0000000000000000,0xffffffffcb6480e0,0x0000000000563198,0x3fedd0be6e7709b2,0x0000000080004c10,0x0000000000000000,0x414fe4c87a4a8c15,0x4129fe6d3d14e3bd,0x4152075805b71759,0x3fc17a1e18e0d894,0x0000000000000000,0x0000000000000000,0x0000000080004c10,0x0000000000e45e84,0x0000000000dbd483,0x0000000000e45e84,0x0000000000dbd483,0x00000000001406a1,0x0000000000000646,0x00000000000051ac,0x00000000000006ca,0x0000000000005597,0x0000000000691206,0x000000000000134d
1784428090512,0x00000000800057ae,0x0000000080018d90,0x0000000080007a7a,0x0000000000000000,0x00000000800191f0,0x0000000080018de0,0x0000000080018f50,0x000000008000f238,0x0000000000000006,0x0000000000000006,0x0000000000000002,0x0000000000000020,0xffffffffe977d9e0,0x000000004431b938,0x0000000000000000,0xffffffffe94701e0,0x000000000055dc95,0x3fedd0be6e7709b2,0x0000000080004978,0x0000000000000000,0x40257725510c6e4e,0x4129fe6d3d14e3bd,0x4152075805b71759,0xbf8314f4c16d7ec5,0x0000000000000000,0x0000000000000000,0x0000000080004978,0x0000000000e5291c,0x0000000000dc9ef1,0x0000000000e5291c,0x0000000000dc9ef1,0x000000000014172f,0x000000000000064f,0x00000000000051ac,0x00000000000006ca,0x00000000000055ca,0x00000000006973c3,0x0000000000001350
1784428091305,0x0000000080005820,0x0000000080018ed0,0x0000000080007a7a,0x000000000000000f,0x00000000800191f0,0x0000000080018f20,0x000000008000f238,0x0000000080019310,0x0000000000000006,0x0000000000000006,0x0000000080019280,0x00000000800192b8,0x000000008000f201,0x3ff0f18a5cbe0073,0x0000000000000000,0x0000000025eaf64e,0x00000000004315da,0x3fedd0be6e3b1613,0x00000000800049f0,0x0000000000000000,0x414fe4c9b61e4f76,0x4129fe6241b089a0,0x415207542df3b646,0x0000000000000000,0x401623e8e4791b9b,0x401623e8e4791b9b,0x00000000800049f0,0x0000000000e5e83c,0x0000000000dd585e,0x0000000000e5e83c,0x0000000000dd585e,0x0000000000142b2a,0x0000000000000651,0x00000000000051af,0x00000000000006d9,0x000000000000561f,0x000000000069d029,0x0000000000001353
1784428092164,0x0000000080006260,0x0000000080019230,0x402a60145303db90,0x0000000000000000,0x0000000000000000,0x0000000080019440,0x0000000080019698,0x00000000800194a0,0x000000008000f238,0x00000000800003f0,0x000000008000f238,0x000000008000f258,0xffffffffc757ffff,0xffffffff8440213a,0x0000000000000000,0xffffffffc757ff6e,0x0000000000679431,0x3fedd0be6dffa78a,0x0000000080005c0a,0x0000000000000000,0x4029e50c6110084f,0x4129fe6241b089a0,0x415207542df3b646,0x01a56e1fc2f8f359,0x0000000000000000,0x0000000000000000,0x0000000080005c0a,0x0000000000e6adff,0x0000000000de1c8a,0x0000000000e6adff,0x0000000000de1c8a,0x0000000000143bc1,0x000000000000065a,0x00000000000051af,0x00000000000006d9,0x000000000000567d,0x00000000006a3038,0x0000000000001356
1784428093006,0x000000008000583a,0x0000000080018ed0,0x0000000080007a7a,0x000000000000000f,0x00000000800191f0,0x0000000080018f20,0x00000000800194a0,0x000000008000f238,0x0000000000000003,0x0000000000000006,0x0000000000000001,0x0000000000000006,0x000000008000f201,0x3fef2f835374081e,0x0000000000000000,0xffffffffc9fd0578,0x0000000000499f72,0x3fedd0be6dffa78a,0x000000008000496c,0x0000000000000000,0x414fe4d014bfb15b,0x4129fe7f63958106,0x41520753db645a1d,0x0000000000000000,0x0000000000000000,0x0000000000000000,0x000000008000496c,0x0000000000e77baf,0x0000000000dee4a8,0x0000000000e77baf,0x0000000000dee4a8,0x0000000000145077,0x000000000000065c,0x00000000000051b2,0x00000000000006ec,0x00000000000056aa,0x00000000006a922d,0x000000000000135b
1784428093876,0x0000000080006128,0x0000000080019440,0x0000000080006128,0x000000000000000f,0x0000000080019660,0x0000000080019700,0x0000000080019548,0x0000000000000000,0x0000000000000008,0x0000000080000438,0x0000000080019570,0xfffffffffffffff8,0xffffffffc5fe7f3e,0xffffffff97dfaf16,0x0000000000000000,0xffffffffc5f6750e,0x00000000005cf866,0x3fedd0be6dc64044,0x0000000080007a6c,0x0000000000000000,0x414fe5c45a7ef9db,0x412a02577a36e2eb,0x4152075298710cb3,0x414fe4cb8c49ba5e,0x4129fe70950b0f28,0x41520754ec56d5d0,0x0000000080007a6c,0x0000000000e848ec,0x0000000000dfad20,0x0000000000e848ec,0x0000000000dfad20,0x0000000000146603,0x0000000000000667,0x00000000000051b4,0x00000000000006f7,0x000000000000571b,0x00000000006af840,0x000000000000135e
1784428094738,0x0000000080005866,0x0000000080018ee0,0x0000000080007a7a,0x000000000000000f,0x00000000800191f0,0x0000000080018f20,0x00000000800191a8,0x00000000800003f0,0x0000000080019160,0x0000000000000003,0x00000000800003f0,0x0000000080000408,0x000000008000f201,0x3fec2a4ca0fa0101,0x0000000000000000,0xffffffffc5f6750e,0x00000000005cf866,0x3fedd0be6dc64044,0x0000000080004c3c,0x0000000000000000,0x414fe5c45a7ef9db,0x412a02577a36e2eb,0x4152075298710cb3,0x3ff12c1ddb37e861,0x0000000000000000,0x0000000000000000,0x0000000080004c3c,0x0000000000e90fac,0x0000000000e072a0,0x0000000000e90fac,0x0000000000e072a0,0x00000000001475e1,0x0000000000000667,0x00000000000051b4,0x00000000000006f7,0x000000000000572a,0x00000000006b5525,0x0000000000001361
1784428095575,0x00000000800056f8,0x0000000080019060,0x0000000080007a7a,0x000000000000000f,0x0000000080019430,0x00000000800190b0,0x0000000080019548,0x000000008000f238,0x0000000000000006,0x0000000000000006,0x0000000080019310,0x0000000000000040,0x000000008000f201,0x3fe7c6b7c8d81fed,0x0000000000000000,0xfffffffff6517e00,0x00000000005822dd,0x3fedd0be6d8fffb2,0x00000000800049ea,0x0000000000000000,0x414fe5c545bf4880,0x412a025548db8bac,0x4152075166339c0f,0x0000000000000000,0x0000000000000000,0x0000000000000000,0x00000000800049ea,0x0000000000e9d047,0x0000000000e12e32,0x0000000000e9d047,0x0000000000e12e32,0x0000000000148a5d,0x0000000000000672,0x00000000000051b6,0x0000000000000702,0x00000000000057ab,0x00000000006bb4d8,0x0000000000001365
1784428096436,0x000000008000589c,0x0000000080018ed0,0x0000000080007a7a,0x0000000000000000,0x00000000800191f0,0x0000000080018f20,0x0000000080019280,0x0000000080019118,0x0000000000000006,0x0000000000000003,0x0000000000000000,0x0000000000000000,0xffffffff85a9fdff,0x000000004420cd02,0x0000000000000000,0xffffffff85a9e5fe,0x000000000055dc95,0x3fedd0be6d8fffb2,0x0000000080004992,0x0000000000000000,0x4025772551083341,0x412a025548db8bac,0x4152075166339c0f,0x401623e8e4791224,0x0000000000000000,0x0000000000000000,0x0000000080004992,0x0000000000ea9b2e,0x0000000000e1f918,0x0000000000ea9b2e,0x0000000000e1f918,0x0000000000149a8d,0x000000000000067b,0x00000000000051b6,0x0000000000000702,0x00000000000057e3,0x00000000006c1737,0x0000000000001368
1784428097251,0x00000000800056f8,0x0000000080019060,0x0000000080007a7a,0x000000000000000f,0x0000000080019430,0x00000000800190b0,0x0000000080019548,0x000000008000f238,0x0000000000000006,0x0000000000000006,0x0000000000000005,0x000000000000001e,0x000000008000f201,0x3fe2515f32ef5bcc,0x0000000000000000,0x000000006725521e,0x0000000000584a7f,0x3fedd0be6d5daef7,0x00000000800049b4,0x0000000000000000,0x414fe5c35e809d49,0x412a02556b50b0f2,0x415207531b0d844d,0x0000000000000000,0x0000000000000000,0x0000000000000000,0x00000000800049b4,0x0000000000eb4b58,0x0000000000e2a330,0x0000000000eb4b58,0x0000000000e2a330,0x000000000014adc1,0x000000000000067d,0x00000000000051b9,0x0000000000000711,0x0000000000005830,0x00000000006c6c05,0x000000000000136b
1784428098094,0x000000008000589c,0x0000000080018ed0,0x0000000080007a7a,0x0000000000000000,0x00000000800191f0,0x0000000080018f20,0x0000000080019280,0x0000000080019118,0x0000000000000006,0x0000000000000003,0x00000000800193a0,0x00000000800193e8,0xffffffffe1e7b3ff,0x00000000441bf43a,0x0000000000000000,0xffffffffe162b16e,0x000000000055dc95,0x3fedd0be6d5daef7,0x00000000800049f0,0x0000000000000000,0x402577255106fd0f,0x412a02556b50b0f2,0x415207531b0d844d,0x0000000000000000,0x0000000000000000,0x0000000000000000,0x00000000800049f0,0x0000000000ec1817,0x0000000000e36fde,0x0000000000ec1817,0x0000000000e36fde,0x000000000014be11,0x0000000000000686,0x00000000000051b9,0x0000000000000711,0x000000000000586d,0x00000000006ccf35,0x000000000000136f
1784428098863,0x00000000800056f8,0x0000000080019060,0x0000000080007a7a,0x000000000000000f,0x0000000080019430,0x00000000800190b0,0x0000000080019548,0x000000008000f238,0x0000000000000006,0x0000000000000006,0x0000000000000002,0x0000000000000018,0x000000008000f201,0x3fdee3368590bc74,0x0000000000000000,0xffffffffa19a68de,0x0000000000580683,0x3fedd0be6d2fcd83,0x0000000080004998,0x0000000000000000,0x414fe5c1a7a0f909,0x412a0260bdb22d0e,0x4152075a29e4f766,0x0000000000000000,0x0000000000000000,0x0000000000000000,0x0000000080004998,0x0000000000ecdb1d,0x0000000000e42cbe,0x0000000000ecdb1d,0x0000000000e42cbe,0x000000000014d2d6,0x0000000000000688,0x00000000000051bc,0x000000000000071e,0x00000000000058b5,0x00000000006d2ce3,0x0000000000001372
1784428099713,0x00000000800058c6,0x0000000080018ee0,0x0000000080007a7a,0x0000000000000000,0x00000000800191f0,0x0000000080018f20,0x00000000800193a0,0x0000000080019100,0x0000000080019070,0x0000000000000006,0x0000000000000001,0x0000000000000003,0x000000002c5ef5ef,0x0000000044172b7a,0x0000000000000000,0x000000002c58e4ee,0x000000000055dc95,0x3fedd0be6d2fcd83,0x0000000080004af8,0x0000000000000000,0x402577255105cadf,0x412a0260bdb22d0e,0x4152075a29e4f766,0x406c83b98dc88000,0x0000000000000000,0x0000000000000000,0x0000000080004af8,0x0000000000ed9749,0x0000000000e4e978,0x0000000000ed9749,0x0000000000e4e978,0x000000000014e201,0x0000000000000691,0x00000000000051bc,0x000000000000071e,0x00000000000058de,0x00000000006d886a,0x0000000000001375
1784428100538,0x00000000800056f8,0x0000000080019060,0x0000000080007a7a,0x000000000000000f,0x0000000080019430,0x00000000800190b0,0x0000000080019548,0x000000008000f238,0x0000000000000006,0x0000000000000006,0x0000000000000003,0x0000000000000006,0x000000008000f201,0x3fe538e725efd346,0x0000000000000000,0xffffffffeb17b15e,0x0000000000585480,0x3fedd0be6d069d66,0x00000000800049b0,0x0000000000000000,0x414fe5c35eab367a,0x412a02532538ef35,0x41520756d8d844d0,0x0000000000000000,0x0000000000000000,0x0000000000000000,0x00000000800049b0,0x0000000000ee5a70,0x0000000000e5a622,0x0000000000ee5a70,0x0000000000e5a622,0x000000000014f69f,0x0000000000000693,0x00000000000051be,0x0000000000000729,0x0000000000005921,0x00000000006de606,0x0000000000001378
1784428101333,0x000000008000578a,0x0000000080018db0,0x0000000080007a7a,0x0000000000000000,0x00000000800191f0,0x0000000080018de0,0x0000000080018f50,0x0000000000000006,0x0000000000000006,0x0000000000000003,0x0000000000000004,0x0000000000000012,0x000000005dfffdff,0x0000000044128d82,0x0000000000000000,0x000000005dbfc4fe,0x000000000055dc95,0x3fedd0be6d069d66,0x0000000080004cde,0x0000000000000000,0x402577255104a361,0x412a02532538ef35,0x41520756d8d844d0,0x3f8314f4c090c1da,0x0000000000000000,0x8000000000000000,0x0000000080004cde,0x0000000000ef2fcc,0x0000000000e67c84,0x0000000000ef2fcc,0x0000000000e67c84,0x00000000001507f3,0x000000000000069c,0x00000000000051be,0x0000000000000729,0x000000000000594a,0x00000000006e4d62,0x000000000000137b
1784428102116,0x0000000080005744,0x0000000080019060,0x0000000080007a7a,0x000000000000000f,0x00000000800191f0,0x00000000800190b0,0x0000000080019310,0x00000000800191f0,0x0000000000000006,0x0000000000000006,0x00000000800191f0,0x0000000000000004,0x000000008000f201,0x3fe615e78a2d03c1,0x0000000000000000,0xffffffff97873038,0x0000000000581376,0x3fedd0be6ce22ee5,0x00000000800049d0,0x0000000000000000,0x414fe5c3263f1412,0x412a024f44b5dcc6,0x415207593cd6a162,0x0000000000000000,0x0000000000000000,0x0000000000000000,0x00000000800049d0,0x0000000000effce7,0x0000000000e7435d,0x0000000000effce7,0x0000000000e7435d,0x0000000000151d23,0x000000000000069e,0x00000000000051c0,0x0000000000000734,0x0000000000005992,0x00000000006eb01d,0x000000000000137f
1784428102927,0x00000000800057ae,0x0000000080018d90,0x0000000080007a7a,0x0000000000000000,0x00000000800191f0,0x0000000080018de0,0x0000000080018f50,0x000000008000f238,0x0000000000000006,0x0000000000000006,0x0000000000000000,0x000000000000000c,0x000000000f72fee3,0x00000000440e2e98,0x0000000000000000,0x000000000f7282e0,0x000000000055dc95,0x3fedd0be6ce22ee5,0x0000000080004978,0x0000000000000000,0x4025772551038ba6,0x412a024f44b5dcc6,0x415207593cd6a162,0x8000000000000000,0x0000000000000000,0x0000000000000000,0x0000000080004978,0x0000000000f0bb71,0x0000000000e80238,0x0000000000f0bb71,0x0000000000e80238,0x0000000000152cb8,0x00000000000006a7,0x00000000000051c0,0x0000000000000734,0x00000000000059c3,0x00000000006f0c72,0x0000000000001382
1784428103776,0x0000000080005744,0x0000000080019060,0x0000000080007a7a,0x000000000000000f,0x00000000800191f0,0x00000000800190b0,0x0000000080019310,0x00000000800191f0,0x0000000000000006,0x0000000000000006,0x00000000800190d0,0x00000000800191b8,0x000000008000f201,0x3fe97af4922a754a,0x0000000000000000,0x0000000063a1d778,0x000000000057f56c,0x3fedd0be6cc26b14,0x00000000800049f2,0x0000000000000000,0x414fe5c0c116872b,0x412a024f7c28f5c3,0x4152075443be76c9,0x3ff117a2f95f1c88,0x0000000000000000,0x3ff117a2f95f1c88,0x00000000800049f2,0x0000000000f17b95,0x0000000000e8bc2f,0x0000000000f17b95,0x0000000000e8bc2f,0x00000000001540dd,0x00000000000006a9,0x00000000000051c3,0x0000000000000743,0x0000000000005a08,0x00000000006f691f,0x0000000000001385
1784428104620,0x00000000800057ae,0x0000000080018d90,0x0000000080007a7a,0x0000000000000000,0x00000000800191f0,0x0000000080018de0,0x0000000080018f50,0x000000008000f238,0x0000000000000006,0x0000000000000006,0x0000000000000000,0x0000000000000012,0x000000004aff6b7b,0x00000000440a1d24,0x0000000000000000,0x000000004aef6978,0x000000000055dc95,0x3fedd0be6cc26b14,0x0000000080004978,0x0000000000000000,0x4025772551028749,0x412a024f7c28f5c3,0x4152075443be76c9,0x8000000000000000,0x0000000000000000,0x0000000000000000,0x0000000080004978,0x0000000000f23ade,0x0000000000e97baf,0x0000000000f23ade,0x0000000000e97baf,0x000000000015507f,0x00000000000006b2,0x00000000000051c3,0x0000000000000743,0x0000000000005a33,0x00000000006fc5ad,0x0000000000001388
1784428105459,0x0000000080005820,0x0000000080018ed0,0x0000000080007a7a,0x000000000000000f,0x00000000800191f0,0x0000000080018f20,0x000000008000f238,0x0000000080019310,0x0000000000000006,0x0000000000000006,0x0000000000000002,0x0000000000000002,0x000000008000f201,0x3fe6424f32319fae,0x0000000000000000,0x0000000030b5d6de,0x0000000000579bea,0x3fedd0be6ca71d5f,0x000000008000499a,0x0000000000000000,0x414fe5c0c7e90ff9,0x412a02541e1b089a,0x41520757881205bc,0x3fe1aec7af362c63,0x0000000000000000,0x0000000000000000,0x000000008000499a,0x0000000000f307cd,0x0000000000ea4304,0x0000000000f307cd,0x0000000000ea4304,0x000000000015659e,0x00000000000006b4,0x00000000000051c6,0x0000000000000752,0x0000000000005a79,0x00000000007028b4,0x000000000000138b
1784428106196,0x00000000800057ae,0x0000000080018d90,0x0000000080007a7a,0x0000000000000000,0x00000000800191f0,0x0000000080018de0,0x0000000080018f50,0x000000008000f238,0x0000000000000006,0x0000000000000006,0x0000000080018f50,0x0000000080019050,0x000000007dfbdff7,0x0000000044066288,0x0000000000000000,0x000000007dd9cbe0,0x000000000055dc95,0x3fedd0be6ca71d5f,0x00000000800049a4,0x0000000000000000,0x40257725510198a2,0x412a02541e1b089a,0x41520757881205bc,0x8000000000000000,0x0000000000000000,0x0000000000000000,0x00000000800049a4,0x0000000000f3c97c,0x0000000000eb046d,0x0000000000f3c97c,0x0000000000eb046d,0x0000000000157587,0x00000000000006bd,0x00000000000051c6,0x0000000000000752,0x0000000000005aa9,0x000000000070862b,0x000000000000138e
1784428107054,0x0000000080005820,0x0000000080018ed0,0x0000000080007a7a,0x000000000000000f,0x00000000800191f0,0x0000000080018f20,0x000000008000f238,0x0000000080019310,0x0000000000000006,0x0000000000000006,0x0000000080019280,0x0000000000000003,0x000000008000f201,0x3fe726bd031e97c9,0x0000000000000000,0xffffffff87dd7bf8,0x000000000057e541,0x3fedd0be6c8ffbd6,0x0000000080004a00,0x0000000000000000,0x414fe5c63b055326,0x412a025cd4467382,0x4152075658f9096c,0x401623e8e4790c6a,0x0000000000000000,0x0000000000000000,0x0000000080004a00,0x0000000000f48747,0x0000000000ebbc83,0x0000000000f48747,0x0000000000ebbc83,0x0000000000158967,0x00000000000006bf,0x00000000000051c8,0x000000000000075d,0x0000000000005af5,0x000000000070e1eb,0x0000000000001391
1784428107872,0x0000000080006260,0x0000000080019230,0x402a60145255058d,0x0000000000000000,0x0000000000000000,0x0000000080019440,0x0000000080019698,0x00000000800194a0,0x000000008000f238,0x00000000800003f0,0x000000008000f238,0x0000000000000003,0xffffffffaf9fef79,0x000000001f784d9c,0x0000000000000000,0xffffffffaf1c6478,0x0000000000508863,0x3fedd0be6c7cae55,0x0000000080005c18,0x0000000000000000,0x40342218c7de1367,0x412a025cd4467382,0x4152075658f9096c,0x01a56e1fc2f8f359,0x0000000000000000,0x0000000000000000,0x0000000080005c18,0x0000000000f54c5d,0x0000000000ec8010,0x0000000000f54c5d,0x0000000000ec8010,0x00000000001599fa,0x00000000000006c8,0x00000000000051c8,0x000000000000075d,0x0000000000005b4a,0x00000000007141c9,0x0000000000001394
1784428108651,0x000000008000583a,0x0000000080018ed0,0x0000000080007a7a,0x000000000000000f,0x00000000800191f0,0x0000000080018f20,0x00000000800194a0,0x000000008000f238,0x0000000000000003,0x0000000000000006,0x0000000000000000,0x0000000000000000,0x000000008000f201,0x3fe64c57ac66a1cc,0x0000000000000000,0x00000000242154e0,0x00000000005951a0,0x3fedd0be6c7cae55,0x00000000800049e4,0x0000000000000000,0x414fe5bf2264c2f8,0x412a02554a64c2f8,0x4152075412a4a8c1,0x0000000000000000,0x401623e8e4790c53,0x0000000000000000,0x00000000800049e4,0x0000000000f60d6d,0x0000000000ed3bcf,0x0000000000f60d6d,0x0000000000ed3bcf,0x000000000015ada0,0x00000000000006ca,0x00000000000051ca,0x0000000000000768,0x0000000000005b76,0x0000000000719ddf,0x0000000000001397
1784428109408,0x0000000080006260,0x0000000080019230,0x402a60145248de14,0x0000000000000000,0x0000000000000000,0x0000000080019440,0x0000000080019698,0x00000000800194a0,0x000000008000f238,0x00000000800003f0,0x0000000000000002,0x0000000000000006,0xffffffffaaf9bdde,0x000000002d55b92e,0x0000000000000000,0xffffffffaac03dde,0x00000000004a26cb,0x3fedd0be6c6cd46a,0x0000000080005bca,0x0000000000000000,0x405289b2cb556e4c,0x412a02554a64c2f8,0x4152075412a4a8c1,0x01a56e1fc2f8f359,0x0000000000000000,0x0000000000000000,0x0000000080005bca,0x0000000000f6caf0,0x0000000000edf74d,0x0000000000f6caf0,0x0000000000edf74d,0x000000000015be89,0x00000000000006d3,0x00000000000051ca,0x0000000000000768,0x0000000000005bc7,0x000000000071fab7,0x000000000000139a
1784428110217,0x000000008000583a,0x0000000080018ed0,0x0000000080007a7a,0x000000000000000f,0x00000000800191f0,0x0000000080018f20,0x00000000800194a0,0x000000008000f238,0x0000000000000003,0x0000000000000006,0x00000000800191f0,0x0000000000000001,0x000000008000f201,0x3fe2a310d5c0cfcf,0x0000000000000000,0x0000000038a4bf3e,0x000000000057d156,0x3fedd0be6c6cd46a,0x0000000080004988,0x0000000000000000,0x414fe5c1a727bb30,0x412a025f644d013b,0x415207571aa161e5,0x0000000000000000,0x0000000000000000,0x0000000000000000,0x0000000080004988,0x0000000000f78d11,0x0000000000eeb4bc,0x0000000000f78d11,0x0000000000eeb4bc,0x000000000015d15b,0x00000000000006d5,0x00000000000051cd,0x0000000000000776,0x0000000000005bf2,0x00000000007256db,0x000000000000139e
1784428111040,0x0000000080006260,0x0000000080019230,0x402a6014523e2ad7,0x0000000000000000,0x0000000000000000,0x0000000080019440,0x0000000080019698,0x00000000800194a0,0x000000008000f238,0x00000000800003f0,0x00000000800194a0,0x00000000800194b8,0x000000006abddffd,0x0000000026b85f1c,0x0000000000000000,0x000000006a351a78,0x00000000005fd07e,0x3fedd0be6c600a3c,0x0000000080005cee,0x0000000000000000,0x4057f41f89ae17c7,0x412a025f644d013b,0x415207571aa161e5,0x01a56e1fc2f8f359,0x0000000000000000,0x0000000000000000,0x0000000080005cee,0x0000000000f851e9,0x0000000000ef7615,0x0000000000f851e9,0x0000000000ef7615,0x000000000015e495,0x00000000000006de,0x00000000000051cd,0x0000000000000777,0x0000000000005c48,0x000000000072b858,0x00000000000013a1
1784428111885,0x0000000080005850,0x0000000080018ed0,0x0000000080007a7a,0x000000000000000f,0x00000000800191f0,0x0000000080018f20,0x00000000800191f0,0x0000000080019310,0x0000000000000003,0x0000000000000006,0x0000000000000002,0x0000000000000003,0x000000008000f201,0x3fe2e66530b9ff78,0x0000000000000000,0xffffffffa2cffeae,0x000000000058c77b,0x3fedd0be6c600a3c,0x000000008000496c,0x0000000000000000,0x414fe5c101758e22,0x412a024dc6cf41f2,0x41520756b46dc5d6,0x0000000000000000,0x0000000000000000,0x0000000000000000,0x000000008000496c,0x0000000000f92062,0x0000000000f04197,0x0000000000f92062,0x0000000000f04197,0x000000000015f6a6,0x00000000000006e0,0x00000000000051d0,0x0000000000000784,0x0000000000005c71,0x000000000073196b,0x00000000000013a4
1784428112732,0x00000000800056f8,0x0000000080019060,0x0000000080007a7a,0x000000000000000f,0x0000000080019430,0x00000000800190b0,0x0000000080019548,0x000000008000f238,0x0000000000000006,0x0000000000000006,0x0000000000000001,0x0000000000000006,0x000000008000f201,0x3fe279e0a1c2d00e,0x0000000000000000,0xffffffff8ff41b3e,0x000000000057f673,0x3fedd0be6c55ec5e,0x0000000080004992,0x0000000000000000,0x414fe5c171b089a0,0x412a024bba36e2eb,0x41520755a9ed288d,0x0000000000000000,0x0000000000000000,0x0000000000000000,0x0000000080004992,0x0000000000f9e983,0x0000000000f10622,0x0000000000f9e983,0x0000000000f10622,0x0000000000160bd7,0x00000000000006eb,0x00000000000051d2,0x000000000000078f,0x0000000000005ce6,0x0000000000737d89,0x00000000000013a7
1784428113599,0x000000008000589c,0x0000000080018ed0,0x0000000080007a7a,0x0000000000000000,0x00000000800191f0,0x0000000080018f20,0x0000000080019280,0x0000000080019118,0x0000000000000006,0x0000000000000003,0x0000000080019280,0x0000000080019308,0xffffffffbee7fefe,0x0000000043f916d8,0x0000000000000000,0xffffffffbee314e0,0x000000000055dc95,0x3fedd0be6c55ec5e,0x00000000800049a4,0x0000000000000000,0x4025772550fe45b6,0x412a024bba36e2eb,0x41520755a9ed288d,0x0000000000000000,0x0000000000000000,0x0000000000000000,0x00000000800049a4,0x0000000000fabbf3,0x0000000000f1d912,0x0000000000fabbf3,0x0000000000f1d912,0x0000000000161ca5,0x00000000000006f4,0x00000000000051d2,0x000000000000078f,0x0000000000005d15,0x000000000073e3ac,0x00000000000013aa
1784428114462,0x00000000800056f8,0x0000000080019060,0x0000000080007a7a,0x000000000000000f,0x0000000080019430,0x00000000800190b0,0x0000000080019548,0x000000008000f238,0x0000000000000006,0x0000000000000006,0x000000008000f238,0x000000008000f2b0,0x000000008000f201,0x3fe0b1c409d03f7c,0x0000000000000000,0x000000000436e7ce,0x00000000005807cb,0x3fedd0be6c4e1ac5,0x00000000800049c6,0x0000000000000000,0x414fe5c301930be1,0x412a02441b71758e,0x41520755fca57a78,0x0000000000000000,0x0000000000000000,0x0000000000000000,0x00000000800049c6,0x0000000000fb778c,0x0000000000f28e73,0x0000000000fb778c,0x0000000000f28e73,0x00000000001630d6,0x00000000000006f6,0x00000000000051d4,0x000000000000079a,0x0000000000005d58,0x0000000000743dc3,0x00000000000013ad
1784428115293,0x00000000800058f2,0x0000000080018ed0,0x0000000080007a7a,0x0000000000000000,0x00000000800191f0,0x0000000080018f20,0x00000000800193a0,0x00000000800194a0,0x0000000000000006,0x0000000000000003,0x0000000080018f50,0x0000000000000000,0x0000000077adb7ba,0x0000000043f76a6c,0x0000000000000000,0x0000000077ad3138,0x000000000055dc95,0x3fedd0be6c4e1ac5,0x0000000080004a00,0x0000000000000000,0x4025772550fdda9b,0x412a02441b71758e,0x41520755fca57a78,0x0000000000000000,0x0000000000000000,0x0000000000000000,0x0000000080004a00,0x0000000000fc45a3,0x0000000000f35cf6,0x0000000000fc45a3,0x0000000000f35cf6,0x000000000016419f,0x00000000000006ff,0x00000000000051d4,0x000000000000079a,0x0000000000005d8e,0x000000000074a18e,0x00000000000013b0
1784428116102,0x0000000080005744,0x0000000080019060,0x0000000080007a7a,0x000000000000000f,0x00000000800191f0,0x00000000800190b0,0x0000000080019310,0x00000000800191f0,0x0000000000000006,0x0000000000000006,0x0000000000000003,0x0000000000000006,0x000000008000f201,0x3fdec14682584669,0x0000000000000000,0xffffffffd9163efe,0x0000000000580d8e,0x3fedd0be6c483ae9,0x0000000080004a06,0x0000000000000000,0x414fe5bd850b0f28,0x412a0263e17c1bda,0x41520758c6425aee,0x0000000000000000,0x3fe185d1eca6d096,0x3fe185d1eca6d096,0x0000000080004a06,0x0000000000fd09fa,0x0000000000f41b7c,0x0000000000fd09fa,0x0000000000f41b7c,0x0000000000165606,0x0000000000000701,0x00000000000051d7,0x00000000000007a9,0x0000000000005dd8,0x0000000000750024,0x00000000000013b3
1784428116800,0x00000000800058f2,0x0000000080018ed0,0x0000000080007a7a,0x0000000000000000,0x00000000800191f0,0x0000000080018f20,0x00000000800193a0,0x00000000800194a0,0x0000000000000006,0x0000000000000003,0x0000000000000005,0x0000000000000006,0x0000000060fbf77f,0x0000000043f60412,0x0000000000000000,0x0000000060abb75e,0x000000000055dc95,0x3fedd0be6c483ae9,0x000000008000496c,0x0000000000000000,0x4025772550fd8105,0x412a0263e17c1bda,0x41520758c6425aee,0x0000000000000000,0x0000000000000000,0x0000000000000000,0x000000008000496c,0x0000000000fdca05,0x0000000000f4db7a,0x0000000000fdca05,0x0000000000f4db7a,0x00000000001665ce,0x000000000000070a,0x00000000000051d7,0x00000000000007a9,0x0000000000005e02,0x0000000000755d07,0x00000000000013b6
1784428117632,0x0000000080005744,0x0000000080019060,0x0000000080007a7a,0x000000000000000f,0x00000000800191f0,0x00000000800190b0,0x0000000080019310,0x00000000800191f0,0x0000000000000006,0x0000000000000006,0x0000000000000005,0x0000000000000006,0x000000008000f201,0x3fe16a5b333a3395,0x0000000000000000,0x00000000245aeeb8,0x0000000000589141,0x3fedd0be6c43f94b,0x000000008000498e,0x0000000000000000,0x414fe5c15b9f559b,0x412a025814d6a162,0x415207582523a29c,0x0000000000000000,0x0000000000000000,0x0000000000000000,0x000000008000498e,0x0000000000fea511,0x0000000000f5b086,0x0000000000fea511,0x0000000000f5b086,0x0000000000167c0f,0x000000000000070c,0x00000000000051da,0x00000000000007b8,0x0000000000005e4a,0x000000000075c660,0x00000000000013b9
1784428118364,0x0000000080006260,0x0000000080019230,0x402a6014521bc7d6,0x0000000000000000,0x0000000000000000,0x0000000080019440,0x0000000080019698,0x00000000800194a0,0x000000008000f238,0x00000000800003f0,0x00000000800194a0,0x0000000080019518,0xffffffff809973ba,0x0000000053a03d94,0x0000000000000000,0xffffffff80181138,0x00000000004edb44,0x3fedd0be6c410a4f,0x0000000080005ce4,0x0000000000000000,0x4063b6d114e80f65,0x412a025814d6a162,0x415207582523a29c,0x01a56e1fc2f8f359,0x3fdcf46da09c9a11,0x0000000000000000,0x0000000080005ce4,0x0000000000ff9f17,0x0000000000f6a73e,0x0000000000ff9f17,0x0000000000f6a73e,0x0000000000169369,0x0000000000000715,0x00000000000051da,0x00000000000007b9,0x0000000000005e9a,0x00000000007640e2,0x00000000000013bc
1784428119113,0x000000008000583a,0x0000000080018ed0,0x0000000080007a7a,0x000000000000000f,0x00000000800191f0,0x0000000080018f20,0x00000000800194a0,0x000000008000f238,0x0000000000000003,0x0000000000000006,0x00000000800191f0,0x0000000080019258,0x000000008000f201,0x3fe24593ff4c2a6e,0x0000000000000000,0xffffffff8f0554e0,0x000000000058caa0,0x3fedd0be6c410a4f,0x0000000080004982,0x0000000000000000,0x414fe5c06fced917,0x412a0243f7c1bda5,0x415207583d7c1bda,0x0000000000000000,0x0000000000000000,0x0000000000000000,0x0000000080004982,0x0000000001005d68,0x0000000000f76266,0x0000000001005d68,0x0000000000f76266,0x000000000016a452,0x0000000000000717,0x00000000000051dc,0x00000000000007c4,0x0000000000005ec6,0x0000000000769a4e,0x00000000000013bf
1784428119939,0x00000000800056f8,0x0000000080019060,0x0000000080007a7a,0x000000000000000f,0x0000000080019430,0x00000000800190b0,0x0000000080019548,0x000000008000f238,0x0000000000000006,0x0000000000000006,0x0000000080019310,0x0000000080019330,0x000000008000f201,0x3fe2f5579d83de49,0x0000000000000000,0xffffffff899bbcf8,0x000000000057d23c,0x3fedd0be6c3f2abd,0x00000000800049f0,0x0000000000000000,0x414fe5c0d3b98c7e,0x412a02453e00d1b7,0x41520759d3141206,0x3ff0000000000000,0x0000000000000000,0x0000000000000000,0x00000000800049f0,0x0000000001012c54,0x0000000000f82d44,0x0000000001012c54,0x0000000000f82d44,0x000000000016ba02,0x0000000000000722,0x00000000000051de,0x00000000000007cf,0x0000000000005f2d,0x0000000000770162,0x00000000000013c2
1784428120742,0x0000000080005018,0x0000000080018e40,0x0000000080007a7a,0x0000000000000000,0x00000000800191f0,0x0000000080018e90,0x0000000000000000,0x0000000050fccb16,0x000000003fe00000,0x4025772550fccb16,0x0000000080019118,0x0000000080019118,0xffffffffe4cfb9de,0x0000000043f32c56,0x0000000000000000,0xffffffffe487298e,0x000000000055dc95,0x3fedd0be6c3f2abd,0x00000000800050c6,0x0000000000000000,0x4025772550fccb16,0x412a02453e00d1b7,0x41520759d3141206,0x01a56e1fc2f8f359,0x0000000000000000,0x3fc729f14d4a1463,0x00000000800050c6,0x000000000101f661,0x0000000000f8f7f5,0x000000000101f661,0x0000000000f8f7f5,0x000000000016c9e9,0x0000000000000726,0x00000000000051de,0x00000000000007cf,0x0000000000005f50,0x00000000007763c9,0x00000000000013c5
1784428121476,0x00000000800056f8,0x0000000080019060,0x0000000080007a7a,0x000000000000000f,0x0000000080019430,0x00000000800190b0,0x0000000080019548,0x000000008000f238,0x0000000000000006,0x0000000000000006,0x0000000000000000,0x0000000000000000,0x000000008000f201,0x3fe5446cb2f85c17,0x0000000000000000,0x0000000023dc25f8,0x00000000005807c2,0x3fedd0be6c3e1fcc,0x00000000800049be,0x0000000000000000,0x414fe5c0a5119ce0,0x412a0244013a92a3,0x41520756c0418937,0x0000000000000000,0x0000000000000000,0x0000000000000000,0x00000000800049be,0x000000000102b7b2,0x0000000000f9b29f,0x000000000102b7b2,0x0000000000f9b29f,0x000000000016dec0,0x000000000000072d,0x00000000000051e1,0x00000000000007de,0x0000000000005f98,0x000000000077c046,0x00000000000013c8
1784428122288,0x000000008000589c,0x0000000080018ed0,0x0000000080007a7a,0x0000000000000000,0x00000000800191f0,0x0000000080018f20,0x0000000080019280,0x0000000080019118,0x0000000000000006,0x0000000000000003,0x0000000000000001,0x0000000000000003,0xffffffff8c9da37f,0x0000000043f295be,0x0000000000000000,0xffffffff8c98a37e,0x000000000055dc95,0x3fedd0be6c3e1fcc,0x00000000800049b0,0x0000000000000000,0x4025772550fca570,0x412a0244013a92a3,0x41520756c0418937,0x0000000000000000,0x0000000000000000,0x0000000000000000,0x00000000800049b0,0x0000000001037dba,0x0000000000fa79bb,0x0000000001037dba,0x0000000000fa79bb,0x000000000016ee98,0x0000000000000736,0x00000000000051e1,0x00000000000007de,0x0000000000005fb5,0x00000000007820e0,0x00000000000013cb
1784428123108,0x00000000800056f8,0x0000000080019060,0x0000000080007a7a,0x000000000000000f,0x0000000080019430,0x00000000800190b0,0x0000000080019548,0x000000008000f238,0x0000000000000006,0x0000000000000006,0x0000000000000002,0x0000000000000006,0x000000008000f201,0x3fe36873d62bacfe,0x0000000000000000,0xffffffffcff63d5e,0x000000000058048e,0x3fedd0be6c3db6ea,0x000000008000496c,0x0000000000000000,0x414fe5bdd7ef9db2,0x412a024da8e8a71e,0x4152075912f69446,0x0000000000000000,0x0000000000000000,0x0000000000000000,0x000000008000496c,0x0000000001042606,0x0000000000fb1b96,0x0000000001042606,0x0000000000fb1b96,0x000000000017012d,0x0000000000000738,0x00000000000051e4,0x00000000000007eb,0x0000000000006003,0x00000000007871d2,0x00000000000013ce
1784428123907,0x000000008000589c,0x0000000080018ed0,0x0000000080007a7a,0x0000000000000000,0x00000000800191f0,0x0000000080018f20,0x0000000080019280,0x0000000080019118,0x0000000000000006,0x0000000000000003,0x0000000000000001,0x0000000000000003,0xffffffffc3dff76f,0x0000000043f22226,0x0000000000000000,0xffffffffc3ccf12e,0x000000000055dc95,0x3fedd0be6c3db6ea,0x00000000800049b0,0x0000000000000000,0x4025772550fc888a,0x412a024da8e8a71e,0x4152075912f69446,0x0000000000000000,0x0000000000000000,0x0000000000000000,0x00000000800049b0,0x000000000104e9e7,0x0000000000fbdff7,0x000000000104e9e7,0x0000000000fbdff7,0x00000000001710d2,0x0000000000000741,0x00000000000051e4,0x00000000000007eb,0x000000000000602e,0x000000000078d118,0x00000000000013d1
1784428124770,0x00000000800056f8,0x0000000080019060,0x0000000080007a7a,0x000000000000000f,0x0000000080019430,0x00000000800190b0,0x0000000080019548,0x000000008000f238,0x0000000000000006,0x0000000000000006,0x0000000000000006,0x0000000000000003,0x000000008000f201,0x3fe46236f9f1a405,0x0000000000000000,0x0000000008158eee,0x0000000000580566,0x3fedd0be6c3dc559,0x0000000080004a1c,0x0000000000000000,0x414fe5bb0df3b646,0x412a02506504816f,0x41520758d3958106,0x3ff0000000000000,0x0000000000000000,0x0000000000000000,0x0000000080004a1c,0x000000000105b0dd,0x0000000000fca0bb,0x000000000105b0dd,0x0000000000fca0bb,0x00000000001725ea,0x0000000000000743,0x00000000000051e6,0x00000000000007f6,0x000000000000607f,0x0000000000793085,0x00000000000013d4
1784428125634,0x00000000800058f2,0x0000000080018ed0,0x0000000080007a7a,0x0000000000000000,0x00000000800191f0,0x0000000080018f20,0x00000000800193a0,0x00000000800194a0,0x0000000000000006,0x0000000000000003,0x0000000000000000,0x0000000000000006,0xffffffffc6ddedde,0x0000000043f1cbb6,0x0000000000000000,0xffffffffc69ced4e,0x000000000055dc95,0x3fedd0be6c3dc559,0x000000008000494a,0x0000000000000000,0x4025772550fc72ee,0x412a02506504816f,0x41520758d3958106,0x0000000000000000,0x0000000000000000,0x0000000000000000,0x000000008000494a,0x0000000001067684,0x0000000000fd66f2,0x0000000001067684,0x0000000000fd66f2,0x0000000000173604,0x000000000000074c,0x00000000000051e6,0x00000000000007f6,0x00000000000060af,0x0000000000799071,0x00000000000013d7
1784428126441,0x0000000080005744,0x0000000080019060,0x0000000080007a7a,0x000000000000000f,0x00000000800191f0,0x00000000800190b0,0x0000000080019310,0x00000000800191f0,0x0000000000000006,0x0000000000000006,0x00000000800190d0,0x00000000800190d8,0x000000008000f201,0x3fe4bed5198e3f7f,0x0000000000000000,0x0000000035aa31e0,0x000000000057ba15,0x3fedd0be6c3e2798,0x00000000800049f0,0x0000000000000000,0x414fe5bfb1724745,0x412a0252d288ce70,0x41520757d33d07c8,0x0000000000000000,0x3fe185d1eca6d05e,0x3fe185d1eca6d05e,0x00000000800049f0,0x0000000001073cc3,0x0000000000fe279e,0x0000000001073cc3,0x0000000000fe279e,0x0000000000174a8c,0x000000000000074e,0x00000000000051e8,0x0000000000000801,0x00000000000060fd,0x000000000079f029,0x00000000000013da
1784428127200,0x000000008000578a,0x0000000080018db0,0x0000000080007a7a,0x0000000000000000,0x00000000800191f0,0x0000000080018de0,0x0000000080018f50,0x0000000000000006,0x0000000000000006,0x0000000000000003,0x0000000000000003,0x0000000000000012,0xffffffffdeff6ba6,0x0000000043f18d30,0x0000000000000000,0xffffffffdee10b80,0x000000000055dc95,0x3fedd0be6c3e2798,0x0000000080004cd8,0x0000000000000000,0x4025772550fc634c,0x412a0252d288ce70,0x41520757d33d07c8,0x3f8314f4c028296a,0x0000000000000000,0x8000000000000000,0x0000000080004cd8,0x00000000010808cb,0x0000000000fef365,0x00000000010808cb,0x0000000000fef365,0x0000000000175b33,0x0000000000000757,0x00000000000051e8,0x0000000000000801,0x0000000000006131,0x00000000007a5294,0x00000000000013dd
1784428128055,0x0000000080005744,0x0000000080019060,0x0000000080007a7a,0x000000000000000f,0x00000000800191f0,0x00000000800190b0,0x0000000080019310,0x00000000800191f0,0x0000000000000006,0x0000000000000006,0x0000000000000000,0x0000000000000018,0x000000008000f201,0x3fe3ac08083f6589,0x0000000000000000,0xfffffffff3a45b80,0x000000000058bb2f,0x3fedd0be6c3ec0b8,0x000000008000499a,0x0000000000000000,0x414fe5bf3e1e4f76,0x412a023e232ca57a,0x4152075aee8f5c29,0x0000000000000000,0x0000000000000000,0x0000000000000000,0x000000008000499a,0x000000000108d581,0x0000000000ffb9e5,0x000000000108d581,0x0000000000ffb9e5,0x000000000017705e,0x0000000000000759,0x00000000000051eb,0x0000000000000810,0x0000000000006184,0x00000000007ab517,0x00000000000013e0
1784428128807,0x00000000800057ae,0x0000000080018d90,0x0000000080007a7a,0x0000000000000000,0x00000000800191f0,0x0000000080018de0,0x0000000080018f50,0x000000008000f238,0x0000000000000006,0x0000000000000006,0x000000008000f238,0x000000008000f2e0,0x0000000001feef6f,0x0000000043f161ea,0x0000000000000000,0x0000000001fc6b0e,0x000000000055dc95,0x3fedd0be6c3ec0b8,0x00000000800049c6,0x0000000000000000,0x4025772550fc587b,0x412a023e232ca57a,0x4152075aee8f5c29,0x8000000000000000,0x0000000000000000,0x0000000000000000,0x00000000800049c6,0x0000000001099143,0x0000000001007563,0x0000000001099143,0x0000000001007563,0x0000000000177fa9,0x0000000000000762,0x00000000000051eb,0x0000000000000810,0x00000000000061c1,0x00000000007b0fe3,0x00000000000013e3
1784428129637,0x0000000080005744,0x0000000080019060,0x0000000080007a7a,0x000000000000000f,0x00000000800191f0,0x00000000800190b0,0x0000000080019310,0x00000000800191f0,0x0000000000000006,0x0000000000000006,0x00000000800190d0,0x00000000800191e0,0x000000008000f201,0x3fe6430fb176ebf4,0x0000000000000000,0x000000002343a5e0,0x000000000057d46f,0x3fedd0be6c3f79a7,0x0000000080004984,0x0000000000000000,0x414fe5bc61ce075f,0x412a02453a43fe5d,0x41520757b116872b,0x3fc17a1e17d18b7f,0x0000000000000000,0x0000000000000000,0x0000000080004984,0x00000000010a5b51,0x000000000101396d,0x00000000010a5b51,0x000000000101396d,0x00000000001794a0,0x0000000000000764,0x00000000000051ee,0x000000000000081f,0x00000000000061fd,0x00000000007b7140,0x00000000000013e6
1784428130471,0x00000000800057ae,0x0000000080018d90,0x0000000080007a7a,0x0000000000000000,0x00000000800191f0,0x0000000080018de0,0x0000000080018f50,0x000000008000f238,0x0000000000000006,0x0000000000000006,0x0000000000000002,0x000000000000000c,0x000000000eb7bfa4,0x0000000043f145e0,0x0000000000000000,0x000000000e96be00,0x000000000055dc95,0x3fedd0be6c3f79a7,0x0000000080004992,0x0000000000000000,0x4025772550fc5178,0x412a02453a43fe5d,0x41520757b116872b,0x8000000000000000,0x0000000000000000,0x0000000000000000,0x0000000080004992,0x00000000010b116b,0x000000000101ef9e,0x00000000010b116b,0x000000000101ef9e,0x000000000017a37f,0x000000000000076d,0x00000000000051ee,0x000000000000081f,0x000000000000622f,0x00000000007bc983,0x00000000000013ea
1784428131285,0x0000000080005744,0x0000000080019060,0x0000000080007a7a,0x000000000000000f,0x00000000800191f0,0x00000000800190b0,0x0000000080019310,0x00000000800191f0,0x0000000000000006,0x0000000000000006,0x00000000800190d0,0x00000000800191a0,0x000000008000f201,0x3fe4704fb9118b1d,0x0000000000000000,0x000000003bceee00,0x000000000057b3b9,0x3fedd0be6c404079,0x00000000800049f2,0x0000000000000000,0x414fe5b833b98c7e,0x412a023cff06f694,0x415207581d42c3ca,0x0000000000000000,0x0000000000000000,0x0000000000000000,0x00000000800049f2,0x00000000010bc589,0x0000000001029dea,0x00000000010bc589,0x0000000001029dea,0x000000000017b6ab,0x000000000000076f,0x00000000000051f0,0x000000000000082a,0x000000000000627e,0x00000000007c209d,0x00000000000013ed
1784428132133,0x00000000800057ae,0x0000000080018d90,0x0000000080007a7a,0x0000000000000000,0x00000000800191f0,0x0000000080018de0,0x0000000080018f50,0x000000008000f238,0x0000000000000006,0x0000000000000006,0x0000000080018f50,0x0000000080019030,0x000000004e78bf3b,0x0000000043f13594,0x0000000000000000,0x000000004e10b138,0x000000000055dc95,0x3fedd0be6c404079,0x00000000800049a4,0x0000000000000000,0x4025772550fc4d65,0x412a023cff06f694,0x415207581d42c3ca,0x8000000000000000,0x0000000000000000,0x0000000000000000,0x00000000800049a4,0x00000000010c9671,0x0000000001036e96,0x00000000010c9671,0x0000000001036e96,0x000000000017c7b7,0x0000000000000778,0x00000000000051f0,0x000000000000082a,0x00000000000062b6,0x00000000007c8559,0x00000000000013f0
1784428132952,0x000000008000575e,0x0000000080019070,0x0000000080007a7a,0x000000000000000f,0x00000000800191f0,0x00000000800190b0,0x00000000800190d0,0x00000000800002d0,0x000000008000f238,0x0000000000000006,0x0000000000000003,0x0000000000000018,0x000000008000f201,0x3fe32b5f588ccd92,0x0000000000000000,0xffffffffe2da47f8,0x000000000056ace7,0x3fedd0be6c4107ab,0x0000000080004c0e,0x0000000000000000,0x414fe5ba7a2d0e56,0x412a02587a5119ce,0x41520756e20f9097,0x3fc17a1e17d2079f,0x0000000000000000,0x0000000000000000,0x0000000080004c0e,0x00000000010d506d,0x0000000001042274,0x00000000010d506d,0x0000000001042274,0x000000000017db56,0x000000000000077a,0x00000000000051f2,0x0000000000000835,0x0000000000006306,0x00000000007cdf21,0x00000000000013f3
1784428133784,0x00000000800057ae,0x0000000080018d90,0x0000000080007a7a,0x0000000000000000,0x00000000800191f0,0x0000000080018de0,0x0000000080018f50,0x000000008000f238,0x0000000000000006,0x0000000000000006,0x0000000080018f50,0x0000000080019010,0xffffffffcf47fffb,0x0000000043f12e18,0x0000000000000000,0xffffffffcf41aee0,0x000000000055dc95,0x3fedd0be6c4107ab,0x00000000800049a4,0x0000000000000000,0x4025772550fc4b86,0x412a02587a5119ce,0x41520756e20f9097,0x8000000000000000,0x0000000000000000,0x0000000000000000,0x00000000800049a4,0x00000000010e1211,0x000000000104e42a,0x00000000010e1211,0x000000000104e42a,0x000000000017eb27,0x0000000000000783,0x00000000000051f2,0x0000000000000835,0x000000000000633a,0x00000000007d3cd4,0x00000000000013f6
1784428134580,0x000000008000575e,0x0000000080019070,0x0000000080007a7a,0x000000000000000f,0x00000000800191f0,0x00000000800190b0,0x00000000800190d0,0x00000000800002d0,0x000000008000f238,0x0000000000000006,0x000000008000f238,0x000000008000f320,0x000000008000f201,0x3fe06ba62de28374,0x0000000000000000,0x000000000d475678,0x00000000005860d7,0x3fedd0be6c41c575,0x0000000080004c62,0x0000000000000000,0x414fe5b8d178d4fe,0x412a024743fe5c92,0x4152075d8dfbe76d,0x3fc17a1e17d22d4d,0x3ff117a2f91b2864,0x3ff12c1dda62d678,0x0000000080004c62,0x00000000010ec76a,0x0000000001059338,0x00000000010ec76a,0x0000000001059338,0x000000000017fe66,0x0000000000000785,0x00000000000051f5,0x0000000000000844,0x000000000000638f,0x00000000007d9443,0x00000000000013f9
1784428135409,0x00000000800057ae,0x0000000080018d90,0x0000000080007a7a,0x0000000000000000,0x00000000800191f0,0x0000000080018de0,0x0000000080018f50,0x000000008000f238,0x0000000000000006,0x0000000000000006,0x0000000000000003,0x000000000000001b,0x000000002ed833fb,0x0000000043f12cfc,0x0000000000000000,0x000000002ed033f8,0x000000000055dc95,0x3fedd0be6c41c575,0x00000000800049be,0x0000000000000000,0x4025772550fc4b3f,0x412a024743fe5c92,0x4152075d8dfbe76d,0xbf8314f4c02a8727,0x0000000000000000,0x0000000000000000,0x00000000800049be,0x00000000010f8fd9,0x0000000001065b84,0x00000000010f8fd9,0x0000000001065b84,0x0000000000180ebf,0x000000000000078e,0x00000000000051f5,0x0000000000000844,0x00000000000063c5,0x00000000007df512,0x00000000000013fc
1784428136222,0x0000000080005820,0x0000000080018ed0,0x0000000080007a7a,0x000000000000000f,0x00000000800191f0,0x0000000080018f20,0x000000008000f238,0x0000000080019310,0x0000000000000006,0x0000000000000006,0x0000000000000001,0x0000000000000003,0x000000008000f201,0x3fe5d675ebf5d949,0x0000000000000000,0x0000000014b72d38,0x0000000000576b42,0x3fedd0be6c42732b,0x00000000800049ba,0x0000000000000000,0x414fe5bbc14af4f1,0x412a024a6f0d844d,0x41520756f5460aa6,0x3fbaec350bb9de18,0x0000000000000000,0x0000000000000000,0x00000000800049ba,0x0000000001104828,0x0000000001070e22,0x0000000001104828,0x0000000001070e22,0x000000000018222d,0x0000000000000790,0x00000000000051f8,0x0000000000000851,0x0000000000006417,0x00000000007e4e36,0x00000000000013ff
1784428137048,0x00000000800057ae,0x0000000080018d90,0x0000000080007a7a,0x0000000000000000,0x00000000800191f0,0x0000000080018de0,0x0000000080018f50,0x000000008000f238,0x0000000000000006,0x0000000000000006,0x0000000080018df0,0x0000000080018eb8,0xffffffffc779b77e,0x0000000043f13042,0x0000000000000000,0xffffffffc751977e,0x000000000055dc95,0x3fedd0be6c42732b,0x00000000800049f0,0x0000000000000000,0x4025772550fc4c11,0x412a024a6f0d844d,0x41520756f5460aa6,0x3febc7aad426e447,0x0000000000000000,0x0000000000000000,0x00000000800049f0,0x000000000110f9c9,0x000000000107bfac,0x000000000110f9c9,0x000000000107bfac,0x00000000001830ca,0x0000000000000799,0x00000000000051f8,0x0000000000000851,0x0000000000006446,0x00000000007ea435,0x0000000000001402
1784428137850,0x000000008000575e,0x0000000080019070,0x0000000080007a7a,0x000000000000000f,0x00000000800191f0,0x00000000800190b0,0x00000000800190d0,0x00000000800002d0,0x000000008000f238,0x0000000000000006,0x000000008000f238,0x000000008000f340,0x000000008000f201,0x3fe278500db59949,0x0000000000000000,0xffffffffc02cddf8,0x0000000000582377,0x3fedd0be6c430ca6,0x0000000080004c62,0x0000000000000000,0x414fe5b8943fe5c9,0x412a024e9b645a1d,0x4152075aab1f8a09,0x3fc17a1e17d24da0,0x0000000000000000,0x0000000000000000,0x0000000080004c62,0x000000000111b4f8,0x00000000010874de,0x000000000111b4f8,0x00000000010874de,0x000000000018447f,0x000000000000079b,0x00000000000051fa,0x000000000000085c,0x000000000000648f,0x00000000007efeae,0x0000000000001405
1784428138651,0x00000000800057ae,0x0000000080018d90,0x0000000080007a7a,0x0000000000000000,0x00000000800191f0,0x0000000080018de0,0x0000000080018f50,0x000000008000f238,0x0000000000000006,0x0000000000000006,0x0000000000000002,0x000000000000001e,0x00000000592b3e78,0x0000000043f13654,0x0000000000000000,0x0000000059283a38,0x000000000055dc95,0x3fedd0be6c430ca6,0x0000000080004998,0x0000000000000000,0x4025772550fc4d95,0x412a024e9b645a1d,0x4152075aab1f8a09,0x8000000000000000,0x0000000000000000,0x0000000000000000,0x0000000080004998,0x0000000001127ebd,0x0000000001093ebe,0x0000000001127ebd,0x0000000001093ebe,0x0000000000185502,0x00000000000007a4,0x00000000000051fa,0x000000000000085c,0x00000000000064b9,0x00000000007f602d,0x0000000000001408
1784428139344,0x0000000080005820,0x0000000080018ed0,0x0000000080007a7a,0x000000000000000f,0x00000000800191f0,0x0000000080018f20,0x000000008000f238,0x0000000080019310,0x0000000000000006,0x0000000000000006,0x0000000000000006,0x0000000000000006,0x000000008000f201,0x3fe3cc9cdd24c7fd,0x0000000000000000,0xffffffffd7cf5780,0x000000000057d52a,0x3fedd0be6c438fbd,0x0000000080004a06,0x0000000000000000,0x414fe5bdd6d91687,0x412a025b6adab9f5,0x4152075a726809d5,0x3ff12c1dda63bf69,0x0000000000000000,0x0000000000000000,0x0000000080004a06,0x00000000011341d1,0x000000000109fc39,0x00000000011341d1,0x000000000109fc39,0x0000000000186952,0x00000000000007a6,0x00000000000051fc,0x0000000000000867,0x0000000000006503,0x00000000007fbe72,0x000000000000140b
1784428140148,0x0000000080006260,0x0000000080019230,0x402a6014520d24a8,0x0000000000000000,0x0000000000000000,0x0000000080019440,0x0000000080019698,0x00000000800194a0,0x000000008000f238,0x00000000800003f0,0x0000000000000000,0x0000000000000000,0xffffffffd4e7afdf,0xffffffffb1e2fc72,0x0000000000000000,0xffffffffd4e3ae9e,0x00000000004574db,0x3fedd0be6c43fbd4,0x0000000080005ca8,0x0000000000000000,0x40415d36ec78bf1d,0x412a025b6adab9f5,0x4152075a726809d5,0x01a56e1fc2f8f359,0x0000000000000000,0x0000000000000000,0x0000000080005ca8,0x000000000114120f,0x00000000010ac9ac,0x000000000114120f,0x00000000010ac9ac,0x0000000000187ce1,0x00000000000007af,0x00000000000051fc,0x0000000000000868,0x0000000000006551,0x00000000008024ef,0x000000000000140e
1784428140845,0x000000008000583a,0x0000000080018ed0,0x0000000080007a7a,0x000000000000000f,0x00000000800191f0,0x0000000080018f20,0x00000000800194a0,0x000000008000f238,0x0000000000000003,0x0000000000000006,0x0000000000000002,0x0000000000000006,0x000000008000f201,0x3fe4812aff764c27,0x0000000000000000,0xffffffff829b50fe,0x0000000000596789,0x3fedd0be6c43fbd4,0x00000000800049d6,0x0000000000000000,0x414fe5b8f2b367a1,0x412a02470d4fdf3b,0x41520754268c154d,0x0000000000000000,0x0000000000000000,0x0000000000000000,0x00000000800049d6,0x000000000114dac9,0x00000000010b8eb9,0x000000000114dac9,0x00000000010b8eb9,0x0000000000188f1b,0x00000000000007b1,0x00000000000051ff,0x0000000000000876,0x000000000000657a,0x0000000000808387,0x0000000000001411
1784428141587,0x00000000800056f8,0x0000000080019060,0x0000000080007a7a,0x000000000000000f,0x0000000080019430,0x00000000800190b0,0x0000000080019548,0x000000008000f238,0x0000000000000006,0x0000000000000006,0x000000008000f238,0x000000008000f278,0x000000008000f201,0x3fdad55964123b90,0x0000000000000000,0x0000000039956af8,0x000000000057c3b6,0x3fedd0be6c445178,0x00000000800049c6,0x0000000000000000,0x414fe5b7af3eab36,0x412a02538fdf3b64,0x415207594125460b,0x3ff0000000000000,0x0000000000000000,0x0000000000000000,0x00000000800049c6,0x000000000115a0ac,0x00000000010c5038,0x000000000115a0ac,0x00000000010c5038,0x000000000018a40a,0x00000000000007bc,0x0000000000005202,0x0000000000000885,0x00000000000065e6,0x000000000080e62b,0x0000000000001414
1784428142339,0x0000000080005850,0x0000000080018ed0,0x0000000080007a7a,0x000000000000000f,0x00000000800191f0,0x0000000080018f20,0x00000000800191f0,0x0000000080019310,0x0000000000000003,0x0000000000000006,0x00000000800191a8,0x00000000800191c0,0x000000008000f201,0x3fdad55964123b90,0x0000000000000000,0x0000000039956af8,0x000000000057c3b6,0x3fedd0be6c445178,0x00000000800049f0,0x0000000000000000,0x414fe5b7af3eab36,0x412a02538fdf3b64,0x415207594125460b,0x401623e8e4790c0e,0x0000000000000000,0x0000000000000000,0x00000000800049f0,0x000000000116570b,0x00000000010d0595,0x000000000116570b,0x00000000010d0595,0x000000000018b2af,0x00000000000007bc,0x0000000000005202,0x0000000000000885,0x00000000000065ee,0x0000000000813b9c,0x0000000000001417
1784428143195,0x00000000800056f8,0x0000000080019060,0x0000000080007a7a,0x000000000000000f,0x0000000080019430,0x00000000800190b0,0x0000000080019548,0x000000008000f238,0x0000000000000006,0x0000000000000006,0x0000000000000001,0x0000000000000007,0x000000008000f201,0x3fda737a4b89ce4c,0x0000000000000000,0x000000003f65941e,0x0000000000582096,0x3fedd0be6c449209,0x0000000080004978,0x0000000000000000,0x414fe5bac8ef34d7,0x412a02419487fcb9,0x4152075c82eb1c43,0x0000000000000000,0x0000000000000000,0x0000000000000000,0x0000000080004978,0x0000000001171dd0,0x00000000010dc817,0x0000000001171dd0,0x00000000010dc817,0x000000000018c7b2,0x00000000000007c7,0x0000000000005204,0x0000000000000890,0x000000000000665e,0x0000000000819e9d,0x000000000000141a
1784428143948,0x000000008000589c,0x0000000080018ed0,0x0000000080007a7a,0x0000000000000000,0x00000000800191f0,0x0000000080018f20,0x0000000080019280,0x0000000080019118,0x0000000000000006,0x0000000000000003,0x0000000000000001,0x0000000000000003,0xffffffffe9f3f77f,0x0000000043f155e4,0x0000000000000000,0xffffffffe9f36678,0x000000000055dc95,0x3fedd0be6c449209,0x00000000800049b0,0x0000000000000000,0x4025772550fc5579,0x412a02419487fcb9,0x4152075c82eb1c43,0x0000000000000000,0x3fc733d476943792,0x3fc733d476943792,0x00000000800049b0,0x000000000117e912,0x00000000010e9400,0x000000000117e912,0x00000000010e9400,0x000000000018d7f3,0x00000000000007d0,0x0000000000005204,0x0000000000000890,0x000000000000667d,0x000000000082017a,0x000000000000141d
1784428144777,0x00000000800056f8,0x0000000080019060,0x0000000080007a7a,0x000000000000000f,0x0000000080019430,0x00000000800190b0,0x0000000080019548,0x000000008000f238,0x0000000000000006,0x0000000000000006,0x0000000080019310,0x0000000000000003,0x000000008000f201,0x3fe0d214e221d3bb,0x0000000000000000,0x000000007d2fd30e,0x000000000057f729,0x3fedd0be6c44bf72,0x0000000080004988,0x0000000000000000,0x414fe5ba3d2f1aa0,0x412a024f2ea4a8c1,0x4152075b6fafb7e9,0x0000000000000000,0x0000000000000000,0x0000000000000000,0x0000000080004988,0x000000000118ab75,0x00000000010f505f,0x000000000118ab75,0x00000000010f505f,0x000000000018ecaa,0x00000000000007d2,0x0000000000005206,0x000000000000089b,0x00000000000066cb,0x0000000000825eef,0x0000000000001420
1784428145434,0x00000000800058c6,0x0000000080018ee0,0x0000000080007a7a,0x0000000000000000,0x00000000800191f0,0x0000000080018f20,0x00000000800193a0,0x0000000080019100,0x0000000080019070,0x0000000000000006,0x0000000080019070,0x0000000080019090,0xffffffff9bb557ae,0x0000000043f15c90,0x0000000000000000,0xffffffff9bb41780,0x000000000055dc95,0x3fedd0be6c44bf72,0x0000000080004a84,0x0000000000000000,0x4025772550fc5724,0x412a024f2ea4a8c1,0x4152075b6fafb7e9,0x401690ee43300000,0xbfcc79ee5e7ff671,0x0000000000000000,0x0000000080004a84,0x000000000119700b,0x00000000011015d6,0x000000000119700b,0x00000000011015d6,0x000000000018fc9a,0x00000000000007db,0x0000000000005206,0x000000000000089b,0x00000000000066ea,0x000000000082be8d,0x0000000000001423
1784428146272,0x00000000800056f8,0x0000000080019060,0x0000000080007a7a,0x000000000000000f,0x0000000080019430,0x00000000800190b0,0x0000000080019548,0x000000008000f238,0x0000000000000006,0x0000000000000006,0x0000000080019310,0x00000000800193b8,0x000000008000f201,0x3fe280af76cf50b4,0x0000000000000000,0x000000005040cf80,0x00000000005889f2,0x3fedd0be6c44dbf3,0x00000000800049f0,0x0000000000000000,0x414fe5b38b439581,0x412a0248e3fe5c92,0x415207585c63f141,0x3ff0000000000000,0x0000000000000000,0x3fb85cd8e2c41b83,0x00000000800049f0,0x00000000011a1f27,0x000000000110beba,0x00000000011a1f27,0x000000000110beba,0x0000000000190f8a,0x00000000000007dd,0x0000000000005209,0x00000000000008aa,0x0000000000006731,0x00000000008312e5,0x0000000000001426
1784428147079,0x000000008000589c,0x0000000080018ed0,0x0000000080007a7a,0x0000000000000000,0x00000000800191f0,0x0000000080018f20,0x0000000080019280,0x0000000080019118,0x0000000000000006,0x0000000000000003,0x0000000000000003,0x0000000000000002,0x000000007dc3edfd,0x0000000043f1622c,0x0000000000000000,0x000000007dc12438,0x000000000055dc95,0x3fedd0be6c44dbf3,0x0000000080004a18,0x0000000000000000,0x4025772550fc588b,0x412a0248e3fe5c92,0x415207585c63f141,0x3ff12c1dda64570e,0x0000000000000000,0x0000000000000000,0x0000000080004a18,0x00000000011ae247,0x0000000001118264,0x00000000011ae247,0x0000000001118264,0x0000000000191f18,0x00000000000007e6,0x0000000000005209,0x00000000000008aa,0x0000000000006759,0x00000000008371c4,0x0000000000001429
1784428147928,0x000000008000571c,0x0000000080019070,0x0000000080007a7a,0x000000000000000f,0x0000000080019310,0x00000000800190b0,0x0000000080019548,0x00000000800191f0,0x0000000000000006,0x00000000800191f0,0x0000000000000002,0x000000000000000c,0x000000008000f201,0x3fe01f6d71f43a5c,0x0000000000000000,0x0000000068e6bdce,0x00000000005729f1,0x3fedd0be6c44e9f4,0x0000000080004b58,0x0000000000000000,0x414fe5bd4d21ff2e,0x412a024c56872b02,0x4152075981bda512,0x3ff0000000000000,0x0000000000000000,0x0000000000000000,0x0000000080004b58,0x00000000011bad6b,0x0000000001124735,0x00000000011bad6b,0x0000000001124735,0x0000000000193477,0x00000000000007e8,0x000000000000520c,0x00000000000008b7,0x00000000000067a1,0x000000000083d32a,0x000000000000142c
1784428148777,0x00000000800058f2,0x0000000080018ed0,0x0000000080007a7a,0x0000000000000000,0x00000000800191f0,0x0000000080018f20,0x00000000800193a0,0x00000000800194a0,0x0000000000000006,0x0000000000000003,0x0000000000000001,0x0000000000000013,0xffffffffeeefaf32,0x0000000043f166a0,0x0000000000000000,0xffffffffeece0e00,0x000000000055dc95,0x3fedd0be6c44e9f4,0x000000008000497a,0x0000000000000000,0x4025772550fc59a8,0x412a024c56872b02,0x4152075981bda512,0x3f9287f43dd4dd22,0x0000000000000000,0x0000000000000000,0x000000008000497a,0x00000000011c6e40,0x000000000113084f,0x00000000011c6e40,0x000000000113084f,0x0000000000194441,0x00000000000007f1,0x000000000000520c,0x00000000000008b7,0x00000000000067d1,0x0000000000843095,0x000000000000142f
1784428149614,0x00000000800056f8,0x0000000080019060,0x0000000080007a7a,0x000000000000000f,0x0000000080019430,0x00000000800190b0,0x0000000080019548,0x000000008000f238,0x0000000000000006,0x0000000000000006,0x0000000000000005,0x0000000000000023,0x000000008000f201,0x3fde8bd428322159,0x0000000000000000,0xffffffffae5dbdbe,0x0000000000591d6f,0x3fedd0be6c44ebde,0x00000000800049e4,0x0000000000000000,0x414fe5ba89b3d07d,0x412a024354fdf3b6,0x4152075e7e1cac08,0x0000000000000000,0x0000000000000000,0x0000000000000000,0x00000000800049e4,0x00000000011d2161,0x000000000113b4e6,0x00000000011d2161,0x000000000113b4e6,0x000000000019575a,0x00000000000007f3,0x000000000000520e,0x00000000000008c2,0x0000000000006821,0x00000000008486f3,0x0000000000001432
1784428150385,0x00000000800058f2,0x0000000080018ed0,0x0000000080007a7a,0x0000000000000000,0x00000000800191f0,0x0000000080018f20,0x00000000800193a0,0x00000000800194a0,0x0000000000000006,0x0000000000000003,0x00000000800194a0,0x00000000800194d8,0xffffffffeefe6f3e,0x0000000043f169ec,0x0000000000000000,0xffffffffeeea4738,0x000000000055dc95,0x3fedd0be6c44ebde,0x00000000800049c6,0x0000000000000000,0x4025772550fc5a7b,0x412a024354fdf3b6,0x4152075e7e1cac08,0x3f9287f43dd4dd22,0x0000000000000000,0x0000000000000000,0x00000000800049c6,0x00000000011de423,0x00000000011478c4,0x00000000011de423,0x00000000011478c4,0x0000000000196743,0x00000000000007fc,0x000000000000520e,0x00000000000008c2,0x0000000000006845,0x000000000084e5ac,0x0000000000001435
1784428151252,0x0000000080005744,0x0000000080019060,0x0000000080007a7a,0x000000000000000f,0x00000000800191f0,0x00000000800190b0,0x0000000080019310,0x00000000800191f0,0x0000000000000006,0x0000000000000006,0x00000000800190d0,0x0000000080019108,0x000000008000f201,0x3fe456e0906880fc,0x0000000000000000,0xffffffffc84f8000,0x000000000058524c,0x3fedd0be6c44e406,0x00000000800049f0,0x0000000000000000,0x414fe5b648a0902e,0x412a024cfb22d0e5,0x41520758d075f6fd,0x0000000000000000,0x3fb85cd8e2c41b82,0x3fb85cd8e2c41b82,0x00000000800049f0,0x00000000011ea8cb,0x000000000115377c,0x00000000011ea8cb,0x000000000115377c,0x0000000000197bb0,0x00000000000007fe,0x0000000000005210,0x00000000000008cd,0x0000000000006892,0x0000000000854471,0x0000000000001438
1784428152066,0x00000000800058f2,0x0000000080018ed0,0x0000000080007a7a,0x0000000000000000,0x00000000800191f0,0x0000000080018f20,0x00000000800193a0,0x00000000800194a0,0x0000000000000006,0x0000000000000003,0x0000000080018f50,0x0000000080019050,0x000000002f54fdf8,0x0000000043f16c24,0x0000000000000000,0x000000002f44cd78,0x000000000055dc95,0x3fedd0be6c44e406,0x00000000800049f0,0x0000000000000000,0x4025772550fc5b09,0x412a024cfb22d0e5,0x41520758d075f6fd,0x0000000000000000,0x0000000000000000,0x0000000000000000,0x00000000800049f0,0x00000000011f64cb,0x000000000115f39a,0x00000000011f64cb,0x000000000115f39a,0x0000000000198b29,0x0000000000000807,0x0000000000005210,0x00000000000008cd,0x00000000000068bd,0x0000000000859f7d,0x000000000000143b
1784428152871,0x0000000080005744,0x0000000080019060,0x0000000080007a7a,0x000000000000000f,0x00000000800191f0,0x00000000800190b0,0x0000000080019310,0x00000000800191f0,0x0000000000000006,0x0000000000000006,0x0000000000000000,0x0000000000000000,0x000000008000f201,0x3fe1c6a39148ce22,0x0000000000000000,0xffffffff8bfdb20e,0x0000000000580f3c,0x3fedd0be6c44d495,0x0000000080004970,0x0000000000000000,0x414fe5b9b1eb851f,0x412a02378f1a9fbe,0x4152075cff5f6fd2,0x4013efc4d6ad9501,0x0000000000000000,0x0000000000000000,0x0000000080004970,0x00000000012018c5,0x000000000116a1f5,0x00000000012018c5,0x000000000116a1f5,0x0000000000199e3c,0x0000000000000809,0x0000000000005213,0x00000000000008dc,0x0000000000006900,0x000000000085f685,0x000000000000143e
1784428153690,0x000000008000578a,0x0000000080018db0,0x0000000080007a7a,0x0000000000000000,0x00000000800191f0,0x0000000080018de0,0x0000000080018f50,0x0000000000000006,0x0000000000000006,0x0000000000000003,0x0000000080018f50,0x00000000000000c0,0xffffffffe8fbff2f,0x0000000043f16d5a,0x0000000000000000,0xffffffffe8eb1e2e,0x000000000055dc95,0x3fedd0be6c44d495,0x0000000080004d0a,0x0000000000000000,0x4025772550fc5b57,0x412a02378f1a9fbe,0x4152075cff5f6fd2,0x3f8314f4c02bffb2,0x0000000000000000,0x0000000000000000,0x0000000080004d0a,0x000000000120e13e,0x0000000001176a4d,0x000000000120e13e,0x0000000001176a4d,0x000000000019ae98,0x0000000000000812,0x0000000000005213,0x00000000000008dc,0x000000000000692f,0x0000000000865757,0x0000000000001441
1784428154517,0x0000000080005744,0x0000000080019060,0x0000000080007a7a,0x000000000000000f,0x00000000800191f0,0x00000000800190b0,0x0000000080019310,0x00000000800191f0,0x0000000000000006,0x0000000000000006,0x00000000800191f0,0x0000000000000003,0x000000008000f201,0x3fe45fbafb83d7aa,0x0000000000000000,0xffffffffa36c8f7e,0x000000000057ccbb,0x3fedd0be6c44bf84,0x00000000800049d0,0x0000000000000000,0x414fe5b542de00d2,0x412a024d794af4f1,0x415207588f62b6ae,0x0000000000000000,0x0000000000000000,0x0000000000000000,0x00000000800049d0,0x000000000121a77e,0x0000000001182ae0,0x000000000121a77e,0x0000000001182ae0,0x000000000019c33c,0x0000000000000814,0x0000000000005216,0x00000000000008eb,0x000000000000696e,0x000000000086b72b,0x0000000000001444
1784428155348,0x00000000800057ae,0x0000000080018d90,0x0000000080007a7a,0x0000000000000000,0x00000000800191f0,0x0000000080018de0,0x0000000080018f50,0x000000008000f238,0x0000000000000006,0x0000000000000006,0x0000000000000001,0x0000000000000006,0xffffffff8dfd7dde,0x0000000043f16db2,0x0000000000000000,0xffffffff8ded781e,0x000000000055dc95,0x3fedd0be6c44bf84,0x000000008000498e,0x0000000000000000,0x4025772550fc5b6d,0x412a024d794af4f1,0x415207588f62b6ae,0x8000000000000000,0x0000000000000000,0x0000000000000000,0x000000008000498e,0x00000000012268e0,0x000000000118ec79,0x00000000012268e0,0x000000000118ec79,0x000000000019d30c,0x000000000000081d,0x0000000000005216,0x00000000000008eb,0x000000000000699a,0x00000000008714d1,0x0000000000001447
1784428156214,0x0000000080005744,0x0000000080019060,0x0000000080007a7a,0x000000000000000f,0x00000000800191f0,0x00000000800190b0,0x0000000080019310,0x00000000800191f0,0x0000000000000006,0x0000000000000006,0x00000000800190d0,0x0000000000000004,0x000000008000f201,0x3fe125b7f1b22f2a,0x0000000000000000,0x00000000195394e0,0x0000000000580f84,0x3fedd0be6c44a690,0x0000000080004a00,0x0000000000000000,0x414fe5b784504817,0x412a024e8d1b7176,0x4152075d1460aa65,0x0000000000000000,0x0000000000000000,0x0000000000000000,0x0000000080004a00,0x0000000001232c19,0x000000000119a9a9,0x0000000001232c19,0x000000000119a9a9,0x000000000019e775,0x000000000000081f,0x0000000000005218,0x00000000000008f6,0x00000000000069df,0x00000000008772f6,0x000000000000144a
1784428157065,0x00000000800057ae,0x0000000080018d90,0x0000000080007a7a,0x0000000000000000,0x00000000800191f0,0x0000000080018de0,0x0000000080018f50,0x000000008000f238,0x0000000000000006,0x0000000000000006,0x0000000080018df0,0x0000000000000003,0x000000002879fb7e,0x0000000043f16d4a,0x0000000000000000,0x000000002801f34e,0x000000000055dc95,0x3fedd0be6c44a690,0x0000000080004988,0x0000000000000000,0x4025772550fc5b53,0x412a024e8d1b7176,0x4152075d1460aa65,0x8000000000000000,0x0000000000000000,0x0000000000000000,0x0000000080004988,0x000000000123ec89,0x00000000011a6a14,0x000000000123ec89,0x00000000011a6a14,0x000000000019f728,0x0000000000000828,0x0000000000005218,0x00000000000008f6,0x0000000000006a0d,0x000000000087d00a,0x000000000000144d
1784428157882,0x000000008000575e,0x0000000080019070,0x0000000080007a7a,0x000000000000000f,0x00000000800191f0,0x00000000800190b0,0x00000000800190d0,0x00000000800002d0,0x000000008000f238,0x0000000000000006,0x0000000000000005,0x0000000000000012,0x000000008000f201,0x3fe39395d66eeb82,0x0000000000000000,0xffffffffa21d8e00,0x000000000058933c,0x3fedd0be6c448b37,0x0000000080004c30,0x0000000000000000,0x414fe5b75dcc63f1,0x412a02529d638866,0x4152075e4135a858,0x3fc17a1e17d10367,0x0000000000000000,0x0000000000000000,0x0000000080004c30,0x000000000124b0d4,0x00000000011b27f7,0x000000000124b0d4,0x00000000011b27f7,0x00000000001a0ba1,0x000000000000082a,0x000000000000521a,0x0000000000000901,0x0000000000006a58,0x0000000000882e6c,0x0000000000001451
1784428158700,0x00000000800057ae,0x0000000080018d90,0x0000000080007a7a,0x0000000000000000,0x00000000800191f0,0x0000000080018de0,0x0000000080018f50,0x000000008000f238,0x0000000000000006,0x0000000000000006,0x0000000000000002,0x0000000000000008,0x00000000293dfe7f,0x0000000043f16c46,0x0000000000000000,0x0000000029346e6e,0x000000000055dc95,0x3fedd0be6c448b37,0x00000000800049be,0x0000000000000000,0x4025772550fc5b12,0x412a02529d638866,0x4152075e4135a858,0x8000000000000000,0x0000000000000000,0x0000000000000000,0x00000000800049be,0x00000000012577f8,0x00000000011bef29,0x00000000012577f8,0x00000000011bef29,0x00000000001a1beb,0x0000000000000833,0x000000000000521a,0x0000000000000901,0x0000000000006a84,0x0000000000888eab,0x0000000000001454
1784428159510,0x0000000080005820,0x0000000080018ed0,0x0000000080007a7a,0x000000000000000f,0x00000000800191f0,0x0000000080018f20,0x000000008000f238,0x0000000080019310,0x0000000000000006,0x0000000000000006,0x0000000000000003,0x0000000000000006,0x000000008000f201,0x3fe6e78668f6694f,0x0000000000000000,0x000000004b0d0a78,0x000000000058cfbf,0x3fedd0be6c446eb7,0x000000008000498e,0x0000000000000000,0x414fe5b53e0aa64c,0x412a02404b1c432d,0x41520758be9c779a,0x0000000000000000,0x3fe1aec7af362c5b,0x3fe1aec7af362c5b,0x000000008000498e,0x0000000001263ca1,0x00000000011cae35,0x0000000001263ca1,0x00000000011cae35,0x00000000001a305c,0x0000000000000835,0x000000000000521d,0x0000000000000910,0x0000000000006ad1,0x000000000088edc2,0x0000000000001457
1784428160239,0x00000000800057ae,0x0000000080018d90,0x0000000080007a7a,0x0000000000000000,0x00000000800191f0,0x0000000080018de0,0x0000000080018f50,0x000000008000f238,0x0000000000000006,0x0000000000000006,0x0000000080018df0,0x0000000000000110,0x00000000137db7ff,0x0000000043f16ac6,0x0000000000000000,0x000000001355b76e,0x000000000055dc95,0x3fedd0be6c446eb7,0x00000000800049ea,0x0000000000000000,0x4025772550fc5ab2,0x412a02404b1c432d,0x41520758be9c779a,0x3ff0000000000000,0xbfc21df5220ecfd6,0x3ff12c1dda640307,0x00000000800049ea,0x000000000126f1e1,0x00000000011d639a,0x000000000126f1e1,0x00000000011d639a,0x00000000001a3f4a,0x000000000000083e,0x000000000000521d,0x0000000000000910,0x0000000000006af1,0x0000000000894599,0x000000000000145a
1784428161055,0x0000000080005820,0x0000000080018ed0,0x0000000080007a7a,0x000000000000000f,0x00000000800191f0,0x0000000080018f20,0x000000008000f238,0x0000000080019310,0x0000000000000006,0x0000000000000006,0x0000000000000002,0x0000000000000003,0x000000008000f201,0x3fe3022dd6b473a4,0x0000000000000000,0x000000007ff82938,0x000000000057b5e2,0x3fedd0be6c445218,0x000000008000496c,0x0000000000000000,0x414fe5b78d182a99,0x412a024806a7ef9e,0x4152075ebc7ae148,0x401623e8e4790c0a,0x0000000000000000,0x401623e8e4790c0a,0x000000008000496c,0x000000000127ad97,0x00000000011e19ba,0x000000000127ad97,0x00000000011e19ba,0x00000000001a52fc,0x0000000000000840,0x0000000000005220,0x000000000000091d,0x0000000000006b40,0x000000000089a08b,0x000000000000145d
1784428161814,0x00000000800057ae,0x0000000080018d90,0x0000000080007a7a,0x0000000000000000,0x00000000800191f0,0x0000000080018de0,0x0000000080018f50,0x000000008000f238,0x0000000000000006,0x0000000000000006,0x0000000000000000,0x0000000000000006,0xffffffffe073ff7a,0x0000000043f168ec,0x0000000000000000,0xffffffffe053b338,0x000000000055dc95,0x3fedd0be6c445218,0x00000000800049b0,0x0000000000000000,0x4025772550fc5a3b,0x412a024806a7ef9e,0x4152075ebc7ae148,0x8000000000000000,0x0000000000000000,0x0000000000000000,0x00000000800049b0,0x0000000001286816,0x00000000011ed476,0x0000000001286816,0x00000000011ed476,0x00000000001a6256,0x0000000000000849,0x0000000000005220,0x000000000000091d,0x0000000000006b5d,0x000000000089fae4,0x0000000000001460
1784428162688,0x0000000080005820,0x0000000080018ed0,0x0000000080007a7a,0x000000000000000f,0x00000000800191f0,0x0000000080018f20,0x000000008000f238,0x0000000080019310,0x0000000000000006,0x0000000000000006,0x000000008000f238,0x000000008000f2f8,0x000000008000f201,0x3fe6985633632a47,0x0000000000000000,0xffffffffeec539ae,0x00000000005888a8,0x3fedd0be6c443628,0x00000000800049a6,0x0000000000000000,0x414fe5b5990cb296,0x412a02415e76c8b4,0x4152075e893c3611,0x0000000000000000,0x0000000000000000,0x0000000000000000,0x00000000800049a6,0x0000000001292d26,0x00000000011f93f3,0x0000000001292d26,0x00000000011f93f3,0x00000000001a76d1,0x000000000000084b,0x0000000000005222,0x0000000000000928,0x0000000000006b9c,0x00000000008a5a21,0x0000000000001463
1784428163537,0x0000000080009fc2,0x0000000080019420,0x402a6014520dc9fa,0x0000000000020000,0x0000000000000000,0x0000000080019700,0x00000000004eb286,0x000000000aea0000,0x000000000068c30c,0x0000000000000003,0x0000000000275943,0x00000000710e0000,0x000000000068c30c,0x0000000015d40000,0x0000000000000011,0xffffffffe21c0000,0x00000000004eb286,0x3fedd0be6c441b86,0x000000008000a136,0x40583146340b68b8,0x40583146340b68b8,0x412a02415e76c8b4,0x4152075e893c3611,0x3ff0000000000000,0x4030ead1d862fb70,0x40583146340b68b8,0x000000008000a136,0x000000000129e2ce,0x0000000001204901,0x000000000129e2ce,0x0000000001204901,0x00000000001a85a0,0x0000000000000854,0x0000000000005222,0x0000000000000928,0x0000000000006bd9,0x00000000008ab259,0x0000000000001466
1784428164411,0x0000000080005820,0x0000000080018ed0,0x0000000080007a7a,0x000000000000000f,0x00000000800191f0,0x0000000080018f20,0x000000008000f238,0x0000000080019310,0x0000000000000006,0x0000000000000006,0x0000000000000003,0x0000000000000021,0x000000008000f201,0x3fe94266abb2bd78,0x0000000000000000,0x00000000494446fe,0x000000000057f832,0x3fedd0be6c441b86,0x000000008000499a,0x0000000000000000,0x414fe5b9f9f559b4,0x412a0249620c49ba,0x4152075a17a5e354,0x0000000000000000,0x0000000000000000,0x0000000000000000,0x000000008000499a,0x00000000012aa5cc,0x000000000121068f,0x00000000012aa5cc,0x000000000121068f,0x00000000001a9a00,0x0000000000000856,0x0000000000005224,0x0000000000000933,0x0000000000006c08,0x00000000008b1034,0x0000000000001469
1784428165224,0x0000000080006260,0x0000000080019230,0x402a6014520dc0e3,0x0000000000000000,0x0000000000000000,0x0000000080019440,0x0000000080019698,0x00000000800194a0,0x000000008000f238,0x00000000800003f0,0x00000000800194a0,0x00000000800194a0,0xffffffffa2656ea6,0x0000000024f3e5a0,0x0000000000000000,0xffffffffa2242e00,0x00000000004a08f3,0x3fedd0be6c44029f,0x0000000080005cf2,0x0000000000000000,0x4032823cc93cf968,0x412a0249620c49ba,0x4152075a17a5e354,0x01a56e1fc2f8f359,0x0000000000000000,0x0000000000000000,0x0000000080005cf2,0x00000000012b769c,0x000000000121d43c,0x00000000012b769c,0x000000000121d43c,0x00000000001aae37,0x000000000000085f,0x0000000000005224,0x0000000000000934,0x0000000000006c48,0x00000000008b774f,0x000000000000146c
1784428166030,0x000000008000583a,0x0000000080018ed0,0x0000000080007a7a,0x000000000000000f,0x00000000800191f0,0x0000000080018f20,0x00000000800194a0,0x000000008000f238,0x0000000000000003,0x0000000000000006,0x0000000000000002,0x000000000000000c,0x000000008000f201,0x3fe609900a6785c8,0x0000000000000000,0xffffffffdcb4ea6e,0x0000000000592df6,0x3fedd0be6c44029f,0x0000000080004992,0x0000000000000000,0x414fe5b2a3dd97f6,0x412a0253cb1c432d,0x4152075b24e21965,0x0000000000000000,0x0000000000000000,0x0000000000000000,0x0000000080004992,0x00000000012c3440,0x0000000001228ef6,0x00000000012c3440,0x0000000001228ef6,0x00000000001abef8,0x0000000000000861,0x0000000000005227,0x0000000000000943,0x0000000000006c70,0x00000000008bd078,0x000000000000146f
1784428166878,0x00000000800056f8,0x0000000080019060,0x0000000080007a7a,0x000000000000000f,0x0000000080019430,0x00000000800190b0,0x0000000080019548,0x000000008000f238,0x0000000000000006,0x0000000000000006,0x0000000000000002,0x000000000000000c,0x000000008000f201,0x3fe44a07f9fe4c9e,0x0000000000000000,0x0000000061db7e00,0x0000000000586a03,0x3fedd0be6c43ebc1,0x0000000080004992,0x0000000000000000,0x414fe5b3603126e9,0x412a025171d14e3c,0x4152075ccd85f06f,0x3ff0000000000000,0x0000000000000000,0x0000000000000000,0x0000000080004992,0x00000000012d1150,0x000000000123678c,0x00000000012d1150,0x000000000123678c,0x00000000001ad5d1,0x000000000000086c,0x000000000000522a,0x0000000000000952,0x0000000000006cd7,0x00000000008c3de7,0x0000000000001472
1784428167732,0x000000008000519e,0x0000000080018e90,0x0000000080007a7a,0x0000000000000000,0x00000000800191f0,0x0000000080018ee0,0x0000000000000000,0x0000000050fc57fe,0x000000003fe00000,0x4025772550fc57fe,0x0000000000000002,0x0000000000000003,0xffffffffb57dbfef,0x0000000043f15ff6,0x0000000000000000,0xffffffffb56dbfce,0x000000000055dc95,0x3fedd0be6c43ebc1,0x0000000080005248,0x0000000000000000,0x4025772550fc57fe,0x412a025171d14e3c,0x4152075ccd85f06f,0x0000000000000000,0x3fb7da31f035ef30,0x0000000000000000,0x0000000080005248,0x00000000012dd1dc,0x0000000001242843,0x00000000012dd1dc,0x0000000001242843,0x00000000001ae534,0x0000000000000875,0x000000000000522a,0x0000000000000952,0x0000000000006d06,0x00000000008c9b82,0x0000000000001475
1784428168558,0x00000000800056f8,0x0000000080019060,0x0000000080007a7a,0x000000000000000f,0x0000000080019430,0x00000000800190b0,0x0000000080019548,0x000000008000f238,0x0000000000000006,0x0000000000000006,0x0000000000000002,0x0000000000000012,0x000000008000f201,0x3fe48f8e83fe7252,0x0000000000000000,0x000000007d9cdee0,0x0000000000588353,0x3fedd0be6c43d719,0x0000000080004976,0x0000000000000000,0x414fe5b450068db9,0x412a0244dafb7e91,0x4152075b58361134,0x0000000000000000,0x0000000000000000,0x0000000000000000,0x0000000080004976,0x00000000012e91d5,0x000000000124e1d2,0x00000000012e91d5,0x000000000124e1d2,0x00000000001af9a3,0x0000000000000877,0x000000000000522c,0x000000000000095d,0x0000000000006d57,0x00000000008cf799,0x0000000000001478
1784428169361,0x000000008000519e,0x0000000080018e90,0x0000000080007a7a,0x0000000000000000,0x00000000800191f0,0x0000000080018ee0,0x0000000000000000,0x0000000050fc576e,0x000000003fe00000,0x4025772550fc576e,0x0000000000000003,0x0000000000000000,0xffffffff948befce,0x0000000043f15db6,0x0000000000000000,0xffffffff9483214e,0x000000000055dc95,0x3fedd0be6c43d719,0x0000000080005342,0x0000000000000000,0x4025772550fc576e,0x412a0244dafb7e91,0x4152075b58361134,0x0000000000000000,0x3fa0c481d88c2013,0x3fa0c481d88c2013,0x0000000080005342,0x00000000012f46ee,0x000000000125971d,0x00000000012f46ee,0x000000000125971d,0x00000000001b081d,0x0000000000000880,0x000000000000522c,0x000000000000095d,0x0000000000006d81,0x00000000008d4fd2,0x000000000000147b
1784428170154,0x00000000800056f8,0x0000000080019060,0x0000000080007a7a,0x000000000000000f,0x0000000080019430,0x00000000800190b0,0x0000000080019548,0x000000008000f238,0x0000000000000006,0x0000000000000006,0x000000008000f238,0x0000000000000003,0x000000008000f201,0x3fe2dda73e67bea7,0x0000000000000000,0xffffffffd1966a78,0x00000000005833e4,0x3fedd0be6c43c4b4,0x00000000800049d0,0x0000000000000000,0x414fe5b411ce075f,0x412a024b8d1b7176,0x4152075e96858794,0x0000000000000000,0x0000000000000000,0x0000000000000000,0x00000000800049d0,0x0000000001300ccf,0x00000000012656c1,0x0000000001300ccf,0x00000000012656c1,0x00000000001b1d00,0x0000000000000882,0x000000000000522e,0x0000000000000968,0x0000000000006dca,0x00000000008daec9,0x000000000000147e
1784428170975,0x00000000800058f2,0x0000000080018ed0,0x0000000080007a7a,0x0000000000000000,0x00000000800191f0,0x0000000080018f20,0x00000000800193a0,0x00000000800194a0,0x0000000000000006,0x0000000000000003,0x0000000080018f50,0x0000000080018fa0,0x00000000057f7f5e,0x0000000043f15b92,0x0000000000000000,0x00000000052d705e,0x000000000055dc95,0x3fedd0be6c43c4b4,0x00000000800049f2,0x0000000000000000,0x4025772550fc56e5,0x412a024b8d1b7176,0x4152075e96858794,0x0000000000000000,0x0000000000000000,0x0000000000000000,0x00000000800049f2,0x000000000130dc6d,0x00000000012726ab,0x000000000130dc6d,0x00000000012726ab,0x00000000001b2def,0x000000000000088b,0x000000000000522e,0x0000000000000968,0x0000000000006df8,0x00000000008e1331,0x0000000000001481
1784428171807,0x0000000080005744,0x0000000080019060,0x0000000080007a7a,0x000000000000000f,0x00000000800191f0,0x00000000800190b0,0x0000000080019310,0x00000000800191f0,0x0000000000000006,0x0000000000000006,0x0000000000000000,0x0000000000000006,0x000000008000f201,0x3fe51636bdb13d9f,0x0000000000000000,0x000000003077809e,0x0000000000588848,0x3fedd0be6c43b492,0x000000008000498e,0x0000000000000000,0x414fe5b20bc9eecc,0x412a024d28240b78,0x4152075e76d91687,0x3fe185d1eca6d032,0x0000000000000000,0x0000000000000000,0x000000008000498e,0x000000000131a124,0x000000000127e5f2,0x000000000131a124,0x000000000127e5f2,0x00000000001b425c,0x000000000000088d,0x0000000000005231,0x0000000000000977,0x0000000000006e3d,0x00000000008e722d,0x0000000000001484
1784428172602,0x00000000800058f2,0x0000000080018ed0,0x0000000080007a7a,0x0000000000000000,0x00000000800191f0,0x0000000080018f20,0x00000000800193a0,0x00000000800194a0,0x0000000000000006,0x0000000000000003,0x0000000080018f50,0x0000000080018fe8,0x000000006fff47fa,0x0000000043f15990,0x0000000000000000,0x000000006fc54780,0x000000000055dc95,0x3fedd0be6c43b492,0x00000000800049f0,0x0000000000000000,0x4025772550fc5664,0x412a024d28240b78,0x4152075e76d91687,0x0000000000000000,0x0000000000000000,0x0000000000000000,0x00000000800049f0,0x0000000001325969,0x0000000001289e14,0x0000000001325969,0x0000000001289e14,0x00000000001b5188,0x0000000000000896,0x0000000000005231,0x0000000000000977,0x0000000000006e67,0x00000000008ecb62,0x0000000000001487
1784428173413,0x0000000080005744,0x0000000080019060,0x0000000080007a7a,0x000000000000000f,0x00000000800191f0,0x00000000800190b0,0x0000000080019310,0x00000000800191f0,0x0000000000000006,0x0000000000000006,0x0000000000000001,0x0000000000000001,0x000000008000f201,0x3fe6abb927b1302f,0x0000000000000000,0x000000005d1e3ffe,0x00000000005852ae,0x3fedd0be6c43a69f,0x000000008000499c,0x0000000000000000,0x414fe5b323089a02,0x412a024f1cfaacda,0x4152075ff8361134,0x4013efc4d6ad9501,0x0000000000000000,0x0000000000000000,0x000000008000499c,0x0000000001331a77,0x000000000129593d,0x0000000001331a77,0x000000000129593d,0x00000000001b659e,0x0000000000000898,0x0000000000005234,0x0000000000000984,0x0000000000006eb5,0x00000000008f28a1,0x000000000000148a
1784428174246,0x0000000080005794,0x0000000080018db0,0x0000000080007a7a,0x0000000000000000,0x00000000800191f0,0x0000000080018de0,0x0000000080018f50,0x0000000000000006,0x0000000000000006,0x0000000000000003,0x0000000000000001,0x0000000000000007,0x000000003cb76f5e,0x0000000043f157b6,0x0000000000000000,0x000000003ca3654e,0x000000000055dc95,0x3fedd0be6c43a69f,0x0000000080004da2,0x0000000000000000,0x4025772550fc55ee,0x412a024f1cfaacda,0x4152075ff8361134,0x3f8314f4c02b444d,0x8000000000000000,0x3fea330ae25af21c,0x0000000080004da2,0x000000000133e31e,0x00000000012a21f2,0x000000000133e31e,0x00000000012a21f2,0x00000000001b75f8,0x00000000000008a1,0x0000000000005234,0x0000000000000984,0x0000000000006ee5,0x00000000008f899c,0x000000000000148d
1784428175050,0x0000000080005744,0x0000000080019060,0x0000000080007a7a,0x000000000000000f,0x00000000800191f0,0x00000000800190b0,0x0000000080019310,0x00000000800191f0,0x0000000000000006,0x0000000000000006,0x0000000080019310,0x0000000000000090,0x000000008000f201,0x3fe9a145530be045,0x0000000000000000,0xffffffffcd3bb978,0x000000000058afba,0x3fedd0be6c439abc,0x00000000800049a2,0x0000000000000000,0x414fe5b30f4f0d84,0x412a0249e40b7803,0x4152075b2f7318fc,0x0000000000000000,0x0000000000000000,0x0000000000000000,0x00000000800049a2,0x000000000134a8de,0x00000000012ae154,0x000000000134a8de,0x00000000012ae154,0x00000000001b8a9f,0x00000000000008a3,0x0000000000005236,0x000000000000098f,0x0000000000006f2d,0x00000000008fe8b9,0x0000000000001490
1784428175876,0x00000000800057ae,0x0000000080018d90,0x0000000080007a7a,0x0000000000000000,0x00000000800191f0,0x0000000080018de0,0x0000000080018f50,0x000000008000f238,0x0000000000000006,0x0000000000000006,0x0000000080018f50,0x0000000080018f98,0xffffffffe3fdfbfe,0x0000000043f15606,0x0000000000000000,0xffffffffe3e5fbee,0x000000000055dc95,0x3fedd0be6c439abc,0x00000000800049a6,0x0000000000000000,0x4025772550fc5582,0x412a0249e40b7803,0x4152075b2f7318fc,0x8000000000000000,0x3fb85cd8e2c41b82,0x3fb85cd8e2c41b82,0x00000000800049a6,0x0000000001356591,0x00000000012b9e36,0x0000000001356591,0x00000000012b9e36,0x00000000001b9a0b,0x00000000000008ac,0x0000000000005236,0x000000000000098f,0x0000000000006f54,0x000000000090441e,0x0000000000001493
1784428176728,0x0000000080005744,0x0000000080019060,0x0000000080007a7a,0x000000000000000f,0x00000000800191f0,0x00000000800190b0,0x0000000080019310,0x00000000800191f0,0x0000000000000006,0x0000000000000006,0x0000000000000004,0x0000000000000006,0x000000008000f201,0x3fe6411c91e7de68,0x0000000000000000,0x0000000054c6cce0,0x00000000005884cc,0x3fedd0be6c4390be,0x000000008000496c,0x0000000000000000,0x414fe5b305288ce7,0x412a0247e0ebedfa,0x4152075d0022680a,0x0000000000000000,0x0000000000000000,0x0000000000000000,0x000000008000496c,0x0000000001362422,0x00000000012c56c9,0x0000000001362422,0x00000000012c56c9,0x00000000001bae14,0x00000000000008ae,0x0000000000005238,0x000000000000099a,0x0000000000006f94,0x000000000090a018,0x0000000000001496
1784428177553,0x00000000800057ae,0x0000000080018d90,0x0000000080007a7a,0x0000000000000000,0x00000000800191f0,0x0000000080018de0,0x0000000080018f50,0x000000008000f238,0x0000000000000006,0x0000000000000006,0x0000000080018df0,0x0000000080018e68,0x0000000055d8cdfd,0x0000000043f15484,0x0000000000000000,0x0000000055c88df8,0x000000000055dc95,0x3fedd0be6c4390be,0x0000000080004984,0x0000000000000000,0x4025772550fc5521,0x412a0247e0ebedfa,0x4152075d0022680a,0x8000000000000000,0x0000000000000000,0x0000000000000000,0x0000000080004984,0x000000000136e757,0x00000000012d1a02,0x000000000136e757,0x00000000012d1a02,0x00000000001bbe09,0x00000000000008b7,0x0000000000005238,0x000000000000099a,0x0000000000006fc4,0x000000000090fe76,0x0000000000001499
1784428178407,0x000000008000575e,0x0000000080019070,0x0000000080007a7a,0x000000000000000f,0x00000000800191f0,0x00000000800190b0,0x00000000800190d0,0x00000000800002d0,0x000000008000f238,0x0000000000000006,0x0000000000000000,0x0000000000000000,0x000000008000f201,0x3fe548060a0db8f9,0x0000000000000000,0x00000000567f3278,0x0000000000587e43,0x3fedd0be6c43887b,0x0000000080004bfe,0x0000000000000000,0x414fe5afc5604189,0x412a024e40ded289,0x41520764571758e2,0x3fc17a1e17d07a34,0x0000000000000000,0x3fc17a1e17d07a34,0x0000000080004bfe,0x000000000137ac17,0x00000000012dd899,0x000000000137ac17,0x00000000012dd899,0x00000000001bd28b,0x00000000000008b9,0x000000000000523b,0x00000000000009a9,0x000000000000700f,0x0000000000915d41,0x000000000000149c
1784428179214,0x00000000800057ae,0x0000000080018d90,0x0000000080007a7a,0x0000000000000000,0x00000000800191f0,0x0000000080018de0,0x0000000080018f50,0x000000008000f238,0x0000000000000006,0x0000000000000006,0x0000000000000004,0x0000000000000006,0xffffffffa271bcf8,0x0000000043f1532c,0x0000000000000000,0xffffffffa2113838,0x000000000055dc95,0x3fedd0be6c43887b,0x0000000080004940,0x0000000000000000,0x4025772550fc54cb,0x412a024e40ded289,0x41520764571758e2,0x8000000000000000,0x0000000000000000,0x0000000000000000,0x0000000080004940,0x00000000013870d8,0x00000000012e9db4,0x00000000013870d8,0x00000000012e9db4,0x00000000001be2a8,0x00000000000008c2,0x000000000000523b,0x00000000000009a9,0x000000000000703c,0x000000000091bc89,0x000000000000149f
1784428180081,0x0000000080005820,0x0000000080018ed0,0x0000000080007a7a,0x000000000000000f,0x00000000800191f0,0x0000000080018f20,0x000000008000f238,0x0000000080019310,0x0000000000000006,0x0000000000000006,0x0000000000000001,0x000000000000000a,0x000000008000f201,0x3fecfde5da87bbae,0x0000000000000000,0x000000002a82a5be,0x0000000000585659,0x3fedd0be6c4381c2,0x0000000080004978,0x0000000000000000,0x414fe5b28d0e5604,0x412a024914d6a162,0x4152075f338ef34d,0x3fe1aec7af362c5b,0x0000000000000000,0x3fe1aec7af362c5b,0x0000000080004978,0x0000000001393b86,0x00000000012f62d7,0x0000000001393b86,0x00000000012f62d7,0x00000000001bf796,0x00000000000008c4,0x000000000000523e,0x00000000000009b8,0x0000000000007086,0x0000000000921e79,0x00000000000014a2
1784428180888,0x0000000080006260,0x0000000080019230,0x402a6014520d75c3,0x0000000000000000,0x0000000000000000,0x0000000080019440,0x0000000080019698,0x00000000800194a0,0x000000008000f238,0x00000000800003f0,0x0000000000000003,0x0000000000000003,0xffffffffd5ff63fe,0xffffffffa700b506,0x0000000000000000,0xffffffffd5ff41ee,0x00000000005a6b14,0x3fedd0be6c437c65,0x0000000080005bde,0x0000000000000000,0x40169ac529c02d42,0x412a024914d6a162,0x4152075f338ef34d,0x01a56e1fc2f8f359,0x0000000000000000,0x3fdcf46da09c9984,0x0000000080005bde,0x00000000013a02d5,0x000000000130287c,0x00000000013a02d5,0x000000000130287c,0x00000000001c090d,0x00000000000008cd,0x000000000000523e,0x00000000000009b8,0x00000000000070da,0x0000000000927fdd,0x00000000000014a5
1784428181744,0x000000008000583a,0x0000000080018ed0,0x0000000080007a7a,0x000000000000000f,0x00000000800191f0,0x0000000080018f20,0x00000000800194a0,0x000000008000f238,0x0000000000000003,0x0000000000000006,0x00000000800194a0,0x00000000800194e0,0x000000008000f201,0x3fed4962f14454c7,0x0000000000000000,0x000000002984c380,0x0000000000589e9c,0x3fedd0be6c437c65,0x00000000800049a4,0x0000000000000000,0x414fe5af9f7ced91,0x412a0248dfcb923a,0x4152075c9ef9db23,0x0000000000000000,0x0000000000000000,0x0000000000000000,0x00000000800049a4,0x00000000013ac720,0x000000000130e842,0x00000000013ac720,0x000000000130e842,0x00000000001c1c4f,0x00000000000008cf,0x000000000000523e,0x00000000000009b8,0x00000000000070ff,0x000000000092dd42,0x00000000000014a8
1784428182374,0x0000000080006260,0x0000000080019230,0x402a6014520d71ae,0x0000000000000000,0x0000000000000000,0x0000000080019440,0x0000000080019698,0x00000000800194a0,0x000000008000f238,0x00000000800003f0,0x000000008000f238,0x000000008000f280,0xffffffffaef6bbfe,0x0000000043ddc15e,0x0000000000000000,0xffffffffaed290be,0x000000000053f4f8,0x3fedd0be6c437834,0x0000000080005bfc,0x0000000000000000,0x4024fd3e10f77058,0x412a0248dfcb923a,0x4152075c9ef9db23,0x01a56e1fc2f8f359,0x0000000000000000,0x0000000000000000,0x0000000080005bfc,0x00000000013b78c6,0x00000000013198ab,0x00000000013b78c6,0x00000000013198ab,0x00000000001c2bfc,0x00000000000008d8,0x000000000000523e,0x00000000000009b8,0x0000000000007141,0x00000000009334c3,0x00000000000014ab
1784428183145,0x000000008000583a,0x0000000080018ed0,0x0000000080007a7a,0x000000000000000f,0x00000000800191f0,0x0000000080018f20,0x00000000800194a0,0x000000008000f238,0x0000000000000003,0x0000000000000006,0x00000000800191f0,0x0000000000000003,0x000000008000f201,0x3fea313e3ef3b6a8,0x0000000000000000,0x0000000046c8221e,0x0000000000582c51,0x3fedd0be6c437834,0x00000000800049f8,0x0000000000000000,0x414fe5af2295e9e2,0x412a0249f23a29c7,0x4152075f0472b021,0x3ff0000000000000,0x0000000000000000,0x3fe1aec7af362c5b,0x00000000800049f8,0x00000000013c41f6,0x0000000001325cfd,0x00000000013c41f6,0x0000000001325cfd,0x00000000001c3fb5,0x00000000000008da,0x000000000000523f,0x00000000000009bc,0x0000000000007165,0x000000000093943a,0x00000000000014ae
1784428183878,0x0000000080006260,0x0000000080019230,0x402a6014520d6e34,0x0000000000000000,0x0000000000000000,0x0000000080019440,0x0000000080019698,0x00000000800194a0,0x000000008000f238,0x00000000800003f0,0x0000000000000005,0x0000000000000005,0x0000000018fdf5fe,0x00000000155094ba,0x0000000000000000,0x0000000018ac346e,0x00000000007cb399,0x3fedd0be6c437505,0x0000000080005c22,0x0000000000000000,0x3fff2ce64554252f,0x412a0249f23a29c7,0x4152075f0472b021,0x01a56e1fc2f8f359,0x0000000000000000,0x0000000000000000,0x0000000080005c22,0x00000000013cf52b,0x0000000001330e47,0x00000000013cf52b,0x0000000001330e47,0x00000000001c5040,0x00000000000008e3,0x000000000000523f,0x00000000000009bc,0x00000000000071a5,0x000000000093ecae,0x00000000000014b1
1784428184618,0x000000008000583a,0x0000000080018ed0,0x0000000080007a7a,0x000000000000000f,0x00000000800191f0,0x0000000080018f20,0x00000000800194a0,0x000000008000f238,0x0000000000000003,0x0000000000000006,0x0000000000000000,0x0000000000000006,0x000000008000f201,0x3fea1eba0b72928a,0x0000000000000000,0x000000000d5f8be0,0x0000000000583574,0x3fedd0be6c437505,0x00000000800049d6,0x0000000000000000,0x414fe5b017f2e48f,0x412a023f61e4f766,0x4152075f4523a29c,0x0000000000000000,0x401623e8e4790c0a,0x0000000000000000,0x00000000800049d6,0x00000000013daa86,0x000000000133bfac,0x00000000013daa86,0x000000000133bfac,0x00000000001c6192,0x00000000000008e5,0x0000000000005240,0x00000000000009c0,0x00000000000071d2,0x00000000009442b8,0x00000000000014b4
1784428185397,0x0000000080006260,0x0000000080019230,0x402a6014520d6b47,0x0000000000000000,0x0000000000000000,0x0000000080019440,0x0000000080019698,0x00000000800194a0,0x000000008000f238,0x00000000800003f0,0x00000000800194a0,0x00000000800194c8,0x00000000193eff6f,0xffffffffe43ea13a,0x0000000000000000,0x00000000192eff6e,0x000000000046cd07,0x3fedd0be6c4372ac,0x0000000080005cf2,0x0000000000000000,0x4011b341f90fa84f,0x412a023f61e4f766,0x4152075f4523a29c,0x01a56e1fc2f8f359,0x0000000000000000,0x0000000000000000,0x0000000080005cf2,0x00000000013e7827,0x00000000013489c9,0x00000000013e7827,0x00000000013489c9,0x00000000001c759a,0x00000000000008ee,0x0000000000005240,0x00000000000009c1,0x0000000000007225,0x000000000094a84d,0x00000000000014b7
1784428186149,0x000000008000589c,0x0000000080018ed0,0x0000000080007a7a,0x0000000000000000,0x00000000800191f0,0x0000000080018f20,0x0000000080019280,0x0000000080019118,0x0000000000000006,0x0000000000000003,0x0000000000000000,0x0000000000000000,0xffffffffd23e4f94,0x0000000043f14ed0,0x0000000000000000,0xffffffffd20e4b80,0x000000000055dc95,0x3fedd0be6c4372ac,0x00000000800049b4,0x0000000000000000,0x4025772550fc53b4,0x412a024ebe28240b,0x4152075de9d2f1aa,0x401623e8e4790c0a,0x0000000000000000,0x0000000000000000,0x00000000800049b4,0x00000000013f5de3,0x0000000001356ebf,0x00000000013f5de3,0x0000000001356ebf,0x00000000001c8983,0x00000000000008f9,0x0000000000005241,0x00000000000009c6,0x0000000000007265,0x000000000095180b,0x00000000000014ba
1784428186922,0x00000000800056f8,0x0000000080019060,0x0000000080007a7a,0x000000000000000f,0x0000000080019430,0x00000000800190b0,0x0000000080019548,0x000000008000f238,0x0000000000000006,0x0000000000000006,0x0000000000000005,0x000000000000001d,0x000000008000f201,0x3fe83feef6e86672,0x0000000000000000,0xffffffffa6c80638,0x00000000005840e7,0x3fedd0be6c437103,0x0000000080004978,0x0000000000000000,0x414fe5afa4e3bcd3,0x412a024e9758e219,0x41520760563d70a4,0x0000000000000000,0x0000000000000000,0x0000000000000000,0x0000000080004978,0x0000000001402a11,0x0000000001363461,0x0000000001402a11,0x0000000001363461,0x00000000001c9f01,0x00000000000008fb,0x0000000000005241,0x00000000000009c7,0x00000000000072b2,0x00000000009579c5,0x00000000000014bd
1784428187751,0x00000000800058f2,0x0000000080018ed0,0x0000000080007a7a,0x0000000000000000,0x00000000800191f0,0x0000000080018f20,0x00000000800193a0,0x00000000800194a0,0x0000000000000006,0x0000000000000003,0x0000000000000002,0x0000000000000006,0x0000000042d2ffde,0x0000000043f14e52,0x0000000000000000,0x0000000042d2f6de,0x000000000055dc95,0x3fedd0be6c437103,0x00000000800049d6,0x0000000000000000,0x4025772550fc5395,0x412a024e9758e219,0x41520760563d70a4,0x3fc733d476943792,0x0000000000000000,0x0000000000000000,0x00000000800049d6,0x000000000140f4f2,0x000000000136ffbe,0x000000000140f4f2,0x000000000136ffbe,0x00000000001caf89,0x0000000000000904,0x0000000000005241,0x00000000000009c7,0x00000000000072e2,0x000000000095dc02,0x00000000000014c0
1784428188521,0x0000000080005744,0x0000000080019060,0x0000000080007a7a,0x000000000000000f,0x00000000800191f0,0x00000000800190b0,0x0000000080019310,0x00000000800191f0,0x0000000000000006,0x0000000000000006,0x00000000800190d0,0x0000000080019110,0x000000008000f201,0x3fe94b6c173e82ff,0x0000000000000000,0xffffffffc321b8b8,0x000000000058bd3e,0x3fedd0be6c436fe9,0x00000000800049f0,0x0000000000000000,0x414fe5ac0b5a8588,0x412a0243f1de69ad,0x4152076007d21ff3,0x0000000000000000,0x0000000000000000,0x0000000000000000,0x00000000800049f0,0x000000000141bce4,0x000000000137c184,0x000000000141bce4,0x000000000137c184,0x00000000001cc42b,0x0000000000000906,0x0000000000005242,0x00000000000009cc,0x000000000000733b,0x0000000000963c46,0x00000000000014c3
1784428189245,0x00000000800058f2,0x0000000080018ed0,0x0000000080007a7a,0x0000000000000000,0x00000000800191f0,0x0000000080018f20,0x00000000800193a0,0x00000000800194a0,0x0000000000000006,0x0000000000000003,0x0000000000000000,0x0000000000000003,0xffffffffcd1f7b5e,0x0000000043f14dee,0x0000000000000000,0xffffffffcd157b5e,0x000000000055dc95,0x3fedd0be6c436fe9,0x0000000080004a0a,0x0000000000000000,0x4025772550fc537c,0x412a0243f1de69ad,0x4152076007d21ff3,0x3fc0e154af64bbaf,0x0000000000000000,0x0000000000000000,0x0000000080004a0a,0x000000000142737b,0x00000000013877f0,0x000000000142737b,0x00000000013877f0,0x00000000001cd32b,0x000000000000090f,0x0000000000005242,0x00000000000009cc,0x0000000000007366,0x00000000009694b1,0x00000000000014c6
1784428190060,0x0000000080005744,0x0000000080019060,0x0000000080007a7a,0x000000000000000f,0x00000000800191f0,0x00000000800190b0,0x0000000080019310,0x00000000800191f0,0x0000000000000006,0x0000000000000006,0x0000000000000002,0x0000000000000006,0x000000008000f201,0x3fe999c727f3f299,0x0000000000000000,0x0000000005f7cf38,0x000000000057b585,0x3fedd0be6c436f41,0x000000008000498e,0x0000000000000000,0x414fe5ac31db22d1,0x412a022e16c8b439,0x4152075f19a9fbe7,0x0000000000000000,0x0000000000000000,0x0000000000000000,0x000000008000498e,0x0000000001433817,0x0000000001393700,0x0000000001433817,0x0000000001393700,0x00000000001ce78f,0x0000000000000911,0x0000000000005243,0x00000000000009d1,0x00000000000073ae,0x000000000096f3a3,0x00000000000014c9
1784428190835,0x00000000800057ae,0x0000000080018d90,0x0000000080007a7a,0x0000000000000000,0x00000000800191f0,0x0000000080018de0,0x0000000080018f50,0x000000008000f238,0x0000000000000006,0x0000000000000006,0x0000000080018f50,0x0000000080018f78,0xffffffff90ebef7a,0x0000000043f14d9c,0x0000000000000000,0xffffffff90606478,0x000000000055dc95,0x3fedd0be6c436f41,0x00000000800049a6,0x0000000000000000,0x4025772550fc5367,0x412a022e16c8b439,0x4152075f19a9fbe7,0x8000000000000000,0x3fdcf46da09c9984,0x3fdcf46da09c9984,0x00000000800049a6,0x000000000143f9d2,0x000000000139f8f0,0x000000000143f9d2,0x000000000139f8f0,0x00000000001cf765,0x000000000000091a,0x0000000000005243,0x00000000000009d1,0x00000000000073d9,0x0000000000975172,0x00000000000014cc
1784428191582,0x0000000080005744,0x0000000080019060,0x0000000080007a7a,0x000000000000000f,0x00000000800191f0,0x00000000800190b0,0x0000000080019310,0x00000000800191f0,0x0000000000000006,0x0000000000000006,0x0000000000000002,0x0000000000000006,0x000000008000f201,0x3fe884b505f27ab6,0x0000000000000000,0xffffffffabc02dce,0x000000000056d8d6,0x3fedd0be6c436ef0,0x000000008000496c,0x0000000000000000,0x414fe5ae6e6cf41f,0x412a024a1d7dbf48,0x4152075fa7055326,0x0000000000000000,0x0000000000000000,0x0000000000000000,0x000000008000496c,0x000000000144af98,0x00000000013aa8d7,0x000000000144af98,0x00000000013aa8d7,0x00000000001d0ab4,0x000000000000091c,0x0000000000005244,0x00000000000009d8,0x0000000000007423,0x000000000097a95e,0x00000000000014cf
1784428192400,0x00000000800057ae,0x0000000080018d90,0x0000000080007a7a,0x0000000000000000,0x00000000800191f0,0x0000000080018de0,0x0000000080018f50,0x000000008000f238,0x0000000000000006,0x0000000000000006,0x0000000000000001,0x0000000000000006,0x0000000004d73fff,0x0000000043f14d5e,0x0000000000000000,0x0000000004d128be,0x000000000055dc95,0x3fedd0be6c436ef0,0x000000008000496c,0x0000000000000000,0x4025772550fc5358,0x412a024a1d7dbf48,0x4152075fa7055326,0xbf9287f43dd4dd22,0x0000000000000000,0x0000000000000000,0x000000008000496c,0x000000000145794b,0x00000000013b72e8,0x000000000145794b,0x00000000013b72e8,0x00000000001d1b38,0x0000000000000925,0x0000000000005244,0x00000000000009d8,0x000000000000744a,0x0000000000980b01,0x00000000000014d2
1784428193195,0x000000008000575e,0x0000000080019070,0x0000000080007a7a,0x000000000000000f,0x00000000800191f0,0x00000000800190b0,0x00000000800190d0,0x00000000800002d0,0x000000008000f238,0x0000000000000006,0x0000000000000000,0x0000000000000006,0x000000008000f201,0x3fe802471dabfee1,0x0000000000000000,0xffffffff89b2d7ae,0x0000000000588e97,0x3fedd0be6c436ee2,0x0000000080004c78,0x0000000000000000,0x414fe5ae82dab9f5,0x412a0247ef9096bc,0x415207630cc63f14,0x3fc17a1e17d07705,0x0000000000000000,0x3fc17a1e17d07705,0x0000000080004c78,0x00000000014648b3,0x00000000013c3bf9,0x00000000014648b3,0x00000000013c3bf9,0x00000000001d3099,0x0000000000000927,0x0000000000005244,0x00000000000009d9,0x0000000000007497,0x0000000000986ebf,0x00000000000014d5
1784428194028,0x00000000800057ae,0x0000000080018d90,0x0000000080007a7a,0x0000000000000000,0x00000000800191f0,0x0000000080018de0,0x0000000080018f50,0x000000008000f238,0x0000000000000006,0x0000000000000006,0x0000000000000004,0x0000000000000006,0x000000003a6dbba3,0x0000000043f14d30,0x0000000000000000,0x000000003a2d0b80,0x000000000055dc95,0x3fedd0be6c436ee2,0x000000008000496c,0x0000000000000000,0x4025772550fc534c,0x412a0247ef9096bc,0x415207630cc63f14,0x8000000000000000,0x0000000000000000,0x0000000000000000,0x000000008000496c,0x0000000001470cd9,0x00000000013d0056,0x0000000001470cd9,0x00000000013d0056,0x00000000001d40a7,0x0000000000000930,0x0000000000005244,0x00000000000009d9,0x00000000000074be,0x000000000098cdaa,0x00000000000014d8
1784428194734,0x0000000080005820,0x0000000080018ed0,0x0000000080007a7a,0x000000000000000f,0x00000000800191f0,0x0000000080018f20,0x000000008000f238,0x0000000080019310,0x0000000000000006,0x0000000000000006,0x0000000080019280,0x00000000800192e8,0x000000008000f201,0x3feb651082ab37b0,0x0000000000000000,0xffffffff8ce88780,0x000000000058919f,0x3fedd0be6c436f02,0x0000000080004984,0x0000000000000000,0x414fe5af07aacd9f,0x412a024aaa2339c1,0x4152075ecca3d70a,0x402e61c980106084,0x0000000000000000,0x0000000000000000,0x0000000080004984,0x000000000147dd69,0x00000000013dcb33,0x000000000147dd69,0x00000000013dcb33,0x00000000001d560c,0x0000000000000932,0x0000000000005246,0x00000000000009e4,0x000000000000750f,0x000000000099324b,0x00000000000014db
1784428195511,0x0000000080006260,0x0000000080019230,0x402a6014520d61ba,0x0000000000000000,0x0000000000000000,0x0000000080019440,0x0000000080019698,0x00000000800194a0,0x000000008000f238,0x00000000800003f0,0x00000000800194a0,0x0000000000000001,0x000000004dab57fb,0xffffffff808e7474,0x0000000000000000,0x000000004d2b55b8,0x00000000005349a6,0x3fedd0be6c436f41,0x0000000080005bdc,0x0000000000000000,0x4024d269a0239d1d,0x412a024aaa2339c1,0x4152075ecca3d70a,0x01a56e1fc2f8f359,0x0000000000000000,0x0000000000000000,0x0000000080005bdc,0x000000000148a3e8,0x00000000013e8fc4,0x000000000148a3e8,0x00000000013e8fc4,0x00000000001d67ef,0x000000000000093b,0x0000000000005246,0x00000000000009e4,0x0000000000007556,0x00000000009993a1,0x00000000000014de
1784428196291,0x000000008000583a,0x0000000080018ed0,0x0000000080007a7a,0x000000000000000f,0x00000000800191f0,0x0000000080018f20,0x00000000800194a0,0x000000008000f238,0x0000000000000003,0x0000000000000006,0x00000000800194a0,0x00000000800194a0,0x000000008000f201,0x3fe9027901ebe3f8,0x0000000000000000,0x00000000661fc95e,0x000000000058d7f0,0x3fedd0be6c436f41,0x00000000800049a4,0x0000000000000000,0x414fe5b042cd9e84,0x412a02431525460b,0x41520761cab851ec,0x0000000000000000,0x0000000000000000,0x0000000000000000,0x00000000800049a4,0x00000000014960cd,0x00000000013f482a,0x00000000014960cd,0x00000000013f482a,0x00000000001d7a11,0x000000000000093d,0x0000000000005249,0x00000000000009f2,0x0000000000007586,0x000000000099ed24,0x00000000000014e1
1784428197005,0x0000000080006260,0x0000000080019230,0x402a6014520d6157,0x0000000000000000,0x0000000000000000,0x0000000080019440,0x0000000080019698,0x00000000800194a0,0x000000008000f238,0x00000000800003f0,0x0000000000000002,0x0000000000000002,0xffffffff94effef9,0x0000000033ff51bc,0x0000000000000000,0xffffffff94afbef8,0x000000000047964f,0x3fedd0be6c436f93,0x0000000080005bde,0x0000000000000000,0x4021e593ccffd46f,0x412a02431525460b,0x41520761cab851ec,0x01a56e1fc2f8f359,0x0000000000000000,0x0000000000000000,0x0000000080005bde,0x00000000014a1c27,0x0000000001400182,0x00000000014a1c27,0x0000000001400182,0x00000000001d8b2e,0x0000000000000946,0x0000000000005249,0x00000000000009f2,0x00000000000075c9,0x00000000009a4976,0x00000000000014e4
1784428197731,0x000000008000583a,0x0000000080018ed0,0x0000000080007a7a,0x000000000000000f,0x00000000800191f0,0x0000000080018f20,0x00000000800194a0,0x000000008000f238,0x0000000000000003,0x0000000000000006,0x0000000000000003,0x0000000000000021,0x000000008000f201,0x3fea4663a304abea,0x0000000000000000,0xffffffff9f53d5b8,0x000000000058cf1d,0x3fedd0be6c436f93,0x00000000800049be,0x0000000000000000,0x414fe5a7d1a36e2f,0x412a024719db22d1,0x4152075fdf381d7e,0x0000000000000000,0x3fe1aec7af362c5b,0x3fe1aec7af362c5b,0x00000000800049be,0x00000000014ae06e,0x000000000140c18f,0x00000000014ae06e,0x000000000140c18f,0x00000000001d9dc6,0x0000000000000948,0x000000000000524c,0x00000000000009fe,0x00000000000075ec,0x00000000009aa677,0x00000000000014e7
1784428198498,0x0000000080006178,0x00000000800193f0,0x0000000080007a7a,0x000000000000000f,0x0000000080019530,0x0000000080019440,0x000000008000f208,0x0000000080019668,0x0000000080019548,0x000000008000f208,0x000000008000f208,0x0000000000000002,0x0000000013e6f87e,0xffffffffa907d6e2,0x0000000000000000,0x0000000013a2b03e,0x0000000000579250,0x3fedd0be6c436ff0,0x0000000080005a24,0x0000000000000000,0x414fe5ab924dd2f2,0x412a025137318fc5,0x415207614b10cb29,0x414fe4b2b923a29c,0x412a0244b210c5c1,0xbfb71602d23769f6,0x0000000080005a24,0x00000000014bac1c,0x0000000001418861,0x00000000014bac1c,0x0000000001418861,0x00000000001db331,0x0000000000000953,0x000000000000524e,0x0000000000000a09,0x000000000000766e,0x00000000009b0b9f,0x00000000000014ea
1784428199332,0x0000000080005018,0x0000000080018de0,0x0000000080007a7a,0x000000000000000f,0x00000000800191f0,0x0000000080018e40,0x0000000080019118,0x0000000080018ef8,0x0000000000000003,0x0000000080019118,0x0000000000000000,0x0000000000000000,0x000000008000f201,0x3fe8d6beb9d0c396,0x0000000000000000,0x0000000013a2b03e,0x0000000000579250,0x3fedd0be6c436ff0,0x0000000080004ec2,0x0000000000000000,0x414fe5ab924dd2f2,0x412a025137318fc5,0x415207614b10cb29,0x3ff12c1dda637504,0x0000000000000000,0x403e88fa391e4302,0x0000000080004ec2,0x00000000014c7543,0x0000000001424ff2,0x00000000014c7543,0x0000000001424ff2,0x00000000001dc332,0x0000000000000953,0x000000000000524e,0x0000000000000a09,0x000000000000767a,0x00000000009b698d,0x00000000000014ee
1784428200118,0x00000000800056f8,0x0000000080019060,0x0000000080007a7a,0x000000000000000f,0x0000000080019430,0x00000000800190b0,0x0000000080019548,0x000000008000f238,0x0000000000000006,0x0000000000000006,0x0000000000000002,0x0000000000000006,0x000000008000f201,0x3fe90e4465ef53a7,0x0000000000000000,0x0000000020e917b8,0x000000000058c216,0x3fedd0be6c437050,0x00000000800049d6,0x0000000000000000,0x414fe5ac0141205c,0x412a023ecd844d01,0x41520765231f8a09,0x0000000000000000,0x0000000000000000,0x0000000000000000,0x00000000800049d6,0x00000000014d3c84,0x0000000001431268,0x00000000014d3c84,0x0000000001431268,0x00000000001dd857,0x000000000000095e,0x0000000000005250,0x0000000000000a14,0x00000000000076e2,0x00000000009bcc97,0x00000000000014f1
1784428200863,0x000000008000589c,0x0000000080018ed0,0x0000000080007a7a,0x0000000000000000,0x00000000800191f0,0x0000000080018f20,0x0000000080019280,0x0000000080019118,0x0000000000000006,0x0000000000000003,0x00000000800193a0,0x00000000800193e0,0xffffffffa4ffffff,0x0000000043f14cd4,0x0000000000000000,0xffffffffa4e4b838,0x000000000055dc95,0x3fedd0be6c437050,0x000000008000495a,0x0000000000000000,0x4025772550fc5335,0x412a023ecd844d01,0x41520765231f8a09,0x0000000000000000,0x3fc733d476943792,0x0000000000000000,0x000000008000495a,0x00000000014e01c0,0x000000000143d843,0x00000000014e01c0,0x000000000143d843,0x00000000001de81c,0x0000000000000967,0x0000000000005250,0x0000000000000a14,0x0000000000007702,0x00000000009c2c8b,0x00000000000014f4
1784428201721,0x00000000800056f8,0x0000000080019060,0x0000000080007a7a,0x000000000000000f,0x0000000080019430,0x00000000800190b0,0x0000000080019548,0x000000008000f238,0x0000000000000006,0x0000000000000006,0x0000000000000004,0x0000000000000006,0x000000008000f201,0x3fed984e7c4ffad8,0x0000000000000000,0x000000005a3d859e,0x0000000000582011,0x3fedd0be6c4370ae,0x00000000800049d6,0x0000000000000000,0x414fe5addc4d013b,0x412a024a5020c49c,0x4152075eb6041893,0x3ff0000000000000,0x0000000000000000,0x0000000000000000,0x00000000800049d6,0x00000000014ec3f1,0x0000000001449436,0x00000000014ec3f1,0x0000000001449436,0x00000000001dfccc,0x0000000000000969,0x0000000000005251,0x0000000000000a19,0x000000000000774e,0x00000000009c89c2,0x00000000000014f7
1784428202519,0x000000008000589c,0x0000000080018ed0,0x0000000080007a7a,0x0000000000000000,0x00000000800191f0,0x0000000080018f20,0x0000000080019280,0x0000000080019118,0x0000000000000006,0x0000000000000003,0x0000000000000004,0x0000000000000003,0xffffffffa4ffffff,0x0000000043f14cd4,0x0000000000000000,0xffffffffa4e4b838,0x000000000055dc95,0x3fedd0be6c4370ae,0x000000008000498e,0x0000000000000000,0x4025772550fc5335,0x412a024a5020c49c,0x4152075eb6041893,0x402e61c980105f4f,0x0000000000000000,0x0000000000000000,0x000000008000498e,0x00000000014f7bb1,0x0000000001454d03,0x00000000014f7bb1,0x0000000001454d03,0x00000000001e0b79,0x0000000000000972,0x0000000000005251,0x0000000000000a19,0x0000000000007766,0x00000000009ce38a,0x00000000000014fa
1784428203359,0x00000000800056f8,0x0000000080019060,0x0000000080007a7a,0x000000000000000f,0x0000000080019430,0x00000000800190b0,0x0000000080019548,0x000000008000f238,0x0000000000000006,0x0000000000000006,0x0000000000000003,0x000000000000001e,0x000000008000f201,0x3fe9988722a74ac9,0x0000000000000000,0x000000006612bcee,0x000000000059036f,0x3fedd0be6c437104,0x0000000080004976,0x0000000000000000,0x414fe5aee2ee6320,0x412a024909c779a7,0x415207601c2de00d,0x0000000000000000,0x0000000000000000,0x0000000000000000,0x0000000080004976,0x00000000015043c5,0x0000000001460ea0,0x00000000015043c5,0x0000000001460ea0,0x00000000001e20a2,0x0000000000000974,0x0000000000005252,0x0000000000000a20,0x00000000000077b3,0x00000000009d4384,0x00000000000014fd
1784428204199,0x00000000800058f2,0x0000000080018ed0,0x0000000080007a7a,0x0000000000000000,0x00000000800191f0,0x0000000080018f20,0x00000000800193a0,0x00000000800194a0,0x0000000000000006,0x0000000000000003,0x0000000080018f50,0x00000000000000b8,0xffffffffa4ffffff,0x0000000043f14cd4,0x0000000000000000,0xffffffffa4e4b838,0x000000000055dc95,0x3fedd0be6c437104,0x0000000080004980,0x0000000000000000,0x4025772550fc5335,0x412a024909c779a7,0x415207601c2de00d,0x3f9287f43dd4dd22,0x0000000000000000,0x0000000000000000,0x0000000080004980,0x0000000001510db5,0x000000000146d9a8,0x0000000001510db5,0x000000000146d9a8,0x00000000001e3125,0x000000000000097d,0x0000000000005252,0x0000000000000a20,0x00000000000077d3,0x00000000009da598,0x0000000000001500
1784428205032,0x0000000080005744,0x0000000080019060,0x0000000080007a7a,0x000000000000000f,0x00000000800191f0,0x00000000800190b0,0x0000000080019310,0x00000000800191f0,0x0000000000000006,0x0000000000000006,0x00000000800190d0,0x00000000000000a8,0x000000008000f201,0x3fe78ddc608393ca,0x0000000000000000,0x0000000046a4edf8,0x0000000000593656,0x3fedd0be6c437152,0x0000000080004954,0x0000000000000000,0x414fe5ab00902de0,0x412a0232eb780347,0x41520762939a6b51,0x0000000000000000,0x3fe185d1eca6d032,0x3fe185d1eca6d032,0x0000000080004954,0x000000000151e2e3,0x000000000147a938,0x000000000151e2e3,0x000000000147a938,0x00000000001e46e3,0x000000000000097f,0x0000000000005252,0x0000000000000a21,0x000000000000781b,0x00000000009e0c60,0x0000000000001503
1784428205880,0x0000000080005794,0x0000000080018db0,0x0000000080007a7a,0x0000000000000000,0x00000000800191f0,0x0000000080018de0,0x0000000080018f50,0x0000000000000006,0x0000000000000006,0x0000000000000003,0x0000000080003cf8,0x0000000080018fc0,0x000000001d765e9f,0x0000000043f14cd6,0x0000000000000000,0x000000001d021e8e,0x000000000055dc95,0x3fedd0be6c437152,0x0000000080004dba,0x0000000000000000,0x4025772550fc5336,0x412a0232eb780347,0x41520762939a6b51,0x3f8314f4c02b29f9,0xbfc733d476943792,0x3fea330ae25af21c,0x0000000080004dba,0x0000000001529314,0x0000000001485a38,0x0000000001529314,0x0000000001485a38,0x00000000001e554e,0x0000000000000988,0x0000000000005252,0x0000000000000a21,0x0000000000007836,0x00000000009e6230,0x0000000000001506
1784428206632,0x0000000080005744,0x0000000080019060,0x0000000080007a7a,0x000000000000000f,0x00000000800191f0,0x00000000800190b0,0x0000000080019310,0x00000000800191f0,0x0000000000000006,0x0000000000000006,0x00000000800190d0,0x0000000080019138,0x000000008000f201,0x3fe880fc59d74d50,0x0000000000000000,0x000000003fb80e00,0x000000000057a183,0x3fedd0be6c437195,0x00000000800049f0,0x0000000000000000,0x414fe5a82c2c3c9f,0x412a024b47d566cf,0x4152076004ea4a8c,0x0000000000000000,0x0000000000000000,0x0000000000000000,0x00000000800049f0,0x0000000001534d59,0x0000000001490deb,0x0000000001534d59,0x0000000001490deb,0x00000000001e68eb,0x000000000000098a,0x0000000000005253,0x0000000000000a26,0x000000000000788a,0x00000000009ebbd5,0x0000000000001509
1784428207494,0x00000000800057ae,0x0000000080018d90,0x0000000080007a7a,0x0000000000000000,0x00000000800191f0,0x0000000080018de0,0x0000000080018f50,0x000000008000f238,0x0000000000000006,0x0000000000000006,0x0000000080018df0,0x0000000000000030,0x000000000d3cff6e,0x0000000043f14cda,0x0000000000000000,0x000000000d3ceb2e,0x000000000055dc95,0x3fedd0be6c437195,0x00000000800049ea,0x0000000000000000,0x4025772550fc5337,0x412a024b47d566cf,0x4152076004ea4a8c,0x8000000000000000,0x3fdcf46da09c9983,0x8000000000000000,0x00000000800049ea,0x000000000154145b,0x000000000149d52e,0x000000000154145b,0x000000000149d52e,0x00000000001e7932,0x0000000000000993,0x0000000000005253,0x0000000000000a26,0x00000000000078ad,0x00000000009f1c23,0x000000000000150c
1784428208317,0x0000000080005744,0x0000000080019060,0x0000000080007a7a,0x000000000000000f,0x00000000800191f0,0x00000000800190b0,0x0000000080019310,0x00000000800191f0,0x0000000000000006,0x0000000000000006,0x0000000000000004,0x0000000000000006,0x000000008000f201,0x3fe60ccf2bb2c3eb,0x0000000000000000,0xffffffffab882afe,0x00000000005848d2,0x3fedd0be6c4371ce,0x00000000800049d6,0x0000000000000000,0x414fe5a8fb1c432d,0x412a0246400d1b71,0x41520761cf780347,0x0000000000000000,0x0000000000000000,0x0000000000000000,0x00000000800049d6,0x000000000154d476,0x00000000014a8f53,0x000000000154d476,0x00000000014a8f53,0x00000000001e8d4c,0x0000000000000995,0x0000000000005254,0x0000000000000a2b,0x00000000000078f5,0x00000000009f78d7,0x000000000000150f
1784428209143,0x00000000800057ae,0x0000000080018d90,0x0000000080007a7a,0x0000000000000000,0x00000000800191f0,0x0000000080018de0,0x0000000080018f50,0x000000008000f238,0x0000000000000006,0x0000000000000006,0x0000000000000003,0x0000000000000009,0xfffffffffd77f7fe,0x0000000043f14cde,0x0000000000000000,0xfffffffffd77b7be,0x000000000055dc95,0x3fedd0be6c4371ce,0x00000000800049e4,0x0000000000000000,0x4025772550fc5338,0x412a0246400d1b71,0x41520761cf780347,0x3ff0000000000000,0x0000000000000000,0x0000000000000000,0x00000000800049e4,0x0000000001558e82,0x00000000014b49d2,0x0000000001558e82,0x00000000014b49d2,0x00000000001e9c86,0x000000000000099e,0x0000000000005254,0x0000000000000a2b,0x000000000000791c,0x00000000009fd326,0x0000000000001512
1784428209960,0x0000000080005744,0x0000000080019060,0x0000000080007a7a,0x000000000000000f,0x00000000800191f0,0x00000000800190b0,0x0000000080019310,0x00000000800191f0,0x0000000000000006,0x0000000000000006,0x0000000000000004,0x000000000000001c,0x000000008000f201,0x3fe5d9c22eabff8f,0x0000000000000000,0x000000006c243d9e,0x0000000000584744,0x3fedd0be6c4371fd,0x00000000800049be,0x0000000000000000,0x414fe5a75ae147ae,0x412a024185e353f8,0x41520762f6d42c3d,0x3fedd0be6c4371fc,0x0000000000000000,0x0000000000000000,0x00000000800049be,0x0000000001565a3d,0x00000000014c0f08,0x0000000001565a3d,0x00000000014c0f08,0x00000000001eb195,0x00000000000009a0,0x0000000000005255,0x0000000000000a30,0x0000000000007969,0x0000000000a03508,0x0000000000001515
1784428210737,0x00000000800057ae,0x0000000080018d90,0x0000000080007a7a,0x0000000000000000,0x00000000800191f0,0x0000000080018de0,0x0000000080018f50,0x000000008000f238,0x0000000000000006,0x0000000000000006,0x0000000000000003,0x0000000000000000,0xffffffffedffefbf,0x0000000043f14ce2,0x0000000000000000,0xffffffffedb2843e,0x000000000055dc95,0x3fedd0be6c4371fd,0x00000000800049ba,0x0000000000000000,0x4025772550fc5339,0x412a024185e353f8,0x41520762f6d42c3d,0x8000000000000000,0x0000000000000000,0x0000000000000000,0x00000000800049ba,0x0000000001570db0,0x00000000014cc2c1,0x0000000001570db0,0x00000000014cc2c1,0x00000000001ec03f,0x00000000000009a9,0x0000000000005255,0x0000000000000a30,0x0000000000007997,0x0000000000a08c1e,0x0000000000001518
1784428211528,0x000000008000575e,0x0000000080019070,0x0000000080007a7a,0x000000000000000f,0x00000000800191f0,0x00000000800190b0,0x00000000800190d0,0x00000000800002d0,0x000000008000f238,0x0000000000000006,0x0000000000000004,0x0000000000000006,0x000000008000f201,0x3fe6d9928fbead04,0x0000000000000000,0x00000000084d8c3e,0x000000000057dcdc,0x3fedd0be6c437220,0x0000000080004c48,0x0000000000000000,0x414fe5a92d3f7cee,0x412a02348ed91687,0x4152076103247454,0x3fc17a1e17d077f2,0x0000000000000000,0x0000000000000000,0x0000000080004c48,0x000000000157d7b8,0x00000000014d8650,0x000000000157d7b8,0x00000000014d8650,0x00000000001ed522,0x00000000000009ab,0x0000000000005255,0x0000000000000a31,0x00000000000079e3,0x0000000000a0ed44,0x000000000000151b
1784428212305,0x00000000800057ae,0x0000000080018d90,0x0000000080007a7a,0x0000000000000000,0x00000000800191f0,0x0000000080018de0,0x0000000080018f50,0x000000008000f238,0x0000000000000006,0x0000000000000006,0x0000000080018df0,0x0000000080018ea8,0xffffffffddff7dee,0x0000000043f14ce6,0x0000000000000000,0xffffffffdded50ae,0x000000000055dc95,0x3fedd0be6c437220,0x00000000800049f0,0x0000000000000000,0x4025772550fc533a,0x412a02348ed91687,0x4152076103247454,0x8000000000000000,0x0000000000000000,0x0000000000000000,0x00000000800049f0,0x0000000001589052,0x00000000014e3f47,0x0000000001589052,0x00000000014e3f47,0x00000000001ee445,0x00000000000009b4,0x0000000000005255,0x0000000000000a31,0x0000000000007a08,0x0000000000a146d2,0x000000000000151e
1784428213072,0x0000000080005820,0x0000000080018ed0,0x0000000080007a7a,0x000000000000000f,0x00000000800191f0,0x0000000080018f20,0x000000008000f238,0x0000000080019310,0x0000000000000006,0x0000000000000006,0x0000000080019280,0x0000000080019298,0x000000008000f201,0x3fe52d36d65da54d,0x0000000000000000,0x0000000078952938,0x000000000057afd5,0x3fedd0be6c437238,0x00000000800049f0,0x0000000000000000,0x414fe5a70a5119ce,0x412a023be8db8bac,0x41520761e6d288ce,0x0000000000000000,0x3fe1aec7af362c5b,0x3fe1aec7af362c5b,0x00000000800049f0,0x00000000015958d5,0x00000000014f01a3,0x00000000015958d5,0x00000000014f01a3,0x00000000001ef8f3,0x00000000000009b6,0x0000000000005256,0x0000000000000a36,0x0000000000007a61,0x0000000000a1a77d,0x0000000000001522
1784428213929,0x00000000800057ae,0x0000000080018d90,0x0000000080007a7a,0x0000000000000000,0x00000000800191f0,0x0000000080018de0,0x0000000080018f50,0x000000008000f238,0x0000000000000006,0x0000000000000006,0x0000000080018f50,0x0000000000000118,0x00000000566af6fe,0x0000000043f14ce8,0x0000000000000000,0x00000000560ab6e0,0x000000000055dc95,0x3fedd0be6c437238,0x00000000800049a2,0x0000000000000000,0x4025772550fc533a,0x412a023be8db8bac,0x41520761e6d288ce,0xbf8314f4c02b2a6d,0xbf847ae147ae156c,0xbf847ae147ae156c,0x00000000800049a2,0x00000000015a1a5c,0x00000000014fc2e7,0x00000000015a1a5c,0x00000000014fc2e7,0x00000000001f08d8,0x00000000000009bf,0x0000000000005256,0x0000000000000a36,0x0000000000007a8f,0x0000000000a204e6,0x0000000000001525
1784428214769,0x0000000080005820,0x0000000080018ed0,0x0000000080007a7a,0x000000000000000f,0x00000000800191f0,0x0000000080018f20,0x000000008000f238,0x0000000080019310,0x0000000000000006,0x0000000000000006,0x0000000080019280,0x00000000800192b0,0x000000008000f201,0x3fe4965eba5d48fa,0x0000000000000000,0xffffffff9ecdf24e,0x000000000057b5c8,0x3fedd0be6c437249,0x000000008000495a,0x0000000000000000,0x414fe5a8f0d844d0,0x412a023f48db8bac,0x4152075dd40ebee0,0x0000000000000000,0x0000000000000000,0x0000000000000000,0x000000008000495a,0x00000000015ad21c,0x0000000001507539,0x00000000015ad21c,0x0000000001507539,0x00000000001f1c3a,0x00000000000009c1,0x0000000000005259,0x0000000000000a45,0x0000000000007ade,0x0000000000a25def,0x0000000000001528
1784428215616,0x0000000080009fc2,0x0000000080019420,0x402a6014520d6134,0x0000000000000002,0x0000000000000000,0x0000000080019700,0x00000000004b1153,0xffffffffb7fa77e2,0x000000000030c594,0x0000000000000004,0x00000000002588a9,0x00000000433a0e3e,0x000000006ff4efc2,0x000000006ff4efc4,0x0000000000000002,0x000000006ff4efc2,0x00000000004b1153,0x3fedd0be6c437251,0x000000008000a11e,0x407603280fc994d0,0x407603280fc994d0,0x412a023f48db8bac,0x4152075dd40ebee0,0x3ff0000000000000,0x40112b6c73206cde,0x407603280fc994d0,0x000000008000a11e,0x00000000015b9518,0x00000000015137c2,0x00000000015b9518,0x00000000015137c2,0x00000000001f2c0a,0x00000000000009ca,0x0000000000005259,0x0000000000000a45,0x0000000000007b26,0x0000000000a2bce4,0x000000000000152b
1784428216479,0x0000000080005820,0x0000000080018ed0,0x0000000080007a7a,0x000000000000000f,0x00000000800191f0,0x0000000080018f20,0x000000008000f238,0x0000000080019310,0x0000000000000006,0x0000000000000006,0x0000000080019280,0x0000000080019308,0x000000008000f201,0x3fde0d63b659611d,0x0000000000000000,0xffffffffe231f478,0x0000000000584bfc,0x3fedd0be6c437251,0x00000000800049f0,0x0000000000000000,0x414fe5a993a92a30,0x412a023f15810625,0x415207611acbfb16,0x0000000000000000,0x0000000000000000,0x0000000000000000,0x00000000800049f0,0x00000000015c59bc,0x000000000151f6a0,0x00000000015c59bc,0x000000000151f6a0,0x00000000001f409f,0x00000000000009cc,0x000000000000525c,0x0000000000000a54,0x0000000000007b4b,0x0000000000a31b02,0x000000000000152e
1784428217307,0x0000000080006260,0x0000000080019230,0x402a6014520d613d,0x0000000000000000,0x0000000000000000,0x0000000080019440,0x0000000080019698,0x00000000800194a0,0x000000008000f238,0x00000000800003f0,0x0000000000000000,0x000000000000000c,0x00000000024ff0fa,0x0000000006a60ad4,0x0000000000000000,0x00000000024d6038,0x000000000052aca3,0x3fedd0be6c437254,0x0000000080005bf4,0x0000000000000000,0x4014ab28c1a982b5,0x412a023f15810625,0x415207611acbfb16,0x01a56e1fc2f8f359,0x0000000000000000,0x0000000000000000,0x0000000080005bf4,0x00000000015d1a72,0x000000000152b54e,0x00000000015d1a72,0x000000000152b54e,0x00000000001f51e5,0x00000000000009d5,0x000000000000525c,0x0000000000000a54,0x0000000000007b91,0x0000000000a37988,0x0000000000001531
1784428218131,0x000000008000583a,0x0000000080018ed0,0x0000000080007a7a,0x000000000000000f,0x00000000800191f0,0x0000000080018f20,0x00000000800194a0,0x000000008000f238,0x0000000000000003,0x0000000000000006,0x00000000800191f0,0x0000000000000002,0x000000008000f201,0x3fdbee71a5f764de,0x0000000000000000,0xffffffff91e61be0,0x00000000005874ac,0x3fedd0be6c437254,0x00000000800049f6,0x0000000000000000,0x414fe5a8baeb1c43,0x412a0253fb4a233a,0x4152075f12bedfa4,0x3ff0000000000000,0x0000000000000000,0x0000000000000000,0x00000000800049f6,0x00000000015ddd22,0x000000000153738a,0x00000000015ddd22,0x000000000153738a,0x00000000001f64a7,0x00000000000009d7,0x000000000000525e,0x0000000000000a5e,0x0000000000007bba,0x0000000000a3d5d1,0x0000000000001534
1784428218972,0x0000000080006260,0x0000000080019230,0x402a6014520d6144,0x0000000000000000,0x0000000000000000,0x0000000080019440,0x0000000080019698,0x00000000800194a0,0x000000008000f238,0x00000000800003f0,0x00000000800194a0,0x0000000080019510,0x000000003c0deebf,0xffffffffed0ead1a,0x0000000000000000,0x000000003c0decae,0x0000000000405265,0x3fedd0be6c437253,0x0000000080005cee,0x0000000000000000,0x403014997b43ab47,0x412a0253fb4a233a,0x4152075f12bedfa4,0x01a56e1fc2f8f359,0x0000000000000000,0x0000000000000000,0x0000000080005cee,0x00000000015ea18d,0x00000000015434b1,0x00000000015ea18d,0x00000000015434b1,0x00000000001f7825,0x00000000000009e0,0x000000000000525e,0x0000000000000a5f,0x0000000000007bfa,0x0000000000a43761,0x0000000000001537
1784428219773,0x0000000080005850,0x0000000080018ed0,0x0000000080007a7a,0x000000000000000f,0x00000000800191f0,0x0000000080018f20,0x00000000800191f0,0x0000000080019310,0x0000000000000003,0x0000000000000006,0x0000000000000000,0x0000000000000003,0x000000008000f201,0x3fd4fc08c37b8678,0x0000000000000000,0xffffffff923c5380,0x00000000005952c9,0x3fedd0be6c437253,0x00000000800049d6,0x0000000000000000,0x414fe5a3f93404ea,0x412a02481404ea4b,0x415207607cb5dcc6,0x3fe1aec7af362c5b,0x0000000000000000,0x0000000000000000,0x00000000800049d6,0x00000000015f6715,0x000000000154f764,0x00000000015f6715,0x000000000154f764,0x00000000001f8940,0x00000000000009e2,0x0000000000005260,0x0000000000000a69,0x0000000000007c23,0x0000000000a493eb,0x000000000000153a
1784428220625,0x00000000800056f8,0x0000000080019060,0x0000000080007a7a,0x000000000000000f,0x0000000080019430,0x00000000800190b0,0x0000000080019548,0x000000008000f238,0x0000000000000006,0x0000000000000006,0x0000000000000000,0x0000000000000006,0x000000008000f201,0x3fd22178e9f0e207,0x0000000000000000,0xffffffffa639101e,0x0000000000580728,0x3fedd0be6c43724c,0x00000000800049d6,0x0000000000000000,0x414fe5aad9e83e42,0x412a02366113404f,0x4152076169c5d639,0x0000000000000000,0x0000000000000000,0x0000000000000000,0x00000000800049d6,0x0000000001602a71,0x000000000155b65c,0x0000000001602a71,0x000000000155b65c,0x00000000001f9df8,0x00000000000009ed,0x0000000000005263,0x0000000000000a78,0x0000000000007c90,0x0000000000a4f559,0x000000000000153d
1784428221477,0x0000000080004ede,0x0000000080018de0,0x0000000080007a7a,0x0000000000000000,0x00000000800191f0,0x0000000080018e40,0x0000000000000001,0x000000001b03b771,0x000000003fe00000,0x40161a799b03b771,0x0000000080019118,0x0000000000000000,0xffffffffcfbb17fa,0x000000006c0eddc4,0x0000000000000000,0xffffffffcf3a00f8,0x00000000005869e6,0x3fedd0be6c43724c,0x0000000080004e3c,0x0000000000000000,0x40161a799b03b771,0x412a02366113404f,0x4152076169c5d639,0x01a56e1fc2f8f359,0x3ff0000000000000,0x0000000000000000,0x0000000080004e3c,0x000000000160f190,0x0000000001567d7e,0x000000000160f190,0x0000000001567d7e,0x00000000001fad9a,0x00000000000009ef,0x0000000000005263,0x0000000000000a78,0x0000000000007ca4,0x0000000000a55514,0x0000000000001540
1784428222319,0x00000000800056f8,0x0000000080019060,0x0000000080007a7a,0x000000000000000f,0x0000000080019430,0x00000000800190b0,0x0000000080019548,0x000000008000f238,0x0000000000000006,0x0000000000000006,0x0000000000000002,0x0000000000000006,0x000000008000f201,0x3fd1b1750f46ae01,0x0000000000000000,0x00000000394722e0,0x000000000058890e,0x3fedd0be6c437243,0x0000000080004934,0x0000000000000000,0x414fe5a9536ae7d5,0x412a0248f74bc6a8,0x41520763e41f212d,0x0000000000000000,0x0000000000000000,0x0000000000000000,0x0000000080004934,0x000000000161ad5c,0x0000000001573334,0x000000000161ad5c,0x0000000001573334,0x00000000001fc209,0x00000000000009f8,0x0000000000005265,0x0000000000000a81,0x0000000000007cfc,0x0000000000a5b016,0x0000000000001543
1784428223146,0x0000000080004ede,0x0000000080018de0,0x0000000080007a7a,0x0000000000000000,0x00000000800191f0,0x0000000080018e40,0x0000000000000001,0x000000001b03b771,0x000000003fe00000,0x40161a799b03b771,0x0000000000000001,0x0000000000000003,0xffffffffcfbb17fa,0x000000006c0eddc4,0x0000000000000000,0xffffffffcf3a00f8,0x00000000005869e6,0x3fedd0be6c437243,0x0000000080004f02,0x0000000000000000,0x40161a799b03b771,0x412a0248f74bc6a8,0x41520763e41f212d,0x01a56e1fc2f8f359,0x3ff0000000000000,0x40161a799b03b771,0x0000000080004f02,0x000000000162648b,0x000000000157e991,0x000000000162648b,0x000000000157e991,0x00000000001fd070,0x00000000000009f8,0x0000000000005265,0x0000000000000a81,0x0000000000007d0b,0x0000000000a606f5,0x0000000000001546
1784428223971,0x00000000800056f8,0x0000000080019060,0x0000000080007a7a,0x000000000000000f,0x0000000080019430,0x00000000800190b0,0x0000000080019548,0x000000008000f238,0x0000000000000006,0x0000000000000006,0x0000000000000000,0x0000000000000012,0x000000008000f201,0x3fd70f14d245b5e0,0x0000000000000000,0x00000000602af39e,0x00000000005928a6,0x3fedd0be6c437238,0x000000008000494c,0x0000000000000000,0x414fe5a803a5e354,0x412a023e4b6ae7d5,0x41520761db9096bc,0x0000000000000000,0x0000000000000000,0x0000000000000000,0x000000008000494c,0x0000000001632d34,0x000000000158acc2,0x0000000001632d34,0x000000000158acc2,0x00000000001fe5d0,0x0000000000000a03,0x0000000000005267,0x0000000000000a8c,0x0000000000007d73,0x0000000000a6695e,0x0000000000001549
1784428224761,0x000000008000589c,0x0000000080018ed0,0x0000000080007a7a,0x0000000000000000,0x00000000800191f0,0x0000000080018f20,0x0000000080019280,0x0000000080019118,0x0000000000000006,0x0000000000000003,0x00000000800193a0,0x0000000000000001,0xffffffffae9db7df,0x0000000043f14cf2,0x0000000000000000,0xffffffffae9db59e,0x000000000055dc95,0x3fedd0be6c437238,0x00000000800049f6,0x0000000000000000,0x4025772550fc533d,0x412a023e4b6ae7d5,0x41520761db9096bc,0x0000000000000000,0x0000000000000000,0x0000000000000000,0x00000000800049f6,0x000000000163f48d,0x00000000015974d6,0x000000000163f48d,0x00000000015974d6,0x00000000001ff5c0,0x0000000000000a0c,0x0000000000005267,0x0000000000000a8c,0x0000000000007d97,0x0000000000a6ca59,0x000000000000154c
1784428225609,0x00000000800056f8,0x0000000080019060,0x0000000080007a7a,0x000000000000000f,0x0000000080019430,0x00000000800190b0,0x0000000080019548,0x000000008000f238,0x0000000000000006,0x0000000000000006,0x0000000080019310,0x0000000000000004,0x000000008000f201,0x3fd6a6e821ad604a,0x0000000000000000,0xffffffff8efc683e,0x000000000058888a,0x3fedd0be6c43722c,0x00000000800049fc,0x0000000000000000,0x414fe5a602a64c30,0x412a024bef694467,0x41520764e1bf4880,0x0000000000000000,0x0000000000000000,0x0000000000000000,0x00000000800049fc,0x000000000164ad79,0x00000000015a26fa,0x000000000164ad79,0x00000000015a26fa,0x00000000002009ae,0x0000000000000a0e,0x0000000000005269,0x0000000000000a97,0x0000000000007de0,0x0000000000a722f5,0x000000000000154f
1784428226456,0x00000000800058f2,0x0000000080018ed0,0x0000000080007a7a,0x0000000000000000,0x00000000800191f0,0x0000000080018f20,0x00000000800193a0,0x00000000800194a0,0x0000000000000006,0x0000000000000003,0x0000000000000002,0x0000000000000003,0xffffffffae9db7df,0x0000000043f14cf2,0x0000000000000000,0xffffffffae9db59e,0x000000000055dc95,0x3fedd0be6c43722c,0x0000000080004a06,0x0000000000000000,0x4025772550fc533d,0x412a024bef694467,0x41520764e1bf4880,0x0000000000000000,0x0000000000000000,0x0000000000000000,0x0000000080004a06,0x0000000001657358,0x00000000015aedb9,0x0000000001657358,0x00000000015aedb9,0x00000000002019db,0x0000000000000a17,0x0000000000005269,0x0000000000000a97,0x0000000000007e00,0x0000000000a78312,0x0000000000001552
1784428227284,0x00000000800056f8,0x0000000080019060,0x0000000080007a7a,0x000000000000000f,0x0000000080019430,0x00000000800190b0,0x0000000080019548,0x000000008000f238,0x0000000000000006,0x0000000000000006,0x0000000080019310,0x0000000080019420,0x000000008000f201,0x3fdd4d0b8d2ca3da,0x0000000000000000,0xffffffffc3c8c5ee,0x000000000058dd42,0x3fedd0be6c43721e,0x0000000080004982,0x0000000000000000,0x414fe5a632b9f55a,0x412a02422703afb8,0x415207655a3a29c7,0x0000000000000000,0x0000000000000000,0x0000000000000000,0x0000000080004982,0x00000000016632ba,0x00000000015ba646,0x00000000016632ba,0x00000000015ba646,0x0000000000202dee,0x0000000000000a19,0x000000000000526c,0x0000000000000aa6,0x0000000000007e5d,0x0000000000a7def9,0x0000000000001555
1784428228139,0x00000000800058f2,0x0000000080018ed0,0x0000000080007a7a,0x0000000000000000,0x00000000800191f0,0x0000000080018f20,0x00000000800193a0,0x00000000800194a0,0x0000000000000006,0x0000000000000003,0x0000000000000001,0x0000000000000006,0xffffffffae9db7df,0x0000000043f14cf2,0x0000000000000000,0xffffffffae9db59e,0x000000000055dc95,0x3fedd0be6c43721e,0x0000000080004976,0x0000000000000000,0x4025772550fc533d,0x412a02422703afb8,0x415207655a3a29c7,0x0000000000000000,0x3f9287f43dd4dd22,0x0000000000000000,0x0000000080004976,0x000000000166ed97,0x00000000015c61cd,0x000000000166ed97,0x00000000015c61cd,0x0000000000203d2b,0x0000000000000a22,0x000000000000526c,0x0000000000000aa6,0x0000000000007e8b,0x0000000000a839c8,0x0000000000001558
1784428228984,0x00000000800056f8,0x0000000080019060,0x0000000080007a7a,0x000000000000000f,0x0000000080019430,0x00000000800190b0,0x0000000080019548,0x000000008000f238,0x0000000000000006,0x0000000000000006,0x0000000080019310,0x0000000000000006,0x000000008000f201,0x3fe1f618e744ce1d,0x0000000000000000,0x000000007c1e81e0,0x0000000000588acf,0x3fedd0be6c437211,0x00000000800049f8,0x0000000000000000,0x414fe5a8bb22d0e5,0x412a023d6189374c,0x41520763424f7660,0x3ff0000000000000,0x0000000000000000,0x0000000000000000,0x00000000800049f8,0x000000000167a793,0x00000000015d15bb,0x000000000167a793,0x00000000015d15bb,0x00000000002050e3,0x0000000000000a24,0x000000000000526f,0x0000000000000ab5,0x0000000000007ecc,0x0000000000a89377,0x000000000000155b
1784428229802,0x00000000800058f2,0x0000000080018ed0,0x0000000080007a7a,0x0000000000000000,0x00000000800191f0,0x0000000080018f20,0x00000000800193a0,0x00000000800194a0,0x0000000000000006,0x0000000000000003,0x00000000800193a0,0x00000000800193e0,0x0000000036bbdff4,0x0000000043f14cf0,0x0000000000000000,0x0000000036804f80,0x000000000055dc95,0x3fedd0be6c437211,0x00000000800049a6,0x0000000000000000,0x4025772550fc533c,0x412a023d6189374c,0x41520763424f7660,0x0000000000000000,0x0000000000000000,0x0000000000000000,0x00000000800049a6,0x0000000001686b36,0x00000000015dd9fc,0x0000000001686b36,0x00000000015dd9fc,0x00000000002060d7,0x0000000000000a2d,0x000000000000526f,0x0000000000000ab5,0x0000000000007efa,0x0000000000a8f25c,0x000000000000155e
1784428230653,0x0000000080005744,0x0000000080019060,0x0000000080007a7a,0x000000000000000f,0x00000000800191f0,0x00000000800190b0,0x0000000080019310,0x00000000800191f0,0x0000000000000006,0x0000000000000006,0x0000000000000001,0x0000000000000006,0x000000008000f201,0x3fe22be96a4c7eb4,0x0000000000000000,0xfffffffffa7090b8,0x000000000058da44,0x3fedd0be6c437204,0x0000000080004992,0x0000000000000000,0x414fe5a63e809d49,0x412a0258570a3d71,0x4152076439096bba,0x0000000000000000,0x0000000000000000,0x0000000000000000,0x0000000080004992,0x0000000001693499,0x00000000015e9db4,0x0000000001693499,0x00000000015e9db4,0x00000000002075a5,0x0000000000000a2f,0x0000000000005271,0x0000000000000ac0,0x0000000000007f46,0x0000000000a9537e,0x0000000000001561
1784428231489,0x00000000800057ae,0x0000000080018d90,0x0000000080007a7a,0x0000000000000000,0x00000000800191f0,0x0000000080018de0,0x0000000080018f50,0x000000008000f238,0x0000000000000006,0x0000000000000006,0x000000008000f238,0x0000000000000000,0xffffffffbe67f9de,0x0000000043f14cee,0x0000000000000000,0xffffffffbe62e95e,0x000000000055dc95,0x3fedd0be6c437204,0x00000000800049d0,0x0000000000000000,0x4025772550fc533c,0x412a0258570a3d71,0x4152076439096bba,0x8000000000000000,0x3fdcf46da09c9984,0x8000000000000000,0x00000000800049d0,0x000000000169f9f8,0x00000000015f6321,0x000000000169f9f8,0x00000000015f6321,0x00000000002085c1,0x0000000000000a38,0x0000000000005271,0x0000000000000ac0,0x0000000000007f70,0x0000000000a9b2f2,0x0000000000001564
1784428232351,0x0000000080005744,0x0000000080019060,0x0000000080007a7a,0x000000000000000f,0x00000000800191f0,0x00000000800190b0,0x0000000080019310,0x00000000800191f0,0x0000000000000006,0x0000000000000006,0x00000000800190d0,0x0000000080019190,0x000000008000f201,0x3fe3558936b354da,0x0000000000000000,0xffffffff87ba3e00,0x000000000059afaf,0x3fedd0be6c4371f7,0x00000000800049fc,0x0000000000000000,0x414fe5a836e2eb1c,0x412a022ed8793dd9,0x41520765e5ce075f,0x0000000000000000,0x0000000000000000,0x0000000000000000,0x00000000800049fc,0x00000000016ac0c9,0x00000000016023f6,0x00000000016ac0c9,0x00000000016023f6,0x0000000000209a7a,0x0000000000000a3a,0x0000000000005273,0x0000000000000acb,0x0000000000007fae,0x0000000000aa12d0,0x0000000000001567
1784428233217,0x00000000800057ae,0x0000000080018d90,0x0000000080007a7a,0x0000000000000000,0x00000000800191f0,0x0000000080018de0,0x0000000080018f50,0x000000008000f238,0x0000000000000006,0x0000000000000006,0x0000000000000003,0x0000000000000006,0xffffffffbe67f9de,0x0000000043f14cee,0x0000000000000000,0xffffffffbe62e95e,0x000000000055dc95,0x3fedd0be6c4371f7,0x00000000800049d6,0x0000000000000000,0x4025772550fc533c,0x412a022ed8793dd9,0x41520765e5ce075f,0x3ff0000000000000,0x0000000000000000,0x0000000000000000,0x00000000800049d6,0x00000000016b9034,0x000000000160f32c,0x00000000016b9034,0x000000000160f32c,0x000000000020ab68,0x0000000000000a43,0x0000000000005273,0x0000000000000acb,0x0000000000007fe3,0x0000000000aa76e1,0x000000000000156a
1784428233859,0x0000000080005820,0x0000000080018ed0,0x0000000080007a7a,0x000000000000000f,0x00000000800191f0,0x0000000080018f20,0x000000008000f238,0x0000000080019310,0x0000000000000006,0x0000000000000006,0x0000000000000001,0x0000000000000006,0x000000008000f201,0x3fe629265befd59b,0x0000000000000000,0x00000000196c56e0,0x0000000000584988,0x3fedd0be6c4371ec,0x00000000800049ba,0x0000000000000000,0x414fe5a132a9930c,0x412a02330ded288d,0x41520762619e83e4,0x0000000000000000,0x0000000000000000,0x0000000000000000,0x00000000800049ba,0x00000000016c59bd,0x000000000161b6fa,0x00000000016c59bd,0x000000000161b6fa,0x000000000020c03f,0x0000000000000a45,0x0000000000005276,0x0000000000000ada,0x000000000000802a,0x0000000000aad823,0x000000000000156d
1784428234637,0x0000000080006260,0x0000000080019230,0x402a6014520d6139,0x0000000000000000,0x0000000000000000,0x0000000080019440,0x0000000080019698,0x00000000800194a0,0x000000008000f238,0x00000000800003f0,0x0000000000000000,0x0000000000000000,0xffffffffbbbe5efd,0x000000000753b9e4,0x0000000000000000,0xffffffffbb965678,0x000000000071d1a9,0x3fedd0be6c4371df,0x0000000080005bf4,0x0000000000000000,0x402c746a41d4ee79,0x412a02330ded288d,0x41520762619e83e4,0x01a56e1fc2f8f359,0x3ff0000000000000,0x0000000000000000,0x0000000080005bf4,0x00000000016d1fed,0x0000000001627c5c,0x00000000016d1fed,0x0000000001627c5c,0x000000000020d055,0x0000000000000a4e,0x0000000000005276,0x0000000000000ada,0x0000000000008071,0x0000000000ab3870,0x0000000000001570
1784428235431,0x000000008000583a,0x0000000080018ed0,0x0000000080007a7a,0x000000000000000f,0x00000000800191f0,0x0000000080018f20,0x00000000800194a0,0x000000008000f238,0x0000000000000003,0x0000000000000006,0x0000000000000001,0x0000000000000006,0x000000008000f201,0x3fe436e6c9fddc1e,0x0000000000000000,0x0000000059ccb800,0x0000000000574ca2,0x3fedd0be6c4371df,0x0000000080004992,0x0000000000000000,0x414fe5a3f8e56042,0x412a023f4a3d70a4,0x4152076508fc5048,0x0000000000000000,0x0000000000000000,0x0000000000000000,0x0000000080004992,0x00000000016df20d,0x000000000163489d,0x00000000016df20d,0x000000000163489d,0x000000000020e5fc,0x0000000000000a50,0x0000000000005277,0x0000000000000adf,0x0000000000008097,0x0000000000ab9cbb,0x0000000000001573
1784428236232,0x0000000080006260,0x0000000080019230,0x402a6014520d6135,0x0000000000000000,0x0000000000000000,0x0000000080019440,0x0000000080019698,0x00000000800194a0,0x000000008000f238,0x00000000800003f0,0x0000000000000002,0x00000000800194a0,0xffffffffaeff476e,0xffffffffea22d2c6,0x0000000000000000,0xffffffffaeef476e,0x00000000004dd613,0x3fedd0be6c4371d4,0x0000000080005cc0,0x0000000000000000,0x40137584fa88b4b2,0x412a023f4a3d70a4,0x4152076508fc5048,0x01a56e1fc2f8f359,0x0000000000000000,0x0000000000000000,0x0000000080005cc0,0x00000000016eb56b,0x0000000001640856,0x00000000016eb56b,0x0000000001640856,0x000000000020f95a,0x0000000000000a59,0x0000000000005277,0x0000000000000ae0,0x00000000000080e6,0x0000000000abfd9f,0x0000000000001576
1784428237032,0x0000000080005850,0x0000000080018ed0,0x0000000080007a7a,0x000000000000000f,0x00000000800191f0,0x0000000080018f20,0x00000000800191f0,0x0000000080019310,0x0000000000000003,0x0000000000000006,0x0000000000000003,0x0000000000000001,0x000000008000f201,0x3fe5805e2007fc2c,0x0000000000000000,0xffffffffe914cb80,0x00000000005867e5,0x3fedd0be6c4371d4,0x0000000080004a2e,0x0000000000000000,0x414fe5a485013a93,0x412a0238dcac0831,0x4152076abac08312,0x0000000000000000,0x0000000000000000,0x0000000000000000,0x0000000080004a2e,0x00000000016f80bc,0x000000000164d0a3,0x00000000016f80bc,0x000000000164d0a3,0x0000000000210af0,0x0000000000000a5b,0x0000000000005279,0x0000000000000aea,0x0000000000008113,0x0000000000ac5cd3,0x0000000000001579
1784428237829,0x0000000080005a7c,0x00000000800193f0,0x0000000080007a7a,0x000000000000000f,0x0000000080007a96,0x0000000080019440,0x0000000080019548,0x0000000000000000,0x0000000000000008,0x000000008000f208,0x0000000080019668,0x0000000080019540,0xffffffff93ff585e,0xffffffff809270ca,0x0000000000000000,0xffffffff93f3504e,0x0000000000585aa4,0x3fedd0be6c4371cb,0x0000000080005b2a,0x0000000000000000,0x414fe5a49318fc50,0x412a02438acd9e84,0x415207697ab851ec,0x414fe4a998adab9f,0x415207651e5dc437,0x412a023d0c2b759e,0x0000000080005b2a,0x0000000001703797,0x0000000001658304,0x0000000001703797,0x0000000001658304,0x0000000000211eb7,0x0000000000000a66,0x000000000000527b,0x0000000000000af5,0x000000000000817b,0x0000000000acb839,0x000000000000157c
1784428238624,0x0000000080005850,0x0000000080018ed0,0x0000000080007a7a,0x000000000000000f,0x00000000800191f0,0x0000000080018f20,0x00000000800191f0,0x0000000080019310,0x0000000000000003,0x0000000000000006,0x00000000800191a8,0x00000000800191c8,0x000000008000f201,0x3fed35a7a82e321e,0x0000000000000000,0xffffffff93f3504e,0x0000000000585aa4,0x3fedd0be6c4371cb,0x00000000800049f0,0x0000000000000000,0x414fe5a49318fc50,0x412a02438acd9e84,0x415207697ab851ec,0x0000000000000000,0x401623e8e4790c0a,0x401623e8e4790c0a,0x00000000800049f0,0x000000000170f4fe,0x0000000001663f25,0x000000000170f4fe,0x0000000001663f25,0x0000000000212ddc,0x0000000000000a66,0x000000000000527b,0x0000000000000af5,0x0000000000008182,0x0000000000ad10ca,0x000000000000157f
1784428239450,0x00000000800056f8,0x0000000080019060,0x0000000080007a7a,0x000000000000000f,0x0000000080019430,0x00000000800190b0,0x0000000080019548,0x000000008000f238,0x0000000000000006,0x0000000000000006,0x0000000000000005,0x0000000000000017,0x000000008000f201,0x3ff111aeb23b7a70,0x0000000000000000,0xffffffffebcc51de,0x000000000058e3cf,0x3fedd0be6c4371c3,0x00000000800049be,0x0000000000000000,0x414fe5a5a1cac083,0x412a02425b15b574,0x415207656ce56042,0x0000000000000000,0x0000000000000000,0x0000000000000000,0x00000000800049be,0x000000000171b744,0x000000000166fd15,0x000000000171b744,0x000000000166fd15,0x000000000021427a,0x0000000000000a71,0x000000000000527e,0x0000000000000b04,0x00000000000081e7,0x0000000000ad71c0,0x0000000000001582
1784428240284,0x0000000080005850,0x0000000080018ed0,0x0000000080007a7a,0x000000000000000f,0x00000000800191f0,0x0000000080018f20,0x00000000800191f0,0x0000000080019310,0x0000000000000003,0x0000000000000006,0x00000000800191a8,0x00000000800191e0,0x000000008000f201,0x3ff111aeb23b7a70,0x0000000000000000,0xffffffffebcc51de,0x000000000058e3cf,0x3fedd0be6c4371c3,0x00000000800049f0,0x0000000000000000,0x414fe5a5a1cac083,0x412a02425b15b574,0x415207656ce56042,0x0000000000000000,0x0000000000000000,0x0000000000000000,0x00000000800049f0,0x0000000001726e8a,0x000000000167b355,0x0000000001726e8a,0x000000000167b355,0x0000000000215131,0x0000000000000a71,0x000000000000527e,0x0000000000000b04,0x00000000000081f0,0x0000000000adc79b,0x0000000000001585
1784428241119,0x00000000800056f8,0x0000000080019060,0x0000000080007a7a,0x000000000000000f,0x0000000080019430,0x00000000800190b0,0x0000000080019548,0x000000008000f238,0x0000000000000006,0x0000000000000006,0x0000000080019548,0x0000000000000018,0x000000008000f201,0x3ff0a1c40c1a7a4c,0x0000000000000000,0x000000007ebc2578,0x000000000059114c,0x3fedd0be6c4371bc,0x00000000800049a2,0x0000000000000000,0x414fe5a77fec56d6,0x412a023197a786c2,0x415207626a474539,0x0000000000000000,0x0000000000000000,0x0000000000000000,0x00000000800049a2,0x00000000017329b1,0x0000000001686a53,0x00000000017329b1,0x0000000001686a53,0x0000000000216545,0x0000000000000a7c,0x0000000000005281,0x0000000000000b13,0x0000000000008248,0x0000000000ae2543,0x0000000000001588
1784428241929,0x000000008000519e,0x0000000080018e90,0x0000000080007a7a,0x0000000000000000,0x00000000800191f0,0x0000000080018ee0,0x0000000000000000,0x0000000050fc533a,0x000000003fe00000,0x4025772550fc533a,0x0000000000000000,0x0000000000000001,0x00000000566af6fe,0x0000000043f14ce8,0x0000000000000000,0x00000000560ab6e0,0x000000000055dc95,0x3fedd0be6c4371bc,0x00000000800051e8,0x0000000000000000,0x4025772550fc533a,0x412a023197a786c2,0x415207626a474539,0x01a56e1fc2f8f359,0x3ff0000000000000,0x3fb7da31f035f47c,0x00000000800051e8,0x000000000173f62b,0x0000000001693758,0x000000000173f62b,0x0000000001693758,0x00000000002175be,0x0000000000000a85,0x0000000000005281,0x0000000000000b13,0x000000000000825e,0x0000000000ae88a3,0x000000000000158b
1784428242766,0x00000000800056f8,0x0000000080019060,0x0000000080007a7a,0x000000000000000f,0x0000000080019430,0x00000000800190b0,0x0000000080019548,0x000000008000f238,0x0000000000000006,0x0000000000000006,0x0000000000000005,0x0000000000000011,0x000000008000f201,0x3fec9ad2e6fa42b2,0x0000000000000000,0xfffffffffb2920f8,0x000000000058c03a,0x3fedd0be6c4371b6,0x000000008000494c,0x0000000000000000,0x414fe5a2dd21ff2e,0x412a0227ce219653,0x41520763078ef34d,0x0000000000000000,0x0000000000000000,0x0000000000000000,0x000000008000494c,0x000000000174b407,0x000000000169eecb,0x000000000174b407,0x000000000169eecb,0x00000000002189fc,0x0000000000000a87,0x0000000000005283,0x0000000000000b1e,0x00000000000082a5,0x0000000000aee3a8,0x000000000000158e
1784428243622,0x000000008000589c,0x0000000080018ed0,0x0000000080007a7a,0x0000000000000000,0x00000000800191f0,0x0000000080018f20,0x0000000080019280,0x0000000080019118,0x0000000000000006,0x0000000000000003,0x00000000800193a0,0x00000000800193e8,0xffffffffddff7dee,0x0000000043f14ce6,0x0000000000000000,0xffffffffdded50ae,0x000000000055dc95,0x3fedd0be6c4371b6,0x00000000800049fc,0x0000000000000000,0x4025772550fc533a,0x412a0227ce219653,0x41520763078ef34d,0x0000000000000000,0x0000000000000000,0x0000000000000000,0x00000000800049fc,0x0000000001757786,0x00000000016ab300,0x0000000001757786,0x00000000016ab300,0x000000000021999c,0x0000000000000a90,0x0000000000005283,0x0000000000000b1e,0x00000000000082c5,0x0000000000af42d4,0x0000000000001591
1784428244484,0x00000000800056f8,0x0000000080019060,0x0000000080007a7a,0x000000000000000f,0x0000000080019430,0x00000000800190b0,0x0000000080019548,0x000000008000f238,0x0000000000000006,0x0000000000000006,0x0000000080019548,0x0000000080019618,0x000000008000f201,0x3fe906c07aa2c8c9,0x0000000000000000,0xffffffffdda84238,0x00000000005791d7,0x3fedd0be6c4371b0,0x00000000800049a6,0x0000000000000000,0x414fe5a4ef381d7e,0x412a023726dc5d64,0x4152076588240b78,0x0000000000000000,0x0000000000000000,0x0000000000000000,0x00000000800049a6,0x00000000017639c2,0x00000000016b6f15,0x00000000017639c2,0x00000000016b6f15,0x000000000021ae4d,0x0000000000000a92,0x0000000000005285,0x0000000000000b29,0x0000000000008312,0x0000000000afa028,0x0000000000001594
1784428245309,0x00000000800058f2,0x0000000080018ed0,0x0000000080007a7a,0x0000000000000000,0x00000000800191f0,0x0000000080018f20,0x00000000800193a0,0x00000000800194a0,0x0000000000000006,0x0000000000000003,0x0000000080018f50,0x0000000080018fa0,0xffffffffddff7dee,0x0000000043f14ce6,0x0000000000000000,0xffffffffdded50ae,0x000000000055dc95,0x3fedd0be6c4371b0,0x0000000080004982,0x0000000000000000,0x4025772550fc533a,0x412a023726dc5d64,0x4152076588240b78,0x3f9287f43dd4dd22,0x0000000000000000,0x0000000000000000,0x0000000080004982,0x00000000017701c5,0x00000000016c3808,0x00000000017701c5,0x00000000016c3808,0x000000000021bea9,0x0000000000000a9b,0x0000000000005285,0x0000000000000b29,0x000000000000832d,0x0000000000b0014a,0x0000000000001597
1784428246166,0x0000000080005744,0x0000000080019060,0x0000000080007a7a,0x000000000000000f,0x00000000800191f0,0x00000000800190b0,0x0000000080019310,0x00000000800191f0,0x0000000000000006,0x0000000000000006,0x0000000000000004,0x000000000000000a,0x000000008000f201,0x3fe8abc378a15ea9,0x0000000000000000,0x000000003cab9e00,0x000000000058af1f,0x3fedd0be6c4371ac,0x0000000080004978,0x0000000000000000,0x414fe5a37cd013a9,0x412a022fe05bc01a,0x41520765f6fec56d,0x0000000000000000,0x0000000000000000,0x0000000000000000,0x0000000080004978,0x000000000177d1ab,0x00000000016d0200,0x000000000177d1ab,0x00000000016d0200,0x000000000021d400,0x0000000000000a9d,0x0000000000005288,0x0000000000000b38,0x0000000000008377,0x0000000000b06549,0x000000000000159a
1784428247009,0x000000008000578a,0x0000000080018db0,0x0000000080007a7a,0x0000000000000000,0x00000000800191f0,0x0000000080018de0,0x0000000080018f50,0x0000000000000006,0x0000000000000006,0x0000000000000003,0x0000000000000001,0x000000000000000c,0xffffffffddff7dee,0x0000000043f14ce6,0x0000000000000000,0xffffffffdded50ae,0x000000000055dc95,0x3fedd0be6c4371ac,0x0000000080004cde,0x0000000000000000,0x4025772550fc533a,0x412a022fe05bc01a,0x41520765f6fec56d,0x3f8314f4c02b2a05,0x0000000000000000,0x8000000000000000,0x0000000080004cde,0x0000000001788e77,0x00000000016dbf1e,0x0000000001788e77,0x00000000016dbf1e,0x000000000021e37b,0x0000000000000aa6,0x0000000000005288,0x0000000000000b38,0x0000000000008397,0x0000000000b0c0ce,0x000000000000159d
1784428247875,0x0000000080005744,0x0000000080019060,0x0000000080007a7a,0x000000000000000f,0x00000000800191f0,0x00000000800190b0,0x0000000080019310,0x00000000800191f0,0x0000000000000006,0x0000000000000006,0x0000000000000001,0x000000000000000d,0x000000008000f201,0x3fe8a622a1583df9,0x0000000000000000,0x000000005e1d7aae,0x0000000000582f95,0x3fedd0be6c4371a8,0x00000000800049e4,0x0000000000000000,0x414fe59fd8c49ba6,0x412a02304ab367a1,0x41520764c762b6ae,0x3fe185d1eca6d032,0x0000000000000000,0x0000000000000000,0x00000000800049e4,0x0000000001794c38,0x00000000016e771a,0x0000000001794c38,0x00000000016e771a,0x000000000021f769,0x0000000000000aa8,0x000000000000528b,0x0000000000000b45,0x00000000000083d8,0x0000000000b11c7f,0x00000000000015a0
1784428248737,0x00000000800057ae,0x0000000080018d90,0x0000000080007a7a,0x0000000000000000,0x00000000800191f0,0x0000000080018de0,0x0000000080018f50,0x000000008000f238,0x0000000000000006,0x0000000000000006,0x0000000080018f50,0x0000000000000040,0xffffffffddff7dee,0x0000000043f14ce6,0x0000000000000000,0xffffffffdded50ae,0x000000000055dc95,0x3fedd0be6c4371a8,0x00000000800049a2,0x0000000000000000,0x4025772550fc533a,0x412a02304ab367a1,0x41520764c762b6ae,0x3ff0000000000000,0x3fdcf46da09c9983,0x3fdcf46da09c9983,0x00000000800049a2,0x00000000017a122d,0x00000000016f3d97,0x00000000017a122d,0x00000000016f3d97,0x00000000002207a0,0x0000000000000ab1,0x000000000000528b,0x0000000000000b45,0x00000000000083fa,0x0000000000b17c6f,0x00000000000015a3
1784428249597,0x0000000080005744,0x0000000080019060,0x0000000080007a7a,0x000000000000000f,0x00000000800191f0,0x00000000800190b0,0x0000000080019310,0x00000000800191f0,0x0000000000000006,0x0000000000000006,0x00000000800191f0,0x0000000080019308,0x000000008000f201,0x3fe6fc5db0db3c5b,0x0000000000000000,0x0000000064b49b9e,0x000000000057a283,0x3fedd0be6c4371a6,0x00000000800049c6,0x0000000000000000,0x414fe5a0e71de69b,0x412a0236db645a1d,0x41520763fdd7dbf5,0x3ff117a2f91bc7b8,0x0000000000000000,0x0000000000000000,0x00000000800049c6,0x00000000017adace,0x00000000016ffff3,0x00000000017adace,0x00000000016ffff3,0x0000000000221c79,0x0000000000000ab3,0x000000000000528d,0x0000000000000b50,0x000000000000843d,0x0000000000b1dd05,0x00000000000015a6
1784428250458,0x00000000800057ae,0x0000000080018d90,0x0000000080007a7a,0x0000000000000000,0x00000000800191f0,0x0000000080018de0,0x0000000080018f50,0x000000008000f238,0x0000000000000006,0x0000000000000006,0x000000008000f238,0x000000008000f240,0xffffffffddff7dee,0x0000000043f14ce6,0x0000000000000000,0xffffffffdded50ae,0x000000000055dc95,0x3fedd0be6c4371a6,0x00000000800049c6,0x0000000000000000,0x4025772550fc533a,0x412a0236db645a1d,0x41520763fdd7dbf5,0x8000000000000000,0x0000000000000000,0x0000000000000000,0x00000000800049c6,0x00000000017b9287,0x000000000170b80a,0x00000000017b9287,0x000000000170b80a,0x0000000000222b80,0x0000000000000abc,0x000000000000528d,0x0000000000000b50,0x000000000000846e,0x0000000000b2362c,0x00000000000015a9
1784428251309,0x0000000080005744,0x0000000080019060,0x0000000080007a7a,0x000000000000000f,0x00000000800191f0,0x00000000800190b0,0x0000000080019310,0x00000000800191f0,0x0000000000000006,0x0000000000000006,0x0000000080019310,0x00000000800193e0,0x000000008000f201,0x3fe4638e735e4160,0x0000000000000000,0x00000000203e0000,0x000000000058313d,0x3fedd0be6c4371a4,0x00000000800049a4,0x0000000000000000,0x414fe5a30b645a1d,0x412a0245f4bc6a7f,0x415207672bd566cf,0x0000000000000000,0x0000000000000000,0x0000000000000000,0x00000000800049a4,0x00000000017c5008,0x0000000001716f59,0x00000000017c5008,0x0000000001716f59,0x0000000000223f6e,0x0000000000000abe,0x000000000000528f,0x0000000000000b5b,0x00000000000084ba,0x0000000000b29170,0x00000000000015ac
1784428252155,0x00000000800057ae,0x0000000080018d90,0x0000000080007a7a,0x0000000000000000,0x00000000800191f0,0x0000000080018de0,0x0000000080018f50,0x000000008000f238,0x0000000000000006,0x0000000000000006,0x0000000000000004,0x0000000000000018,0x0000000065cffe7b,0x0000000043f14ce4,0x0000000000000000,0x0000000065cfea78,0x000000000055dc95,0x3fedd0be6c4371a4,0x00000000800049b4,0x0000000000000000,0x4025772550fc5339,0x412a0245f4bc6a7f,0x415207672bd566cf,0x8000000000000000,0x0000000000000000,0x0000000000000000,0x00000000800049b4,0x00000000017d0e4d,0x0000000001722d8c,0x00000000017d0e4d,0x0000000001722d8c,0x0000000000224ef6,0x0000000000000ac7,0x000000000000528f,0x0000000000000b5b,0x00000000000084ee,0x0000000000b2ed76,0x00000000000015af
1784428252945,0x0000000080005744,0x0000000080019060,0x0000000080007a7a,0x000000000000000f,0x00000000800191f0,0x00000000800190b0,0x0000000080019310,0x00000000800191f0,0x0000000000000006,0x0000000000000006,0x00000000800190d0,0x00000000800191a8,0x000000008000f201,0x3fe5bc90cc114855,0x0000000000000000,0xffffffff97be6b9e,0x0000000000595090,0x3fedd0be6c4371a2,0x00000000800049f0,0x0000000000000000,0x414fe5a011ba5e35,0x412a022fcb020c4a,0x41520763ed8793de,0x0000000000000000,0x0000000000000000,0x0000000000000000,0x00000000800049f0,0x00000000017dc375,0x000000000172dc9f,0x00000000017dc375,0x000000000172dc9f,0x0000000000226235,0x0000000000000ac9,0x0000000000005292,0x0000000000000b6a,0x0000000000008534,0x0000000000b34501,0x00000000000015b2
1784428253798,0x00000000800057ae,0x0000000080018d90,0x0000000080007a7a,0x0000000000000000,0x00000000800191f0,0x0000000080018de0,0x0000000080018f50,0x000000008000f238,0x0000000000000006,0x0000000000000006,0x0000000080018df0,0x0000000000000005,0x0000000065cffe7b,0x0000000043f14ce4,0x0000000000000000,0x0000000065cfea78,0x000000000055dc95,0x3fedd0be6c4371a2,0x0000000080004a00,0x0000000000000000,0x4025772550fc5339,0x412a022fcb020c4a,0x41520763ed8793de,0x8000000000000000,0x0000000000000000,0x0000000000000000,0x0000000080004a00,0x00000000017e87eb,0x000000000173a11e,0x00000000017e87eb,0x000000000173a11e,0x0000000000227243,0x0000000000000ad2,0x0000000000005292,0x0000000000000b6a,0x000000000000855f,0x0000000000b3a3fe,0x00000000000015b5
1784428254629,0x0000000080005806,0x0000000080018ee0,0x0000000080007a7a,0x000000000000000f,0x00000000800191f0,0x0000000080018f20,0x00000000800194a0,0x0000000080019310,0x0000000000000003,0x0000000080019310,0x0000000080019528,0x0000000080019398,0x000000008000f201,0x3fe2d5fece1e32ca,0x0000000000000000,0x0000000005bb16ae,0x000000000057e421,0x3fedd0be6c4371a2,0x0000000080004b8c,0x0000000000000000,0x414fe59d34b295ea,0x412a023c028f5c29,0x41520768644816f0,0x3fc17a1e17d07729,0x3fc17a1e17d07729,0x0000000000000000,0x0000000080004b8c,0x00000000017f5068,0x0000000001746399,0x00000000017f5068,0x0000000001746399,0x0000000000228705,0x0000000000000ad4,0x0000000000005295,0x0000000000000b79,0x00000000000085ac,0x0000000000b404ac,0x00000000000015b8
1784428255461,0x00000000800057ae,0x0000000080018d90,0x0000000080007a7a,0x0000000000000000,0x00000000800191f0,0x0000000080018de0,0x0000000080018f50,0x000000008000f238,0x0000000000000006,0x0000000000000006,0x0000000000000003,0x0000000000000021,0x0000000065cffe7b,0x0000000043f14ce4,0x0000000000000000,0x0000000065cfea78,0x000000000055dc95,0x3fedd0be6c4371a2,0x000000008000499c,0x0000000000000000,0x4025772550fc5339,0x412a023c028f5c29,0x41520768644816f0,0x8000000000000000,0x0000000000000000,0x0000000000000000,0x000000008000499c,0x0000000001801640,0x0000000001752922,0x0000000001801640,0x0000000001752922,0x000000000022973f,0x0000000000000add,0x0000000000005295,0x0000000000000b79,0x00000000000085d6,0x0000000000b46419,0x00000000000015bb
1784428256323,0x0000000080005820,0x0000000080018ed0,0x0000000080007a7a,0x000000000000000f,0x00000000800191f0,0x0000000080018f20,0x000000008000f238,0x0000000080019310,0x0000000000000006,0x0000000000000006,0x0000000000000006,0x0000000000000002,0x000000008000f201,0x3fe5774a08479490,0x0000000000000000,0x00000000114e711e,0x000000000058013d,0x3fedd0be6c4371a2,0x0000000080004a14,0x0000000000000000,0x414fe5a1d6bedfa4,0x412a0239658793de,0x4152076557f62b6b,0x0000000000000000,0x0000000000000000,0x0000000000000000,0x0000000080004a14,0x000000000180c9a1,0x000000000175d749,0x000000000180c9a1,0x000000000175d749,0x000000000022aa4b,0x0000000000000adf,0x0000000000005296,0x0000000000000b80,0x0000000000008619,0x0000000000b4bb33,0x00000000000015be
1784428257136,0x0000000080009fc2,0x0000000080019420,0x402a6014520d6113,0x00000000006cc6a0,0x0000000000000000,0x0000000080019700,0x00000000006cc680,0x0000000000000020,0x000000000033a53e,0x0000000000000002,0x0000000000366340,0x000000006a6c0000,0x0000000000000000,0x0000000000000006,0x0000000000000000,0x0000000000000000,0x0000000000000000,0x3fedd0be6c4371a2,0x000000008000a0c8,0x40471c17de6f9a9b,0x40471c17de6f9a9b,0x412a0239658793de,0x4152076557f62b6b,0x3ff0000000000000,0x40331f54ec57955c,0x40471c17de6f9a9b,0x000000008000a0c8,0x00000000018190e8,0x0000000001769da2,0x00000000018190e8,0x0000000001769da2,0x000000000022ba9c,0x0000000000000ae8,0x0000000000005296,0x0000000000000b80,0x0000000000008652,0x0000000000b51b2d,0x00000000000015c1
1784428257976,0x0000000080005820,0x0000000080018ed0,0x0000000080007a7a,0x000000000000000f,0x00000000800191f0,0x0000000080018f20,0x000000008000f238,0x0000000080019310,0x0000000000000006,0x0000000000000006,0x0000000000000004,0x0000000000000003,0x000000008000f201,0x3fe3e9f7be226c98,0x0000000000000000,0xffffffffd8f67cb8,0x000000000058c772,0x3fedd0be6c4371a2,0x000000008000496c,0x0000000000000000,0x414fe59fa82de00d,0x412a023a8b923a2a,0x41520767ef141206,0x0000000000000000,0x0000000000000000,0x0000000000000000,0x000000008000496c,0x0000000001825304,0x0000000001775a95,0x0000000001825304,0x0000000001775a95,0x000000000022ced4,0x0000000000000aea,0x0000000000005297,0x0000000000000b85,0x000000000000868a,0x0000000000b5791c,0x00000000000015c4
1784428258789,0x0000000080006260,0x0000000080019230,0x402a6014520d6113,0x0000000000000000,0x0000000000000000,0x0000000080019440,0x0000000080019698,0x00000000800194a0,0x000000008000f238,0x00000000800003f0,0x000000008000f238,0x000000008000f350,0x0000000068775ffa,0xffffffffe1b97418,0x0000000000000000,0x0000000068551ee0,0x00000000005f61c6,0x3fedd0be6c4371a2,0x0000000080005bfe,0x0000000000000000,0x4017d871b86e5d06,0x412a023a8b923a2a,0x41520767ef141206,0x01a56e1fc2f8f359,0x0000000000000000,0x3fc17a1e17d07729,0x0000000080005bfe,0x0000000001831725,0x0000000001781d14,0x0000000001831725,0x0000000001781d14,0x000000000022e059,0x0000000000000af3,0x0000000000005297,0x0000000000000b85,0x00000000000086cd,0x0000000000b5d966,0x00000000000015c7
1784428259637,0x000000008000583a,0x0000000080018ed0,0x0000000080007a7a,0x000000000000000f,0x00000000800191f0,0x0000000080018f20,0x00000000800194a0,0x000000008000f238,0x0000000000000003,0x0000000000000006,0x0000000000000002,0x0000000000000006,0x000000008000f201,0x3fe578635f1611b9,0x0000000000000000,0x0000000074be1b80,0x00000000005885ce,0x3fedd0be6c4371a2,0x0000000080004940,0x0000000000000000,0x414fe5a280902de0,0x412a02324617c1be,0x4152076bcf611340,0x0000000000000000,0x0000000000000000,0x0000000000000000,0x0000000080004940,0x000000000183e1aa,0x000000000178e2d7,0x000000000183e1aa,0x000000000178e2d7,0x000000000022f3cb,0x0000000000000af5,0x0000000000005299,0x0000000000000b8f,0x00000000000086fc,0x0000000000b63950,0x00000000000015cb
1784428260494,0x0000000080009fc2,0x0000000080019420,0x402a6014520d6113,0x0000000010000000,0x0000000000000000,0x0000000080019700,0x000000000058c70e,0x0000000060000000,0x0000000000447b9c,0x0000000000000009,0x00000000002c6387,0x0000000038000000,0xffffffffd0000000,0xffffffffc0000000,0x000000000000001d,0xffffffffd0000000,0x000000000058c70e,0x3fedd0be6c4371a2,0x000000008000a120,0x411ec974fd0e409e,0x411ec974fd0e409e,0x412a02324617c1be,0x4152076bcf611340,0x4034b9c0ebec0000,0x411ec2bec95933a7,0x411ec974fd0e409e,0x000000008000a120,0x000000000184a4fc,0x000000000179a215,0x000000000184a4fc,0x000000000179a215,0x00000000002308c2,0x0000000000000b00,0x0000000000005299,0x0000000000000b90,0x000000000000873f,0x0000000000b69a37,0x00000000000015ce
1784428261357,0x0000000080005850,0x0000000080018ed0,0x0000000080007a7a,0x000000000000000f,0x00000000800191f0,0x0000000080018f20,0x00000000800191f0,0x0000000080019310,0x0000000000000003,0x0000000000000006,0x0000000000000002,0x0000000000000006,0x000000008000f201,0x3feb3e7d1e26b8ee,0x0000000000000000,0x00000000549fc4e0,0x000000000058c70e,0x3fedd0be6c4371a2,0x000000008000498e,0x0000000000000000,0x414fe5994926e979,0x412a02271c91d14e,0x415207630c2c3c9f,0x402e61c980105fa6,0x0000000000000000,0x0000000000000000,0x000000008000498e,0x0000000001856b00,0x00000000017a66d1,0x0000000001856b00,0x00000000017a66d1,0x000000000023186c,0x0000000000000b00,0x000000000000529a,0x0000000000000b94,0x0000000000008754,0x0000000000b6f787,0x00000000000015d1
1784428262196,0x00000000800056f8,0x0000000080019060,0x0000000080007a7a,0x000000000000000f,0x0000000080019430,0x00000000800190b0,0x0000000080019548,0x000000008000f238,0x0000000000000006,0x0000000000000006,0x0000000000000000,0x0000000000000006,0x000000008000f201,0x3fe58d65083952da,0x0000000000000000,0xffffffffae530478,0x000000000056b5d1,0x3fedd0be6c4371a2,0x00000000800049ba,0x0000000000000000,0x414fe59b94d35a86,0x412a0236213a92a3,0x4152076c1437b4a2,0x0000000000000000,0x0000000000000000,0x0000000000000000,0x00000000800049ba,0x0000000001863422,0x00000000017b2bec,0x0000000001863422,0x00000000017b2bec,0x0000000000232da7,0x0000000000000b0b,0x000000000000529c,0x0000000000000b9f,0x00000000000087b2,0x0000000000b75bdd,0x00000000000015d4
1784428263062,0x000000008000589c,0x0000000080018ed0,0x0000000080007a7a,0x0000000000000000,0x00000000800191f0,0x0000000080018f20,0x0000000080019280,0x0000000080019118,0x0000000000000006,0x0000000000000003,0x00000000800193a0,0x00000000800193d0,0x0000000065cffe7b,0x0000000043f14ce4,0x0000000000000000,0x0000000065cfea78,0x000000000055dc95,0x3fedd0be6c4371a2,0x0000000080004982,0x0000000000000000,0x4025772550fc5339,0x412a0236213a92a3,0x4152076c1437b4a2,0x0000000000000000,0x0000000000000000,0x0000000000000000,0x0000000080004982,0x000000000186fc85,0x00000000017bf502,0x000000000186fc85,0x00000000017bf502,0x0000000000233db2,0x0000000000000b14,0x000000000000529c,0x0000000000000b9f,0x00000000000087cd,0x0000000000b7bd58,0x00000000000015d7
1784428263900,0x00000000800056f8,0x0000000080019060,0x0000000080007a7a,0x000000000000000f,0x0000000080019430,0x00000000800190b0,0x0000000080019548,0x000000008000f238,0x0000000000000006,0x0000000000000006,0x0000000000000001,0x000000000000000d,0x000000008000f201,0x3feb2e6e94985efc,0x0000000000000000,0xffffffff92e62a38,0x000000000057dfff,0x3fedd0be6c4371a2,0x00000000800049be,0x0000000000000000,0x414fe59c05fd8adb,0x412a024315c28f5c,0x415207663be90ff9,0x0000000000000000,0x0000000000000000,0x0000000000000000,0x00000000800049be,0x000000000187bdf5,0x00000000017cb082,0x000000000187bdf5,0x00000000017cb082,0x0000000000235254,0x0000000000000b16,0x000000000000529e,0x0000000000000baa,0x0000000000008815,0x0000000000b81a76,0x00000000000015da
1784428264765,0x00000000800058f2,0x0000000080018ed0,0x0000000080007a7a,0x0000000000000000,0x00000000800191f0,0x0000000080018f20,0x00000000800193a0,0x00000000800194a0,0x0000000000000006,0x0000000000000003,0x0000000000000000,0x0000000000000006,0x0000000065cffe7b,0x0000000043f14ce4,0x0000000000000000,0x0000000065cfea78,0x000000000055dc95,0x3fedd0be6c4371a2,0x00000000800049b0,0x0000000000000000,0x4025772550fc5339,0x412a024315c28f5c,0x415207663be90ff9,0x3f9287f43dd4dd22,0x0000000000000000,0x0000000000000000,0x00000000800049b0,0x00000000018887f1,0x00000000017d7b6d,0x00000000018887f1,0x00000000017d7b6d,0x00000000002362da,0x0000000000000b1f,0x000000000000529e,0x0000000000000baa,0x0000000000008831,0x0000000000b87c83,0x00000000000015dd
1784428265474,0x0000000080005744,0x0000000080019060,0x0000000080007a7a,0x000000000000000f,0x00000000800191f0,0x00000000800190b0,0x0000000080019310,0x00000000800191f0,0x0000000000000006,0x0000000000000006,0x00000000800191f0,0x00000000800192e8,0x000000008000f201,0x3fe8d8137a3aaa9f,0x0000000000000000,0xffffffffd31a4f80,0x00000000005891f2,0x3fedd0be6c4371a2,0x00000000800049c6,0x0000000000000000,0x414fe59dc3f487fd,0x412a022dbdb22d0e,0x4152076ceb4a233a,0x0000000000000000,0x3fb85cd8e2c41b82,0x3fb85cd8e2c41b82,0x00000000800049c6,0x00000000018954da,0x00000000017e4295,0x00000000018954da,0x00000000017e4295,0x00000000002377f1,0x0000000000000b21,0x00000000000052a1,0x0000000000000bb9,0x000000000000887c,0x0000000000b8df40,0x00000000000015e0
1784428266346,0x000000008000578a,0x0000000080018db0,0x0000000080007a7a,0x0000000000000000,0x00000000800191f0,0x0000000080018de0,0x0000000080018f50,0x0000000000000006,0x0000000000000006,0x0000000000000003,0x0000000000000002,0x0000000000000006,0x0000000065cffe7b,0x0000000043f14ce4,0x0000000000000000,0x0000000065cfea78,0x000000000055dc95,0x3fedd0be6c4371a2,0x0000000080004d2a,0x0000000000000000,0x4025772550fc5339,0x412a022dbdb22d0e,0x4152076ceb4a233a,0x3f8314f4c02b2a00,0x0000000000000000,0x8000000000000000,0x0000000080004d2a,0x00000000018a180d,0x00000000017f064d,0x00000000018a180d,0x00000000017f064d,0x00000000002387e6,0x0000000000000b2a,0x00000000000052a1,0x0000000000000bb9,0x0000000000008899,0x0000000000b93ddb,0x00000000000015e3
1784428267180,0x0000000080005744,0x0000000080019060,0x0000000080007a7a,0x000000000000000f,0x00000000800191f0,0x00000000800190b0,0x0000000080019310,0x00000000800191f0,0x0000000000000006,0x0000000000000006,0x00000000800190d0,0x0000000000000003,0x000000008000f201,0x3fee8e639baf41dc,0x0000000000000000,0x0000000044be9ef8,0x0000000000580dde,0x3fedd0be6c4371a2,0x0000000080004988,0x0000000000000000,0x414fe59cee041893,0x412a023176d5cfab,0x4152076d17f62b6b,0x0000000000000000,0x0000000000000000,0x0000000000000000,0x0000000080004988,0x00000000018ae0cb,0x00000000017fc8f6,0x00000000018ae0cb,0x00000000017fc8f6,0x0000000000239cc5,0x0000000000000b2c,0x00000000000052a4,0x0000000000000bc8,0x00000000000088d8,0x0000000000b99e98,0x00000000000015e6
1784428267999,0x00000000800057ae,0x0000000080018d90,0x0000000080007a7a,0x0000000000000000,0x00000000800191f0,0x0000000080018de0,0x0000000080018f50,0x000000008000f238,0x0000000000000006,0x0000000000000006,0x0000000000000005,0x0000000000000000,0x0000000065cffe7b,0x0000000043f14ce4,0x0000000000000000,0x0000000065cfea78,0x000000000055dc95,0x3fedd0be6c4371a2,0x00000000800049e0,0x0000000000000000,0x4025772550fc5339,0x412a023176d5cfab,0x4152076d17f62b6b,0x8000000000000000,0x0000000000000000,0x8000000000000000,0x00000000800049e0,0x00000000018b984c,0x00000000018080f6,0x00000000018b984c,0x00000000018080f6,0x000000000023abca,0x0000000000000b35,0x00000000000052a4,0x0000000000000bc8,0x00000000000088fb,0x0000000000b9f7b4,0x00000000000015e9
1784428268827,0x0000000080005744,0x0000000080019060,0x0000000080007a7a,0x000000000000000f,0x00000000800191f0,0x00000000800190b0,0x0000000080019310,0x00000000800191f0,0x0000000000000006,0x0000000000000006,0x0000000000000002,0x0000000000000018,0x000000008000f201,0x3ff1b82006affda5,0x0000000000000000,0x0000000005eac5ce,0x00000000005825ca,0x3fedd0be6c4371a2,0x0000000080004976,0x0000000000000000,0x414fe59d1bc01a37,0x412a023b5f972474,0x4152076745288ce7,0x0000000000000000,0x0000000000000000,0x0000000000000000,0x0000000080004976,0x00000000018c5d19,0x0000000001813fa1,0x00000000018c5d19,0x0000000001813fa1,0x000000000023c050,0x0000000000000b37,0x00000000000052a6,0x0000000000000bd3,0x0000000000008942,0x0000000000ba567c,0x00000000000015ec
1784428269672,0x00000000800057ae,0x0000000080018d90,0x0000000080007a7a,0x0000000000000000,0x00000000800191f0,0x0000000080018de0,0x0000000080018f50,0x000000008000f238,0x0000000000000006,0x0000000000000006,0x0000000000000000,0x0000000000000012,0x0000000065cffe7b,0x0000000043f14ce4,0x0000000000000000,0x0000000065cfea78,0x000000000055dc95,0x3fedd0be6c4371a2,0x00000000800049be,0x0000000000000000,0x4025772550fc5339,0x412a023b5f972474,0x4152076745288ce7,0x3ff0000000000000,0x0000000000000000,0x0000000000000000,0x00000000800049be,0x00000000018d2239,0x0000000001820504,0x00000000018d2239,0x0000000001820504,0x000000000023d06d,0x0000000000000b40,0x00000000000052a6,0x0000000000000bd3,0x0000000000008969,0x0000000000bab5e7,0x00000000000015ef
1784428270436,0x0000000080005820,0x0000000080018ed0,0x0000000080007a7a,0x000000000000000f,0x00000000800191f0,0x0000000080018f20,0x000000008000f238,0x0000000080019310,0x0000000000000006,0x0000000000000006,0x0000000080019280,0x00000000800192a8,0x000000008000f201,0x3ff0336640c502ee,0x0000000000000000,0x00000000134cd0e0,0x000000000058a655,0x3fedd0be6c4371a2,0x0000000080004982,0x0000000000000000,0x414fe59a3d2bd3c3,0x412a0228c978d4fe,0x415207675cd013a9,0x0000000000000000,0x0000000000000000,0x0000000000000000,0x0000000080004982,0x00000000018df29e,0x000000000182cfe5,0x00000000018df29e,0x000000000182cfe5,0x000000000023e5d9,0x0000000000000b42,0x00000000000052a8,0x0000000000000bde,0x00000000000089a9,0x0000000000bb1a83,0x00000000000015f2
1784428271243,0x00000000800057ae,0x0000000080018d90,0x0000000080007a7a,0x0000000000000000,0x00000000800191f0,0x0000000080018de0,0x0000000080018f50,0x000000008000f238,0x0000000000000006,0x0000000000000006,0x000000008000f238,0x0000000000000000,0x0000000065cffe7b,0x0000000043f14ce4,0x0000000000000000,0x0000000065cfea78,0x000000000055dc95,0x3fedd0be6c4371a2,0x00000000800049c4,0x0000000000000000,0x4025772550fc5339,0x412a0228c978d4fe,0x415207675cd013a9,0x8000000000000000,0x0000000000000000,0x0000000000000000,0x00000000800049c4,0x00000000018ea095,0x0000000001837dca,0x00000000018ea095,0x0000000001837dca,0x000000000023f422,0x0000000000000b4b,0x00000000000052a8,0x0000000000000bde,0x00000000000089d4,0x0000000000bb6ecc,0x00000000000015f5
1784428272022,0x0000000080005820,0x0000000080018ed0,0x0000000080007a7a,0x000000000000000f,0x00000000800191f0,0x0000000080018f20,0x000000008000f238,0x0000000080019310,0x0000000000000006,0x0000000000000006,0x0000000080019280,0x0000000080019288,0x000000008000f201,0x3fed92ccebf0a1e5,0x0000000000000000,0xffffffff89c8b800,0x0000000000576631,0x3fedd0be6c4371a2,0x00000000800049f0,0x0000000000000000,0x414fe59fee2b6ae8,0x412a023ad4e3bcd3,0x4152076788504817,0x0000000000000000,0x0000000000000000,0x0000000000000000,0x00000000800049f0,0x00000000018f6381,0x0000000001843adb,0x00000000018f6381,0x0000000001843adb,0x000000000024086d,0x0000000000000b4d,0x00000000000052ab,0x0000000000000bed,0x0000000000008a1f,0x0000000000bbccf5,0x00000000000015f8
1784428272858,0x00000000800057ae,0x0000000080018d90,0x0000000080007a7a,0x0000000000000000,0x00000000800191f0,0x0000000080018de0,0x0000000080018f50,0x000000008000f238,0x0000000000000006,0x0000000000000006,0x0000000080018f50,0x0000000080019028,0x0000000065cffe7b,0x0000000043f14ce4,0x0000000000000000,0x0000000065cfea78,0x000000000055dc95,0x3fedd0be6c4371a2,0x00000000800049a4,0x0000000000000000,0x4025772550fc5339,0x412a023ad4e3bcd3,0x4152076788504817,0x8000000000000000,0x0000000000000000,0x0000000000000000,0x00000000800049a4,0x0000000001901a8e,0x000000000184f1db,0x0000000001901a8e,0x000000000184f1db,0x0000000000241778,0x0000000000000b56,0x00000000000052ab,0x0000000000000bed,0x0000000000008a41,0x0000000000bc2588,0x00000000000015fb
1784428273604,0x0000000080005744,0x0000000080019060,0x0000000080007a7a,0x000000000000000f,0x00000000800191f0,0x00000000800190b0,0x0000000080019310,0x00000000800191f0,0x0000000000000006,0x0000000000000006,0x00000000800191f0,0x0000000080019248,0x000000008000f201,0x3feb0b9ee8cc9dcc,0x0000000000000000,0xffffffff8ab170ce,0x0000000000594815,0x3fedd0be6c4371a2,0x00000000800049c6,0x0000000000000000,0x414fe59e30a71de7,0x412a022d213a92a3,0x4152076b8a00d1b7,0x0000000000000000,0x0000000000000000,0x0000000000000000,0x00000000800049c6,0x000000000190cc9c,0x0000000001859dd0,0x000000000190cc9c,0x0000000001859dd0,0x0000000000242a78,0x0000000000000b58,0x00000000000052ae,0x0000000000000bfa,0x0000000000008a82,0x0000000000bc7b81,0x00000000000015fe
1784428274406,0x00000000800057ae,0x0000000080018d90,0x0000000080007a7a,0x0000000000000000,0x00000000800191f0,0x0000000080018de0,0x0000000080018f50,0x000000008000f238,0x0000000000000006,0x0000000000000006,0x0000000000000001,0x0000000000000013,0x0000000065cffe7b,0x0000000043f14ce4,0x0000000000000000,0x0000000065cfea78,0x000000000055dc95,0x3fedd0be6c4371a2,0x00000000800049bc,0x0000000000000000,0x4025772550fc5339,0x412a022d213a92a3,0x4152076b8a00d1b7,0x8000000000000000,0x0000000000000000,0x0000000000000000,0x00000000800049bc,0x000000000191984f,0x000000000186699c,0x000000000191984f,0x000000000186699c,0x0000000000243b1e,0x0000000000000b61,0x00000000000052ae,0x0000000000000bfa,0x0000000000008aab,0x0000000000bcddee,0x0000000000001601
1784428275286,0x000000008000583a,0x0000000080018ed0,0x0000000080007a7a,0x000000000000000f,0x00000000800191f0,0x0000000080018f20,0x00000000800194a0,0x000000008000f238,0x0000000000000003,0x0000000000000006,0x00000000800191f0,0x0000000080019228,0x000000008000f201,0x3fed60888935dedb,0x0000000000000000,0xffffffffbd9a4538,0x0000000000587709,0x3fedd0be6c4371a2,0x00000000800049f0,0x0000000000000000,0x414fe59b287fcb92,0x412a022dd6c8b439,0x41520769fa76c8b4,0x0000000000000000,0x0000000000000000,0x0000000000000000,0x00000000800049f0,0x00000000019274d6,0x0000000001874059,0x00000000019274d6,0x0000000001874059,0x000000000024517e,0x0000000000000b63,0x00000000000052b0,0x0000000000000c05,0x0000000000008af0,0x0000000000bd4823,0x0000000000001605
1784428275986,0x0000000080006260,0x0000000080019230,0x402a6014520d6113,0x0000000000000000,0x0000000000000000,0x0000000080019440,0x0000000080019698,0x00000000800194a0,0x000000008000f238,0x00000000800003f0,0x0000000000000000,0x0000000000000000,0xffffffffbaf74f7e,0xffffffff9e133112,0x0000000000000000,0xffffffffbaf60d5e,0x00000000007d44b7,0x3fedd0be6c4371a2,0x0000000080005bc0,0x0000000000000000,0x3fff512de784cc45,0x412a022dd6c8b439,0x41520769fa76c8b4,0x01a56e1fc2f8f359,0x0000000000000000,0x0000000000000000,0x0000000080005bc0,0x0000000001931e0b,0x000000000187e88c,0x0000000001931e0b,0x000000000187e88c,0x0000000000245fa2,0x0000000000000b6c,0x00000000000052b0,0x0000000000000c05,0x0000000000008b41,0x0000000000bd9b00,0x0000000000001608
1784428276775,0x000000008000583a,0x0000000080018ed0,0x0000000080007a7a,0x000000000000000f,0x00000000800191f0,0x0000000080018f20,0x00000000800194a0,0x000000008000f238,0x0000000000000003,0x0000000000000006,0x0000000000000000,0x0000000000000006,0x000000008000f201,0x3fed4428b8a8166d,0x0000000000000000,0x000000000ac44c78,0x00000000005805a7,0x3fedd0be6c4371a2,0x000000008000496c,0x0000000000000000,0x414fe59c1c1bda51,0x412a02325ce075f7,0x41520768ff9db22d,0x0000000000000000,0x401623e8e4790c0a,0x401623e8e4790c0a,0x000000008000496c,0x000000000193e0c5,0x000000000188a5dd,0x000000000193e0c5,0x000000000188a5dd,0x000000000024739a,0x0000000000000b6e,0x00000000000052b2,0x0000000000000c10,0x0000000000008b69,0x0000000000bdf7f4,0x000000000000160b
1784428277540,0x0000000080009fc2,0x0000000080019420,0x402a6014520d6113,0x0000000000000400,0x0000000000000000,0x0000000080019700,0x000000000059b4d3,0xffffffffab958800,0x000000000028ad55,0x0000000000000002,0x00000000002cda69,0x000000003e19f000,0x00000000572b1400,0x00000000572b1000,0x000000000000000b,0x00000000572b1400,0x000000000059b4d3,0x3fedd0be6c4371a2,0x000000008000a0f4,0x403f6f3aac7d0108,0x403f6f3aac7d0108,0x412a02325ce075f7,0x41520768ff9db22d,0x3ff0000000000000,0x40135e36da85b468,0x403f6f3aac7d0108,0x000000008000a0f4,0x0000000001948fc4,0x000000000189547e,0x0000000001948fc4,0x000000000189547e,0x00000000002481dc,0x0000000000000b77,0x00000000000052b2,0x0000000000000c10,0x0000000000008ba7,0x0000000000be4d4b,0x000000000000160e
1784428278306,0x000000008000583a,0x0000000080018ed0,0x0000000080007a7a,0x000000000000000f,0x00000000800191f0,0x0000000080018f20,0x00000000800194a0,0x000000008000f238,0x0000000000000003,0x0000000000000006,0x0000000000000006,0x0000000000000006,0x000000008000f201,0x3febba8df39487bb,0x0000000000000000,0xffffffffeccb34e0,0x00000000005876e1,0x3fedd0be6c4371a2,0x0000000080004a0a,0x0000000000000000,0x414fe59ce46dc5d6,0x412a024364c2f838,0x4152076689205bc0,0x0000000000000000,0x0000000000000000,0x0000000000000000,0x0000000080004a0a,0x00000000019560d6,0x00000000018a1ffa,0x00000000019560d6,0x00000000018a1ffa,0x000000000024976a,0x0000000000000b79,0x00000000000052b5,0x0000000000000c1f,0x0000000000008bcf,0x0000000000beb185,0x0000000000001611
1784428279132,0x0000000080006362,0x0000000080019440,0x402a6014520d6113,0x0000000000000000,0x0000000000000000,0x0000000080019700,0x0000000000000001,0x000000000a08a6a6,0x000000008000f3a8,0x000000008000f3a8,0x0000000000000001,0x00000000800168e8,0xffffffff89aa6ef1,0x0000000028229a98,0x0000000000000000,0xffffffff892262e0,0x000000000059702e,0x3fedd0be6c4371a2,0x0000000080006474,0x0000000000000000,0x40865c0b8a08a6a6,0x412a024364c2f838,0x4152076689205bc0,0x01a56e1fc2f8f359,0x3ff0000000000000,0x403693f7154dbf63,0x0000000080006474,0x0000000001962ea4,0x00000000018ae90e,0x0000000001962ea4,0x00000000018ae90e,0x000000000024ad19,0x0000000000000b84,0x00000000000052b6,0x0000000000000c24,0x0000000000008c32,0x0000000000bf17a8,0x0000000000001614
1784428279919,0x0000000080009fc2,0x0000000080018dc0,0x0000000080007a7a,0x0000000000020000,0x00000000800191f0,0x0000000080018e40,0x00000000005869e6,0x0000000036060000,0x00000000003f5ada,0x0000000000000002,0x00000000002c34f3,0xffffffffbbee0000,0x000000006c0a0000,0x000000006c0c0000,0x0000000000000012,0x000000006c0a0000,0x00000000005869e6,0x3fedd0be6c4371a2,0x000000008000a11e,0x403e88fa391e4302,0x403e88fa391e4302,0x412a0249725460aa,0x4152076826075f70,0x01a56e1fc2f8f359,0x0000000000000000,0x403e88fa391e4302,0x000000008000a11e,0x000000000196fe7f,0x00000000018bb864,0x000000000196fe7f,0x00000000018bb864,0x000000000024bd5b,0x0000000000000b86,0x00000000000052b8,0x0000000000000c2e,0x0000000000008c41,0x0000000000bf7ad5,0x0000000000001617
1784428280724,0x00000000800056f8,0x0000000080019060,0x0000000080007a7a,0x000000000000000f,0x0000000080019430,0x00000000800190b0,0x0000000080019548,0x000000008000f238,0x0000000000000006,0x0000000000000006,0x0000000000000003,0x0000000000000009,0x000000008000f201,0x3fe4f91041beacf9,0x0000000000000000,0x000000001acd7ce0,0x0000000000582835,0x3fedd0be6c4371a2,0x00000000800049e2,0x0000000000000000,0x414fe598b4ed9168,0x412a023922a9930c,0x41520767e8b923a3,0x0000000000000000,0x0000000000000000,0x0000000000000000,0x00000000800049e2,0x000000000197b79c,0x00000000018c6bba,0x000000000197b79c,0x00000000018c6bba,0x000000000024d182,0x0000000000000b8f,0x00000000000052ba,0x0000000000000c39,0x0000000000008c98,0x0000000000bfd541,0x000000000000161a
1784428281496,0x000000008000589c,0x0000000080018ed0,0x0000000080007a7a,0x0000000000000000,0x00000000800191f0,0x0000000080018f20,0x0000000080019280,0x0000000080019118,0x0000000000000006,0x0000000000000003,0x0000000000000001,0x0000000000000003,0x0000000065cffe7b,0x0000000043f14ce4,0x0000000000000000,0x0000000065cfea78,0x000000000055dc95,0x3fedd0be6c4371a2,0x0000000080004a22,0x0000000000000000,0x4025772550fc5339,0x412a023922a9930c,0x41520767e8b923a3,0x0000000000000000,0x3f9287f43dd4dd22,0x3f9287f43dd4dd22,0x0000000080004a22,0x00000000019882db,0x00000000018d3781,0x00000000019882db,0x00000000018d3781,0x000000000024e1c6,0x0000000000000b98,0x00000000000052ba,0x0000000000000c39,0x0000000000008cb1,0x0000000000c03801,0x000000000000161d
1784428282235,0x00000000800056f8,0x0000000080019060,0x0000000080007a7a,0x000000000000000f,0x0000000080019430,0x00000000800190b0,0x0000000080019548,0x000000008000f238,0x0000000000000006,0x0000000000000006,0x0000000080019310,0x00000000800193a8,0x000000008000f201,0x3fe28f55caf429c2,0x0000000000000000,0xffffffffd07d8f80,0x0000000000586575,0x3fedd0be6c4371a2,0x00000000800049f0,0x0000000000000000,0x414fe59bf449ba5e,0x412a02283f487fcc,0x41520768a08b4396,0x3ff0000000000000,0x0000000000000000,0x0000000000000000,0x00000000800049f0,0x0000000001993d7b,0x00000000018debe4,0x0000000001993d7b,0x00000000018debe4,0x000000000024f5da,0x0000000000000b9a,0x00000000000052bc,0x0000000000000c44,0x0000000000008cf8,0x0000000000c091a4,0x0000000000001620
1784428282998,0x00000000800058c6,0x0000000080018ee0,0x0000000080007a7a,0x0000000000000000,0x00000000800191f0,0x0000000080018f20,0x00000000800193a0,0x0000000080019100,0x0000000080019070,0x0000000000000006,0x0000000080019070,0x0000000000000001,0x0000000065cffe7b,0x0000000043f14ce4,0x0000000000000000,0x0000000065cfea78,0x000000000055dc95,0x3fedd0be6c4371a2,0x0000000080004ae6,0x0000000000000000,0x4025772550fc5339,0x412a02283f487fcc,0x41520768a08b4396,0x4019e4dcd8300000,0x0000000000000000,0x0000000000000000,0x0000000080004ae6,0x00000000019a073f,0x00000000018eb64a,0x00000000019a073f,0x00000000018eb64a,0x0000000000250637,0x0000000000000ba3,0x00000000000052bc,0x0000000000000c44,0x0000000000008d12,0x0000000000c0f38d,0x0000000000001623
1784428283736,0x0000000080005744,0x0000000080019060,0x0000000080007a7a,0x000000000000000f,0x00000000800191f0,0x00000000800190b0,0x0000000080019310,0x00000000800191f0,0x0000000000000006,0x0000000000000006,0x00000000800190d0,0x0000000080019100,0x000000008000f201,0x3fe12607540b7ed9,0x0000000000000000,0x000000002b9529fe,0x0000000000584e30,0x3fedd0be6c4371a2,0x00000000800049f2,0x0000000000000000,0x414fe595e5ab9f56,0x412a0243628f5c29,0x41520768b08e8a72,0x0000000000000000,0x3fe185d1eca6d032,0x3fe185d1eca6d032,0x00000000800049f2,0x00000000019adc0e,0x00000000018f8537,0x00000000019adc0e,0x00000000018f8537,0x0000000000251c0e,0x0000000000000ba5,0x00000000000052bf,0x0000000000000c53,0x0000000000008d5e,0x0000000000c159db,0x0000000000001626
1784428284442,0x00000000800057ae,0x0000000080018d90,0x0000000080007a7a,0x0000000000000000,0x00000000800191f0,0x0000000080018de0,0x0000000080018f50,0x000000008000f238,0x0000000000000006,0x0000000000000006,0x0000000000000005,0x000000000000001e,0x0000000065cffe7b,0x0000000043f14ce4,0x0000000000000000,0x0000000065cfea78,0x000000000055dc95,0x3fedd0be6c4371a2,0x00000000800049b4,0x0000000000000000,0x4025772550fc5339,0x412a0243628f5c29,0x41520768b08e8a72,0x8000000000000000,0x0000000000000000,0x0000000000000000,0x00000000800049b4,0x00000000019ba89d,0x0000000001905225,0x00000000019ba89d,0x0000000001905225,0x0000000000252ccd,0x0000000000000bae,0x00000000000052bf,0x0000000000000c53,0x0000000000008d82,0x0000000000c1bcd2,0x0000000000001629
1784428285250,0x0000000080005744,0x0000000080019060,0x0000000080007a7a,0x000000000000000f,0x00000000800191f0,0x00000000800190b0,0x0000000080019310,0x00000000800191f0,0x0000000000000006,0x0000000000000006,0x00000000800190d0,0x0000000000000003,0x000000008000f201,0x3fdfad20ae12df68,0x0000000000000000,0x000000000f8b9e78,0x00000000005883b9,0x3fedd0be6c4371a2,0x00000000800049f6,0x0000000000000000,0x414fe59b5d638866,0x412a0241bac710cb,0x4152076681f3b646,0x0000000000000000,0x0000000000000000,0x0000000000000000,0x00000000800049f6,0x00000000019c6d1e,0x00000000019110d3,0x00000000019c6d1e,0x00000000019110d3,0x000000000025414f,0x0000000000000bb0,0x00000000000052c2,0x0000000000000c60,0x0000000000008dc8,0x0000000000c21bb0,0x000000000000162c
1784428286093,0x00000000800057ae,0x0000000080018d90,0x0000000080007a7a,0x0000000000000000,0x00000000800191f0,0x0000000080018de0,0x0000000080018f50,0x000000008000f238,0x0000000000000006,0x0000000000000006,0x0000000080018f50,0x0000000080018ff0,0x0000000065cffe7b,0x0000000043f14ce4,0x0000000000000000,0x0000000065cfea78,0x000000000055dc95,0x3fedd0be6c4371a2,0x00000000800049a4,0x0000000000000000,0x4025772550fc5339,0x412a0241bac710cb,0x4152076681f3b646,0x8000000000000000,0x0000000000000000,0x0000000000000000,0x00000000800049a4,0x00000000019d3608,0x000000000191da45,0x00000000019d3608,0x000000000191da45,0x00000000002551c2,0x0000000000000bb9,0x00000000000052c2,0x0000000000000c60,0x0000000000008de6,0x0000000000c27d04,0x000000000000162f
1784428286889,0x000000008000575e,0x0000000080019070,0x0000000080007a7a,0x000000000000000f,0x00000000800191f0,0x00000000800190b0,0x00000000800190d0,0x00000000800002d0,0x000000008000f238,0x0000000000000006,0x00000000800190d0,0x0000000000000001,0x000000008000f201,0x3fd7e6b86923b0a6,0x0000000000000000,0x000000005fb5d79e,0x0000000000597d33,0x3fedd0be6c4371a2,0x0000000080004c20,0x0000000000000000,0x414fe597bb71758e,0x412a023ad0624dd3,0x41520769c257a787,0x3fc17a1e17d07729,0x3fe185d1eca6d032,0x0000000000000000,0x0000000080004c20,0x00000000019df5b8,0x00000000019293c6,0x00000000019df5b8,0x00000000019293c6,0x00000000002565d5,0x0000000000000bbb,0x00000000000052c4,0x0000000000000c6b,0x0000000000008e2f,0x0000000000c2d976,0x0000000000001632
1784428287632,0x00000000800057ae,0x0000000080018d90,0x0000000080007a7a,0x0000000000000000,0x00000000800191f0,0x0000000080018de0,0x0000000080018f50,0x000000008000f238,0x0000000000000006,0x0000000000000006,0x0000000000000004,0x0000000000000006,0x0000000065cffe7b,0x0000000043f14ce4,0x0000000000000000,0x0000000065cfea78,0x000000000055dc95,0x3fedd0be6c4371a2,0x0000000080004a06,0x0000000000000000,0x4025772550fc5339,0x412a023ad0624dd3,0x41520769c257a787,0x3ff0000000000000,0xbfb9a486f73efccb,0x3fdcf46da09c9983,0x0000000080004a06,0x00000000019eae17,0x0000000001934c9a,0x00000000019eae17,0x0000000001934c9a,0x00000000002574f2,0x0000000000000bc4,0x00000000000052c4,0x0000000000000c6b,0x0000000000008e57,0x0000000000c332f4,0x0000000000001635
1784428288447,0x0000000080005820,0x0000000080018ed0,0x0000000080007a7a,0x000000000000000f,0x00000000800191f0,0x0000000080018f20,0x000000008000f238,0x0000000080019310,0x0000000000000006,0x0000000000000006,0x0000000080019280,0x0000000080019288,0x000000008000f201,0x3fd8af3c53ce90db,0x0000000000000000,0xffffffff99adf3e0,0x0000000000589b8b,0x3fedd0be6c4371a2,0x0000000080004982,0x0000000000000000,0x414fe59794b295ea,0x412a023bba6b50b1,0x4152076c105d6388,0x3fe1aec7af362c5b,0x0000000000000000,0x0000000000000000,0x0000000080004982,0x00000000019f75ac,0x0000000001940f1e,0x00000000019f75ac,0x0000000001940f1e,0x00000000002589a3,0x0000000000000bc6,0x00000000000052c6,0x0000000000000c76,0x0000000000008e9a,0x0000000000c393bf,0x0000000000001638
1784428289175,0x00000000800057ae,0x0000000080018d90,0x0000000080007a7a,0x0000000000000000,0x00000000800191f0,0x0000000080018de0,0x0000000080018f50,0x000000008000f238,0x0000000000000006,0x0000000000000006,0x0000000080018f50,0x0000000000000000,0x0000000065cffe7b,0x0000000043f14ce4,0x0000000000000000,0x0000000065cfea78,0x000000000055dc95,0x3fedd0be6c4371a2,0x00000000800049aa,0x0000000000000000,0x4025772550fc5339,0x412a023bba6b50b1,0x4152076c105d6388,0x8000000000000000,0x0000000000000000,0x0000000000000000,0x00000000800049aa,0x0000000001a02aa2,0x000000000194c415,0x0000000001a02aa2,0x000000000194c415,0x0000000000259882,0x0000000000000bcf,0x00000000000052c6,0x0000000000000c76,0x0000000000008ebc,0x0000000000c3eb5b,0x000000000000163b
1784428289923,0x0000000080005806,0x0000000080018ee0,0x0000000080007a7a,0x000000000000000f,0x00000000800191f0,0x0000000080018f20,0x00000000800194a0,0x0000000080019310,0x0000000000000003,0x0000000080019310,0x0000000000000002,0x0000000000000006,0x000000008000f201,0x3fdea1c51bedab9e,0x0000000000000000,0xffffffffcbc425e0,0x000000000058b4c9,0x3fedd0be6c4371a2,0x0000000080004b54,0x0000000000000000,0x414fe59614faacda,0x412a0231bf8a0903,0x4152076b9303afb8,0x3fc17a1e17d07729,0x3fc17a1e17d07729,0x0000000000000000,0x0000000080004b54,0x0000000001a0e960,0x0000000001957cfc,0x0000000001a0e960,0x0000000001957cfc,0x000000000025ac77,0x0000000000000bd1,0x00000000000052c9,0x0000000000000c85,0x0000000000008f08,0x0000000000c44797,0x000000000000163f
1784428290654,0x00000000800057ae,0x0000000080018d90,0x0000000080007a7a,0x0000000000000000,0x00000000800191f0,0x0000000080018de0,0x0000000080018f50,0x000000008000f238,0x0000000000000006,0x0000000000000006,0x0000000080018f50,0x0000000080019020,0x0000000065cffe7b,0x0000000043f14ce4,0x0000000000000000,0x0000000065cfea78,0x000000000055dc95,0x3fedd0be6c4371a2,0x00000000800049a4,0x0000000000000000,0x4025772550fc5339,0x412a0231bf8a0903,0x4152076b9303afb8,0x8000000000000000,0x0000000000000000,0x0000000000000000,0x00000000800049a4,0x0000000001a1a605,0x0000000001963992,0x0000000001a1a605,0x0000000001963992,0x000000000025bbf2,0x0000000000000bda,0x00000000000052c9,0x0000000000000c85,0x0000000000008f2a,0x0000000000c4a2d0,0x0000000000001642
1784428291375,0x0000000080005820,0x0000000080018ed0,0x0000000080007a7a,0x000000000000000f,0x00000000800191f0,0x0000000080018f20,0x000000008000f238,0x0000000080019310,0x0000000000000006,0x0000000000000006,0x0000000000000000,0x0000000000000000,0x000000008000f201,0x3fe12bbb57a8babd,0x0000000000000000,0xffffffffeb5810de,0x00000000005812d1,0x3fedd0be6c4371a2,0x0000000080004970,0x0000000000000000,0x414fe597b54fdf3b,0x412a023432b020c5,0x415207675bec56d6,0x0000000000000000,0x0000000000000000,0x0000000000000000,0x0000000080004970,0x0000000001a26325,0x000000000196f0ec,0x0000000001a26325,0x000000000196f0ec,0x000000000025cfc3,0x0000000000000bdc,0x00000000000052cc,0x0000000000000c94,0x0000000000008f78,0x0000000000c4fe3e,0x0000000000001645
1784428292143,0x00000000800057ae,0x0000000080018d90,0x0000000080007a7a,0x0000000000000000,0x00000000800191f0,0x0000000080018de0,0x0000000080018f50,0x000000008000f238,0x0000000000000006,0x0000000000000006,0x0000000000000003,0x0000000000000006,0x0000000065cffe7b,0x0000000043f14ce4,0x0000000000000000,0x0000000065cfea78,0x000000000055dc95,0x3fedd0be6c4371a2,0x00000000800049d6,0x0000000000000000,0x4025772550fc5339,0x412a023432b020c5,0x415207675bec56d6,0x3ff0000000000000,0xbf847ae147ae147c,0x3fbaec350bb9de12,0x00000000800049d6,0x0000000001a311d7,0x0000000001979f8f,0x0000000001a311d7,0x0000000001979f8f,0x000000000025de1c,0x0000000000000be5,0x00000000000052cc,0x0000000000000c94,0x0000000000008fa7,0x0000000000c552e2,0x0000000000001648
1784428292902,0x000000008000575e,0x0000000080019070,0x0000000080007a7a,0x000000000000000f,0x00000000800191f0,0x00000000800190b0,0x00000000800190d0,0x00000000800002d0,0x000000008000f238,0x0000000000000006,0x000000008000f238,0x000000008000f260,0x000000008000f201,0x3fdb301e67a4a30a,0x0000000000000000,0xffffffffbaf03d0e,0x0000000000588dd0,0x3fedd0be6c4371a2,0x0000000080004c62,0x0000000000000000,0x414fe59b2b2ca57a,0x412a0230385f06f7,0x4152076af758e219,0x3fc17a1e17d07729,0x0000000000000000,0x0000000000000000,0x0000000080004c62,0x0000000001a3ce26,0x00000000019855b9,0x0000000001a3ce26,0x00000000019855b9,0x000000000025f1e9,0x0000000000000be7,0x00000000000052ce,0x0000000000000c9f,0x0000000000008ff4,0x0000000000c5adca,0x000000000000164b
1784428293743,0x00000000800057ae,0x0000000080018d90,0x0000000080007a7a,0x0000000000000000,0x00000000800191f0,0x0000000080018de0,0x0000000080018f50,0x000000008000f238,0x0000000000000006,0x0000000000000006,0x0000000000000004,0x0000000000000006,0x0000000065cffe7b,0x0000000043f14ce4,0x0000000000000000,0x0000000065cfea78,0x000000000055dc95,0x3fedd0be6c4371a2,0x000000008000496c,0x0000000000000000,0x4025772550fc5339,0x412a0230385f06f7,0x4152076af758e219,0x8000000000000000,0x0000000000000000,0x0000000000000000,0x000000008000496c,0x0000000001a490af,0x00000000019918d6,0x0000000001a490af,0x00000000019918d6,0x00000000002601da,0x0000000000000bf0,0x00000000000052ce,0x0000000000000c9f,0x000000000000901a,0x0000000000c60c1e,0x000000000000164e
1784428294594,0x0000000080005820,0x0000000080018ed0,0x0000000080007a7a,0x000000000000000f,0x00000000800191f0,0x0000000080018f20,0x000000008000f238,0x0000000080019310,0x0000000000000006,0x0000000000000006,0x0000000000000000,0x000000000000000f,0x000000008000f201,0x3fdd5404429e14da,0x0000000000000000,0xfffffffff6f287b8,0x0000000000590fc0,0x3fedd0be6c4371a2,0x00000000800049ba,0x0000000000000000,0x414fe5965de353f8,0x412a0232d8adab9f,0x4152076ad822680a,0x0000000000000000,0x0000000000000000,0x0000000000000000,0x00000000800049ba,0x0000000001a556c3,0x000000000199d92c,0x0000000001a556c3,0x000000000199d92c,0x0000000000261666,0x0000000000000bf2,0x00000000000052d0,0x0000000000000caa,0x0000000000009070,0x0000000000c66bbf,0x0000000000001651
1784428295310,0x0000000080006260,0x0000000080019230,0x402a6014520d6113,0x0000000000000000,0x0000000000000000,0x0000000080019440,0x0000000080019698,0x00000000800194a0,0x000000008000f238,0x00000000800003f0,0x000000008000f238,0x000000008000f310,0x000000001a2df4ff,0x000000001d39035e,0x0000000000000000,0x000000001a0c54be,0x000000000070c15c,0x3fedd0be6c4371a2,0x0000000080005c06,0x0000000000000000,0x400c3057074e40d8,0x412a0232d8adab9f,0x4152076ad822680a,0x01a56e1fc2f8f359,0x3fdcf46da09c9984,0x0000000000000000,0x0000000080005c06,0x0000000001a623e1,0x00000000019aa4aa,0x0000000001a623e1,0x00000000019aa4aa,0x0000000000262862,0x0000000000000bfb,0x00000000000052d0,0x0000000000000caa,0x00000000000090b7,0x0000000000c6cfff,0x0000000000001654
1784428296109,0x000000008000583a,0x0000000080018ed0,0x0000000080007a7a,0x000000000000000f,0x00000000800191f0,0x0000000080018f20,0x00000000800194a0,0x000000008000f238,0x0000000000000003,0x0000000000000006,0x0000000000000000,0x0000000000000006,0x000000008000f201,0x3fde9f415b42fa2b,0x0000000000000000,0x000000003310fce0,0x00000000005866da,0x3fedd0be6c4371a2,0x00000000800049d6,0x0000000000000000,0x414fe59404d9e83e,0x412a0235a624dd2f,0x4152076d9e1ff2e5,0x0000000000000000,0x3fe1aec7af362c5b,0x0000000000000000,0x00000000800049d6,0x0000000001a6e14f,0x00000000019b5d6d,0x0000000001a6e14f,0x00000000019b5d6d,0x0000000000263b09,0x0000000000000bfd,0x00000000000052d3,0x0000000000000cb8,0x00000000000090d9,0x0000000000c72a1c,0x0000000000001657
1784428296902,0x0000000080006260,0x0000000080019230,0x402a6014520d6113,0x0000000000000000,0x0000000000000000,0x0000000080019440,0x0000000080019698,0x00000000800194a0,0x000000008000f238,0x00000000800003f0,0x000000008000f238,0x0000000000000003,0xffffffffe4be53f0,0xffffffffb17e0c78,0x0000000000000000,0xffffffffe4a243e0,0x00000000006c353f,0x3fedd0be6c4371a2,0x0000000080005c18,0x0000000000000000,0x402b0d4fec5f831e,0x412a0235a624dd2f,0x4152076d9e1ff2e5,0x01a56e1fc2f8f359,0x0000000000000000,0x0000000000000000,0x0000000080005c18,0x0000000001a7a00d,0x00000000019c1a18,0x0000000001a7a00d,0x00000000019c1a18,0x0000000000264c79,0x0000000000000c06,0x00000000000052d3,0x0000000000000cb8,0x0000000000009127,0x0000000000c787f2,0x000000000000165a
1784428297746,0x000000008000583a,0x0000000080018ed0,0x0000000080007a7a,0x000000000000000f,0x00000000800191f0,0x0000000080018f20,0x00000000800194a0,0x000000008000f238,0x0000000000000003,0x0000000000000006,0x00000000800191f0,0x0000000080019220,0x000000008000f201,0x3fe309a19f85b952,0x0000000000000000,0x00000000592d7e8e,0x00000000005833c7,0x3fedd0be6c4371a2,0x00000000800049f0,0x0000000000000000,0x414fe596b7d566cf,0x412a0238c9ba5e35,0x4152076c016872b0,0x3ff0000000000000,0x0000000000000000,0x0000000000000000,0x00000000800049f0,0x0000000001a85f19,0x00000000019cd4c5,0x0000000001a85f19,0x00000000019cd4c5,0x0000000000265ea1,0x0000000000000c08,0x00000000000052d6,0x0000000000000cc4,0x0000000000009152,0x0000000000c7e264,0x000000000000165d
1784428298532,0x00000000800056f8,0x0000000080019060,0x0000000080007a7a,0x000000000000000f,0x0000000080019430,0x00000000800190b0,0x0000000080019548,0x000000008000f238,0x0000000000000006,0x0000000000000006,0x0000000080019310,0x0000000080019370,0x000000008000f201,0x3fe42c33d10fb965,0x0000000000000000,0xffffffffd3c5687e,0x000000000058e23e,0x3fedd0be6c4371a2,0x00000000800049f0,0x0000000000000000,0x414fe5956fced917,0x412a02434e147ae1,0x4152076947d566cf,0x0000000000000000,0x0000000000000000,0x0000000000000000,0x00000000800049f0,0x0000000001a944a3,0x00000000019db5ac,0x0000000001a944a3,0x00000000019db5ac,0x0000000000267629,0x0000000000000c13,0x00000000000052d8,0x0000000000000ccf,0x00000000000091bc,0x0000000000c853b2,0x0000000000001660
1784428299324,0x000000008000589c,0x0000000080018ed0,0x0000000080007a7a,0x0000000000000000,0x00000000800191f0,0x0000000080018f20,0x0000000080019280,0x0000000080019118,0x0000000000000006,0x0000000000000003,0x00000000800193a0,0x00000000800193c0,0x0000000065cffe7b,0x0000000043f14ce4,0x0000000000000000,0x0000000065cfea78,0x000000000055dc95,0x3fedd0be6c4371a2,0x0000000080004984,0x0000000000000000,0x4025772550fc5339,0x412a02434e147ae1,0x4152076947d566cf,0x0000000000000000,0x0000000000000000,0x0000000000000000,0x0000000080004984,0x0000000001aa0b24,0x00000000019e7cc6,0x0000000001aa0b24,0x00000000019e7cc6,0x0000000000268608,0x0000000000000c1c,0x00000000000052d8,0x0000000000000ccf,0x00000000000091db,0x0000000000c8b43e,0x0000000000001663
1784428300154,0x00000000800056f8,0x0000000080019060,0x0000000080007a7a,0x000000000000000f,0x0000000080019430,0x00000000800190b0,0x0000000080019548,0x000000008000f238,0x0000000000000006,0x0000000000000006,0x0000000000000005,0x000000000000001e,0x000000008000f201,0x3fe1b8661fce45c1,0x0000000000000000,0x000000000c5a1638,0x000000000059347c,0x3fedd0be6c4371a2,0x0000000080004976,0x0000000000000000,0x414fe595f29fbe77,0x412a023b33eab368,0x4152076bdc95182b,0x0000000000000000,0x0000000000000000,0x0000000000000000,0x0000000080004976,0x0000000001aadd32,0x00000000019f486e,0x0000000001aadd32,0x00000000019f486e,0x0000000000269c11,0x0000000000000c1e,0x00000000000052da,0x0000000000000cda,0x0000000000009219,0x0000000000c918c3,0x0000000000001666
1784428300989,0x00000000800058f2,0x0000000080018ed0,0x0000000080007a7a,0x0000000000000000,0x00000000800191f0,0x0000000080018f20,0x00000000800193a0,0x00000000800194a0,0x0000000000000006,0x0000000000000003,0x00000000800194a0,0x00000000800194f8,0x0000000065cffe7b,0x0000000043f14ce4,0x0000000000000000,0x0000000065cfea78,0x000000000055dc95,0x3fedd0be6c4371a2,0x00000000800049c6,0x0000000000000000,0x4025772550fc5339,0x412a023b33eab368,0x4152076bdc95182b,0x3f9287f43dd4dd22,0x0000000000000000,0x0000000000000000,0x00000000800049c6,0x0000000001aba3a0,0x0000000001a01019,0x0000000001aba3a0,0x0000000001a01019,0x000000000026ac49,0x0000000000000c27,0x00000000000052da,0x0000000000000cda,0x0000000000009232,0x0000000000c97942,0x0000000000001669
1784428301840,0x0000000080005744,0x0000000080019060,0x0000000080007a7a,0x000000000000000f,0x00000000800191f0,0x00000000800190b0,0x0000000080019310,0x00000000800191f0,0x0000000000000006,0x0000000000000006,0x0000000080019310,0x0000000080019330,0x000000008000f201,0x3fe28124039a9508,0x0000000000000000,0x000000003941b5ee,0x000000000059023b,0x3fedd0be6c4371a2,0x00000000800049a4,0x0000000000000000,0x414fe59204d35a86,0x412a0225f15b573f,0x4152076f2eacd9e8,0x0000000000000000,0x0000000000000000,0x0000000000000000,0x00000000800049a4,0x0000000001ac61a1,0x0000000001a0c881,0x0000000001ac61a1,0x0000000001a0c881,0x000000000026c029,0x0000000000000c29,0x00000000000052dd,0x0000000000000ce9,0x0000000000009282,0x0000000000c9d517,0x000000000000166c
1784428302677,0x00000000800058f2,0x0000000080018ed0,0x0000000080007a7a,0x0000000000000000,0x00000000800191f0,0x0000000080018f20,0x00000000800193a0,0x00000000800194a0,0x0000000000000006,0x0000000000000003,0x0000000000000002,0x0000000000000006,0x0000000065cffe7b,0x0000000043f14ce4,0x0000000000000000,0x0000000065cfea78,0x000000000055dc95,0x3fedd0be6c4371a2,0x00000000800049b0,0x0000000000000000,0x4025772550fc5339,0x412a0225f15b573f,0x4152076f2eacd9e8,0x3f8314f4c02b2a00,0x0000000000000000,0x0000000000000000,0x00000000800049b0,0x0000000001ad2350,0x0000000001a18a9f,0x0000000001ad2350,0x0000000001a18a9f,0x000000000026d01f,0x0000000000000c32,0x00000000000052dd,0x0000000000000ce9,0x000000000000929d,0x0000000000ca32f7,0x000000000000166f
1784428303516,0x0000000080005744,0x0000000080019060,0x0000000080007a7a,0x000000000000000f,0x00000000800191f0,0x00000000800190b0,0x0000000080019310,0x00000000800191f0,0x0000000000000006,0x0000000000000006,0x0000000000000000,0x0000000000000000,0x000000008000f201,0x3fe6f91b396109d0,0x0000000000000000,0xffffffffdcb697fe,0x00000000005778fb,0x3fedd0be6c4371a2,0x00000000800049b4,0x0000000000000000,0x414fe591e3a92a30,0x412a023080ded289,0x4152076cd2858794,0x0000000000000000,0x0000000000000000,0x0000000000000000,0x00000000800049b4,0x0000000001adea6f,0x0000000001a24b8a,0x0000000001adea6f,0x0000000001a24b8a,0x000000000026e4b1,0x0000000000000c34,0x00000000000052e0,0x0000000000000cf8,0x00000000000092f2,0x0000000000ca92d0,0x0000000000001672
1784428304362,0x00000000800057ae,0x0000000080018d90,0x0000000080007a7a,0x0000000000000000,0x00000000800191f0,0x0000000080018de0,0x0000000080018f50,0x000000008000f238,0x0000000000000006,0x0000000000000006,0x0000000000000002,0x0000000000000001,0x0000000065cffe7b,0x0000000043f14ce4,0x0000000000000000,0x0000000065cfea78,0x000000000055dc95,0x3fedd0be6c4371a2,0x0000000080004966,0x0000000000000000,0x4025772550fc5339,0x412a023080ded289,0x4152076cd2858794,0x3ff0000000000000,0x0000000000000000,0x0000000000000000,0x0000000080004966,0x0000000001aeaf6c,0x0000000001a3111d,0x0000000001aeaf6c,0x0000000001a3111d,0x000000000026f4d8,0x0000000000000c3d,0x00000000000052e0,0x0000000000000cf8,0x000000000000930a,0x0000000000caf251,0x0000000000001675
1784428305158,0x0000000080005744,0x0000000080019060,0x0000000080007a7a,0x000000000000000f,0x00000000800191f0,0x00000000800190b0,0x0000000080019310,0x00000000800191f0,0x0000000000000006,0x0000000000000006,0x0000000000000005,0x0000000000000006,0x000000008000f201,0x3fe7d2e3e82bfb89,0x0000000000000000,0xffffffffe1897b4e,0x000000000057f9ea,0x3fedd0be6c4371a2,0x000000008000498e,0x0000000000000000,0x414fe59420e8a71e,0x412a021e7cac0831,0x41520766eec710cb,0x3fedd0be6c4371a1,0x0000000000000000,0x0000000000000000,0x000000008000498e,0x0000000001af73cd,0x0000000001a3cf47,0x0000000001af73cd,0x0000000001a3cf47,0x000000000027094d,0x0000000000000c3f,0x00000000000052e2,0x0000000000000d03,0x0000000000009357,0x0000000000cb5106,0x0000000000001678
1784428306014,0x00000000800057ae,0x0000000080018d90,0x0000000080007a7a,0x0000000000000000,0x00000000800191f0,0x0000000080018de0,0x0000000080018f50,0x000000008000f238,0x0000000000000006,0x0000000000000006,0x0000000000000004,0x0000000000000012,0x0000000065cffe7b,0x0000000043f14ce4,0x0000000000000000,0x0000000065cfea78,0x000000000055dc95,0x3fedd0be6c4371a2,0x0000000080004998,0x0000000000000000,0x4025772550fc5339,0x412a021e7cac0831,0x41520766eec710cb,0x3ff0000000000000,0x0000000000000000,0x0000000000000000,0x0000000080004998,0x0000000001b0324a,0x0000000001a48e47,0x0000000001b0324a,0x0000000001a48e47,0x00000000002718e7,0x0000000000000c48,0x00000000000052e2,0x0000000000000d03,0x0000000000009378,0x0000000000cbad6d,0x000000000000167b
1784428306832,0x000000008000575e,0x0000000080019070,0x0000000080007a7a,0x000000000000000f,0x00000000800191f0,0x00000000800190b0,0x00000000800190d0,0x00000000800002d0,0x000000008000f238,0x0000000000000006,0x0000000000000004,0x0000000000000006,0x000000008000f201,0x3fe150f7e5ee9efa,0x0000000000000000,0x000000001ee487de,0x000000000057af73,0x3fedd0be6c4371a2,0x0000000080004c04,0x0000000000000000,0x414fe593458e2196,0x412a02282594af4f,0x4152076b2896bb99,0x3fc17a1e17d07729,0x0000000000000000,0x0000000000000000,0x0000000080004c04,0x0000000001b0f64f,0x0000000001a54c1d,0x0000000001b0f64f,0x0000000001a54c1d,0x0000000000272d5a,0x0000000000000c4a,0x00000000000052e4,0x0000000000000d0e,0x00000000000093c6,0x0000000000cc0bda,0x000000000000167e
1784428307651,0x00000000800057ae,0x0000000080018d90,0x0000000080007a7a,0x0000000000000000,0x00000000800191f0,0x0000000080018de0,0x0000000080018f50,0x000000008000f238,0x0000000000000006,0x0000000000000006,0x0000000000000002,0x0000000000000020,0x0000000065cffe7b,0x0000000043f14ce4,0x0000000000000000,0x0000000065cfea78,0x000000000055dc95,0x3fedd0be6c4371a2,0x00000000800049e4,0x0000000000000000,0x4025772550fc5339,0x412a02282594af4f,0x4152076b2896bb99,0x8000000000000000,0x0000000000000000,0x8000000000000000,0x00000000800049e4,0x0000000001b1bd97,0x0000000001a613a3,0x0000000001b1bd97,0x0000000001a613a3,0x0000000000273daa,0x0000000000000c53,0x00000000000052e4,0x0000000000000d0e,0x00000000000093ed,0x0000000000cc6c42,0x0000000000001681
1784428308485,0x0000000080005820,0x0000000080018ed0,0x0000000080007a7a,0x000000000000000f,0x00000000800191f0,0x0000000080018f20,0x000000008000f238,0x0000000080019310,0x0000000000000006,0x0000000000000006,0x0000000000000006,0x0000000000000002,0x000000008000f201,0x3fe08b9fecd90aaa,0x0000000000000000,0x000000001229526e,0x000000000058010f,0x3fedd0be6c4371a2,0x0000000080004a1c,0x0000000000000000,0x414fe5936504816f,0x412a023123bcd35b,0x41520768a816f007,0x0000000000000000,0x0000000000000000,0x0000000000000000,0x0000000080004a1c,0x0000000001b2787a,0x0000000001a6c8d7,0x0000000001b2787a,0x0000000001a6c8d7,0x0000000000275155,0x0000000000000c55,0x00000000000052e7,0x0000000000000d1d,0x0000000000009437,0x0000000000ccc689,0x0000000000001684
1784428309327,0x00000000800061b2,0x0000000080019440,0x402a6014520d6113,0x0000000000000000,0x0000000000000000,0x0000000080019700,0x0000000000000001,0x0000000080018f10,0x0000000000000000,0x000000008000f358,0x0000000000000007,0x0000000000000001,0x000000008000f351,0x3fedd0be6c4371a1,0x0000000000000000,0x0000000000000000,0x0000000000000000,0x3fedd0be6c4371a2,0x00000000800061b2,0x0000000000000000,0x4025772550fc5339,0x412a023123bcd35b,0x41520768a816f007,0x3ff0000000000000,0xbf847ae147ae1481,0x3fc17a1e17d07729,0x00000000800061b2,0x0000000001b3396f,0x0000000001a78950,0x0000000001b3396f,0x0000000001a78950,0x0000000000276120,0x0000000000000c5e,0x00000000000052e7,0x0000000000000d1d,0x0000000000009461,0x0000000000cd237d,0x0000000000001687
1784428310158,0x000000008000583a,0x0000000080018ed0,0x0000000080007a7a,0x000000000000000f,0x00000000800191f0,0x0000000080018f20,0x00000000800194a0,0x000000008000f238,0x0000000000000003,0x0000000000000006,0x0000000000000000,0x0000000000000006,0x000000008000f201,0x3fd979f17fc30f69,0x0000000000000000,0xffffffffbd2cc9ae,0x00000000005883f3,0x3fedd0be6c4371a2,0x00000000800049d6,0x0000000000000000,0x414fe58ea17c1bda,0x412a02388e147ae1,0x4152076a9483126f,0x0000000000000000,0x401623e8e4790c0a,0x0000000000000000,0x00000000800049d6,0x0000000001b402f9,0x0000000001a84db4,0x0000000001b402f9,0x0000000001a84db4,0x00000000002775fc,0x0000000000000c60,0x00000000000052e8,0x0000000000000d22,0x000000000000949d,0x0000000000cd8521,0x000000000000168a
1784428310964,0x0000000080006260,0x0000000080019230,0x402a6014520d6113,0x0000000000000000,0x0000000000000000,0x0000000080019440,0x0000000080019698,0x00000000800194a0,0x000000008000f238,0x00000000800003f0,0x0000000000000003,0x0000000080003cf8,0xffffffffab72dbce,0xffffffffc0bd9eaa,0x0000000000000000,0xffffffffab52db8e,0x00000000004fd5ba,0x3fedd0be6c4371a2,0x0000000080005f2c,0x0000000000000000,0x4023f56eb02f67ab,0x412a02388e147ae1,0x4152076a9483126f,0x0000000000000000,0x40aa1d41322b70e1,0x0000000000000000,0x0000000080005f2c,0x0000000001b4d418,0x0000000001a91acc,0x0000000001b4d418,0x0000000001a91acc,0x0000000000278b2d,0x0000000000000c6a,0x00000000000052e8,0x0000000000000d23,0x00000000000094e9,0x0000000000cdec41,0x000000000000168d
1784428311784,0x0000000080005850,0x0000000080018ed0,0x0000000080007a7a,0x000000000000000f,0x00000000800191f0,0x0000000080018f20,0x00000000800191f0,0x0000000080019310,0x0000000000000003,0x0000000000000006,0x00000000800191a8,0x0000000000000008,0x000000008000f201,0x3fd7377addc3a176,0x0000000000000000,0x000000000184f278,0x00000000005812fa,0x3fedd0be6c4371a2,0x0000000080004980,0x0000000000000000,0x414fe58f87694467,0x412a021b1d14e3bd,0x4152076da3212d77,0x401623e8e4790c0a,0x0000000000000000,0x0000000000000000,0x0000000080004980,0x0000000001b59643,0x0000000001a9dad2,0x0000000001b59643,0x0000000001a9dad2,0x0000000000279b58,0x0000000000000c6b,0x00000000000052e8,0x0000000000000d23,0x0000000000009514,0x0000000000ce47a2,0x0000000000001690
1784428312593,0x00000000800056f8,0x0000000080019060,0x0000000080007a7a,0x000000000000000f,0x0000000080019430,0x00000000800190b0,0x0000000080019548,0x000000008000f238,0x0000000000000006,0x0000000000000006,0x0000000000000000,0x0000000000000000,0x000000008000f201,0x3fdc54a6613212ba,0x0000000000000000,0x000000001446cf4e,0x0000000000570074,0x3fedd0be6c4371a2,0x0000000080004992,0x0000000000000000,0x414fe58ef27ef9db,0x412a02243f06f694,0x4152076e05c0ebee,0x3ff0000000000000,0x4013efc4d6ad9501,0x4013efc4d6ad9501,0x0000000080004992,0x0000000001b65614,0x0000000001aa9687,0x0000000001b65614,0x0000000001aa9687,0x000000000027afc9,0x0000000000000c76,0x00000000000052e9,0x0000000000000d28,0x0000000000009581,0x0000000000cea77c,0x0000000000001693
1784428313434,0x0000000080005850,0x0000000080018ed0,0x0000000080007a7a,0x000000000000000f,0x00000000800191f0,0x0000000080018f20,0x00000000800191f0,0x0000000080019310,0x0000000000000003,0x0000000000000006,0x00000000800191a8,0x0000000000000030,0x000000008000f201,0x3fdc54a6613212ba,0x0000000000000000,0x000000001446cf4e,0x0000000000570074,0x3fedd0be6c4371a2,0x0000000080004980,0x0000000000000000,0x414fe58ef27ef9db,0x412a02243f06f694,0x4152076e05c0ebee,0x0000000000000000,0x0000000000000000,0x0000000000000000,0x0000000080004980,0x0000000001b713d3,0x0000000001ab5326,0x0000000001b713d3,0x0000000001ab5326,0x000000000027bf05,0x0000000000000c76,0x00000000000052e9,0x0000000000000d28,0x000000000000958d,0x0000000000cf0059,0x0000000000001696
1784428314281,0x00000000800056f8,0x0000000080019060,0x0000000080007a7a,0x000000000000000f,0x0000000080019430,0x00000000800190b0,0x0000000080019548,0x000000008000f238,0x0000000000000006,0x0000000000000006,0x0000000080019310,0x0000000000000001,0x000000008000f201,0x3fe0b66b2385dae9,0x0000000000000000,0x0000000014204678,0x0000000000576164,0x3fedd0be6c4371a2,0x0000000080004a00,0x0000000000000000,0x414fe59277694467,0x412a0233eadab9f5,0x415207697f62b6ae,0x0000000000000000,0x0000000000000000,0x0000000000000000,0x0000000080004a00,0x0000000001b7d59a,0x0000000001ac10e8,0x0000000001b7d59a,0x0000000001ac10e8,0x000000000027d3ad,0x0000000000000c81,0x00000000000052ea,0x0000000000000d2d,0x00000000000095e7,0x0000000000cf611f,0x0000000000001699
1784428315081,0x0000000080005850,0x0000000080018ed0,0x0000000080007a7a,0x000000000000000f,0x00000000800191f0,0x0000000080018f20,0x00000000800191f0,0x0000000080019310,0x0000000000000003,0x0000000000000006,0x0000000000000001,0x0000000000000004,0x000000008000f201,0x3fe0b66b2385dae9,0x0000000000000000,0x0000000014204678,0x0000000000576164,0x3fedd0be6c4371a2,0x0000000080004978,0x0000000000000000,0x414fe59277694467,0x412a0233eadab9f5,0x415207697f62b6ae,0x401623e8e4790c0a,0x0000000000000000,0x401623e8e4790c0a,0x0000000080004978,0x0000000001b88602,0x0000000001acc06d,0x0000000001b88602,0x0000000001acc06d,0x000000000027e1d3,0x0000000000000c81,0x00000000000052ea,0x0000000000000d2d,0x00000000000095ef,0x0000000000cfb3d1,0x000000000000169c
1784428315906,0x00000000800056f8,0x0000000080019060,0x0000000080007a7a,0x000000000000000f,0x0000000080019430,0x00000000800190b0,0x0000000080019548,0x000000008000f238,0x0000000000000006,0x0000000000000006,0x0000000000000004,0x0000000000000006,0x000000008000f201,0x3fdabe54289a108e,0x0000000000000000,0x0000000070eb5dbe,0x000000000058c887,0x3fedd0be6c4371a2,0x00000000800049b0,0x0000000000000000,0x414fe58a39de69ad,0x412a02243c91d14e,0x4152076c1004ea4b,0x0000000000000000,0x3fb85cd8e2c41b82,0x3fb85cd8e2c41b82,0x00000000800049b0,0x0000000001b94bf8,0x0000000001ad81e9,0x0000000001b94bf8,0x0000000001ad81e9,0x000000000027f6c3,0x0000000000000c8c,0x00000000000052ed,0x0000000000000d3c,0x000000000000965a,0x0000000000d01656,0x000000000000169f
1784428316729,0x0000000080009fc2,0x0000000080018dc0,0x0000000080007a7a,0x000000000055dd00,0x00000000800191f0,0x0000000080018e40,0x000000000055dc00,0x0000000000000100,0x0000000000190800,0x0000000000000003,0x00000000002aee00,0xffffffff82fd4000,0x0000000000000001,0x0000000000000009,0x0000000000000000,0xffffffffcf3a00f8,0x00000000005869e6,0x3fedd0be6c4371a2,0x000000008000a0cc,0x405ccc3930020bf5,0x405ccc3930020bf5,0x412a02243c91d14e,0x4152076c1004ea4b,0x01a56e1fc2f8f359,0x0000000000000000,0x405ccc3930020bf5,0x000000008000a0cc,0x0000000001ba0e1a,0x0000000001ae443e,0x0000000001ba0e1a,0x0000000001ae443e,0x000000000028060c,0x0000000000000c8f,0x00000000000052ed,0x0000000000000d3c,0x0000000000009672,0x0000000000d073fc,0x00000000000016a2
1784428317563,0x00000000800056f8,0x0000000080019060,0x0000000080007a7a,0x000000000000000f,0x0000000080019430,0x00000000800190b0,0x0000000080019548,0x000000008000f238,0x0000000000000006,0x0000000000000006,0x0000000080019310,0x0000000000000006,0x000000008000f201,0x3fdacfd4ad8096e7,0x0000000000000000,0xfffffffffb60b2ee,0x000000000056b3b8,0x3fedd0be6c4371a2,0x0000000080004a00,0x0000000000000000,0x414fe58f55119ce0,0x412a0236921ff2e5,0x4152076ddf39c0ec,0x0000000000000000,0x0000000000000000,0x0000000000000000,0x0000000080004a00,0x0000000001baca99,0x0000000001aefaae,0x0000000001baca99,0x0000000001aefaae,0x0000000000281a73,0x0000000000000c97,0x00000000000052ef,0x0000000000000d47,0x00000000000096d0,0x0000000000d0cf63,0x00000000000016a5
1784428318416,0x000000008000589c,0x0000000080018ed0,0x0000000080007a7a,0x0000000000000000,0x00000000800191f0,0x0000000080018f20,0x0000000080019280,0x0000000080019118,0x0000000000000006,0x0000000000000003,0x0000000080019118,0x0000000080019158,0x0000000065cffe7b,0x0000000043f14ce4,0x0000000000000000,0x0000000065cfea78,0x000000000055dc95,0x3fedd0be6c4371a2,0x00000000800049c8,0x0000000000000000,0x4025772550fc5339,0x412a0236921ff2e5,0x4152076ddf39c0ec,0x402e61c980105fa6,0x0000000000000000,0x3f81c77792045d47,0x00000000800049c8,0x0000000001bb98c9,0x0000000001afc9ae,0x0000000001bb98c9,0x0000000001afc9ae,0x0000000000282af3,0x0000000000000ca0,0x00000000000052ef,0x0000000000000d47,0x00000000000096f0,0x0000000000d133a1,0x00000000000016a8
1784428319250,0x00000000800056f8,0x0000000080019060,0x0000000080007a7a,0x000000000000000f,0x0000000080019430,0x00000000800190b0,0x0000000080019548,0x000000008000f238,0x0000000000000006,0x0000000000000006,0x0000000080019310,0x0000000080019408,0x000000008000f201,0x3fdeefed5a6eee48,0x0000000000000000,0x000000006d7bd238,0x0000000000587dde,0x3fedd0be6c4371a2,0x00000000800049f0,0x0000000000000000,0x414fe58e04d013a9,0x412a02330f41f213,0x4152076cc66e978d,0x0000000000000000,0x0000000000000000,0x0000000000000000,0x00000000800049f0,0x0000000001bc5cbd,0x0000000001b08775,0x0000000001bc5cbd,0x0000000001b08775,0x0000000000283fd1,0x0000000000000ca2,0x00000000000052f1,0x0000000000000d52,0x0000000000009733,0x0000000000d191d1,0x00000000000016ab
1784428320107,0x00000000800058c6,0x0000000080018f20,0x0000000080007a7a,0x0000000000000000,0x00000000800191f0,0x0000000080019440,0x00000000800193a0,0x0000000080019070,0x000000008000f208,0x0000000000000006,0x0000000080019070,0x000000008000f208,0x0000000065cffe7b,0x0000000043f14ce4,0x0000000000000000,0x0000000065cfea78,0x000000000055dc95,0x3fedd0be6c4371a2,0x00000000800058d6,0x0000000000000000,0x4025772550fc5339,0x412a02330f41f213,0x4152076cc66e978d,0x3ff2292ec2c00000,0x0000000000000000,0x3f85a8b0cfdfb96b,0x00000000800058d6,0x0000000001bd1500,0x0000000001b140a8,0x0000000001bd1500,0x0000000001b140a8,0x0000000000284eda,0x0000000000000cab,0x00000000000052f1,0x0000000000000d52,0x0000000000009750,0x0000000000d1eb96,0x00000000000016ae
1784428320949,0x00000000800056f8,0x0000000080019060,0x0000000080007a7a,0x000000000000000f,0x0000000080019430,0x00000000800190b0,0x0000000080019548,0x000000008000f238,0x0000000000000006,0x0000000000000006,0x0000000000000005,0x000000000000001e,0x000000008000f201,0x3fdf9d32e0edec13,0x0000000000000000,0x0000000036941c7e,0x0000000000582e67,0x3fedd0be6c4371a2,0x0000000080004970,0x0000000000000000,0x414fe58f0aee6320,0x412a02384b923a2a,0x4152076928f5c28f,0x3ff0000000000000,0x0000000000000000,0x0000000000000000,0x0000000080004970,0x0000000001bdd614,0x0000000001b1fb5a,0x0000000001bdd614,0x0000000001b1fb5a,0x0000000000286321,0x0000000000000cad,0x00000000000052f4,0x0000000000000d61,0x0000000000009798,0x0000000000d24873,0x00000000000016b3
1784428321776,0x00000000800058f2,0x0000000080018ed0,0x0000000080007a7a,0x0000000000000000,0x00000000800191f0,0x0000000080018f20,0x00000000800193a0,0x00000000800194a0,0x0000000000000006,0x0000000000000003,0x0000000080018f50,0x0000000000000003,0x0000000065cffe7b,0x0000000043f14ce4,0x0000000000000000,0x0000000065cfea78,0x000000000055dc95,0x3fedd0be6c4371a2,0x0000000080004a00,0x0000000000000000,0x4025772550fc5339,0x412a02384b923a2a,0x4152076928f5c28f,0x0000000000000000,0x3f9287f43dd4dd22,0x3f9287f43dd4dd22,0x0000000080004a00,0x0000000001be918c,0x0000000001b2b76a,0x0000000001be918c,0x0000000001b2b76a,0x000000000028726d,0x0000000000000cb6,0x00000000000052f4,0x0000000000000d61,0x00000000000097be,0x0000000000d2a384,0x00000000000016b6
1784428322453,0x00000000800056f8,0x0000000080019060,0x0000000080007a7a,0x000000000000000f,0x0000000080019430,0x00000000800190b0,0x0000000080019548,0x000000008000f238,0x0000000000000006,0x0000000000000006,0x0000000080019310,0x0000000000000004,0x000000008000f201,0x3fd748bf450fa0d4,0x0000000000000000,0xfffffffff084e000,0x000000000058b205,0x3fedd0be6c4371a2,0x0000000080004988,0x0000000000000000,0x414fe59272a64c30,0x412a0237afdf3b64,0x415207685d724745,0x0000000000000000,0x0000000000000000,0x0000000000000000,0x0000000080004988,0x0000000001bf41ea,0x0000000001b361a4,0x0000000001bf41ea,0x0000000001b361a4,0x0000000000288553,0x0000000000000cb8,0x00000000000052f7,0x0000000000000d6e,0x0000000000009808,0x0000000000d2f8b9,0x00000000000016b9
1784428323254,0x00000000800058f2,0x0000000080018ed0,0x0000000080007a7a,0x0000000000000000,0x00000000800191f0,0x0000000080018f20,0x00000000800193a0,0x00000000800194a0,0x0000000000000006,0x0000000000000003,0x0000000000000000,0x0000000000000006,0x0000000065cffe7b,0x0000000043f14ce4,0x0000000000000000,0x0000000065cfea78,0x000000000055dc95,0x3fedd0be6c4371a2,0x00000000800049be,0x0000000000000000,0x4025772550fc5339,0x412a0237afdf3b64,0x415207685d724745,0x0000000000000000,0x3fc733d476943792,0x3fc733d476943792,0x00000000800049be,0x0000000001c0021f,0x0000000001b4228a,0x0000000001c0021f,0x0000000001b4228a,0x0000000000289503,0x0000000000000cc1,0x00000000000052f7,0x0000000000000d6e,0x0000000000009825,0x0000000000d35615,0x00000000000016bd
1784428324105,0x000000008000571c,0x0000000080019070,0x0000000080007a7a,0x000000000000000f,0x0000000080019310,0x00000000800190b0,0x0000000080019548,0x00000000800191f0,0x0000000000000006,0x00000000800191f0,0x0000000000000000,0x0000000000000006,0x000000008000f201,0x3fcbe119dcee81d9,0x0000000000000000,0xffffffffb74d3b80,0x0000000000595b8e,0x3fedd0be6c4371a2,0x0000000080004b54,0x0000000000000000,0x414fe58f0b126e98,0x412a022aed844d01,0x4152076ad3573eab,0x3ff0000000000000,0x0000000000000000,0x0000000000000000,0x0000000080004b54,0x0000000001c0c602,0x0000000001b4dfd8,0x0000000001c0c602,0x0000000001b4dfd8,0x000000000028a973,0x0000000000000cc3,0x00000000000052f9,0x0000000000000d79,0x000000000000986f,0x0000000000d3b432,0x00000000000016c0
1784428324931,0x00000000800058f2,0x0000000080018ed0,0x0000000080007a7a,0x0000000000000000,0x00000000800191f0,0x0000000080018f20,0x00000000800193a0,0x00000000800194a0,0x0000000000000006,0x0000000000000003,0x0000000080018f50,0x0000000080019000,0x0000000065cffe7b,0x0000000043f14ce4,0x0000000000000000,0x0000000065cfea78,0x000000000055dc95,0x3fedd0be6c4371a2,0x0000000080004984,0x0000000000000000,0x4025772550fc5339,0x412a022aed844d01,0x4152076ad3573eab,0x0000000000000000,0x0000000000000000,0x0000000000000000,0x0000000080004984,0x0000000001c18a06,0x0000000001b5a4c0,0x0000000001c18a06,0x0000000001b5a4c0,0x000000000028b981,0x0000000000000ccc,0x00000000000052f9,0x0000000000000d79,0x000000000000988f,0x0000000000d4136d,0x00000000000016c3
1784428325787,0x0000000080005744,0x0000000080019060,0x0000000080007a7a,0x000000000000000f,0x00000000800191f0,0x00000000800190b0,0x0000000080019310,0x00000000800191f0,0x0000000000000006,0x0000000000000006,0x00000000800190d0,0x0000000080019120,0x000000008000f201,0x3fc7220c2c5cb014,0x0000000000000000,0xffffffff8838f800,0x0000000000583e88,0x3fedd0be6c4371a2,0x000000008000495a,0x0000000000000000,0x414fe58dba2339c1,0x412a02242b9f559b,0x4152076df804ea4b,0x0000000000000000,0x0000000000000000,0x0000000000000000,0x000000008000495a,0x0000000001c24f76,0x0000000001b66451,0x0000000001c24f76,0x0000000001b66451,0x000000000028cdff,0x0000000000000cce,0x00000000000052fb,0x0000000000000d84,0x00000000000098df,0x0000000000d47295,0x00000000000016c6
1784428326646,0x00000000800057ae,0x0000000080018d90,0x0000000080007a7a,0x0000000000000000,0x00000000800191f0,0x0000000080018de0,0x0000000080018f50,0x000000008000f238,0x0000000000000006,0x0000000000000006,0x0000000080018df0,0x0000000080018e18,0x0000000065cffe7b,0x0000000043f14ce4,0x0000000000000000,0x0000000065cfea78,0x000000000055dc95,0x3fedd0be6c4371a2,0x00000000800049f0,0x0000000000000000,0x4025772550fc5339,0x412a02242b9f559b,0x4152076df804ea4b,0x8000000000000000,0x0000000000000000,0x0000000000000000,0x00000000800049f0,0x0000000001c31a66,0x0000000001b72f40,0x0000000001c31a66,0x0000000001b72f40,0x000000000028de95,0x0000000000000cd7,0x00000000000052fb,0x0000000000000d84,0x0000000000009905,0x0000000000d4d49c,0x00000000000016c9
1784428327457,0x00000000800066d4,0x0000000080019700,0x402a6014520d6113,0x0000000000000000,0x0000000000000000,0x00000000800199a0,0x0000000020000004,0x000000000000000a,0x000000008000f3a8,0x000000008000f3a8,0x00000000000008f7,0x00000000000008f8,0x0000000040bfbefe,0xffffffff883c49ae,0x0000000000000000,0x00000000409da6de,0x000000000057c78d,0x3fedd0be6c4371a2,0x00000000800066e4,0x0000000000000000,0x4085f1e3620f126c,0x412a02242b9f559b,0x4152076df804ea4b,0x01a56e1fc2f8f359,0x3ff0000000000000,0x4085f1e3620f126c,0x00000000800066e4,0x0000000001c3d25a,0x0000000001b7f257,0x0000000001c3d25a,0x0000000001b7f257,0x000000000028eac5,0x0000000000000cd9,0x000000000000530b,0x0000000000000d97,0x0000000000009948,0x0000000000d54aad,0x00000000000016d2
