timestamp_ms,ra,sp,t0,t1,t2,fp,a0,a1,a2,a3,a4,a5,a6,a7,t3,t4,t5,t6,pc,fs0,fa0,fa1,fa2,fa3,fa4,fa5,dpc,mcycle,minstret,cycle,instret,hpmcounter3,hpmcounter4,hpmcounter6,hpmcounter7,hpmcounter8,hpmcounter9,hpmcounter10
1784428477407,0x00000000800056f8,0x0000000080019060,0x0000000080007a7a,0x000000000000000f,0x0000000080019430,0x00000000800190b0,0x0000000080019548,0x000000008000f238,0x0000000000000006,0x0000000000000006,0x0000000080019548,0x00000000800195b8,0x000000008000f201,0x3fea1ee265011d0a,0x0000000000000000,0x000000004a44976e,0x00000000004a575f,0x3fedd0be65503670,0x00000000800049a4,0x0000000000000000,0x414fe4d3881a36e3,0x4129fe61d288ce70,0x4152074f22b1c433,0x0000000000000000,0x0000000000000000,0x0000000000000000,0x00000000800049a4,0x0000000000bf7569,0x0000000000b781e9,0x0000000000bf7569,0x0000000000b781e9,0x00000000001093fe,0x0000000000000533,0x000000000000516f,0x0000000000000597,0x00000000000048d9,0x0000000000573bb1,0x00000000000012bc
1784428478198,0x000000008000589c,0x0000000080018ed0,0x0000000080007a7a,0x0000000000000000,0x00000000800191f0,0x0000000080018f20,0x0000000080019280,0x0000000080019118,0x0000000000000006,0x0000000000000003,0x0000000000000004,0x000000000000000c,0x0000000011fd7fbe,0x0000000048b60e0e,0x0000000000000000,0x0000000011a93b9e,0x000000000055dc95,0x3fedd0be65503670,0x0000000080004992,0x0000000000000000,0x40257725522d8384,0x4129fe61d288ce70,0x4152074f22b1c433,0x0000000000000000,0x0000000000000000,0x0000000000000000,0x0000000080004992,0x0000000000c03bf3,0x0000000000b8481a,0x0000000000c03bf3,0x0000000000b8481a,0x000000000010a3c6,0x000000000000053c,0x000000000000516f,0x0000000000000597,0x000000000000491e,0x0000000000579bb2,0x00000000000012bf
1784428478935,0x00000000800056f8,0x0000000080019060,0x0000000080007a7a,0x000000000000000f,0x0000000080019430,0x00000000800190b0,0x0000000080019548,0x000000008000f238,0x0000000000000006,0x0000000000000006,0x0000000000000000,0x0000000000000012,0x000000008000f201,0x3fe8d432fd9f6447,0x0000000000000000,0x00000000333674ae,0x0000000000693efa,0x3fedd0be6231d53c,0x0000000080004976,0x0000000000000000,0x414fe4d926dfa440,0x4129fe67daee6320,0x41520752f4a71de7,0x0000000000000000,0x0000000000000000,0x0000000000000000,0x0000000080004976,0x0000000000c0ee59,0x0000000000b8f429,0x0000000000c0ee59,0x0000000000b8f429,0x000000000010b731,0x000000000000053e,0x0000000000005171,0x00000000000005a3,0x0000000000004968,0x000000000057f179,0x00000000000012c2
1784428479709,0x00000000800058c6,0x0000000080018ee0,0x0000000080007a7a,0x0000000000000000,0x00000000800191f0,0x0000000080018f20,0x00000000800193a0,0x0000000080019100,0x0000000080019070,0x0000000000000006,0x00000000800193a0,0x00000000800193b8,0x000000003297ffe3,0x00000000474b5208,0x0000000000000000,0x0000000032836fe0,0x000000000055dc95,0x3fedd0be6231d53c,0x0000000080004aca,0x0000000000000000,0x4025772551d2d482,0x4129fe67daee6320,0x41520752f4a71de7,0x401acf9715200000,0x0000000000000000,0x3f9287f43dd45550,0x0000000080004aca,0x0000000000c1b869,0x0000000000b9bdda,0x0000000000c1b869,0x0000000000b9bdda,0x000000000010c753,0x0000000000000547,0x0000000000005171,0x00000000000005a3,0x00000000000049ac,0x000000000058530a,0x00000000000012c5
1784428480476,0x00000000800056f8,0x0000000080019060,0x0000000080007a7a,0x000000000000000f,0x0000000080019430,0x00000000800190b0,0x0000000080019548,0x000000008000f238,0x0000000000000006,0x0000000000000006,0x0000000080019548,0x0000000080019660,0x000000008000f201,0x3fec083ade84380c,0x0000000000000000,0x00000000147c3538,0x00000000007946c4,0x3fedd0be60a0cafb,0x00000000800049a6,0x0000000000000000,0x414fe4d35741f213,0x4129fe7451c432ca,0x41520750b08b4396,0x3ff0000000000000,0x0000000000000000,0x0000000000000000,0x00000000800049a6,0x0000000000c27c08,0x0000000000ba7b3a,0x0000000000c27c08,0x0000000000ba7b3a,0x000000000010dc12,0x0000000000000549,0x0000000000005174,0x00000000000005b3,0x00000000000049ee,0x000000000058b120,0x00000000000012c8
1784428481206,0x00000000800058f2,0x0000000080018ed0,0x0000000080007a7a,0x0000000000000000,0x00000000800191f0,0x0000000080018f20,0x00000000800193a0,0x00000000800194a0,0x0000000000000006,0x0000000000000003,0x0000000000000000,0x0000000000000006,0x0000000008b6f2bf,0x000000004631474c,0x0000000000000000,0x00000000088660b8,0x000000000055dc95,0x3fedd0be60a0cafb,0x00000000800049d6,0x0000000000000000,0x40257725518c51d3,0x4129fe7451c432ca,0x41520750b08b4396,0x3fc733d476962280,0x0000000000000000,0x0000000000000000,0x00000000800049d6,0x0000000000c33463,0x0000000000bb33bd,0x0000000000c33463,0x0000000000bb33bd,0x000000000010eb0f,0x0000000000000552,0x0000000000005174,0x00000000000005b3,0x0000000000004a31,0x0000000000590a85,0x00000000000012cb
1784428482013,0x00000000800056f8,0x0000000080019060,0x0000000080007a7a,0x000000000000000f,0x0000000080019430,0x00000000800190b0,0x0000000080019548,0x000000008000f238,0x0000000000000006,0x0000000000000006,0x0000000000000000,0x0000000000000006,0x000000008000f201,0x3febd96855e9b475,0x0000000000000000,0xffffffff9e0e947e,0x00000000007eee58,0x3fedd0be603a78ea,0x0000000080004a26,0x0000000000000000,0x414fe4d5344d013b,0x4129fe6e475f6fd2,0x41520751101d7dbf,0x3ff0000000000000,0x3fedd0be603a78ea,0x3ff117a2f2ff6e4a,0x0000000080004a26,0x0000000000c3ece7,0x0000000000bbe613,0x0000000000c3ece7,0x0000000000bbe613,0x000000000010fe9b,0x0000000000000554,0x0000000000005177,0x00000000000005c2,0x0000000000004a7f,0x0000000000596393,0x00000000000012ce
1784428482854,0x00000000800058f2,0x0000000080018ed0,0x0000000080007a7a,0x0000000000000000,0x00000000800191f0,0x0000000080018f20,0x00000000800193a0,0x00000000800194a0,0x0000000000000006,0x0000000000000003,0x0000000000000004,0x0000000000000006,0x00000000567febea,0x00000000455b0ec8,0x0000000000000000,0x00000000567ac1e0,0x000000000055dc95,0x3fedd0be603a78ea,0x00000000800049d6,0x0000000000000000,0x402577255156c3b2,0x4129fe6e475f6fd2,0x41520751101d7dbf,0x0000000000000000,0x0000000000000000,0x0000000000000000,0x00000000800049d6,0x0000000000c4c174,0x0000000000bcba99,0x0000000000c4c174,0x0000000000bcba99,0x0000000000110fe5,0x000000000000055d,0x0000000000005177,0x00000000000005c2,0x0000000000004ac3,0x000000000059ca0a,0x00000000000012d1
1784428483654,0x0000000080005744,0x0000000080019060,0x0000000080007a7a,0x000000000000000f,0x00000000800191f0,0x00000000800190b0,0x0000000080019310,0x00000000800191f0,0x0000000000000006,0x0000000000000006,0x00000000800190d0,0x0000000080019118,0x000000008000f201,0x3febe05011d6b4be,0x0000000000000000,0xffffffffc3a13c3e,0x000000000052463d,0x3fedd0be60ac1b70,0x0000000080004982,0x0000000000000000,0x414fe4d56b46dc5d,0x4129fe801288ce70,0x4152074f072fec57,0x3fb85cd8e2c6bb7c,0x0000000000000000,0x0000000000000000,0x0000000080004982,0x0000000000c58065,0x0000000000bd738f,0x0000000000c58065,0x0000000000bd738f,0x00000000001123d5,0x000000000000055f,0x0000000000005179,0x00000000000005cd,0x0000000000004b17,0x00000000005a262d,0x00000000000012d4
1784428484496,0x00000000800057ae,0x0000000080018d90,0x0000000080007a7a,0x0000000000000000,0x00000000800191f0,0x0000000080018de0,0x0000000080018f50,0x000000008000f238,0x0000000000000006,0x0000000000000006,0x0000000000000000,0x0000000000000006,0x000000003d79e3ef,0x0000000044bcf85a,0x0000000000000000,0x000000003d70c02e,0x000000000055dc95,0x3fedd0be60ac1b70,0x00000000800049d6,0x0000000000000000,0x40257725512f3e17,0x4129fe801288ce70,0x4152074f072fec57,0x8000000000000000,0x0000000000000000,0x8000000000000000,0x00000000800049d6,0x0000000000c647ae,0x0000000000be3a89,0x0000000000c647ae,0x0000000000be3a89,0x0000000000113413,0x0000000000000568,0x0000000000005179,0x00000000000005cd,0x0000000000004b57,0x00000000005a865d,0x00000000000012d7
1784428485356,0x0000000080005744,0x0000000080019060,0x0000000080007a7a,0x000000000000000f,0x00000000800191f0,0x00000000800190b0,0x0000000080019310,0x00000000800191f0,0x0000000000000006,0x0000000000000006,0x00000000800191f0,0x00000000000000d0,0x000000008000f201,0x3fe9368c854d5a41,0x0000000000000000,0x000000007ce748ee,0x0000000000473b72,0x3fedd0be61b18094,0x00000000800049c4,0x0000000000000000,0x414fe4d7d2b9f55a,0x4129fe8a7f972474,0x415207571e7381d8,0x0000000000000000,0x3fe185d1eca722e0,0x3fe185d1eca722e0,0x00000000800049c4,0x0000000000c708c3,0x0000000000bef530,0x0000000000c708c3,0x0000000000bef530,0x000000000011483d,0x000000000000056a,0x000000000000517b,0x00000000000005d8,0x0000000000004ba2,0x00000000005ae35a,0x00000000000012da
1784428486141,0x00000000800057ae,0x0000000080018d90,0x0000000080007a7a,0x0000000000000000,0x00000000800191f0,0x0000000080018de0,0x0000000080018f50,0x000000008000f238,0x0000000000000006,0x0000000000000006,0x0000000080018df0,0x0000000080018df8,0x000000005fafdceb,0x00000000444c93a8,0x0000000000000000,0x000000005f8ad0e0,0x000000000055dc95,0x3fedd0be61b18094,0x00000000800049f0,0x0000000000000000,0x40257725511324ea,0x4129fe8a7f972474,0x415207571e7381d8,0x8000000000000000,0x3fdcf46da09cf728,0x3fdcf46da09cf728,0x00000000800049f0,0x0000000000c7bd61,0x0000000000bfa9a5,0x0000000000c7bd61,0x0000000000bfa9a5,0x00000000001156fe,0x0000000000000573,0x000000000000517b,0x00000000000005d8,0x0000000000004be7,0x00000000005b3ab1,0x00000000000012dd
1784428486995,0x0000000080005744,0x0000000080019060,0x0000000080007a7a,0x000000000000000f,0x00000000800191f0,0x00000000800190b0,0x0000000080019310,0x00000000800191f0,0x0000000000000006,0x0000000000000006,0x00000000800190d0,0x0000000000000004,0x000000008000f201,0x3ff028638a53f09b,0x0000000000000000,0xffffffffa1c99cae,0x00000000006c6540,0x3fedd0be631396b9,0x00000000800049f8,0x0000000000000000,0x414fe4d03a3d70a4,0x4129fe78db645a1d,0x4152074c99d7dbf5,0x3fb85cd8e2c6a24d,0x0000000000000000,0x0000000000000000,0x00000000800049f8,0x0000000000c8822c,0x0000000000c06824,0x0000000000c8822c,0x0000000000c06824,0x0000000000116b7a,0x0000000000000575,0x000000000000517e,0x00000000000005e7,0x0000000000004c30,0x00000000005b9973,0x00000000000012e0
1784428487856,0x00000000800057ae,0x0000000080018d90,0x0000000080007a7a,0x0000000000000000,0x00000000800191f0,0x0000000080018de0,0x0000000080018f50,0x000000008000f238,0x0000000000000006,0x0000000000000006,0x000000008000f238,0x000000008000f268,0xffffffffa925bdfe,0x000000004400b366,0x0000000000000000,0xffffffffa92419ae,0x000000000055dc95,0x3fedd0be631396b9,0x00000000800049c8,0x0000000000000000,0x4025772551002cda,0x4129fe78db645a1d,0x4152074c99d7dbf5,0x8000000000000000,0x0000000000000000,0x3fe1aec7af36ac07,0x00000000800049c8,0x0000000000c9441d,0x0000000000c1298f,0x0000000000c9441d,0x0000000000c1298f,0x0000000000117b4b,0x000000000000057e,0x000000000000517e,0x00000000000005e7,0x0000000000004c72,0x00000000005bf6db,0x00000000000012e3
1784428488667,0x0000000080005744,0x0000000080019060,0x0000000080007a7a,0x000000000000000f,0x00000000800191f0,0x00000000800190b0,0x0000000080019310,0x00000000800191f0,0x0000000000000006,0x0000000000000006,0x00000000800191f0,0x00000000800192c8,0x000000008000f201,0x3fe9a2e58c3240fc,0x0000000000000000,0xffffffffe6e106e0,0x00000000004f1f62,0x3fedd0be64a6e921,0x00000000800049c6,0x0000000000000000,0x414fe4d428f5c28f,0x4129fe7c61b089a0,0x4152074e8ad77319,0x3fedd0be64a6e923,0x0000000000000000,0x0000000000000000,0x00000000800049c6,0x0000000000ca09fd,0x0000000000c1e8ef,0x0000000000ca09fd,0x0000000000c1e8ef,0x0000000000118fe0,0x0000000000000580,0x0000000000005181,0x00000000000005f4,0x0000000000004cc6,0x00000000005c5603,0x00000000000012e6
1784428489515,0x00000000800057ae,0x0000000080018d90,0x0000000080007a7a,0x0000000000000000,0x00000000800191f0,0x0000000080018de0,0x0000000080018f50,0x000000008000f238,0x0000000000000006,0x0000000000000006,0x0000000080018df0,0x0000000080018ec8,0xffffffffea67ab7e,0x0000000043d165ee,0x0000000000000000,0xffffffffea672b5e,0x000000000055dc95,0x3fedd0be64a6e921,0x00000000800049f2,0x0000000000000000,0x4025772550f4597c,0x4129fe7c61b089a0,0x4152074e8ad77319,0x8000000000000000,0x0000000000000000,0x0000000000000000,0x00000000800049f2,0x0000000000cad173,0x0000000000c2b031,0x0000000000cad173,0x0000000000c2b031,0x000000000011a02f,0x0000000000000589,0x0000000000005181,0x00000000000005f4,0x0000000000004d00,0x00000000005cb63c,0x00000000000012e9
1784428490350,0x000000008000575e,0x0000000080019070,0x0000000080007a7a,0x000000000000000f,0x00000000800191f0,0x00000000800190b0,0x00000000800190d0,0x00000000800002d0,0x000000008000f238,0x0000000000000006,0x0000000000000004,0x0000000000000006,0x000000008000f201,0x3fe5ea16b28ed051,0x0000000000000000,0xffffffffde634db8,0x00000000005fc92a,0x3fedd0be664a1b25,0x0000000080004c04,0x0000000000000000,0x414fe4cee2474539,0x4129fe7867c84b5e,0x41520753270d844d,0x3fc17a1e1ada22e5,0x402e601496c10774,0x402e61c97edc55f6,0x0000000080004c04,0x0000000000cb89c9,0x0000000000c36244,0x0000000000cb89c9,0x0000000000c36244,0x000000000011b3a4,0x000000000000058b,0x0000000000005183,0x00000000000005ff,0x0000000000004d48,0x00000000005d0f30,0x00000000000012ec
1784428491095,0x00000000800057ae,0x0000000080018d90,0x0000000080007a7a,0x0000000000000000,0x00000000800191f0,0x0000000080018de0,0x0000000080018f50,0x000000008000f238,0x0000000000000006,0x0000000000000006,0x0000000000000004,0x0000000000000003,0xfffffffffabf6f9e,0x0000000043b7e60e,0x0000000000000000,0xfffffffffa9f6b9e,0x000000000055dc95,0x3fedd0be664a1b25,0x0000000080004966,0x0000000000000000,0x4025772550edf984,0x4129fe7867c84b5e,0x41520753270d844d,0x3ff0000000000000,0x0000000000000000,0x0000000000000000,0x0000000080004966,0x0000000000cc3ad5,0x0000000000c413c0,0x0000000000cc3ad5,0x0000000000c413c0,0x000000000011c227,0x0000000000000594,0x0000000000005183,0x00000000000005ff,0x0000000000004d76,0x00000000005d652d,0x00000000000012ef
1784428491946,0x0000000080005744,0x0000000080019060,0x0000000080007a7a,0x000000000000000f,0x00000000800191f0,0x00000000800190b0,0x0000000080019310,0x00000000800191f0,0x0000000000000006,0x0000000000000006,0x00000000800190d0,0x00000000800191e8,0x000000008000f201,0x3fe7fa33a52e30cc,0x0000000000000000,0xffffffffe3019a78,0x00000000005146c4,0x3fedd0be67e46f0e,0x00000000800049f0,0x0000000000000000,0x414fe4d080be0ded,0x4129fe739ef9db23,0x4152074b6f06f694,0x0000000000000000,0x0000000000000000,0x0000000000000000,0x00000000800049f0,0x0000000000ccf8d9,0x0000000000c4cb8a,0x0000000000ccf8d9,0x0000000000c4cb8a,0x000000000011d621,0x0000000000000596,0x0000000000005185,0x000000000000060a,0x0000000000004dcb,0x00000000005dc0ba,0x00000000000012f2
1784428492801,0x00000000800057ae,0x0000000080018d90,0x0000000080007a7a,0x0000000000000000,0x00000000800191f0,0x0000000080018de0,0x0000000080018f50,0x000000008000f238,0x0000000000000006,0x0000000000000006,0x0000000080018f50,0x0000000080019030,0xffffffffe9bd72ef,0x0000000043ae861a,0x0000000000000000,0xffffffffe93462ae,0x000000000055dc95,0x3fedd0be67e46f0e,0x00000000800049a4,0x0000000000000000,0x4025772550eba187,0x4129fe739ef9db23,0x4152074b6f06f694,0x8000000000000000,0x0000000000000000,0x0000000000000000,0x00000000800049a4,0x0000000000cdbc0e,0x0000000000c58e93,0x0000000000cdbc0e,0x0000000000c58e93,0x000000000011e610,0x000000000000059f,0x0000000000005185,0x000000000000060a,0x0000000000004e00,0x00000000005e1f02,0x00000000000012f6
1784428493661,0x0000000080005820,0x0000000080018ed0,0x0000000080007a7a,0x000000000000000f,0x00000000800191f0,0x0000000080018f20,0x000000008000f238,0x0000000080019310,0x0000000000000006,0x0000000000000006,0x0000000000000001,0x0000000000000006,0x000000008000f201,0x3fe056d65ce47d46,0x0000000000000000,0x000000000e69041e,0x0000000000666c38,0x3fedd0be69646230,0x0000000080004998,0x0000000000000000,0x414fe4d059eb851f,0x4129fe77683e425b,0x415207524bd8adac,0x3fe1aec7af36ff69,0x3fe1aec7af36ff69,0x3fe1aec7af36ff69,0x0000000080004998,0x0000000000ce7f20,0x0000000000c64c2b,0x0000000000ce7f20,0x0000000000c64c2b,0x000000000011fa5c,0x00000000000005a1,0x0000000000005188,0x0000000000000619,0x0000000000004e47,0x00000000005e7d6e,0x00000000000012f9
1784428494498,0x00000000800057ae,0x0000000080018d90,0x0000000080007a7a,0x0000000000000000,0x00000000800191f0,0x0000000080018de0,0x0000000080018f50,0x000000008000f238,0x0000000000000006,0x0000000000000006,0x0000000000000002,0x0000000000000008,0xffffffffd07dfbcf,0x0000000043b09776,0x0000000000000000,0xffffffffd011cace,0x000000000055dc95,0x3fedd0be69646230,0x00000000800049be,0x0000000000000000,0x4025772550ec25de,0x4129fe77683e425b,0x415207524bd8adac,0x8000000000000000,0x0000000000000000,0x0000000000000000,0x00000000800049be,0x0000000000cf3ce9,0x0000000000c708fe,0x0000000000cf3ce9,0x0000000000c708fe,0x00000000001209e7,0x00000000000005aa,0x0000000000005188,0x0000000000000619,0x0000000000004e8b,0x00000000005ed8b6,0x00000000000012fc
1784428495314,0x0000000080005820,0x0000000080018ed0,0x0000000080007a7a,0x000000000000000f,0x00000000800191f0,0x0000000080018f20,0x000000008000f238,0x0000000080019310,0x0000000000000006,0x0000000000000006,0x0000000000000003,0x0000000000000003,0x000000008000f201,0x3fe1bd93f3ef0e85,0x0000000000000000,0x000000001a19ce00,0x00000000007d5e95,0x3fedd0be6abe6493,0x00000000800049d6,0x0000000000000000,0x414fe4d5b648e8a7,0x4129fe6a3a43fe5d,0x4152074c740d1b71,0x3fbaec350bbb6db4,0x0000000000000000,0x0000000000000000,0x00000000800049d6,0x0000000000cfffb0,0x0000000000c7c628,0x0000000000cfffb0,0x0000000000c7c628,0x0000000000121e2b,0x00000000000005ac,0x000000000000518b,0x0000000000000628,0x0000000000004ed6,0x00000000005f36e0,0x0000000000001300
1784428496168,0x0000000080006260,0x0000000080019230,0x402a6014512efe2c,0x0000000000000000,0x0000000000000000,0x0000000080019440,0x0000000080019698,0x00000000800194a0,0x000000008000f238,0x00000000800003f0,0x000000008000f238,0x0000000000000004,0xffffffffacb47af9,0xffffffffd9b6c144,0x0000000000000000,0xffffffffacb432f8,0x00000000005c64c6,0x3fedd0be6bebb065,0x0000000080005c14,0x0000000000000000,0x40371931b66db051,0x4129fe6a3a43fe5d,0x4152074c740d1b71,0x01a56e1fc2f8f359,0x0000000000000000,0x0000000000000000,0x0000000080005c14,0x0000000000d0c323,0x0000000000c88816,0x0000000000d0c323,0x0000000000c88816,0x0000000000122ea4,0x00000000000005b5,0x000000000000518b,0x0000000000000628,0x0000000000004f31,0x00000000005f95f5,0x0000000000001303
1784428497003,0x0000000080005820,0x0000000080018f20,0x0000000080007a7a,0x000000000000000f,0x00000000800191f0,0x0000000080019440,0x000000008000f238,0x0000000080019310,0x0000000000000006,0x0000000000000006,0x0000000000000006,0x0000000000000006,0x000000008000f201,0x3fd7a59178bff459,0x0000000000000000,0x000000001f7814f8,0x0000000000622d5d,0x3fedd0be6bebb065,0x0000000080005820,0x0000000000000000,0x414fe4d28504816f,0x4129fe6f6d773190,0x41520752f7851eb8,0x3fc2c1cc30246ba0,0x3ff12c1ddab2b792,0x3ff12c1ddab2b792,0x0000000080005820,0x0000000000d1837e,0x0000000000c94333,0x0000000000d1837e,0x0000000000c94333,0x0000000000124238,0x00000000000005b7,0x000000000000518d,0x0000000000000633,0x0000000000004f63,0x00000000005ff1be,0x0000000000001306
1784428497856,0x0000000080006260,0x0000000080019230,0x402a601451691cfd,0x0000000000000000,0x0000000000000000,0x0000000080019440,0x0000000080019698,0x00000000800194a0,0x000000008000f238,0x00000000800003f0,0x0000000000000001,0x0000000000000002,0xffffffffd87dffbe,0x000000003684d35e,0x0000000000000000,0xffffffffd845f4be,0x0000000000496682,0x3fedd0be6ce94306,0x0000000080005bbe,0x0000000000000000,0x402259a08da134d8,0x4129fe6f6d773190,0x41520752f7851eb8,0x01a56e1fc2f8f359,0x0000000000000000,0x0000000000000000,0x0000000080005bbe,0x0000000000d240e4,0x0000000000c9fe81,0x0000000000d240e4,0x0000000000c9fe81,0x00000000001252ef,0x00000000000005c0,0x000000000000518d,0x0000000000000633,0x0000000000004fba,0x0000000000604e77,0x0000000000001309
1784428498707,0x000000008000583a,0x0000000080018ed0,0x0000000080007a7a,0x000000000000000f,0x00000000800191f0,0x0000000080018f20,0x00000000800194a0,0x000000008000f238,0x0000000000000003,0x0000000000000006,0x00000000800191f0,0x0000000080019228,0x000000008000f201,0x3fdcb068ed7df5c5,0x0000000000000000,0x00000000256eee00,0x00000000004b2972,0x3fedd0be6ce94306,0x0000000080004982,0x0000000000000000,0x414fe4d2d20f9097,0x4129fe7b0d1b7176,0x4152075605bc01a3,0x0000000000000000,0x0000000000000000,0x0000000000000000,0x0000000080004982,0x0000000000d305ff,0x0000000000cabebe,0x0000000000d305ff,0x0000000000cabebe,0x0000000000126625,0x00000000000005c2,0x000000000000518f,0x000000000000063d,0x0000000000004fe7,0x000000000060abf9,0x000000000000130c
1784428499516,0x0000000080006260,0x0000000080019230,0x402a601451aca63d,0x0000000000000000,0x0000000000000000,0x0000000080019440,0x0000000080019698,0x00000000800194a0,0x000000008000f238,0x00000000800003f0,0x0000000000000002,0x0000000000000008,0x00000000567b4f5f,0xffffffffebcf9bb6,0x0000000000000000,0x00000000567b0d4e,0x00000000004f5bdf,0x3fedd0be6db6f839,0x0000000080005d46,0x0000000000000000,0x4033d6f7faf3e6ee,0x4129fe7b0d1b7176,0x4152075605bc01a3,0x01a56e1fc2f8f359,0x4059000000000000,0x402a601451aca63d,0x0000000080005d46,0x0000000000d3cbd4,0x0000000000cb80d7,0x0000000000d3cbd4,0x0000000000cb80d7,0x00000000001279c3,0x00000000000005cb,0x000000000000518f,0x000000000000063e,0x000000000000503b,0x0000000000610e24,0x000000000000130f
1784428500357,0x000000008000583a,0x0000000080018ed0,0x0000000080007a7a,0x000000000000000f,0x00000000800191f0,0x0000000080018f20,0x00000000800194a0,0x000000008000f238,0x0000000000000003,0x0000000000000006,0x00000000800191f0,0x0000000080019278,0x000000008000f201,0x3fe40b2d27419be4,0x0000000000000000,0xffffffffdd2ad7ce,0x000000000079482e,0x3fedd0be6db6f839,0x00000000800049f0,0x0000000000000000,0x414fe4d40a5119ce,0x4129fe6419f559b4,0x415207526d61e4f7,0x0000000000000000,0x0000000000000000,0x0000000000000000,0x00000000800049f0,0x0000000000d48bb5,0x0000000000cc3e05,0x0000000000d48bb5,0x0000000000cc3e05,0x0000000000128a5d,0x00000000000005cd,0x0000000000005192,0x000000000000064c,0x000000000000505f,0x00000000006167fd,0x0000000000001312
1784428501200,0x00000000800056f8,0x0000000080019060,0x0000000080007a7a,0x000000000000000f,0x0000000080019430,0x00000000800190b0,0x0000000080019548,0x000000008000f238,0x0000000000000006,0x0000000000000006,0x0000000000000000,0x0000000000000006,0x000000008000f201,0x3fe4844ee57727dd,0x0000000000000000,0xffffffffc6788dbe,0x000000000055f120,0x3fedd0be6e56c69f,0x000000008000496c,0x0000000000000000,0x414fe4d54b9f559b,0x4129fe706113404f,0x415207552b573eab,0x0000000000000000,0x3fe185d1eca75f1e,0x3fe185d1eca75f1e,0x000000008000496c,0x0000000000d55152,0x0000000000ccfed2,0x0000000000d55152,0x0000000000ccfed2,0x0000000000129f38,0x00000000000005d8,0x0000000000005195,0x0000000000000659,0x00000000000050d9,0x000000000061ca3c,0x0000000000001315
1784428501786,0x000000008000583a,0x0000000080018ed0,0x0000000080007a7a,0x000000000000000f,0x00000000800191f0,0x0000000080018f20,0x00000000800194a0,0x000000008000f238,0x0000000000000003,0x0000000000000006,0x0000000000000001,0x0000000000000006,0x000000008000f201,0x3fe4844ee57727dd,0x0000000000000000,0xffffffffc6788dbe,0x000000000055f120,0x3fedd0be6e56c69f,0x000000008000498e,0x0000000000000000,0x414fe4d54b9f559b,0x4129fe706113404f,0x415207552b573eab,0x0000000000000000,0x0000000000000000,0x0000000000000000,0x000000008000498e,0x0000000000d5f906,0x0000000000cda5a6,0x0000000000d5f906,0x0000000000cda5a6,0x000000000012acaa,0x00000000000005d8,0x0000000000005195,0x0000000000000659,0x00000000000050e0,0x00000000006218d3,0x0000000000001318
1784428502559,0x0000000080009fc2,0x0000000080019420,0x402a60145235c3b6,0x0000000000707d20,0x0000000000000000,0x0000000080019700,0x0000000000707d40,0x0000000000000010,0x00000000007c3682,0x0000000000000003,0x0000000000383ea0,0xfffffffffd600000,0x0000000000000000,0x0000000000000005,0x0000000000000000,0xffffffffd3e85bbe,0x0000000000717506,0x3fedd0be6ecc1bbb,0x000000008000a0b6,0x4068b6fa2a985fac,0x4068b6fa2a985fac,0x4129fe706113404f,0x415207552b573eab,0x4023572474500000,0x405a0d23242ecaa2,0x4068b6fa2a985fac,0x000000008000a0b6,0x0000000000d6be4e,0x0000000000ce6595,0x0000000000d6be4e,0x0000000000ce6595,0x000000000012c1b1,0x00000000000005e3,0x0000000000005195,0x000000000000065a,0x000000000000514f,0x00000000006279fa,0x000000000000131b
1784428503346,0x000000008000583a,0x0000000080018ed0,0x0000000080007a7a,0x000000000000000f,0x00000000800191f0,0x0000000080018f20,0x00000000800194a0,0x000000008000f238,0x0000000000000003,0x0000000000000006,0x00000000800191f0,0x0000000080019248,0x000000008000f201,0x3fe801b1f3e185ac,0x0000000000000000,0x00000000638b52f8,0x0000000000707d63,0x3fedd0be6ecc1bbb,0x00000000800049f0,0x0000000000000000,0x414fe4cfca05bc02,0x4129fe6ff35a8588,0x41520756e03afb7f,0x0000000000000000,0x0000000000000000,0x0000000000000000,0x00000000800049f0,0x0000000000d770b3,0x0000000000cf166a,0x0000000000d770b3,0x0000000000cf166a,0x000000000012cfb6,0x00000000000005e3,0x0000000000005197,0x0000000000000664,0x0000000000005171,0x000000000062ce0d,0x000000000000131f
1784428504141,0x0000000080009fc2,0x0000000080019420,0x402a60145272ceaf,0x00000000007fc210,0x0000000000000000,0x0000000080019700,0x00000000007fc200,0x0000000000000008,0x0000000000bebf2f,0x0000000000000003,0x00000000003fe100,0x000000000d400000,0x0000000000000001,0x0000000000000004,0x0000000000000000,0x0000000000a9c51e,0x000000000042e959,0x3fedd0be6f1b5529,0x000000008000a0b6,0x406fe1136df2f0d4,0x406fe1136df2f0d4,0x4129fe6ff35a8588,0x41520756e03afb7f,0x402fa83126f00000,0x4011f805c3b32ccf,0x406fe1136df2f0d4,0x000000008000a0b6,0x0000000000d83531,0x0000000000cfd5b7,0x0000000000d83531,0x0000000000cfd5b7,0x000000000012e4b7,0x00000000000005ee,0x0000000000005197,0x0000000000000665,0x00000000000051d4,0x0000000000632ebb,0x0000000000001322
1784428504968,0x0000000080005850,0x0000000080018ed0,0x0000000080007a7a,0x000000000000000f,0x00000000800191f0,0x0000000080018f20,0x00000000800191f0,0x0000000080019310,0x0000000000000003,0x0000000000000006,0x0000000000000000,0x0000000000000006,0x000000008000f201,0x3fecd90ba8258e5d,0x0000000000000000,0x000000000cdabf80,0x00000000007fc217,0x3fedd0be6f1b5529,0x00000000800049be,0x0000000000000000,0x414fe4d22b0be0df,0x4129fe716b295e9e,0x415207555a809d49,0x401623e8e4796ae5,0x0000000000000000,0x0000000000000000,0x00000000800049be,0x0000000000d8f67e,0x0000000000d095ad,0x0000000000d8f67e,0x0000000000d095ad,0x000000000012f3f2,0x00000000000005ee,0x0000000000005199,0x0000000000000671,0x00000000000051f0,0x00000000006389ef,0x0000000000001325
1784428505770,0x00000000800056f8,0x0000000080019060,0x0000000080007a7a,0x000000000000000f,0x0000000080019430,0x00000000800190b0,0x0000000080019548,0x000000008000f238,0x0000000000000006,0x0000000000000006,0x0000000080019310,0x0000000080019380,0x000000008000f201,0x3feef75996b55729,0x0000000000000000,0xfffffffff6a92638,0x0000000000543ed6,0x3fedd0be6f495447,0x00000000800049f0,0x0000000000000000,0x414fe4cbea4a8c15,0x4129fe6c4e147ae1,0x4152075582161e4f,0x0000000000000000,0x0000000000000000,0x0000000000000000,0x00000000800049f0,0x0000000000d9c86d,0x0000000000d1628a,0x0000000000d9c86d,0x0000000000d1628a,0x00000000001309d5,0x00000000000005f9,0x000000000000519c,0x0000000000000680,0x000000000000526e,0x000000000063f1cd,0x0000000000001328
1784428506621,0x0000000080009fc2,0x0000000080018dc0,0x0000000080007a7a,0x0000000000000020,0x00000000800191f0,0x0000000080018e40,0x000000000055dc95,0xffffffffa2110ec0,0x00000000000ee709,0x0000000000000003,0x00000000002aee4a,0xffffffff904d3380,0x0000000044221da0,0x0000000044221d80,0x0000000000000006,0x0000000044221da0,0x000000000055dc95,0x3fedd0be6f495447,0x000000008000a0f4,0x405ccc393022caa3,0x405ccc393022caa3,0x4129fe6c4e147ae1,0x4152075582161e4f,0x01a56e1fc2f8f359,0x0000000000000000,0x405ccc393022caa3,0x000000008000a0f4,0x0000000000da82e2,0x0000000000d21d5c,0x0000000000da82e2,0x0000000000d21d5c,0x000000000013184b,0x00000000000005fc,0x000000000000519c,0x0000000000000680,0x00000000000052a0,0x0000000000644ca3,0x000000000000132b
1784428507488,0x00000000800056f8,0x0000000080019060,0x0000000080007a7a,0x000000000000000f,0x0000000080019430,0x00000000800190b0,0x0000000080019548,0x000000008000f238,0x0000000000000006,0x0000000000000006,0x0000000000000005,0x0000000000000006,0x000000008000f201,0x3ff059bdf55f2861,0x0000000000000000,0x0000000034ccace0,0x00000000005ddc92,0x3fedd0be6f5b2958,0x00000000800049b0,0x0000000000000000,0x414fe4ceee631f8a,0x4129fe68a36e2eb2,0x415207548b7ced91,0x0000000000000000,0x0000000000000000,0x0000000000000000,0x00000000800049b0,0x0000000000db4e5e,0x0000000000d2e1b6,0x0000000000db4e5e,0x0000000000d2e1b6,0x0000000000132e0e,0x0000000000000604,0x000000000000519f,0x000000000000068f,0x00000000000052f2,0x000000000064addd,0x000000000000132e
1784428508283,0x00000000800058f2,0x0000000080018ed0,0x0000000080007a7a,0x0000000000000000,0x00000000800191f0,0x0000000080018f20,0x00000000800193a0,0x00000000800194a0,0x0000000000000006,0x0000000000000003,0x0000000000000004,0x0000000000000004,0xffffffff8db0f97f,0x00000000442a645a,0x0000000000000000,0xffffffff8d90c82e,0x000000000055dc95,0x3fedd0be6f5b2958,0x00000000800049e4,0x0000000000000000,0x40257725510a9917,0x4129fe68a36e2eb2,0x415207548b7ced91,0x0000000000000000,0x0000000000000000,0x0000000000000000,0x00000000800049e4,0x0000000000dc17df,0x0000000000d3ab68,0x0000000000dc17df,0x0000000000d3ab68,0x0000000000133e78,0x000000000000060d,0x000000000000519f,0x000000000000068f,0x0000000000005329,0x0000000000650f56,0x0000000000001331
1784428509094,0x00000000800056f8,0x0000000080019060,0x0000000080007a7a,0x000000000000000f,0x0000000080019430,0x00000000800190b0,0x0000000080019548,0x000000008000f238,0x0000000000000006,0x0000000000000006,0x0000000000000000,0x0000000000000000,0x000000008000f201,0x3ff06079a273d9ff,0x0000000000000000,0xffffffff8276fd78,0x00000000006f6aed,0x3fedd0be6f55d326,0x00000000800049b4,0x0000000000000000,0x414fe4cf4a8f5c29,0x4129fe7fcfec56d6,0x41520755faa161e5,0x0000000000000000,0x0000000000000000,0x0000000000000000,0x00000000800049b4,0x0000000000dcce7c,0x0000000000d45bc2,0x0000000000dcce7c,0x0000000000d45bc2,0x00000000001351d8,0x000000000000060f,0x00000000000051a2,0x000000000000069f,0x0000000000005372,0x0000000000656784,0x0000000000001334
1784428509903,0x000000008000589c,0x0000000080018ed0,0x0000000080007a7a,0x0000000000000000,0x00000000800191f0,0x0000000080018f20,0x0000000080019280,0x0000000080019118,0x0000000000000006,0x0000000000000003,0x0000000080019118,0x0000000080019120,0xffffffffd7d1fcff,0x0000000044304dc2,0x0000000000000000,0xffffffffd7d0dc7e,0x000000000055dc95,0x3fedd0be6f55d326,0x00000000800049c6,0x0000000000000000,0x40257725510c1371,0x4129fe7fcfec56d6,0x41520755faa161e5,0x401623e8e47948e9,0x0000000000000000,0x0000000000000000,0x00000000800049c6,0x0000000000dd7818,0x0000000000d50585,0x0000000000dd7818,0x0000000000d50585,0x0000000000135f4b,0x0000000000000618,0x00000000000051a2,0x000000000000069f,0x00000000000053a7,0x000000000065ba3f,0x0000000000001337
1784428510738,0x00000000800056f8,0x0000000080019060,0x0000000080007a7a,0x000000000000000f,0x0000000080019430,0x00000000800190b0,0x0000000080019548,0x000000008000f238,0x0000000000000006,0x0000000000000006,0x000000008000f238,0x000000008000f2d0,0x000000008000f201,0x3ff11a300c707c0c,0x0000000000000000,0xffffffffcff85f7e,0x00000000005d2327,0x3fedd0be6f3e1017,0x00000000800049c8,0x0000000000000000,0x414fe4cd69fbe76d,0x4129fe6dd25460aa,0x4152075368504817,0x0000000000000000,0x0000000000000000,0x0000000000000000,0x00000000800049c8,0x0000000000de3e20,0x0000000000d5c553,0x0000000000de3e20,0x0000000000d5c553,0x000000000013744a,0x000000000000061a,0x00000000000051a4,0x00000000000006aa,0x00000000000053f7,0x000000000066194e,0x000000000000133a
1784428511581,0x00000000800058f2,0x0000000080018ed0,0x0000000080007a7a,0x0000000000000000,0x00000000800191f0,0x0000000080018f20,0x00000000800193a0,0x00000000800194a0,0x0000000000000006,0x0000000000000003,0x0000000080018f50,0x0000000080018f78,0x000000005a7fbe6f,0x000000004434026a,0x0000000000000000,0x000000005a75160e,0x000000000055dc95,0x3fedd0be6f3e1017,0x00000000800049fc,0x0000000000000000,0x40257725510d009b,0x4129fe6dd25460aa,0x4152075368504817,0x0000000000000000,0x0000000000000000,0x0000000000000000,0x00000000800049fc,0x0000000000df04a6,0x0000000000d68c4c,0x0000000000df04a6,0x0000000000d68c4c,0x0000000000138482,0x0000000000000623,0x00000000000051a4,0x00000000000006aa,0x0000000000005420,0x0000000000667966,0x000000000000133d
1784428512411,0x0000000080005744,0x0000000080019060,0x0000000080007a7a,0x000000000000000f,0x00000000800191f0,0x00000000800190b0,0x0000000080019310,0x00000000800191f0,0x0000000000000006,0x0000000000000006,0x0000000000000000,0x0000000000000006,0x000000008000f201,0x3ff00a0e779088c4,0x0000000000000000,0xffffffff9d7741ee,0x000000000063985c,0x3fedd0be6f183dfc,0x000000008000496c,0x0000000000000000,0x414fe4cd2a474539,0x4129fe80fc9eecc0,0x41520757e444d014,0x0000000000000000,0x0000000000000000,0x0000000000000000,0x000000008000496c,0x0000000000dfcdb6,0x0000000000d74fc7,0x0000000000dfcdb6,0x0000000000d74fc7,0x0000000000139948,0x0000000000000625,0x00000000000051a7,0x00000000000006b9,0x0000000000005469,0x000000000066da7c,0x0000000000001340
1784428513260,0x00000000800058f2,0x0000000080018ed0,0x0000000080007a7a,0x0000000000000000,0x00000000800191f0,0x0000000080018f20,0x00000000800193a0,0x00000000800194a0,0x0000000000000006,0x0000000000000003,0x0000000080018f50,0x0000000080019010,0xffffffff81fddffb,0x000000004435bbf4,0x0000000000000000,0xffffffff817ccfb8,0x000000000055dc95,0x3fedd0be6f183dfc,0x000000008000495a,0x0000000000000000,0x40257725510d6efd,0x4129fe80fc9eecc0,0x41520757e444d014,0x0000000000000000,0x0000000000000000,0x0000000000000000,0x000000008000495a,0x0000000000e08ab1,0x0000000000d80c63,0x0000000000e08ab1,0x0000000000d80c63,0x000000000013a8cd,0x000000000000062e,0x00000000000051a7,0x00000000000006b9,0x000000000000549c,0x00000000006735d3,0x0000000000001343
1784428514108,0x0000000080005744,0x0000000080019060,0x0000000080007a7a,0x000000000000000f,0x00000000800191f0,0x00000000800190b0,0x0000000080019310,0x00000000800191f0,0x0000000000000006,0x0000000000000006,0x0000000000000004,0x0000000000000010,0x000000008000f201,0x3ff1a41734111d41,0x0000000000000000,0x0000000050d87800,0x000000000046161d,0x3fedd0be6ee845f1,0x00000000800049e2,0x0000000000000000,0x414fe4d0c40ebee0,0x4129fe75dcfaacda,0x4152075379ce075f,0x0000000000000000,0x0000000000000000,0x0000000000000000,0x00000000800049e2,0x0000000000e15957,0x0000000000d8d4c5,0x0000000000e15957,0x0000000000d8d4c5,0x000000000013be01,0x0000000000000630,0x00000000000051aa,0x00000000000006c6,0x00000000000054f2,0x0000000000679923,0x0000000000001346
1784428514927,0x00000000800057ae,0x0000000080018d90,0x0000000080007a7a,0x0000000000000000,0x00000000800191f0,0x0000000080018de0,0x0000000080018f50,0x000000008000f238,0x0000000000000006,0x0000000000000006,0x0000000000000002,0x0000000000000006,0xffffffff8be7bdf6,0x000000004435bdd8,0x0000000000000000,0xffffffff8be3ace0,0x000000000055dc95,0x3fedd0be6ee845f1,0x000000008000498e,0x0000000000000000,0x40257725510d6f76,0x4129fe75dcfaacda,0x4152075379ce075f,0x8000000000000000,0x0000000000000000,0x0000000000000000,0x000000008000498e,0x0000000000e22502,0x0000000000d9a058,0x0000000000e22502,0x0000000000d9a058,0x000000000013cea0,0x0000000000000639,0x00000000000051aa,0x00000000000006c6,0x0000000000005527,0x000000000067fb81,0x0000000000001349
1784428515795,0x0000000080005744,0x0000000080019060,0x0000000080007a7a,0x000000000000000f,0x00000000800191f0,0x00000000800190b0,0x0000000080019310,0x00000000800191f0,0x0000000000000006,0x0000000000000006,0x0000000000000005,0x000000000000001d,0x000000008000f201,0x3ff03bde415e6d0a,0x0000000000000000,0x000000002a146a8e,0x00000000007756d2,0x3fedd0be6eb191e3,0x000000008000497a,0x0000000000000000,0x414fe4cf441bda51,0x4129fe6e47ef9db2,0x41520754d883126f,0x0000000000000000,0x0000000000000000,0x0000000000000000,0x000000008000497a,0x0000000000e2e360,0x0000000000da58b9,0x0000000000e2e360,0x0000000000da58b9,0x000000000013e29d,0x000000000000063b,0x00000000000051ac,0x00000000000006d1,0x0000000000005578,0x000000000068576a,0x000000000000134c
1784428516618,0x00000000800057ae,0x0000000080018d90,0x0000000080007a7a,0x0000000000000000,0x00000000800191f0,0x0000000080018de0,0x0000000080018f50,0x000000008000f238,0x0000000000000006,0x0000000000000006,0x0000000080018df0,0x0000000080018e78,0x0000000059fdd67e,0x0000000044344fba,0x0000000000000000,0x0000000059cdd66e,0x000000000055dc95,0x3fedd0be6eb191e3,0x0000000080004982,0x0000000000000000,0x40257725510d13ef,0x4129fe6e47ef9db2,0x41520754d883126f,0x8000000000000000,0x0000000000000000,0x0000000000000000,0x0000000080004982,0x0000000000e3a31b,0x0000000000db1878,0x0000000000e3a31b,0x0000000000db1878,0x000000000013f244,0x0000000000000644,0x00000000000051ac,0x00000000000006d1,0x00000000000055ad,0x000000000068b432,0x000000000000134f
1784428517418,0x000000008000575e,0x0000000080019070,0x0000000080007a7a,0x000000000000000f,0x00000000800191f0,0x00000000800190b0,0x00000000800190d0,0x00000000800002d0,0x000000008000f238,0x0000000000000006,0x0000000000000003,0x0000000000000006,0x000000008000f201,0x3fef5b1e06d299fc,0x0000000000000000,0xffffffffcb6480e0,0x0000000000563198,0x3fedd0be6e7709b2,0x0000000080004c26,0x0000000000000000,0x414fe4c87a4a8c15,0x4129fe6d3d14e3bd,0x4152075805b71759,0x3fc17a1e18e0d894,0x0000000000000000,0x0000000000000000,0x0000000080004c26,0x0000000000e4685a,0x0000000000dbd78f,0x0000000000e4685a,0x0000000000dbd78f,0x00000000001406cc,0x0000000000000646,0x00000000000051ae,0x00000000000006dc,0x00000000000055fa,0x0000000000691342,0x0000000000001352
1784428518231,0x00000000800057ae,0x0000000080018d90,0x0000000080007a7a,0x0000000000000000,0x00000000800191f0,0x0000000080018de0,0x0000000080018f50,0x000000008000f238,0x0000000000000006,0x0000000000000006,0x0000000000000004,0x0000000000000004,0xffffffffe977d9e0,0x000000004431b938,0x0000000000000000,0xffffffffe94701e0,0x000000000055dc95,0x3fedd0be6e7709b2,0x00000000800049be,0x0000000000000000,0x40257725510c6e4e,0x4129fe6d3d14e3bd,0x4152075805b71759,0x8000000000000000,0x0000000000000000,0x0000000000000000,0x00000000800049be,0x0000000000e5293f,0x0000000000dc985e,0x0000000000e5293f,0x0000000000dc985e,0x000000000014168d,0x000000000000064f,0x00000000000051ae,0x00000000000006dc,0x0000000000005633,0x0000000000697075,0x0000000000001355
1784428519062,0x0000000080005820,0x0000000080018ed0,0x0000000080007a7a,0x000000000000000f,0x00000000800191f0,0x0000000080018f20,0x000000008000f238,0x0000000080019310,0x0000000000000006,0x0000000000000006,0x0000000000000003,0x0000000000000006,0x000000008000f201,0x3ff0f18a5cbe0073,0x0000000000000000,0x0000000025eaf64e,0x00000000004315da,0x3fedd0be6e3b1613,0x000000008000498e,0x0000000000000000,0x414fe4c9b61e4f76,0x4129fe6241b089a0,0x415207542df3b646,0x3fe1aec7af36342d,0x3fe1aec7af36342d,0x3fe1aec7af36342d,0x000000008000498e,0x0000000000e5f3f5,0x0000000000dd5d1e,0x0000000000e5f3f5,0x0000000000dd5d1e,0x0000000000142b77,0x0000000000000651,0x00000000000051b1,0x00000000000006eb,0x0000000000005688,0x000000000069d22e,0x0000000000001358
1784428519885,0x0000000080006260,0x0000000080019230,0x402a60145303db90,0x0000000000000000,0x0000000000000000,0x0000000080019440,0x0000000080019698,0x00000000800194a0,0x000000008000f238,0x00000000800003f0,0x00000000800194a0,0x00000000800194b0,0xffffffffc757ffff,0xffffffff8440213a,0x0000000000000000,0xffffffffc757ff6e,0x0000000000679431,0x3fedd0be6dffa78a,0x0000000080005bd6,0x0000000000000000,0x4029e50c6110084f,0x4129fe6241b089a0,0x415207542df3b646,0x01a56e1fc2f8f359,0x0000000000000000,0x0000000000000000,0x0000000080005bd6,0x0000000000e6b485,0x0000000000de1c4a,0x0000000000e6b485,0x0000000000de1c4a,0x0000000000143b87,0x000000000000065a,0x00000000000051b1,0x00000000000006eb,0x00000000000056df,0x00000000006a2fce,0x000000000000135b
1784428520710,0x0000000080005820,0x0000000080018ed0,0x0000000080007a7a,0x000000000000000f,0x00000000800191f0,0x0000000080018f20,0x000000008000f238,0x0000000080019310,0x0000000000000006,0x0000000000000006,0x0000000080019310,0x0000000000000010,0x000000008000f201,0x3fef2f835374081e,0x0000000000000000,0xffffffffc9fd0578,0x0000000000499f72,0x3fedd0be6dffa78a,0x00000000800049c4,0x0000000000000000,0x414fe4d014bfb15b,0x4129fe7f63958106,0x41520753db645a1d,0x0000000000000000,0x0000000000000000,0x0000000000000000,0x00000000800049c4,0x0000000000e774f3,0x0000000000ded752,0x0000000000e774f3,0x0000000000ded752,0x0000000000144f44,0x000000000000065c,0x00000000000051b4,0x00000000000006fe,0x0000000000005714,0x00000000006a8baf,0x000000000000135e
1784428521484,0x0000000080006260,0x0000000080019230,0x402a601452f32fc9,0x0000000000000000,0x0000000000000000,0x0000000080019440,0x0000000080019698,0x00000000800194a0,0x000000008000f238,0x00000000800003f0,0x0000000000000003,0x0000000000000012,0x000000001667beee,0x0000000028b95bba,0x0000000000000000,0x0000000016271e6e,0x000000000040bf33,0x3fedd0be6dc64044,0x0000000080005bea,0x0000000000000000,0x40302fccca2e56ef,0x4129fe7f63958106,0x41520753db645a1d,0x01a56e1fc2f8f359,0x0000000000000000,0x0000000000000000,0x0000000080005bea,0x0000000000e83a8d,0x0000000000df9a5d,0x0000000000e83a8d,0x0000000000df9a5d,0x000000000014617d,0x0000000000000665,0x00000000000051b4,0x00000000000006fe,0x0000000000005763,0x00000000006aecc2,0x0000000000001361
1784428522345,0x000000008000583a,0x0000000080018ed0,0x0000000080007a7a,0x000000000000000f,0x00000000800191f0,0x0000000080018f20,0x00000000800194a0,0x000000008000f238,0x0000000000000003,0x0000000000000006,0x00000000800191f0,0x0000000080019248,0x000000008000f201,0x3fec2a4ca0fa0101,0x0000000000000000,0xffffffffc5f6750e,0x00000000005cf866,0x3fedd0be6dc64044,0x00000000800049f0,0x0000000000000000,0x414fe4ca5a7ef9db,0x4129fe6f7a36e2eb,0x4152075298710cb3,0x0000000000000000,0x0000000000000000,0x0000000000000000,0x00000000800049f0,0x0000000000e8fe56,0x0000000000e05a2a,0x0000000000e8fe56,0x0000000000e05a2a,0x00000000001473c4,0x0000000000000667,0x00000000000051b6,0x0000000000000709,0x000000000000578a,0x00000000006b4967,0x0000000000001364
1784428523131,0x0000000080006260,0x0000000080019230,0x402a601452e0cdd5,0x0000000000000000,0x0000000000000000,0x0000000080019440,0x0000000080019698,0x00000000800194a0,0x000000008000f238,0x00000000800003f0,0x0000000000000005,0x0000000000000018,0xffffffffaf7fbfb8,0xfffffffff1355134,0x0000000000000000,0xffffffffaf5b06b8,0x000000000078a5a4,0x3fedd0be6d8fffb2,0x0000000080005cba,0x0000000000000000,0x402e29693c4d544d,0x4129fe6f7a36e2eb,0x4152075298710cb3,0x01a56e1fc2f8f359,0x0000000000000000,0x0000000000000000,0x0000000080005cba,0x0000000000e9b5e2,0x0000000000e10e5f,0x0000000000e9b5e2,0x0000000000e10e5f,0x000000000014853b,0x0000000000000670,0x00000000000051b6,0x000000000000070a,0x00000000000057ec,0x00000000006ba3df,0x0000000000001367
1784428523919,0x000000008000583a,0x0000000080018ed0,0x0000000080007a7a,0x000000000000000f,0x00000000800191f0,0x0000000080018f20,0x00000000800194a0,0x000000008000f238,0x0000000000000003,0x0000000000000006,0x000000008000f238,0x000000008000f2f8,0x000000008000f201,0x3fe7c6b7c8d81fed,0x0000000000000000,0xfffffffffa2b2e00,0x00000000004d06e1,0x3fedd0be6d8fffb2,0x00000000800049c6,0x0000000000000000,0x414fe4cb45bf4880,0x4129fe6d48db8bac,0x4152075166339c0f,0x3ff0000000000000,0x0000000000000000,0x0000000000000000,0x00000000800049c6,0x0000000000ea7858,0x0000000000e1cce9,0x0000000000ea7858,0x0000000000e1cce9,0x00000000001496f5,0x0000000000000672,0x00000000000051b8,0x0000000000000715,0x0000000000005820,0x00000000006bff6f,0x000000000000136a
1784428524727,0x00000000800056f8,0x0000000080019060,0x0000000080007a7a,0x000000000000000f,0x0000000080019430,0x00000000800190b0,0x0000000080019548,0x000000008000f238,0x0000000000000006,0x0000000000000006,0x0000000000000005,0x0000000000000006,0x000000008000f201,0x3fe2515f32ef5bcc,0x0000000000000000,0x0000000041758bf8,0x000000000076ba8a,0x3fedd0be6d5daef7,0x0000000080004a06,0x0000000000000000,0x414fe4c95e809d49,0x4129fe6d6b50b0f2,0x415207531b0d844d,0x0000000000000000,0x4013efc4d6ad992d,0x4013efc4d6ad992d,0x0000000080004a06,0x0000000000eb43b9,0x0000000000e292fb,0x0000000000eb43b9,0x0000000000e292fb,0x000000000014ac48,0x000000000000067d,0x00000000000051bb,0x0000000000000725,0x00000000000058aa,0x00000000006c6428,0x000000000000136d
1784428525550,0x0000000080009fc2,0x0000000080018dc0,0x0000000080007a7a,0x0000000000010000,0x00000000800191f0,0x0000000080018e40,0x00000000005869e6,0x0000000036070000,0x00000000004d209e,0x0000000000000002,0x00000000002c34f3,0x000000000bcf0000,0x0000000000000000,0x000000006c0e0000,0x0000000000000011,0x000000006c0d0000,0x00000000005869e6,0x3fedd0be6d5daef7,0x000000008000a128,0x403e88fa391e4414,0x403e88fa391e4414,0x4129fe6d6b50b0f2,0x415207531b0d844d,0x01a56e1fc2f8f359,0x0000000000000000,0x403e88fa391e4414,0x000000008000a128,0x0000000000ec0e56,0x0000000000e35cf2,0x0000000000ec0e56,0x0000000000e35cf2,0x000000000014bc2f,0x000000000000067f,0x00000000000051bb,0x0000000000000725,0x00000000000058cb,0x00000000006cc4e7,0x0000000000001370
1784428526403,0x00000000800056f8,0x0000000080019060,0x0000000080007a7a,0x000000000000000f,0x0000000080019430,0x00000000800190b0,0x0000000080019548,0x000000008000f238,0x0000000000000006,0x0000000000000006,0x0000000080019310,0x0000000080019398,0x000000008000f201,0x3fdee3368590bc74,0x0000000000000000,0xffffffff9bf48380,0x0000000000495eed,0x3fedd0be6d2fcd83,0x0000000080004982,0x0000000000000000,0x414fe4c7a7a0f909,0x4129fe78bdb22d0e,0x4152075a29e4f766,0x0000000000000000,0x0000000000000000,0x0000000000000000,0x0000000080004982,0x0000000000ecd525,0x0000000000e41d4c,0x0000000000ecd525,0x0000000000e41d4c,0x000000000014d16c,0x0000000000000688,0x00000000000051be,0x0000000000000733,0x000000000000593c,0x00000000006d2578,0x0000000000001373
1784428527209,0x000000008000589c,0x0000000080018ed0,0x0000000080007a7a,0x0000000000000000,0x00000000800191f0,0x0000000080018f20,0x0000000080019280,0x0000000080019118,0x0000000000000006,0x0000000000000003,0x0000000000000001,0x0000000000000003,0x000000002c5ef5ef,0x0000000044172b7a,0x0000000000000000,0x000000002c58e4ee,0x000000000055dc95,0x3fedd0be6d2fcd83,0x0000000080004966,0x0000000000000000,0x402577255105cadf,0x4129fe78bdb22d0e,0x4152075a29e4f766,0x0000000000000000,0x0000000000000000,0x0000000000000000,0x0000000080004966,0x0000000000ed9861,0x0000000000e4e08b,0x0000000000ed9861,0x0000000000e4e08b,0x000000000014e0f4,0x0000000000000691,0x00000000000051be,0x0000000000000733,0x0000000000005979,0x00000000006d8432,0x0000000000001376
1784428527997,0x00000000800056f8,0x0000000080019060,0x0000000080007a7a,0x000000000000000f,0x0000000080019430,0x00000000800190b0,0x0000000080019548,0x000000008000f238,0x0000000000000006,0x0000000000000006,0x000000008000f238,0x000000008000f350,0x000000008000f201,0x3fe538e725efd346,0x0000000000000000,0xffffffffae815ace,0x0000000000511c36,0x3fedd0be6d069d66,0x00000000800049c6,0x0000000000000000,0x414fe4c95eab367a,0x4129fe6b2538ef35,0x41520756d8d844d0,0x3ff0000000000000,0x3fedd0be6d069d66,0x3fedd0be6d069d66,0x00000000800049c6,0x0000000000ee5dff,0x0000000000e59fd4,0x0000000000ee5dff,0x0000000000e59fd4,0x000000000014f5ef,0x0000000000000693,0x00000000000051c0,0x000000000000073e,0x00000000000059ba,0x00000000006de2fb,0x0000000000001379
1784428528798,0x00000000800058c6,0x0000000080018ee0,0x0000000080007a7a,0x0000000000000000,0x00000000800191f0,0x0000000080018f20,0x00000000800193a0,0x0000000080019100,0x0000000080019070,0x0000000000000006,0x00000000800193a0,0x0000000000000020,0x000000005dfffdff,0x0000000044128d82,0x0000000000000000,0x000000005dbfc4fe,0x000000000055dc95,0x3fedd0be6d069d66,0x0000000080004ac6,0x0000000000000000,0x402577255104a361,0x4129fe6b2538ef35,0x41520756d8d844d0,0xc0071bac6cc00000,0x3f78fdb5fa61855c,0x3f78fdb5fa61855c,0x0000000080004ac6,0x0000000000ef16d1,0x0000000000e6593c,0x0000000000ef16d1,0x0000000000e6593c,0x00000000001504b8,0x000000000000069c,0x00000000000051c0,0x000000000000073e,0x00000000000059ea,0x00000000006e3cf6,0x000000000000137c
1784428529641,0x000000008000571c,0x0000000080019070,0x0000000080007a7a,0x000000000000000f,0x0000000080019310,0x00000000800190b0,0x0000000080019548,0x00000000800191f0,0x0000000000000006,0x00000000800191f0,0x0000000000000001,0x0000000000000001,0x000000008000f201,0x3fe615e78a2d03c1,0x0000000000000000,0xfffffffff18547e0,0x00000000005a39c0,0x3fedd0be6ce22ee5,0x0000000080004b62,0x0000000000000000,0x414fe4c9263f1412,0x4129fe6744b5dcc6,0x415207593cd6a162,0x3ff0000000000000,0x0000000000000000,0x3ff0000000000000,0x0000000080004b62,0x0000000000efde22,0x0000000000e719e4,0x0000000000efde22,0x0000000000e719e4,0x00000000001519ba,0x000000000000069e,0x00000000000051c2,0x0000000000000749,0x0000000000005a39,0x00000000006e9c5d,0x000000000000137f
1784428530495,0x00000000800058f2,0x0000000080018ed0,0x0000000080007a7a,0x0000000000000000,0x00000000800191f0,0x0000000080018f20,0x00000000800193a0,0x00000000800194a0,0x0000000000000006,0x0000000000000003,0x0000000000000002,0x0000000000000005,0x000000000f72fee3,0x00000000440e2e98,0x0000000000000000,0x000000000f7282e0,0x000000000055dc95,0x3fedd0be6ce22ee5,0x0000000080004966,0x0000000000000000,0x4025772551038ba6,0x4129fe6744b5dcc6,0x415207593cd6a162,0x0000000000000000,0x0000000000000000,0x0000000000000000,0x0000000080004966,0x0000000000f0abea,0x0000000000e7e83d,0x0000000000f0abea,0x0000000000e7e83d,0x0000000000152a8a,0x00000000000006a7,0x00000000000051c2,0x0000000000000749,0x0000000000005a6e,0x00000000006f0002,0x0000000000001382
1784428531337,0x0000000080005744,0x0000000080019060,0x0000000080007a7a,0x000000000000000f,0x00000000800191f0,0x00000000800190b0,0x0000000080019310,0x00000000800191f0,0x0000000000000006,0x0000000000000006,0x00000000800191f0,0x00000000000000e0,0x000000008000f201,0x3fe97af4922a754a,0x0000000000000000,0xffffffffba704b80,0x0000000000740469,0x3fedd0be6cc26b14,0x00000000800049c4,0x0000000000000000,0x414fe4c6c116872b,0x4129fe677c28f5c3,0x4152075443be76c9,0x0000000000000000,0x0000000000000000,0x0000000000000000,0x00000000800049c4,0x0000000000f1729a,0x0000000000e8a8f0,0x0000000000f1729a,0x0000000000e8a8f0,0x0000000000153f1c,0x00000000000006a9,0x00000000000051c5,0x0000000000000758,0x0000000000005ac0,0x00000000006f5fc4,0x0000000000001385
1784428532184,0x00000000800057ae,0x0000000080018d90,0x0000000080007a7a,0x0000000000000000,0x00000000800191f0,0x0000000080018de0,0x0000000080018f50,0x000000008000f238,0x0000000000000006,0x0000000000000006,0x0000000080018f50,0x0000000080018fa0,0x000000004aff6b7b,0x00000000440a1d24,0x0000000000000000,0x000000004aef6978,0x000000000055dc95,0x3fedd0be6cc26b14,0x00000000800049a4,0x0000000000000000,0x4025772551028749,0x4129fe677c28f5c3,0x4152075443be76c9,0x8000000000000000,0x3fdcf46da09c9946,0x3fdcf46da09c9946,0x00000000800049a4,0x0000000000f234c2,0x0000000000e96afc,0x0000000000f234c2,0x0000000000e96afc,0x0000000000154ef6,0x00000000000006b2,0x00000000000051c5,0x0000000000000758,0x0000000000005af2,0x00000000006fbd87,0x0000000000001388
1784428532957,0x0000000080005744,0x0000000080019060,0x0000000080007a7a,0x000000000000000f,0x00000000800191f0,0x00000000800190b0,0x0000000080019310,0x00000000800191f0,0x0000000000000006,0x0000000000000006,0x0000000000000004,0x0000000000000006,0x000000008000f201,0x3fe6424f32319fae,0x0000000000000000,0x00000000051c2aee,0x00000000004995ca,0x3fedd0be6ca71d5f,0x00000000800049d6,0x0000000000000000,0x414fe4c6c7e90ff9,0x4129fe6c1e1b089a,0x41520757881205bc,0x0000000000000000,0x0000000000000000,0x0000000000000000,0x00000000800049d6,0x0000000000f2f961,0x0000000000ea295c,0x0000000000f2f961,0x0000000000ea295c,0x0000000000156376,0x00000000000006b4,0x00000000000051c8,0x0000000000000767,0x0000000000005b44,0x0000000000701c3b,0x000000000000138b
1784428533817,0x00000000800057ae,0x0000000080018d90,0x0000000080007a7a,0x0000000000000000,0x00000000800191f0,0x0000000080018de0,0x0000000080018f50,0x000000008000f238,0x0000000000000006,0x0000000000000006,0x0000000000000003,0x0000000000000002,0x000000007dfbdff7,0x0000000044066288,0x0000000000000000,0x000000007dd9cbe0,0x000000000055dc95,0x3fedd0be6ca71d5f,0x0000000080004966,0x0000000000000000,0x40257725510198a2,0x4129fe6c1e1b089a,0x41520757881205bc,0x3fea330ae25af1fe,0x0000000000000000,0x4012207dfca3cbc6,0x0000000080004966,0x0000000000f3b709,0x0000000000eae71d,0x0000000000f3b709,0x0000000000eae71d,0x00000000001572f7,0x00000000000006bd,0x00000000000051c8,0x0000000000000767,0x0000000000005b75,0x0000000000707808,0x000000000000138e
1784428534674,0x0000000080005744,0x0000000080019060,0x0000000080007a7a,0x000000000000000f,0x00000000800191f0,0x00000000800190b0,0x0000000080019310,0x00000000800191f0,0x0000000000000006,0x0000000000000006,0x0000000000000005,0x0000000000000023,0x000000008000f201,0x3fe726bd031e97c9,0x0000000000000000,0x0000000037a2d84e,0x000000000075b42d,0x3fedd0be6c8ffbd6,0x0000000080004978,0x0000000000000000,0x414fe4cc3b055326,0x4129fe74d4467382,0x4152075658f9096c,0x0000000000000000,0x0000000000000000,0x0000000000000000,0x0000000080004978,0x0000000000f47be5,0x0000000000eba600,0x0000000000f47be5,0x0000000000eba600,0x0000000000158781,0x00000000000006bf,0x00000000000051ca,0x0000000000000774,0x0000000000005bb4,0x000000000070d6f3,0x0000000000001391
1784428535524,0x00000000800057ae,0x0000000080018d90,0x0000000080007a7a,0x0000000000000000,0x00000000800191f0,0x0000000080018de0,0x0000000080018f50,0x000000008000f238,0x0000000000000006,0x0000000000000006,0x0000000080018df0,0x0000000080018eb8,0x0000000044b6efbd,0x00000000440303cc,0x0000000000000000,0x000000004494cab8,0x000000000055dc95,0x3fedd0be6c8ffbd6,0x0000000080004982,0x0000000000000000,0x402577255100c0f3,0x4129fe74d4467382,0x4152075658f9096c,0x3febc7aad41b5b46,0x0000000000000000,0x0000000000000000,0x0000000080004982,0x0000000000f53e22,0x0000000000ec6872,0x0000000000f53e22,0x0000000000ec6872,0x0000000000159765,0x00000000000006c8,0x00000000000051ca,0x0000000000000774,0x0000000000005be5,0x00000000007134f2,0x0000000000001394
1784428536379,0x0000000080005806,0x0000000080018ee0,0x0000000080007a7a,0x000000000000000f,0x00000000800191f0,0x0000000080018f20,0x00000000800194a0,0x0000000080019310,0x0000000000000003,0x0000000000000004,0x00000000800194f0,0x000000000000000c,0x000000008000f201,0x3fe64c57ac66a1cc,0x0000000000000000,0xffffffffd3320be0,0x00000000007f079a,0x3fedd0be6c7cae55,0x0000000080004b78,0x0000000000000000,0x414fe4c52264c2f8,0x4129fe6d4a64c2f8,0x4152075412a4a8c1,0x3fc17a1e17d94713,0x3fc17a1e17d94713,0x0000000000000000,0x0000000080004b78,0x0000000000f5fadd,0x0000000000ed1f66,0x0000000000f5fadd,0x0000000000ed1f66,0x000000000015ab37,0x00000000000006ca,0x00000000000051cc,0x000000000000077f,0x0000000000005c2a,0x000000000071903b,0x0000000000001397
1784428537217,0x00000000800057ae,0x0000000080018d90,0x0000000080007a7a,0x0000000000000000,0x00000000800191f0,0x0000000080018de0,0x0000000080018f50,0x000000008000f238,0x0000000000000006,0x0000000000000006,0x0000000000000002,0x0000000000000006,0xffffffffb7ff9aff,0x0000000044000272,0x0000000000000000,0xffffffffb7fd029e,0x000000000055dc95,0x3fedd0be6c7cae55,0x0000000080004a0a,0x0000000000000000,0x402577255100009d,0x4129fe6d4a64c2f8,0x4152075412a4a8c1,0x8000000000000000,0x0000000000000000,0x0000000000000000,0x0000000080004a0a,0x0000000000f6bfcb,0x0000000000ede3e8,0x0000000000f6bfcb,0x0000000000ede3e8,0x000000000015bb5c,0x00000000000006d3,0x00000000000051cc,0x000000000000077f,0x0000000000005c5a,0x000000000071ef1a,0x000000000000139a
1784428538085,0x0000000080005820,0x0000000080018ed0,0x0000000080007a7a,0x000000000000000f,0x00000000800191f0,0x0000000080018f20,0x000000008000f238,0x0000000080019310,0x0000000000000006,0x0000000000000006,0x0000000080019280,0x00000000800192e0,0x000000008000f201,0x3fe2a310d5c0cfcf,0x0000000000000000,0x00000000299f59b8,0x00000000005a768d,0x3fedd0be6c6cd46a,0x00000000800049f0,0x0000000000000000,0x414fe4c7a727bb30,0x4129fe77644d013b,0x415207571aa161e5,0x3ff12c1dda78c16d,0x0000000000000000,0x0000000000000000,0x00000000800049f0,0x0000000000f785e0,0x0000000000eea441,0x0000000000f785e0,0x0000000000eea441,0x000000000015cfe9,0x00000000000006d5,0x00000000000051cf,0x000000000000078e,0x0000000000005c9f,0x0000000000724eba,0x000000000000139d
1784428538934,0x0000000080009fc2,0x0000000080019420,0x402a6014523e2ad7,0x0000000000200000,0x0000000000000000,0x0000000080019700,0x00000000005b59ef,0xffffffffd9800000,0x0000000000a214c9,0x0000000000000002,0x00000000002dacf7,0xffffffffae000000,0x0000000000a214c9,0xffffffffb3000000,0x0000000000000016,0xffffffffae000000,0x00000000005b59ef,0x3fedd0be6c600a3c,0x000000008000a13e,0x40404c88010ef80e,0x40404c88010ef80e,0x4129fe77644d013b,0x415207571aa161e5,0x3ff0000000000000,0x403fd1dcc8c50a00,0x40404c88010ef80e,0x000000008000a13e,0x0000000000f83d8b,0x0000000000ef5b0b,0x0000000000f83d8b,0x0000000000ef5b0b,0x000000000015ded8,0x00000000000006de,0x00000000000051cf,0x000000000000078e,0x0000000000005cef,0x000000000072a7c6,0x00000000000013a0
1784428539765,0x0000000080005820,0x0000000080018ed0,0x0000000080007a7a,0x000000000000000f,0x00000000800191f0,0x0000000080018f20,0x000000008000f238,0x0000000080019310,0x0000000000000006,0x0000000000000006,0x0000000000000006,0x0000000000000006,0x000000008000f201,0x3fe2e66530b9ff78,0x0000000000000000,0xffffffff9498587e,0x0000000000552f03,0x3fedd0be6c600a3c,0x0000000080004a06,0x0000000000000000,0x414fe4c701758e22,0x4129fe65c6cf41f2,0x41520756b46dc5d6,0x3ff12c1dda720241,0x0000000000000000,0x0000000000000000,0x0000000080004a06,0x0000000000f8fe68,0x0000000000f01657,0x0000000000f8fe68,0x0000000000f01657,0x000000000015f304,0x00000000000006e0,0x00000000000051d2,0x000000000000079b,0x0000000000005d24,0x0000000000730495,0x00000000000013a3
1784428540596,0x0000000080006260,0x0000000080019230,0x402a60145234dd85,0x0000000000000000,0x0000000000000000,0x0000000080019440,0x0000000080019698,0x00000000800194a0,0x000000008000f238,0x00000000800003f0,0x000000008000f238,0x000000008000f2b0,0xffffffff807ebef0,0x000000001362a7d8,0x0000000000000000,0xffffffff804a3ce0,0x00000000004eae01,0x3fedd0be6c55ec5e,0x0000000080005c0a,0x0000000000000000,0x4013ab8044d8a9f6,0x4129fe65c6cf41f2,0x41520756b46dc5d6,0x01a56e1fc2f8f359,0x0000000000000000,0x0000000000000000,0x0000000080005c0a,0x0000000000f9c7f4,0x0000000000f0dd23,0x0000000000f9c7f4,0x0000000000f0dd23,0x0000000000160569,0x00000000000006e9,0x00000000000051d2,0x000000000000079b,0x0000000000005d7c,0x0000000000736750,0x00000000000013a6
1784428541422,0x000000008000583a,0x0000000080018ed0,0x0000000080007a7a,0x000000000000000f,0x00000000800191f0,0x0000000080018f20,0x00000000800194a0,0x000000008000f238,0x0000000000000003,0x0000000000000006,0x000000008000f238,0x000000008000f248,0x000000008000f201,0x3fe279e0a1c2d00e,0x0000000000000000,0xffffffff8be82838,0x00000000007d5997,0x3fedd0be6c55ec5e,0x00000000800049c6,0x0000000000000000,0x414fe4c771b089a0,0x4129fe63ba36e2eb,0x41520755a9ed288d,0x0000000000000000,0x0000000000000000,0x0000000000000000,0x00000000800049c6,0x0000000000fa8847,0x0000000000f19982,0x0000000000fa8847,0x0000000000f19982,0x0000000000161787,0x00000000000006eb,0x00000000000051d4,0x00000000000007a6,0x0000000000005da0,0x000000000073c27c,0x00000000000013a9
1784428542264,0x0000000080006260,0x0000000080019230,0x402a6014522ce13a,0x0000000000000000,0x0000000000000000,0x0000000080019440,0x0000000080019698,0x00000000800194a0,0x000000008000f238,0x00000000800003f0,0x0000000000000001,0x0000000000000002,0xfffffffffaffb6b8,0xffffffffb9a3704c,0x0000000000000000,0xfffffffffafab4b8,0x00000000004079a7,0x3fedd0be6c4e1ac5,0x0000000080005d68,0x0000000000000000,0x40201e69ee68dc13,0x4129fe63ba36e2eb,0x41520755a9ed288d,0x01a56e1fc2f8f359,0x0000000000000000,0x0000000000000000,0x0000000080005d68,0x0000000000fb4c07,0x0000000000f2594e,0x0000000000fb4c07,0x0000000000f2594e,0x0000000000162ada,0x00000000000006f4,0x00000000000051d4,0x00000000000007a7,0x0000000000005dfe,0x0000000000742361,0x00000000000013ac
1784428543095,0x0000000080005850,0x0000000080018ed0,0x0000000080007a7a,0x000000000000000f,0x00000000800191f0,0x0000000080018f20,0x00000000800191f0,0x0000000080019310,0x0000000000000003,0x0000000000000006,0x0000000000000002,0x0000000000000006,0x000000008000f201,0x3fe0b1c409d03f7c,0x0000000000000000,0xffffffffc626cb4e,0x00000000006e2bd5,0x3fedd0be6c4e1ac5,0x0000000080004a06,0x0000000000000000,0x414fe4c901930be1,0x4129fe5c1b71758e,0x41520755fca57a78,0x0000000000000000,0x0000000000000000,0x0000000000000000,0x0000000080004a06,0x0000000000fc1a1b,0x0000000000f32440,0x0000000000fc1a1b,0x0000000000f32440,0x0000000000163cb0,0x00000000000006f6,0x00000000000051d6,0x00000000000007b1,0x0000000000005e2f,0x00000000007483f1,0x00000000000013af
1784428543929,0x00000000800056de,0x00000000800190b0,0x0000000080007a7a,0x000000000000000f,0x0000000080019430,0x0000000080019440,0x0000000080019310,0x0000000000000000,0x0000000000000000,0x000000008000f238,0x0000000080019360,0x0000000000000000,0x000000008000f201,0x3fdec14682584669,0x0000000000000000,0x000000006525b76e,0x00000000005324be,0x3fedd0be6c483ae9,0x0000000080007a66,0x0000000000000000,0x414fe4c3850b0f28,0x4129fe7be17c1bda,0x41520758c6425aee,0x414fe4c66fdf3b64,0x41520756f20c0a4f,0x3ff0000000000000,0x0000000080007a66,0x0000000000fcd02c,0x0000000000f3d5ed,0x0000000000fcd02c,0x0000000000f3d5ed,0x000000000016504d,0x0000000000000701,0x00000000000051d9,0x00000000000007c0,0x0000000000005ea5,0x000000000074df42,0x00000000000013b2
1784428544765,0x000000008000519e,0x0000000080018e40,0x0000000080007a7a,0x000000000000000f,0x00000000800191f0,0x0000000080018e90,0x0000000080019160,0x0000000080019118,0x0000000080018ef8,0x0000000000000003,0x0000000000000000,0x0000000000000003,0x000000008000f201,0x3fdec14682584669,0x0000000000000000,0x000000006525b76e,0x00000000005324be,0x3fedd0be6c483ae9,0x0000000080005000,0x0000000000000000,0x414fe4c3850b0f28,0x4129fe7be17c1bda,0x41520758c6425aee,0x3ff12c1dda65a6cc,0x402e61c98029add2,0x405ccc39300535ba,0x0000000080005000,0x0000000000fd9530,0x0000000000f4999b,0x0000000000fd9530,0x0000000000f4999b,0x000000000016600d,0x0000000000000701,0x00000000000051d9,0x00000000000007c0,0x0000000000005eb0,0x0000000000753b63,0x00000000000013b5
1784428545596,0x00000000800056f8,0x0000000080019060,0x0000000080007a7a,0x000000000000000f,0x0000000080019430,0x00000000800190b0,0x0000000080019548,0x000000008000f238,0x0000000000000006,0x0000000000000006,0x0000000000000001,0x0000000000000006,0x000000008000f201,0x3fe16a5b333a3395,0x0000000000000000,0x00000000004c0780,0x00000000005b5e9c,0x3fedd0be6c43f94b,0x00000000800049b0,0x0000000000000000,0x414fe4c75b9f559b,0x4129fe7014d6a162,0x415207582523a29c,0x3ff0000000000000,0x0000000000000000,0x0000000000000000,0x00000000800049b0,0x0000000000fe5500,0x0000000000f5548b,0x0000000000fe5500,0x0000000000f5548b,0x000000000016747b,0x000000000000070c,0x00000000000051dc,0x00000000000007cf,0x0000000000005f27,0x0000000000759ae8,0x00000000000013b8
1784428546435,0x000000008000589c,0x0000000080018ed0,0x0000000080007a7a,0x0000000000000000,0x00000000800191f0,0x0000000080018f20,0x0000000080019280,0x0000000080019118,0x0000000000000006,0x0000000000000003,0x00000000800193a0,0x00000000800193d0,0x0000000006dd51fd,0x0000000043f4dc7c,0x0000000000000000,0x0000000006dd51f8,0x000000000055dc95,0x3fedd0be6c43f94b,0x00000000800049f0,0x0000000000000000,0x4025772550fd371f,0x4129fe7014d6a162,0x415207582523a29c,0x401623e8e4790c49,0x0000000000000000,0x0000000000000000,0x00000000800049f0,0x0000000000ff22f0,0x0000000000f6228b,0x0000000000ff22f0,0x0000000000f6228b,0x00000000001684e7,0x0000000000000715,0x00000000000051dc,0x00000000000007cf,0x0000000000005f56,0x000000000075fec5,0x00000000000013bb
1784428547252,0x00000000800056f8,0x0000000080019060,0x0000000080007a7a,0x000000000000000f,0x0000000080019430,0x00000000800190b0,0x0000000080019548,0x000000008000f238,0x0000000000000006,0x0000000000000006,0x0000000000000003,0x0000000000000006,0x000000008000f201,0x3fe24593ff4c2a6e,0x0000000000000000,0x0000000018a2bf1e,0x0000000000454871,0x3fedd0be6c410a4f,0x00000000800049d6,0x0000000000000000,0x414fe4c66fced917,0x4129fe5bf7c1bda5,0x415207583d7c1bda,0x0000000000000000,0x0000000000000000,0x0000000000000000,0x00000000800049d6,0x0000000000ffdc24,0x0000000000f6d5da,0x0000000000ffdc24,0x0000000000f6d5da,0x00000000001698d9,0x0000000000000717,0x00000000000051de,0x00000000000007da,0x0000000000005fa1,0x00000000007657fa,0x00000000000013be
1784428548099,0x000000008000589c,0x0000000080018ed0,0x0000000080007a7a,0x0000000000000000,0x00000000800191f0,0x0000000080018f20,0x0000000080019280,0x0000000080019118,0x0000000000000006,0x0000000000000003,0x0000000000000001,0x0000000000000003,0x000000005aefaf9e,0x0000000043f3ec4e,0x0000000000000000,0x000000005ae60c1e,0x000000000055dc95,0x3fedd0be6c410a4f,0x000000008000496c,0x0000000000000000,0x4025772550fcfb14,0x4129fe5bf7c1bda5,0x415207583d7c1bda,0x0000000000000000,0x0000000000000000,0x0000000000000000,0x000000008000496c,0x00000000010098a3,0x0000000000f79294,0x00000000010098a3,0x0000000000f79294,0x000000000016a7d8,0x0000000000000720,0x00000000000051de,0x00000000000007da,0x0000000000005fce,0x000000000076b3b6,0x00000000000013c1
1784428548958,0x00000000800056f8,0x0000000080019060,0x0000000080007a7a,0x000000000000000f,0x0000000080019430,0x00000000800190b0,0x0000000080019548,0x000000008000f238,0x0000000000000006,0x0000000000000006,0x0000000080019548,0x00000000800195e8,0x000000008000f201,0x3fe2f5579d83de49,0x0000000000000000,0x0000000009e8932e,0x000000000043b2d9,0x3fedd0be6c3f2abd,0x00000000800049a6,0x0000000000000000,0x414fe4c6d3b98c7e,0x4129fe5d3e00d1b7,0x41520759d3141206,0x0000000000000000,0x0000000000000000,0x0000000000000000,0x00000000800049a6,0x00000000010152ab,0x0000000000f84694,0x00000000010152ab,0x0000000000f84694,0x000000000016bbe4,0x0000000000000722,0x00000000000051e0,0x00000000000007e5,0x0000000000006013,0x0000000000770d27,0x00000000000013c4
1784428549712,0x000000008000589c,0x0000000080018ed0,0x0000000080007a7a,0x0000000000000000,0x00000000800191f0,0x0000000080018f20,0x0000000080019280,0x0000000080019118,0x0000000000000006,0x0000000000000003,0x0000000000000005,0x000000000000000f,0xffffffffe4cfb9de,0x0000000043f32c56,0x0000000000000000,0xffffffffe487298e,0x000000000055dc95,0x3fedd0be6c3f2abd,0x0000000080004970,0x0000000000000000,0x4025772550fccb16,0x4129fe5d3e00d1b7,0x41520759d3141206,0x0000000000000000,0x0000000000000000,0x0000000000000000,0x0000000080004970,0x0000000001021874,0x0000000000f90cd4,0x0000000001021874,0x0000000000f90cd4,0x000000000016cbaa,0x000000000000072b,0x00000000000051e0,0x00000000000007e5,0x0000000000006041,0x0000000000776d4f,0x00000000000013c7
1784428550386,0x00000000800056f8,0x0000000080019060,0x0000000080007a7a,0x000000000000000f,0x0000000080019430,0x00000000800190b0,0x0000000080019548,0x000000008000f238,0x0000000000000006,0x0000000000000006,0x0000000080019310,0x0000000080019380,0x000000008000f201,0x3fe5446cb2f85c17,0x0000000000000000,0xffffffffe0441be0,0x00000000005a7305,0x3fedd0be6c3e1fcc,0x0000000080004984,0x0000000000000000,0x414fe4c6a5119ce0,0x4129fe5c013a92a3,0x41520756c0418937,0x0000000000000000,0x0000000000000000,0x0000000000000000,0x0000000080004984,0x000000000102bf9f,0x0000000000f9ad9b,0x000000000102bf9f,0x0000000000f9ad9b,0x000000000016de27,0x000000000000072d,0x00000000000051e3,0x00000000000007f4,0x0000000000006090,0x000000000077bdb9,0x00000000000013ca
1784428551195,0x000000008000589c,0x0000000080018ed0,0x0000000080007a7a,0x0000000000000000,0x00000000800191f0,0x0000000080018f20,0x0000000080019280,0x0000000080019118,0x0000000000000006,0x0000000000000003,0x0000000000000002,0x0000000000000003,0xffffffff8c9da37f,0x0000000043f295be,0x0000000000000000,0xffffffff8c98a37e,0x000000000055dc95,0x3fedd0be6c3e1fcc,0x00000000800049ba,0x0000000000000000,0x4025772550fca570,0x4129fe5c013a92a3,0x41520756c0418937,0x401623e8e4790c43,0x0000000000000000,0x0000000000000000,0x00000000800049ba,0x000000000103873b,0x0000000000fa75a8,0x000000000103873b,0x0000000000fa75a8,0x000000000016ee14,0x0000000000000736,0x00000000000051e3,0x00000000000007f4,0x00000000000060bc,0x0000000000781ec9,0x00000000000013cd
1784428552024,0x00000000800056f8,0x0000000080019060,0x0000000080007a7a,0x000000000000000f,0x0000000080019430,0x00000000800190b0,0x0000000080019548,0x000000008000f238,0x0000000000000006,0x0000000000000006,0x0000000080019310,0x0000000000000004,0x000000008000f201,0x3fe36873d62bacfe,0x0000000000000000,0x000000005cfdff80,0x00000000004c6f9d,0x3fedd0be6c3db6ea,0x00000000800049f8,0x0000000000000000,0x414fe4c3d7ef9db2,0x4129fe65a8e8a71e,0x4152075912f69446,0x0000000000000000,0x0000000000000000,0x0000000000000000,0x00000000800049f8,0x00000000010453ae,0x0000000000fb3bbb,0x00000000010453ae,0x0000000000fb3bbb,0x000000000017039c,0x0000000000000738,0x00000000000051e6,0x0000000000000801,0x0000000000006103,0x00000000007880dd,0x00000000000013d0
1784428552807,0x000000008000578a,0x0000000080018db0,0x0000000080007a7a,0x0000000000000000,0x00000000800191f0,0x0000000080018de0,0x0000000080018f50,0x0000000000000006,0x0000000000000006,0x0000000000000003,0x0000000080018f50,0x0000000080019030,0xffffffffc3dff76f,0x0000000043f22226,0x0000000000000000,0xffffffffc3ccf12e,0x000000000055dc95,0x3fedd0be6c3db6ea,0x0000000080004d10,0x0000000000000000,0x4025772550fc888a,0x4129fe65a8e8a71e,0x4152075912f69446,0x3f8314f4c0278889,0x0000000000000000,0xbfc0e154af66e0fe,0x0000000080004d10,0x0000000001052b8b,0x0000000000fc1476,0x0000000001052b8b,0x0000000000fc1476,0x0000000000171519,0x0000000000000741,0x00000000000051e6,0x0000000000000801,0x000000000000612e,0x000000000078e955,0x00000000000013d3
1784428553660,0x0000000080005744,0x0000000080019060,0x0000000080007a7a,0x000000000000000f,0x00000000800191f0,0x00000000800190b0,0x0000000080019310,0x00000000800191f0,0x0000000000000006,0x0000000000000006,0x00000000800191f0,0x0000000080019288,0x000000008000f201,0x3fe46236f9f1a405,0x0000000000000000,0xffffffffed19cb78,0x00000000004f5395,0x3fedd0be6c3dc559,0x00000000800049c6,0x0000000000000000,0x414fe4c10df3b646,0x4129fe686504816f,0x41520758d3958106,0x3fb85cd8e2c41bc3,0x0000000000000000,0x0000000000000000,0x00000000800049c6,0x000000000105f098,0x0000000000fcd326,0x000000000105f098,0x0000000000fcd326,0x00000000001729a6,0x0000000000000743,0x00000000000051e8,0x000000000000080c,0x000000000000617e,0x0000000000794821,0x00000000000013d6
1784428554441,0x00000000800057ae,0x0000000080018d90,0x0000000080007a7a,0x0000000000000000,0x00000000800191f0,0x0000000080018de0,0x0000000080018f50,0x000000008000f238,0x0000000000000006,0x0000000000000006,0x0000000080018df0,0x0000000080018e30,0xffffffffc6ddedde,0x0000000043f1cbb6,0x0000000000000000,0xffffffffc69ced4e,0x000000000055dc95,0x3fedd0be6c3dc559,0x00000000800049f0,0x0000000000000000,0x4025772550fc72ee,0x4129fe686504816f,0x41520758d3958106,0xbf9287f43dd4dd52,0x0000000000000000,0x0000000000000000,0x00000000800049f0,0x000000000106b072,0x0000000000fd936e,0x000000000106b072,0x0000000000fd936e,0x0000000000173958,0x000000000000074c,0x00000000000051e8,0x000000000000080c,0x00000000000061a9,0x000000000079a536,0x00000000000013d9
1784428555300,0x0000000080005744,0x0000000080019060,0x0000000080007a7a,0x000000000000000f,0x00000000800191f0,0x00000000800190b0,0x0000000080019310,0x00000000800191f0,0x0000000000000006,0x0000000000000006,0x0000000000000003,0x0000000000000006,0x000000008000f201,0x3fe4bed5198e3f7f,0x0000000000000000,0xffffffffec86b01e,0x00000000006dc6bb,0x3fedd0be6c3e2798,0x0000000080004a0a,0x0000000000000000,0x414fe4c5b1724745,0x4129fe6ad288ce70,0x41520757d33d07c8,0x0000000000000000,0x0000000000000000,0x0000000000000000,0x0000000080004a0a,0x0000000001077774,0x0000000000fe548d,0x0000000001077774,0x0000000000fe548d,0x0000000000174e08,0x000000000000074e,0x00000000000051ea,0x0000000000000817,0x00000000000061f1,0x00000000007a0547,0x00000000000013dc
1784428556150,0x00000000800057ae,0x0000000080018d90,0x0000000080007a7a,0x0000000000000000,0x00000000800191f0,0x0000000080018de0,0x0000000080018f50,0x000000008000f238,0x0000000000000006,0x0000000000000006,0x0000000000000004,0x0000000000000006,0xffffffffdeff6ba6,0x0000000043f18d30,0x0000000000000000,0xffffffffdee10b80,0x000000000055dc95,0x3fedd0be6c3e2798,0x00000000800049b0,0x0000000000000000,0x4025772550fc634c,0x4129fe6ad288ce70,0x41520757d33d07c8,0x8000000000000000,0x0000000000000000,0x0000000000000000,0x00000000800049b0,0x00000000010833ef,0x0000000000ff1112,0x00000000010833ef,0x0000000000ff1112,0x0000000000175d6c,0x0000000000000757,0x00000000000051ea,0x0000000000000817,0x0000000000006222,0x00000000007a6087,0x00000000000013df
1784428556938,0x0000000080005744,0x0000000080019060,0x0000000080007a7a,0x000000000000000f,0x00000000800191f0,0x00000000800190b0,0x0000000080019310,0x00000000800191f0,0x0000000000000006,0x0000000000000006,0x0000000080019310,0x0000000000000110,0x000000008000f201,0x3fe3ac08083f6589,0x0000000000000000,0xffffffff82fdb938,0x000000000045d958,0x3fedd0be6c3ec0b8,0x00000000800049a2,0x0000000000000000,0x414fe4c53e1e4f76,0x4129fe56232ca57a,0x4152075aee8f5c29,0x0000000000000000,0x0000000000000000,0x0000000000000000,0x00000000800049a2,0x000000000108ee22,0x0000000000ffc546,0x000000000108ee22,0x0000000000ffc546,0x0000000000177113,0x0000000000000759,0x00000000000051ed,0x0000000000000826,0x000000000000626e,0x00000000007aba65,0x00000000000013e2
1784428557781,0x00000000800057ae,0x0000000080018d90,0x0000000080007a7a,0x0000000000000000,0x00000000800191f0,0x0000000080018de0,0x0000000080018f50,0x000000008000f238,0x0000000000000006,0x0000000000000006,0x0000000000000003,0x0000000000000006,0x0000000001feef6f,0x0000000043f161ea,0x0000000000000000,0x0000000001fc6b0e,0x000000000055dc95,0x3fedd0be6c3ec0b8,0x0000000080004a06,0x0000000000000000,0x4025772550fc587b,0x4129fe56232ca57a,0x4152075aee8f5c29,0xbf9287f43dd4dd41,0x0000000000000000,0x0000000000000000,0x0000000080004a06,0x000000000109aef7,0x00000000010085c0,0x000000000109aef7,0x00000000010085c0,0x00000000001780cb,0x0000000000000762,0x00000000000051ed,0x0000000000000826,0x00000000000062ac,0x00000000007b1786,0x00000000000013e5
1784428558567,0x000000008000575e,0x0000000080019070,0x0000000080007a7a,0x000000000000000f,0x00000000800191f0,0x00000000800190b0,0x00000000800190d0,0x00000000800002d0,0x000000008000f238,0x0000000000000006,0x00000000800190d0,0x0000000080019100,0x000000008000f201,0x3fe6430fb176ebf4,0x0000000000000000,0xffffffffbbadc1ee,0x00000000007096c8,0x3fedd0be6c3f79a7,0x0000000080004c1a,0x0000000000000000,0x414fe4c261ce075f,0x4129fe5d3a43fe5d,0x41520757b116872b,0x3fc17a1e17d18b7f,0x0000000000000000,0x0000000000000000,0x0000000080004c1a,0x00000000010a6e4f,0x0000000001013ef9,0x00000000010a6e4f,0x0000000001013ef9,0x00000000001794d9,0x0000000000000764,0x00000000000051f0,0x0000000000000835,0x00000000000062f8,0x00000000007b73be,0x00000000000013e8
1784428559300,0x00000000800057ae,0x0000000080018d90,0x0000000080007a7a,0x0000000000000000,0x00000000800191f0,0x0000000080018de0,0x0000000080018f50,0x000000008000f238,0x0000000000000006,0x0000000000000006,0x0000000080018df0,0x0000000000000088,0x000000000eb7bfa4,0x0000000043f145e0,0x0000000000000000,0x000000000e96be00,0x000000000055dc95,0x3fedd0be6c3f79a7,0x0000000080004954,0x0000000000000000,0x4025772550fc5178,0x4129fe5d3a43fe5d,0x41520757b116872b,0x8000000000000000,0x0000000000000000,0x0000000000000000,0x0000000080004954,0x00000000010b214a,0x000000000101f250,0x00000000010b214a,0x000000000101f250,0x000000000017a380,0x000000000000076d,0x00000000000051f0,0x0000000000000835,0x0000000000006324,0x00000000007bcaa9,0x00000000000013eb
1784428560078,0x0000000080005744,0x0000000080019060,0x0000000080007a7a,0x000000000000000f,0x00000000800191f0,0x00000000800190b0,0x0000000080019310,0x00000000800191f0,0x0000000000000006,0x0000000000000006,0x0000000080019310,0x00000000800193b0,0x000000008000f201,0x3fe4704fb9118b1d,0x0000000000000000,0xffffffffb2dbf95e,0x00000000007bdcbb,0x3fedd0be6c404079,0x00000000800049a4,0x0000000000000000,0x414fe4be33b98c7e,0x4129fe54ff06f694,0x415207581d42c3ca,0x0000000000000000,0x0000000000000000,0x0000000000000000,0x00000000800049a4,0x00000000010bd016,0x0000000001029afb,0x00000000010bd016,0x0000000001029afb,0x000000000017b635,0x000000000000076f,0x00000000000051f2,0x0000000000000840,0x000000000000637b,0x00000000007c1f26,0x00000000000013ee
1784428560874,0x00000000800057ae,0x0000000080018d90,0x0000000080007a7a,0x0000000000000000,0x00000000800191f0,0x0000000080018de0,0x0000000080018f50,0x000000008000f238,0x0000000000000006,0x0000000000000006,0x0000000000000001,0x0000000000000006,0x000000004e78bf3b,0x0000000043f13594,0x0000000000000000,0x000000004e10b138,0x000000000055dc95,0x3fedd0be6c404079,0x000000008000498e,0x0000000000000000,0x4025772550fc4d65,0x4129fe54ff06f694,0x415207581d42c3ca,0x8000000000000000,0x3fdcf46da09c99a4,0x3fdcf46da09c99a4,0x000000008000498e,0x00000000010c882d,0x00000000010352e7,0x00000000010c882d,0x00000000010352e7,0x000000000017c539,0x0000000000000778,0x00000000000051f2,0x0000000000000840,0x00000000000063bc,0x00000000007c7837,0x00000000000013f1
1784428561704,0x0000000080005744,0x0000000080019060,0x0000000080007a7a,0x000000000000000f,0x00000000800191f0,0x00000000800190b0,0x0000000080019310,0x00000000800191f0,0x0000000000000006,0x0000000000000006,0x00000000800190d0,0x00000000800191e8,0x000000008000f201,0x3fe32b5f588ccd92,0x0000000000000000,0x0000000056cc9ee0,0x000000000070ed96,0x3fedd0be6c4107ab,0x0000000080004982,0x0000000000000000,0x414fe4c07a2d0e56,0x4129fe707a5119ce,0x41520756e20f9097,0x3fedd0be6c4107ac,0x0000000000000000,0x0000000000000000,0x0000000080004982,0x00000000010d59d4,0x0000000001041e53,0x00000000010d59d4,0x0000000001041e53,0x000000000017daca,0x000000000000077a,0x00000000000051f4,0x000000000000084b,0x0000000000006407,0x00000000007cdd24,0x00000000000013f4
1784428562486,0x00000000800057ae,0x0000000080018d90,0x0000000080007a7a,0x0000000000000000,0x00000000800191f0,0x0000000080018de0,0x0000000080018f50,0x000000008000f238,0x0000000000000006,0x0000000000000006,0x0000000080018df0,0x0000000000000004,0xffffffffcf47fffb,0x0000000043f12e18,0x0000000000000000,0xffffffffcf41aee0,0x000000000055dc95,0x3fedd0be6c4107ab,0x0000000080004988,0x0000000000000000,0x4025772550fc4b86,0x4129fe707a5119ce,0x41520756e20f9097,0x8000000000000000,0x0000000000000000,0x0000000000000000,0x0000000080004988,0x00000000010e21e2,0x000000000104e678,0x00000000010e21e2,0x000000000104e678,0x000000000017eb20,0x0000000000000783,0x00000000000051f4,0x000000000000084b,0x0000000000006440,0x00000000007d3de1,0x00000000000013f7
1784428563252,0x0000000080005820,0x0000000080018ed0,0x0000000080007a7a,0x000000000000000f,0x00000000800191f0,0x0000000080018f20,0x000000008000f238,0x0000000080019310,0x0000000000000006,0x0000000000000006,0x0000000080019280,0x00000000800192d0,0x000000008000f201,0x3fe06ba62de28374,0x0000000000000000,0xffffffffbab1d24e,0x000000000052cdee,0x3fedd0be6c41c575,0x00000000800049f0,0x0000000000000000,0x414fe4bed178d4fe,0x4129fe5f43fe5c92,0x4152075d8dfbe76d,0x0000000000000000,0x0000000000000000,0x0000000000000000,0x00000000800049f0,0x00000000010ee9a3,0x000000000105a8a3,0x00000000010ee9a3,0x000000000105a8a3,0x000000000017ffcd,0x0000000000000785,0x00000000000051f7,0x000000000000085a,0x0000000000006485,0x00000000007d9e84,0x00000000000013fa
1784428564039,0x0000000080006260,0x0000000080019230,0x402a6014520ce007,0x0000000000000000,0x0000000000000000,0x0000000080019440,0x0000000080019698,0x00000000800194a0,0x000000008000f238,0x00000000800003f0,0x0000000000000002,0x0000000000000004,0x000000004f3f472e,0x000000005f8856a6,0x0000000000000000,0x000000004f26062e,0x00000000004afd57,0x3fedd0be6c42732b,0x0000000080005c32,0x0000000000000000,0x4032bf55d7e215aa,0x4129fe5f43fe5c92,0x4152075d8dfbe76d,0x01a56e1fc2f8f359,0x0000000000000000,0x0000000000000000,0x0000000080005c32,0x00000000010fb741,0x00000000010673bf,0x00000000010fb741,0x00000000010673bf,0x000000000018124f,0x000000000000078e,0x00000000000051f7,0x000000000000085a,0x00000000000064d7,0x00000000007e0328,0x00000000000013fd
1784428564823,0x000000008000583a,0x0000000080018ed0,0x0000000080007a7a,0x000000000000000f,0x00000000800191f0,0x0000000080018f20,0x00000000800194a0,0x000000008000f238,0x0000000000000003,0x0000000000000006,0x0000000000000001,0x000000000000000c,0x000000008000f201,0x3fe5d675ebf5d949,0x0000000000000000,0xffffffffcf6e5b6e,0x00000000004bce1b,0x3fedd0be6c42732b,0x0000000080004998,0x0000000000000000,0x414fe4c1c14af4f1,0x4129fe626f0d844d,0x41520756f5460aa6,0x0000000000000000,0x0000000000000000,0x0000000000000000,0x0000000080004998,0x0000000001107fe1,0x00000000010737a2,0x0000000001107fe1,0x00000000010737a2,0x000000000018254a,0x0000000000000790,0x00000000000051fa,0x0000000000000866,0x0000000000006505,0x00000000007e61f9,0x0000000000001401
1784428565647,0x0000000080006270,0x0000000080019440,0x402a6014520ced46,0x0000000000000000,0x0000000000000000,0x0000000080019700,0x0000000080019698,0x00000000800194a0,0x000000008000f238,0x00000000800003f0,0x000000008000f208,0x000000000000001b,0x000000000ad6bebf,0xffffffff89cd335e,0x0000000000000000,0x000000000a92b4be,0x00000000005ee54b,0x3fedd0be6c430ca6,0x00000000800062d4,0x0000000000000000,0x4001c805adbbb96e,0x4129fe626f0d844d,0x41520756f5460aa6,0x0000000000000000,0x401281f1602edbe0,0x40225137ae6953a9,0x00000000800062d4,0x00000000011141c3,0x000000000107f50f,0x00000000011141c3,0x000000000107f50f,0x0000000000183a01,0x000000000000079b,0x00000000000051fa,0x0000000000000867,0x0000000000006549,0x00000000007ec1a8,0x0000000000001404
1784428566464,0x0000000080005850,0x0000000080018ed0,0x0000000080007a7a,0x000000000000000f,0x00000000800191f0,0x0000000080018f20,0x00000000800191f0,0x0000000080019310,0x0000000000000003,0x0000000000000006,0x00000000800191a8,0x0000000000000006,0x000000008000f201,0x3fe278500db59949,0x0000000000000000,0xffffffff824a12ee,0x000000000052e5ed,0x3fedd0be6c430ca6,0x00000000800049fc,0x0000000000000000,0x414fe4be943fe5c9,0x4129fe669b645a1d,0x4152075aab1f8a09,0x3ff12c1dda637e1b,0x0000000000000000,0x0000000000000000,0x00000000800049fc,0x0000000001120b86,0x000000000108bd21,0x0000000001120b86,0x000000000108bd21,0x0000000000184a06,0x000000000000079b,0x00000000000051fc,0x0000000000000871,0x0000000000006573,0x00000000007f20f4,0x0000000000001407
1784428567280,0x00000000800056f8,0x0000000080019060,0x0000000080007a7a,0x000000000000000f,0x0000000080019430,0x00000000800190b0,0x0000000080019548,0x000000008000f238,0x0000000000000006,0x0000000000000006,0x0000000080019310,0x0000000000000001,0x000000008000f201,0x3fe3cc9cdd24c7fd,0x0000000000000000,0xffffffffd85d62f8,0x00000000007022cd,0x3fedd0be6c438fbd,0x00000000800049f8,0x0000000000000000,0x414fe4c3d6d91687,0x4129fe736adab9f5,0x4152075a726809d5,0x0000000000000000,0x0000000000000000,0x0000000000000000,0x00000000800049f8,0x000000000112ce63,0x0000000001097b7b,0x000000000112ce63,0x0000000001097b7b,0x0000000000185eba,0x00000000000007a6,0x00000000000051fe,0x000000000000087c,0x00000000000065da,0x00000000007f81fe,0x000000000000140a
1784428568027,0x0000000080009fc2,0x0000000080018dc0,0x0000000080007a7a,0x0000000000040000,0x00000000800191f0,0x0000000080018e40,0x00000000005869e6,0x0000000036000000,0x0000000000a44c77,0x0000000000000002,0x00000000002c34f3,0x0000000000000000,0x000000006c040000,0x000000006c080000,0x0000000000000013,0x000000006c040000,0x00000000005869e6,0x3fedd0be6c438fbd,0x000000008000a10e,0x403e88fa391e4305,0x403e88fa391e4305,0x4129fe736adab9f5,0x4152075a726809d5,0x01a56e1fc2f8f359,0x0000000000000000,0x403e88fa391e4305,0x000000008000a10e,0x0000000001138c0e,0x00000000010a3897,0x0000000001138c0e,0x00000000010a3897,0x0000000000186d97,0x00000000000007a8,0x00000000000051fe,0x000000000000087c,0x00000000000065f4,0x00000000007fdc9a,0x000000000000140d
1784428568873,0x00000000800056f8,0x0000000080019060,0x0000000080007a7a,0x000000000000000f,0x0000000080019430,0x00000000800190b0,0x0000000080019548,0x000000008000f238,0x0000000000000006,0x0000000000000006,0x0000000000000002,0x0000000000000006,0x000000008000f201,0x3fe4812aff764c27,0x0000000000000000,0x00000000303f16f8,0x0000000000448844,0x3fedd0be6c43fbd4,0x000000008000496c,0x0000000000000000,0x414fe4bef2b367a1,0x4129fe5f0d4fdf3b,0x41520754268c154d,0x0000000000000000,0x0000000000000000,0x0000000000000000,0x000000008000496c,0x0000000001144cf6,0x00000000010af343,0x0000000001144cf6,0x00000000010af343,0x0000000000188262,0x00000000000007b1,0x0000000000005201,0x000000000000088b,0x0000000000006651,0x0000000000803a6a,0x0000000000001410
1784428569667,0x000000008000589c,0x0000000080018ed0,0x0000000080007a7a,0x0000000000000000,0x00000000800191f0,0x0000000080018f20,0x0000000080019280,0x0000000080019118,0x0000000000000006,0x0000000000000003,0x0000000000000003,0x0000000000000002,0x000000005b7befff,0x0000000043f1462e,0x0000000000000000,0x000000005b1367de,0x000000000055dc95,0x3fedd0be6c43fbd4,0x0000000080004a14,0x0000000000000000,0x4025772550fc518c,0x4129fe5f0d4fdf3b,0x41520754268c154d,0x3ff12c1dda63f408,0x0000000000000000,0x0000000000000000,0x0000000080004a14,0x0000000001151b63,0x00000000010bc22a,0x0000000001151b63,0x00000000010bc22a,0x00000000001892df,0x00000000000007ba,0x0000000000005201,0x000000000000088b,0x0000000000006679,0x0000000000809e9a,0x0000000000001413
1784428570436,0x00000000800056f8,0x0000000080019060,0x0000000080007a7a,0x000000000000000f,0x0000000080019430,0x00000000800190b0,0x0000000080019548,0x000000008000f238,0x0000000000000006,0x0000000000000006,0x0000000080019310,0x0000000080019420,0x000000008000f201,0x3fdad55964123b90,0x0000000000000000,0x000000000c1a95f8,0x00000000005f0b1f,0x3fedd0be6c445178,0x000000008000495c,0x0000000000000000,0x414fe4bdaf3eab36,0x4129fe6b8fdf3b64,0x415207594125460b,0x3ff0000000000000,0x0000000000000000,0x0000000000000000,0x000000008000495c,0x000000000115e158,0x00000000010c8171,0x000000000115e158,0x00000000010c8171,0x000000000018a7e3,0x00000000000007bc,0x0000000000005204,0x000000000000089a,0x00000000000066c1,0x000000000080fd72,0x0000000000001416
1784428571203,0x00000000800058f2,0x0000000080018ed0,0x0000000080007a7a,0x0000000000000000,0x00000000800191f0,0x0000000080018f20,0x00000000800193a0,0x00000000800194a0,0x0000000000000006,0x0000000000000003,0x0000000080018f50,0x0000000080018fc0,0x0000000042d2ffde,0x0000000043f14e52,0x0000000000000000,0x0000000042d2f6de,0x000000000055dc95,0x3fedd0be6c445178,0x00000000800049f2,0x0000000000000000,0x4025772550fc5395,0x4129fe6b8fdf3b64,0x415207594125460b,0x0000000000000000,0x0000000000000000,0x0000000000000000,0x00000000800049f2,0x000000000116a2aa,0x00000000010d439c,0x000000000116a2aa,0x00000000010d439c,0x000000000018b7ad,0x00000000000007c5,0x0000000000005204,0x000000000000089a,0x00000000000066e3,0x0000000000815b5d,0x0000000000001419
1784428571981,0x0000000080005744,0x0000000080019060,0x0000000080007a7a,0x000000000000000f,0x00000000800191f0,0x00000000800190b0,0x0000000080019310,0x00000000800191f0,0x0000000000000006,0x0000000000000006,0x0000000000000003,0x0000000000000012,0x000000008000f201,0x3fda737a4b89ce4c,0x0000000000000000,0xffffffffde938c9e,0x000000000067797d,0x3fedd0be6c449209,0x0000000080004992,0x0000000000000000,0x414fe4c0c8ef34d7,0x4129fe599487fcb9,0x4152075c82eb1c43,0x0000000000000000,0x0000000000000000,0x0000000000000000,0x0000000080004992,0x0000000001177ff0,0x00000000010e1abd,0x0000000001177ff0,0x00000000010e1abd,0x000000000018ce17,0x00000000000007c7,0x0000000000005206,0x00000000000008a5,0x000000000000672e,0x000000000081c5a3,0x000000000000141c
1784428572748,0x00000000800057ae,0x0000000080018d90,0x0000000080007a7a,0x0000000000000000,0x00000000800191f0,0x0000000080018de0,0x0000000080018f50,0x000000008000f238,0x0000000000000006,0x0000000000000006,0x000000008000f238,0x0000000000000000,0xffffffffe9f3f77f,0x0000000043f155e4,0x0000000000000000,0xffffffffe9f36678,0x000000000055dc95,0x3fedd0be6c449209,0x00000000800049d0,0x0000000000000000,0x4025772550fc5579,0x4129fe599487fcb9,0x4152075c82eb1c43,0x8000000000000000,0x0000000000000000,0x8000000000000000,0x00000000800049d0,0x000000000118384e,0x00000000010ed37d,0x000000000118384e,0x00000000010ed37d,0x000000000018dd27,0x00000000000007d0,0x0000000000005206,0x00000000000008a5,0x0000000000006752,0x0000000000821f24,0x000000000000141f
1784428573504,0x0000000080005744,0x0000000080019060,0x0000000080007a7a,0x000000000000000f,0x00000000800191f0,0x00000000800190b0,0x0000000080019310,0x00000000800191f0,0x0000000000000006,0x0000000000000006,0x00000000800190d0,0x0000000080019198,0x000000008000f201,0x3fe0d214e221d3bb,0x0000000000000000,0x000000000944a95e,0x00000000005af978,0x3fedd0be6c44bf72,0x00000000800049f0,0x0000000000000000,0x414fe4c03d2f1aa0,0x4129fe672ea4a8c1,0x4152075b6fafb7e9,0x0000000000000000,0x0000000000000000,0x0000000000000000,0x00000000800049f0,0x000000000118fc9a,0x00000000010f917f,0x000000000118fc9a,0x00000000010f917f,0x000000000018f1a5,0x00000000000007d2,0x0000000000005208,0x00000000000008b0,0x000000000000679e,0x0000000000827dab,0x0000000000001422
1784428574282,0x00000000800057ae,0x0000000080018d90,0x0000000080007a7a,0x0000000000000000,0x00000000800191f0,0x0000000080018de0,0x0000000080018f50,0x000000008000f238,0x0000000000000006,0x0000000000000006,0x0000000000000004,0x000000000000000a,0xffffffff9bb557ae,0x0000000043f15c90,0x0000000000000000,0xffffffff9bb41780,0x000000000055dc95,0x3fedd0be6c44bf72,0x00000000800049bc,0x0000000000000000,0x4025772550fc5724,0x4129fe672ea4a8c1,0x4152075b6fafb7e9,0x8000000000000000,0x0000000000000000,0x0000000000000000,0x00000000800049bc,0x000000000119c8cc,0x0000000001105e06,0x000000000119c8cc,0x0000000001105e06,0x0000000000190258,0x00000000000007db,0x0000000000005208,0x00000000000008b0,0x00000000000067bd,0x000000000082e076,0x0000000000001425
1784428575139,0x0000000080005820,0x0000000080018ed0,0x0000000080007a7a,0x000000000000000f,0x00000000800191f0,0x0000000080018f20,0x000000008000f238,0x0000000080019310,0x0000000000000006,0x0000000000000006,0x0000000000000002,0x0000000000000002,0x000000008000f201,0x3fe280af76cf50b4,0x0000000000000000,0xffffffffae5849fe,0x0000000000445c54,0x3fedd0be6c44dbf3,0x0000000080004978,0x0000000000000000,0x414fe4b98b439581,0x4129fe60e3fe5c92,0x415207585c63f141,0x401623e8e4790c0a,0x0000000000000000,0x0000000000000000,0x0000000080004978,0x00000000011a8f87,0x0000000001111ef1,0x00000000011a8f87,0x0000000001111ef1,0x00000000001916f3,0x00000000000007dd,0x000000000000520b,0x00000000000008bf,0x000000000000680d,0x0000000000834064,0x0000000000001428
1784428575932,0x0000000080006260,0x0000000080019230,0x402a6014520db722,0x0000000000000000,0x0000000000000000,0x0000000080019440,0x0000000080019698,0x00000000800194a0,0x000000008000f238,0x00000000800003f0,0x000000008000f238,0x000000008000f250,0x0000000047879ffe,0xffffffffa5c6f012,0x0000000000000000,0x0000000047831f5e,0x0000000000659ecc,0x3fedd0be6c44e9f4,0x0000000080005c0a,0x0000000000000000,0x402967b32971bc05,0x4129fe60e3fe5c92,0x415207585c63f141,0x01a56e1fc2f8f359,0x0000000000000000,0x0000000000000000,0x0000000080005c0a,0x00000000011b5c44,0x000000000111eacb,0x00000000011b5c44,0x000000000111eacb,0x0000000000192802,0x00000000000007e6,0x000000000000520b,0x00000000000008bf,0x0000000000006852,0x000000000083a408,0x000000000000142b
1784428576719,0x0000000080005820,0x0000000080018ed0,0x0000000080007a7a,0x000000000000000f,0x00000000800191f0,0x0000000080018f20,0x000000008000f238,0x0000000080019310,0x0000000000000006,0x0000000000000006,0x0000000000000000,0x0000000000000006,0x000000008000f201,0x3fe01f6d71f43a5c,0x0000000000000000,0xffffffffb0430e78,0x000000000074d110,0x3fedd0be6c44e9f4,0x00000000800049be,0x0000000000000000,0x414fe4c34d21ff2e,0x4129fe6456872b02,0x4152075981bda512,0x3fe1aec7af362c5b,0x0000000000000000,0x0000000000000000,0x00000000800049be,0x00000000011c113f,0x0000000001129a25,0x00000000011c113f,0x0000000001129a25,0x0000000000193ad5,0x00000000000007e8,0x000000000000520e,0x00000000000008cc,0x0000000000006886,0x000000000083fa66,0x000000000000142e
1784428577503,0x0000000080006260,0x0000000080019230,0x402a6014520dc925,0x0000000000000000,0x0000000000000000,0x0000000080019440,0x0000000080019698,0x00000000800194a0,0x000000008000f238,0x00000000800003f0,0x0000000000000003,0x0000000000000005,0x000000000addfffe,0x0000000040466f0e,0x0000000000000000,0x000000000a156d9e,0x000000000065cf03,0x3fedd0be6c44ebde,0x0000000080005c22,0x0000000000000000,0x402973c0d0119bc4,0x4129fe6456872b02,0x4152075981bda512,0x01a56e1fc2f8f359,0x0000000000000000,0x0000000000000000,0x0000000080005c22,0x00000000011cd358,0x0000000001135b36,0x00000000011cd358,0x0000000001135b36,0x0000000000194b11,0x00000000000007f1,0x000000000000520e,0x00000000000008cc,0x00000000000068cc,0x00000000008458ff,0x0000000000001431
1784428578333,0x0000000080005820,0x0000000080018ed0,0x0000000080007a7a,0x000000000000000f,0x00000000800191f0,0x0000000080018f20,0x000000008000f238,0x0000000080019310,0x0000000000000006,0x0000000000000006,0x0000000000000001,0x0000000000000010,0x000000008000f201,0x3fde8bd428322159,0x0000000000000000,0x000000006010f2e0,0x000000000053501e,0x3fedd0be6c44ebde,0x00000000800049e4,0x0000000000000000,0x414fe4c089b3d07d,0x4129fe5b54fdf3b6,0x4152075e7e1cac08,0x0000000000000000,0x0000000000000000,0x0000000000000000,0x00000000800049e4,0x00000000011d91c2,0x0000000001141473,0x00000000011d91c2,0x0000000001141473,0x0000000000195ea8,0x00000000000007f3,0x0000000000005210,0x00000000000008d7,0x00000000000068f3,0x000000000084b3fa,0x0000000000001434
1784428579134,0x0000000080006260,0x0000000080019230,0x402a6014520dd682,0x0000000000000000,0x0000000000000000,0x0000000080019440,0x0000000080019698,0x00000000800194a0,0x000000008000f238,0x00000000800003f0,0x0000000000000002,0x0000000000000002,0xffffffff9bffffee,0x0000000021bebec6,0x0000000000000000,0xffffffff9bf6bf6e,0x0000000000489482,0x3fedd0be6c44e406,0x0000000080005b9e,0x0000000000000000,0x40322520886fafb2,0x4129fe5b54fdf3b6,0x4152075e7e1cac08,0x01a56e1fc2f8f359,0x0000000000000000,0x0000000000000000,0x0000000080005b9e,0x00000000011e53e5,0x000000000114d448,0x00000000011e53e5,0x000000000114d448,0x0000000000196ffe,0x00000000000007fc,0x0000000000005210,0x00000000000008d7,0x000000000000694f,0x0000000000851306,0x0000000000001437
1784428579980,0x000000008000583a,0x0000000080018ed0,0x0000000080007a7a,0x000000000000000f,0x00000000800191f0,0x0000000080018f20,0x00000000800194a0,0x000000008000f238,0x0000000000000003,0x0000000000000006,0x0000000000000001,0x0000000000000006,0x000000008000f201,0x3fe456e0906880fc,0x0000000000000000,0x000000004171c96e,0x00000000007e0f70,0x3fedd0be6c44e406,0x00000000800049da,0x0000000000000000,0x414fe4bc48a0902e,0x4129fe64fb22d0e5,0x41520758d075f6fd,0x3ff0000000000000,0x0000000000000000,0x3fe1aec7af362c5b,0x00000000800049da,0x00000000011f1a80,0x000000000115961b,0x00000000011f1a80,0x000000000115961b,0x0000000000198312,0x00000000000007fe,0x0000000000005212,0x00000000000008e1,0x000000000000697c,0x000000000085711d,0x000000000000143a
1784428580742,0x0000000080009fc2,0x0000000080019420,0x402a6014520ddf75,0x0000000000080000,0x0000000000000000,0x0000000080019700,0x00000000004e7ef1,0xffffffffd5a00000,0x000000000035ca7f,0x0000000000000003,0x0000000000273f78,0xffffffff8b800000,0xffffffffab480000,0xffffffffab400000,0x0000000000000014,0xffffffffab480000,0x00000000004e7ef1,0x3fedd0be6c44d495,0x000000008000a120,0x4058119a372a7031,0x4058119a372a7031,0x4129fe64fb22d0e5,0x41520758d075f6fd,0xc022502de0100000,0x4028dd099e123ca6,0x4058119a372a7031,0x000000008000a120,0x00000000011fe33c,0x00000000011659cc,0x00000000011fe33c,0x00000000011659cc,0x0000000000199852,0x0000000000000809,0x0000000000005212,0x00000000000008e2,0x00000000000069e2,0x000000000085d448,0x000000000000143d
1784428581481,0x0000000080005850,0x0000000080018ed0,0x0000000080007a7a,0x000000000000000f,0x00000000800191f0,0x0000000080018f20,0x00000000800191f0,0x0000000080019310,0x0000000000000003,0x0000000000000006,0x00000000800191f0,0x0000000080019200,0x000000008000f201,0x3fe1c6a39148ce22,0x0000000000000000,0xffffffffe2cc4bbe,0x00000000004e7ef1,0x3fedd0be6c44d495,0x00000000800049a4,0x0000000000000000,0x414fe4bfb1eb851f,0x4129fe4f8f1a9fbe,0x4152075cff5f6fd2,0x3fe1aec7af362c5b,0x401623e8e4790c0a,0x401623e8e4790c0a,0x00000000800049a4,0x0000000001209efd,0x0000000001171445,0x0000000001209efd,0x0000000001171445,0x000000000019a72d,0x0000000000000809,0x0000000000005215,0x00000000000008f0,0x00000000000069f0,0x0000000000862ca0,0x0000000000001440
1784428582328,0x00000000800056f8,0x0000000080019060,0x0000000080007a7a,0x000000000000000f,0x0000000080019430,0x00000000800190b0,0x0000000080019548,0x000000008000f238,0x0000000000000006,0x0000000000000006,0x000000008000f238,0x0000000000000028,0x000000008000f201,0x3fe45fbafb83d7aa,0x0000000000000000,0xffffffff98a0a4be,0x00000000006be8e2,0x3fedd0be6c44bf84,0x00000000800049c4,0x0000000000000000,0x414fe4bb42de00d2,0x4129fe65794af4f1,0x415207588f62b6ae,0x3ff0000000000000,0x0000000000000000,0x0000000000000000,0x00000000800049c4,0x000000000121679d,0x000000000117d86b,0x000000000121679d,0x000000000117d86b,0x000000000019bc4e,0x0000000000000814,0x0000000000005218,0x00000000000008ff,0x0000000000006a60,0x0000000000869080,0x0000000000001443
1784428583053,0x000000008000589c,0x0000000080018ed0,0x0000000080007a7a,0x0000000000000000,0x00000000800191f0,0x0000000080018f20,0x0000000080019280,0x0000000080019118,0x0000000000000006,0x0000000000000003,0x00000000800193a0,0x00000000800193a0,0xffffffff8dfd7dde,0x0000000043f16db2,0x0000000000000000,0xffffffff8ded781e,0x000000000055dc95,0x3fedd0be6c44bf84,0x00000000800049f0,0x0000000000000000,0x4025772550fc5b6d,0x4129fe65794af4f1,0x415207588f62b6ae,0x401623e8e4790c0a,0x0000000000000000,0x3fc733d476943792,0x00000000800049f0,0x0000000001223655,0x000000000118a755,0x0000000001223655,0x000000000118a755,0x000000000019ccd3,0x000000000000081d,0x0000000000005218,0x00000000000008ff,0x0000000000006a88,0x000000000086f4c1,0x0000000000001446
1784428583871,0x00000000800056f8,0x0000000080019060,0x0000000080007a7a,0x000000000000000f,0x0000000080019430,0x00000000800190b0,0x0000000080019548,0x000000008000f238,0x0000000000000006,0x0000000000000006,0x0000000000000004,0x0000000000000006,0x000000008000f201,0x3fe125b7f1b22f2a,0x0000000000000000,0xffffffffa90ef978,0x000000000061c29c,0x3fedd0be6c44a690,0x000000008000496c,0x0000000000000000,0x414fe4bd84504817,0x4129fe668d1b7176,0x4152075d1460aa65,0x0000000000000000,0x0000000000000000,0x0000000000000000,0x000000008000496c,0x000000000122faf9,0x00000000011965c9,0x000000000122faf9,0x00000000011965c9,0x000000000019e1b6,0x000000000000081f,0x000000000000521a,0x000000000000090a,0x0000000000006ad7,0x0000000000875320,0x0000000000001449
1784428584674,0x000000008000589c,0x0000000080018ed0,0x0000000080007a7a,0x0000000000000000,0x00000000800191f0,0x0000000080018f20,0x0000000080019280,0x0000000080019118,0x0000000000000006,0x0000000000000003,0x00000000800193a0,0x0000000000000001,0x000000002879fb7e,0x0000000043f16d4a,0x0000000000000000,0x000000002801f34e,0x000000000055dc95,0x3fedd0be6c44a690,0x00000000800049f6,0x0000000000000000,0x4025772550fc5b53,0x4129fe668d1b7176,0x4152075d1460aa65,0x401623e8e4790c0a,0x0000000000000000,0x0000000000000000,0x00000000800049f6,0x000000000123b36d,0x00000000011a1ea4,0x000000000123b36d,0x00000000011a1ea4,0x000000000019f064,0x0000000000000828,0x000000000000521a,0x000000000000090a,0x0000000000006b00,0x000000000087acf7,0x000000000000144c
1784428585469,0x00000000800056f8,0x0000000080019060,0x0000000080007a7a,0x000000000000000f,0x0000000080019430,0x00000000800190b0,0x0000000080019548,0x000000008000f238,0x0000000000000006,0x0000000000000006,0x0000000080019310,0x0000000080019388,0x000000008000f201,0x3fe39395d66eeb82,0x0000000000000000,0xffffffffd19db2de,0x0000000000615101,0x3fedd0be6c448b37,0x00000000800049f0,0x0000000000000000,0x414fe4bd5dcc63f1,0x4129fe6a9d638866,0x4152075e4135a858,0x3ff0000000000000,0x0000000000000000,0x3fdcf46da09c9984,0x00000000800049f0,0x00000000012463c7,0x00000000011ac8b4,0x00000000012463c7,0x00000000011ac8b4,0x00000000001a03a4,0x000000000000082a,0x000000000000521c,0x0000000000000915,0x0000000000006b46,0x00000000008801ae,0x000000000000144f
1784428586226,0x000000008000519e,0x0000000080018e90,0x0000000080007a7a,0x0000000000000000,0x00000000800191f0,0x0000000080018ee0,0x0000000000000000,0x0000000050fc5b12,0x000000003fe00000,0x4025772550fc5b12,0x0000000000000002,0x0000000000000002,0x00000000293dfe7f,0x0000000043f16c46,0x0000000000000000,0x0000000029346e6e,0x000000000055dc95,0x3fedd0be6c448b37,0x00000000800053d6,0x0000000000000000,0x4025772550fc5b12,0x4129fe6a9d638866,0x4152075e4135a858,0x0000000000000000,0x0000000000000000,0x0000000000000000,0x00000000800053d6,0x0000000001252099,0x00000000011b85a2,0x0000000001252099,0x00000000011b85a2,0x00000000001a12bb,0x0000000000000833,0x000000000000521c,0x0000000000000915,0x0000000000006b6a,0x0000000000885d74,0x0000000000001452
1784428587060,0x00000000800056f8,0x0000000080019060,0x0000000080007a7a,0x000000000000000f,0x0000000080019430,0x00000000800190b0,0x0000000080019548,0x000000008000f238,0x0000000000000006,0x0000000000000006,0x0000000080019310,0x00000000800193c8,0x000000008000f201,0x3fe6e78668f6694f,0x0000000000000000,0xffffffffb8c9c038,0x0000000000543938,0x3fedd0be6c446eb7,0x0000000080004982,0x0000000000000000,0x414fe4bb3e0aa64c,0x4129fe584b1c432d,0x41520758be9c779a,0x0000000000000000,0x0000000000000000,0x0000000000000000,0x0000000080004982,0x000000000125e6bf,0x00000000011c451f,0x000000000125e6bf,0x00000000011c451f,0x00000000001a27a4,0x0000000000000835,0x000000000000521f,0x0000000000000924,0x0000000000006bc5,0x000000000088bc5f,0x0000000000001455
1784428587796,0x000000008000589c,0x0000000080018ed0,0x0000000080007a7a,0x0000000000000000,0x00000000800191f0,0x0000000080018f20,0x0000000080019280,0x0000000080019118,0x0000000000000006,0x0000000000000003,0x0000000000000001,0x0000000000000003,0x00000000137db7ff,0x0000000043f16ac6,0x0000000000000000,0x000000001355b76e,0x000000000055dc95,0x3fedd0be6c446eb7,0x00000000800049da,0x0000000000000000,0x4025772550fc5ab2,0x4129fe584b1c432d,0x41520758be9c779a,0x3fe1aec7af362c5b,0x0000000000000000,0x0000000000000000,0x00000000800049da,0x0000000001269ceb,0x00000000011cfbb8,0x0000000001269ceb,0x00000000011cfbb8,0x00000000001a3620,0x000000000000083e,0x000000000000521f,0x0000000000000924,0x0000000000006bf0,0x0000000000891527,0x0000000000001458
1784428588621,0x00000000800056f8,0x0000000080019060,0x0000000080007a7a,0x000000000000000f,0x0000000080019430,0x00000000800190b0,0x0000000080019548,0x000000008000f238,0x0000000000000006,0x0000000000000006,0x0000000000000001,0x0000000000000019,0x000000008000f201,0x3fe3022dd6b473a4,0x0000000000000000,0xffffffffbb820380,0x000000000071a3af,0x3fedd0be6c445218,0x000000008000499a,0x0000000000000000,0x414fe4bd8d182a99,0x4129fe6006a7ef9e,0x4152075ebc7ae148,0x0000000000000000,0x0000000000000000,0x0000000000000000,0x000000008000499a,0x000000000127661a,0x00000000011dbe46,0x000000000127661a,0x00000000011dbe46,0x00000000001a4b63,0x0000000000000840,0x0000000000005222,0x0000000000000931,0x0000000000006c3e,0x000000000089757f,0x000000000000145b
1784428589455,0x00000000800058f2,0x0000000080018ed0,0x0000000080007a7a,0x0000000000000000,0x00000000800191f0,0x0000000080018f20,0x00000000800193a0,0x00000000800194a0,0x0000000000000006,0x0000000000000003,0x0000000000000002,0x0000000000000006,0xffffffffe073ff7a,0x0000000043f168ec,0x0000000000000000,0xffffffffe053b338,0x000000000055dc95,0x3fedd0be6c445218,0x000000008000496c,0x0000000000000000,0x4025772550fc5a3b,0x4129fe6006a7ef9e,0x4152075ebc7ae148,0x0000000000000000,0x0000000000000000,0x0000000000000000,0x000000008000496c,0x0000000001283139,0x00000000011e8a2c,0x0000000001283139,0x00000000011e8a2c,0x00000000001a5bf7,0x0000000000000849,0x0000000000005222,0x0000000000000931,0x0000000000006c60,0x000000000089d800,0x000000000000145e
1784428590300,0x0000000080005744,0x0000000080019060,0x0000000080007a7a,0x000000000000000f,0x00000000800191f0,0x00000000800190b0,0x0000000080019310,0x00000000800191f0,0x0000000000000006,0x0000000000000006,0x0000000000000000,0x0000000000000006,0x000000008000f201,0x3fe6985633632a47,0x0000000000000000,0x000000004dfa9d78,0x000000000059bda8,0x3fedd0be6c443628,0x00000000800049d6,0x0000000000000000,0x414fe4bb990cb296,0x4129fe595e76c8b4,0x4152075e893c3611,0x0000000000000000,0x0000000000000000,0x0000000000000000,0x00000000800049d6,0x000000000128f15e,0x00000000011f4473,0x000000000128f15e,0x00000000011f4473,0x00000000001a6ffd,0x000000000000084b,0x0000000000005224,0x000000000000093c,0x0000000000006cb9,0x00000000008a34a5,0x0000000000001461
1784428591152,0x000000008000578a,0x0000000080018db0,0x0000000080007a7a,0x0000000000000000,0x00000000800191f0,0x0000000080018de0,0x0000000080018f50,0x0000000000000006,0x0000000000000006,0x0000000000000003,0x0000000000000001,0x0000000000000000,0x0000000021fdf6f9,0x0000000043f166d4,0x0000000000000000,0x0000000021c53038,0x000000000055dc95,0x3fedd0be6c443628,0x0000000080004cde,0x0000000000000000,0x4025772550fc59b5,0x4129fe595e76c8b4,0x4152075e893c3611,0x3f8314f4c02b96bd,0x0000000000000000,0xbfc733d476943792,0x0000000080004cde,0x000000000129b70a,0x0000000001200a09,0x000000000129b70a,0x0000000001200a09,0x00000000001a8039,0x0000000000000854,0x0000000000005224,0x000000000000093c,0x0000000000006cd6,0x00000000008a9427,0x0000000000001464
1784428591982,0x0000000080005744,0x0000000080019060,0x0000000080007a7a,0x000000000000000f,0x00000000800191f0,0x00000000800190b0,0x0000000080019310,0x00000000800191f0,0x0000000000000006,0x0000000000000006,0x00000000800191f0,0x0000000080019268,0x000000008000f201,0x3fe94266abb2bd78,0x0000000000000000,0xffffffff8cf6bd4e,0x000000000052fefd,0x3fedd0be6c441b86,0x00000000800049c8,0x0000000000000000,0x414fe4bff9f559b4,0x4129fe61620c49ba,0x4152075a17a5e354,0x4013efc4d6ad9501,0x0000000000000000,0x0000000000000000,0x00000000800049c8,0x00000000012a7942,0x000000000120c68f,0x00000000012a7942,0x000000000120c68f,0x00000000001a9477,0x0000000000000856,0x0000000000005226,0x0000000000000947,0x0000000000006d1f,0x00000000008af201,0x0000000000001467
1784428592820,0x0000000080005794,0x0000000080018db0,0x0000000080007a7a,0x0000000000000000,0x00000000800191f0,0x0000000080018de0,0x0000000080018f50,0x0000000000000006,0x0000000000000006,0x0000000000000003,0x0000000000000005,0x0000000000000005,0x0000000000eb27ba,0x0000000043f16494,0x0000000000000000,0x0000000000ea0538,0x000000000055dc95,0x3fedd0be6c441b86,0x0000000080004d6e,0x0000000000000000,0x4025772550fc5925,0x4129fe61620c49ba,0x4152075a17a5e354,0x3f8314f4c02b86ce,0xbfc0e154af64f656,0x3febc7aad426c26a,0x0000000080004d6e,0x00000000012b3269,0x0000000001218040,0x00000000012b3269,0x0000000001218040,0x00000000001aa39f,0x000000000000085f,0x0000000000005226,0x0000000000000947,0x0000000000006d44,0x00000000008b4be2,0x000000000000146a
1784428593652,0x0000000080005744,0x0000000080019060,0x0000000080007a7a,0x000000000000000f,0x00000000800191f0,0x00000000800190b0,0x0000000080019310,0x00000000800191f0,0x0000000000000006,0x0000000000000006,0x0000000000000000,0x0000000000000018,0x000000008000f201,0x3fe609900a6785c8,0x0000000000000000,0x0000000046d78e7e,0x00000000006c515b,0x3fedd0be6c44029f,0x0000000080004976,0x0000000000000000,0x414fe4b8a3dd97f6,0x4129fe6bcb1c432d,0x4152075b24e21965,0x0000000000000000,0x0000000000000000,0x0000000000000000,0x0000000080004976,0x00000000012bfcfb,0x0000000001224469,0x00000000012bfcfb,0x0000000001224469,0x00000000001ab89a,0x0000000000000861,0x0000000000005229,0x0000000000000956,0x0000000000006d95,0x00000000008bad4c,0x000000000000146d
1784428594316,0x00000000800057ae,0x0000000080018d90,0x0000000080007a7a,0x0000000000000000,0x00000000800191f0,0x0000000080018de0,0x0000000080018f50,0x000000008000f238,0x0000000000000006,0x0000000000000006,0x0000000000000005,0x0000000000000006,0x000000001f7fffff,0x0000000043f16244,0x0000000000000000,0x000000001f1feef8,0x000000000055dc95,0x3fedd0be6c44029f,0x00000000800049b0,0x0000000000000000,0x4025772550fc5891,0x4129fe6bcb1c432d,0x4152075b24e21965,0x8000000000000000,0x0000000000000000,0x0000000000000000,0x00000000800049b0,0x00000000012cad14,0x000000000122f538,0x00000000012cad14,0x000000000122f538,0x00000000001ac706,0x000000000000086a,0x0000000000005229,0x0000000000000956,0x0000000000006db6,0x00000000008c0302,0x0000000000001470
1784428595115,0x0000000080005744,0x0000000080019060,0x0000000080007a7a,0x000000000000000f,0x00000000800191f0,0x00000000800190b0,0x0000000080019310,0x00000000800191f0,0x0000000000000006,0x0000000000000006,0x00000000800190d0,0x00000000800191a0,0x000000008000f201,0x3fe44a07f9fe4c9e,0x0000000000000000,0x000000004bd5c6e0,0x000000000043d725,0x3fedd0be6c43ebc1,0x00000000800049f0,0x0000000000000000,0x414fe4b9603126e9,0x4129fe6971d14e3c,0x4152075ccd85f06f,0x0000000000000000,0x0000000000000000,0x0000000000000000,0x00000000800049f0,0x00000000012d759c,0x000000000123b74d,0x00000000012d759c,0x000000000123b74d,0x00000000001adbdb,0x000000000000086c,0x000000000000522c,0x0000000000000965,0x0000000000006e05,0x00000000008c636f,0x0000000000001473
1784428595935,0x00000000800057ae,0x0000000080018d90,0x0000000080007a7a,0x0000000000000000,0x00000000800191f0,0x0000000080018de0,0x0000000080018f50,0x000000008000f238,0x0000000000000006,0x0000000000000006,0x0000000080018df0,0x0000000080018ed0,0xffffffffb57dbfef,0x0000000043f15ff6,0x0000000000000000,0xffffffffb56dbfce,0x000000000055dc95,0x3fedd0be6c43ebc1,0x0000000080004984,0x0000000000000000,0x4025772550fc57fe,0x4129fe6971d14e3c,0x4152075ccd85f06f,0x8000000000000000,0x0000000000000000,0x0000000000000000,0x0000000080004984,0x00000000012e49f6,0x0000000001248be1,0x00000000012e49f6,0x0000000001248be1,0x00000000001aed38,0x0000000000000875,0x000000000000522c,0x0000000000000965,0x0000000000006e28,0x00000000008cca0e,0x0000000000001476
1784428596799,0x0000000080005820,0x0000000080018ed0,0x0000000080007a7a,0x000000000000000f,0x00000000800191f0,0x0000000080018f20,0x000000008000f238,0x0000000080019310,0x0000000000000006,0x0000000000000006,0x0000000000000001,0x0000000000000004,0x000000008000f201,0x3fe48f8e83fe7252,0x0000000000000000,0xffffffff82841780,0x00000000007f60c0,0x3fedd0be6c43d719,0x000000008000497a,0x0000000000000000,0x414fe4ba50068db9,0x4129fe5cdafb7e91,0x4152075b58361134,0x0000000000000000,0x0000000000000000,0x0000000000000000,0x000000008000497a,0x00000000012f0b9b,0x00000000012547ba,0x00000000012f0b9b,0x00000000012547ba,0x00000000001b0167,0x0000000000000877,0x000000000000522e,0x0000000000000970,0x0000000000006e75,0x00000000008d2794,0x0000000000001479
1784428597656,0x0000000080009fc2,0x0000000080019420,0x402a6014520da520,0x0000000001000000,0x0000000000000000,0x0000000080019700,0x000000000066a390,0x0000000066000000,0x00000000009fed21,0x0000000000000002,0x00000000003351c8,0x000000005c000000,0x00000000009fed21,0xffffffffcc000000,0x0000000000000019,0x000000005c000000,0x000000000066a390,0x3fedd0be6c43c4b4,0x000000008000a13e,0x4044935ff362b154,0x4044935ff362b154,0x4129fe5cdafb7e91,0x4152075b58361134,0x3ff0000000000000,0x4021ab6f6152ff03,0x4044935ff362b154,0x000000008000a13e,0x00000000012fcec2,0x0000000001260a7f,0x00000000012fcec2,0x0000000001260a7f,0x00000000001b115d,0x0000000000000880,0x000000000000522e,0x0000000000000970,0x0000000000006ead,0x00000000008d8620,0x000000000000147c
1784428598492,0x000000008000583a,0x0000000080018ed0,0x0000000080007a7a,0x000000000000000f,0x00000000800191f0,0x0000000080018f20,0x00000000800194a0,0x000000008000f238,0x0000000000000003,0x0000000000000006,0x0000000000000004,0x0000000000000022,0x000000008000f201,0x3fe2dda73e67bea7,0x0000000000000000,0x000000007d11eb38,0x00000000006f7075,0x3fedd0be6c43c4b4,0x00000000800049be,0x0000000000000000,0x414fe4ba11ce075f,0x4129fe638d1b7176,0x4152075e96858794,0x0000000000000000,0x0000000000000000,0x0000000000000000,0x00000000800049be,0x0000000001309d92,0x000000000126d3e1,0x0000000001309d92,0x000000000126d3e1,0x00000000001b26a4,0x0000000000000882,0x0000000000005230,0x000000000000097b,0x0000000000006ee4,0x00000000008de9ae,0x000000000000147f
1784428599331,0x0000000080009fc2,0x0000000080019420,0x402a6014520d9c74,0x0000000000200000,0x0000000000000000,0x0000000080019700,0x0000000000400000,0x0000000000100000,0x0000000000514be2,0x0000000000000002,0x0000000000200000,0x000000006a177630,0x0000000000000000,0x0000000000000015,0x0000000000000000,0xffffffffc4b2ff78,0x0000000000783609,0x3fedd0be6c43b492,0x000000008000a0dc,0x4042297c4d42eec6,0x4042297c4d42eec6,0x4129fe638d1b7176,0x4152075e96858794,0x4017ae978d500000,0x3ff4593be62d1668,0x4042297c4d42eec6,0x000000008000a0dc,0x0000000001316b44,0x0000000001279ca6,0x0000000001316b44,0x0000000001279ca6,0x00000000001b3c7e,0x000000000000088d,0x0000000000005230,0x000000000000097c,0x0000000000006f2b,0x00000000008e4ea3,0x0000000000001482
1784428600104,0x000000008000583a,0x0000000080018ed0,0x0000000080007a7a,0x000000000000000f,0x00000000800191f0,0x0000000080018f20,0x00000000800194a0,0x000000008000f238,0x0000000000000003,0x0000000000000006,0x0000000000000002,0x0000000000000006,0x000000008000f201,0x3fe51636bdb13d9f,0x0000000000000000,0x00000000193621ce,0x0000000000606e61,0x3fedd0be6c43b492,0x0000000080004a0a,0x0000000000000000,0x414fe4b80bc9eecc,0x4129fe6528240b78,0x4152075e76d91687,0x0000000000000000,0x0000000000000000,0x0000000000000000,0x0000000080004a0a,0x000000000132256c,0x000000000128556f,0x000000000132256c,0x000000000128556f,0x00000000001b4b19,0x000000000000088d,0x0000000000005233,0x000000000000098a,0x0000000000006f54,0x00000000008ea6bb,0x0000000000001485
1784428600921,0x0000000080006362,0x0000000080019440,0x402a6014520d9454,0x0000000000000000,0x0000000000000000,0x0000000080019700,0x0000000000000001,0x000000001ee00e3f,0x000000008000f3a8,0x000000008000f3a8,0x00000000000000c8,0x0000000000000640,0x0000000067f867fa,0x000000007b8038fc,0x0000000000000000,0x0000000067a863f8,0x00000000005a4ac8,0x3fedd0be6c43a69f,0x00000000800064c8,0x0000000000000000,0x401692b21ee00e3f,0x4129fe6528240b78,0x4152075e76d91687,0x01a56e1fc2f8f359,0x3ff0000000000000,0x4152075d4fabe982,0x00000000800064c8,0x000000000132e527,0x00000000012910b0,0x000000000132e527,0x00000000012910b0,0x00000000001b5f9a,0x0000000000000898,0x0000000000005234,0x000000000000098f,0x0000000000006fc1,0x00000000008f066e,0x0000000000001488
1784428601745,0x0000000080009fc2,0x0000000080018dc0,0x0000000080007a7a,0x0000000000586a00,0x00000000800191f0,0x0000000080018e40,0x0000000000586800,0x0000000000000100,0x000000000053fe47,0x0000000000000002,0x00000000002c3400,0xffffffff90c08000,0x0000000000000001,0x0000000000000009,0x0000000000000000,0x0000000067a863f8,0x00000000005a4ac8,0x3fedd0be6c43a69f,0x000000008000a0b6,0x403e88fa391e4302,0x403e88fa391e4302,0x4129fe671cfaacda,0x4152075ff8361134,0x3ff12c1dda6391ca,0x0000000000000000,0x403e88fa391e4302,0x000000008000a0b6,0x000000000133b0b3,0x000000000129da75,0x000000000133b0b3,0x000000000129da75,0x00000000001b6fb0,0x0000000000000898,0x0000000000005236,0x0000000000000997,0x0000000000006fcd,0x00000000008f6594,0x000000000000148b
1784428602596,0x00000000800056f8,0x0000000080019060,0x0000000080007a7a,0x000000000000000f,0x0000000080019430,0x00000000800190b0,0x0000000080019548,0x000000008000f238,0x0000000000000006,0x0000000000000006,0x0000000080019310,0x0000000000000002,0x000000008000f201,0x3fe9a145530be045,0x0000000000000000,0x000000005e1d652e,0x0000000000541be7,0x3fedd0be6c439abc,0x00000000800049fc,0x0000000000000000,0x414fe4b90f4f0d84,0x4129fe61e40b7803,0x4152075b2f7318fc,0x0000000000000000,0x0000000000000000,0x0000000000000000,0x00000000800049fc,0x0000000001347618,0x00000000012a9ac4,0x0000000001347618,0x00000000012a9ac4,0x00000000001b84ae,0x00000000000008a3,0x0000000000005238,0x00000000000009a2,0x000000000000703d,0x00000000008fc76e,0x000000000000148e
1784428603458,0x000000008000589c,0x0000000080018ed0,0x0000000080007a7a,0x0000000000000000,0x00000000800191f0,0x0000000080018f20,0x0000000080019280,0x0000000080019118,0x0000000000000006,0x0000000000000003,0x00000000800193a0,0x00000000800193b8,0xffffffffe3fdfbfe,0x0000000043f15606,0x0000000000000000,0xffffffffe3e5fbee,0x000000000055dc95,0x3fedd0be6c439abc,0x00000000800049f0,0x0000000000000000,0x4025772550fc5582,0x4129fe61e40b7803,0x4152075b2f7318fc,0x0000000000000000,0x3f9287f43dd4dd22,0x3f9287f43dd4dd22,0x00000000800049f0,0x0000000001353988,0x00000000012b5e62,0x0000000001353988,0x00000000012b5e62,0x00000000001b9442,0x00000000000008ac,0x0000000000005238,0x00000000000009a2,0x000000000000706a,0x0000000000902654,0x0000000000001491
1784428604305,0x00000000800056f8,0x0000000080019060,0x0000000080007a7a,0x000000000000000f,0x0000000080019430,0x00000000800190b0,0x0000000080019548,0x000000008000f238,0x0000000000000006,0x0000000000000006,0x0000000000000004,0x0000000000000006,0x000000008000f201,0x3fe6411c91e7de68,0x0000000000000000,0x0000000043f09b4e,0x00000000004e0593,0x3fedd0be6c4390be,0x000000008000496c,0x0000000000000000,0x414fe4b905288ce7,0x4129fe5fe0ebedfa,0x4152075d0022680a,0x0000000000000000,0x0000000000000000,0x0000000000000000,0x000000008000496c,0x00000000013603bb,0x00000000012c224b,0x00000000013603bb,0x00000000012c224b,0x00000000001ba99d,0x00000000000008ae,0x000000000000523a,0x00000000000009ad,0x00000000000070b2,0x0000000000908747,0x0000000000001494
1784428605132,0x00000000800058f2,0x0000000080018ed0,0x0000000080007a7a,0x0000000000000000,0x00000000800191f0,0x0000000080018f20,0x00000000800193a0,0x00000000800194a0,0x0000000000000006,0x0000000000000003,0x0000000080018f50,0x0000000000000002,0x0000000055d8cdfd,0x0000000043f15484,0x0000000000000000,0x0000000055c88df8,0x000000000055dc95,0x3fedd0be6c4390be,0x0000000080004a00,0x0000000000000000,0x4025772550fc5521,0x4129fe5fe0ebedfa,0x4152075d0022680a,0x3f9287f43dd4dd22,0x0000000000000000,0x3f9287f43dd4dd22,0x0000000080004a00,0x000000000136d172,0x00000000012cf028,0x000000000136d172,0x00000000012cf028,0x00000000001bba5a,0x00000000000008b7,0x000000000000523a,0x00000000000009ad,0x00000000000070e6,0x000000000090eaa8,0x0000000000001498
1784428605944,0x0000000080005744,0x0000000080019060,0x0000000080007a7a,0x000000000000000f,0x00000000800191f0,0x00000000800190b0,0x0000000080019310,0x00000000800191f0,0x0000000000000006,0x0000000000000006,0x00000000800191f0,0x00000000800192a8,0x000000008000f201,0x3fe548060a0db8f9,0x0000000000000000,0xffffffffc806c9de,0x0000000000714b10,0x3fedd0be6c43887b,0x00000000800049c8,0x0000000000000000,0x414fe4b5c5604189,0x4129fe6640ded289,0x41520764571758e2,0x0000000000000000,0x0000000000000000,0x0000000000000000,0x00000000800049c8,0x0000000001379aa8,0x00000000012db37d,0x0000000001379aa8,0x00000000012db37d,0x00000000001bcf25,0x00000000000008b9,0x000000000000523d,0x00000000000009bc,0x000000000000712d,0x0000000000914ba0,0x000000000000149b
1784428606782,0x000000008000578a,0x0000000080018db0,0x0000000080007a7a,0x0000000000000000,0x00000000800191f0,0x0000000080018de0,0x0000000080018f50,0x0000000000000006,0x0000000000000006,0x0000000000000003,0x0000000000000004,0x0000000000000022,0xffffffffa271bcf8,0x0000000043f1532c,0x0000000000000000,0xffffffffa2113838,0x000000000055dc95,0x3fedd0be6c43887b,0x0000000080004ce0,0x0000000000000000,0x4025772550fc54cb,0x4129fe6640ded289,0x41520764571758e2,0x3f8314f4c02b3455,0x0000000000000000,0x8000000000000000,0x0000000080004ce0,0x0000000001385921,0x00000000012e71f6,0x0000000001385921,0x00000000012e71f6,0x00000000001bdea6,0x00000000000008c2,0x000000000000523d,0x00000000000009bc,0x000000000000715f,0x000000000091a7c2,0x000000000000149e
1784428607603,0x0000000080005744,0x0000000080019060,0x0000000080007a7a,0x000000000000000f,0x00000000800191f0,0x00000000800190b0,0x0000000080019310,0x00000000800191f0,0x0000000000000006,0x0000000000000006,0x0000000000000000,0x0000000000000006,0x000000008000f201,0x3fecfde5da87bbae,0x0000000000000000,0xfffffffffa25dee0,0x0000000000684f8c,0x3fedd0be6c4381c2,0x000000008000498e,0x0000000000000000,0x414fe4b88d0e5604,0x4129fe6114d6a162,0x4152075f338ef34d,0x4013efc4d6ad9501,0x0000000000000000,0x0000000000000000,0x000000008000498e,0x0000000001390772,0x00000000012f1a20,0x0000000001390772,0x00000000012f1a20,0x00000000001bf15e,0x00000000000008c4,0x0000000000005240,0x00000000000009cb,0x00000000000071a4,0x000000000091fc02,0x00000000000014a1
1784428608365,0x000000008000578a,0x0000000080018db0,0x0000000080007a7a,0x0000000000000000,0x00000000800191f0,0x0000000080018de0,0x0000000080018f50,0x0000000000000006,0x0000000000000006,0x0000000000000003,0x0000000080018f50,0x0000000000000002,0x0000000040df2bcc,0x0000000043f15200,0x0000000000000000,0x0000000040de0000,0x000000000055dc95,0x3fedd0be6c4381c2,0x0000000080004cf0,0x0000000000000000,0x4025772550fc5480,0x4129fe6114d6a162,0x4152075f338ef34d,0x3f8314f4c02b30e5,0x0000000000000000,0x0000000000000000,0x0000000080004cf0,0x000000000139cd0f,0x00000000012fdf63,0x000000000139cd0f,0x00000000012fdf63,0x00000000001c0186,0x00000000000008cd,0x0000000000005240,0x00000000000009cb,0x00000000000071d2,0x0000000000925b4f,0x00000000000014a4
1784428609172,0x0000000080005744,0x0000000080019060,0x0000000080007a7a,0x000000000000000f,0x00000000800191f0,0x00000000800190b0,0x0000000080019310,0x00000000800191f0,0x0000000000000006,0x0000000000000006,0x0000000000000004,0x0000000000000006,0x000000008000f201,0x3fed4962f14454c7,0x0000000000000000,0x0000000043f0866e,0x00000000004e42c7,0x3fedd0be6c437c65,0x0000000080004a06,0x0000000000000000,0x414fe4b59f7ced91,0x4129fe60dfcb923a,0x4152075c9ef9db23,0x3fb85cd8e2c41b82,0x3fdcf46da09c9983,0x3fe185d1eca6d032,0x0000000080004a06,0x00000000013a950c,0x000000000130a1be,0x00000000013a950c,0x000000000130a1be,0x00000000001c1651,0x00000000000008cf,0x0000000000005240,0x00000000000009cc,0x0000000000007217,0x000000000092bbda,0x00000000000014a7
1784428609921,0x00000000800057ae,0x0000000080018d90,0x0000000080007a7a,0x0000000000000000,0x00000000800191f0,0x0000000080018de0,0x0000000080018f50,0x000000008000f238,0x0000000000000006,0x0000000000000006,0x0000000000000000,0x0000000000000006,0xffffffffba977bfe,0x0000000043f150fe,0x0000000000000000,0xffffffffba1221fe,0x000000000055dc95,0x3fedd0be6c437c65,0x00000000800049d6,0x0000000000000000,0x4025772550fc5440,0x4129fe60dfcb923a,0x4152075c9ef9db23,0x3fea330ae25af21c,0x0000000000000000,0x0000000000000000,0x00000000800049d6,0x00000000013b4b41,0x00000000013158b0,0x00000000013b4b41,0x00000000013158b0,0x00000000001c2539,0x00000000000008d8,0x0000000000005240,0x00000000000009cc,0x0000000000007236,0x000000000093147b,0x00000000000014aa
1784428610766,0x0000000080005744,0x0000000080019060,0x0000000080007a7a,0x000000000000000f,0x00000000800191f0,0x00000000800190b0,0x0000000080019310,0x00000000800191f0,0x0000000000000006,0x0000000000000006,0x0000000080019310,0x0000000080019398,0x000000008000f201,0x3fea313e3ef3b6a8,0x0000000000000000,0x00000000445560fe,0x0000000000745a66,0x3fedd0be6c437834,0x00000000800049a4,0x0000000000000000,0x414fe4b52295e9e2,0x4129fe61f23a29c7,0x4152075f0472b021,0x0000000000000000,0x0000000000000000,0x0000000000000000,0x00000000800049a4,0x00000000013bff17,0x000000000132068a,0x00000000013bff17,0x000000000132068a,0x00000000001c3859,0x00000000000008da,0x0000000000005241,0x00000000000009d1,0x000000000000727f,0x0000000000936b70,0x00000000000014ad
1784428611606,0x000000008000578a,0x0000000080018db0,0x0000000080007a7a,0x0000000000000000,0x00000000800191f0,0x0000000080018de0,0x0000000080018f50,0x0000000000000006,0x0000000000000006,0x0000000000000003,0x0000000000000004,0x0000000000000022,0x000000001d735fbf,0x0000000043f15022,0x0000000000000000,0x000000001d735dbe,0x000000000055dc95,0x3fedd0be6c437834,0x0000000080004d02,0x0000000000000000,0x4025772550fc5409,0x4129fe61f23a29c7,0x4152075f0472b021,0x3f8314f4c02b2c2c,0x0000000000000000,0x3f8314f4c02b2c2c,0x0000000080004d02,0x00000000013cbadd,0x000000000132c2fd,0x00000000013cbadd,0x000000000132c2fd,0x00000000001c47b3,0x00000000000008e3,0x0000000000005241,0x00000000000009d1,0x000000000000729c,0x000000000093c695,0x00000000000014b0
1784428612438,0x0000000080005744,0x0000000080019060,0x0000000080007a7a,0x000000000000000f,0x00000000800191f0,0x00000000800190b0,0x0000000080019310,0x00000000800191f0,0x0000000000000006,0x0000000000000006,0x0000000080019310,0x00000000000000c0,0x000000008000f201,0x3fea1eba0b72928a,0x0000000000000000,0x000000003d5d14f8,0x000000000041c588,0x3fedd0be6c437505,0x00000000800049a2,0x0000000000000000,0x414fe4b617f2e48f,0x4129fe5761e4f766,0x4152075f4523a29c,0x0000000000000000,0x0000000000000000,0x0000000000000000,0x00000000800049a2,0x00000000013d85aa,0x000000000133878f,0x00000000013d85aa,0x000000000133878f,0x00000000001c5cc6,0x00000000000008e5,0x0000000000005242,0x00000000000009d7,0x00000000000072e5,0x000000000094281f,0x00000000000014b3
1784428613249,0x00000000800057ae,0x0000000080018d90,0x0000000080007a7a,0x0000000000000000,0x00000000800191f0,0x0000000080018de0,0x0000000080018f50,0x000000008000f238,0x0000000000000006,0x0000000000000006,0x0000000000000001,0x0000000000000007,0xfffffffff2f7b5cf,0x0000000043f14f6a,0x0000000000000000,0xfffffffff2e4b40e,0x000000000055dc95,0x3fedd0be6c437505,0x00000000800049be,0x0000000000000000,0x4025772550fc53db,0x4129fe5761e4f766,0x4152075f4523a29c,0x8000000000000000,0x3fdcf46da09c9984,0x3fdcf46da09c9984,0x00000000800049be,0x00000000013e3416,0x0000000001343677,0x00000000013e3416,0x0000000001343677,0x00000000001c6b06,0x00000000000008ee,0x0000000000005242,0x00000000000009d7,0x0000000000007309,0x0000000000947cf8,0x00000000000014b6
1784428614115,0x0000000080005744,0x0000000080019060,0x0000000080007a7a,0x000000000000000f,0x00000000800191f0,0x00000000800190b0,0x0000000080019310,0x00000000800191f0,0x0000000000000006,0x0000000000000006,0x0000000000000004,0x0000000000000006,0x000000008000f201,0x3fea1d806befb11d,0x0000000000000000,0xffffffff991c3780,0x00000000004cc99c,0x3fedd0be6c4372ac,0x00000000800049d6,0x0000000000000000,0x414fe4b34a29c77a,0x4129fe66be28240b,0x4152075de9d2f1aa,0x0000000000000000,0x0000000000000000,0x0000000000000000,0x00000000800049d6,0x00000000013eff61,0x000000000134fb31,0x00000000013eff61,0x000000000134fb31,0x00000000001c8015,0x00000000000008f0,0x0000000000005243,0x00000000000009dd,0x0000000000007359,0x000000000094de93,0x00000000000014b9
1784428614969,0x00000000800057ae,0x0000000080018d90,0x0000000080007a7a,0x0000000000000000,0x00000000800191f0,0x0000000080018de0,0x0000000080018f50,0x000000008000f238,0x0000000000000006,0x0000000000000006,0x0000000080018df0,0x0000000080018e60,0xffffffffd23e4f94,0x0000000043f14ed0,0x0000000000000000,0xffffffffd20e4b80,0x000000000055dc95,0x3fedd0be6c4372ac,0x00000000800049f0,0x0000000000000000,0x4025772550fc53b4,0x4129fe66be28240b,0x4152075de9d2f1aa,0x8000000000000000,0x4012207dfca3cb69,0x4012207dfca3cb69,0x00000000800049f0,0x00000000013fbe7c,0x000000000135baaa,0x00000000013fbe7c,0x000000000135baaa,0x00000000001c8fb9,0x00000000000008f9,0x0000000000005243,0x00000000000009dd,0x000000000000737e,0x0000000000953b33,0x00000000000014bc
1784428615829,0x0000000080005744,0x0000000080019060,0x0000000080007a7a,0x000000000000000f,0x00000000800191f0,0x00000000800190b0,0x0000000080019310,0x00000000800191f0,0x0000000000000006,0x0000000000000006,0x0000000000000002,0x0000000000000002,0x000000008000f201,0x3fe83feef6e86672,0x0000000000000000,0xfffffffffa7f9f80,0x0000000000782f35,0x3fedd0be6c437103,0x00000000800049be,0x0000000000000000,0x414fe4b5a4e3bcd3,0x4129fe669758e219,0x41520760563d70a4,0x0000000000000000,0x0000000000000000,0x0000000000000000,0x00000000800049be,0x0000000001407df5,0x0000000001367464,0x0000000001407df5,0x0000000001367464,0x00000000001ca3cc,0x00000000000008fb,0x0000000000005243,0x00000000000009de,0x00000000000073cb,0x00000000009597be,0x00000000000014bf
1784428616603,0x00000000800057ae,0x0000000080018d90,0x0000000080007a7a,0x0000000000000000,0x00000000800191f0,0x0000000080018de0,0x0000000080018f50,0x000000008000f238,0x0000000000000006,0x0000000000000006,0x0000000080018df0,0x0000000080018e70,0x0000000042d2ffde,0x0000000043f14e52,0x0000000000000000,0x0000000042d2f6de,0x000000000055dc95,0x3fedd0be6c437103,0x00000000800049f0,0x0000000000000000,0x4025772550fc5395,0x4129fe669758e219,0x41520760563d70a4,0x8000000000000000,0x0000000000000000,0x0000000000000000,0x00000000800049f0,0x0000000001413785,0x0000000001372e86,0x0000000001413785,0x0000000001372e86,0x00000000001cb300,0x0000000000000904,0x0000000000005243,0x00000000000009de,0x00000000000073e9,0x000000000095f1db,0x00000000000014c2
1784428617468,0x000000008000575e,0x0000000080019070,0x0000000080007a7a,0x000000000000000f,0x00000000800191f0,0x00000000800190b0,0x00000000800190d0,0x00000000800002d0,0x000000008000f238,0x0000000000000006,0x0000000000000002,0x0000000000000006,0x000000008000f201,0x3fe94b6c173e82ff,0x0000000000000000,0xffffffffda052eb8,0x00000000006d084c,0x3fedd0be6c436fe9,0x0000000080004c48,0x0000000000000000,0x414fe4b20b5a8588,0x4129fe5bf1de69ad,0x4152076007d21ff3,0x3fc17a1e17d0766a,0x3fe185d1eca6d032,0x3f747ae147ae147c,0x0000000080004c48,0x000000000141fcc5,0x000000000137edb7,0x000000000141fcc5,0x000000000137edb7,0x00000000001cc788,0x0000000000000906,0x0000000000005244,0x00000000000009e3,0x000000000000742a,0x00000000009650f6,0x00000000000014c5
1784428618287,0x00000000800057ae,0x0000000080018d90,0x0000000080007a7a,0x0000000000000000,0x00000000800191f0,0x0000000080018de0,0x0000000080018f50,0x000000008000f238,0x0000000000000006,0x0000000000000006,0x0000000000000005,0x000000000000001e,0xffffffffcd1f7b5e,0x0000000043f14dee,0x0000000000000000,0xffffffffcd157b5e,0x000000000055dc95,0x3fedd0be6c436fe9,0x0000000080004992,0x0000000000000000,0x4025772550fc537c,0x4129fe5bf1de69ad,0x4152076007d21ff3,0x8000000000000000,0x0000000000000000,0x0000000000000000,0x0000000080004992,0x000000000142c437,0x000000000138b597,0x000000000142c437,0x000000000138b597,0x00000000001cd7dd,0x000000000000090f,0x0000000000005244,0x00000000000009e3,0x000000000000744b,0x000000000096b18f,0x00000000000014c8
1784428619136,0x0000000080005820,0x0000000080018ed0,0x0000000080007a7a,0x000000000000000f,0x00000000800191f0,0x0000000080018f20,0x000000008000f238,0x0000000080019310,0x0000000000000006,0x0000000000000006,0x0000000000000005,0x0000000000000003,0x000000008000f201,0x3fe999c727f3f299,0x0000000000000000,0xffffffff8428a07e,0x000000000078acb5,0x3fedd0be6c436f41,0x000000008000496c,0x0000000000000000,0x414fe4b231db22d1,0x4129fe4616c8b439,0x4152075f19a9fbe7,0x0000000000000000,0x0000000000000000,0x0000000000000000,0x000000008000496c,0x0000000001439234,0x0000000001397dd6,0x0000000001439234,0x0000000001397dd6,0x00000000001ced08,0x0000000000000911,0x0000000000005245,0x00000000000009e8,0x00000000000074a4,0x0000000000971509,0x00000000000014cb
1784428619975,0x0000000080006260,0x0000000080019230,0x402a6014520d63ff,0x0000000000000000,0x0000000000000000,0x0000000080019440,0x0000000080019698,0x00000000800194a0,0x000000008000f238,0x00000000800003f0,0x000000008000f238,0x000000008000f300,0x000000006925bfe9,0xfffffffffc53bf08,0x0000000000000000,0x00000000692187e0,0x0000000000729ad3,0x3fedd0be6c436ef0,0x0000000080005bfe,0x0000000000000000,0x402ca6b4ff14efc2,0x4129fe4616c8b439,0x4152075f19a9fbe7,0x01a56e1fc2f8f359,0x0000000000000000,0x0000000000000000,0x0000000080005bfe,0x0000000001444f08,0x00000000013a3965,0x0000000001444f08,0x00000000013a3965,0x00000000001cfd5e,0x000000000000091a,0x0000000000005245,0x00000000000009e8,0x00000000000074eb,0x00000000009771a3,0x00000000000014ce
1784428620820,0x000000008000583a,0x0000000080018ed0,0x0000000080007a7a,0x000000000000000f,0x00000000800191f0,0x0000000080018f20,0x00000000800194a0,0x000000008000f238,0x0000000000000003,0x0000000000000006,0x0000000000000004,0x0000000000000006,0x000000008000f201,0x3fe884b505f27ab6,0x0000000000000000,0x0000000053416de0,0x000000000069b809,0x3fedd0be6c436ef0,0x0000000080004a06,0x0000000000000000,0x414fe4b46e6cf41f,0x4129fe621d7dbf48,0x4152075fa7055326,0x0000000000000000,0x401623e8e4790c0a,0x401623e8e4790c0a,0x0000000080004a06,0x00000000014518d3,0x00000000013afe6b,0x00000000014518d3,0x00000000013afe6b,0x00000000001d1155,0x000000000000091c,0x0000000000005246,0x00000000000009ee,0x0000000000007511,0x000000000097d1b5,0x00000000000014d1
1784428621670,0x0000000080006260,0x0000000080019230,0x402a6014520d6304,0x0000000000000000,0x0000000000000000,0x0000000080019440,0x0000000080019698,0x00000000800194a0,0x000000008000f238,0x00000000800003f0,0x0000000000000001,0x0000000000000058,0xffffffff83557f99,0x00000000349c7730,0x0000000000000000,0xffffffff83012b80,0x00000000004ee33a,0x3fedd0be6c436ee2,0x0000000080005cba,0x0000000000000000,0x4013b8ce8d271dcc,0x4129fe621d7dbf48,0x4152075fa7055326,0x01a56e1fc2f8f359,0x0000000000000000,0x0000000000000000,0x0000000080005cba,0x000000000145d92d,0x00000000013bbb58,0x000000000145d92d,0x00000000013bbb58,0x00000000001d2425,0x0000000000000925,0x0000000000005246,0x00000000000009ee,0x0000000000007561,0x00000000009830fa,0x00000000000014d4
1784428622532,0x0000000080005850,0x0000000080018ed0,0x0000000080007a7a,0x000000000000000f,0x00000000800191f0,0x0000000080018f20,0x00000000800191f0,0x0000000080019310,0x0000000000000003,0x0000000000000006,0x00000000800191f0,0x0000000080019258,0x000000008000f201,0x3fe802471dabfee1,0x0000000000000000,0xffffffffdc8fc3e0,0x000000000049bc89,0x3fedd0be6c436ee2,0x00000000800049a4,0x0000000000000000,0x414fe4b482dab9f5,0x4129fe5fef9096bc,0x415207630cc63f14,0x0000000000000000,0x0000000000000000,0x0000000000000000,0x00000000800049a4,0x000000000146a74b,0x00000000013c867c,0x000000000146a74b,0x00000000013c867c,0x00000000001d3643,0x0000000000000927,0x0000000000005246,0x00000000000009ef,0x000000000000758a,0x00000000009891d1,0x00000000000014d7
1784428623365,0x00000000800056f8,0x0000000080019060,0x0000000080007a7a,0x000000000000000f,0x0000000080019430,0x00000000800190b0,0x0000000080019548,0x000000008000f238,0x0000000000000006,0x0000000000000006,0x0000000000000002,0x0000000000000006,0x000000008000f201,0x3feb651082ab37b0,0x0000000000000000,0x000000003105e49e,0x00000000006e82fb,0x3fedd0be6c436f02,0x0000000080004a0a,0x0000000000000000,0x414fe4b507aacd9f,0x4129fe62aa2339c1,0x4152075ecca3d70a,0x3ff0000000000000,0x0000000000000000,0x0000000000000000,0x0000000080004a0a,0x00000000014763df,0x00000000013d3ee2,0x00000000014763df,0x00000000013d3ee2,0x00000000001d4a73,0x0000000000000932,0x0000000000005248,0x00000000000009f9,0x00000000000075fc,0x000000000098f023,0x00000000000014da
1784428624201,0x000000008000583a,0x0000000080018ed0,0x0000000080007a7a,0x000000000000000f,0x00000000800191f0,0x0000000080018f20,0x00000000800194a0,0x000000008000f238,0x0000000000000003,0x0000000000000006,0x00000000800191f0,0x0000000080019278,0x000000008000f201,0x3feb651082ab37b0,0x0000000000000000,0x000000003105e49e,0x00000000006e82fb,0x3fedd0be6c436f02,0x00000000800049f0,0x0000000000000000,0x414fe4b507aacd9f,0x4129fe62aa2339c1,0x4152075ecca3d70a,0x0000000000000000,0x3ff12c1dda63747c,0x3ff12c1dda63747c,0x00000000800049f0,0x0000000001481309,0x00000000013ded14,0x0000000001481309,0x00000000013ded14,0x00000000001d5883,0x0000000000000932,0x0000000000005248,0x00000000000009f9,0x0000000000007604,0x0000000000994233,0x00000000000014dd
1784428624975,0x0000000080006260,0x0000000080019230,0x402a6014520d61ba,0x0000000000000000,0x0000000000000000,0x0000000080019440,0x0000000080019698,0x00000000800194a0,0x000000008000f238,0x00000000800003f0,0x0000000000000005,0x0000000080019488,0xffffffffa3bdeb3d,0xffffffffe3bb1eec,0x0000000000000000,0xffffffffa3bdeb38,0x00000000004f8533,0x3fedd0be6c436f41,0x0000000080005cbc,0x0000000000000000,0x4023e14cf8eec7bb,0x4129fe62aa2339c1,0x4152075ecca3d70a,0x01a56e1fc2f8f359,0x0000000000000000,0x0000000000000000,0x0000000080005cbc,0x000000000148c478,0x00000000013e9bb1,0x000000000148c478,0x00000000013e9bb1,0x00000000001d6a11,0x000000000000093b,0x0000000000005248,0x00000000000009f9,0x000000000000764f,0x0000000000999ab0,0x00000000000014e0
1784428625799,0x0000000080005850,0x0000000080018ed0,0x0000000080007a7a,0x000000000000000f,0x00000000800191f0,0x0000000080018f20,0x00000000800191f0,0x0000000080019310,0x0000000000000003,0x0000000000000006,0x0000000080019310,0x0000000080019340,0x000000008000f201,0x3fe9027901ebe3f8,0x0000000000000000,0x000000007b627e00,0x0000000000559890,0x3fedd0be6c436f41,0x00000000800049c6,0x0000000000000000,0x414fe4b642cd9e84,0x4129fe5b1525460b,0x41520761cab851ec,0x0000000000000000,0x401623e8e4790c0a,0x401623e8e4790c0a,0x00000000800049c6,0x0000000001498a91,0x00000000013f5e88,0x0000000001498a91,0x00000000013f5e88,0x00000000001d7b8f,0x000000000000093d,0x000000000000524b,0x0000000000000a08,0x000000000000767d,0x000000000099f7ae,0x00000000000014e3
1784428626581,0x00000000800056f8,0x0000000080019060,0x0000000080007a7a,0x000000000000000f,0x0000000080019430,0x00000000800190b0,0x0000000080019548,0x000000008000f238,0x0000000000000006,0x0000000000000006,0x0000000080019310,0x00000000800193e0,0x000000008000f201,0x3fea4663a304abea,0x0000000000000000,0xffffffffb2027f5e,0x00000000004a8bde,0x3fedd0be6c436f93,0x0000000080004982,0x0000000000000000,0x414fe4add1a36e2f,0x4129fe5f19db22d1,0x4152075fdf381d7e,0x0000000000000000,0x0000000000000000,0x0000000000000000,0x0000000080004982,0x00000000014a73ab,0x00000000014042e5,0x00000000014a73ab,0x00000000014042e5,0x00000000001d9358,0x0000000000000948,0x000000000000524e,0x0000000000000a14,0x00000000000076ef,0x00000000009a6abd,0x00000000000014e6
1784428627358,0x00000000800058f2,0x0000000080018ed0,0x0000000080007a7a,0x0000000000000000,0x00000000800191f0,0x0000000080018f20,0x00000000800193a0,0x00000000800194a0,0x0000000000000006,0x0000000000000003,0x00000000800194a0,0x0000000080019528,0x0000000065cffe7b,0x0000000043f14ce4,0x0000000000000000,0x0000000065cfea78,0x000000000055dc95,0x3fedd0be6c436f93,0x00000000800049c6,0x0000000000000000,0x4025772550fc5339,0x4129fe5f19db22d1,0x4152075fdf381d7e,0x0000000000000000,0x0000000000000000,0x0000000000000000,0x00000000800049c6,0x00000000014b3eee,0x0000000001410e81,0x00000000014b3eee,0x0000000001410e81,0x00000000001da3e8,0x0000000000000951,0x000000000000524e,0x0000000000000a14,0x000000000000771b,0x00000000009acd1e,0x00000000000014e9
1784428628144,0x0000000080005744,0x0000000080019060,0x0000000080007a7a,0x000000000000000f,0x00000000800191f0,0x00000000800190b0,0x0000000080019310,0x00000000800191f0,0x0000000000000006,0x0000000000000006,0x00000000800190d0,0x0000000000000018,0x000000008000f201,0x3fe8d6beb9d0c396,0x0000000000000000,0x000000003e49ce00,0x0000000000553bd5,0x3fedd0be6c436ff0,0x0000000080004980,0x0000000000000000,0x414fe4b1924dd2f2,0x4129fe6937318fc5,0x415207614b10cb29,0x0000000000000000,0x0000000000000000,0x0000000000000000,0x0000000080004980,0x00000000014c0289,0x000000000141cc6c,0x00000000014c0289,0x000000000141cc6c,0x00000000001db83b,0x0000000000000953,0x0000000000005250,0x0000000000000a1e,0x000000000000776f,0x00000000009b2b90,0x00000000000014ec
1784428628940,0x00000000800058f2,0x0000000080018ed0,0x0000000080007a7a,0x0000000000000000,0x00000000800191f0,0x0000000080018f20,0x00000000800193a0,0x00000000800194a0,0x0000000000000006,0x0000000000000003,0x0000000000000005,0x0000000000000006,0x000000000d3cff6e,0x0000000043f14cda,0x0000000000000000,0x000000000d3ceb2e,0x000000000055dc95,0x3fedd0be6c436ff0,0x000000008000496c,0x0000000000000000,0x4025772550fc5337,0x4129fe6937318fc5,0x415207614b10cb29,0x0000000000000000,0x0000000000000000,0x0000000000000000,0x000000008000496c,0x00000000014cc45a,0x0000000001428e2b,0x00000000014cc45a,0x0000000001428e2b,0x00000000001dc829,0x000000000000095c,0x0000000000005250,0x0000000000000a1e,0x0000000000007791,0x00000000009b8949,0x00000000000014ef
1784428629782,0x0000000080005744,0x0000000080019060,0x0000000080007a7a,0x000000000000000f,0x00000000800191f0,0x00000000800190b0,0x0000000080019310,0x00000000800191f0,0x0000000000000006,0x0000000000000006,0x00000000800190d0,0x0000000080019140,0x000000008000f201,0x3fe90e4465ef53a7,0x0000000000000000,0xffffffffd972d5e0,0x00000000007f105d,0x3fedd0be6c437050,0x00000000800049f0,0x0000000000000000,0x414fe4b20141205c,0x4129fe56cd844d01,0x41520765231f8a09,0x3fe185d1eca6d032,0x4013efc4d6ad9501,0x4016207f14426f07,0x00000000800049f0,0x00000000014d89fd,0x0000000001434e48,0x00000000014d89fd,0x0000000001434e48,0x00000000001ddcb1,0x000000000000095e,0x0000000000005252,0x0000000000000a28,0x00000000000077d9,0x00000000009be8be,0x00000000000014f2
1784428630620,0x000000008000578a,0x0000000080018db0,0x0000000080007a7a,0x0000000000000000,0x00000000800191f0,0x0000000080018de0,0x0000000080018f50,0x0000000000000006,0x0000000000000006,0x0000000000000003,0x0000000000000001,0x0000000000000012,0xffffffffa4ffffff,0x0000000043f14cd4,0x0000000000000000,0xffffffffa4e4b838,0x000000000055dc95,0x3fedd0be6c437050,0x0000000080004cde,0x0000000000000000,0x4025772550fc5335,0x4129fe56cd844d01,0x41520765231f8a09,0x3f8314f4c02b2967,0x0000000000000000,0x8000000000000000,0x0000000080004cde,0x00000000014e4195,0x0000000001440602,0x00000000014e4195,0x0000000001440602,0x00000000001debb0,0x0000000000000967,0x0000000000005252,0x0000000000000a28,0x00000000000077fc,0x00000000009c41b5,0x00000000000014f5
1784428631473,0x0000000080005744,0x0000000080019060,0x0000000080007a7a,0x000000000000000f,0x00000000800191f0,0x00000000800190b0,0x0000000080019310,0x00000000800191f0,0x0000000000000006,0x0000000000000006,0x0000000000000005,0x000000000000000c,0x000000008000f201,0x3fed984e7c4ffad8,0x0000000000000000,0x00000000457e6780,0x00000000004bcd8c,0x3fedd0be6c4370ae,0x0000000080004998,0x0000000000000000,0x414fe4b3dc4d013b,0x4129fe625020c49c,0x4152075eb6041893,0x0000000000000000,0x0000000000000000,0x0000000000000000,0x0000000080004998,0x00000000014efecb,0x000000000144bd53,0x00000000014efecb,0x000000000144bd53,0x00000000001dff9a,0x0000000000000969,0x0000000000005253,0x0000000000000a2c,0x0000000000007844,0x00000000009c9d14,0x00000000000014f8
1784428632272,0x00000000800057ae,0x0000000080018d90,0x0000000080007a7a,0x0000000000000000,0x00000000800191f0,0x0000000080018de0,0x0000000080018f50,0x000000008000f238,0x0000000000000006,0x0000000000000006,0x0000000080018df0,0x0000000000000001,0xffffffffa4ffffff,0x0000000043f14cd4,0x0000000000000000,0xffffffffa4e4b838,0x000000000055dc95,0x3fedd0be6c4370ae,0x0000000080004988,0x0000000000000000,0x4025772550fc5335,0x4129fe625020c49c,0x4152075eb6041893,0xbf9287f43dd4dd22,0xbf847ae147ae147c,0xbf847ae147ae147c,0x0000000080004988,0x00000000014fc579,0x00000000014584ab,0x00000000014fc579,0x00000000014584ab,0x00000000001e0fe1,0x0000000000000972,0x0000000000005253,0x0000000000000a2c,0x000000000000785e,0x00000000009cfd69,0x00000000000014fb
1784428633135,0x000000008000575e,0x0000000080019070,0x0000000080007a7a,0x000000000000000f,0x00000000800191f0,0x00000000800190b0,0x00000000800190d0,0x00000000800002d0,0x000000008000f238,0x0000000000000006,0x00000000800190d0,0x0000000000000048,0x000000008000f201,0x3fe9988722a74ac9,0x0000000000000000,0xffffffffc65e423e,0x000000000048c4ca,0x3fedd0be6c437104,0x0000000080004c18,0x0000000000000000,0x414fe4b4e2ee6320,0x4129fe6109c779a7,0x415207601c2de00d,0x3fc17a1e17d07801,0x0000000000000000,0x0000000000000000,0x0000000080004c18,0x00000000015097e3,0x00000000014650b6,0x00000000015097e3,0x00000000014650b6,0x00000000001e2585,0x0000000000000974,0x0000000000005254,0x0000000000000a32,0x00000000000078a7,0x00000000009d627c,0x00000000000014fe
1784428633937,0x00000000800057ae,0x0000000080018d90,0x0000000080007a7a,0x0000000000000000,0x00000000800191f0,0x0000000080018de0,0x0000000080018f50,0x000000008000f238,0x0000000000000006,0x0000000000000006,0x0000000000000005,0x0000000000000006,0xffffffffa4ffffff,0x0000000043f14cd4,0x0000000000000000,0xffffffffa4e4b838,0x000000000055dc95,0x3fedd0be6c437104,0x000000008000496c,0x0000000000000000,0x4025772550fc5335,0x4129fe6109c779a7,0x415207601c2de00d,0xbf8314f4c02b29cf,0x0000000000000000,0x0000000000000000,0x000000008000496c,0x0000000001516066,0x00000000014719e6,0x0000000001516066,0x00000000014719e6,0x00000000001e35f7,0x000000000000097d,0x0000000000005254,0x0000000000000a32,0x00000000000078c4,0x00000000009dc3ad,0x0000000000001501
1784428634733,0x0000000080005820,0x0000000080018ed0,0x0000000080007a7a,0x000000000000000f,0x00000000800191f0,0x0000000080018f20,0x000000008000f238,0x0000000080019310,0x0000000000000006,0x0000000000000006,0x0000000000000001,0x0000000000000003,0x000000008000f201,0x3fe78ddc608393ca,0x0000000000000000,0xfffffffff3a4ed2e,0x0000000000795190,0x3fedd0be6c437152,0x00000000800049b0,0x0000000000000000,0x414fe4b100902de0,0x4129fe4aeb780347,0x41520762939a6b51,0x0000000000000000,0x0000000000000000,0x0000000000000000,0x00000000800049b0,0x0000000001522948,0x000000000147dd7f,0x0000000001522948,0x000000000147dd7f,0x00000000001e4abd,0x000000000000097f,0x0000000000005254,0x0000000000000a32,0x000000000000790d,0x00000000009e24ea,0x0000000000001505
1784428635554,0x0000000080009fc2,0x0000000080019420,0x402a6014520d60dc,0x0000000000000000,0x0000000000000000,0x0000000080019700,0x000000007ff00000,0x00000000405ae77c,0x0000000040500000,0x405ae77cdec11441,0x00000000405ae77c,0xffffffffdec11441,0x000000008000f351,0x3fedd0be6c437196,0x0000000000000000,0x0000000000000000,0x0000000000000000,0x3fedd0be6c437195,0x000000008000a014,0x405ae77cdec11441,0x405ae77cdec11441,0x4129fe4aeb780347,0x41520762939a6b51,0x3ff0000000000000,0x40585e23cb99f9c9,0x405ae77cdec11441,0x000000008000a014,0x000000000152dde7,0x00000000014891e6,0x000000000152dde7,0x00000000014891e6,0x00000000001e59a5,0x0000000000000988,0x0000000000005254,0x0000000000000a32,0x0000000000007928,0x00000000009e7c33,0x0000000000001508
1784428636299,0x000000008000583a,0x0000000080018ed0,0x0000000080007a7a,0x000000000000000f,0x00000000800191f0,0x0000000080018f20,0x00000000800194a0,0x000000008000f238,0x0000000000000003,0x0000000000000006,0x00000000800194a0,0x00000000800194a0,0x000000008000f201,0x3fe880fc59d74d50,0x0000000000000000,0x000000006a95ce00,0x0000000000535a21,0x3fedd0be6c437195,0x00000000800049a4,0x0000000000000000,0x414fe4ae2c2c3c9f,0x4129fe6347d566cf,0x4152076004ea4a8c,0x0000000000000000,0x0000000000000000,0x0000000000000000,0x00000000800049a4,0x000000000153a9f3,0x00000000014958a6,0x000000000153a9f3,0x00000000014958a6,0x00000000001e6e93,0x000000000000098a,0x0000000000005255,0x0000000000000a36,0x000000000000797c,0x00000000009edf05,0x000000000000150b
1784428637150,0x0000000080006260,0x0000000080019230,0x402a6014520d60e9,0x0000000000000000,0x0000000000000000,0x0000000080019440,0x0000000080019698,0x00000000800194a0,0x000000008000f238,0x00000000800003f0,0x00000000800194a0,0x00000000800194b0,0x0000000045fff2f9,0xffffffffe1c0cfa8,0x0000000000000000,0x0000000045c770e0,0x0000000000581805,0x3fedd0be6c4371ce,0x0000000080005ce4,0x0000000000000000,0x40260601787033ea,0x4129fe6347d566cf,0x4152076004ea4a8c,0x01a56e1fc2f8f359,0x0000000000000000,0x0000000000000000,0x0000000080005ce4,0x000000000154740e,0x00000000014a1fb0,0x000000000154740e,0x00000000014a1fb0,0x00000000001e8242,0x0000000000000993,0x0000000000005255,0x0000000000000a36,0x00000000000079b9,0x00000000009f4309,0x000000000000150e
1784428637947,0x0000000080005850,0x0000000080018ed0,0x0000000080007a7a,0x000000000000000f,0x00000000800191f0,0x0000000080018f20,0x00000000800191f0,0x0000000080019310,0x0000000000000003,0x0000000000000006,0x0000000000000003,0x0000000000000009,0x000000008000f201,0x3fe60ccf2bb2c3eb,0x0000000000000000,0xfffffffff5b7436e,0x000000000041559e,0x3fedd0be6c4371ce,0x000000008000499a,0x0000000000000000,0x414fe4aefb1c432d,0x4129fe5e400d1b71,0x41520761cf780347,0x401623e8e4790c0a,0x0000000000000000,0x0000000000000000,0x000000008000499a,0x0000000001553e23,0x00000000014ae68a,0x0000000001553e23,0x00000000014ae68a,0x00000000001e9400,0x0000000000000995,0x0000000000005256,0x0000000000000a3b,0x00000000000079e7,0x00000000009fa1df,0x0000000000001511
1784428638760,0x0000000080006260,0x0000000080019230,0x402a6014520d60fa,0x0000000000000000,0x0000000000000000,0x0000000080019440,0x0000000080019698,0x00000000800194a0,0x000000008000f238,0x00000000800003f0,0x0000000000000002,0x0000000000000006,0x000000003ab77efe,0xffffffff939af23e,0x0000000000000000,0x000000003a175c7e,0x00000000005b6f82,0x3fedd0be6c4371fd,0x0000000080005ca8,0x0000000000000000,0x4006dbe0a4e6bc90,0x4129fe5e400d1b71,0x41520761cf780347,0x01a56e1fc2f8f359,0x0000000000000000,0x0000000000000000,0x0000000080005ca8,0x000000000155ed24,0x00000000014b926c,0x000000000155ed24,0x00000000014b926c,0x00000000001ea5bf,0x000000000000099e,0x0000000000005256,0x0000000000000a3b,0x0000000000007a31,0x00000000009ff976,0x0000000000001514
1784428639547,0x0000000080005850,0x0000000080018ed0,0x0000000080007a7a,0x000000000000000f,0x00000000800191f0,0x0000000080018f20,0x00000000800191f0,0x0000000080019310,0x0000000000000003,0x0000000000000006,0x0000000000000001,0x0000000000000003,0x000000008000f201,0x3fe5d9c22eabff8f,0x0000000000000000,0xffffffffe5ed69be,0x000000000042dfaa,0x3fedd0be6c4371fd,0x000000008000496c,0x0000000000000000,0x414fe4ad5ae147ae,0x4129fe5985e353f8,0x41520762f6d42c3d,0x401623e8e4790c0a,0x0000000000000000,0x401623e8e4790c0a,0x000000008000496c,0x000000000156b62c,0x00000000014c5867,0x000000000156b62c,0x00000000014c5867,0x00000000001eb71f,0x00000000000009a0,0x0000000000005257,0x0000000000000a3f,0x0000000000007a5e,0x0000000000a05792,0x0000000000001517
1784428640345,0x00000000800066ae,0x0000000080019700,0x402a6014520d610b,0x0000000000000000,0x0000000000000000,0x00000000800199a0,0x0000000000000001,0x0000000046db8cf6,0x000000008000f3a8,0x000000008000068c,0x00000000000000e2,0x0000000080001968,0x0000000022ccdede,0x000000001b6e33d6,0x0000000000000000,0x0000000022cc848e,0x0000000000422df1,0x3fedd0be6c437220,0x0000000080006690,0x0000000000000000,0x414fe4af2d3f7cee,0x4129fe4c8ed91687,0x4152076103247454,0x414fe4afcd7a786c,0x4129fe59f81d7dbf,0x40208b7c46db8cf6,0x0000000080006690,0x0000000001576cd2,0x00000000014d0ab1,0x0000000001576cd2,0x00000000014d0ab1,0x00000000001ecae5,0x00000000000009ab,0x0000000000005257,0x0000000000000a3f,0x0000000000007ac7,0x0000000000a0b32e,0x000000000000151a
1784428641201,0x0000000080009fc2,0x0000000080018dc0,0x0000000080007a7a,0x0000000000080000,0x00000000800191f0,0x0000000080018e40,0x00000000005869e6,0x0000000036000000,0x0000000000522623,0x0000000000000002,0x00000000002c34f3,0xffffffff80000000,0x000000006c080000,0x000000006c000000,0x0000000000000014,0x000000006c080000,0x00000000005869e6,0x3fedd0be6c437220,0x000000008000a0f4,0x403e88fa391e4302,0x403e88fa391e4302,0x4129fe4c8ed91687,0x4152076103247454,0x3ff12c1dda637622,0x0000000000000000,0x403e88fa391e4302,0x000000008000a0f4,0x00000000015838cc,0x00000000014dd532,0x00000000015838cc,0x00000000014dd532,0x00000000001edaf1,0x00000000000009ab,0x0000000000005257,0x0000000000000a3f,0x0000000000007add,0x0000000000a112f3,0x000000000000151d
1784428641979,0x00000000800056f8,0x0000000080019060,0x0000000080007a7a,0x000000000000000f,0x0000000080019430,0x00000000800190b0,0x0000000080019548,0x000000008000f238,0x0000000000000006,0x0000000000000006,0x0000000080019310,0x0000000080019390,0x000000008000f201,0x3fe52d36d65da54d,0x0000000000000000,0x0000000007e17bbe,0x000000000073d144,0x3fedd0be6c437238,0x00000000800049f0,0x0000000000000000,0x414fe4ad0a5119ce,0x4129fe53e8db8bac,0x41520761e6d288ce,0x0000000000000000,0x0000000000000000,0x0000000000000000,0x00000000800049f0,0x0000000001590008,0x00000000014e977c,0x0000000001590008,0x00000000014e977c,0x00000000001ef02f,0x00000000000009b6,0x0000000000005258,0x0000000000000a43,0x0000000000007b39,0x0000000000a1756e,0x0000000000001520
1784428642734,0x0000000080009fc2,0x0000000080018dc0,0x0000000080007a7a,0x0000000000000000,0x00000000800191f0,0x0000000080018e40,0x0000000000000001,0x000000001b03b771,0x000000003fe00000,0x40161a7900000000,0xffffffff80000000,0xffffffff9b03b771,0xffffffffcfbb17fa,0x000000006c0eddc4,0x0000000000000000,0xffffffffcf3a00f8,0x00000000005869e6,0x3fedd0be6c437238,0x000000008000a198,0x403e88fa391e4302,0x403e88fa391e4302,0x4129fe53e8db8bac,0x41520761e6d288ce,0x01a56e1fc2f8f359,0x3ff0000000000000,0x3ff0000000000000,0x000000008000a198,0x000000000159b3a3,0x00000000014f4b3a,0x000000000159b3a3,0x00000000014f4b3a,0x00000000001efe30,0x00000000000009b8,0x0000000000005258,0x0000000000000a43,0x0000000000007b53,0x0000000000a1cc0e,0x0000000000001523
1784428643539,0x00000000800056f8,0x0000000080019060,0x0000000080007a7a,0x000000000000000f,0x0000000080019430,0x00000000800190b0,0x0000000080019548,0x000000008000f238,0x0000000000000006,0x0000000000000006,0x0000000000000002,0x0000000000000006,0x000000008000f201,0x3fe4965eba5d48fa,0x0000000000000000,0xffffffff8d0bdebe,0x000000000059cf28,0x3fedd0be6c437249,0x000000008000498e,0x0000000000000000,0x414fe4aef0d844d0,0x4129fe5748db8bac,0x4152075dd40ebee0,0x0000000000000000,0x0000000000000000,0x0000000000000000,0x000000008000498e,0x00000000015a730b,0x00000000015003df,0x00000000015a730b,0x00000000015003df,0x00000000001f12eb,0x00000000000009c1,0x000000000000525b,0x0000000000000a51,0x0000000000007baa,0x0000000000a22878,0x0000000000001527
1784428644353,0x0000000080009fc2,0x0000000080018dc0,0x0000000080007a7a,0xffffffff80000000,0x00000000800191f0,0x0000000080018e40,0x000000000055dc94,0x0000000000000000,0x00000000006ca63d,0x0000000000000003,0x00000000002aee4a,0xfffffffffd000000,0xffffffff80000000,0x0000000000000000,0x0000000000000020,0xffffffff80000000,0x00000000005869e6,0x3fedd0be6c437249,0x000000008000a0fc,0x405ccc3930020bfa,0x405ccc3930020bfa,0x4129fe5748db8bac,0x4152075dd40ebee0,0x01a56e1fc2f8f359,0x0000000000000000,0x405ccc3930020bfa,0x000000008000a0fc,0x00000000015b2bfe,0x000000000150bd51,0x00000000015b2bfe,0x000000000150bd51,0x00000000001f216d,0x00000000000009c4,0x000000000000525b,0x0000000000000a51,0x0000000000007bc9,0x0000000000a2820e,0x000000000000152a
1784428645210,0x00000000800056f8,0x0000000080019060,0x0000000080007a7a,0x000000000000000f,0x0000000080019430,0x00000000800190b0,0x0000000080019548,0x000000008000f238,0x0000000000000006,0x0000000000000006,0x0000000000000003,0x0000000000000006,0x000000008000f201,0x3fde0d63b659611d,0x0000000000000000,0xfffffffff15492f8,0x0000000000421d8c,0x3fedd0be6c437251,0x00000000800049d6,0x0000000000000000,0x414fe4af93a92a30,0x4129fe5715810625,0x415207611acbfb16,0x0000000000000000,0x3fdcf46da09c9983,0x0000000000000000,0x00000000800049d6,0x00000000015bf424,0x0000000001517ef6,0x00000000015bf424,0x0000000001517ef6,0x00000000001f36d0,0x00000000000009cc,0x000000000000525e,0x0000000000000a5f,0x0000000000007c1f,0x0000000000a2e275,0x000000000000152d
1784428646063,0x00000000800058dc,0x0000000080018ee0,0x0000000080007a7a,0x0000000000000000,0x00000000800191f0,0x0000000080018f20,0x000000008000f208,0x0000000080019070,0x000000008000f208,0x0000000000000006,0x000000008000f208,0x000000008000f220,0xffffffffbe67f9de,0x0000000043f14cee,0x0000000000000000,0xffffffffbe62e95e,0x000000000055dc95,0x3fedd0be6c437251,0x00000000800054f6,0x0000000000000000,0x4025772550fc533c,0x4129fe5715810625,0x415207611acbfb16,0xc00c741821800000,0x4129fe563ab08fe7,0x4129fe56625a9f69,0x00000000800054f6,0x00000000015cbd81,0x00000000015248cd,0x00000000015cbd81,0x00000000015248cd,0x00000000001f473d,0x00000000000009d5,0x000000000000525e,0x0000000000000a5f,0x0000000000007c43,0x0000000000a3440f,0x0000000000001530
1784428646910,0x00000000800056f8,0x0000000080019060,0x0000000080007a7a,0x000000000000000f,0x0000000080019430,0x00000000800190b0,0x0000000080019548,0x000000008000f238,0x0000000000000006,0x0000000000000006,0x000000008000f238,0x000000008000f2c0,0x000000008000f201,0x3fdbee71a5f764de,0x0000000000000000,0x0000000075b18e2e,0x00000000004864c7,0x3fedd0be6c437254,0x00000000800049c6,0x0000000000000000,0x414fe4aebaeb1c43,0x4129fe6bfb4a233a,0x4152075f12bedfa4,0x0000000000000000,0x0000000000000000,0x0000000000000000,0x00000000800049c6,0x00000000015d7762,0x000000000152fc34,0x00000000015d7762,0x000000000152fc34,0x00000000001f5ae5,0x00000000000009d7,0x0000000000005260,0x0000000000000a69,0x0000000000007c90,0x0000000000a39d7e,0x0000000000001533
1784428647774,0x00000000800058f2,0x0000000080018ed0,0x0000000080007a7a,0x0000000000000000,0x00000000800191f0,0x0000000080018f20,0x00000000800193a0,0x00000000800194a0,0x0000000000000006,0x0000000000000003,0x0000000000000003,0x0000000000000006,0x0000000036bbdff4,0x0000000043f14cf0,0x0000000000000000,0x0000000036804f80,0x000000000055dc95,0x3fedd0be6c437254,0x000000008000496c,0x0000000000000000,0x4025772550fc533c,0x4129fe6bfb4a233a,0x4152075f12bedfa4,0x3f9287f43dd4dd22,0x0000000000000000,0x0000000000000000,0x000000008000496c,0x00000000015e439f,0x000000000153c8e2,0x00000000015e439f,0x000000000153c8e2,0x00000000001f6b8d,0x00000000000009e0,0x0000000000005260,0x0000000000000a69,0x0000000000007cbf,0x0000000000a40057,0x0000000000001536
1784428648624,0x0000000080005744,0x0000000080019060,0x0000000080007a7a,0x000000000000000f,0x00000000800191f0,0x00000000800190b0,0x0000000080019310,0x00000000800191f0,0x0000000000000006,0x0000000000000006,0x0000000000000003,0x0000000000000009,0x000000008000f201,0x3fd4fc08c37b8678,0x0000000000000000,0xffffffff9ec2e000,0x0000000000403d52,0x3fedd0be6c437253,0x000000008000499a,0x0000000000000000,0x414fe4a9f93404ea,0x4129fe601404ea4b,0x415207607cb5dcc6,0x0000000000000000,0x3fe185d1eca6d032,0x3fe185d1eca6d032,0x000000008000499a,0x00000000015f06c0,0x000000000154867b,0x00000000015f06c0,0x000000000154867b,0x00000000001f7fd7,0x00000000000009e2,0x0000000000005262,0x0000000000000a73,0x0000000000007d0c,0x0000000000a45e96,0x0000000000001539
1784428649458,0x00000000800058f2,0x0000000080018ed0,0x0000000080007a7a,0x0000000000000000,0x00000000800191f0,0x0000000080018f20,0x00000000800193a0,0x00000000800194a0,0x0000000000000006,0x0000000000000003,0x0000000000000005,0x0000000000000006,0xffffffffae9db7df,0x0000000043f14cf2,0x0000000000000000,0xffffffffae9db59e,0x000000000055dc95,0x3fedd0be6c437253,0x000000008000496c,0x0000000000000000,0x4025772550fc533d,0x4129fe601404ea4b,0x415207607cb5dcc6,0x3f8314f4c02b2a6d,0x0000000000000000,0x0000000000000000,0x000000008000496c,0x00000000015fc646,0x00000000015545f0,0x00000000015fc646,0x00000000015545f0,0x00000000001f8f97,0x00000000000009eb,0x0000000000005262,0x0000000000000a73,0x0000000000007d31,0x0000000000a4bb39,0x000000000000153c
1784428650279,0x0000000080005744,0x0000000080019060,0x0000000080007a7a,0x000000000000000f,0x00000000800191f0,0x00000000800190b0,0x0000000080019310,0x00000000800191f0,0x0000000000000006,0x0000000000000006,0x00000000800190d0,0x0000000080019158,0x000000008000f201,0x3fd22178e9f0e207,0x0000000000000000,0xffffffffc081c27e,0x00000000005ec89a,0x3fedd0be6c43724c,0x0000000080004982,0x0000000000000000,0x414fe4b0d9e83e42,0x4129fe4e6113404f,0x4152076169c5d639,0x0000000000000000,0x0000000000000000,0x0000000000000000,0x0000000080004982,0x0000000001608cfd,0x00000000015606d4,0x0000000001608cfd,0x00000000015606d4,0x00000000001fa42e,0x00000000000009ed,0x0000000000005265,0x0000000000000a82,0x0000000000007d73,0x0000000000a51b30,0x000000000000153f
1784428651099,0x00000000800057ae,0x0000000080018d90,0x0000000080007a7a,0x0000000000000000,0x00000000800191f0,0x0000000080018de0,0x0000000080018f50,0x000000008000f238,0x0000000000000006,0x0000000000000006,0x000000008000f238,0x000000008000f2b8,0xffffffffae9db7df,0x0000000043f14cf2,0x0000000000000000,0xffffffffae9db59e,0x000000000055dc95,0x3fedd0be6c43724c,0x00000000800049c8,0x0000000000000000,0x4025772550fc533d,0x4129fe4e6113404f,0x4152076169c5d639,0x8000000000000000,0x0000000000000000,0x0000000000000000,0x00000000800049c8,0x00000000016178b2,0x000000000156f276,0x00000000016178b2,0x000000000156f276,0x00000000001fb778,0x00000000000009f6,0x0000000000005265,0x0000000000000a82,0x0000000000007d9a,0x0000000000a58c9f,0x0000000000001542
1784428651893,0x0000000080005806,0x0000000080018ee0,0x0000000080007a7a,0x000000000000000f,0x00000000800191f0,0x0000000080018f20,0x00000000800194a0,0x0000000080019310,0x0000000000000003,0x0000000000000002,0x00000000800194b0,0x0000000000000006,0x000000008000f201,0x3fd1b1750f46ae01,0x0000000000000000,0xffffffffc742ddae,0x00000000004b991b,0x3fedd0be6c437243,0x0000000080004b78,0x0000000000000000,0x414fe4af536ae7d5,0x4129fe60f74bc6a8,0x41520763e41f212d,0x3fc17a1e17d07789,0x3fc17a1e17d07789,0x0000000000000000,0x0000000080004b78,0x000000000162276d,0x0000000001579b8b,0x000000000162276d,0x0000000001579b8b,0x00000000001fca26,0x00000000000009f8,0x0000000000005267,0x0000000000000a8a,0x0000000000007de0,0x0000000000a5e160,0x0000000000001545
1784428652642,0x00000000800057ae,0x0000000080018d90,0x0000000080007a7a,0x0000000000000000,0x00000000800191f0,0x0000000080018de0,0x0000000080018f50,0x000000008000f238,0x0000000000000006,0x0000000000000006,0x0000000000000004,0x0000000000000006,0xffffffffae9db7df,0x0000000043f14cf2,0x0000000000000000,0xffffffffae9db59e,0x000000000055dc95,0x3fedd0be6c437243,0x0000000080004940,0x0000000000000000,0x4025772550fc533d,0x4129fe60f74bc6a8,0x41520763e41f212d,0x8000000000000000,0x0000000000000000,0x0000000000000000,0x0000000080004940,0x000000000162e1be,0x000000000158564b,0x000000000162e1be,0x000000000158564b,0x00000000001fd971,0x0000000000000a01,0x0000000000005267,0x0000000000000a8a,0x0000000000007e04,0x0000000000a63bc0,0x0000000000001548
1784428653442,0x0000000080005744,0x0000000080019060,0x0000000080007a7a,0x000000000000000f,0x00000000800191f0,0x00000000800190b0,0x0000000080019310,0x00000000800191f0,0x0000000000000006,0x0000000000000006,0x0000000000000005,0x000000000000001e,0x000000008000f201,0x3fd70f14d245b5e0,0x0000000000000000,0x0000000002858b80,0x0000000000793872,0x3fedd0be6c437238,0x00000000800049b4,0x0000000000000000,0x414fe4ae03a5e354,0x4129fe564b6ae7d5,0x41520761db9096bc,0x3fc17a1e17d0777c,0x0000000000000000,0x0000000000000000,0x00000000800049b4,0x0000000001638f1c,0x000000000158fdfc,0x0000000001638f1c,0x000000000158fdfc,0x00000000001fec12,0x0000000000000a03,0x0000000000005269,0x0000000000000a94,0x0000000000007e47,0x0000000000a68fa7,0x000000000000154b
1784428654296,0x00000000800057ae,0x0000000080018d90,0x0000000080007a7a,0x0000000000000000,0x00000000800191f0,0x0000000080018de0,0x0000000080018f50,0x000000008000f238,0x0000000000000006,0x0000000000000006,0x0000000080018df0,0x0000000000000002,0xffffffffae9db7df,0x0000000043f14cf2,0x0000000000000000,0xffffffffae9db59e,0x000000000055dc95,0x3fedd0be6c437238,0x00000000800049f6,0x0000000000000000,0x4025772550fc533d,0x4129fe564b6ae7d5,0x41520761db9096bc,0x8000000000000000,0x0000000000000000,0x0000000000000000,0x00000000800049f6,0x0000000001645f44,0x000000000159cec2,0x0000000001645f44,0x000000000159cec2,0x00000000001ffd28,0x0000000000000a0c,0x0000000000005269,0x0000000000000a94,0x0000000000007e60,0x0000000000a6f46f,0x000000000000154e
1784428655161,0x0000000080005820,0x0000000080018ed0,0x0000000080007a7a,0x000000000000000f,0x00000000800191f0,0x0000000080018f20,0x000000008000f238,0x0000000080019310,0x0000000000000006,0x0000000000000006,0x0000000000000000,0x0000000000000006,0x000000008000f201,0x3fd6a6e821ad604a,0x0000000000000000,0x000000006802f9e0,0x00000000004fa430,0x3fedd0be6c43722c,0x000000008000499c,0x0000000000000000,0x414fe4ac02a64c30,0x4129fe63ef694467,0x41520764e1bf4880,0x0000000000000000,0x0000000000000000,0x0000000000000000,0x000000008000499c,0x0000000001651c54,0x00000000015a861e,0x0000000001651c54,0x00000000015a861e,0x00000000002010f4,0x0000000000000a0e,0x000000000000526b,0x0000000000000a9e,0x0000000000007eb4,0x0000000000a74fdd,0x0000000000001551
1784428655954,0x0000000080009fc2,0x0000000080019420,0x402a6014520d614b,0x0000000000680000,0x0000000000000000,0x0000000080019700,0x0000000000600000,0x0000000000080000,0x00000000003a8cbe,0x0000000000000003,0x0000000000300000,0x000000005e7fc4e0,0x0000000000000000,0x0000000000000013,0x0000000000000000,0x0000000000000000,0x0000000000000000,0x3fedd0be6c43721e,0x000000008000a0d6,0x4063d465f5e7fc4e,0x4063d465f5e7fc4e,0x4129fe63ef694467,0x41520764e1bf4880,0x3ff0000000000000,0x404127a1865fc46a,0x4063d465f5e7fc4e,0x000000008000a0d6,0x000000000165ddd2,0x00000000015b472d,0x000000000165ddd2,0x00000000015b472d,0x00000000002020e3,0x0000000000000a17,0x000000000000526b,0x0000000000000a9e,0x0000000000007ed3,0x0000000000a7ad2d,0x0000000000001554
1784428656804,0x0000000080005820,0x0000000080018ed0,0x0000000080007a7a,0x000000000000000f,0x00000000800191f0,0x0000000080018f20,0x000000008000f238,0x0000000080019310,0x0000000000000006,0x0000000000000006,0x0000000080019310,0x0000000080019388,0x000000008000f201,0x3fdd4d0b8d2ca3da,0x0000000000000000,0xffffffffa06cb4e0,0x00000000004c25ce,0x3fedd0be6c43721e,0x00000000800049c6,0x0000000000000000,0x414fe4ac32b9f55a,0x4129fe5a2703afb8,0x415207655a3a29c7,0x3ff12c1dda637610,0x0000000000000000,0x0000000000000000,0x00000000800049c6,0x0000000001669e31,0x00000000015c0247,0x0000000001669e31,0x00000000015c0247,0x00000000002034eb,0x0000000000000a19,0x000000000000526e,0x0000000000000aac,0x0000000000007f16,0x0000000000a80a59,0x0000000000001557
1784428657482,0x0000000080006260,0x0000000080019230,0x402a6014520d6148,0x0000000000000000,0x0000000000000000,0x0000000080019440,0x0000000080019698,0x00000000800194a0,0x000000008000f238,0x00000000800003f0,0x0000000000000001,0x0000000000000001,0x000000002c7775ff,0xffffffffab865d7c,0x0000000000000000,0x000000002c0655f8,0x000000000058ffaf,0x3fedd0be6c437211,0x0000000080005bb8,0x0000000000000000,0x40263febeae1975f,0x4129fe5a2703afb8,0x415207655a3a29c7,0x01a56e1fc2f8f359,0x0000000000000000,0x0000000000000000,0x0000000080005bb8,0x0000000001675f98,0x00000000015cc29a,0x0000000001675f98,0x00000000015cc29a,0x00000000002045a3,0x0000000000000a22,0x000000000000526e,0x0000000000000aac,0x0000000000007f58,0x0000000000a86923,0x000000000000155a
1784428658307,0x0000000080005820,0x0000000080018ed0,0x0000000080007a7a,0x000000000000000f,0x00000000800191f0,0x0000000080018f20,0x000000008000f238,0x0000000080019310,0x0000000000000006,0x0000000000000006,0x0000000080019310,0x0000000080019390,0x000000008000f201,0x3fe1f618e744ce1d,0x0000000000000000,0xfffffffffab230f8,0x0000000000434320,0x3fedd0be6c437211,0x00000000800049c8,0x0000000000000000,0x414fe4aebb22d0e5,0x4129fe556189374c,0x41520763424f7660,0x3fc2c1cc2c4b58a3,0x0000000000000000,0x0000000000000000,0x00000000800049c8,0x0000000001681ac0,0x00000000015d78c1,0x0000000001681ac0,0x00000000015d78c1,0x000000000020586c,0x0000000000000a24,0x0000000000005271,0x0000000000000aba,0x0000000000007f81,0x0000000000a8c233,0x000000000000155d
1784428659128,0x0000000080006260,0x0000000080019230,0x402a6014520d6145,0x0000000000000000,0x0000000000000000,0x0000000080019440,0x0000000080019698,0x00000000800194a0,0x000000008000f238,0x00000000800003f0,0x000000008000f238,0x000000008000f238,0x00000000407ee6fe,0x0000000001bd1c54,0x0000000000000000,0x00000000406ac238,0x00000000005dd1a5,0x3fedd0be6c437204,0x0000000080005c06,0x0000000000000000,0x40177469406f4715,0x4129fe556189374c,0x41520763424f7660,0x01a56e1fc2f8f359,0x0000000000000000,0x0000000000000000,0x0000000080005c06,0x000000000168db5a,0x00000000015e3791,0x000000000168db5a,0x00000000015e3791,0x00000000002069b0,0x0000000000000a2d,0x0000000000005271,0x0000000000000aba,0x0000000000007fca,0x0000000000a920c1,0x0000000000001560
1784428659812,0x0000000080005820,0x0000000080018ed0,0x0000000080007a7a,0x000000000000000f,0x00000000800191f0,0x0000000080018f20,0x000000008000f238,0x0000000080019310,0x0000000000000006,0x0000000000000006,0x0000000000000004,0x0000000000000003,0x000000008000f201,0x3fe22be96a4c7eb4,0x0000000000000000,0xffffffffeb92e71e,0x00000000005fa01b,0x3fedd0be6c437204,0x00000000800049d6,0x0000000000000000,0x414fe4ac3e809d49,0x4129fe70570a3d71,0x4152076439096bba,0x0000000000000000,0x0000000000000000,0x0000000000000000,0x00000000800049d6,0x0000000001698c0b,0x00000000015ee3f6,0x0000000001698c0b,0x00000000015ee3f6,0x0000000000207afd,0x0000000000000a2f,0x0000000000005273,0x0000000000000ac4,0x0000000000007ff1,0x0000000000a974c2,0x0000000000001563
1784428660602,0x0000000080006260,0x0000000080019230,0x402a6014520d6141,0x0000000000000000,0x0000000000000000,0x0000000080019440,0x0000000080019698,0x00000000800194a0,0x000000008000f238,0x00000000800003f0,0x000000008000f238,0x000000008000f280,0x0000000036b775ee,0xffffffff847c523a,0x0000000000000000,0x0000000036b3656e,0x0000000000600d56,0x3fedd0be6c4371f7,0x0000000080005c06,0x0000000000000000,0x40280355a11f148f,0x4129fe70570a3d71,0x4152076439096bba,0x01a56e1fc2f8f359,0x0000000000000000,0x0000000000000000,0x0000000080005c06,0x00000000016a4ebb,0x00000000015fa51c,0x00000000016a4ebb,0x00000000015fa51c,0x0000000000208c06,0x0000000000000a38,0x0000000000005273,0x0000000000000ac4,0x000000000000803b,0x0000000000a9d415,0x0000000000001566
1784428661442,0x000000008000583a,0x0000000080018ed0,0x0000000080007a7a,0x000000000000000f,0x00000000800191f0,0x0000000080018f20,0x00000000800194a0,0x000000008000f238,0x0000000000000003,0x0000000000000006,0x0000000000000001,0x0000000000000006,0x000000008000f201,0x3fe3558936b354da,0x0000000000000000,0x0000000017d76b80,0x00000000006a58f1,0x3fedd0be6c4371f7,0x00000000800049d6,0x0000000000000000,0x414fe4ae36e2eb1c,0x4129fe46d8793dd9,0x41520765e5ce075f,0x0000000000000000,0x0000000000000000,0x0000000000000000,0x00000000800049d6,0x00000000016b145f,0x00000000016065f1,0x00000000016b145f,0x00000000016065f1,0x0000000000209f65,0x0000000000000a3a,0x0000000000005275,0x0000000000000ace,0x0000000000008064,0x0000000000aa3205,0x0000000000001569
1784428662304,0x0000000080009fc2,0x0000000080019420,0x402a6014520d613d,0x0000000000080000,0x0000000000000000,0x0000000080019700,0x0000000000681003,0xffffffff8c300000,0x00000000007e630b,0x0000000000000003,0x0000000000340801,0x000000006ee00000,0x00000000007e630b,0x0000000018600000,0x0000000000000014,0x0000000018680000,0x0000000000681003,0x3fedd0be6c4371ec,0x000000008000a0ee,0x40652681c22070fb,0x40652681c22070fb,0x4129fe46d8793dd9,0x41520765e5ce075f,0x4020de4f76600000,0x40588453b8e15596,0x40652681c22070fb,0x000000008000a0ee,0x00000000016be063,0x0000000001612dac,0x00000000016be063,0x0000000001612dac,0x000000000020b4fe,0x0000000000000a45,0x0000000000005275,0x0000000000000ace,0x00000000000080c1,0x0000000000aa9721,0x000000000000156c
1784428663069,0x0000000080005850,0x0000000080018ed0,0x0000000080007a7a,0x000000000000000f,0x00000000800191f0,0x0000000080018f20,0x00000000800191f0,0x0000000080019310,0x0000000000000003,0x0000000000000006,0x0000000000000001,0x0000000000000003,0x000000008000f201,0x3fe629265befd59b,0x0000000000000000,0xffffffffcd3468b8,0x0000000000681003,0x3fedd0be6c4371ec,0x00000000800049b0,0x0000000000000000,0x414fe4a732a9930c,0x4129fe4b0ded288d,0x41520762619e83e4,0x0000000000000000,0x0000000000000000,0x0000000000000000,0x00000000800049b0,0x00000000016ca842,0x000000000161f3ee,0x00000000016ca842,0x000000000161f3ee,0x000000000020c4d4,0x0000000000000a45,0x0000000000005278,0x0000000000000adc,0x00000000000080d9,0x0000000000aaf500,0x000000000000156f
1784428663888,0x00000000800056f8,0x0000000080019060,0x0000000080007a7a,0x000000000000000f,0x0000000080019430,0x00000000800190b0,0x0000000080019548,0x000000008000f238,0x0000000000000006,0x0000000000000006,0x0000000080019310,0x0000000080019370,0x000000008000f201,0x3fe436e6c9fddc1e,0x0000000000000000,0x00000000524b1a5e,0x000000000056adbc,0x3fedd0be6c4371df,0x00000000800049f0,0x0000000000000000,0x414fe4a9f8e56042,0x4129fe574a3d70a4,0x4152076508fc5048,0x3ff0000000000000,0x0000000000000000,0x0000000000000000,0x00000000800049f0,0x00000000016d6fe1,0x000000000162b71e,0x00000000016d6fe1,0x000000000162b71e,0x000000000020d9e3,0x0000000000000a50,0x0000000000005279,0x0000000000000ae0,0x0000000000008142,0x0000000000ab5868,0x0000000000001572
1784428664715,0x000000008000589c,0x0000000080018ed0,0x0000000080007a7a,0x0000000000000000,0x00000000800191f0,0x0000000080018f20,0x0000000080019280,0x0000000080019118,0x0000000000000006,0x0000000000000003,0x0000000080019280,0x00000000800192a0,0x000000004657d3f9,0x0000000043f14cec,0x0000000000000000,0x0000000046458338,0x000000000055dc95,0x3fedd0be6c4371df,0x00000000800049a4,0x0000000000000000,0x4025772550fc533b,0x4129fe574a3d70a4,0x4152076508fc5048,0x3fe1aec7af362c5b,0x0000000000000000,0x0000000000000000,0x00000000800049a4,0x00000000016e36cb,0x0000000001637e49,0x00000000016e36cb,0x0000000001637e49,0x000000000020e9c0,0x0000000000000a59,0x0000000000005279,0x0000000000000ae0,0x000000000000816b,0x0000000000abb8ff,0x0000000000001575
1784428665561,0x00000000800056f8,0x0000000080019060,0x0000000080007a7a,0x000000000000000f,0x0000000080019430,0x00000000800190b0,0x0000000080019548,0x000000008000f238,0x0000000000000006,0x0000000000000006,0x0000000080019548,0x0000000080019650,0x000000008000f201,0x3fe5805e2007fc2c,0x0000000000000000,0xffffffffe4f493e0,0x00000000007a485b,0x3fedd0be6c4371d4,0x00000000800049a4,0x0000000000000000,0x414fe4aa85013a93,0x4129fe50dcac0831,0x4152076abac08312,0x0000000000000000,0x0000000000000000,0x0000000000000000,0x00000000800049a4,0x00000000016f035c,0x0000000001644456,0x00000000016f035c,0x0000000001644456,0x000000000020ff41,0x0000000000000a5b,0x000000000000527b,0x0000000000000aea,0x00000000000081b8,0x0000000000ac1af8,0x0000000000001578
1784428666422,0x00000000800058f2,0x0000000080018ed0,0x0000000080007a7a,0x0000000000000000,0x00000000800191f0,0x0000000080018f20,0x00000000800193a0,0x00000000800194a0,0x0000000000000006,0x0000000000000003,0x0000000000000002,0x000000000000000c,0x000000004657d3f9,0x0000000043f14cec,0x0000000000000000,0x0000000046458338,0x000000000055dc95,0x3fedd0be6c4371d4,0x00000000800049da,0x0000000000000000,0x4025772550fc533b,0x4129fe50dcac0831,0x4152076abac08312,0x3fc733d476943792,0x0000000000000000,0x0000000000000000,0x00000000800049da,0x00000000016fc97a,0x0000000001650b38,0x00000000016fc97a,0x0000000001650b38,0x0000000000210f6c,0x0000000000000a64,0x000000000000527b,0x0000000000000aea,0x00000000000081d9,0x0000000000ac7b1c,0x000000000000157b
1784428667239,0x00000000800056f8,0x0000000080019060,0x0000000080007a7a,0x000000000000000f,0x0000000080019430,0x00000000800190b0,0x0000000080019548,0x000000008000f238,0x0000000000000006,0x0000000000000006,0x0000000080019310,0x0000000000000002,0x000000008000f201,0x3fed35a7a82e321e,0x0000000000000000,0xffffffffc7b38be0,0x0000000000677da8,0x3fedd0be6c4371cb,0x00000000800049f6,0x0000000000000000,0x414fe4aa9318fc50,0x4129fe5b8acd9e84,0x415207697ab851ec,0x0000000000000000,0x0000000000000000,0x0000000000000000,0x00000000800049f6,0x0000000001707c31,0x000000000165b7aa,0x0000000001707c31,0x000000000165b7aa,0x0000000000212285,0x0000000000000a66,0x000000000000527d,0x0000000000000af4,0x0000000000008225,0x0000000000acd153,0x000000000000157e
1784428668078,0x00000000800058f2,0x0000000080018ed0,0x0000000080007a7a,0x0000000000000000,0x00000000800191f0,0x0000000080018f20,0x00000000800193a0,0x00000000800194a0,0x0000000000000006,0x0000000000000003,0x0000000080018f50,0x0000000000000000,0xffffffffce3f1fff,0x0000000043f14cea,0x0000000000000000,0xffffffffce281d0e,0x000000000055dc95,0x3fedd0be6c4371cb,0x00000000800049f6,0x0000000000000000,0x4025772550fc533b,0x4129fe5b8acd9e84,0x415207697ab851ec,0x3f9287f43dd4dd22,0x0000000000000000,0x0000000000000000,0x00000000800049f6,0x0000000001713b5c,0x0000000001667760,0x0000000001713b5c,0x0000000001667760,0x000000000021321a,0x0000000000000a6f,0x000000000000527d,0x0000000000000af4,0x000000000000824f,0x0000000000ad2e1c,0x0000000000001581
1784428668917,0x000000008000571c,0x0000000080019070,0x0000000080007a7a,0x000000000000000f,0x0000000080019310,0x00000000800190b0,0x0000000080019548,0x00000000800191f0,0x0000000000000006,0x00000000800191f0,0x0000000080019640,0x0000000080019248,0x000000008000f201,0x3ff111aeb23b7a70,0x0000000000000000,0xffffffffd4371738,0x000000000051d0d6,0x3fedd0be6c4371c3,0x0000000080004b8e,0x0000000000000000,0x414fe4aba1cac083,0x4129fe5a5b15b574,0x415207656ce56042,0x3ff0000000000000,0x0000000000000000,0x0000000000000000,0x0000000080004b8e,0x000000000171faa0,0x00000000016730c6,0x000000000171faa0,0x00000000016730c6,0x000000000021461a,0x0000000000000a71,0x0000000000005280,0x0000000000000b02,0x000000000000829c,0x0000000000ad8a6b,0x0000000000001584
1784428669740,0x00000000800058f2,0x0000000080018ed0,0x0000000080007a7a,0x0000000000000000,0x00000000800191f0,0x0000000080018f20,0x00000000800193a0,0x00000000800194a0,0x0000000000000006,0x0000000000000003,0x0000000080018f50,0x0000000080019058,0xffffffffce3f1fff,0x0000000043f14cea,0x0000000000000000,0xffffffffce281d0e,0x000000000055dc95,0x3fedd0be6c4371c3,0x000000008000495a,0x0000000000000000,0x4025772550fc533b,0x4129fe5a5b15b574,0x415207656ce56042,0x3f8314f4c02b2a11,0x0000000000000000,0x0000000000000000,0x000000008000495a,0x000000000172c438,0x000000000167fa67,0x000000000172c438,0x000000000167fa67,0x00000000002156a4,0x0000000000000a7a,0x0000000000005280,0x0000000000000b02,0x00000000000082c0,0x0000000000adebd3,0x0000000000001588
1784428670549,0x0000000080005744,0x0000000080019060,0x0000000080007a7a,0x000000000000000f,0x00000000800191f0,0x00000000800190b0,0x0000000080019310,0x00000000800191f0,0x0000000000000006,0x0000000000000006,0x00000000800190d0,0x0000000080019100,0x000000008000f201,0x3ff0a1c40c1a7a4c,0x0000000000000000,0xffffffffb042c55e,0x0000000000672708,0x3fedd0be6c4371bc,0x0000000080004984,0x0000000000000000,0x414fe4ad7fec56d6,0x4129fe4997a786c2,0x415207626a474539,0x3fdcf46da09c9983,0x3fdcf46da09c9983,0x3fdcf46da09c9983,0x0000000080004984,0x0000000001737b7b,0x000000000168ab89,0x0000000001737b7b,0x000000000168ab89,0x00000000002169f1,0x0000000000000a7c,0x0000000000005283,0x0000000000000b10,0x0000000000008311,0x0000000000ae4434,0x000000000000158b
1784428671400,0x00000000800058f2,0x0000000080018ed0,0x0000000080007a7a,0x0000000000000000,0x00000000800191f0,0x0000000080018f20,0x00000000800193a0,0x00000000800194a0,0x0000000000000006,0x0000000000000003,0x0000000080018f50,0x0000000080019058,0x00000000566af6fe,0x0000000043f14ce8,0x0000000000000000,0x00000000560ab6e0,0x000000000055dc95,0x3fedd0be6c4371bc,0x00000000800049f0,0x0000000000000000,0x4025772550fc533a,0x4129fe4997a786c2,0x415207626a474539,0x3f8314f4c02b2a0f,0x0000000000000000,0x0000000000000000,0x00000000800049f0,0x0000000001743b43,0x0000000001696b4a,0x0000000001743b43,0x0000000001696b4a,0x00000000002179b9,0x0000000000000a85,0x0000000000005283,0x0000000000000b10,0x0000000000008335,0x0000000000aea0fb,0x000000000000158e
1784428672241,0x0000000080005744,0x0000000080019060,0x0000000080007a7a,0x000000000000000f,0x00000000800191f0,0x00000000800190b0,0x0000000080019310,0x00000000800191f0,0x0000000000000006,0x0000000000000006,0x00000000800190d0,0x0000000080019150,0x000000008000f201,0x3fec9ad2e6fa42b2,0x0000000000000000,0xffffffffd244ce00,0x000000000072884c,0x3fedd0be6c4371b6,0x00000000800049f2,0x0000000000000000,0x414fe4a8dd21ff2e,0x4129fe3fce219653,0x41520763078ef34d,0x0000000000000000,0x0000000000000000,0x0000000000000000,0x00000000800049f2,0x00000000017501f3,0x00000000016a2c16,0x00000000017501f3,0x00000000016a2c16,0x0000000000218e4e,0x0000000000000a87,0x0000000000005285,0x0000000000000b1a,0x000000000000837c,0x0000000000af00ce,0x0000000000001591
1784428673036,0x00000000800057ae,0x0000000080018d90,0x0000000080007a7a,0x0000000000000000,0x00000000800191f0,0x0000000080018de0,0x0000000080018f50,0x000000008000f238,0x0000000000000006,0x0000000000000006,0x0000000080018df0,0x0000000080018e08,0xffffffffddff7dee,0x0000000043f14ce6,0x0000000000000000,0xffffffffdded50ae,0x000000000055dc95,0x3fedd0be6c4371b6,0x0000000080004982,0x0000000000000000,0x4025772550fc533a,0x4129fe3fce219653,0x41520763078ef34d,0x8000000000000000,0x0000000000000000,0x0000000000000000,0x0000000080004982,0x000000000175bdd2,0x00000000016ae886,0x000000000175bdd2,0x00000000016ae886,0x0000000000219dad,0x0000000000000a90,0x0000000000005285,0x0000000000000b1a,0x000000000000839a,0x0000000000af5c02,0x0000000000001594
1784428673896,0x0000000080005744,0x0000000080019060,0x0000000080007a7a,0x000000000000000f,0x00000000800191f0,0x00000000800190b0,0x0000000080019310,0x00000000800191f0,0x0000000000000006,0x0000000000000006,0x00000000800191f0,0x0000000080019228,0x000000008000f201,0x3fe906c07aa2c8c9,0x0000000000000000,0x0000000040af10ce,0x000000000065e27d,0x3fedd0be6c4371b0,0x00000000800049c6,0x0000000000000000,0x414fe4aaef381d7e,0x4129fe4f26dc5d64,0x4152076588240b78,0x0000000000000000,0x0000000000000000,0x0000000000000000,0x00000000800049c6,0x0000000001768434,0x00000000016ba90d,0x0000000001768434,0x00000000016ba90d,0x000000000021b25c,0x0000000000000a92,0x0000000000005287,0x0000000000000b24,0x00000000000083d8,0x0000000000afbbb3,0x0000000000001597
1784428674748,0x00000000800057ae,0x0000000080018d90,0x0000000080007a7a,0x0000000000000000,0x00000000800191f0,0x0000000080018de0,0x0000000080018f50,0x000000008000f238,0x0000000000000006,0x0000000000000006,0x0000000000000004,0x0000000000000003,0xffffffffddff7dee,0x0000000043f14ce6,0x0000000000000000,0xffffffffdded50ae,0x000000000055dc95,0x3fedd0be6c4371b0,0x0000000080004966,0x0000000000000000,0x4025772550fc533a,0x4129fe4f26dc5d64,0x4152076588240b78,0x3ff0000000000000,0x0000000000000000,0x0000000000000000,0x0000000080004966,0x0000000001774c7d,0x00000000016c71eb,0x0000000001774c7d,0x00000000016c71eb,0x000000000021c2c5,0x0000000000000a9b,0x0000000000005287,0x0000000000000b24,0x00000000000083f3,0x0000000000b01cc1,0x000000000000159a
1784428675597,0x0000000080005820,0x0000000080018ed0,0x0000000080007a7a,0x000000000000000f,0x00000000800191f0,0x0000000080018f20,0x000000008000f238,0x0000000080019310,0x0000000000000006,0x0000000000000006,0x0000000000000004,0x0000000000000003,0x000000008000f201,0x3fe8abc378a15ea9,0x0000000000000000,0xffffffff8cb19838,0x000000000064281d,0x3fedd0be6c4371ac,0x00000000800049b0,0x0000000000000000,0x414fe4a97cd013a9,0x4129fe47e05bc01a,0x41520765f6fec56d,0x0000000000000000,0x0000000000000000,0x0000000000000000,0x00000000800049b0,0x00000000017817ce,0x00000000016d37c9,0x00000000017817ce,0x00000000016d37c9,0x000000000021d7c2,0x0000000000000a9d,0x000000000000528a,0x0000000000000b32,0x0000000000008438,0x0000000000b07f11,0x000000000000159d
1784428676266,0x0000000080009fc2,0x0000000080019420,0x402a6014520d611c,0x0000000000000008,0x0000000000000000,0x0000000080019700,0x0000000000687508,0x000000003e873250,0x0000000000c04337,0x0000000000000001,0x0000000000343a84,0x0000000064b794e0,0x000000007d0e64a8,0x000000007d0e64a0,0x0000000000000004,0x000000007d0e64a8,0x0000000000687508,0x3fedd0be6c4371a8,0x000000008000a0fc,0x40254fa6332f2488,0x40254fa6332f2488,0x4129fe47e05bc01a,0x41520765f6fec56d,0x3ff0000000000000,0x40254cdd82862e0e,0x40254fa6332f2488,0x000000008000a0fc,0x000000000178df7e,0x00000000016dff12,0x000000000178df7e,0x00000000016dff12,0x000000000021e7fb,0x0000000000000aa6,0x000000000000528a,0x0000000000000b32,0x000000000000847c,0x0000000000b0e026,0x00000000000015a0
1784428677110,0x0000000080005820,0x0000000080018ed0,0x0000000080007a7a,0x000000000000000f,0x00000000800191f0,0x0000000080018f20,0x000000008000f238,0x0000000080019310,0x0000000000000006,0x0000000000000006,0x0000000080019280,0x0000000000000088,0x000000008000f201,0x3fe8a622a1583df9,0x0000000000000000,0xffffffffbeceaafe,0x000000000073c4e1,0x3fedd0be6c4371a8,0x0000000080004954,0x0000000000000000,0x414fe4a5d8c49ba6,0x4129fe484ab367a1,0x41520764c762b6ae,0x3fc2c1cc2c4b5871,0x0000000000000000,0x0000000000000000,0x0000000080004954,0x000000000179a3e5,0x00000000016ebdcf,0x000000000179a3e5,0x00000000016ebdcf,0x000000000021fc89,0x0000000000000aa8,0x000000000000528d,0x0000000000000b3e,0x00000000000084a7,0x0000000000b13e33,0x00000000000015a3
1784428677965,0x0000000080006260,0x0000000080019230,0x402a6014520d6119,0x0000000000000000,0x0000000000000000,0x0000000080019440,0x0000000080019698,0x00000000800194a0,0x000000008000f238,0x00000000800003f0,0x0000000000000000,0x0000000000000000,0xffffffffe277fff9,0xffffffff9c343f30,0x0000000000000000,0xffffffffe273ab80,0x00000000004b9a71,0x3fedd0be6c4371a6,0x0000000080005cda,0x0000000000000000,0x4022e69c670d0fcc,0x4129fe484ab367a1,0x41520764c762b6ae,0x01a56e1fc2f8f359,0x0000000000000000,0x0000000000000000,0x0000000080005cda,0x00000000017a7274,0x00000000016f896d,0x00000000017a7274,0x00000000016f896d,0x000000000022108a,0x0000000000000ab1,0x000000000000528d,0x0000000000000b3e,0x00000000000084e6,0x0000000000b1a45c,0x00000000000015a6
1784428678792,0x0000000080005850,0x0000000080018ed0,0x0000000080007a7a,0x000000000000000f,0x00000000800191f0,0x0000000080018f20,0x00000000800191f0,0x0000000080019310,0x0000000000000003,0x0000000000000006,0x00000000800191f0,0x00000000800191f8,0x000000008000f201,0x3fe6fc5db0db3c5b,0x0000000000000000,0xffffffffe16c4b78,0x00000000006d14eb,0x3fedd0be6c4371a6,0x00000000800049a4,0x0000000000000000,0x414fe4a6e71de69b,0x4129fe4edb645a1d,0x41520763fdd7dbf5,0x401623e8e4790c0a,0x401623e8e4790c0a,0x401623e8e4790c0a,0x00000000800049a4,0x00000000017b37fa,0x0000000001704baa,0x00000000017b37fa,0x0000000001704baa,0x00000000002221ef,0x0000000000000ab3,0x000000000000528f,0x0000000000000b49,0x0000000000008513,0x0000000000b2011c,0x00000000000015aa
1784428679651,0x00000000800056f8,0x0000000080019060,0x0000000080007a7a,0x000000000000000f,0x0000000080019430,0x00000000800190b0,0x0000000080019548,0x000000008000f238,0x0000000000000006,0x0000000000000006,0x0000000080019310,0x0000000080019330,0x000000008000f201,0x3fe4638e735e4160,0x0000000000000000,0xffffffffc5d07e00,0x00000000006d70a4,0x3fedd0be6c4371a4,0x00000000800049f0,0x0000000000000000,0x414fe4a90b645a1d,0x4129fe5df4bc6a7f,0x415207672bd566cf,0x0000000000000000,0x0000000000000000,0x0000000000000000,0x00000000800049f0,0x00000000017c002c,0x0000000001710f5d,0x00000000017c002c,0x0000000001710f5d,0x0000000000223716,0x0000000000000abe,0x0000000000005291,0x0000000000000b53,0x0000000000008576,0x0000000000b264b6,0x00000000000015ad
1784428680463,0x0000000080009fc2,0x0000000080018dc0,0x0000000080007a7a,0x0000000000586900,0x00000000800191f0,0x0000000080018e40,0x0000000000586800,0x0000000000000080,0x0000000000a7fc8f,0x0000000000000002,0x00000000002c3400,0x0000000021810000,0x0000000000000001,0x0000000000000008,0x0000000000000000,0xffffffffcf3a00f8,0x00000000005869e6,0x3fedd0be6c4371a4,0x000000008000a0b6,0x403e88fa391e4302,0x403e88fa391e4302,0x4129fe5df4bc6a7f,0x415207672bd566cf,0x01a56e1fc2f8f359,0x0000000000000000,0x403e88fa391e4302,0x000000008000a0b6,0x00000000017cc371,0x000000000171d1ba,0x00000000017cc371,0x000000000171d1ba,0x0000000000224678,0x0000000000000ac0,0x0000000000005291,0x0000000000000b53,0x000000000000858e,0x0000000000b2c168,0x00000000000015b0
1784428681309,0x00000000800056f8,0x0000000080019060,0x0000000080007a7a,0x000000000000000f,0x0000000080019430,0x00000000800190b0,0x0000000080019548,0x000000008000f238,0x0000000000000006,0x0000000000000006,0x0000000000000002,0x000000000000000c,0x000000008000f201,0x3fe5bc90cc114855,0x0000000000000000,0x000000002fac7638,0x000000000049f310,0x3fedd0be6c4371a2,0x0000000080004970,0x0000000000000000,0x414fe4a611ba5e35,0x4129fe47cb020c4a,0x41520763ed8793de,0x3ff0000000000000,0x0000000000000000,0x0000000000000000,0x0000000080004970,0x00000000017d8a3f,0x00000000017292bc,0x00000000017d8a3f,0x00000000017292bc,0x0000000000225bb2,0x0000000000000ac9,0x0000000000005294,0x0000000000000b61,0x00000000000085e7,0x0000000000b32295,0x00000000000015b3
1784428682117,0x000000008000589c,0x0000000080018ed0,0x0000000080007a7a,0x0000000000000000,0x00000000800191f0,0x0000000080018f20,0x0000000080019280,0x0000000080019118,0x0000000000000006,0x0000000000000003,0x0000000000000001,0x0000000000000006,0x0000000065cffe7b,0x0000000043f14ce4,0x0000000000000000,0x0000000065cfea78,0x000000000055dc95,0x3fedd0be6c4371a2,0x0000000080004998,0x0000000000000000,0x4025772550fc5339,0x4129fe47cb020c4a,0x41520763ed8793de,0x0000000000000000,0x0000000000000000,0x0000000000000000,0x0000000080004998,0x00000000017e4b04,0x00000000017353c2,0x00000000017e4b04,0x00000000017353c2,0x0000000000226b0c,0x0000000000000ad2,0x0000000000005294,0x0000000000000b61,0x0000000000008618,0x0000000000b38042,0x00000000000015b6
1784428682932,0x00000000800056f8,0x0000000080019060,0x0000000080007a7a,0x000000000000000f,0x0000000080019430,0x00000000800190b0,0x0000000080019548,0x000000008000f238,0x0000000000000006,0x0000000000000006,0x0000000080019310,0x0000000000000005,0x000000008000f201,0x3fe2d5fece1e32ca,0x0000000000000000,0xffffffff99e102e0,0x00000000004d6506,0x3fedd0be6c4371a2,0x00000000800049f6,0x0000000000000000,0x414fe4a334b295ea,0x4129fe54028f5c29,0x41520768644816f0,0x3ff0000000000000,0x402a6014520d6114,0x402c3d2038d1982e,0x00000000800049f6,0x00000000017f11be,0x000000000174140a,0x00000000017f11be,0x000000000174140a,0x0000000000228020,0x0000000000000ad4,0x0000000000005297,0x0000000000000b6f,0x0000000000008666,0x0000000000b3df7c,0x00000000000015b9
1784428683786,0x00000000800058f2,0x0000000080018ed0,0x0000000080007a7a,0x0000000000000000,0x00000000800191f0,0x0000000080018f20,0x00000000800193a0,0x00000000800194a0,0x0000000000000006,0x0000000000000003,0x0000000000000001,0x000000000000000d,0x0000000065cffe7b,0x0000000043f14ce4,0x0000000000000000,0x0000000065cfea78,0x000000000055dc95,0x3fedd0be6c4371a2,0x00000000800049e2,0x0000000000000000,0x4025772550fc5339,0x4129fe54028f5c29,0x41520768644816f0,0x0000000000000000,0x0000000000000000,0x0000000000000000,0x00000000800049e2,0x00000000017fda20,0x000000000174dd0f,0x00000000017fda20,0x000000000174dd0f,0x0000000000229075,0x0000000000000add,0x0000000000005297,0x0000000000000b6f,0x0000000000008689,0x0000000000b440a1,0x00000000000015bc
1784428684614,0x000000008000571c,0x0000000080019070,0x0000000080007a7a,0x000000000000000f,0x0000000080019310,0x00000000800190b0,0x0000000080019548,0x00000000800191f0,0x0000000000000006,0x00000000800191f0,0x00000000800195f0,0x0000000000000004,0x000000008000f201,0x3fe5774a08479490,0x0000000000000000,0xffffffffc0e73dde,0x0000000000551670,0x3fedd0be6c4371a2,0x0000000080004b98,0x0000000000000000,0x414fe4a7d6bedfa4,0x4129fe51658793de,0x4152076557f62b6b,0x3ff0000000000000,0x0000000000000000,0x3ff0000000000000,0x0000000080004b98,0x00000000018095bb,0x00000000017592c2,0x00000000018095bb,0x00000000017592c2,0x000000000022a430,0x0000000000000adf,0x0000000000005298,0x0000000000000b75,0x00000000000086d8,0x0000000000b49b43,0x00000000000015bf
1784428685405,0x00000000800058f2,0x0000000080018ed0,0x0000000080007a7a,0x0000000000000000,0x00000000800191f0,0x0000000080018f20,0x00000000800193a0,0x00000000800194a0,0x0000000000000006,0x0000000000000003,0x0000000000000004,0x0000000000000018,0x0000000065cffe7b,0x0000000043f14ce4,0x0000000000000000,0x0000000065cfea78,0x000000000055dc95,0x3fedd0be6c4371a2,0x00000000800049da,0x0000000000000000,0x4025772550fc5339,0x4129fe51658793de,0x4152076557f62b6b,0x0000000000000000,0x0000000000000000,0x0000000000000000,0x00000000800049da,0x0000000001815a37,0x000000000176576d,0x0000000001815a37,0x000000000176576d,0x000000000022b445,0x0000000000000ae8,0x0000000000005298,0x0000000000000b75,0x00000000000086ff,0x0000000000b4fa58,0x00000000000015c2
1784428686237,0x0000000080005744,0x0000000080019060,0x0000000080007a7a,0x000000000000000f,0x00000000800191f0,0x00000000800190b0,0x0000000080019310,0x00000000800191f0,0x0000000000000006,0x0000000000000006,0x00000000800190d0,0x0000000000000002,0x000000008000f201,0x3fe3e9f7be226c98,0x0000000000000000,0xffffffff99b84438,0x00000000005e7fff,0x3fedd0be6c4371a2,0x00000000800049fc,0x0000000000000000,0x414fe4a5a82de00d,0x4129fe528b923a2a,0x41520767ef141206,0x0000000000000000,0x0000000000000000,0x0000000000000000,0x00000000800049fc,0x00000000018220e0,0x000000000177183b,0x00000000018220e0,0x000000000177183b,0x000000000022c8de,0x0000000000000aea,0x0000000000005299,0x0000000000000b79,0x000000000000874b,0x0000000000b55a2f,0x00000000000015c5
1784428687036,0x00000000800057ae,0x0000000080018d90,0x0000000080007a7a,0x0000000000000000,0x00000000800191f0,0x0000000080018de0,0x0000000080018f50,0x000000008000f238,0x0000000000000006,0x0000000000000006,0x0000000000000000,0x0000000000000000,0x0000000065cffe7b,0x0000000043f14ce4,0x0000000000000000,0x0000000065cfea78,0x000000000055dc95,0x3fedd0be6c4371a2,0x00000000800049bc,0x0000000000000000,0x4025772550fc5339,0x4129fe528b923a2a,0x41520767ef141206,0x8000000000000000,0x0000000000000000,0x0000000000000000,0x00000000800049bc,0x000000000182f1ec,0x000000000177e944,0x000000000182f1ec,0x000000000177e944,0x000000000022d9f1,0x0000000000000af3,0x0000000000005299,0x0000000000000b79,0x0000000000008772,0x0000000000b5bf15,0x00000000000015c8
1784428687825,0x0000000080005744,0x0000000080019060,0x0000000080007a7a,0x000000000000000f,0x00000000800191f0,0x00000000800190b0,0x0000000080019310,0x00000000800191f0,0x0000000000000006,0x0000000000000006,0x0000000000000003,0x0000000000000012,0x000000008000f201,0x3fe578635f1611b9,0x0000000000000000,0xffffffffaf52952e,0x00000000005fc35f,0x3fedd0be6c4371a2,0x00000000800049da,0x0000000000000000,0x414fe4a880902de0,0x4129fe4a4617c1be,0x4152076bcf611340,0x0000000000000000,0x0000000000000000,0x0000000000000000,0x00000000800049da,0x000000000183a7da,0x000000000178990f,0x000000000183a7da,0x000000000178990f,0x000000000022ed40,0x0000000000000af5,0x000000000000529b,0x0000000000000b83,0x00000000000087be,0x0000000000b616f1,0x00000000000015cb
1784428688463,0x00000000800057ae,0x0000000080018d90,0x0000000080007a7a,0x0000000000000000,0x00000000800191f0,0x0000000080018de0,0x0000000080018f50,0x000000008000f238,0x0000000000000006,0x0000000000000006,0x0000000080018df0,0x0000000080018e00,0x0000000065cffe7b,0x0000000043f14ce4,0x0000000000000000,0x0000000065cfea78,0x000000000055dc95,0x3fedd0be6c4371a2,0x000000008000495a,0x0000000000000000,0x4025772550fc5339,0x4129fe4a4617c1be,0x4152076bcf611340,0x8000000000000000,0x3fdcf46da09c9984,0x0000000000000000,0x000000008000495a,0x00000000018458bc,0x0000000001794a49,0x00000000018458bc,0x0000000001794a49,0x000000000022fbb5,0x0000000000000afe,0x000000000000529b,0x0000000000000b83,0x00000000000087e7,0x0000000000b66cdd,0x00000000000015ce
1784428689244,0x0000000080005744,0x0000000080019060,0x0000000080007a7a,0x000000000000000f,0x00000000800191f0,0x00000000800190b0,0x0000000080019310,0x00000000800191f0,0x0000000000000006,0x0000000000000006,0x0000000000000002,0x000000000000001a,0x000000008000f201,0x3feb3e7d1e26b8ee,0x0000000000000000,0x0000000075d17f80,0x000000000058ef88,0x3fedd0be6c4371a2,0x00000000800049bc,0x0000000000000000,0x414fe49f4926e979,0x4129fe3f1c91d14e,0x415207630c2c3c9f,0x0000000000000000,0x4016207f14426f07,0x4016207f14426f07,0x00000000800049bc,0x0000000001851092,0x000000000179fc34,0x0000000001851092,0x000000000179fc34,0x0000000000230f30,0x0000000000000b00,0x000000000000529c,0x0000000000000b87,0x000000000000882c,0x0000000000b6c593,0x00000000000015d1
1784428690054,0x00000000800057ae,0x0000000080018d90,0x0000000080007a7a,0x0000000000000000,0x00000000800191f0,0x0000000080018de0,0x0000000080018f50,0x000000008000f238,0x0000000000000006,0x0000000000000006,0x0000000000000002,0x0000000000000006,0x0000000065cffe7b,0x0000000043f14ce4,0x0000000000000000,0x0000000065cfea78,0x000000000055dc95,0x3fedd0be6c4371a2,0x0000000080004a06,0x0000000000000000,0x4025772550fc5339,0x4129fe3f1c91d14e,0x415207630c2c3c9f,0x3ff0000000000000,0x0000000000000000,0x0000000000000000,0x0000000080004a06,0x000000000185d9c3,0x00000000017ac565,0x000000000185d9c3,0x00000000017ac565,0x0000000000231fa1,0x0000000000000b09,0x000000000000529c,0x0000000000000b87,0x0000000000008858,0x0000000000b726c6,0x00000000000015d4
1784428690915,0x0000000080005744,0x0000000080019060,0x0000000080007a7a,0x000000000000000f,0x00000000800191f0,0x00000000800190b0,0x0000000080019310,0x00000000800191f0,0x0000000000000006,0x0000000000000006,0x00000000800190d0,0x00000000800191c8,0x000000008000f201,0x3fe58d65083952da,0x0000000000000000,0x000000001564a7f8,0x0000000000510f1f,0x3fedd0be6c4371a2,0x00000000800049f0,0x0000000000000000,0x414fe4a194d35a86,0x4129fe4e213a92a3,0x4152076c1437b4a2,0x0000000000000000,0x0000000000000000,0x0000000000000000,0x00000000800049f0,0x0000000001869fbf,0x00000000017b8583,0x0000000001869fbf,0x00000000017b8583,0x0000000000233444,0x0000000000000b0b,0x000000000000529e,0x0000000000000b91,0x000000000000889a,0x0000000000b7864c,0x00000000000015d7
1784428691749,0x00000000800057ae,0x0000000080018d90,0x0000000080007a7a,0x0000000000000000,0x00000000800191f0,0x0000000080018de0,0x0000000080018f50,0x000000008000f238,0x0000000000000006,0x0000000000000006,0x0000000000000003,0x0000000000000006,0x0000000065cffe7b,0x0000000043f14ce4,0x0000000000000000,0x0000000065cfea78,0x000000000055dc95,0x3fedd0be6c4371a2,0x000000008000498e,0x0000000000000000,0x4025772550fc5339,0x4129fe4e213a92a3,0x4152076c1437b4a2,0x3ff0000000000000,0x0000000000000000,0x0000000000000000,0x000000008000498e,0x0000000001875db1,0x00000000017c4405,0x0000000001875db1,0x00000000017c4405,0x00000000002343d0,0x0000000000000b14,0x000000000000529e,0x0000000000000b91,0x00000000000088b7,0x0000000000b7e278,0x00000000000015da
1784428692574,0x0000000080005744,0x0000000080019060,0x0000000080007a7a,0x000000000000000f,0x00000000800191f0,0x00000000800190b0,0x0000000080019310,0x00000000800191f0,0x0000000000000006,0x0000000000000006,0x00000000800191f0,0x00000000800192d0,0x000000008000f201,0x3feb2e6e94985efc,0x0000000000000000,0x0000000015a6edb8,0x0000000000547839,0x3fedd0be6c4371a2,0x00000000800049c6,0x0000000000000000,0x414fe4a205fd8adb,0x4129fe5b15c28f5c,0x415207663be90ff9,0x402c3d2038d1982d,0x0000000000000000,0x0000000000000000,0x00000000800049c6,0x00000000018811e2,0x00000000017cf24c,0x00000000018811e2,0x00000000017cf24c,0x00000000002356f7,0x0000000000000b16,0x00000000000052a0,0x0000000000000b9b,0x000000000000890b,0x0000000000b8399f,0x00000000000015dd
1784428693406,0x00000000800057ae,0x0000000080018d90,0x0000000080007a7a,0x0000000000000000,0x00000000800191f0,0x0000000080018de0,0x0000000080018f50,0x000000008000f238,0x0000000000000006,0x0000000000000006,0x0000000000000003,0x0000000000000006,0x0000000065cffe7b,0x0000000043f14ce4,0x0000000000000000,0x0000000065cfea78,0x000000000055dc95,0x3fedd0be6c4371a2,0x00000000800049d6,0x0000000000000000,0x4025772550fc5339,0x4129fe5b15c28f5c,0x415207663be90ff9,0x8000000000000000,0x3fdcf46da09c9983,0x8000000000000000,0x00000000800049d6,0x000000000188d6fb,0x00000000017db7d5,0x000000000188d6fb,0x00000000017db7d5,0x0000000000236717,0x0000000000000b1f,0x00000000000052a0,0x0000000000000b9b,0x0000000000008927,0x0000000000b89919,0x00000000000015e0
1784428694186,0x000000008000575e,0x0000000080019070,0x0000000080007a7a,0x000000000000000f,0x00000000800191f0,0x00000000800190b0,0x00000000800190d0,0x00000000800002d0,0x000000008000f238,0x0000000000000006,0x000000008000f238,0x0000000000000001,0x000000008000f201,0x3fe8d8137a3aaa9f,0x0000000000000000,0x00000000578c068e,0x0000000000765ced,0x3fedd0be6c4371a2,0x0000000080004c72,0x0000000000000000,0x414fe4a3c3f487fd,0x4129fe45bdb22d0e,0x4152076ceb4a233a,0x3fc17a1e17d07729,0x0000000000000000,0x0000000000000000,0x0000000080004c72,0x0000000001899559,0x00000000017e7037,0x0000000001899559,0x00000000017e7037,0x0000000000237b16,0x0000000000000b21,0x00000000000052a3,0x0000000000000ba9,0x000000000000896e,0x0000000000b8f4f2,0x00000000000015e3
1784428695044,0x00000000800057ae,0x0000000080018d90,0x0000000080007a7a,0x0000000000000000,0x00000000800191f0,0x0000000080018de0,0x0000000080018f50,0x000000008000f238,0x0000000000000006,0x0000000000000006,0x000000008000f238,0x000000008000f290,0x0000000065cffe7b,0x0000000043f14ce4,0x0000000000000000,0x0000000065cfea78,0x000000000055dc95,0x3fedd0be6c4371a2,0x00000000800049c6,0x0000000000000000,0x4025772550fc5339,0x4129fe45bdb22d0e,0x4152076ceb4a233a,0x8000000000000000,0x0000000000000000,0x0000000000000000,0x00000000800049c6,0x00000000018a627e,0x00000000017f3de1,0x00000000018a627e,0x00000000017f3de1,0x0000000000238be5,0x0000000000000b2a,0x00000000000052a3,0x0000000000000ba9,0x0000000000008985,0x0000000000b95841,0x00000000000015e6
1784428695908,0x0000000080005820,0x0000000080018ed0,0x0000000080007a7a,0x000000000000000f,0x00000000800191f0,0x0000000080018f20,0x000000008000f238,0x0000000080019310,0x0000000000000006,0x0000000000000006,0x000000008000f238,0x0000000000000003,0x000000008000f201,0x3fee8e639baf41dc,0x0000000000000000,0x000000007c98a378,0x00000000005c4042,0x3fedd0be6c4371a2,0x00000000800049aa,0x0000000000000000,0x414fe4a2ee041893,0x4129fe4976d5cfab,0x4152076d17f62b6b,0x3fe1aec7af362c5b,0x0000000000000000,0x0000000000000000,0x00000000800049aa,0x00000000018b1bc2,0x00000000017ff1da,0x00000000018b1bc2,0x00000000017ff1da,0x0000000000239f6b,0x0000000000000b2c,0x00000000000052a6,0x0000000000000bb7,0x00000000000089d0,0x0000000000b9b20d,0x00000000000015e9
1784428696728,0x0000000080009fc2,0x0000000080019420,0x402a6014520d6113,0x0000000000000004,0x0000000000000000,0x0000000080019700,0x000000000041d7aa,0x00000000799d3d4c,0x0000000000643980,0x0000000000000004,0x000000000020ebd5,0x000000007a86ac5c,0x0000000000643980,0xfffffffff33a7a98,0x0000000000000003,0xfffffffff50d58b8,0x000000000041d7aa,0x3fedd0be6c4371a2,0x000000008000a130,0x4070ef3a801a666f,0x4070ef3a801a666f,0x4129fe4976d5cfab,0x4152076d17f62b6b,0x3ff0000000000000,0x40067ddc28606067,0x4070ef3a801a666f,0x000000008000a130,0x00000000018bdd58,0x000000000180b388,0x00000000018bdd58,0x000000000180b388,0x000000000023af2b,0x0000000000000b35,0x00000000000052a6,0x0000000000000bb7,0x0000000000008a06,0x0000000000ba108f,0x00000000000015ec
1784428697585,0x000000008000583a,0x0000000080018ed0,0x0000000080007a7a,0x000000000000000f,0x00000000800191f0,0x0000000080018f20,0x00000000800194a0,0x000000008000f238,0x0000000000000003,0x0000000000000006,0x0000000000000000,0x0000000000000000,0x000000008000f201,0x3ff1b82006affda5,0x0000000000000000,0xfffffffff7489bf8,0x00000000005ae650,0x3fedd0be6c4371a2,0x0000000080004992,0x0000000000000000,0x414fe4a31bc01a37,0x4129fe535f972474,0x4152076745288ce7,0x3ff0000000000000,0x0000000000000000,0x0000000000000000,0x0000000080004992,0x00000000018ca9bc,0x0000000001817a53,0x00000000018ca9bc,0x0000000001817a53,0x000000000023c45e,0x0000000000000b37,0x00000000000052a8,0x0000000000000bc1,0x0000000000008a2f,0x0000000000ba7266,0x00000000000015ef
1784428698231,0x00000000800056f8,0x0000000080019060,0x0000000080007a7a,0x000000000000000f,0x0000000080019430,0x00000000800190b0,0x0000000080019548,0x000000008000f238,0x0000000000000006,0x0000000000000006,0x0000000080019548,0x0000000080019588,0x000000008000f201,0x3ff0336640c502ee,0x0000000000000000,0xfffffffff2d82380,0x00000000005563b1,0x3fedd0be6c4371a2,0x00000000800049a6,0x0000000000000000,0x414fe4a03d2bd3c3,0x4129fe40c978d4fe,0x415207675cd013a9,0x0000000000000000,0x3fdcf46da09c9983,0x3fdcf46da09c9983,0x00000000800049a6,0x00000000018d896c,0x0000000001825592,0x00000000018d896c,0x0000000001825592,0x000000000023db6e,0x0000000000000b42,0x00000000000052aa,0x0000000000000bcb,0x0000000000008a80,0x0000000000bae111,0x00000000000015f2
1784428699053,0x0000000080009fc2,0x0000000080018dc0,0x0000000080007a7a,0x0000000040000000,0x00000000800191f0,0x0000000080018e40,0x00000000005869e6,0x0000000000000000,0x000000000095473e,0x0000000000000002,0x00000000002c34f3,0x0000000002000000,0x000000000095473e,0x0000000000000000,0x000000000000001f,0x0000000004000000,0x00000000005869e6,0x3fedd0be6c4371a2,0x000000008000a130,0x403e88fa391e4302,0x403e88fa391e4302,0x4129fe40c978d4fe,0x415207675cd013a9,0x01a56e1fc2f8f359,0x0000000000000000,0x403e88fa391e4302,0x000000008000a130,0x00000000018e4a9e,0x000000000183161a,0x00000000018e4a9e,0x000000000183161a,0x000000000023eaa4,0x0000000000000b44,0x00000000000052aa,0x0000000000000bcb,0x0000000000008a96,0x0000000000bb3d0f,0x00000000000015f5
1784428699845,0x00000000800056f8,0x0000000080019060,0x0000000080007a7a,0x000000000000000f,0x0000000080019430,0x00000000800190b0,0x0000000080019548,0x000000008000f238,0x0000000000000006,0x0000000000000006,0x000000008000f238,0x000000008000f348,0x000000008000f201,0x3fed92ccebf0a1e5,0x0000000000000000,0x000000005cfe2578,0x0000000000430261,0x3fedd0be6c4371a2,0x00000000800049c6,0x0000000000000000,0x414fe4a5ee2b6ae8,0x4129fe52d4e3bcd3,0x4152076788504817,0x0000000000000000,0x0000000000000000,0x0000000000000000,0x00000000800049c6,0x00000000018f06f9,0x000000000183cc89,0x00000000018f06f9,0x000000000183cc89,0x000000000023ff01,0x0000000000000b4d,0x00000000000052ad,0x0000000000000bd9,0x0000000000008af3,0x0000000000bb9923,0x00000000000015f8
1784428700671,0x000000008000589c,0x0000000080018ed0,0x0000000080007a7a,0x0000000000000000,0x00000000800191f0,0x0000000080018f20,0x0000000080019280,0x0000000080019118,0x0000000000000006,0x0000000000000003,0x0000000000000000,0x0000000000000003,0x0000000065cffe7b,0x0000000043f14ce4,0x0000000000000000,0x0000000065cfea78,0x000000000055dc95,0x3fedd0be6c4371a2,0x00000000800049b0,0x0000000000000000,0x4025772550fc5339,0x4129fe52d4e3bcd3,0x4152076788504817,0x0000000000000000,0x0000000000000000,0x0000000000000000,0x00000000800049b0,0x00000000018fd9b6,0x0000000001849fdd,0x00000000018fd9b6,0x0000000001849fdd,0x0000000000240fd8,0x0000000000000b56,0x00000000000052ad,0x0000000000000bd9,0x0000000000008b17,0x0000000000bbff65,0x00000000000015fb
1784428701503,0x00000000800056f8,0x0000000080019060,0x0000000080007a7a,0x000000000000000f,0x0000000080019430,0x00000000800190b0,0x0000000080019548,0x000000008000f238,0x0000000000000006,0x0000000000000006,0x0000000000000003,0x0000000000000006,0x000000008000f201,0x3feb0b9ee8cc9dcc,0x0000000000000000,0x000000006fbd79ae,0x0000000000439397,0x3fedd0be6c4371a2,0x000000008000498e,0x0000000000000000,0x414fe4a430a71de7,0x4129fe45213a92a3,0x4152076b8a00d1b7,0x0000000000000000,0x0000000000000000,0x0000000000000000,0x000000008000498e,0x00000000019090b5,0x0000000001855090,0x00000000019090b5,0x0000000001855090,0x00000000002423a4,0x0000000000000b58,0x00000000000052b0,0x0000000000000be5,0x0000000000008b62,0x0000000000bc575b,0x00000000000015fe
1784428702332,0x00000000800058f2,0x0000000080018ed0,0x0000000080007a7a,0x0000000000000000,0x00000000800191f0,0x0000000080018f20,0x00000000800193a0,0x00000000800194a0,0x0000000000000006,0x0000000000000003,0x0000000000000003,0x0000000000000006,0x0000000065cffe7b,0x0000000043f14ce4,0x0000000000000000,0x0000000065cfea78,0x000000000055dc95,0x3fedd0be6c4371a2,0x00000000800049d6,0x0000000000000000,0x4025772550fc5339,0x4129fe45213a92a3,0x4152076b8a00d1b7,0x3f9287f43dd4dd22,0x0000000000000000,0x0000000000000000,0x00000000800049d6,0x00000000019165eb,0x000000000186266c,0x00000000019165eb,0x000000000186266c,0x0000000000243509,0x0000000000000b61,0x00000000000052b0,0x0000000000000be5,0x0000000000008b89,0x0000000000bcbe88,0x0000000000001601
1784428703169,0x0000000080005744,0x0000000080019060,0x0000000080007a7a,0x000000000000000f,0x00000000800191f0,0x00000000800190b0,0x0000000080019310,0x00000000800191f0,0x0000000000000006,0x0000000000000006,0x00000000800190d0,0x0000000080019120,0x000000008000f201,0x3fed60888935dedb,0x0000000000000000,0x000000004571d8e0,0x00000000007a8a62,0x3fedd0be6c4371a2,0x0000000080004982,0x0000000000000000,0x414fe4a1287fcb92,0x4129fe45d6c8b439,0x41520769fa76c8b4,0x0000000000000000,0x0000000000000000,0x0000000000000000,0x0000000080004982,0x0000000001922ed2,0x000000000186e961,0x0000000001922ed2,0x000000000186e961,0x00000000002449cd,0x0000000000000b63,0x00000000000052b2,0x0000000000000bef,0x0000000000008bd6,0x0000000000bd1f60,0x0000000000001604
1784428703945,0x00000000800057ae,0x0000000080018d90,0x0000000080007a7a,0x0000000000000000,0x00000000800191f0,0x0000000080018de0,0x0000000080018f50,0x000000008000f238,0x0000000000000006,0x0000000000000006,0x0000000000000000,0x0000000000000006,0x0000000065cffe7b,0x0000000043f14ce4,0x0000000000000000,0x0000000065cfea78,0x000000000055dc95,0x3fedd0be6c4371a2,0x00000000800049d6,0x0000000000000000,0x4025772550fc5339,0x4129fe45d6c8b439,0x41520769fa76c8b4,0x8000000000000000,0x0000000000000000,0x8000000000000000,0x00000000800049d6,0x000000000192f3f3,0x000000000187ae8c,0x000000000192f3f3,0x000000000187ae8c,0x00000000002459e4,0x0000000000000b6c,0x00000000000052b2,0x0000000000000bef,0x0000000000008c00,0x0000000000bd7eae,0x0000000000001607
1784428704796,0x0000000080005744,0x0000000080019060,0x0000000080007a7a,0x000000000000000f,0x00000000800191f0,0x00000000800190b0,0x0000000080019310,0x00000000800191f0,0x0000000000000006,0x0000000000000006,0x0000000000000002,0x0000000000000006,0x000000008000f201,0x3fed4428b8a8166d,0x0000000000000000,0x000000004bc39cf8,0x00000000007e0bab,0x3fedd0be6c4371a2,0x0000000080004a06,0x0000000000000000,0x414fe4a21c1bda51,0x4129fe4a5ce075f7,0x41520768ff9db22d,0x0000000000000000,0x0000000000000000,0x0000000000000000,0x0000000080004a06,0x000000000193c332,0x000000000188777c,0x000000000193c332,0x000000000188777c,0x0000000000246f47,0x0000000000000b6e,0x00000000000052b4,0x0000000000000bf9,0x0000000000008c4f,0x0000000000bde259,0x000000000000160a
1784428705613,0x00000000800057ae,0x0000000080018d90,0x0000000080007a7a,0x0000000000000000,0x00000000800191f0,0x0000000080018de0,0x0000000080018f50,0x000000008000f238,0x0000000000000006,0x0000000000000006,0x0000000080018df0,0x0000000080018eb8,0x0000000065cffe7b,0x0000000043f14ce4,0x0000000000000000,0x0000000065cfea78,0x000000000055dc95,0x3fedd0be6c4371a2,0x00000000800049fc,0x0000000000000000,0x4025772550fc5339,0x4129fe4a5ce075f7,0x41520768ff9db22d,0x8000000000000000,0x0000000000000000,0x0000000000000000,0x00000000800049fc,0x0000000001948c39,0x00000000018940cc,0x0000000001948c39,0x00000000018940cc,0x0000000000247fb8,0x0000000000000b77,0x00000000000052b4,0x0000000000000bf9,0x0000000000008c73,0x0000000000be439c,0x000000000000160d
1784428706478,0x0000000080005820,0x0000000080018ed0,0x0000000080007a7a,0x000000000000000f,0x00000000800191f0,0x0000000080018f20,0x000000008000f238,0x0000000080019310,0x0000000000000006,0x0000000000000006,0x0000000000000001,0x0000000000000003,0x000000008000f201,0x3febba8df39487bb,0x0000000000000000,0x000000001de3098e,0x0000000000777ddc,0x3fedd0be6c4371a2,0x00000000800049b0,0x0000000000000000,0x414fe4a2e46dc5d6,0x4129fe5b64c2f838,0x4152076689205bc0,0x3fe1aec7af362c5b,0x401623e8e4790c0a,0x401623e8e4790c0a,0x00000000800049b0,0x0000000001954bf8,0x000000000189faab,0x0000000001954bf8,0x000000000189faab,0x00000000002493ba,0x0000000000000b79,0x00000000000052b7,0x0000000000000c07,0x0000000000008cce,0x0000000000bea045,0x0000000000001610
1784428707307,0x00000000800057ae,0x0000000080018d90,0x0000000080007a7a,0x0000000000000000,0x00000000800191f0,0x0000000080018de0,0x0000000080018f50,0x000000008000f238,0x0000000000000006,0x0000000000000006,0x0000000000000006,0x0000000000000004,0x0000000065cffe7b,0x0000000043f14ce4,0x0000000000000000,0x0000000065cfea78,0x000000000055dc95,0x3fedd0be6c4371a2,0x0000000080004a12,0x0000000000000000,0x4025772550fc5339,0x4129fe5b64c2f838,0x4152076689205bc0,0x3ff0000000000000,0xbfc21df5220de7cb,0x3fedd0be6c4371a1,0x0000000080004a12,0x0000000001961191,0x00000000018ac028,0x0000000001961191,0x00000000018ac028,0x000000000024a3fa,0x0000000000000b82,0x00000000000052b7,0x0000000000000c07,0x0000000000008cf3,0x0000000000beffab,0x0000000000001613
1784428708159,0x0000000080005820,0x0000000080018ed0,0x0000000080007a7a,0x000000000000000f,0x00000000800191f0,0x0000000080018f20,0x000000008000f238,0x0000000080019310,0x0000000000000006,0x0000000000000006,0x0000000080019280,0x0000000000000078,0x000000008000f201,0x3fe732c919e7c71e,0x0000000000000000,0xffffffffc25d90de,0x00000000005f6f9a,0x3fedd0be6c4371a2,0x0000000080004980,0x0000000000000000,0x414fe49997212d77,0x4129fe61725460aa,0x4152076826075f70,0x3ff12c1dda6375ca,0x402e61c980105fa6,0x0000000000000000,0x0000000080004980,0x000000000196d87a,0x00000000018b819a,0x000000000196d87a,0x00000000018b819a,0x000000000024b897,0x0000000000000b84,0x00000000000052ba,0x0000000000000c15,0x0000000000008d3c,0x0000000000bf5fe5,0x0000000000001616
1784428709017,0x0000000080009fc2,0x0000000080019420,0x402a6014520d6113,0x0000000000080000,0x0000000000000000,0x0000000080019700,0x00000000004fa69a,0x0000000050c00000,0x00000000008f0ce8,0x0000000000000004,0x000000000027d34d,0xffffffffee000000,0xffffffffa1880000,0xffffffffa1900000,0x0000000000000014,0xffffffffa1880000,0x00000000004fa69a,0x3fedd0be6c4371a2,0x000000008000a10e,0x4078c83fdca5ba51,0x4078c83fdca5ba51,0x4129fe61725460aa,0x4152076826075f70,0x3ff0000000000000,0x40754cd323b70272,0x4078c83fdca5ba51,0x000000008000a10e,0x0000000001978c32,0x00000000018c34fb,0x0000000001978c32,0x00000000018c34fb,0x000000000024c744,0x0000000000000b8d,0x00000000000052ba,0x0000000000000c15,0x0000000000008d71,0x0000000000bfb744,0x0000000000001619
1784428709848,0x0000000080005820,0x0000000080018ed0,0x0000000080007a7a,0x000000000000000f,0x00000000800191f0,0x0000000080018f20,0x000000008000f238,0x0000000080019310,0x0000000000000006,0x0000000000000006,0x0000000000000003,0x0000000000000003,0x000000008000f201,0x3fe4f91041beacf9,0x0000000000000000,0xffffffff867e210e,0x000000000042d825,0x3fedd0be6c4371a2,0x000000008000496c,0x0000000000000000,0x414fe49eb4ed9168,0x4129fe5122a9930c,0x41520767e8b923a3,0x0000000000000000,0x0000000000000000,0x0000000000000000,0x000000008000496c,0x000000000198470a,0x00000000018cea7e,0x000000000198470a,0x00000000018cea7e,0x000000000024daf7,0x0000000000000b8f,0x00000000000052bc,0x0000000000000c1f,0x0000000000008da4,0x0000000000c01154,0x000000000000161c
1784428710709,0x0000000080006260,0x0000000080019230,0x402a6014520d6113,0x0000000000000000,0x0000000000000000,0x0000000080019440,0x0000000080019698,0x00000000800194a0,0x000000008000f238,0x00000000800003f0,0x0000000000000005,0x000000000000001e,0x00000000046efde6,0xffffffff892705d8,0x0000000000000000,0x000000000406ece0,0x0000000000418590,0x3fedd0be6c4371a2,0x0000000080005bf0,0x0000000000000000,0x402061642249c176,0x4129fe5122a9930c,0x41520767e8b923a3,0x01a56e1fc2f8f359,0x0000000000000000,0x0000000000000000,0x0000000080005bf0,0x00000000019911a5,0x00000000018db319,0x00000000019911a5,0x00000000018db319,0x000000000024ecfd,0x0000000000000b98,0x00000000000052bc,0x0000000000000c1f,0x0000000000008deb,0x0000000000c0746b,0x000000000000161f
1784428711568,0x000000008000583a,0x0000000080018ed0,0x0000000080007a7a,0x000000000000000f,0x00000000800191f0,0x0000000080018f20,0x00000000800194a0,0x000000008000f238,0x0000000000000003,0x0000000000000006,0x00000000800191f0,0x0000000000000050,0x000000008000f201,0x3fe28f55caf429c2,0x0000000000000000,0xfffffffffe372038,0x000000000052b02d,0x3fedd0be6c4371a2,0x0000000080004980,0x0000000000000000,0x414fe4a1f449ba5e,0x4129fe403f487fcc,0x41520768a08b4396,0x0000000000000000,0x0000000000000000,0x0000000000000000,0x0000000080004980,0x000000000199d9a4,0x00000000018e7649,0x000000000199d9a4,0x00000000018e7649,0x000000000025003b,0x0000000000000b9a,0x00000000000052be,0x0000000000000c29,0x0000000000008e1a,0x0000000000c0d317,0x0000000000001622
1784428712378,0x0000000080006260,0x0000000080019230,0x402a6014520d6113,0x0000000000000000,0x0000000000000000,0x0000000080019440,0x0000000080019698,0x00000000800194a0,0x000000008000f238,0x00000000800003f0,0x0000000000000005,0x0000000000000011,0xffffffffd17d7d7e,0xffffffffa8ab48ba,0x0000000000000000,0xffffffffd16d6c6e,0x00000000005b606b,0x3fedd0be6c4371a2,0x0000000080005cda,0x0000000000000000,0x4026d81aea2ad22f,0x4129fe403f487fcc,0x41520768a08b4396,0x01a56e1fc2f8f359,0x0000000000000000,0x0000000000000000,0x0000000080005cda,0x00000000019a9272,0x00000000018f2ce8,0x00000000019a9272,0x00000000018f2ce8,0x0000000000251207,0x0000000000000ba3,0x00000000000052be,0x0000000000000c29,0x0000000000008e4e,0x0000000000c12ee3,0x0000000000001625
1784428713225,0x0000000080005850,0x0000000080018ed0,0x0000000080007a7a,0x000000000000000f,0x00000000800191f0,0x0000000080018f20,0x00000000800191f0,0x0000000080019310,0x0000000000000003,0x0000000000000006,0x00000000800191a8,0x00000000800191b0,0x000000008000f201,0x3fe12607540b7ed9,0x0000000000000000,0x000000006c296f6e,0x0000000000425694,0x3fedd0be6c4371a2,0x0000000080004984,0x0000000000000000,0x414fe49be5ab9f56,0x4129fe5b628f5c29,0x41520768b08e8a72,0x401623e8e4790c0a,0x0000000000000000,0x0000000000000000,0x0000000080004984,0x00000000019b5d1b,0x00000000018ff42b,0x00000000019b5d1b,0x00000000018ff42b,0x0000000000252453,0x0000000000000ba5,0x00000000000052c1,0x0000000000000c37,0x0000000000008e72,0x0000000000c18e62,0x0000000000001628
1784428714078,0x0000000080006178,0x00000000800193f0,0x0000000080007a7a,0x000000000000000f,0x0000000080019530,0x0000000080019440,0x000000008000f208,0x0000000080019668,0x0000000080019548,0x000000008000f208,0x0000000080019668,0x0000000000000004,0x0000000005f3febc,0xffffffffd4740554,0x0000000000000000,0x0000000005e1ce38,0x000000000050b1fc,0x3fedd0be6c4371a2,0x0000000080005a36,0x0000000000000000,0x414fe4a15d638866,0x4129fe59bac710cb,0x4152076681f3b646,0x414fe49ea4e703b0,0x41520769a4bf28e4,0x41520769c46c4992,0x0000000080005a36,0x00000000019c19d6,0x000000000190ac8e,0x00000000019c19d6,0x000000000190ac8e,0x0000000000253899,0x0000000000000bb0,0x00000000000052c4,0x0000000000000c43,0x0000000000008ed6,0x0000000000c1eca4,0x000000000000162b
1784428714861,0x0000000080005850,0x0000000080018ed0,0x0000000080007a7a,0x000000000000000f,0x00000000800191f0,0x0000000080018f20,0x00000000800191f0,0x0000000080019310,0x0000000000000003,0x0000000000000006,0x0000000000000000,0x000000000000000c,0x000000008000f201,0x3fdfad20ae12df68,0x0000000000000000,0x0000000005e1ce38,0x000000000050b1fc,0x3fedd0be6c4371a2,0x000000008000499a,0x0000000000000000,0x414fe4a15d638866,0x4129fe59bac710cb,0x4152076681f3b646,0x3ff12c1dda6375ca,0x0000000000000000,0x0000000000000000,0x000000008000499a,0x00000000019cdbea,0x0000000001916d55,0x00000000019cdbea,0x0000000001916d55,0x0000000000254817,0x0000000000000bb0,0x00000000000052c4,0x0000000000000c43,0x0000000000008edf,0x0000000000c24768,0x000000000000162e
1784428715674,0x00000000800056f8,0x0000000080019060,0x0000000080007a7a,0x000000000000000f,0x0000000080019430,0x00000000800190b0,0x0000000080019548,0x000000008000f238,0x0000000000000006,0x0000000000000006,0x0000000000000001,0x0000000000000006,0x000000008000f201,0x3fd7e6b86923b0a6,0x0000000000000000,0xffffffffcc90dfee,0x000000000075de53,0x3fedd0be6c4371a2,0x000000008000496c,0x0000000000000000,0x414fe49dbb71758e,0x4129fe52d0624dd3,0x41520769c257a787,0x3ff0000000000000,0x0000000000000000,0x0000000000000000,0x000000008000496c,0x00000000019da180,0x0000000001922eda,0x00000000019da180,0x0000000001922eda,0x0000000000255d0e,0x0000000000000bbb,0x00000000000052c6,0x0000000000000c4d,0x0000000000008f32,0x0000000000c2a9ff,0x0000000000001631
1784428716532,0x000000008000589c,0x0000000080018ed0,0x0000000080007a7a,0x0000000000000000,0x00000000800191f0,0x0000000080018f20,0x0000000080019280,0x0000000080019118,0x0000000000000006,0x0000000000000003,0x0000000080019118,0x0000000080019158,0x0000000065cffe7b,0x0000000043f14ce4,0x0000000000000000,0x0000000065cfea78,0x000000000055dc95,0x3fedd0be6c4371a2,0x00000000800049c6,0x0000000000000000,0x4025772550fc5339,0x4129fe52d0624dd3,0x41520769c257a787,0x0000000000000000,0x0000000000000000,0x0000000000000000,0x00000000800049c6,0x00000000019e6c32,0x000000000192fa54,0x00000000019e6c32,0x000000000192fa54,0x0000000000256d45,0x0000000000000bc4,0x00000000000052c6,0x0000000000000c4d,0x0000000000008f46,0x0000000000c30c9c,0x0000000000001634
1784428717390,0x00000000800056f8,0x0000000080019060,0x0000000080007a7a,0x000000000000000f,0x0000000080019430,0x00000000800190b0,0x0000000080019548,0x000000008000f238,0x0000000000000006,0x0000000000000006,0x0000000080019310,0x00000000800193f8,0x000000008000f201,0x3fd8af3c53ce90db,0x0000000000000000,0xffffffffbd0ea40e,0x00000000007853b0,0x3fedd0be6c4371a2,0x00000000800049f0,0x0000000000000000,0x414fe49d94b295ea,0x4129fe53ba6b50b1,0x4152076c105d6388,0x3ff0000000000000,0x0000000000000000,0x3fedd0be6c4371a2,0x00000000800049f0,0x00000000019f34a0,0x000000000193bca3,0x00000000019f34a0,0x000000000193bca3,0x000000000025827f,0x0000000000000bc6,0x00000000000052c8,0x0000000000000c57,0x0000000000008f8e,0x0000000000c36cdb,0x0000000000001637
1784428718194,0x00000000800058f2,0x0000000080018ed0,0x0000000080007a7a,0x0000000000000000,0x00000000800191f0,0x0000000080018f20,0x00000000800193a0,0x00000000800194a0,0x0000000000000006,0x0000000000000003,0x0000000000000002,0x0000000000000006,0x0000000065cffe7b,0x0000000043f14ce4,0x0000000000000000,0x0000000065cfea78,0x000000000055dc95,0x3fedd0be6c4371a2,0x0000000080004992,0x0000000000000000,0x4025772550fc5339,0x4129fe53ba6b50b1,0x4152076c105d6388,0x0000000000000000,0x0000000000000000,0x0000000000000000,0x0000000080004992,0x00000000019ffb97,0x0000000001948484,0x00000000019ffb97,0x0000000001948484,0x00000000002592bb,0x0000000000000bcf,0x00000000000052c8,0x0000000000000c57,0x0000000000008fa9,0x0000000000c3cd75,0x000000000000163b
1784428719055,0x0000000080005744,0x0000000080019060,0x0000000080007a7a,0x000000000000000f,0x00000000800191f0,0x00000000800190b0,0x0000000080019310,0x00000000800191f0,0x0000000000000006,0x0000000000000006,0x00000000800191f0,0x0000000080019270,0x000000008000f201,0x3fdea1c51bedab9e,0x0000000000000000,0x000000004e1b8eb8,0x00000000004fde12,0x3fedd0be6c4371a2,0x00000000800049c8,0x0000000000000000,0x414fe49c14faacda,0x4129fe49bf8a0903,0x4152076b9303afb8,0x0000000000000000,0x0000000000000000,0x0000000000000000,0x00000000800049c8,0x0000000001a0bfd5,0x0000000001954320,0x0000000001a0bfd5,0x0000000001954320,0x000000000025a71d,0x0000000000000bd1,0x00000000000052cb,0x0000000000000c65,0x0000000000008ff8,0x0000000000c42c36,0x000000000000163e
1784428719868,0x000000008000578a,0x0000000080018db0,0x0000000080007a7a,0x0000000000000000,0x00000000800191f0,0x0000000080018de0,0x0000000080018f50,0x0000000000000006,0x0000000000000006,0x0000000000000003,0x0000000000000003,0x000000000000000c,0x0000000065cffe7b,0x0000000043f14ce4,0x0000000000000000,0x0000000065cfea78,0x000000000055dc95,0x3fedd0be6c4371a2,0x0000000080004d00,0x0000000000000000,0x4025772550fc5339,0x4129fe49bf8a0903,0x4152076b9303afb8,0x3f8314f4c02b2a00,0x0000000000000000,0x0000000000000000,0x0000000080004d00,0x0000000001a18699,0x00000000019609b7,0x0000000001a18699,0x00000000019609b7,0x000000000025b75d,0x0000000000000bda,0x00000000000052cb,0x0000000000000c65,0x000000000000901e,0x0000000000c48c2e,0x0000000000001641
1784428720684,0x0000000080005744,0x0000000080019060,0x0000000080007a7a,0x000000000000000f,0x00000000800191f0,0x00000000800190b0,0x0000000080019310,0x00000000800191f0,0x0000000000000006,0x0000000000000006,0x0000000000000005,0x0000000000000000,0x000000008000f201,0x3fe12bbb57a8babd,0x0000000000000000,0x00000000556d7800,0x00000000007172a6,0x3fedd0be6c4371a2,0x00000000800049ba,0x0000000000000000,0x414fe49db54fdf3b,0x4129fe4c32b020c5,0x415207675bec56d6,0x0000000000000000,0x0000000000000000,0x0000000000000000,0x00000000800049ba,0x0000000001a249ad,0x000000000196c6ba,0x0000000001a249ad,0x000000000196c6ba,0x000000000025cbb4,0x0000000000000bdc,0x00000000000052ce,0x0000000000000c73,0x0000000000009066,0x0000000000c4ea51,0x0000000000001644
1784428721540,0x00000000800057ae,0x0000000080018d90,0x0000000080007a7a,0x0000000000000000,0x00000000800191f0,0x0000000080018de0,0x0000000080018f50,0x000000008000f238,0x0000000000000006,0x0000000000000006,0x0000000080018df0,0x0000000080018e50,0x0000000065cffe7b,0x0000000043f14ce4,0x0000000000000000,0x0000000065cfea78,0x000000000055dc95,0x3fedd0be6c4371a2,0x00000000800049f0,0x0000000000000000,0x4025772550fc5339,0x4129fe4c32b020c5,0x415207675bec56d6,0x8000000000000000,0x0000000000000000,0x0000000000000000,0x00000000800049f0,0x0000000001a314d5,0x00000000019791ce,0x0000000001a314d5,0x00000000019791ce,0x000000000025dc4f,0x0000000000000be5,0x00000000000052ce,0x0000000000000c73,0x0000000000009092,0x0000000000c54c6a,0x0000000000001647
1784428722313,0x0000000080005744,0x0000000080019060,0x0000000080007a7a,0x000000000000000f,0x00000000800191f0,0x00000000800190b0,0x0000000080019310,0x00000000800191f0,0x0000000000000006,0x0000000000000006,0x00000000800190d0,0x0000000080019198,0x000000008000f201,0x3fdb301e67a4a30a,0x0000000000000000,0xffffffff89b5afe0,0x0000000000597187,0x3fedd0be6c4371a2,0x0000000080004984,0x0000000000000000,0x414fe4a12b2ca57a,0x4129fe48385f06f7,0x4152076af758e219,0x0000000000000000,0x0000000000000000,0x0000000000000000,0x0000000080004984,0x0000000001a3ccd3,0x000000000198440b,0x0000000001a3ccd3,0x000000000198440b,0x000000000025efc9,0x0000000000000be7,0x00000000000052d0,0x0000000000000c7d,0x00000000000090da,0x0000000000c5a577,0x000000000000164a
1784428723170,0x00000000800057ae,0x0000000080018d90,0x0000000080007a7a,0x0000000000000000,0x00000000800191f0,0x0000000080018de0,0x0000000080018f50,0x000000008000f238,0x0000000000000006,0x0000000000000006,0x0000000000000000,0x0000000000000006,0x0000000065cffe7b,0x0000000043f14ce4,0x0000000000000000,0x0000000065cfea78,0x000000000055dc95,0x3fedd0be6c4371a2,0x0000000080004936,0x0000000000000000,0x4025772550fc5339,0x4129fe48385f06f7,0x4152076af758e219,0x8000000000000000,0x0000000000000000,0x0000000000000000,0x0000000080004936,0x0000000001a4892e,0x00000000019900f1,0x0000000001a4892e,0x00000000019900f1,0x000000000025ff35,0x0000000000000bf0,0x00000000000052d0,0x0000000000000c7d,0x00000000000090fd,0x0000000000c600e1,0x000000000000164d
1784428723940,0x0000000080005744,0x0000000080019060,0x0000000080007a7a,0x000000000000000f,0x00000000800191f0,0x00000000800190b0,0x0000000080019310,0x00000000800191f0,0x0000000000000006,0x0000000000000006,0x00000000800190d0,0x00000000800191a8,0x000000008000f201,0x3fdd5404429e14da,0x0000000000000000,0xffffffffd71f5fe0,0x0000000000495372,0x3fedd0be6c4371a2,0x000000008000495a,0x0000000000000000,0x414fe49c5de353f8,0x4129fe4ad8adab9f,0x4152076ad822680a,0x3ff117a2f91bc7b6,0x0000000000000000,0x0000000000000000,0x000000008000495a,0x0000000001a544c6,0x000000000199b692,0x0000000001a544c6,0x000000000199b692,0x00000000002612ff,0x0000000000000bf2,0x00000000000052d2,0x0000000000000c87,0x0000000000009146,0x0000000000c65b70,0x0000000000001650
1784428724760,0x00000000800057ae,0x0000000080018d90,0x0000000080007a7a,0x0000000000000000,0x00000000800191f0,0x0000000080018de0,0x0000000080018f50,0x000000008000f238,0x0000000000000006,0x0000000000000006,0x0000000000000004,0x0000000000000022,0x0000000065cffe7b,0x0000000043f14ce4,0x0000000000000000,0x0000000065cfea78,0x000000000055dc95,0x3fedd0be6c4371a2,0x00000000800049bc,0x0000000000000000,0x4025772550fc5339,0x4129fe4ad8adab9f,0x4152076ad822680a,0x8000000000000000,0x402a6014520d6113,0x402a6014520d6113,0x00000000800049bc,0x0000000001a618dc,0x00000000019a8abb,0x0000000001a618dc,0x00000000019a8abb,0x0000000000262455,0x0000000000000bfb,0x00000000000052d2,0x0000000000000c87,0x0000000000009169,0x0000000000c6c1cf,0x0000000000001653
1784428725620,0x0000000080005820,0x0000000080018ed0,0x0000000080007a7a,0x000000000000000f,0x00000000800191f0,0x0000000080018f20,0x000000008000f238,0x0000000080019310,0x0000000000000006,0x0000000000000006,0x0000000080019310,0x0000000080019380,0x000000008000f201,0x3fde9f415b42fa2b,0x0000000000000000,0x00000000637a9e78,0x0000000000628f9d,0x3fedd0be6c4371a2,0x00000000800049c6,0x0000000000000000,0x414fe49a04d9e83e,0x4129fe4da624dd2f,0x4152076d9e1ff2e5,0x0000000000000000,0x0000000000000000,0x0000000000000000,0x00000000800049c6,0x0000000001a6df9d,0x00000000019b4bff,0x0000000001a6df9d,0x00000000019b4bff,0x00000000002638ee,0x0000000000000bfd,0x00000000000052d5,0x0000000000000c95,0x00000000000091b9,0x0000000000c72201,0x0000000000001656
1784428726455,0x0000000080006260,0x0000000080019230,0x402a6014520d6113,0x0000000000000000,0x0000000000000000,0x0000000080019440,0x0000000080019698,0x00000000800194a0,0x000000008000f238,0x00000000800003f0,0x000000008000f238,0x000000008000f310,0x0000000064ed7e6f,0xffffffffd643eca0,0x0000000000000000,0x0000000064c44e00,0x00000000006c35ae,0x3fedd0be6c4371a2,0x0000000080005c0a,0x0000000000000000,0x402b0d6bb590fb28,0x4129fe4da624dd2f,0x4152076d9e1ff2e5,0x01a56e1fc2f8f359,0x0000000000000000,0x0000000000000000,0x0000000080005c0a,0x0000000001a7a2c2,0x00000000019c0e9a,0x0000000001a7a2c2,0x00000000019c0e9a,0x0000000000264950,0x0000000000000c06,0x00000000000052d5,0x0000000000000c95,0x00000000000091ec,0x0000000000c78163,0x0000000000001659
1784428727309,0x000000008000583a,0x0000000080018ed0,0x0000000080007a7a,0x000000000000000f,0x00000000800191f0,0x0000000080018f20,0x00000000800194a0,0x000000008000f238,0x0000000000000003,0x0000000000000006,0x0000000000000000,0x0000000000000006,0x000000008000f201,0x3fe309a19f85b952,0x0000000000000000,0x000000002ea86ff8,0x0000000000660fa3,0x3fedd0be6c4371a2,0x000000008000498e,0x0000000000000000,0x414fe49cb7d566cf,0x4129fe50c9ba5e35,0x4152076c016872b0,0x0000000000000000,0x0000000000000000,0x0000000000000000,0x000000008000498e,0x0000000001a868d4,0x00000000019ccf47,0x0000000001a868d4,0x00000000019ccf47,0x0000000000265d75,0x0000000000000c08,0x00000000000052d8,0x0000000000000ca1,0x000000000000921b,0x0000000000c7dfe2,0x000000000000165c
1784428728139,0x0000000080006260,0x0000000080019230,0x402a6014520d6113,0x0000000000000000,0x0000000000000000,0x0000000080019440,0x0000000080019698,0x00000000800194a0,0x000000008000f238,0x00000000800003f0,0x000000008000f238,0x000000008000f318,0xffffffff867c9afe,0xfffffffffa81d57e,0x0000000000000000,0xffffffff867c8afe,0x0000000000468b96,0x3fedd0be6c4371a2,0x0000000080005bfe,0x0000000000000000,0x4011a2e5bea07560,0x4129fe50c9ba5e35,0x4152076c016872b0,0x01a56e1fc2f8f359,0x0000000000000000,0x402a6014520d6113,0x0000000080005bfe,0x0000000001a91aaa,0x00000000019d801a,0x0000000001a91aaa,0x00000000019d801a,0x0000000000266c83,0x0000000000000c11,0x00000000000052d8,0x0000000000000ca1,0x0000000000009260,0x0000000000c8370c,0x000000000000165f
1784428728980,0x000000008000583a,0x0000000080018ed0,0x0000000080007a7a,0x000000000000000f,0x00000000800191f0,0x0000000080018f20,0x00000000800194a0,0x000000008000f238,0x0000000000000003,0x0000000000000006,0x000000008000f238,0x00000000000000d8,0x000000008000f201,0x3fe42c33d10fb965,0x0000000000000000,0x0000000077f45380,0x0000000000651d06,0x3fedd0be6c4371a2,0x00000000800049c4,0x0000000000000000,0x414fe49b6fced917,0x4129fe5b4e147ae1,0x4152076947d566cf,0x0000000000000000,0x0000000000000000,0x0000000000000000,0x00000000800049c4,0x0000000001a9e087,0x00000000019e40a3,0x0000000001a9e087,0x00000000019e40a3,0x000000000026808a,0x0000000000000c13,0x00000000000052da,0x0000000000000cab,0x0000000000009286,0x0000000000c89552,0x0000000000001662
1784428729816,0x0000000080006260,0x0000000080019230,0x402a6014520d6113,0x0000000000000000,0x0000000000000000,0x0000000080019440,0x0000000080019698,0x00000000800194a0,0x000000008000f238,0x00000000800003f0,0x0000000000000000,0x0000000000000000,0x000000003f5ffbfe,0xfffffffff8b6d42e,0x0000000000000000,0x000000003f5de3de,0x0000000000526b63,0x3fedd0be6c4371a2,0x0000000080005ca0,0x0000000000000000,0x40249ad8fe2db50c,0x4129fe5b4e147ae1,0x4152076947d566cf,0x01a56e1fc2f8f359,0x0000000000000000,0x0000000000000000,0x0000000080005ca0,0x0000000001aaa325,0x00000000019f00af,0x0000000001aaa325,0x00000000019f00af,0x0000000000269307,0x0000000000000c1c,0x00000000000052da,0x0000000000000cab,0x00000000000092cb,0x0000000000c8f578,0x0000000000001665
1784428730648,0x0000000080005850,0x0000000080018ed0,0x0000000080007a7a,0x000000000000000f,0x00000000800191f0,0x0000000080018f20,0x00000000800191f0,0x0000000080019310,0x0000000000000003,0x0000000000000006,0x00000000800191a8,0x00000000800191b8,0x000000008000f201,0x3fe1b8661fce45c1,0x0000000000000000,0x000000004f63a7de,0x00000000005a1130,0x3fedd0be6c4371a2,0x00000000800049f0,0x0000000000000000,0x414fe49bf29fbe77,0x4129fe5333eab368,0x4152076bdc95182b,0x0000000000000000,0x0000000000000000,0x0000000000000000,0x00000000800049f0,0x0000000001ab7171,0x00000000019fcb25,0x0000000001ab7171,0x00000000019fcb25,0x000000000026a5b0,0x0000000000000c1e,0x00000000000052dc,0x0000000000000cb5,0x00000000000092f8,0x0000000000c95692,0x0000000000001668
1784428731488,0x00000000800056f8,0x0000000080019060,0x0000000080007a7a,0x000000000000000f,0x0000000080019430,0x00000000800190b0,0x0000000080019548,0x000000008000f238,0x0000000000000006,0x0000000000000006,0x0000000000000000,0x0000000000000000,0x000000008000f201,0x3fe28124039a9508,0x0000000000000000,0xfffffffffb1f3800,0x0000000000629cfe,0x3fedd0be6c4371a2,0x0000000080004978,0x0000000000000000,0x414fe49804d35a86,0x4129fe3df15b573f,0x4152076f2eacd9e8,0x0000000000000000,0x4013efc4d6ad9501,0x4013efc4d6ad9501,0x0000000080004978,0x0000000001ac2ed3,0x0000000001a0847a,0x0000000001ac2ed3,0x0000000001a0847a,0x000000000026b9f3,0x0000000000000c29,0x00000000000052df,0x0000000000000cc3,0x000000000000935c,0x0000000000c9b53a,0x000000000000166b
1784428732333,0x000000008000583a,0x0000000080018ed0,0x0000000080007a7a,0x000000000000000f,0x00000000800191f0,0x0000000080018f20,0x00000000800194a0,0x000000008000f238,0x0000000000000003,0x0000000000000006,0x0000000000000002,0x0000000000000006,0x000000008000f201,0x3fe28124039a9508,0x0000000000000000,0xfffffffffb1f3800,0x0000000000629cfe,0x3fedd0be6c4371a2,0x000000008000498e,0x0000000000000000,0x414fe49804d35a86,0x4129fe3df15b573f,0x4152076f2eacd9e8,0x0000000000000000,0x0000000000000000,0x0000000000000000,0x000000008000498e,0x0000000001acdeb7,0x0000000001a13351,0x0000000001acdeb7,0x0000000001a13351,0x000000000026c80f,0x0000000000000c29,0x00000000000052df,0x0000000000000cc3,0x0000000000009366,0x0000000000ca0797,0x000000000000166e
1784428733149,0x0000000080009fc2,0x0000000080019420,0x402a6014520d6113,0x000000000044e688,0x0000000000000000,0x0000000080019700,0x000000000044e680,0x0000000000000008,0x00000000004ac22c,0x0000000000000004,0x0000000000227340,0xffffffffbbc00000,0x0000000000000001,0x0000000000000004,0x0000000000000000,0x00000000737128ee,0x00000000004beba9,0x3fedd0be6c4371a2,0x000000008000a0d0,0x40728b483662d778,0x40728b483662d778,0x4129fe3df15b573f,0x4152076f2eacd9e8,0x402f03afb7e80000,0x404c1dae2ef32f54,0x40728b483662d778,0x000000008000a0d0,0x0000000001ad9c65,0x0000000001a1ec73,0x0000000001ad9c65,0x0000000001a1ec73,0x000000000026dc8e,0x0000000000000c34,0x00000000000052df,0x0000000000000cc4,0x00000000000093b3,0x0000000000ca656c,0x0000000000001671
1784428733980,0x000000008000583a,0x0000000080018ed0,0x0000000080007a7a,0x000000000000000f,0x00000000800191f0,0x0000000080018f20,0x00000000800194a0,0x000000008000f238,0x0000000000000003,0x0000000000000006,0x00000000800191f0,0x0000000080019270,0x000000008000f201,0x3fe6f91b396109d0,0x0000000000000000,0x000000002c2ad2fe,0x000000000044e688,0x3fedd0be6c4371a2,0x00000000800049f2,0x0000000000000000,0x414fe497e3a92a30,0x4129fe4880ded289,0x4152076cd2858794,0x0000000000000000,0x0000000000000000,0x0000000000000000,0x00000000800049f2,0x0000000001ae564f,0x0000000001a2a519,0x0000000001ae564f,0x0000000001a2a519,0x000000000026eb33,0x0000000000000c34,0x00000000000052e2,0x0000000000000cd2,0x00000000000093cc,0x0000000000cabd36,0x0000000000001674
1784428734819,0x00000000800056f8,0x0000000080019060,0x0000000080007a7a,0x000000000000000f,0x0000000080019430,0x00000000800190b0,0x0000000080019548,0x000000008000f238,0x0000000000000006,0x0000000000000006,0x0000000000000004,0x0000000000000016,0x000000008000f201,0x3fe7d2e3e82bfb89,0x0000000000000000,0x0000000020b7652e,0x00000000007309df,0x3fedd0be6c4371a2,0x00000000800049be,0x0000000000000000,0x414fe49a20e8a71e,0x4129fe367cac0831,0x41520766eec710cb,0x0000000000000000,0x0000000000000000,0x0000000000000000,0x00000000800049be,0x0000000001af2016,0x0000000001a36b2d,0x0000000001af2016,0x0000000001a36b2d,0x0000000000270077,0x0000000000000c3f,0x00000000000052e4,0x0000000000000cdc,0x0000000000009420,0x0000000000cb21f6,0x0000000000001677
1784428735658,0x0000000080009fc2,0x0000000080018dc0,0x0000000080007a7a,0x00000000005869a0,0x00000000800191f0,0x0000000080018e40,0x00000000005869c0,0x0000000000000010,0x00000000006a2839,0x0000000000000002,0x00000000002c34e0,0x000000000c080000,0x0000000000000001,0x0000000000000005,0x0000000000000000,0xffffffffcf3a00f8,0x00000000005869e6,0x3fedd0be6c4371a2,0x000000008000a0dc,0x403e88fa391e4302,0x403e88fa391e4302,0x4129fe367cac0831,0x41520766eec710cb,0x01a56e1fc2f8f359,0x0000000000000000,0x403e88fa391e4302,0x000000008000a0dc,0x0000000001afe3a2,0x0000000001a42e34,0x0000000001afe3a2,0x0000000001a42e34,0x0000000000270fe8,0x0000000000000c41,0x00000000000052e4,0x0000000000000cdc,0x000000000000942c,0x0000000000cb7f06,0x000000000000167a
1784428736457,0x00000000800056f8,0x0000000080019060,0x0000000080007a7a,0x000000000000000f,0x0000000080019430,0x00000000800190b0,0x0000000080019548,0x000000008000f238,0x0000000000000006,0x0000000000000006,0x0000000080019310,0x0000000000000098,0x000000008000f201,0x3fe150f7e5ee9efa,0x0000000000000000,0xffffffffae98960e,0x0000000000532d08,0x3fedd0be6c4371a2,0x0000000080004980,0x0000000000000000,0x414fe499458e2196,0x4129fe402594af4f,0x4152076b2896bb99,0x0000000000000000,0x0000000000000000,0x0000000000000000,0x0000000080004980,0x0000000001b0ac66,0x0000000001a4f1c7,0x0000000001b0ac66,0x0000000001a4f1c7,0x000000000027254f,0x0000000000000c4a,0x00000000000052e6,0x0000000000000ce6,0x000000000000947c,0x0000000000cbe16c,0x000000000000167d
1784428737305,0x00000000800058dc,0x0000000080018ee0,0x0000000080007a7a,0x0000000000000000,0x00000000800191f0,0x0000000080018f20,0x000000008000f208,0x0000000080019070,0x000000008000f208,0x0000000000000006,0x000000008000f208,0x000000008000f210,0x0000000065cffe7b,0x0000000043f14ce4,0x0000000000000000,0x0000000065cfea78,0x000000000055dc95,0x3fedd0be6c4371a2,0x0000000080005516,0x0000000000000000,0x4025772550fc5339,0x4129fe402594af4f,0x4152076b2896bb99,0xc004af141da00000,0xbfea67e068ecd9aa,0xbfea178048c61759,0x0000000080005516,0x0000000001b177e7,0x0000000001a5bdf3,0x0000000001b177e7,0x0000000001a5bdf3,0x00000000002735eb,0x0000000000000c53,0x00000000000052e6,0x0000000000000ce6,0x0000000000009499,0x0000000000cc441d,0x0000000000001680
1784428738143,0x0000000080005744,0x0000000080019060,0x0000000080007a7a,0x000000000000000f,0x00000000800191f0,0x00000000800190b0,0x0000000080019310,0x00000000800191f0,0x0000000000000006,0x0000000000000006,0x0000000000000003,0x0000000000000003,0x000000008000f201,0x3fe08b9fecd90aaa,0x0000000000000000,0x0000000063343fe0,0x00000000004a8ccc,0x3fedd0be6c4371a2,0x00000000800049e4,0x0000000000000000,0x414fe4996504816f,0x4129fe4923bcd35b,0x41520768a816f007,0x4013efc4d6ad9501,0x0000000000000000,0x0000000000000000,0x00000000800049e4,0x0000000001b24585,0x0000000001a685dc,0x0000000001b24585,0x0000000001a685dc,0x0000000000274b18,0x0000000000000c55,0x00000000000052e9,0x0000000000000cf4,0x00000000000094e1,0x0000000000cca713,0x0000000000001683
1784428738971,0x00000000800058f2,0x0000000080018ed0,0x0000000080007a7a,0x0000000000000000,0x00000000800191f0,0x0000000080018f20,0x00000000800193a0,0x00000000800194a0,0x0000000000000006,0x0000000000000003,0x0000000000000000,0x0000000000000000,0x0000000065cffe7b,0x0000000043f14ce4,0x0000000000000000,0x0000000065cfea78,0x000000000055dc95,0x3fedd0be6c4371a2,0x00000000800049da,0x0000000000000000,0x4025772550fc5339,0x4129fe4923bcd35b,0x41520768a816f007,0x0000000000000000,0x0000000000000000,0x0000000000000000,0x00000000800049da,0x0000000001b2f08d,0x0000000001a7309f,0x0000000001b2f08d,0x0000000001a7309f,0x000000000027592a,0x0000000000000c5e,0x00000000000052e9,0x0000000000000cf4,0x0000000000009505,0x0000000000ccfa09,0x0000000000001686
1784428739614,0x00000000800056f8,0x0000000080019060,0x0000000080007a7a,0x000000000000000f,0x0000000080019430,0x00000000800190b0,0x0000000080019548,0x000000008000f238,0x0000000000000006,0x0000000000000006,0x0000000000000002,0x0000000000000020,0x000000008000f201,0x3fd979f17fc30f69,0x0000000000000000,0x0000000042676d38,0x00000000006a6789,0x3fedd0be6c4371a2,0x00000000800049be,0x0000000000000000,0x414fe494a17c1bda,0x4129fe508e147ae1,0x4152076a9483126f,0x3ff0000000000000,0x0000000000000000,0x0000000000000000,0x00000000800049be,0x0000000001b3a3c2,0x0000000001a7dd96,0x0000000001b3a3c2,0x0000000001a7dd96,0x0000000000276c4c,0x0000000000000c60,0x00000000000052ea,0x0000000000000cf8,0x000000000000954f,0x0000000000cd507b,0x0000000000001689
1784428740415,0x00000000800058f2,0x0000000080018ed0,0x0000000080007a7a,0x0000000000000000,0x00000000800191f0,0x0000000080018f20,0x00000000800193a0,0x00000000800194a0,0x0000000000000006,0x0000000000000003,0x0000000080018f50,0x0000000000000002,0x0000000065cffe7b,0x0000000043f14ce4,0x0000000000000000,0x0000000065cfea78,0x000000000055dc95,0x3fedd0be6c4371a2,0x0000000080004a00,0x0000000000000000,0x4025772550fc5339,0x4129fe508e147ae1,0x4152076a9483126f,0x0000000000000000,0x3fc733d476943792,0x3fc733d476943792,0x0000000080004a00,0x0000000001b464ea,0x0000000001a89f4e,0x0000000001b464ea,0x0000000001a89f4e,0x0000000000277c10,0x0000000000000c69,0x00000000000052ea,0x0000000000000cf8,0x0000000000009573,0x0000000000cdae37,0x000000000000168c
1784428741261,0x0000000080005744,0x0000000080019060,0x0000000080007a7a,0x000000000000000f,0x00000000800191f0,0x00000000800190b0,0x0000000080019310,0x00000000800191f0,0x0000000000000006,0x0000000000000006,0x0000000000000000,0x0000000000000006,0x000000008000f201,0x3fd7377addc3a176,0x0000000000000000,0xffffffffcf234de0,0x00000000005b56f4,0x3fedd0be6c4371a2,0x00000000800049d6,0x0000000000000000,0x414fe49587694467,0x4129fe331d14e3bd,0x4152076da3212d77,0x4013efc4d6ad9501,0x0000000000000000,0x0000000000000000,0x00000000800049d6,0x0000000001b52e50,0x0000000001a9638c,0x0000000001b52e50,0x0000000001a9638c,0x00000000002790de,0x0000000000000c6b,0x00000000000052ea,0x0000000000000cf8,0x00000000000095c2,0x0000000000ce0f94,0x000000000000168f
1784428742098,0x00000000800058f2,0x0000000080018ed0,0x0000000080007a7a,0x0000000000000000,0x00000000800191f0,0x0000000080018f20,0x00000000800193a0,0x00000000800194a0,0x0000000000000006,0x0000000000000003,0x0000000000000001,0x0000000000000006,0x0000000065cffe7b,0x0000000043f14ce4,0x0000000000000000,0x0000000065cfea78,0x000000000055dc95,0x3fedd0be6c4371a2,0x00000000800049b0,0x0000000000000000,0x4025772550fc5339,0x4129fe331d14e3bd,0x4152076da3212d77,0x0000000000000000,0x0000000000000000,0x0000000000000000,0x00000000800049b0,0x0000000001b5e2b9,0x0000000001aa17cf,0x0000000001b5e2b9,0x0000000001aa17cf,0x0000000000279fb7,0x0000000000000c74,0x00000000000052ea,0x0000000000000cf8,0x00000000000095e2,0x0000000000ce6700,0x0000000000001692
1784428742962,0x000000008000571c,0x0000000080019070,0x0000000080007a7a,0x000000000000000f,0x0000000080019310,0x00000000800190b0,0x0000000080019548,0x00000000800191f0,0x0000000000000006,0x0000000000000005,0x0000000080019658,0x000000000000001d,0x000000008000f201,0x3fdc54a6613212ba,0x0000000000000000,0x000000003faef978,0x000000000065470d,0x3fedd0be6c4371a2,0x0000000080004b82,0x0000000000000000,0x414fe494f27ef9db,0x4129fe3c3f06f694,0x4152076e05c0ebee,0x3ff0000000000000,0x0000000000000000,0x0000000000000000,0x0000000080004b82,0x0000000001b6a1b5,0x0000000001aad15c,0x0000000001b6a1b5,0x0000000001aad15c,0x000000000027b3ba,0x0000000000000c76,0x00000000000052eb,0x0000000000000cfc,0x000000000000961e,0x0000000000cec367,0x0000000000001695
1784428743601,0x00000000800058f2,0x0000000080018ed0,0x0000000080007a7a,0x0000000000000000,0x00000000800191f0,0x0000000080018f20,0x00000000800193a0,0x00000000800194a0,0x0000000000000006,0x0000000000000003,0x0000000000000001,0x0000000000000006,0x0000000065cffe7b,0x0000000043f14ce4,0x0000000000000000,0x0000000065cfea78,0x000000000055dc95,0x3fedd0be6c4371a2,0x000000008000496c,0x0000000000000000,0x4025772550fc5339,0x4129fe3c3f06f694,0x4152076e05c0ebee,0x0000000000000000,0x0000000000000000,0x0000000000000000,0x000000008000496c,0x0000000001b75773,0x0000000001ab86f7,0x0000000001b75773,0x0000000001ab86f7,0x000000000027c2a4,0x0000000000000c7f,0x00000000000052eb,0x0000000000000cfc,0x000000000000963e,0x0000000000cf1b6a,0x0000000000001698
1784428744430,0x000000008000571c,0x0000000080019070,0x0000000080007a7a,0x000000000000000f,0x0000000080019310,0x00000000800190b0,0x0000000080019548,0x00000000800191f0,0x0000000000000006,0x00000000800191f0,0x0000000000000006,0x0000000000000006,0x000000008000f201,0x3fe0b66b2385dae9,0x0000000000000000,0xffffffffdeea96e0,0x000000000051b937,0x3fedd0be6c4371a2,0x0000000080004bb0,0x0000000000000000,0x414fe49877694467,0x4129fe4beadab9f5,0x415207697f62b6ae,0x3ff0000000000000,0x0000000000000000,0x3ff0000000000000,0x0000000080004bb0,0x0000000001b817d9,0x0000000001ac41d9,0x0000000001b817d9,0x0000000001ac41d9,0x000000000027d6c0,0x0000000000000c81,0x00000000000052ec,0x0000000000000d00,0x0000000000009687,0x0000000000cf7873,0x000000000000169b
1784428745241,0x00000000800058f2,0x0000000080018ed0,0x0000000080007a7a,0x0000000000000000,0x00000000800191f0,0x0000000080018f20,0x00000000800193a0,0x00000000800194a0,0x0000000000000006,0x0000000000000003,0x0000000080018f50,0x0000000080019020,0x0000000065cffe7b,0x0000000043f14ce4,0x0000000000000000,0x0000000065cfea78,0x000000000055dc95,0x3fedd0be6c4371a2,0x00000000800049f0,0x0000000000000000,0x4025772550fc5339,0x4129fe4beadab9f5,0x415207697f62b6ae,0x0000000000000000,0x0000000000000000,0x0000000000000000,0x00000000800049f0,0x0000000001b8db81,0x0000000001ad0563,0x0000000001b8db81,0x0000000001ad0563,0x000000000027e6cc,0x0000000000000c8a,0x00000000000052ec,0x0000000000000d00,0x00000000000096a9,0x0000000000cfd6fc,0x000000000000169e
1784428746092,0x0000000080005744,0x0000000080019060,0x0000000080007a7a,0x000000000000000f,0x00000000800191f0,0x00000000800190b0,0x0000000080019310,0x00000000800191f0,0x0000000000000006,0x0000000000000006,0x0000000000000002,0x0000000000000006,0x000000008000f201,0x3fdabe54289a108e,0x0000000000000000,0xffffffffc6a071de,0x000000000067c6ec,0x3fedd0be6c4371a2,0x000000008000498e,0x0000000000000000,0x414fe49039de69ad,0x4129fe3c3c91d14e,0x4152076c1004ea4b,0x0000000000000000,0x0000000000000000,0x0000000000000000,0x000000008000498e,0x0000000001b9a17d,0x0000000001adc54c,0x0000000001b9a17d,0x0000000001adc54c,0x000000000027fb49,0x0000000000000c8c,0x00000000000052ef,0x0000000000000d0f,0x00000000000096ff,0x0000000000d0366f,0x00000000000016a1
1784428746933,0x00000000800057ae,0x0000000080018d90,0x0000000080007a7a,0x0000000000000000,0x00000000800191f0,0x0000000080018de0,0x0000000080018f50,0x000000008000f238,0x0000000000000006,0x0000000000000006,0x000000008000f238,0x000000008000f248,0x0000000065cffe7b,0x0000000043f14ce4,0x0000000000000000,0x0000000065cfea78,0x000000000055dc95,0x3fedd0be6c4371a2,0x00000000800049c8,0x0000000000000000,0x4025772550fc5339,0x4129fe3c3c91d14e,0x4152076c1004ea4b,0x3fea330ae25af21c,0x0000000000000000,0x0000000000000000,0x00000000800049c8,0x0000000001ba6361,0x0000000001ae875e,0x0000000001ba6361,0x0000000001ae875e,0x0000000000280b22,0x0000000000000c95,0x00000000000052ef,0x0000000000000d0f,0x000000000000972a,0x0000000000d0944a,0x00000000000016a4
1784428747728,0x0000000080005744,0x0000000080019060,0x0000000080007a7a,0x000000000000000f,0x00000000800191f0,0x00000000800190b0,0x0000000080019310,0x00000000800191f0,0x0000000000000006,0x0000000000000006,0x0000000000000002,0x0000000000000006,0x000000008000f201,0x3fdacfd4ad8096e7,0x0000000000000000,0x00000000412a88e0,0x00000000007ac404,0x3fedd0be6c4371a2,0x000000008000496c,0x0000000000000000,0x414fe49555119ce0,0x4129fe4e921ff2e5,0x4152076ddf39c0ec,0x4013efc4d6ad9501,0x0000000000000000,0x0000000000000000,0x000000008000496c,0x0000000001bb17e0,0x0000000001af35f5,0x0000000001bb17e0,0x0000000001af35f5,0x0000000000281e58,0x0000000000000c97,0x00000000000052f1,0x0000000000000d19,0x0000000000009775,0x0000000000d0eb77,0x00000000000016a7
1784428748525,0x000000008000578a,0x0000000080018db0,0x0000000080007a7a,0x0000000000000000,0x00000000800191f0,0x0000000080018de0,0x0000000080018f50,0x0000000000000006,0x0000000000000006,0x0000000000000003,0x0000000080018f50,0x0000000080019038,0x0000000065cffe7b,0x0000000043f14ce4,0x0000000000000000,0x0000000065cfea78,0x000000000055dc95,0x3fedd0be6c4371a2,0x0000000080004d10,0x0000000000000000,0x4025772550fc5339,0x4129fe4e921ff2e5,0x4152076ddf39c0ec,0x3f8314f4c02b2a00,0x0000000000000000,0x8000000000000000,0x0000000080004d10,0x0000000001bbd3e4,0x0000000001aff254,0x0000000001bbd3e4,0x0000000001aff254,0x0000000000282db2,0x0000000000000ca0,0x00000000000052f1,0x0000000000000d19,0x000000000000979b,0x0000000000d146a0,0x00000000000016aa
1784428749383,0x0000000080005744,0x0000000080019060,0x0000000080007a7a,0x000000000000000f,0x00000000800191f0,0x00000000800190b0,0x0000000080019310,0x00000000800191f0,0x0000000000000006,0x0000000000000006,0x0000000000000005,0x0000000000000006,0x000000008000f201,0x3fdeefed5a6eee48,0x0000000000000000,0x0000000071522780,0x0000000000692640,0x3fedd0be6c4371a2,0x00000000800049b0,0x0000000000000000,0x414fe49404d013a9,0x4129fe4b0f41f213,0x4152076cc66e978d,0x0000000000000000,0x0000000000000000,0x0000000000000000,0x00000000800049b0,0x0000000001bc94a0,0x0000000001b0acad,0x0000000001bc94a0,0x0000000001b0acad,0x00000000002841e6,0x0000000000000ca2,0x00000000000052f3,0x0000000000000d23,0x00000000000097ea,0x0000000000d1a365,0x00000000000016ae
1784428750237,0x00000000800057ae,0x0000000080018d90,0x0000000080007a7a,0x0000000000000000,0x00000000800191f0,0x0000000080018de0,0x0000000080018f50,0x000000008000f238,0x0000000000000006,0x0000000000000006,0x0000000000000001,0x0000000000000006,0x0000000065cffe7b,0x0000000043f14ce4,0x0000000000000000,0x0000000065cfea78,0x000000000055dc95,0x3fedd0be6c4371a2,0x000000008000496c,0x0000000000000000,0x4025772550fc5339,0x4129fe4b0f41f213,0x4152076cc66e978d,0x8000000000000000,0x3fb85cd8e2c41b82,0x3fb85cd8e2c41b82,0x000000008000496c,0x0000000001bd57f8,0x0000000001b16fe8,0x0000000001bd57f8,0x0000000001b16fe8,0x00000000002851da,0x0000000000000cab,0x00000000000052f3,0x0000000000000d23,0x0000000000009819,0x0000000000d201c9,0x00000000000016b1
1784428751092,0x0000000080005744,0x0000000080019060,0x0000000080007a7a,0x000000000000000f,0x00000000800191f0,0x00000000800190b0,0x0000000080019310,0x00000000800191f0,0x0000000000000006,0x0000000000000006,0x00000000800190d0,0x00000000800191a8,0x000000008000f201,0x3fdf9d32e0edec13,0x0000000000000000,0xffffffffa44c6e00,0x0000000000614924,0x3fedd0be6c4371a2,0x0000000080004982,0x0000000000000000,0x414fe4950aee6320,0x4129fe504b923a2a,0x4152076928f5c28f,0x0000000000000000,0x0000000000000000,0x0000000000000000,0x0000000080004982,0x0000000001be1af9,0x0000000001b22d29,0x0000000001be1af9,0x0000000001b22d29,0x0000000000286641,0x0000000000000cad,0x00000000000052f6,0x0000000000000d31,0x0000000000009862,0x0000000000d25fea,0x00000000000016b4
1784428751906,0x00000000800057ae,0x0000000080018d90,0x0000000080007a7a,0x0000000000000000,0x00000000800191f0,0x0000000080018de0,0x0000000080018f50,0x000000008000f238,0x0000000000000006,0x0000000000000006,0x0000000000000002,0x0000000000000006,0x0000000065cffe7b,0x0000000043f14ce4,0x0000000000000000,0x0000000065cfea78,0x000000000055dc95,0x3fedd0be6c4371a2,0x000000008000498e,0x0000000000000000,0x4025772550fc5339,0x4129fe504b923a2a,0x4152076928f5c28f,0x8000000000000000,0x0000000000000000,0x0000000000000000,0x000000008000498e,0x0000000001bed61a,0x0000000001b2e8ef,0x0000000001bed61a,0x0000000001b2e8ef,0x0000000000287594,0x0000000000000cb6,0x00000000000052f6,0x0000000000000d31,0x000000000000987c,0x0000000000d2bacb,0x00000000000016b7
1784428752774,0x0000000080005744,0x0000000080019060,0x0000000080007a7a,0x000000000000000f,0x00000000800191f0,0x00000000800190b0,0x0000000080019310,0x00000000800191f0,0x0000000000000006,0x0000000000000006,0x0000000000000001,0x0000000000000004,0x000000008000f201,0x3fd748bf450fa0d4,0x0000000000000000,0xffffffffee185cce,0x000000000046b49b,0x3fedd0be6c4371a2,0x0000000080004966,0x0000000000000000,0x414fe49872a64c30,0x4129fe4fafdf3b64,0x415207685d724745,0x0000000000000000,0x0000000000000000,0x0000000000000000,0x0000000080004966,0x0000000001bf91c0,0x0000000001b39e8e,0x0000000001bf91c0,0x0000000001b39e8e,0x000000000028895b,0x0000000000000cb8,0x00000000000052f9,0x0000000000000d3d,0x00000000000098ce,0x0000000000d31557,0x00000000000016ba
1784428753611,0x00000000800057ae,0x0000000080018d90,0x0000000080007a7a,0x0000000000000000,0x00000000800191f0,0x0000000080018de0,0x0000000080018f50,0x000000008000f238,0x0000000000000006,0x0000000000000006,0x0000000000000003,0x0000000000000006,0x0000000065cffe7b,0x0000000043f14ce4,0x0000000000000000,0x0000000065cfea78,0x000000000055dc95,0x3fedd0be6c4371a2,0x00000000800049d6,0x0000000000000000,0x4025772550fc5339,0x4129fe4fafdf3b64,0x415207685d724745,0xbf9287f43dd4dd22,0x0000000000000000,0x8000000000000000,0x00000000800049d6,0x0000000001c0554a,0x0000000001b462b9,0x0000000001c0554a,0x0000000001b462b9,0x000000000028995e,0x0000000000000cc1,0x00000000000052f9,0x0000000000000d3d,0x00000000000098eb,0x0000000000d3742e,0x00000000000016bd
1784428754431,0x0000000080005806,0x0000000080018ee0,0x0000000080007a7a,0x000000000000000f,0x00000000800191f0,0x0000000080018f20,0x00000000800194a0,0x0000000080019310,0x0000000000000003,0x0000000080019310,0x0000000080019510,0x0000000000000002,0x000000008000f201,0x3fcbe119dcee81d9,0x0000000000000000,0x000000002e8b486e,0x00000000005711f2,0x3fedd0be6c4371a2,0x0000000080004b6e,0x0000000000000000,0x414fe4950b126e98,0x4129fe42ed844d01,0x4152076ad3573eab,0x3fc17a1e17d07729,0x3fc17a1e17d07729,0x0000000000000000,0x0000000080004b6e,0x0000000001c11c42,0x0000000001b523ed,0x0000000001c11c42,0x0000000001b523ed,0x000000000028ae04,0x0000000000000cc3,0x00000000000052fb,0x0000000000000d48,0x0000000000009942,0x0000000000d3d43a,0x00000000000016c0
1784428755166,0x00000000800057ae,0x0000000080018d90,0x0000000080007a7a,0x0000000000000000,0x00000000800191f0,0x0000000080018de0,0x0000000080018f50,0x000000008000f238,0x0000000000000006,0x0000000000000006,0x0000000000000004,0x0000000000000006,0x0000000065cffe7b,0x0000000043f14ce4,0x0000000000000000,0x0000000065cfea78,0x000000000055dc95,0x3fedd0be6c4371a2,0x00000000800049d6,0x0000000000000000,0x4025772550fc5339,0x4129fe42ed844d01,0x4152076ad3573eab,0x8000000000000000,0x0000000000000000,0x8000000000000000,0x00000000800049d6,0x0000000001c1d8da,0x0000000001b5e0ac,0x0000000001c1d8da,0x0000000001b5e0ac,0x000000000028bd82,0x0000000000000ccc,0x00000000000052fb,0x0000000000000d48,0x000000000000995e,0x0000000000d42f85,0x00000000000016c3
1784428755997,0x0000000080005820,0x0000000080018ed0,0x0000000080007a7a,0x000000000000000f,0x00000000800191f0,0x0000000080018f20,0x000000008000f238,0x0000000080019310,0x0000000000000006,0x0000000000000006,0x0000000080019280,0x0000000000000004,0x000000008000f201,0x3fc7220c2c5cb014,0x0000000000000000,0x0000000002ee30de,0x00000000005abd0b,0x3fedd0be6c4371a2,0x00000000800049fc,0x0000000000000000,0x414fe493ba2339c1,0x4129fe3c2b9f559b,0x4152076df804ea4b,0x3fe1aec7af362c5b,0x0000000000000000,0x0000000000000000,0x00000000800049fc,0x0000000001c2a007,0x0000000001b6a21d,0x0000000001c2a007,0x0000000001b6a21d,0x000000000028d226,0x0000000000000cce,0x00000000000052fd,0x0000000000000d52,0x00000000000099ae,0x0000000000d48fb9,0x00000000000016c6
1784428756854,0x0000000080006260,0x0000000080019230,0x402a6014520d6113,0x0000000000000000,0x0000000000000000,0x0000000080019440,0x0000000080019698,0x00000000800194a0,0x000000008000f238,0x00000000800003f0,0x000000008000f238,0x00000000000000d8,0x000000001a7fffff,0xffffffffecca727a,0x0000000000000000,0x000000001a238eee,0x00000000005211a1,0x3fedd0be6c4371a2,0x0000000080005bfa,0x0000000000000000,0x402484687b329c9f,0x4129fe3c2b9f559b,0x4152076df804ea4b,0x01a56e1fc2f8f359,0x3ff0000000000000,0x0000000000000000,0x0000000080005bfa,0x0000000001c3713b,0x0000000001b77165,0x0000000001c3713b,0x0000000001b77165,0x000000000028e53b,0x0000000000000cd7,0x00000000000052fd,0x0000000000000d52,0x00000000000099ee,0x0000000000d4f678,0x00000000000016c9
1784428757609,0x00000000800066d4,0x0000000080019700,0x402a6014520d6113,0x0000000000000000,0x0000000000000000,0x00000000800199a0,0x0000000020000004,0x000000000000000a,0x000000008000f3a8,0x000000008000f3a8,0x0000000000001116,0x0000000000001117,0xffffffffed756f7e,0xffffffffd3882e36,0x0000000000000000,0xffffffffed24464e,0x00000000004fbd4e,0x3fedd0be6c4371a2,0x00000000800066f0,0x0000000000000000,0x4013ef53b4e20b8e,0x4129fe3c2b9f559b,0x4152076df804ea4b,0x01a56e1fc2f8f359,0x3ff0000000000000,0x4013ef53b4e20b8e,0x00000000800066f0,0x0000000001c43562,0x0000000001b8538a,0x0000000001c43562,0x0000000001b8538a,0x000000000028e9da,0x0000000000000cd9,0x000000000000530d,0x0000000000000d64,0x0000000000009a16,0x0000000000d58b87,0x00000000000016d2
