timestamp_ms,ra,sp,t0,t1,t2,fp,a0,a1,a2,a3,a4,a5,a6,a7,t3,t4,t5,t6,pc,fs0,fa0,fa1,fa2,fa3,fa4,fa5,dpc,mcycle,minstret,cycle,instret,hpmcounter3,hpmcounter4,hpmcounter6,hpmcounter7,hpmcounter8,hpmcounter9,hpmcounter10
1784425800262,0x00000000800056f8,0x0000000080019060,0x0000000080007a7a,0x000000000000000f,0x0000000080019430,0x00000000800190b0,0x0000000080019548,0x000000008000f238,0x0000000000000006,0x0000000000000006,0x0000000080019310,0x0000000080019360,0x000000008000f201,0x3fe4b61cbb5a0b56,0x0000000000000000,0xffffffffbb94a98e,0x0000000000480779,0x3fedd0be65503670,0x0000000080004982,0x0000000000000000,0x414fe4d70cbc6a7f,0x4129fe81469ad42c,0x4152074e353dd97f,0x0000000000000000,0x0000000000000000,0x0000000000000000,0x0000000080004982,0x0000000000bf79cf,0x0000000000b77b6b,0x0000000000bf79cf,0x0000000000b77b6b,0x000000000010930a,0x0000000000000533,0x000000000000516d,0x000000000000058a,0x00000000000049bf,0x0000000000573555,0x00000000000012bb
1784425800855,0x0000000080005850,0x0000000080018ed0,0x0000000080007a7a,0x000000000000000f,0x00000000800191f0,0x0000000080018f20,0x00000000800191f0,0x0000000080019310,0x0000000000000003,0x0000000000000006,0x0000000000000004,0x0000000000000006,0x000000008000f201,0x3fe4b61cbb5a0b56,0x0000000000000000,0xffffffffbb94a98e,0x0000000000480779,0x3fedd0be65503670,0x0000000080004a0a,0x0000000000000000,0x414fe4d70cbc6a7f,0x4129fe81469ad42c,0x4152074e353dd97f,0x0000000000000000,0x0000000000000000,0x0000000000000000,0x0000000080004a0a,0x0000000000c02117,0x0000000000b8218c,0x0000000000c02117,0x0000000000b8218c,0x000000000010a06b,0x0000000000000533,0x000000000000516d,0x000000000000058a,0x00000000000049cb,0x000000000057839a,0x00000000000012bf
1784425801426,0x0000000080006260,0x0000000080019230,0x402a6014655676c9,0x0000000000000000,0x0000000000000000,0x0000000080019440,0x0000000080019698,0x00000000800194a0,0x000000008000f238,0x00000000800003f0,0x0000000000000003,0x0000000000000000,0x0000000073ebaffe,0xffffffffba24a17a,0x0000000000000000,0x0000000073eaa8ee,0x0000000000611f07,0x3fedd0be6231d53c,0x000000008000603c,0x0000000000000000,0x402847c1ee89285f,0x4129fe81469ad42c,0x4152074e353dd97f,0x0000000000000000,0x3fbcb58997c1ecda,0x3fbcb58997c1ecda,0x000000008000603c,0x0000000000c0d5fb,0x0000000000b8d18e,0x0000000000c0d5fb,0x0000000000b8d18e,0x000000000010b38c,0x000000000000053d,0x000000000000516d,0x000000000000058b,0x0000000000004a2c,0x000000000057dcd4,0x00000000000012c2
1784425801988,0x000000008000583a,0x0000000080018ed0,0x0000000080007a7a,0x000000000000000f,0x00000000800191f0,0x0000000080018f20,0x00000000800194a0,0x000000008000f238,0x0000000000000003,0x0000000000000006,0x000000008000f238,0x000000008000f318,0x000000008000f201,0x3fe182e3f07a9a0a,0x0000000000000000,0xffffffffd9a80eb8,0x00000000004c1ba7,0x3fedd0be6231d53c,0x00000000800049c6,0x0000000000000000,0x414fe4d5dd73eab3,0x4129fe855b4a233a,0x415207509f27bb30,0x0000000000000000,0x0000000000000000,0x0000000000000000,0x00000000800049c6,0x0000000000c18a97,0x0000000000b98423,0x0000000000c18a97,0x0000000000b98423,0x000000000010c247,0x000000000000053e,0x000000000000516f,0x0000000000000595,0x0000000000004a53,0x00000000005831f8,0x00000000000012c6
1784425802565,0x0000000080006260,0x0000000080019230,0x402a60145f9b75fc,0x0000000000000000,0x0000000000000000,0x0000000080019440,0x0000000080019698,0x00000000800194a0,0x000000008000f238,0x00000000800003f0,0x00000000800194a0,0x0000000000000080,0xffffffff98bfabb9,0x0000000068810d74,0x0000000000000000,0xffffffff983181b8,0x00000000005f962c,0x3fedd0be60a0cafb,0x0000000080005bd4,0x0000000000000000,0x4017e58b1a20435d,0x4129fe855b4a233a,0x415207509f27bb30,0x01a56e1fc2f8f359,0x0000000000000000,0x0000000000000000,0x0000000080005bd4,0x0000000000c23b47,0x0000000000ba3229,0x0000000000c23b47,0x0000000000ba3229,0x000000000010d267,0x0000000000000547,0x000000000000516f,0x0000000000000595,0x0000000000004ab9,0x00000000005888aa,0x00000000000012c9
1784425803153,0x0000000080005820,0x0000000080018ed0,0x0000000080007a7a,0x000000000000000f,0x00000000800191f0,0x0000000080018f20,0x000000008000f238,0x0000000080019310,0x0000000000000006,0x0000000000000006,0x0000000080019280,0x00000000800192f8,0x000000008000f201,0x3fe172deb6679f66,0x0000000000000000,0x0000000048dee138,0x000000000067d8d7,0x3fedd0be60a0cafb,0x00000000800049f0,0x0000000000000000,0x414fe4d7607c84b6,0x4129fe7658a0902e,0x4152074e32219653,0x0000000000000000,0x0000000000000000,0x0000000000000000,0x00000000800049f0,0x0000000000c2ed79,0x0000000000bae049,0x0000000000c2ed79,0x0000000000bae049,0x000000000010e3a1,0x0000000000000549,0x0000000000005172,0x00000000000005a3,0x0000000000004ae4,0x000000000058dd4e,0x00000000000012cc
1784425803724,0x0000000080006260,0x0000000080019230,0x402a60145b26cd36,0x0000000000000000,0x0000000000000000,0x0000000080019440,0x0000000080019698,0x00000000800194a0,0x000000008000f238,0x00000000800003f0,0x0000000000000006,0x0000000000000003,0x0000000048fae76f,0x0000000030e778c6,0x0000000000000000,0x0000000048d8e36e,0x00000000005d04d2,0x3fedd0be603a78ea,0x0000000080005c6e,0x0000000000000000,0x402741348c39de32,0x4129fe7658a0902e,0x4152074e32219653,0x01a56e1fc2f8f359,0x3fedd0be603a78ea,0x3fedd0be603a78ea,0x0000000080005c6e,0x0000000000c3b762,0x0000000000bba716,0x0000000000c3b762,0x0000000000bba716,0x000000000010f65e,0x0000000000000552,0x0000000000005172,0x00000000000005a3,0x0000000000004b4c,0x0000000000594051,0x00000000000012cf
1784425804311,0x0000000080005820,0x0000000080018ed0,0x0000000080007a7a,0x000000000000000f,0x00000000800191f0,0x0000000080018f20,0x000000008000f238,0x0000000080019310,0x0000000000000006,0x0000000000000006,0x0000000080019280,0x0000000080019300,0x000000008000f201,0x3fdcad6646ef5713,0x0000000000000000,0xffffffff9414ed4e,0x00000000005556c6,0x3fedd0be603a78ea,0x0000000080004982,0x0000000000000000,0x414fe4d418240b78,0x4129fe6517e90ff9,0x41520752866e978d,0x3fc2c1cc2b8c6fef,0x0000000000000000,0x0000000000000000,0x0000000080004982,0x0000000000c46535,0x0000000000bc5126,0x0000000000c46535,0x0000000000bc5126,0x00000000001106aa,0x0000000000000554,0x0000000000005175,0x00000000000005b1,0x0000000000004b77,0x0000000000599275,0x00000000000012d2
1784425804882,0x00000000800057c6,0x0000000080018de0,0x0000000080007a7a,0x0000000000000000,0x00000000800191f0,0x0000000080018f20,0x000000008000f238,0x0000000080018df0,0x0000000000000120,0x0000000000000006,0x0000000080018df0,0x0000000000017fc8,0x00000000567febea,0x00000000455b0ec8,0x0000000000000000,0x00000000567ac1e0,0x000000000055dc95,0x3fedd0be603a78ea,0x0000000080007b02,0x0000000000000000,0x402577255156c3b2,0x4129fe6517e90ff9,0x41520752866e978d,0x3ff0000000000000,0xbf847ae1386e2b1b,0x3fc17a1e18058d3d,0x0000000080007b02,0x0000000000c51514,0x0000000000bd0010,0x0000000000c51514,0x0000000000bd0010,0x000000000011150f,0x000000000000055d,0x0000000000005175,0x00000000000005b1,0x0000000000004bc1,0x000000000059e72f,0x00000000000012d5
1784425805446,0x0000000080005820,0x0000000080018ed0,0x0000000080007a7a,0x000000000000000f,0x00000000800191f0,0x0000000080018f20,0x000000008000f238,0x0000000080019310,0x0000000000000006,0x0000000000000006,0x0000000080019280,0x0000000000000010,0x000000008000f201,0x3fe0ab1a26cd9560,0x0000000000000000,0xffffffffb48f403e,0x00000000005f27ad,0x3fedd0be60ac1b70,0x00000000800049ea,0x0000000000000000,0x414fe4d302d0e560,0x4129fe853afb7e91,0x4152074dd2388659,0x0000000000000000,0x0000000000000000,0x0000000000000000,0x00000000800049ea,0x0000000000c5c73e,0x0000000000bdacbe,0x0000000000c5c73e,0x0000000000bdacbe,0x00000000001127fb,0x000000000000055f,0x0000000000005177,0x00000000000005bc,0x0000000000004c07,0x00000000005a3db1,0x00000000000012d8
1784425806014,0x00000000800057ae,0x0000000080018d90,0x0000000080007a7a,0x0000000000000000,0x00000000800191f0,0x0000000080018de0,0x0000000080018f50,0x000000008000f238,0x0000000000000006,0x0000000000000006,0x000000008000f238,0x000000008000f2e8,0x000000003d79e3ef,0x0000000044bcf85a,0x0000000000000000,0x000000003d70c02e,0x000000000055dc95,0x3fedd0be60ac1b70,0x00000000800049c8,0x0000000000000000,0x40257725512f3e17,0x4129fe853afb7e91,0x4152074dd2388659,0x3ff0000000000000,0x0000000000000000,0x0000000000000000,0x00000000800049c8,0x0000000000c6777a,0x0000000000be5c50,0x0000000000c6777a,0x0000000000be5c50,0x0000000000113669,0x0000000000000568,0x0000000000005177,0x00000000000005bc,0x0000000000004c4d,0x00000000005a92cc,0x00000000000012db
1784425806593,0x0000000080005744,0x0000000080019060,0x0000000080007a7a,0x000000000000000f,0x00000000800191f0,0x00000000800190b0,0x0000000080019310,0x00000000800191f0,0x0000000000000006,0x0000000000000006,0x0000000000000002,0x000000000000001a,0x000000008000f201,0x3fd9d9dddf1f6a2f,0x0000000000000000,0xffffffffde369ee0,0x000000000072aaa4,0x3fedd0be61b18094,0x000000008000497a,0x0000000000000000,0x414fe4d442c08312,0x4129fe7adc5d6388,0x415207509243fe5d,0x0000000000000000,0x0000000000000000,0x0000000000000000,0x000000008000497a,0x0000000000c722af,0x0000000000bf0153,0x0000000000c722af,0x0000000000bf0153,0x00000000001148d6,0x000000000000056a,0x0000000000005179,0x00000000000005c7,0x0000000000004c99,0x00000000005ae585,0x00000000000012de
1784425807160,0x00000000800057c6,0x0000000080018de0,0x0000000080007a7a,0x0000000000000000,0x00000000800191f0,0x0000000080018f20,0x000000008000f238,0x0000000080018df0,0x0000000000000040,0x000000008000f358,0x000000008000f358,0x000000008000f238,0x0000000000000120,0x00000000444c93a8,0x0000000000000000,0x000000005f8ad0e0,0x000000000055dc95,0x3fedd0be61b18094,0x0000000080007b3e,0x0000000000000000,0x40257725511324ea,0x4129fe7adc5d6388,0x415207509243fe5d,0x3ff0000000000000,0xbf847ae13b3aad37,0x3fc17a1e19af074f,0x0000000080007b3e,0x0000000000c80255,0x0000000000bfe095,0x0000000000c80255,0x0000000000bfe095,0x0000000000115b1b,0x0000000000000573,0x0000000000005179,0x00000000000005c7,0x0000000000004ccf,0x00000000005b510a,0x00000000000012e1
1784425807714,0x0000000080005820,0x0000000080018ed0,0x0000000080007a7a,0x000000000000000f,0x00000000800191f0,0x0000000080018f20,0x000000008000f238,0x0000000080019310,0x0000000000000006,0x0000000000000006,0x000000008000f238,0x000000008000f250,0x000000008000f201,0x3fd9abe616c152b0,0x0000000000000000,0x000000000b42ecae,0x000000000057b565,0x3fedd0be631396b9,0x00000000800049a6,0x0000000000000000,0x414fe4d489de69ad,0x4129fe6f864c2f83,0x4152074e8bc84b5e,0x0000000000000000,0x0000000000000000,0x0000000000000000,0x00000000800049a6,0x0000000000c8b337,0x0000000000c08bc2,0x0000000000c8b337,0x0000000000c08bc2,0x0000000000116de9,0x0000000000000575,0x000000000000517c,0x00000000000005d6,0x0000000000004d25,0x00000000005ba6be,0x00000000000012e4
1784425808303,0x00000000800057ae,0x0000000080018d90,0x0000000080007a7a,0x0000000000000000,0x00000000800191f0,0x0000000080018de0,0x0000000080018f50,0x000000008000f238,0x0000000000000006,0x0000000000000006,0x0000000000000004,0x0000000000000006,0xffffffffa925bdfe,0x000000004400b366,0x0000000000000000,0xffffffffa92419ae,0x000000000055dc95,0x3fedd0be631396b9,0x000000008000496c,0x0000000000000000,0x4025772551002cda,0x4129fe6f864c2f83,0x4152074e8bc84b5e,0x8000000000000000,0x0000000000000000,0x0000000000000000,0x000000008000496c,0x0000000000c96eed,0x0000000000c146ef,0x0000000000c96eed,0x0000000000c146ef,0x0000000000117d57,0x000000000000057e,0x000000000000517c,0x00000000000005d6,0x0000000000004d59,0x00000000005c0125,0x00000000000012e7
1784425808933,0x0000000080005820,0x0000000080018ed0,0x0000000080007a7a,0x000000000000000f,0x00000000800191f0,0x0000000080018f20,0x000000008000f238,0x0000000080019310,0x0000000000000006,0x0000000000000006,0x0000000000000001,0x0000000000000003,0x000000008000f201,0x3fd4720ebe571acc,0x0000000000000000,0xffffffff94a9bde0,0x00000000005cf1d5,0x3fedd0be64a6e921,0x000000008000496c,0x0000000000000000,0x414fe4cfabb2fec5,0x4129fe7121cac083,0x4152074f5d16872b,0x3fbaec350bbc42d2,0x3fe1aec7af36d0e7,0x3fe1aec7af36d0e7,0x000000008000496c,0x0000000000ca2c4f,0x0000000000c1fed8,0x0000000000ca2c4f,0x0000000000c1fed8,0x000000000011912a,0x0000000000000580,0x000000000000517f,0x00000000000005e3,0x0000000000004daf,0x00000000005c5ce6,0x00000000000012ea
1784425809547,0x00000000800057ae,0x0000000080018d90,0x0000000080007a7a,0x0000000000000000,0x00000000800191f0,0x0000000080018de0,0x0000000080018f50,0x000000008000f238,0x0000000000000006,0x0000000000000006,0x0000000000000003,0x0000000000000006,0xffffffffea67ab7e,0x0000000043d165ee,0x0000000000000000,0xffffffffea672b5e,0x000000000055dc95,0x3fedd0be64a6e921,0x000000008000498e,0x0000000000000000,0x4025772550f4597c,0x4129fe7121cac083,0x4152074f5d16872b,0x8000000000000000,0x0000000000000000,0x0000000000000000,0x000000008000498e,0x0000000000cadac0,0x0000000000c2ad28,0x0000000000cadac0,0x0000000000c2ad28,0x0000000000119f82,0x0000000000000589,0x000000000000517f,0x00000000000005e3,0x0000000000004de2,0x00000000005cb153,0x00000000000012ed
1784425810124,0x0000000080005820,0x0000000080018ed0,0x0000000080007a7a,0x000000000000000f,0x00000000800191f0,0x0000000080018f20,0x000000008000f238,0x0000000080019310,0x0000000000000006,0x0000000000000006,0x0000000080019310,0x0000000080019378,0x000000008000f201,0x3fd1ab1f1571e38e,0x0000000000000000,0xffffffffc8ba3438,0x000000000059b253,0x3fedd0be664a1b25,0x00000000800049c8,0x0000000000000000,0x414fe4d371f559b4,0x4129fe72d0624dd3,0x4152074fea7a0f91,0x402e61c97edc55f6,0x0000000000000000,0x0000000000000000,0x00000000800049c8,0x0000000000cbb22b,0x0000000000c37ed5,0x0000000000cbb22b,0x0000000000c37ed5,0x000000000011b579,0x000000000000058b,0x0000000000005181,0x00000000000005ee,0x0000000000004e2f,0x00000000005d191e,0x00000000000012f0
1784425810705,0x0000000080006362,0x0000000080019440,0x402a601451253ae6,0x0000000000000000,0x0000000000000000,0x0000000080019700,0x0000000000000001,0x00000000795eaf47,0x000000003fe00000,0x401c1729f95eaf47,0xffffffff80000000,0x0000000000000000,0x0000000059feefff,0xffffffffe57abd1a,0x0000000000000000,0x0000000059c44cae,0x0000000000705ca7,0x3fedd0be67e46f0e,0x0000000080006366,0x0000000000000000,0x401c1729f95eaf47,0x4129fe72d0624dd3,0x4152074fea7a0f91,0x01a56e1fc2f8f359,0x3ff0000000000000,0x3ff0000000000000,0x0000000080006366,0x0000000000cc9103,0x0000000000c45935,0x0000000000cc9103,0x0000000000c45935,0x000000000011cc7d,0x0000000000000596,0x0000000000005181,0x00000000000005ef,0x0000000000004e99,0x00000000005d8766,0x00000000000012f3
1784425811279,0x0000000080005850,0x0000000080018ed0,0x0000000080007a7a,0x000000000000000f,0x00000000800191f0,0x0000000080018f20,0x00000000800191f0,0x0000000080019310,0x0000000000000003,0x0000000000000006,0x00000000800191a8,0x00000000800191e0,0x000000008000f201,0x3fd0690af93aae8c,0x0000000000000000,0x0000000059c44cae,0x0000000000705ca7,0x3fedd0be67e46f0e,0x00000000800049f0,0x0000000000000000,0x414fe4d0a240b780,0x4129fe6314a2339c,0x41520750d24f7660,0x0000000000000000,0x0000000000000000,0x0000000000000000,0x00000000800049f0,0x0000000000cd55b5,0x0000000000c51c82,0x0000000000cd55b5,0x0000000000c51c82,0x000000000011dc2c,0x0000000000000596,0x0000000000005183,0x00000000000005fb,0x0000000000004ea5,0x00000000005de374,0x00000000000012f6
1784425811855,0x0000000080005b3c,0x00000000800193f0,0x0000000080007a7a,0x000000000000000f,0x0000000080019530,0x0000000080019440,0x00000000800194a0,0x0000000000000000,0x0000000000000000,0x000000008000f208,0x0000000080019500,0x0000000000000000,0xffffffff9c96ebfc,0xffffffff858f88dc,0x0000000000000000,0xffffffff9c86c178,0x0000000000575815,0x3fedd0be69646230,0x0000000080007a68,0x0000000000000000,0x414fe4d329724745,0x4129fe687d97f62b,0x4152075144504817,0x414fe4d21e83e426,0x415207507d0f7524,0x415207508e62bb28,0x0000000080007a68,0x0000000000ce0b01,0x0000000000c5cd1d,0x0000000000ce0b01,0x0000000000c5cd1d,0x000000000011efc7,0x00000000000005a1,0x0000000000005186,0x000000000000060a,0x0000000000004f18,0x00000000005e3e14,0x00000000000012f9
1784425812462,0x000000008000519e,0x0000000080018e40,0x0000000080007a7a,0x000000000000000f,0x00000000800191f0,0x0000000080018e90,0x0000000080019160,0x0000000080019118,0x0000000080018ef8,0x0000000080019118,0x0000000080019198,0x0000000000000002,0x000000008000f201,0x3fd15346045ba1cf,0x0000000000000000,0xffffffff9c86c178,0x0000000000575815,0x3fedd0be69646230,0x0000000080004fdc,0x0000000000000000,0x414fe4d329724745,0x4129fe687d97f62b,0x4152075144504817,0x3ff12c1dd9698034,0x402e61c97eb51fbb,0x0000000000000000,0x0000000080004fdc,0x0000000000ced218,0x0000000000c69294,0x0000000000ced218,0x0000000000c69294,0x000000000011ff9d,0x00000000000005a1,0x0000000000005186,0x000000000000060a,0x0000000000004f23,0x00000000005e9b0b,0x00000000000012fc
1784425813032,0x00000000800066ae,0x0000000080019700,0x402a60145107adb3,0x0000000000000000,0x0000000000000000,0x00000000800199a0,0x0000000000000001,0x000000004bb36094,0x000000008000f3a8,0x000000008000f3a8,0x0000000000000085,0x0000000000000085,0x0000000002e0dd3f,0x000000002ecd824e,0x0000000000000000,0x000000000260581e,0x000000000078105f,0x3fedd0be6abe6493,0x00000000800066c0,0x0000000000000000,0x401e0417cbb36094,0x4129fe687d97f62b,0x4152075144504817,0x01a56e1fc2f8f359,0x3ff0000000000000,0x401e0417cbb36094,0x00000000800066c0,0x0000000000cf7ed0,0x0000000000c73a72,0x0000000000cf7ed0,0x0000000000c73a72,0x000000000012129e,0x00000000000005ac,0x0000000000005188,0x0000000000000613,0x0000000000004f8e,0x00000000005ef1a9,0x00000000000012ff
1784425813599,0x000000008000583a,0x0000000080018ed0,0x0000000080007a7a,0x000000000000000f,0x00000000800191f0,0x0000000080018f20,0x00000000800194a0,0x000000008000f238,0x0000000000000003,0x0000000000000006,0x0000000000000006,0x0000000000000006,0x000000008000f201,0x3fd30536c2bcde40,0x0000000000000000,0x000000000260581e,0x000000000078105f,0x3fedd0be6abe6493,0x0000000080004a26,0x0000000000000000,0x414fe4d3746dc5d6,0x4129fe6ea12d7732,0x415207529009d495,0x0000000000000000,0x3ff12c1dda1aec15,0x3ff12c1dda1aec15,0x0000000080004a26,0x0000000000d03750,0x0000000000c7f1b5,0x0000000000d03750,0x0000000000c7f1b5,0x0000000000122150,0x00000000000005ac,0x0000000000005189,0x0000000000000615,0x0000000000004f99,0x00000000005f47e2,0x0000000000001302
1784425814157,0x00000000800056f8,0x0000000080019060,0x0000000080007a7a,0x000000000000000f,0x0000000080019430,0x00000000800190b0,0x0000000080019548,0x000000008000f238,0x0000000000000006,0x0000000000000006,0x0000000080019310,0x0000000000000008,0x000000008000f201,0x3fd767ccee590ad2,0x0000000000000000,0x000000005e3a01b8,0x000000000053f2ba,0x3fedd0be6bebb065,0x00000000800049ea,0x0000000000000000,0x414fe4d04eecbfb1,0x4129fe8e200d1b71,0x41520755c5fa43fe,0x0000000000000000,0x3fe185d1eca79506,0x0000000000000000,0x00000000800049ea,0x0000000000d0fbf0,0x0000000000c8b196,0x0000000000d0fbf0,0x0000000000c8b196,0x0000000000123619,0x00000000000005b7,0x000000000000518b,0x0000000000000620,0x000000000000501d,0x00000000005fa9a2,0x0000000000001305
1784425814723,0x000000008000583a,0x0000000080018ed0,0x0000000080007a7a,0x000000000000000f,0x00000000800191f0,0x0000000080018f20,0x00000000800194a0,0x000000008000f238,0x0000000000000003,0x0000000000000006,0x0000000000000002,0x000000000000000c,0x000000008000f201,0x3fd767ccee590ad2,0x0000000000000000,0x000000005e3a01b8,0x000000000053f2ba,0x3fedd0be6bebb065,0x0000000080004970,0x0000000000000000,0x414fe4d04eecbfb1,0x4129fe8e200d1b71,0x41520755c5fa43fe,0x3ff0000000000000,0x0000000000000000,0x3ff12c1ddab2b792,0x0000000080004970,0x0000000000d1ad18,0x0000000000c961ba,0x0000000000d1ad18,0x0000000000c961ba,0x0000000000124454,0x00000000000005b7,0x000000000000518b,0x0000000000000620,0x0000000000005025,0x00000000005ffc9a,0x0000000000001308
1784425815280,0x0000000080006260,0x0000000080019230,0x402a601451691cfd,0x0000000000000000,0x0000000000000000,0x0000000080019440,0x0000000080019698,0x00000000800194a0,0x000000008000f238,0x00000000800003f0,0x00000000800194a0,0x00000000800194a8,0xffffffffbc9679e2,0xffffffffc3689738,0x0000000000000000,0xffffffffbc9671e0,0x00000000006479ba,0x3fedd0be6ce94306,0x0000000080005cf2,0x0000000000000000,0x40391e6eb0da25ce,0x4129fe8e200d1b71,0x41520755c5fa43fe,0x01a56e1fc2f8f359,0x0000000000000000,0x0000000000000000,0x0000000080005cf2,0x0000000000d25c35,0x0000000000ca0dbe,0x0000000000d25c35,0x0000000000ca0dbe,0x0000000000125554,0x00000000000005c0,0x000000000000518b,0x0000000000000621,0x0000000000005084,0x000000000060537e,0x000000000000130b
1784425815872,0x0000000080005820,0x0000000080018ed0,0x0000000080007a7a,0x000000000000000f,0x00000000800191f0,0x0000000080018f20,0x000000008000f238,0x0000000080019310,0x0000000000000006,0x0000000000000006,0x0000000000000005,0x000000000000000f,0x000000008000f201,0x3fe1538433e91725,0x0000000000000000,0xffffffffc083578e,0x00000000004b8d87,0x3fedd0be6ce94306,0x00000000800049b4,0x0000000000000000,0x414fe4d4032617c2,0x4129fe6e228f5c29,0x415207540e5c91d1,0x3fc2c1cc301764de,0x3ff12c1ddb2fe00a,0x3ff12c1ddb2fe00a,0x00000000800049b4,0x0000000000d308b9,0x0000000000cab702,0x0000000000d308b9,0x0000000000cab702,0x0000000000126511,0x00000000000005c2,0x000000000000518d,0x000000000000062c,0x00000000000050af,0x000000000060a4d5,0x000000000000130e
1784425816434,0x0000000080006260,0x0000000080019230,0x402a601451aca63d,0x0000000000000000,0x0000000000000000,0x0000000080019440,0x0000000080019698,0x00000000800194a0,0x000000008000f238,0x00000000800003f0,0x000000008000f238,0x000000008000f2e8,0x00000000506fbffe,0xffffffffcb864586,0x0000000000000000,0x00000000506b3eee,0x0000000000583192,0x3fedd0be6db6f839,0x0000000080005c0a,0x0000000000000000,0x40260c64b2e19162,0x4129fe6e228f5c29,0x415207540e5c91d1,0x01a56e1fc2f8f359,0x0000000000000000,0x0000000000000000,0x0000000080005c0a,0x0000000000d3bf5e,0x0000000000cb6c6d,0x0000000000d3bf5e,0x0000000000cb6c6d,0x0000000000127481,0x00000000000005cb,0x000000000000518d,0x000000000000062c,0x0000000000005105,0x000000000060fe0b,0x0000000000001311
1784425816992,0x000000008000583a,0x0000000080018ed0,0x0000000080007a7a,0x000000000000000f,0x00000000800191f0,0x0000000080018f20,0x00000000800194a0,0x000000008000f238,0x0000000000000003,0x0000000000000006,0x00000000800191f0,0x0000000000000008,0x000000008000f201,0x3fe3ffa9230c00ba,0x0000000000000000,0x00000000108ea11e,0x00000000004c2699,0x3fedd0be6db6f839,0x00000000800049ea,0x0000000000000000,0x414fe4d03dab9f56,0x4129fe78657a786c,0x41520751213404ea,0x0000000000000000,0x3fe1aec7af36cf4c,0x0000000000000000,0x00000000800049ea,0x0000000000d48298,0x0000000000cc2a3e,0x0000000000d48298,0x0000000000cc2a3e,0x0000000000128850,0x00000000000005cd,0x0000000000005190,0x000000000000063b,0x0000000000005134,0x0000000000615b16,0x0000000000001314
1784425817553,0x0000000080006260,0x0000000080019230,0x402a601451f28f00,0x0000000000000000,0x0000000000000000,0x0000000080019440,0x0000000080019698,0x00000000800194a0,0x000000008000f238,0x00000000800003f0,0x000000008000f238,0x000000008000f268,0xfffffffff6bbf7cf,0xffffffffbb986d4a,0x0000000000000000,0xfffffffff6bbf34e,0x0000000000607419,0x3fedd0be6e56c69f,0x0000000080005bfc,0x0000000000000000,0x40181d066ee61b53,0x4129fe78657a786c,0x41520751213404ea,0x01a56e1fc2f8f359,0x0000000000000000,0x4012207dfca41e93,0x0000000080005bfc,0x0000000000d531ac,0x0000000000ccd849,0x0000000000d531ac,0x0000000000ccd849,0x0000000000129681,0x00000000000005d6,0x0000000000005190,0x000000000000063b,0x000000000000518a,0x000000000061b05c,0x0000000000001317
1784425818134,0x0000000080005850,0x0000000080018ed0,0x0000000080007a7a,0x000000000000000f,0x00000000800191f0,0x0000000080018f20,0x00000000800191f0,0x0000000080019310,0x0000000000000003,0x0000000000000006,0x0000000000000002,0x0000000000000002,0x000000008000f201,0x3fe2a46c2405b7fc,0x0000000000000000,0x000000006b9b077e,0x000000000062806d,0x3fedd0be6e56c69f,0x00000000800049e2,0x0000000000000000,0x414fe4d0b16f0069,0x4129fe6caf837b4a,0x415207537dfa43fe,0x0000000000000000,0x0000000000000000,0x0000000000000000,0x00000000800049e2,0x0000000000d616b7,0x0000000000cdb718,0x0000000000d616b7,0x0000000000cdb718,0x000000000012ada5,0x00000000000005d8,0x0000000000005193,0x0000000000000648,0x00000000000051bc,0x0000000000621d6d,0x000000000000131a
1784425818711,0x00000000800056f8,0x0000000080019060,0x0000000080007a7a,0x000000000000000f,0x0000000080019430,0x00000000800190b0,0x0000000080019548,0x000000008000f238,0x0000000000000006,0x0000000000000006,0x0000000000000001,0x0000000000000019,0x000000008000f201,0x3fe41bc63bb413dd,0x0000000000000000,0xffffffffd08508fe,0x00000000004f29c8,0x3fedd0be6ecc1bbb,0x00000000800049be,0x0000000000000000,0x414fe4d460ebedfa,0x4129fe664504816f,0x4152074f94e56042,0x0000000000000000,0x0000000000000000,0x0000000000000000,0x00000000800049be,0x0000000000d6f2e2,0x0000000000ce8deb,0x0000000000d6f2e2,0x0000000000ce8deb,0x000000000012c453,0x00000000000005e3,0x0000000000005195,0x0000000000000653,0x0000000000005248,0x0000000000628a0d,0x000000000000131d
1784425819283,0x00000000800058f2,0x0000000080018ed0,0x0000000080007a7a,0x0000000000000000,0x00000000800191f0,0x0000000080018f20,0x00000000800193a0,0x00000000800194a0,0x0000000000000006,0x0000000000000003,0x0000000000000006,0x0000000000000006,0x00000000519ffebc,0x00000000440a6134,0x0000000000000000,0x000000005183c6b8,0x000000000055dc95,0x3fedd0be6ecc1bbb,0x0000000080004a34,0x0000000000000000,0x402577255102984d,0x4129fe664504816f,0x4152074f94e56042,0x3f8314f4c1fd034d,0x0000000000000000,0x0000000000000000,0x0000000080004a34,0x0000000000d7db94,0x0000000000cf76fd,0x0000000000d7db94,0x0000000000cf76fd,0x000000000012d754,0x00000000000005ec,0x0000000000005195,0x0000000000000653,0x0000000000005280,0x000000000062fa16,0x0000000000001320
1784425819867,0x0000000080005744,0x0000000080019060,0x0000000080007a7a,0x000000000000000f,0x00000000800191f0,0x00000000800190b0,0x0000000080019310,0x00000000800191f0,0x0000000000000006,0x0000000000000006,0x0000000080019310,0x0000000080019340,0x000000008000f201,0x3fe087c1add5c14e,0x0000000000000000,0x0000000041476b80,0x000000000045ec2a,0x3fedd0be6f1b5529,0x00000000800049a4,0x0000000000000000,0x414fe4d0d6388659,0x4129fe7be32ca57a,0x4152075222a7ef9e,0x0000000000000000,0x0000000000000000,0x0000000000000000,0x00000000800049a4,0x0000000000d894d3,0x0000000000d02a1f,0x0000000000d894d3,0x0000000000d02a1f,0x000000000012eaca,0x00000000000005ee,0x0000000000005197,0x000000000000065e,0x00000000000052cc,0x0000000000635380,0x0000000000001323
1784425820453,0x00000000800058f2,0x0000000080018ed0,0x0000000080007a7a,0x0000000000000000,0x00000000800191f0,0x0000000080018f20,0x00000000800193a0,0x00000000800194a0,0x0000000000000006,0x0000000000000003,0x00000000800193a0,0x0000000000000050,0x0000000050bf1aff,0x0000000044176a82,0x0000000000000000,0x00000000502a0afe,0x000000000055dc95,0x3fedd0be6f1b5529,0x00000000800049a2,0x0000000000000000,0x402577255105daa1,0x4129fe7be32ca57a,0x4152075222a7ef9e,0x0000000000000000,0x0000000000000000,0x0000000000000000,0x00000000800049a2,0x0000000000d9449a,0x0000000000d0d964,0x0000000000d9449a,0x0000000000d0d964,0x000000000012f93f,0x00000000000005f7,0x0000000000005197,0x000000000000065e,0x0000000000005300,0x000000000063a864,0x0000000000001326
1784425821045,0x0000000080005744,0x0000000080019060,0x0000000080007a7a,0x000000000000000f,0x00000000800191f0,0x00000000800190b0,0x0000000080019310,0x00000000800191f0,0x0000000000000006,0x0000000000000006,0x0000000000000000,0x0000000000000006,0x000000008000f201,0x3fe050cbd4df92b6,0x0000000000000000,0xffffffff8f274c7e,0x00000000006168fe,0x3fedd0be6f495447,0x000000008000498e,0x0000000000000000,0x414fe4d0b13dd97f,0x4129fe77df7ced91,0x41520754a6339c0f,0x0000000000000000,0x0000000000000000,0x0000000000000000,0x000000008000498e,0x0000000000d9fef6,0x0000000000d18df8,0x0000000000d9fef6,0x0000000000d18df8,0x0000000000130cc8,0x00000000000005f9,0x000000000000519a,0x000000000000066d,0x000000000000534b,0x0000000000640269,0x0000000000001329
1784425821659,0x00000000800058f2,0x0000000080018ed0,0x0000000080007a7a,0x0000000000000000,0x00000000800191f0,0x0000000080018f20,0x00000000800193a0,0x00000000800194a0,0x0000000000000006,0x0000000000000003,0x0000000000000004,0x0000000000000000,0x0000000069ffbccf,0x0000000044221d8a,0x0000000000000000,0x0000000069f7b8ce,0x000000000055dc95,0x3fedd0be6f495447,0x0000000080004976,0x0000000000000000,0x4025772551088763,0x4129fe77df7ced91,0x41520754a6339c0f,0x3fc733d476947f0f,0x0000000000000000,0x0000000000000000,0x0000000080004976,0x0000000000daaf04,0x0000000000d23d73,0x0000000000daaf04,0x0000000000d23d73,0x0000000000131b3e,0x0000000000000602,0x000000000000519a,0x000000000000066d,0x0000000000005384,0x00000000006457a4,0x000000000000132c
1784425822220,0x0000000080005744,0x0000000080019060,0x0000000080007a7a,0x000000000000000f,0x00000000800191f0,0x00000000800190b0,0x0000000080019310,0x00000000800191f0,0x0000000000000006,0x0000000000000006,0x00000000800191f0,0x0000000000000060,0x000000008000f201,0x3fe2f9ab9638b24c,0x0000000000000000,0x00000000047352b8,0x00000000006b10f4,0x3fedd0be6f5b2958,0x00000000800049c4,0x0000000000000000,0x414fe4d254cccccd,0x4129fe6cad0e5604,0x4152075517573eab,0x0000000000000000,0x4016207f1442b6e3,0x4016207f1442b6e3,0x00000000800049c4,0x0000000000db7463,0x0000000000d2fd5f,0x0000000000db7463,0x0000000000d2fd5f,0x0000000000132fb8,0x0000000000000604,0x000000000000519d,0x000000000000067c,0x00000000000053cd,0x000000000064b6e7,0x000000000000132f
1784425822823,0x00000000800058f2,0x0000000080018ed0,0x0000000080007a7a,0x0000000000000000,0x00000000800191f0,0x0000000080018f20,0x00000000800193a0,0x00000000800194a0,0x0000000000000006,0x0000000000000003,0x0000000080018f50,0x0000000000000090,0xffffffff8db0f97f,0x00000000442a645a,0x0000000000000000,0xffffffff8d90c82e,0x000000000055dc95,0x3fedd0be6f5b2958,0x0000000080004980,0x0000000000000000,0x40257725510a9917,0x4129fe6cad0e5604,0x4152075517573eab,0x0000000000000000,0x0000000000000000,0x0000000000000000,0x0000000080004980,0x0000000000dc307e,0x0000000000d3b8f6,0x0000000000dc307e,0x0000000000d3b8f6,0x0000000000133f2a,0x000000000000060d,0x000000000000519d,0x000000000000067c,0x0000000000005400,0x00000000006511bb,0x0000000000001332
1784425823407,0x0000000080005744,0x0000000080019060,0x0000000080007a7a,0x000000000000000f,0x00000000800191f0,0x00000000800190b0,0x0000000080019310,0x00000000800191f0,0x0000000000000006,0x0000000000000006,0x0000000000000001,0x0000000000000006,0x000000008000f201,0x3fe5a26c97bdd806,0x0000000000000000,0xffffffffc32ca5ae,0x000000000051c3ed,0x3fedd0be6f55d326,0x0000000080004a06,0x0000000000000000,0x414fe4cefa5460aa,0x4129fe6bf758e219,0x41520754dc09d495,0x0000000000000000,0x0000000000000000,0x0000000000000000,0x0000000080004a06,0x0000000000dd08f2,0x0000000000d48b5b,0x0000000000dd08f2,0x0000000000d48b5b,0x0000000000135534,0x000000000000060f,0x00000000000051a0,0x000000000000068b,0x000000000000544e,0x00000000006579bb,0x0000000000001335
1784425823960,0x000000008000578a,0x0000000080018db0,0x0000000080007a7a,0x0000000000000000,0x00000000800191f0,0x0000000080018de0,0x0000000080018f50,0x0000000000000006,0x0000000000000006,0x0000000000000003,0x0000000000000006,0x0000000000000000,0xffffffffd7d1fcff,0x0000000044304dc2,0x0000000000000000,0xffffffffd7d0dc7e,0x000000000055dc95,0x3fedd0be6f55d326,0x0000000080004d32,0x0000000000000000,0x40257725510c1371,0x4129fe6bf758e219,0x41520754dc09d495,0x3f8314f4c2133d7e,0x0000000000000000,0x8000000000000000,0x0000000080004d32,0x0000000000ddb64d,0x0000000000d538af,0x0000000000ddb64d,0x0000000000d538af,0x000000000013636a,0x0000000000000618,0x00000000000051a0,0x000000000000068b,0x000000000000547e,0x000000000065cdcd,0x0000000000001338
1784425824553,0x0000000080005744,0x0000000080019060,0x0000000080007a7a,0x000000000000000f,0x00000000800191f0,0x00000000800190b0,0x0000000080019310,0x00000000800191f0,0x0000000000000006,0x0000000000000006,0x00000000800190d0,0x00000000000000c8,0x000000008000f201,0x3fe777130b9c520f,0x0000000000000000,0x0000000060ee320e,0x00000000006428de,0x3fedd0be6f3e1017,0x00000000800049ea,0x0000000000000000,0x414fe4cacd04816f,0x4129fe63942c3c9f,0x415207567c189375,0x402c3d203a000fe4,0x0000000000000000,0x0000000000000000,0x00000000800049ea,0x0000000000de8826,0x0000000000d6040b,0x0000000000de8826,0x0000000000d6040b,0x00000000001378e2,0x000000000000061a,0x00000000000051a2,0x0000000000000696,0x00000000000054ce,0x0000000000663292,0x000000000000133b
1784425825146,0x00000000800057ae,0x0000000080018d90,0x0000000080007a7a,0x0000000000000000,0x00000000800191f0,0x0000000080018de0,0x0000000080018f50,0x000000008000f238,0x0000000000000006,0x0000000000000006,0x0000000080018f50,0x0000000080019030,0x000000005a7fbe6f,0x000000004434026a,0x0000000000000000,0x000000005a75160e,0x000000000055dc95,0x3fedd0be6f3e1017,0x00000000800049a4,0x0000000000000000,0x40257725510d009b,0x4129fe63942c3c9f,0x415207567c189375,0x8000000000000000,0x0000000000000000,0x0000000000000000,0x00000000800049a4,0x0000000000df5ac8,0x0000000000d6d688,0x0000000000df5ac8,0x0000000000d6d688,0x0000000000138a1e,0x0000000000000623,0x00000000000051a2,0x0000000000000696,0x00000000000054fe,0x000000000066980c,0x000000000000133e
1784425825793,0x0000000080005820,0x0000000080018ed0,0x0000000080007a7a,0x000000000000000f,0x00000000800191f0,0x0000000080018f20,0x000000008000f238,0x0000000080019310,0x0000000000000006,0x0000000000000006,0x0000000080019280,0x0000000080019298,0x000000008000f201,0x3feac625db2d0145,0x0000000000000000,0x0000000079b8c2fe,0x0000000000769dee,0x3fedd0be6f183dfc,0x0000000080004982,0x0000000000000000,0x414fe4caed2bd3c3,0x4129fe838c710cb3,0x415207568fb2fec5,0x0000000000000000,0x3fe1aec7af364bff,0x3fe1aec7af364bff,0x0000000080004982,0x0000000000e01cd8,0x0000000000d7930f,0x0000000000e01cd8,0x0000000000d7930f,0x0000000000139e59,0x0000000000000625,0x00000000000051a5,0x00000000000006a5,0x000000000000554d,0x000000000066f5f1,0x0000000000001341
1784425826449,0x0000000080006260,0x0000000080019230,0x402a601453222543,0x0000000000000000,0x0000000000000000,0x0000000080019440,0x0000000080019698,0x00000000800194a0,0x000000008000f238,0x00000000800003f0,0x000000008000f238,0x000000008000f288,0xffffffffc82ffbfe,0xffffffffbe4256de,0x0000000000000000,0xffffffffc8070bbe,0x000000000042335d,0x3fedd0be6ee845f1,0x0000000080005c0a,0x0000000000000000,0x40308cd76f9095b8,0x4129fe838c710cb3,0x415207568fb2fec5,0x01a56e1fc2f8f359,0x0000000000000000,0x0000000000000000,0x0000000080005c0a,0x0000000000e0f03a,0x0000000000d86444,0x0000000000e0f03a,0x0000000000d86444,0x000000000013b0dc,0x000000000000062e,0x00000000000051a5,0x00000000000006a5,0x00000000000055a7,0x0000000000675cfc,0x0000000000001344
1784425827026,0x0000000080005820,0x0000000080018ed0,0x0000000080007a7a,0x000000000000000f,0x00000000800191f0,0x0000000080018f20,0x000000008000f238,0x0000000080019310,0x0000000000000006,0x0000000000000006,0x000000008000f238,0x000000008000f2d8,0x000000008000f201,0x3fed7d07712f82a6,0x0000000000000000,0x000000002a4b8380,0x000000000075d6ae,0x3fedd0be6ee845f1,0x00000000800049a4,0x0000000000000000,0x414fe4cc0c1bda51,0x4129fe6917ced917,0x4152074e6be90ff9,0x0000000000000000,0x0000000000000000,0x0000000000000000,0x00000000800049a4,0x0000000000e19cc4,0x0000000000d90c1b,0x0000000000e19cc4,0x0000000000d90c1b,0x000000000013c212,0x0000000000000630,0x00000000000051a8,0x00000000000006b1,0x00000000000055d0,0x000000000067aefa,0x0000000000001347
1784425827623,0x00000000800057ae,0x0000000080018d90,0x0000000080007a7a,0x0000000000000000,0x00000000800191f0,0x0000000080018de0,0x0000000080018f50,0x000000008000f238,0x0000000000000006,0x0000000000000006,0x0000000080018df0,0x00000000000000f8,0xffffffff8be7bdf6,0x000000004435bdd8,0x0000000000000000,0xffffffff8be3ace0,0x000000000055dc95,0x3fedd0be6ee845f1,0x0000000080004980,0x0000000000000000,0x40257725510d6f76,0x4129fe6917ced917,0x4152074e6be90ff9,0x3ff0000000000000,0x0000000000000000,0x0000000000000000,0x0000000080004980,0x0000000000e24edc,0x0000000000d9bdf0,0x0000000000e24edc,0x0000000000d9bdf0,0x000000000013d0b1,0x0000000000000639,0x00000000000051a8,0x00000000000006b1,0x0000000000005603,0x0000000000680529,0x000000000000134a
1784425828237,0x0000000080005806,0x0000000080018ee0,0x0000000080007a7a,0x000000000000000f,0x00000000800191f0,0x0000000080018f20,0x00000000800194a0,0x0000000080019310,0x0000000000000003,0x0000000000000004,0x0000000080019520,0x000000000000000c,0x000000008000f201,0x3fe5dcc65362eabf,0x0000000000000000,0xffffffff95d649ae,0x00000000005d0803,0x3fedd0be6eb191e3,0x0000000080004b78,0x0000000000000000,0x414fe4ccd03e425b,0x4129fe611d7dbf48,0x415207583e8c154d,0x3fc17a1e19133c2f,0x3fc17a1e19133c2f,0x0000000000000000,0x0000000080004b78,0x0000000000e30459,0x0000000000da6db6,0x0000000000e30459,0x0000000000da6db6,0x000000000013e3e8,0x000000000000063b,0x00000000000051aa,0x00000000000006bb,0x0000000000005651,0x0000000000685d05,0x000000000000134d
1784425828814,0x00000000800057ae,0x0000000080018d90,0x0000000080007a7a,0x0000000000000000,0x00000000800191f0,0x0000000080018de0,0x0000000080018f50,0x000000008000f238,0x0000000000000006,0x0000000000000006,0x0000000080018df0,0x0000000080018e70,0x0000000059fdd67e,0x0000000044344fba,0x0000000000000000,0x0000000059cdd66e,0x000000000055dc95,0x3fedd0be6eb191e3,0x000000008000495a,0x0000000000000000,0x40257725510d13ef,0x4129fe611d7dbf48,0x415207583e8c154d,0x8000000000000000,0x3fdcf46da09caeb8,0x0000000000000000,0x000000008000495a,0x0000000000e3ae31,0x0000000000db1775,0x0000000000e3ae31,0x0000000000db1775,0x000000000013f1d7,0x0000000000000644,0x00000000000051aa,0x00000000000006bb,0x0000000000005683,0x000000000068af63,0x0000000000001350
1784425829406,0x0000000080005744,0x0000000080019060,0x0000000080007a7a,0x000000000000000f,0x00000000800191f0,0x00000000800190b0,0x0000000080019310,0x00000000800191f0,0x0000000000000006,0x0000000000000006,0x00000000800190d0,0x0000000080019190,0x000000008000f201,0x3feac0d3a0ced850,0x0000000000000000,0xffffffffae49813e,0x0000000000480429,0x3fedd0be6e7709b2,0x00000000800049f2,0x0000000000000000,0x414fe4c85ba29c78,0x4129fe7217a786c2,0x4152074d78c154ca,0x402c3d203a03d4ce,0x0000000000000000,0x0000000000000000,0x00000000800049f2,0x0000000000e46095,0x0000000000dbc3da,0x0000000000e46095,0x0000000000dbc3da,0x00000000001404d8,0x0000000000000646,0x00000000000051ac,0x00000000000006c5,0x00000000000056d2,0x00000000006905a1,0x0000000000001353
1784425830048,0x00000000800057ae,0x0000000080018d90,0x0000000080007a7a,0x0000000000000000,0x00000000800191f0,0x0000000080018de0,0x0000000080018f50,0x000000008000f238,0x0000000000000006,0x0000000000000006,0x0000000080018df0,0x0000000080018e20,0xffffffffe977d9e0,0x000000004431b938,0x0000000000000000,0xffffffffe94701e0,0x000000000055dc95,0x3fedd0be6e7709b2,0x00000000800049f0,0x0000000000000000,0x40257725510c6e4e,0x4129fe7217a786c2,0x4152074d78c154ca,0x8000000000000000,0x3fdcf46da09ca7c4,0x3fdcf46da09ca7c4,0x00000000800049f0,0x0000000000e516fa,0x0000000000dc79e5,0x0000000000e516fa,0x0000000000dc79e5,0x00000000001413b3,0x000000000000064f,0x00000000000051ac,0x00000000000006c5,0x0000000000005711,0x0000000000695dc7,0x0000000000001356
1784425830624,0x0000000080005744,0x0000000080019060,0x0000000080007a7a,0x000000000000000f,0x00000000800191f0,0x00000000800190b0,0x0000000080019310,0x00000000800191f0,0x0000000000000006,0x0000000000000006,0x0000000000000000,0x0000000000000012,0x000000008000f201,0x3fe1e6f650f45801,0x0000000000000000,0xffffffffe6cb91e0,0x000000000074608d,0x3fedd0be6e3b1613,0x0000000080004978,0x0000000000000000,0x414fe4cb6051eb85,0x4129fe7ea9446738,0x4152075371f559b4,0x3fb85cd8e2c4210c,0x0000000000000000,0x0000000000000000,0x0000000080004978,0x0000000000e5cdf3,0x0000000000dd2ad6,0x0000000000e5cdf3,0x0000000000dd2ad6,0x0000000000142715,0x0000000000000651,0x00000000000051af,0x00000000000006d3,0x0000000000005765,0x000000000069b618,0x0000000000001359
1784425831194,0x00000000800057ae,0x0000000080018d90,0x0000000080007a7a,0x0000000000000000,0x00000000800191f0,0x0000000080018de0,0x0000000080018f50,0x000000008000f238,0x0000000000000006,0x0000000000000006,0x0000000000000000,0x0000000000000012,0x0000000029fafe7f,0x00000000442e3ec2,0x0000000000000000,0x000000002972ba7e,0x000000000055dc95,0x3fedd0be6e3b1613,0x00000000800049bc,0x0000000000000000,0x40257725510b8fb1,0x4129fe7ea9446738,0x4152075371f559b4,0x8000000000000000,0x3fdcf46da09ca2a1,0x3fdcf46da09ca2a1,0x00000000800049bc,0x0000000000e68d0f,0x0000000000dde9d4,0x0000000000e68d0f,0x0000000000dde9d4,0x00000000001436ad,0x000000000000065a,0x00000000000051af,0x00000000000006d3,0x00000000000057a4,0x00000000006a1276,0x000000000000135c
1784425831781,0x0000000080005744,0x0000000080019060,0x0000000080007a7a,0x000000000000000f,0x00000000800191f0,0x00000000800190b0,0x0000000080019310,0x00000000800191f0,0x0000000000000006,0x0000000000000006,0x00000000800190d0,0x0000000080019158,0x000000008000f201,0x3fe12cf6b690e546,0x0000000000000000,0x000000003a50befe,0x000000000042c382,0x3fedd0be6dffa78a,0x0000000080004982,0x0000000000000000,0x414fe4c9cfc84b5e,0x4129fe6bfa5119ce,0x41520755b45d6388,0x0000000000000000,0x0000000000000000,0x0000000000000000,0x0000000080004982,0x0000000000e741e1,0x0000000000de98c7,0x0000000000e741e1,0x0000000000de98c7,0x00000000001449ec,0x000000000000065c,0x00000000000051b2,0x00000000000006e5,0x00000000000057dc,0x00000000006a69e5,0x000000000000135f
1784425832378,0x00000000800057ae,0x0000000080018d90,0x0000000080007a7a,0x0000000000000000,0x00000000800191f0,0x0000000080018de0,0x0000000080018f50,0x000000008000f238,0x0000000000000006,0x0000000000000006,0x000000008000f238,0x00000000000000b0,0xffffffffd35ff6aa,0x00000000442a1f80,0x0000000000000000,0xffffffffd30fe000,0x000000000055dc95,0x3fedd0be6dffa78a,0x00000000800049c4,0x0000000000000000,0x40257725510a87e0,0x4129fe6bfa5119ce,0x41520755b45d6388,0x3ff0000000000000,0x0000000000000000,0x0000000000000000,0x00000000800049c4,0x0000000000e81bc9,0x0000000000df7230,0x0000000000e81bc9,0x0000000000df7230,0x0000000000145bb3,0x0000000000000665,0x00000000000051b2,0x00000000000006e5,0x0000000000005815,0x00000000006ad2b7,0x0000000000001362
1784425832972,0x0000000080005744,0x0000000080019060,0x0000000080007a7a,0x000000000000000f,0x00000000800191f0,0x00000000800190b0,0x0000000080019310,0x00000000800191f0,0x0000000000000006,0x0000000000000006,0x00000000800190d0,0x00000000800191e0,0x000000008000f201,0x3fe31457d3b45758,0x0000000000000000,0xffffffffb1964a38,0x000000000062b5e3,0x3fedd0be6dc64044,0x00000000800049f0,0x0000000000000000,0x414fe5c7cd94af4f,0x412a0256209d4952,0x4152074fb037b4a2,0x3fedd0be6dc64044,0x0000000000000000,0x3fedd0be6dc64044,0x00000000800049f0,0x0000000000e8d367,0x0000000000e023cd,0x0000000000e8d367,0x0000000000e023cd,0x0000000000146f25,0x0000000000000667,0x00000000000051b4,0x00000000000006ef,0x000000000000585f,0x00000000006b2b85,0x0000000000001365
1784425833612,0x00000000800057ae,0x0000000080018d90,0x0000000080007a7a,0x0000000000000000,0x00000000800191f0,0x0000000080018de0,0x0000000080018f50,0x000000008000f238,0x0000000000000006,0x0000000000000006,0x0000000080018df0,0x0000000080018e50,0xffffffffdd1f47be,0x00000000442593e6,0x0000000000000000,0xffffffffdd0906ae,0x000000000055dc95,0x3fedd0be6dc64044,0x0000000080004982,0x0000000000000000,0x40257725510964fa,0x412a0256209d4952,0x4152074fb037b4a2,0x8000000000000000,0x0000000000000000,0x0000000000000000,0x0000000080004982,0x0000000000e983bb,0x0000000000e0d3f5,0x0000000000e983bb,0x0000000000e0d3f5,0x0000000000147d82,0x0000000000000670,0x00000000000051b4,0x00000000000006ef,0x000000000000589e,0x00000000006b80e7,0x0000000000001369
1784425834177,0x0000000080005744,0x0000000080019060,0x0000000080007a7a,0x000000000000000f,0x00000000800191f0,0x00000000800190b0,0x0000000080019310,0x00000000800191f0,0x0000000000000006,0x0000000000000006,0x0000000000000004,0x000000000000001c,0x000000008000f201,0x3fdac245207d50e8,0x0000000000000000,0x0000000051e2f57e,0x000000000058b7f4,0x3fedd0be6d8fffb2,0x00000000800049e4,0x0000000000000000,0x414fe5c5f4fdf3b6,0x412a02622cb295ea,0x4152075af3212d77,0x3ff117a2f9d1566c,0x402c3d2039b9cdd0,0x3ff117a2f9d1566c,0x00000000800049e4,0x0000000000ea40fc,0x0000000000e18b2b,0x0000000000ea40fc,0x0000000000e18b2b,0x000000000014916b,0x0000000000000672,0x00000000000051b6,0x00000000000006f9,0x00000000000058e9,0x00000000006bdc32,0x000000000000136c
1784425834778,0x00000000800057ae,0x0000000080018d90,0x0000000080007a7a,0x0000000000000000,0x00000000800191f0,0x0000000080018de0,0x0000000080018f50,0x000000008000f238,0x0000000000000006,0x0000000000000006,0x0000000000000001,0x0000000000000006,0xffffffff85a9fdff,0x000000004420cd02,0x0000000000000000,0xffffffff85a9e5fe,0x000000000055dc95,0x3fedd0be6d8fffb2,0x0000000080004a06,0x0000000000000000,0x4025772551083341,0x412a02622cb295ea,0x4152075af3212d77,0xbf9287f43dd4ddf6,0x0000000000000000,0x0000000000000000,0x0000000080004a06,0x0000000000eaf604,0x0000000000e2404b,0x0000000000eaf604,0x0000000000e2404b,0x000000000014a033,0x000000000000067b,0x00000000000051b6,0x00000000000006f9,0x0000000000005922,0x00000000006c33fa,0x000000000000136f
1784425835412,0x0000000080005744,0x0000000080019060,0x0000000080007a7a,0x000000000000000f,0x00000000800191f0,0x00000000800190b0,0x0000000080019310,0x00000000800191f0,0x0000000000000006,0x0000000000000006,0x00000000800191f0,0x0000000000000003,0x000000008000f201,0x3fe5bca8278c221c,0x0000000000000000,0x000000000f94a4b8,0x00000000005902d1,0x3fedd0be6d5daef7,0x00000000800049d0,0x0000000000000000,0x414fe5c53be0ded3,0x412a0259b1de69ad,0x41520753dc95182b,0x3fdcf46da09c9ad2,0x0000000000000000,0x0000000000000000,0x00000000800049d0,0x0000000000ebaf20,0x0000000000e2f322,0x0000000000ebaf20,0x0000000000e2f322,0x000000000014b3c1,0x000000000000067d,0x00000000000051b9,0x0000000000000707,0x0000000000005970,0x00000000006c8d34,0x0000000000001372
1784425836032,0x00000000800057ae,0x0000000080018d90,0x0000000080007a7a,0x0000000000000000,0x00000000800191f0,0x0000000080018de0,0x0000000080018f50,0x000000008000f238,0x0000000000000006,0x0000000000000006,0x0000000080018df0,0x0000000000000006,0xffffffffe1e7b3ff,0x00000000441bf43a,0x0000000000000000,0xffffffffe162b16e,0x000000000055dc95,0x3fedd0be6d5daef7,0x00000000800049f8,0x0000000000000000,0x402577255106fd0f,0x412a0259b1de69ad,0x41520753dc95182b,0x8000000000000000,0x0000000000000000,0x0000000000000000,0x00000000800049f8,0x0000000000ec663e,0x0000000000e3aa1a,0x0000000000ec663e,0x0000000000e3aa1a,0x000000000014c2b1,0x0000000000000686,0x00000000000051b9,0x0000000000000707,0x00000000000059ab,0x00000000006ce5dc,0x0000000000001375
1784425836637,0x0000000080005744,0x0000000080019060,0x0000000080007a7a,0x000000000000000f,0x00000000800191f0,0x00000000800190b0,0x0000000080019310,0x00000000800191f0,0x0000000000000006,0x0000000000000006,0x0000000080019310,0x00000000800193a0,0x000000008000f201,0x3fe4561eaddbb71f,0x0000000000000000,0x000000005798a7b8,0x0000000000588a44,0x3fedd0be6d2fcd83,0x00000000800049a4,0x0000000000000000,0x414fe5c65a9fbe77,0x412a0269b318fc50,0x41520752dc8ce704,0x0000000000000000,0x0000000000000000,0x0000000000000000,0x00000000800049a4,0x0000000000ed2529,0x0000000000e46347,0x0000000000ed2529,0x0000000000e46347,0x000000000014d6bc,0x0000000000000688,0x00000000000051bc,0x0000000000000713,0x00000000000059f8,0x00000000006d4221,0x0000000000001378
1784425837243,0x00000000800057ae,0x0000000080018d90,0x0000000080007a7a,0x0000000000000000,0x00000000800191f0,0x0000000080018de0,0x0000000080018f50,0x000000008000f238,0x0000000000000006,0x0000000000000006,0x0000000000000003,0x0000000000000003,0x000000002c5ef5ef,0x0000000044172b7a,0x0000000000000000,0x000000002c58e4ee,0x000000000055dc95,0x3fedd0be6d2fcd83,0x00000000800049e4,0x0000000000000000,0x402577255105cadf,0x412a0269b318fc50,0x41520752dc8ce704,0x3fea330ae25af17b,0x0000000000000000,0x0000000000000000,0x00000000800049e4,0x0000000000edd89c,0x0000000000e51692,0x0000000000edd89c,0x0000000000e51692,0x000000000014e55b,0x0000000000000691,0x00000000000051bc,0x0000000000000713,0x0000000000005a3a,0x00000000006d990a,0x000000000000137b
1784425837824,0x0000000080005744,0x0000000080019060,0x0000000080007a7a,0x000000000000000f,0x00000000800191f0,0x00000000800190b0,0x0000000080019310,0x00000000800191f0,0x0000000000000006,0x0000000000000006,0x0000000000000000,0x000000000000000c,0x000000008000f201,0x3fe1bd02aec830e9,0x0000000000000000,0xffffffffb3fec55e,0x00000000005987de,0x3fedd0be6d069d66,0x0000000080004976,0x0000000000000000,0x414fe5c4483126e9,0x412a024cb5f6fd22,0x41520753d1ba5e35,0x3fe185d1eca6d041,0x0000000000000000,0x0000000000000000,0x0000000080004976,0x0000000000ee8c62,0x0000000000e5c401,0x0000000000ee8c62,0x0000000000e5c401,0x000000000014f874,0x0000000000000693,0x00000000000051be,0x000000000000071d,0x0000000000005a8e,0x00000000006defc3,0x000000000000137e
1784425838386,0x00000000800057ae,0x0000000080018d90,0x0000000080007a7a,0x0000000000000000,0x00000000800191f0,0x0000000080018de0,0x0000000080018f50,0x000000008000f238,0x0000000000000006,0x0000000000000006,0x0000000000000005,0x0000000000000006,0x000000005dfffdff,0x0000000044128d82,0x0000000000000000,0x000000005dbfc4fe,0x000000000055dc95,0x3fedd0be6d069d66,0x0000000080004940,0x0000000000000000,0x402577255104a361,0x412a024cb5f6fd22,0x41520753d1ba5e35,0x3ff0000000000000,0x0000000000000000,0x0000000000000000,0x0000000080004940,0x0000000000ef7cc5,0x0000000000e6b405,0x0000000000ef7cc5,0x0000000000e6b405,0x0000000000150c19,0x000000000000069c,0x00000000000051be,0x000000000000071d,0x0000000000005abe,0x00000000006e633f,0x0000000000001381
1784425838978,0x0000000080005820,0x0000000080018ed0,0x0000000080007a7a,0x000000000000000f,0x00000000800191f0,0x0000000080018f20,0x000000008000f238,0x0000000080019310,0x0000000000000006,0x0000000000000006,0x0000000000000002,0x0000000000000003,0x000000008000f201,0x3fe075b4ca21644c,0x0000000000000000,0x000000001c5eacfe,0x000000000057f4e1,0x3fedd0be6ce22ee5,0x00000000800049b0,0x0000000000000000,0x414fe5c33c504817,0x412a025c1367a0f9,0x415207539b886595,0x401623e8e4790d53,0x0000000000000000,0x0000000000000000,0x00000000800049b0,0x0000000000f039ca,0x0000000000e76b64,0x0000000000f039ca,0x0000000000e76b64,0x0000000000151fda,0x000000000000069e,0x00000000000051c0,0x0000000000000727,0x0000000000005b13,0x00000000006ebec2,0x0000000000001384
1784425839562,0x00000000800057ae,0x0000000080018d90,0x0000000080007a7a,0x0000000000000000,0x00000000800191f0,0x0000000080018de0,0x0000000080018f50,0x000000008000f238,0x0000000000000006,0x0000000000000006,0x0000000000000001,0x0000000000000004,0x000000000f72fee3,0x00000000440e2e98,0x0000000000000000,0x000000000f7282e0,0x000000000055dc95,0x3fedd0be6ce22ee5,0x0000000080004966,0x0000000000000000,0x4025772551038ba6,0x412a025c1367a0f9,0x415207539b886595,0x8000000000000000,0x0000000000000000,0x0000000000000000,0x0000000080004966,0x0000000000f0e889,0x0000000000e81a49,0x0000000000f0e889,0x0000000000e81a49,0x0000000000152e3c,0x00000000000006a7,0x00000000000051c0,0x0000000000000727,0x0000000000005b37,0x00000000006f1383,0x0000000000001387
1784425840158,0x0000000080005744,0x0000000080019060,0x0000000080007a7a,0x000000000000000f,0x00000000800191f0,0x00000000800190b0,0x0000000080019310,0x00000000800191f0,0x0000000000000006,0x0000000000000006,0x00000000800191f0,0x0000000080019238,0x000000008000f201,0x3fdde357a731ec0a,0x0000000000000000,0x000000007c0edb0e,0x000000000058878a,0x3fedd0be6cc26b14,0x00000000800049c6,0x0000000000000000,0x414fe5c296809d49,0x412a0264b65fd8ae,0x4152075733573eab,0x0000000000000000,0x0000000000000000,0x0000000000000000,0x00000000800049c6,0x0000000000f197f3,0x0000000000e8c3b3,0x0000000000f197f3,0x0000000000e8c3b3,0x00000000001540fe,0x00000000000006a9,0x00000000000051c3,0x0000000000000735,0x0000000000005b7d,0x00000000006f6844,0x000000000000138a
1784425840744,0x00000000800057ae,0x0000000080018d90,0x0000000080007a7a,0x0000000000000000,0x00000000800191f0,0x0000000080018de0,0x0000000080018f50,0x000000008000f238,0x0000000000000006,0x0000000000000006,0x0000000000000004,0x0000000000000006,0x000000004aff6b7b,0x00000000440a1d24,0x0000000000000000,0x000000004aef6978,0x000000000055dc95,0x3fedd0be6cc26b14,0x00000000800049d6,0x0000000000000000,0x4025772551028749,0x412a0264b65fd8ae,0x4152075733573eab,0x8000000000000000,0x0000000000000000,0x8000000000000000,0x00000000800049d6,0x0000000000f25e30,0x0000000000e989bb,0x0000000000f25e30,0x0000000000e989bb,0x000000000015512f,0x00000000000006b2,0x00000000000051c3,0x0000000000000735,0x0000000000005bb7,0x00000000006fc7e7,0x000000000000138e
1784425841314,0x000000008000575e,0x0000000080019070,0x0000000080007a7a,0x000000000000000f,0x00000000800191f0,0x00000000800190b0,0x00000000800190d0,0x00000000800002d0,0x000000008000f238,0x0000000000000006,0x0000000000000004,0x0000000000000006,0x000000008000f201,0x3fe1c6245189b702,0x0000000000000000,0xffffffffd05d6c8e,0x000000000058df6b,0x3fedd0be6ca71d5f,0x0000000080004c26,0x0000000000000000,0x414fe5c4c2d77319,0x412a025a7f141206,0x4152075597b2fec5,0x3fc17a1e17e5ebb7,0x402e6014986636cb,0x0000000000000000,0x0000000080004c26,0x0000000000f317f7,0x0000000000ea3d6f,0x0000000000f317f7,0x0000000000ea3d6f,0x00000000001564cc,0x00000000000006b4,0x00000000000051c6,0x0000000000000743,0x0000000000005c05,0x0000000000702193,0x0000000000001391
1784425841935,0x00000000800056f8,0x0000000080019060,0x0000000080007a7a,0x000000000000000f,0x0000000080019430,0x00000000800190b0,0x0000000080019548,0x000000008000f238,0x0000000000000006,0x0000000000000006,0x0000000000000004,0x0000000000000010,0x000000008000f201,0x3fe225bf0d2a153a,0x0000000000000000,0xffffffffa5148c5e,0x000000000058e0ca,0x3fedd0be6c8ffbd6,0x00000000800049e2,0x0000000000000000,0x414fe5c3afd21ff3,0x412a025b7886594b,0x415207563e4f7660,0x0000000000000000,0x0000000000000000,0x0000000000000000,0x00000000800049e2,0x0000000000f42e25,0x0000000000eb4eec,0x0000000000f42e25,0x0000000000eb4eec,0x0000000000158034,0x00000000000006bf,0x00000000000051c8,0x000000000000074d,0x0000000000005c7d,0x000000000070a9dd,0x0000000000001394
1784425842523,0x000000008000589c,0x0000000080018ed0,0x0000000080007a7a,0x0000000000000000,0x00000000800191f0,0x0000000080018f20,0x0000000080019280,0x0000000080019118,0x0000000000000006,0x0000000000000003,0x0000000000000000,0x0000000000000003,0x0000000044b6efbd,0x00000000440303cc,0x0000000000000000,0x000000004494cab8,0x000000000055dc95,0x3fedd0be6c8ffbd6,0x0000000080004a0a,0x0000000000000000,0x402577255100c0f3,0x412a025b7886594b,0x415207563e4f7660,0x0000000000000000,0x0000000000000000,0x0000000000000000,0x0000000080004a0a,0x0000000000f4ec42,0x0000000000ec0d88,0x0000000000f4ec42,0x0000000000ec0d88,0x0000000000158f62,0x00000000000006c8,0x00000000000051c8,0x000000000000074d,0x0000000000005ca2,0x0000000000710662,0x0000000000001397
1784425843101,0x00000000800056f8,0x0000000080019060,0x0000000080007a7a,0x000000000000000f,0x0000000080019430,0x00000000800190b0,0x0000000080019548,0x000000008000f238,0x0000000000000006,0x0000000000000006,0x0000000080019310,0x0000000000000004,0x000000008000f201,0x3fe31428fb09b329,0x0000000000000000,0x00000000447f9778,0x000000000058cef8,0x3fedd0be6c7cae55,0x0000000080004988,0x0000000000000000,0x414fe5c4df972474,0x412a0255e4ea4a8c,0x41520758b779a6b5,0x3ff0000000000000,0x0000000000000000,0x0000000000000000,0x0000000080004988,0x0000000000f5b3ff,0x0000000000ecceae,0x0000000000f5b3ff,0x0000000000ecceae,0x000000000015a47b,0x00000000000006ca,0x00000000000051ca,0x0000000000000757,0x0000000000005cf7,0x000000000071660e,0x000000000000139a
1784425843683,0x000000008000589c,0x0000000080018ed0,0x0000000080007a7a,0x0000000000000000,0x00000000800191f0,0x0000000080018f20,0x0000000080019280,0x0000000080019118,0x0000000000000006,0x0000000000000003,0x0000000000000003,0x0000000000000003,0xffffffffb7ff9aff,0x0000000044000272,0x0000000000000000,0xffffffffb7fd029e,0x000000000055dc95,0x3fedd0be6c7cae55,0x0000000080004a06,0x0000000000000000,0x402577255100009d,0x412a0255e4ea4a8c,0x41520758b779a6b5,0x0000000000000000,0x3f9287f43dd4dd4f,0x3f9287f43dd4dd4f,0x0000000080004a06,0x0000000000f663e3,0x0000000000ed7f21,0x0000000000f663e3,0x0000000000ed7f21,0x000000000015b280,0x00000000000006d3,0x00000000000051ca,0x0000000000000757,0x0000000000005d21,0x000000000071bbdb,0x000000000000139d
1784425844250,0x0000000080005744,0x0000000080019060,0x0000000080007a7a,0x000000000000000f,0x00000000800191f0,0x00000000800190b0,0x0000000080019310,0x00000000800191f0,0x0000000000000006,0x0000000000000006,0x00000000800190d0,0x0000000000000038,0x000000008000f201,0x3fe6a8bf7f6d2b24,0x0000000000000000,0x0000000061403b80,0x000000000058dba9,0x3fedd0be6c6cd46a,0x00000000800049ea,0x0000000000000000,0x414fe5c1f03126e9,0x412a025d03e425af,0x41520754dab851ec,0x3fb85cd8e2c41caf,0x0000000000000000,0x3fb85cd8e2c41caf,0x00000000800049ea,0x0000000000f7477c,0x0000000000ee5d2d,0x0000000000f7477c,0x0000000000ee5d2d,0x000000000015c9d1,0x00000000000006d5,0x00000000000051cd,0x0000000000000765,0x0000000000005d64,0x000000000072290e,0x00000000000013a0
1784425844895,0x00000000800057ae,0x0000000080018d90,0x0000000080007a7a,0x0000000000000000,0x00000000800191f0,0x0000000080018de0,0x0000000080018f50,0x000000008000f238,0x0000000000000006,0x0000000000000006,0x0000000080018df0,0x0000000080018e38,0xfffffffff67aed7a,0x0000000043fd5d24,0x0000000000000000,0xfffffffff67a6978,0x000000000055dc95,0x3fedd0be6c6cd46a,0x00000000800049f0,0x0000000000000000,0x4025772550ff5749,0x412a025d03e425af,0x41520754dab851ec,0x8000000000000000,0x0000000000000000,0x0000000000000000,0x00000000800049f0,0x0000000000f81d5e,0x0000000000ef32a0,0x0000000000f81d5e,0x0000000000ef32a0,0x000000000015db44,0x00000000000006de,0x00000000000051cd,0x0000000000000765,0x0000000000005da3,0x000000000072901a,0x00000000000013a3
1784425845508,0x0000000080005744,0x0000000080019060,0x0000000080007a7a,0x000000000000000f,0x00000000800191f0,0x00000000800190b0,0x0000000080019310,0x00000000800191f0,0x0000000000000006,0x0000000000000006,0x00000000800191f0,0x00000000800192d8,0x000000008000f201,0x3fe4f334e7148316,0x0000000000000000,0x0000000015056338,0x000000000058ba53,0x3fedd0be6c600a3c,0x00000000800049c8,0x0000000000000000,0x414fe5c015119ce0,0x412a024964f765fe,0x41520759d2c08312,0x3fedd0be6c600a3a,0x0000000000000000,0x0000000000000000,0x00000000800049c8,0x0000000000f8e98f,0x0000000000eff873,0x0000000000f8e98f,0x0000000000eff873,0x000000000015f062,0x00000000000006e0,0x00000000000051d0,0x0000000000000771,0x0000000000005df2,0x000000000072f248,0x00000000000013a6
1784425846123,0x00000000800057ae,0x0000000080018d90,0x0000000080007a7a,0x0000000000000000,0x00000000800191f0,0x0000000080018de0,0x0000000080018f50,0x000000008000f238,0x0000000000000006,0x0000000000000006,0x0000000000000002,0x0000000000000004,0x00000000099cd7fe,0x0000000043fb1052,0x0000000000000000,0x000000000914d2de,0x000000000055dc95,0x3fedd0be6c600a3c,0x0000000080004966,0x0000000000000000,0x4025772550fec415,0x412a024964f765fe,0x41520759d2c08312,0x8000000000000000,0x0000000000000000,0x0000000000000000,0x0000000080004966,0x0000000000f9ae45,0x0000000000f0bd3a,0x0000000000f9ae45,0x0000000000f0bd3a,0x0000000000160074,0x00000000000006e9,0x00000000000051d0,0x0000000000000771,0x0000000000005e2d,0x000000000073516f,0x00000000000013a9
1784425846712,0x0000000080005744,0x0000000080019060,0x0000000080007a7a,0x000000000000000f,0x00000000800191f0,0x00000000800190b0,0x0000000080019310,0x00000000800191f0,0x0000000000000006,0x0000000000000006,0x0000000000000005,0x000000000000001e,0x000000008000f201,0x3fe932712910c0b6,0x0000000000000000,0x000000003765284e,0x0000000000579e88,0x3fedd0be6c55ec5e,0x00000000800049b4,0x0000000000000000,0x414fe5c27542c3ca,0x412a02571eab367a,0x415207587f089a02,0x3fc17a1e17d097c5,0x0000000000000000,0x0000000000000000,0x00000000800049b4,0x0000000000fa5b8a,0x0000000000f1647f,0x0000000000fa5b8a,0x0000000000f1647f,0x000000000016130a,0x00000000000006eb,0x00000000000051d2,0x000000000000077b,0x0000000000005e7e,0x000000000073a534,0x00000000000013ac
1784425847374,0x00000000800057ae,0x0000000080018d90,0x0000000080007a7a,0x0000000000000000,0x00000000800191f0,0x0000000080018de0,0x0000000080018f50,0x000000008000f238,0x0000000000000006,0x0000000000000006,0x0000000080018df0,0x0000000080018ef8,0xffffffffbee7fefe,0x0000000043f916d8,0x0000000000000000,0xffffffffbee314e0,0x000000000055dc95,0x3fedd0be6c55ec5e,0x00000000800049f0,0x0000000000000000,0x4025772550fe45b6,0x412a02571eab367a,0x415207587f089a02,0xbf8314f4c031fca6,0x0000000000000000,0x0000000000000000,0x00000000800049f0,0x0000000000fb2ebb,0x0000000000f23754,0x0000000000fb2ebb,0x0000000000f23754,0x0000000000162447,0x00000000000006f4,0x00000000000051d2,0x000000000000077b,0x0000000000005eb9,0x0000000000740b00,0x00000000000013af
1784425847965,0x0000000080005820,0x0000000080018ed0,0x0000000080007a7a,0x000000000000000f,0x00000000800191f0,0x0000000080018f20,0x000000008000f238,0x0000000080019310,0x0000000000000006,0x0000000000000006,0x0000000000000002,0x0000000000000009,0x000000008000f201,0x3feb110ac686720f,0x0000000000000000,0x000000000201bd3e,0x000000000058b699,0x3fedd0be6c4e1ac5,0x00000000800049ba,0x0000000000000000,0x414fe5beaa9930be,0x412a0255accccccd,0x41520755c82a9931,0x0000000000000000,0x0000000000000000,0x0000000000000000,0x00000000800049ba,0x0000000000fbe426,0x0000000000f2e777,0x0000000000fbe426,0x0000000000f2e777,0x0000000000163770,0x00000000000006f6,0x00000000000051d4,0x0000000000000785,0x0000000000005f04,0x0000000000746300,0x00000000000013b2
1784425848538,0x00000000800057ae,0x0000000080018d90,0x0000000080007a7a,0x0000000000000000,0x00000000800191f0,0x0000000080018de0,0x0000000080018f50,0x000000008000f238,0x0000000000000006,0x0000000000000006,0x0000000080018df0,0x0000000080018ec8,0x0000000077adb7ba,0x0000000043f76a6c,0x0000000000000000,0x0000000077ad3138,0x000000000055dc95,0x3fedd0be6c4e1ac5,0x0000000080004982,0x0000000000000000,0x4025772550fdda9b,0x412a0255accccccd,0x41520755c82a9931,0x8000000000000000,0x0000000000000000,0x0000000000000000,0x0000000080004982,0x0000000000fc9b31,0x0000000000f39e3a,0x0000000000fc9b31,0x0000000000f39e3a,0x0000000000164672,0x00000000000006ff,0x00000000000051d4,0x0000000000000785,0x0000000000005f3d,0x000000000074bb8a,0x00000000000013b5
1784425849133,0x000000008000583a,0x0000000080018ed0,0x0000000080007a7a,0x000000000000000f,0x00000000800191f0,0x0000000080018f20,0x00000000800194a0,0x000000008000f238,0x0000000000000003,0x0000000000000006,0x00000000800194a0,0x0000000080019510,0x000000008000f201,0x3fe933418d900181,0x0000000000000000,0xffffffff8765d0de,0x0000000000580e84,0x3fedd0be6c483ae9,0x00000000800049a4,0x0000000000000000,0x414fe5bba820c49c,0x412a0251a29c779a,0x41520755040b7803,0x0000000000000000,0x0000000000000000,0x0000000000000000,0x00000000800049a4,0x0000000000fd8d20,0x0000000000f48a3d,0x0000000000fd8d20,0x0000000000f48a3d,0x0000000000165e8d,0x0000000000000701,0x00000000000051d7,0x0000000000000793,0x0000000000005f92,0x0000000000752fd4,0x00000000000013b9
1784425849714,0x0000000080006260,0x0000000080019230,0x402a601452207345,0x0000000000000000,0x0000000000000000,0x0000000080019440,0x0000000080019698,0x00000000800194a0,0x000000008000f238,0x00000000800003f0,0x0000000000000002,0x000000000000000c,0xffffffffd87bff2f,0x0000000010b77726,0x0000000000000000,0xffffffffd81bd32e,0x0000000000549726,0x3fedd0be6c43f94b,0x0000000080005cb2,0x0000000000000000,0x406525c9842dddca,0x412a0251a29c779a,0x41520755040b7803,0x01a56e1fc2f8f359,0x0000000000000000,0x0000000000000000,0x0000000080005cb2,0x0000000000fe4179,0x0000000000f53b25,0x0000000000fe4179,0x0000000000f53b25,0x000000000016708c,0x000000000000070a,0x00000000000051d7,0x0000000000000793,0x0000000000005fe4,0x0000000000758993,0x00000000000013bc
1784425850318,0x000000008000583a,0x0000000080018ed0,0x0000000080007a7a,0x000000000000000f,0x00000000800191f0,0x0000000080018f20,0x00000000800194a0,0x000000008000f238,0x0000000000000003,0x0000000000000006,0x00000000800191f0,0x0000000080019258,0x000000008000f201,0x3fe66e78fe5edc89,0x0000000000000000,0x000000005f0fc1e0,0x0000000000576e3a,0x3fedd0be6c43f94b,0x00000000800049f0,0x0000000000000000,0x414fe5c3b5844d01,0x412a024c6a4a8c15,0x41520755d3e425af,0x0000000000000000,0x0000000000000000,0x0000000000000000,0x00000000800049f0,0x0000000000fefe4f,0x0000000000f5f506,0x0000000000fefe4f,0x0000000000f5f506,0x0000000000168116,0x000000000000070c,0x00000000000051da,0x00000000000007a1,0x0000000000006015,0x000000000075e231,0x00000000000013bf
1784425850885,0x00000000800056f8,0x0000000080019060,0x0000000080007a7a,0x000000000000000f,0x0000000080019430,0x00000000800190b0,0x0000000080019548,0x000000008000f238,0x0000000000000006,0x0000000000000006,0x0000000080019310,0x0000000080019378,0x000000008000f201,0x3fe4c989a53decb4,0x0000000000000000,0x0000000018d8daf8,0x000000000058b32c,0x3fedd0be6c410a4f,0x00000000800049f0,0x0000000000000000,0x414fe5c233a29c78,0x412a0253a7d566cf,0x415207542adc5d64,0x0000000000000000,0x0000000000000000,0x0000000000000000,0x00000000800049f0,0x0000000000ffdab6,0x0000000000f6cc92,0x0000000000ffdab6,0x0000000000f6cc92,0x00000000001697d4,0x0000000000000717,0x00000000000051dc,0x00000000000007ab,0x0000000000006088,0x0000000000764f3e,0x00000000000013c2
1784425851443,0x0000000080005866,0x0000000080018ee0,0x0000000080007a7a,0x000000000000000f,0x00000000800191f0,0x0000000080018f20,0x00000000800191a8,0x00000000800003f0,0x0000000080019160,0x0000000000000003,0x0000000000000001,0x0000000000000003,0x000000008000f201,0x3fe4c989a53decb4,0x0000000000000000,0x0000000018d8daf8,0x000000000058b32c,0x3fedd0be6c410a4f,0x0000000080004c98,0x0000000000000000,0x414fe5c233a29c78,0x412a0253a7d566cf,0x415207542adc5d64,0x3ff12c1dda620bbf,0x0000000000000000,0x0000000000000000,0x0000000080004c98,0x00000000010089a8,0x0000000000f77a90,0x00000000010089a8,0x0000000000f77a90,0x000000000016a5d5,0x0000000000000717,0x00000000000051dc,0x00000000000007ab,0x0000000000006090,0x000000000076a138,0x00000000000013c5
1784425852029,0x0000000080006270,0x0000000080019440,0x402a60145217fc77,0x0000000000000000,0x0000000000000000,0x0000000080019700,0x0000000080019698,0x00000000800194a0,0x000000008000f238,0x00000000800003f0,0x0000000000000006,0x0000000000000005,0x000000000d76fff5,0xffffffffcd9cfa28,0x0000000000000000,0x000000000d66ece0,0x00000000004f410b,0x3fedd0be6c3f2abd,0x000000008000633e,0x0000000000000000,0x4080c6b9f050f99e,0x412a0253a7d566cf,0x412a0253a7d566cf,0x415207542adc5d64,0x411ed18e0311af26,0x410e81e80e1bd40e,0x000000008000633e,0x00000000010134ee,0x0000000000f8213a,0x00000000010134ee,0x0000000000f8213a,0x000000000016b8d0,0x0000000000000722,0x00000000000051dc,0x00000000000007ab,0x00000000000060da,0x000000000076f634,0x00000000000013c8
1784425852596,0x000000008000583a,0x0000000080018ed0,0x0000000080007a7a,0x000000000000000f,0x00000000800191f0,0x0000000080018f20,0x00000000800194a0,0x000000008000f238,0x0000000000000003,0x0000000000000006,0x0000000000000005,0x0000000000000006,0x000000008000f201,0x3fe12fa232890493,0x0000000000000000,0xffffffffde96970e,0x000000000058d6f6,0x3fedd0be6c3f2abd,0x00000000800049b0,0x0000000000000000,0x414fe5bfe9581062,0x412a024bbfe5c91d,0x4152075c1d930be1,0x0000000000000000,0x0000000000000000,0x0000000000000000,0x00000000800049b0,0x000000000101df69,0x0000000000f8ca86,0x000000000101df69,0x0000000000f8ca86,0x000000000016c629,0x0000000000000722,0x00000000000051de,0x00000000000007b5,0x0000000000006103,0x000000000077470b,0x00000000000013cb
1784425853181,0x0000000080006260,0x0000000080019230,0x402a60145214f41a,0x0000000000000000,0x0000000000000000,0x0000000080019440,0x0000000080019698,0x00000000800194a0,0x000000008000f238,0x00000000800003f0,0x00000000800194a0,0x00000000800194f0,0x000000002b4f736f,0xffffffff895f4216,0x0000000000000000,0x000000002b4e530e,0x000000000050e37a,0x3fedd0be6c3e1fcc,0x0000000080005bd6,0x0000000000000000,0x406438dea257d086,0x412a024bbfe5c91d,0x4152075c1d930be1,0x01a56e1fc2f8f359,0x0000000000000000,0x0000000000000000,0x0000000080005bd6,0x0000000001029057,0x0000000000f97a35,0x0000000001029057,0x0000000000f97a35,0x000000000016d587,0x000000000000072b,0x00000000000051de,0x00000000000007b5,0x000000000000614f,0x0000000000779e00,0x00000000000013ce
1784425853733,0x000000008000583a,0x0000000080018ed0,0x0000000080007a7a,0x000000000000000f,0x00000000800191f0,0x0000000080018f20,0x00000000800194a0,0x000000008000f238,0x0000000000000003,0x0000000000000006,0x0000000000000004,0x0000000000000006,0x000000008000f201,0x3fe760f25b3fa910,0x0000000000000000,0xffffffff96af8000,0x0000000000582c67,0x3fedd0be6c3e1fcc,0x0000000080004a0a,0x0000000000000000,0x414fe5bc40d844d0,0x412a024b910cb296,0x41520750e664c2f8,0x0000000000000000,0x0000000000000000,0x0000000000000000,0x0000000080004a0a,0x000000000103576a,0x0000000000fa3c2c,0x000000000103576a,0x0000000000fa3c2c,0x000000000016e93e,0x000000000000072d,0x00000000000051e1,0x00000000000007c3,0x000000000000617d,0x000000000077fc9a,0x00000000000013d2
1784425854289,0x0000000080006260,0x0000000080019230,0x402a601452129310,0x0000000000000000,0x0000000000000000,0x0000000080019440,0x0000000080019698,0x00000000800194a0,0x000000008000f238,0x00000000800003f0,0x0000000000000005,0x0000000000000000,0xfffffffffcd77e6f,0xfffffffff3f7e8ba,0x0000000000000000,0xfffffffffcc12c6e,0x0000000000508a84,0x3fedd0be6c3db6ea,0x0000000080005bf0,0x0000000000000000,0x406422a13cfdfa2f,0x412a024b910cb296,0x41520750e664c2f8,0x01a56e1fc2f8f359,0x0000000000000000,0x0000000000000000,0x0000000080005bf0,0x00000000010411ca,0x0000000000faf4b6,0x00000000010411ca,0x0000000000faf4b6,0x000000000016faa3,0x0000000000000736,0x00000000000051e1,0x00000000000007c3,0x00000000000061bb,0x00000000007858e8,0x00000000000013d5
1784425855010,0x000000008000583a,0x0000000080018ed0,0x0000000080007a7a,0x000000000000000f,0x00000000800191f0,0x0000000080018f20,0x00000000800194a0,0x000000008000f238,0x0000000000000003,0x0000000000000006,0x0000000000000001,0x0000000000000006,0x000000008000f201,0x3fde526d728cf7fe,0x0000000000000000,0xffffffffe401ba78,0x000000000057a396,0x3fedd0be6c3db6ea,0x0000000080004a0a,0x0000000000000000,0x414fe5bcdf837b4a,0x412a02660d9e83e4,0x41520757c386c227,0x3ff0000000000000,0x0000000000000000,0x0000000000000000,0x0000000080004a0a,0x000000000104cbb5,0x0000000000fbaa87,0x000000000104cbb5,0x0000000000fbaa87,0x0000000000170c0b,0x0000000000000738,0x00000000000051e4,0x00000000000007cf,0x00000000000061e7,0x000000000078b0b4,0x00000000000013d8
1784425855684,0x00000000800056f8,0x0000000080019060,0x0000000080007a7a,0x000000000000000f,0x0000000080019430,0x00000000800190b0,0x0000000080019548,0x000000008000f238,0x0000000000000006,0x0000000000000006,0x0000000000000003,0x0000000000000012,0x000000008000f201,0x3fe012562299d540,0x0000000000000000,0xffffffff841d51f8,0x000000000058ef0e,0x3fedd0be6c3dc559,0x00000000800049b4,0x0000000000000000,0x414fe5bbc676c8b4,0x412a0255883126e9,0x41520757812d7732,0x3ff0000000000000,0x0000000000000000,0x0000000000000000,0x00000000800049b4,0x000000000105b53a,0x0000000000fc8f58,0x000000000105b53a,0x0000000000fc8f58,0x00000000001723e0,0x0000000000000743,0x00000000000051e6,0x00000000000007da,0x000000000000624e,0x00000000007923f3,0x00000000000013db
1784425856337,0x00000000800058f2,0x0000000080018ed0,0x0000000080007a7a,0x0000000000000000,0x00000000800191f0,0x0000000080018f20,0x00000000800193a0,0x00000000800194a0,0x0000000000000006,0x0000000000000003,0x0000000000000004,0x0000000000000003,0xffffffffc6ddedde,0x0000000043f1cbb6,0x0000000000000000,0xffffffffc69ced4e,0x000000000055dc95,0x3fedd0be6c3dc559,0x000000008000498e,0x0000000000000000,0x4025772550fc72ee,0x412a0255883126e9,0x41520757812d7732,0x0000000000000000,0x0000000000000000,0x0000000000000000,0x000000008000498e,0x000000000106a08f,0x0000000000fd7b51,0x000000000106a08f,0x0000000000fd7b51,0x0000000000173716,0x000000000000074c,0x00000000000051e6,0x00000000000007da,0x0000000000006272,0x000000000079959a,0x00000000000013de
1784425856958,0x0000000080005744,0x0000000080019060,0x0000000080007a7a,0x000000000000000f,0x00000000800191f0,0x00000000800190b0,0x0000000080019310,0x00000000800191f0,0x0000000000000006,0x0000000000000006,0x0000000000000000,0x0000000000000006,0x000000008000f201,0x3fe06740a5a645ca,0x0000000000000000,0xffffffffdf9a5d38,0x0000000000581511,0x3fedd0be6c3e2798,0x00000000800049d6,0x0000000000000000,0x414fe5bdc32ca57a,0x412a026bc4a8c155,0x4152075d9322d0e5,0x0000000000000000,0x0000000000000000,0x0000000000000000,0x00000000800049d6,0x00000000010756d0,0x0000000000fe2b93,0x00000000010756d0,0x0000000000fe2b93,0x0000000000174a52,0x000000000000074e,0x00000000000051e8,0x00000000000007e5,0x00000000000062c3,0x000000000079ed79,0x00000000000013e1
1784425857538,0x00000000800058f2,0x0000000080018ed0,0x0000000080007a7a,0x0000000000000000,0x00000000800191f0,0x0000000080018f20,0x00000000800193a0,0x00000000800194a0,0x0000000000000006,0x0000000000000003,0x0000000000000002,0x0000000000000006,0xffffffffdeff6ba6,0x0000000043f18d30,0x0000000000000000,0xffffffffdee10b80,0x000000000055dc95,0x3fedd0be6c3e2798,0x000000008000496c,0x0000000000000000,0x4025772550fc634c,0x412a026bc4a8c155,0x4152075d9322d0e5,0x0000000000000000,0x0000000000000000,0x0000000000000000,0x000000008000496c,0x0000000001080bff,0x0000000000fee0a6,0x0000000001080bff,0x0000000000fee0a6,0x000000000017593b,0x0000000000000757,0x00000000000051e8,0x00000000000007e5,0x00000000000062e9,0x00000000007a4545,0x00000000000013e4
1784425858121,0x0000000080005744,0x0000000080019060,0x0000000080007a7a,0x000000000000000f,0x00000000800191f0,0x00000000800190b0,0x0000000080019310,0x00000000800191f0,0x0000000000000006,0x0000000000000006,0x00000000800190d0,0x0000000080019178,0x000000008000f201,0x3fe7c71ed25f43da,0x0000000000000000,0xffffffffef2b5d9e,0x000000000059891d,0x3fedd0be6c3ec0b8,0x0000000080004982,0x0000000000000000,0x414fe5c197d21ff3,0x412a026303afb7e9,0x4152075639b22d0e,0x3fdcf46da09c99c3,0x0000000000000000,0x0000000000000000,0x0000000080004982,0x000000000108e9a5,0x0000000000ffb822,0x000000000108e9a5,0x0000000000ffb822,0x0000000000176fa8,0x0000000000000759,0x00000000000051eb,0x00000000000007f4,0x0000000000006335,0x00000000007aafb4,0x00000000000013e7
1784425858695,0x00000000800057ae,0x0000000080018d90,0x0000000080007a7a,0x0000000000000000,0x00000000800191f0,0x0000000080018de0,0x0000000080018f50,0x000000008000f238,0x0000000000000006,0x0000000000000006,0x0000000080018df0,0x0000000080018e60,0x0000000001feef6f,0x0000000043f161ea,0x0000000000000000,0x0000000001fc6b0e,0x000000000055dc95,0x3fedd0be6c3ec0b8,0x0000000080004984,0x0000000000000000,0x4025772550fc587b,0x412a026303afb7e9,0x4152075639b22d0e,0x8000000000000000,0x4012207dfca3cb82,0x4012207dfca3cb82,0x0000000080004984,0x000000000109b0bf,0x0000000001007f78,0x000000000109b0bf,0x0000000001007f78,0x0000000000177fed,0x0000000000000762,0x00000000000051eb,0x00000000000007f4,0x000000000000635f,0x00000000007b1011,0x00000000000013ea
1784425859275,0x000000008000575e,0x0000000080019070,0x0000000080007a7a,0x000000000000000f,0x00000000800191f0,0x00000000800190b0,0x00000000800190d0,0x00000000800002d0,0x000000008000f238,0x0000000000000006,0x0000000000000001,0x0000000000000006,0x000000008000f201,0x3fe53178a5e6f3a0,0x0000000000000000,0xfffffffffe6470be,0x000000000059ddfe,0x3fedd0be6c3f79a7,0x0000000080004c04,0x0000000000000000,0x414fe5b821b3d07d,0x412a02594b439581,0x41520759c3367a10,0x3fc17a1e17d18b7f,0x0000000000000000,0x0000000000000000,0x0000000080004c04,0x00000000010a77c2,0x0000000001014039,0x00000000010a77c2,0x0000000001014039,0x000000000017949f,0x0000000000000764,0x00000000000051ee,0x0000000000000803,0x00000000000063a9,0x00000000007b6fdf,0x00000000000013ed
1784425859864,0x00000000800057ae,0x0000000080018d90,0x0000000080007a7a,0x0000000000000000,0x00000000800191f0,0x0000000080018de0,0x0000000080018f50,0x000000008000f238,0x0000000000000006,0x0000000000000006,0x0000000080018f50,0x0000000000000070,0x000000000eb7bfa4,0x0000000043f145e0,0x0000000000000000,0x000000000e96be00,0x000000000055dc95,0x3fedd0be6c3f79a7,0x00000000800049a2,0x0000000000000000,0x4025772550fc5178,0x412a02594b439581,0x41520759c3367a10,0x8000000000000000,0x0000000000000000,0x0000000000000000,0x00000000800049a2,0x00000000010b27a2,0x000000000101f0a5,0x00000000010b27a2,0x000000000101f0a5,0x000000000017a304,0x000000000000076d,0x00000000000051ee,0x0000000000000803,0x00000000000063d0,0x00000000007bc56a,0x00000000000013f0
1784425860457,0x0000000080005744,0x0000000080019060,0x0000000080007a7a,0x000000000000000f,0x00000000800191f0,0x00000000800190b0,0x0000000080019310,0x00000000800191f0,0x0000000000000006,0x0000000000000006,0x0000000000000005,0x0000000000000018,0x000000008000f201,0x3fe6f8761cadae33,0x0000000000000000,0x00000000402b7800,0x000000000057d843,0x3fedd0be6c404079,0x0000000080004998,0x0000000000000000,0x414fe5bce29930be,0x412a02502b0f27bb,0x4152075ac25119ce,0x402c3d2038d148bf,0x0000000000000000,0x0000000000000000,0x0000000080004998,0x00000000010bdb17,0x0000000001029dfe,0x00000000010bdb17,0x0000000001029dfe,0x000000000017b61a,0x000000000000076f,0x00000000000051f0,0x000000000000080e,0x000000000000641f,0x00000000007c1c17,0x00000000000013f3
1784425861034,0x00000000800057ae,0x0000000080018d90,0x0000000080007a7a,0x0000000000000000,0x00000000800191f0,0x0000000080018de0,0x0000000080018f50,0x000000008000f238,0x0000000000000006,0x0000000000000006,0x0000000000000003,0x0000000000000006,0x000000004e78bf3b,0x0000000043f13594,0x0000000000000000,0x000000004e10b138,0x000000000055dc95,0x3fedd0be6c404079,0x000000008000496c,0x0000000000000000,0x4025772550fc4d65,0x412a02502b0f27bb,0x4152075ac25119ce,0x8000000000000000,0x0000000000000000,0x0000000000000000,0x000000008000496c,0x00000000010ca403,0x00000000010366cd,0x00000000010ca403,0x00000000010366cd,0x000000000017c681,0x0000000000000778,0x00000000000051f0,0x000000000000080e,0x0000000000006459,0x00000000007c7d1d,0x00000000000013f6
1784425861612,0x0000000080005744,0x0000000080019060,0x0000000080007a7a,0x000000000000000f,0x00000000800191f0,0x00000000800190b0,0x0000000080019310,0x00000000800191f0,0x0000000000000006,0x0000000000000006,0x00000000800191f0,0x00000000000000a0,0x000000008000f201,0x3fe97ce666e593d4,0x0000000000000000,0xffffffff9b0d2fce,0x0000000000585ab3,0x3fedd0be6c4107ab,0x00000000800049c4,0x0000000000000000,0x414fe5bddb2fec57,0x412a0253c2de00d2,0x4152075a58d1b717,0x0000000000000000,0x0000000000000000,0x0000000000000000,0x00000000800049c4,0x00000000010d5d5d,0x0000000001041a56,0x00000000010d5d5d,0x0000000001041a56,0x000000000017da12,0x000000000000077a,0x00000000000051f2,0x0000000000000819,0x00000000000064ad,0x00000000007cd6ce,0x00000000000013f9
1784425862208,0x00000000800057ae,0x0000000080018d90,0x0000000080007a7a,0x0000000000000000,0x00000000800191f0,0x0000000080018de0,0x0000000080018f50,0x000000008000f238,0x0000000000000006,0x0000000000000006,0x0000000080018df0,0x0000000000000000,0xffffffffcf47fffb,0x0000000043f12e18,0x0000000000000000,0xffffffffcf41aee0,0x000000000055dc95,0x3fedd0be6c4107ab,0x0000000080004a00,0x0000000000000000,0x4025772550fc4b86,0x412a0253c2de00d2,0x4152075a58d1b717,0x8000000000000000,0x0000000000000000,0x0000000000000000,0x0000000080004a00,0x00000000010e0ca2,0x000000000104c9a9,0x00000000010e0ca2,0x000000000104c9a9,0x000000000017e85f,0x0000000000000783,0x00000000000051f2,0x0000000000000819,0x00000000000064ee,0x00000000007d2bda,0x00000000000013fc
1784425862790,0x0000000080005744,0x0000000080019060,0x0000000080007a7a,0x000000000000000f,0x00000000800191f0,0x00000000800190b0,0x0000000080019310,0x00000000800191f0,0x0000000000000006,0x0000000000000006,0x00000000800190d0,0x0000000000000002,0x000000008000f201,0x3feaf1bd569e3af4,0x0000000000000000,0xffffffffb67d7638,0x000000000058c28e,0x3fedd0be6c41c575,0x00000000800049fc,0x0000000000000000,0x414fe5bb869e1b09,0x412a024d00418937,0x4152075cd3df3b64,0x0000000000000000,0x0000000000000000,0x0000000000000000,0x00000000800049fc,0x00000000010eca2e,0x0000000001058153,0x00000000010eca2e,0x0000000001058153,0x000000000017fc4f,0x0000000000000785,0x00000000000051f5,0x0000000000000828,0x0000000000006533,0x00000000007d8756,0x00000000000013ff
1784425863403,0x00000000800057ae,0x0000000080018d90,0x0000000080007a7a,0x0000000000000000,0x00000000800191f0,0x0000000080018de0,0x0000000080018f50,0x000000008000f238,0x0000000000000006,0x0000000000000006,0x0000000080018f50,0x0000000080018f80,0x000000002ed833fb,0x0000000043f12cfc,0x0000000000000000,0x000000002ed033f8,0x000000000055dc95,0x3fedd0be6c41c575,0x00000000800049a4,0x0000000000000000,0x4025772550fc4b3f,0x412a024d00418937,0x4152075cd3df3b64,0x8000000000000000,0x0000000000000000,0x0000000000000000,0x00000000800049a4,0x00000000010f7fe7,0x0000000001063740,0x00000000010f7fe7,0x0000000001063740,0x0000000000180b20,0x000000000000078e,0x00000000000051f5,0x0000000000000828,0x0000000000006568,0x00000000007ddf85,0x0000000000001402
1784425864009,0x0000000080005744,0x0000000080019060,0x0000000080007a7a,0x000000000000000f,0x00000000800191f0,0x00000000800190b0,0x0000000080019310,0x00000000800191f0,0x0000000000000006,0x0000000000000006,0x0000000080019310,0x00000000800193f0,0x000000008000f201,0x3feeea8429e12c3c,0x0000000000000000,0xffffffffafa50ae0,0x0000000000582486,0x3fedd0be6c42732b,0x00000000800049a6,0x0000000000000000,0x414fe5bb0beab368,0x412a0264e9446738,0x4152075b14346dc6,0x402c3d2038d1073a,0x0000000000000000,0x0000000000000000,0x00000000800049a6,0x0000000001104423,0x000000000106f561,0x0000000001104423,0x000000000106f561,0x0000000000181f9b,0x0000000000000790,0x00000000000051f8,0x0000000000000835,0x00000000000065b6,0x00000000007e3e08,0x0000000000001405
1784425864632,0x0000000080006260,0x0000000080019230,0x402a6014520ced46,0x0000000000000000,0x0000000000000000,0x0000000080019440,0x0000000080019698,0x00000000800194a0,0x000000008000f238,0x00000000800003f0,0x0000000000000000,0x0000000000000006,0xffffffff80e9fddf,0x0000000003d5a800,0x0000000000000000,0xffffffff80e00000,0x00000000007952a1,0x3fedd0be6c430ca6,0x0000000080005bcc,0x0000000000000000,0x404e54a840f56a00,0x412a0264e9446738,0x4152075b14346dc6,0x01a56e1fc2f8f359,0x4012207dfca3cb72,0x0000000000000000,0x0000000080005bcc,0x0000000001112fed,0x000000000107df6b,0x0000000001112fed,0x000000000107df6b,0x00000000001833e6,0x0000000000000799,0x00000000000051f8,0x0000000000000835,0x0000000000006605,0x00000000007eb096,0x0000000000001408
1784425865294,0x000000008000583a,0x0000000080018ed0,0x0000000080007a7a,0x000000000000000f,0x00000000800191f0,0x0000000080018f20,0x00000000800194a0,0x000000008000f238,0x0000000000000003,0x0000000000000006,0x0000000000000003,0x000000000000000c,0x000000008000f201,0x3feffd9114e94c0d,0x0000000000000000,0xffffffffa9e41f7e,0x0000000000592f11,0x3fedd0be6c430ca6,0x00000000800049e0,0x0000000000000000,0x414fe5bb7a7ef9db,0x412a025bb212d773,0x41520758538ef34d,0x0000000000000000,0x0000000000000000,0x0000000000000000,0x00000000800049e0,0x00000000011202f3,0x000000000108ad7b,0x00000000011202f3,0x000000000108ad7b,0x0000000000184867,0x000000000000079b,0x00000000000051fa,0x000000000000083f,0x0000000000006635,0x00000000007f14cf,0x000000000000140b
1784425866002,0x00000000800056f8,0x0000000080019060,0x0000000080007a7a,0x000000000000000f,0x0000000080019430,0x00000000800190b0,0x0000000080019548,0x000000008000f238,0x0000000000000006,0x0000000000000006,0x0000000000000000,0x0000000000000006,0x000000008000f201,0x3fed57aabf7b094e,0x0000000000000000,0xffffffff9da9c0e0,0x000000000058ecb5,0x3fedd0be6c438fbd,0x0000000080004940,0x0000000000000000,0x414fe5ba77d21ff3,0x412a024c6d42c3ca,0x41520759c1566cf4,0x0000000000000000,0x3fe185d1eca6d036,0x3fe185d1eca6d036,0x0000000080004940,0x000000000112cb5e,0x0000000001097178,0x000000000112cb5e,0x0000000001097178,0x0000000000185d85,0x00000000000007a6,0x00000000000051fc,0x0000000000000849,0x00000000000066ab,0x00000000007f78ae,0x000000000000140e
1784425866603,0x0000000080005850,0x0000000080018ed0,0x0000000080007a7a,0x000000000000000f,0x00000000800191f0,0x0000000080018f20,0x00000000800191f0,0x0000000080019310,0x0000000000000003,0x0000000000000006,0x0000000000000000,0x0000000000000003,0x000000008000f201,0x3fed57aabf7b094e,0x0000000000000000,0xffffffff9da9c0e0,0x000000000058ecb5,0x3fedd0be6c438fbd,0x0000000080004978,0x0000000000000000,0x414fe5ba77d21ff3,0x412a024c6d42c3ca,0x41520759c1566cf4,0x3fe1aec7af362c5f,0x0000000000000000,0x0000000000000000,0x0000000080004978,0x00000000011382a4,0x00000000010a2791,0x00000000011382a4,0x00000000010a2791,0x0000000000186c37,0x00000000000007a6,0x00000000000051fc,0x0000000000000849,0x00000000000066b5,0x00000000007fce78,0x0000000000001412
1784425867191,0x0000000080006260,0x0000000080019230,0x402a6014520d24a8,0x0000000000000000,0x0000000000000000,0x0000000080019440,0x0000000080019698,0x00000000800194a0,0x000000008000f238,0x00000000800003f0,0x0000000000000003,0x0000000000000002,0x000000001b6fffee,0x000000004888759a,0x0000000000000000,0x000000001b2cefae,0x00000000006a11f9,0x3fedd0be6c43fbd4,0x0000000080005dc6,0x0000000000000000,0x404a847e52221d67,0x412a024c6d42c3ca,0x41520759c1566cf4,0x01a56e1fc2f8f359,0x4059000000000000,0x0000000000000000,0x0000000080005dc6,0x0000000001143298,0x00000000010ad3bf,0x0000000001143298,0x00000000010ad3bf,0x0000000000187e20,0x00000000000007af,0x00000000000051fc,0x0000000000000849,0x0000000000006708,0x000000000080263b,0x0000000000001415
1784425867762,0x000000008000583a,0x0000000080018ed0,0x0000000080007a7a,0x000000000000000f,0x00000000800191f0,0x0000000080018f20,0x00000000800194a0,0x000000008000f238,0x0000000000000003,0x0000000000000006,0x0000000000000004,0x0000000000000006,0x000000008000f201,0x3fec796976d1d714,0x0000000000000000,0x000000004f65a5ce,0x0000000000582537,0x3fedd0be6c43fbd4,0x0000000080004a0a,0x0000000000000000,0x414fe5bc56dc5d64,0x412a0264f07c84b6,0x4152075b43b4a234,0x0000000000000000,0x0000000000000000,0x0000000000000000,0x0000000080004a0a,0x000000000114e0bf,0x00000000010b7f5a,0x000000000114e0bf,0x00000000010b7f5a,0x0000000000188d32,0x00000000000007b1,0x00000000000051ff,0x0000000000000857,0x000000000000672f,0x00000000008077d8,0x0000000000001418
1784425868342,0x0000000080006260,0x0000000080019230,0x402a6014520d45f0,0x0000000000000000,0x0000000000000000,0x0000000080019440,0x0000000080019698,0x00000000800194a0,0x000000008000f238,0x00000000800003f0,0x000000008000f238,0x000000008000f288,0xffffffffb1d7dbe5,0xfffffffffbef6bc8,0x0000000000000000,0xffffffffb19799e0,0x000000000040fd3b,0x3fedd0be6c445178,0x0000000080005c06,0x0000000000000000,0x40403f4efefbdaf2,0x412a0264f07c84b6,0x4152075b43b4a234,0x01a56e1fc2f8f359,0x0000000000000000,0x0000000000000000,0x0000000080005c06,0x000000000115954f,0x00000000010c3243,0x000000000115954f,0x00000000010c3243,0x0000000000189d2d,0x00000000000007ba,0x00000000000051ff,0x0000000000000857,0x0000000000006780,0x000000000080d0ab,0x000000000000141b
1784425868923,0x0000000080005850,0x0000000080018ed0,0x0000000080007a7a,0x000000000000000f,0x00000000800191f0,0x0000000080018f20,0x00000000800191f0,0x0000000080019310,0x0000000000000003,0x0000000000000006,0x0000000000000002,0x0000000000000005,0x000000008000f201,0x3fed4156932162e7,0x0000000000000000,0xffffffffc2f107f8,0x000000000059a44f,0x3fedd0be6c445178,0x00000000800049e4,0x0000000000000000,0x414fe5b77eecbfb1,0x412a0246e1bda512,0x4152075575724745,0x401623e8e4790c0e,0x0000000000000000,0x0000000000000000,0x00000000800049e4,0x0000000001167351,0x00000000010d0b2f,0x0000000001167351,0x00000000010d0b2f,0x000000000018b268,0x00000000000007bc,0x0000000000005202,0x0000000000000865,0x00000000000067ab,0x00000000008139d3,0x000000000000141e
1784425869520,0x0000000080009fc2,0x0000000080019420,0x402a6014520d66de,0x0000000000000000,0x0000000000000000,0x0000000080019700,0x000000007ff00000,0x00000000411df2f0,0x0000000000000012,0x0000000000000000,0x00000000003be5e0,0xffffffffe8aaf4de,0x00000000345b0efa,0xffffffffecd4ca18,0x0000000000000000,0x00000000345b0ee0,0x00000000006217b3,0x3fedd0be6c449209,0x000000008000a09e,0x411df2f0e8aaf4de,0x411df2f0e8aaf4de,0x412a0246e1bda512,0x4152075575724745,0xc03291e4f7680000,0x411ded8d8b4b1628,0x411df2f0e8aaf4de,0x000000008000a09e,0x000000000117244b,0x00000000010db7df,0x000000000117244b,0x00000000010db7df,0x000000000018c5f0,0x00000000000007c7,0x0000000000005202,0x0000000000000865,0x00000000000067f3,0x0000000000819193,0x0000000000001421
1784425870146,0x000000008000583a,0x0000000080018ed0,0x0000000080007a7a,0x000000000000000f,0x00000000800191f0,0x0000000080018f20,0x00000000800194a0,0x000000008000f238,0x0000000000000003,0x0000000000000006,0x0000000000000000,0x0000000000000000,0x000000008000f201,0x3fe6bc94dabc4220,0x0000000000000000,0xfffffffffa7731f8,0x0000000000578fa2,0x3fedd0be6c449209,0x00000000800049da,0x0000000000000000,0x414fe5bbb8a0902e,0x412a0258074538ef,0x4152075b1c2c3c9f,0x0000000000000000,0x0000000000000000,0x0000000000000000,0x00000000800049da,0x000000000117cb08,0x00000000010e5d69,0x000000000117cb08,0x00000000010e5d69,0x000000000018d2f1,0x00000000000007c7,0x0000000000005204,0x000000000000086f,0x000000000000681a,0x000000000081e09d,0x0000000000001424
1784425870712,0x0000000080009fc2,0x0000000080019420,0x402a6014520d8579,0x0000000000500000,0x0000000000000000,0x0000000080019700,0x0000000000400000,0x0000000000100000,0x00000000003c14fc,0x0000000000000009,0x0000000000200000,0xfffffffffcc030c0,0x0000000000000001,0x0000000000000015,0x0000000000000000,0xffffffffe015ce00,0x00000000005cfd15,0x3fedd0be6c44bf72,0x000000008000a0cc,0x411f053f3f300c30,0x411f053f3f300c30,0x412a0258074538ef,0x4152075b1c2c3c9f,0x400aefd220000000,0x411f0511e5ba83ec,0x411f053f3f300c30,0x000000008000a0cc,0x0000000001189aef,0x00000000010f285e,0x0000000001189aef,0x00000000010f285e,0x000000000018e8f6,0x00000000000007d2,0x0000000000005204,0x000000000000086f,0x0000000000006866,0x00000000008246b6,0x0000000000001427
1784425871290,0x000000008000583a,0x0000000080018ed0,0x0000000080007a7a,0x000000000000000f,0x00000000800191f0,0x0000000080018f20,0x00000000800194a0,0x000000008000f238,0x0000000000000003,0x0000000000000006,0x0000000000000001,0x0000000000000002,0x000000008000f201,0x3fe79b0d43a48fb5,0x0000000000000000,0xffffffffe68abf0e,0x0000000000591d19,0x3fedd0be6c44bf72,0x0000000080004966,0x0000000000000000,0x414fe5ba6acd9e84,0x412a025420b78034,0x4152075b8519ce07,0x0000000000000000,0x0000000000000000,0x0000000000000000,0x0000000080004966,0x00000000011954b9,0x00000000010fe0dc,0x00000000011954b9,0x00000000010fe0dc,0x000000000018f78c,0x00000000000007d2,0x0000000000005206,0x0000000000000879,0x000000000000688a,0x0000000000829e99,0x000000000000142a
1784425871880,0x0000000080006260,0x0000000080019230,0x402a6014520da079,0x0000000000000000,0x0000000000000000,0x0000000080019440,0x0000000080019698,0x00000000800194a0,0x000000008000f238,0x00000000800003f0,0x00000000800194a0,0x00000000800194a8,0xffffffffad6c7bff,0xffffffffb4f0567c,0x0000000000000000,0xffffffffad2439f8,0x0000000000541e3a,0x3fedd0be6c44dbf3,0x0000000080005ce4,0x0000000000000000,0x4035078ead3c159f,0x412a025420b78034,0x4152075b8519ce07,0x01a56e1fc2f8f359,0x0000000000000000,0x0000000000000000,0x0000000080005ce4,0x00000000011a0955,0x0000000001109297,0x00000000011a0955,0x0000000001109297,0x000000000019096e,0x00000000000007db,0x0000000000005206,0x0000000000000879,0x00000000000068d3,0x000000000082f89e,0x000000000000142d
1784425872458,0x000000008000519e,0x0000000080018e90,0x0000000080007a7a,0x0000000000000000,0x00000000800191f0,0x0000000080018ee0,0x0000000000000000,0x0000000050fc588b,0x000000003fe00000,0x4025772550fc588b,0x0000000080019118,0x0000000080019158,0x000000007dc3edfd,0x0000000043f1622c,0x0000000000000000,0x000000007dc12438,0x000000000055dc95,0x3fedd0be6c44dbf3,0x000000008000523c,0x0000000000000000,0x4025772550fc588b,0x412a0250bf8a0903,0x41520758122b6ae8,0x0000000000000000,0x0000000000000000,0x0000000000000000,0x000000008000523c,0x00000000011aee3f,0x00000000011175c7,0x00000000011aee3f,0x00000000011175c7,0x0000000000191d66,0x00000000000007e6,0x0000000000005209,0x0000000000000888,0x0000000000006916,0x0000000000836785,0x0000000000001430
1784425873044,0x00000000800056f8,0x0000000080019060,0x0000000080007a7a,0x000000000000000f,0x0000000080019430,0x00000000800190b0,0x0000000080019548,0x000000008000f238,0x0000000000000006,0x0000000000000006,0x0000000000000001,0x0000000000000006,0x000000008000f201,0x3fe52cb1204bd383,0x0000000000000000,0xffffffff905ed09e,0x000000000058ca03,0x3fedd0be6c44e9f4,0x00000000800049b0,0x0000000000000000,0x414fe5bb2c7e2824,0x412a025bd3b645a2,0x41520756913f7cee,0x0000000000000000,0x0000000000000000,0x0000000000000000,0x00000000800049b0,0x00000000011ba6e1,0x0000000001122802,0x00000000011ba6e1,0x0000000001122802,0x000000000019313c,0x00000000000007e8,0x000000000000520c,0x0000000000000894,0x0000000000006964,0x000000000083c02b,0x0000000000001433
1784425873629,0x000000008000519e,0x0000000080018e40,0x0000000080007a7a,0x000000000000000f,0x00000000800191f0,0x0000000080018e90,0x0000000080019160,0x0000000080019118,0x0000000080018ef8,0x0000000080019118,0x0000000080019168,0x0000000000000008,0x000000008000f201,0x3fe52cb1204bd383,0x0000000000000000,0xffffffff905ed09e,0x000000000058ca03,0x3fedd0be6c44e9f4,0x0000000080004fc8,0x0000000000000000,0x414fe5bb2c7e2824,0x412a025bd3b645a2,0x41520756913f7cee,0x3ff12c1dda6459ee,0x402e61c98010e9be,0x403e88fa391e4302,0x0000000080004fc8,0x00000000011c54a0,0x000000000112d486,0x00000000011c54a0,0x000000000112d486,0x0000000000193f19,0x00000000000007e8,0x000000000000520c,0x0000000000000894,0x000000000000696e,0x0000000000841170,0x0000000000001436
1784425874223,0x00000000800056f8,0x0000000080019060,0x0000000080007a7a,0x000000000000000f,0x0000000080019430,0x00000000800190b0,0x0000000080019548,0x000000008000f238,0x0000000000000006,0x0000000000000006,0x000000008000f238,0x000000008000f2e0,0x000000008000f201,0x3fe02f6b0e832890,0x0000000000000000,0xffffffffd9d82b4e,0x0000000000597111,0x3fedd0be6c44ebde,0x00000000800049c6,0x0000000000000000,0x414fe5b7cdd2f1aa,0x412a024238d4fdf4,0x4152075c3abd3c36,0x0000000000000000,0x0000000000000000,0x0000000000000000,0x00000000800049c6,0x00000000011d1400,0x0000000001138fb6,0x00000000011d1400,0x0000000001138fb6,0x0000000000195395,0x00000000000007f3,0x000000000000520e,0x000000000000089e,0x00000000000069cd,0x0000000000847106,0x0000000000001439
1784425874918,0x00000000800058f2,0x0000000080018ed0,0x0000000080007a7a,0x0000000000000000,0x00000000800191f0,0x0000000080018f20,0x00000000800193a0,0x00000000800194a0,0x0000000000000006,0x0000000000000003,0x0000000000000004,0x0000000000000006,0xffffffffeefe6f3e,0x0000000043f169ec,0x0000000000000000,0xffffffffeeea4738,0x000000000055dc95,0x3fedd0be6c44ebde,0x000000008000496c,0x0000000000000000,0x4025772550fc5a7b,0x412a024238d4fdf4,0x4152075c3abd3c36,0x0000000000000000,0x0000000000000000,0x0000000000000000,0x000000008000496c,0x00000000011e030f,0x0000000001147f54,0x00000000011e030f,0x0000000001147f54,0x000000000019671a,0x00000000000007fc,0x000000000000520e,0x000000000000089e,0x00000000000069f0,0x000000000084e454,0x000000000000143c
1784425875555,0x0000000080005744,0x0000000080019060,0x0000000080007a7a,0x000000000000000f,0x00000000800191f0,0x00000000800190b0,0x0000000080019310,0x00000000800191f0,0x0000000000000006,0x0000000000000006,0x0000000000000003,0x000000000000001b,0x000000008000f201,0x3fe274ab0a45a5c3,0x0000000000000000,0xffffffffa394985e,0x000000000057c542,0x3fedd0be6c44e406,0x00000000800049bc,0x0000000000000000,0x414fe5b74c1f212d,0x412a025c1f7ced91,0x4152075df0f5c28f,0x0000000000000000,0x0000000000000000,0x0000000000000000,0x00000000800049bc,0x00000000011ec62c,0x0000000001153c97,0x00000000011ec62c,0x0000000001153c97,0x0000000000197b65,0x00000000000007fe,0x0000000000005210,0x00000000000008a8,0x0000000000006a3a,0x0000000000854276,0x000000000000143f
1784425876139,0x00000000800058f2,0x0000000080018ed0,0x0000000080007a7a,0x0000000000000000,0x00000000800191f0,0x0000000080018f20,0x00000000800193a0,0x00000000800194a0,0x0000000000000006,0x0000000000000003,0x0000000000000004,0x0000000000000003,0x000000002f54fdf8,0x0000000043f16c24,0x0000000000000000,0x000000002f44cd78,0x000000000055dc95,0x3fedd0be6c44e406,0x000000008000498e,0x0000000000000000,0x4025772550fc5b09,0x412a025c1f7ced91,0x4152075df0f5c28f,0x3fc0e154af6509e5,0x0000000000000000,0x0000000000000000,0x000000008000498e,0x00000000011f7c51,0x000000000115f258,0x00000000011f7c51,0x000000000115f258,0x0000000000198a58,0x0000000000000807,0x0000000000005210,0x00000000000008a8,0x0000000000006a67,0x0000000000859a85,0x0000000000001443
1784425876756,0x0000000080005744,0x0000000080019060,0x0000000080007a7a,0x000000000000000f,0x00000000800191f0,0x00000000800190b0,0x0000000080019310,0x00000000800191f0,0x0000000000000006,0x0000000000000006,0x00000000800190d0,0x00000000800190d0,0x000000008000f201,0x3fe64bdf72a10032,0x0000000000000000,0x000000006ac62e00,0x000000000058ea29,0x3fedd0be6c44d495,0x0000000080004982,0x0000000000000000,0x414fe5b67a161e4f,0x412a02485a1cac08,0x41520759c39096bc,0x0000000000000000,0x4016207f14426f07,0x4016207f14426f07,0x0000000080004982,0x0000000001202e73,0x0000000001169f0a,0x0000000001202e73,0x0000000001169f0a,0x0000000000199d42,0x0000000000000809,0x0000000000005213,0x00000000000008b6,0x0000000000006aad,0x000000000085f0d2,0x0000000000001446
1784425877330,0x00000000800058f2,0x0000000080018ed0,0x0000000080007a7a,0x0000000000000000,0x00000000800191f0,0x0000000080018f20,0x00000000800193a0,0x00000000800194a0,0x0000000000000006,0x0000000000000003,0x00000000800194a0,0x0000000000000038,0xffffffffe8fbff2f,0x0000000043f16d5a,0x0000000000000000,0xffffffffe8eb1e2e,0x000000000055dc95,0x3fedd0be6c44d495,0x00000000800049c4,0x0000000000000000,0x4025772550fc5b57,0x412a02485a1cac08,0x41520759c39096bc,0x0000000000000000,0x0000000000000000,0x0000000000000000,0x00000000800049c4,0x000000000120e1b5,0x00000000011751e1,0x000000000120e1b5,0x00000000011751e1,0x000000000019abfa,0x0000000000000812,0x0000000000005213,0x00000000000008b6,0x0000000000006ad5,0x0000000000864799,0x0000000000001449
1784425877904,0x00000000800056f8,0x0000000080019060,0x0000000080007a7a,0x000000000000000f,0x0000000080019430,0x00000000800190b0,0x0000000080019548,0x000000008000f238,0x0000000000000006,0x0000000000000006,0x000000008000f238,0x000000008000f260,0x000000008000f201,0x3fe470db15df53bd,0x0000000000000000,0x000000003ed68c4e,0x000000000057f64c,0x3fedd0be6c44bf84,0x00000000800049c6,0x0000000000000000,0x414fe5b8c61e4f76,0x412a024364dd2f1b,0x4152075c8c96bb99,0x0000000000000000,0x0000000000000000,0x0000000000000000,0x00000000800049c6,0x0000000001219467,0x000000000117fe7f,0x0000000001219467,0x000000000117fe7f,0x000000000019bf0c,0x0000000000000814,0x0000000000005216,0x00000000000008c4,0x0000000000006b25,0x0000000000869def,0x000000000000144c
1784425878528,0x000000008000589c,0x0000000080018ed0,0x0000000080007a7a,0x0000000000000000,0x00000000800191f0,0x0000000080018f20,0x0000000080019280,0x0000000080019118,0x0000000000000006,0x0000000000000003,0x0000000000000002,0x000000000000000e,0xffffffff8dfd7dde,0x0000000043f16db2,0x0000000000000000,0xffffffff8ded781e,0x000000000055dc95,0x3fedd0be6c44bf84,0x0000000080004978,0x0000000000000000,0x4025772550fc5b6d,0x412a024364dd2f1b,0x4152075c8c96bb99,0x0000000000000000,0x0000000000000000,0x0000000000000000,0x0000000080004978,0x0000000001224aa5,0x000000000118b506,0x0000000001224aa5,0x000000000118b506,0x000000000019cd86,0x000000000000081d,0x0000000000005216,0x00000000000008c4,0x0000000000006b53,0x000000000086f6a8,0x000000000000144f
1784425879142,0x00000000800056f8,0x0000000080019060,0x0000000080007a7a,0x000000000000000f,0x0000000080019430,0x00000000800190b0,0x0000000080019548,0x000000008000f238,0x0000000000000006,0x0000000000000006,0x0000000080019310,0x0000000000000002,0x000000008000f201,0x3fe5f61717582e55,0x0000000000000000,0xffffffffed7346f8,0x0000000000583a58,0x3fedd0be6c44a690,0x00000000800049fc,0x0000000000000000,0x414fe5b35c22680a,0x412a02575b3d07c8,0x4152075cd0e8a71e,0x0000000000000000,0x0000000000000000,0x0000000000000000,0x00000000800049fc,0x000000000122ff2c,0x0000000001196343,0x000000000122ff2c,0x0000000001196343,0x000000000019e11a,0x000000000000081f,0x0000000000005218,0x00000000000008ce,0x0000000000006b9e,0x0000000000874d7d,0x0000000000001452
1784425879718,0x0000000080009fc2,0x0000000080018dc0,0x0000000080007a7a,0x0000000000000004,0x00000000800191f0,0x0000000080018e40,0x000000000055dc95,0xffffffffa1f8b6a4,0x00000000004958e8,0x0000000000000003,0x00000000002aee4a,0xffffffffd5fc99bc,0x0000000043f16d44,0x0000000043f16d48,0x0000000000000003,0x0000000043f16d44,0x000000000055dc95,0x3fedd0be6c44a690,0x000000008000a124,0x405ccc39300221b1,0x405ccc39300221b1,0x412a02575b3d07c8,0x4152075cd0e8a71e,0x01a56e1fc2f8f359,0x0000000000000000,0x405ccc39300221b1,0x000000008000a124,0x000000000123aea3,0x00000000011a135c,0x000000000123aea3,0x00000000011a135c,0x000000000019eeab,0x0000000000000822,0x0000000000005218,0x00000000000008ce,0x0000000000006bc5,0x000000000087a34b,0x0000000000001455
1784425880329,0x00000000800056f8,0x0000000080019060,0x0000000080007a7a,0x000000000000000f,0x0000000080019430,0x00000000800190b0,0x0000000080019548,0x000000008000f238,0x0000000000000006,0x0000000000000006,0x0000000080019548,0x0000000000000070,0x000000008000f201,0x3fe7651728da145b,0x0000000000000000,0x0000000025d7a6e0,0x0000000000583c40,0x3fedd0be6c448b37,0x00000000800049a2,0x0000000000000000,0x414fe5b39a4dd2f2,0x412a02445212d773,0x4152075c1ea64c30,0x0000000000000000,0x0000000000000000,0x0000000000000000,0x00000000800049a2,0x0000000001246fd2,0x00000000011acd84,0x0000000001246fd2,0x00000000011acd84,0x00000000001a03a0,0x000000000000082a,0x000000000000521a,0x00000000000008d8,0x0000000000006c11,0x000000000087ff90,0x0000000000001458
1784425880931,0x00000000800057ae,0x0000000080018d90,0x0000000080007a7a,0x0000000000000000,0x00000000800191f0,0x0000000080018de0,0x0000000080018f50,0x000000008000f238,0x0000000000000006,0x0000000000000006,0x0000000000000004,0x0000000000000006,0x00000000293dfe7f,0x0000000043f16c46,0x0000000000000000,0x0000000029346e6e,0x000000000055dc95,0x3fedd0be6c448b37,0x0000000080004a0a,0x0000000000000000,0x4025772550fc5b12,0x412a02445212d773,0x4152075c1ea64c30,0x8000000000000000,0x0000000000000000,0x0000000000000000,0x0000000080004a0a,0x0000000001257dd8,0x00000000011bdba0,0x0000000001257dd8,0x00000000011bdba0,0x00000000001a198d,0x0000000000000833,0x000000000000521a,0x00000000000008d8,0x0000000000006c41,0x000000000088812f,0x000000000000145b
1784425881537,0x0000000080005744,0x0000000080019060,0x0000000080007a7a,0x000000000000000f,0x00000000800191f0,0x00000000800190b0,0x0000000080019310,0x00000000800191f0,0x0000000000000006,0x0000000000000006,0x0000000080019310,0x00000000800193e0,0x000000008000f201,0x3fe7974b82085e98,0x0000000000000000,0xffffffffac59bf80,0x000000000057818b,0x3fedd0be6c446eb7,0x00000000800049a4,0x0000000000000000,0x414fe5b6ec8e8a72,0x412a022ec7e28241,0x4152075c72de00d2,0x0000000000000000,0x0000000000000000,0x0000000000000000,0x00000000800049a4,0x00000000012632b8,0x00000000011c8a8b,0x00000000012632b8,0x00000000011c8a8b,0x00000000001a2ccc,0x0000000000000835,0x000000000000521d,0x00000000000008e6,0x0000000000006c8b,0x000000000088d87f,0x000000000000145e
1784425882106,0x00000000800057ae,0x0000000080018d90,0x0000000080007a7a,0x0000000000000000,0x00000000800191f0,0x0000000080018de0,0x0000000080018f50,0x000000008000f238,0x0000000000000006,0x0000000000000006,0x0000000000000000,0x0000000000000018,0x00000000137db7ff,0x0000000043f16ac6,0x0000000000000000,0x000000001355b76e,0x000000000055dc95,0x3fedd0be6c446eb7,0x0000000080004978,0x0000000000000000,0x4025772550fc5ab2,0x412a022ec7e28241,0x4152075c72de00d2,0x8000000000000000,0x0000000000000000,0x0000000000000000,0x0000000080004978,0x000000000126fd9b,0x00000000011d5567,0x000000000126fd9b,0x00000000011d5567,0x00000000001a3d5f,0x000000000000083e,0x000000000000521d,0x00000000000008e6,0x0000000000006cb7,0x0000000000893a7d,0x0000000000001461
1784425882676,0x000000008000575e,0x0000000080019070,0x0000000080007a7a,0x000000000000000f,0x00000000800191f0,0x00000000800190b0,0x00000000800190d0,0x00000000800002d0,0x000000008000f238,0x0000000000000006,0x00000000800002d0,0x0000000080000328,0x000000008000f201,0x3fe7ef0c43ecf36b,0x0000000000000000,0x000000007fb424ee,0x0000000000573b03,0x3fedd0be6c445218,0x0000000080004c3c,0x0000000000000000,0x414fe5b9b6666666,0x412a02472d6a161e,0x41520758a0db8bac,0x3fc17a1e17d0d892,0x0000000000000000,0x0000000000000000,0x0000000080004c3c,0x000000000127b72f,0x00000000011e08b7,0x000000000127b72f,0x00000000011e08b7,0x00000000001a50e8,0x0000000000000840,0x0000000000005220,0x00000000000008f2,0x0000000000006d02,0x000000000089940c,0x0000000000001464
1784425883236,0x00000000800057ae,0x0000000080018d90,0x0000000080007a7a,0x0000000000000000,0x00000000800191f0,0x0000000080018de0,0x0000000080018f50,0x000000008000f238,0x0000000000000006,0x0000000000000006,0x0000000000000005,0x0000000000000006,0xffffffffe073ff7a,0x0000000043f168ec,0x0000000000000000,0xffffffffe053b338,0x000000000055dc95,0x3fedd0be6c445218,0x0000000080004a0a,0x0000000000000000,0x4025772550fc5a3b,0x412a02472d6a161e,0x41520758a0db8bac,0x8000000000000000,0x0000000000000000,0x0000000000000000,0x0000000080004a0a,0x0000000001287260,0x00000000011ec3df,0x0000000001287260,0x00000000011ec3df,0x00000000001a6032,0x0000000000000849,0x0000000000005220,0x00000000000008f2,0x0000000000006d33,0x000000000089eea4,0x0000000000001467
1784425883812,0x0000000080005820,0x0000000080018ed0,0x0000000080007a7a,0x000000000000000f,0x00000000800191f0,0x0000000080018f20,0x000000008000f238,0x0000000080019310,0x0000000000000006,0x0000000000000006,0x0000000080019280,0x00000000800192c0,0x000000008000f201,0x3fe373c024ff6ff2,0x0000000000000000,0x0000000057823e6e,0x000000000058e389,0x3fedd0be6c443628,0x0000000080004982,0x0000000000000000,0x414fe5b897e90ff9,0x412a024de9930be1,0x4152075cc2c08312,0x0000000000000000,0x0000000000000000,0x0000000000000000,0x0000000080004982,0x000000000129418f,0x00000000011f8d22,0x000000000129418f,0x00000000011f8d22,0x00000000001a7574,0x000000000000084b,0x0000000000005222,0x00000000000008fc,0x0000000000006d78,0x00000000008a5288,0x000000000000146a
1784425884443,0x0000000080006260,0x0000000080019230,0x402a6014520dc9fa,0x0000000000000000,0x0000000000000000,0x0000000080019440,0x0000000080019698,0x00000000800194a0,0x000000008000f238,0x00000000800003f0,0x0000000000000005,0x0000000000000005,0xffffffffcdf6ef0c,0xffffffffc5a67180,0x0000000000000000,0xffffffffcdd6e000,0x0000000000710939,0x3fedd0be6c441b86,0x0000000080005bac,0x0000000000000000,0x402c424e71699c60,0x412a024de9930be1,0x4152075cc2c08312,0x01a56e1fc2f8f359,0x0000000000000000,0x0000000000000000,0x0000000080005bac,0x00000000012a0ea3,0x00000000012057ff,0x00000000012a0ea3,0x00000000012057ff,0x00000000001a878c,0x0000000000000854,0x0000000000005222,0x00000000000008fc,0x0000000000006dcf,0x00000000008ab69b,0x000000000000146d
1784425885114,0x000000008000583a,0x0000000080018ed0,0x0000000080007a7a,0x000000000000000f,0x00000000800191f0,0x0000000080018f20,0x00000000800194a0,0x000000008000f238,0x0000000000000003,0x0000000000000006,0x0000000000000005,0x0000000000000006,0x000000008000f201,0x3fe44f04da79e820,0x0000000000000000,0x000000003695a9e0,0x0000000000590bdb,0x3fedd0be6c441b86,0x00000000800049b0,0x0000000000000000,0x414fe5b6b072b021,0x412a023e91f8a090,0x4152075ab5e00d1b,0x0000000000000000,0x0000000000000000,0x0000000000000000,0x00000000800049b0,0x00000000012ad9e3,0x0000000001211e7d,0x00000000012ad9e3,0x0000000001211e7d,0x00000000001a9b29,0x0000000000000856,0x0000000000005224,0x0000000000000906,0x0000000000006dfa,0x00000000008b1702,0x0000000000001470
1784425885732,0x0000000080006260,0x0000000080019230,0x402a6014520dc0e3,0x0000000000000000,0x0000000000000000,0x0000000080019440,0x0000000080019698,0x00000000800194a0,0x000000008000f238,0x00000000800003f0,0x000000008000f238,0x0000000000000001,0xffffffffa9fb55e3,0x00000000312b8928,0x0000000000000000,0xffffffffa98a14e0,0x000000000048abb9,0x3fedd0be6c44029f,0x0000000080005c1c,0x0000000000000000,0x40222aee4c4ae24a,0x412a023e91f8a090,0x4152075ab5e00d1b,0x01a56e1fc2f8f359,0x0000000000000000,0x0000000000000000,0x0000000080005c1c,0x00000000012b88bf,0x000000000121cb92,0x00000000012b88bf,0x000000000121cb92,0x00000000001aab44,0x000000000000085f,0x0000000000005224,0x0000000000000906,0x0000000000006e3b,0x00000000008b6d66,0x0000000000001473
1784425886322,0x0000000080005850,0x0000000080018ed0,0x0000000080007a7a,0x000000000000000f,0x00000000800191f0,0x0000000080018f20,0x00000000800191f0,0x0000000080019310,0x0000000000000003,0x0000000000000006,0x0000000000000004,0x0000000000000003,0x000000008000f201,0x3fe26af4195f4808,0x0000000000000000,0xffffffff93f90c0e,0x0000000000581dba,0x3fedd0be6c44029f,0x00000000800049b0,0x0000000000000000,0x414fe5b1da19652c,0x412a023f389374bc,0x4152075bc645a1cb,0x0000000000000000,0x0000000000000000,0x0000000000000000,0x00000000800049b0,0x00000000012c5f88,0x0000000001229dc7,0x00000000012c5f88,0x0000000001229dc7,0x00000000001abf62,0x0000000000000861,0x0000000000005227,0x0000000000000914,0x0000000000006e5f,0x00000000008bd2f1,0x0000000000001476
1784425886959,0x0000000080009fc2,0x0000000080019420,0x402a6014520db78a,0x0000000000004000,0x0000000000000000,0x0000000080019700,0x0000000000575c39,0xffffffffb3b10000,0x000000000084a39b,0x0000000000000009,0x00000000002bae1c,0xfffffffffe7c0000,0x0000000067624000,0x0000000067628000,0x000000000000000f,0x0000000067624000,0x0000000000575c39,0x3fedd0be6c43ebc1,0x000000008000a10e,0x411dcfd03d944e47,0x411dcfd03d944e47,0x412a023f389374bc,0x4152075bc645a1cb,0xc00aa1cac0800000,0x411dcfa3e95d523c,0x411dcfd03d944e47,0x000000008000a10e,0x00000000012d1515,0x0000000001234f01,0x00000000012d1515,0x0000000001234f01,0x00000000001ad31f,0x000000000000086c,0x0000000000005227,0x0000000000000915,0x0000000000006ebe,0x00000000008c2d79,0x0000000000001479
1784425887513,0x0000000080005850,0x0000000080018ed0,0x0000000080007a7a,0x000000000000000f,0x00000000800191f0,0x0000000080018f20,0x00000000800191f0,0x0000000080019310,0x0000000000000003,0x0000000000000006,0x0000000000000002,0x0000000000000008,0x000000008000f201,0x3fe1dfa8b9e5db96,0x0000000000000000,0xffffffffb750c58e,0x0000000000575c39,0x3fedd0be6c43ebc1,0x000000008000499c,0x0000000000000000,0x414fe5b1acfdf3b6,0x412a025b0786c227,0x4152075e0bb645a2,0x0000000000000000,0x0000000000000000,0x0000000000000000,0x000000008000499c,0x00000000012dd6a9,0x0000000001240efe,0x00000000012dd6a9,0x0000000001240efe,0x00000000001ae27a,0x000000000000086c,0x000000000000522a,0x0000000000000923,0x0000000000006ecf,0x00000000008c8844,0x000000000000147c
1784425888109,0x00000000800066ae,0x0000000080019700,0x402a6014520dae36,0x0000000000000000,0x0000000000000000,0x00000000800199a0,0x0000000000000001,0x0000000023486cd3,0x000000008000f3a8,0x0000000080000438,0x00000000000000c6,0x00000000800016c8,0x0000000062adb7fe,0xffffffff8d21b34a,0x0000000000000000,0x0000000062adb74e,0x000000000058a52e,0x3fedd0be6c43d719,0x000000008000668a,0x0000000000000000,0x414fe5b621374bc7,0x412a0239451eb852,0x4152075c5f27bb30,0x414fe4ba064f7660,0x3ff0000000000000,0x4086294ba3486cd3,0x000000008000668a,0x00000000012e8d74,0x000000000124c1bc,0x00000000012e8d74,0x000000000124c1bc,0x00000000001af641,0x0000000000000877,0x000000000000522c,0x000000000000092e,0x0000000000006f2b,0x00000000008ce424,0x000000000000147f
1784425888694,0x000000008000583a,0x0000000080018ed0,0x0000000080007a7a,0x000000000000000f,0x00000000800191f0,0x0000000080018f20,0x00000000800194a0,0x000000008000f238,0x0000000000000003,0x0000000000000006,0x00000000800191f0,0x0000000080019278,0x000000008000f201,0x3fe3f18947e864a5,0x0000000000000000,0x0000000062adb74e,0x000000000058a52e,0x3fedd0be6c43d719,0x0000000080004982,0x0000000000000000,0x414fe5b621374bc7,0x412a0239451eb852,0x4152075c5f27bb30,0x0000000000000000,0x0000000000000000,0x0000000000000000,0x0000000080004982,0x00000000012f452d,0x000000000125785e,0x00000000012f452d,0x000000000125785e,0x00000000001b04e9,0x0000000000000877,0x000000000000522c,0x000000000000092e,0x0000000000006f32,0x00000000008d3a03,0x0000000000001482
1784425889273,0x0000000080006260,0x0000000080019230,0x402a6014520da520,0x0000000000000000,0x0000000000000000,0x0000000080019440,0x0000000080019698,0x00000000800194a0,0x000000008000f238,0x00000000800003f0,0x00000000800194a0,0x00000000800194b0,0xfffffffff59fbebe,0xffffffff802c572c,0x0000000000000000,0xfffffffff5988838,0x00000000004dacbf,0x3fedd0be6c43c4b4,0x0000000080005ce6,0x0000000000000000,0x40236b2fe00b15cb,0x412a0239451eb852,0x4152075c5f27bb30,0x01a56e1fc2f8f359,0x0000000000000000,0x0000000000000000,0x0000000080005ce6,0x00000000012ff7b5,0x00000000012627f2,0x00000000012ff7b5,0x00000000012627f2,0x00000000001b16a4,0x0000000000000880,0x000000000000522c,0x000000000000092f,0x0000000000006f74,0x00000000008d9303,0x0000000000001485
1784425889827,0x000000008000519e,0x0000000080018e40,0x0000000080007a7a,0x000000000000000f,0x00000000800191f0,0x0000000080018e90,0x0000000080019160,0x0000000080019118,0x0000000080018ef8,0x0000000000000003,0x0000000000000000,0x0000000000000003,0x000000008000f201,0x3fe38edc82a9e744,0x0000000000000000,0x000000003a64076e,0x00000000005803f6,0x3fedd0be6c43c4b4,0x0000000080005000,0x0000000000000000,0x414fe5b341a02752,0x412a024b9999999a,0x4152075e3c8e8a72,0x3ff12c1dda63a238,0x402e61c98010ae72,0x405ccc39300215ce,0x0000000080005000,0x000000000130cc65,0x000000000126f953,0x000000000130cc65,0x000000000126f953,0x00000000001b2936,0x0000000000000882,0x000000000000522e,0x000000000000093a,0x0000000000006f9e,0x00000000008df6cd,0x0000000000001489
1784425890390,0x00000000800056f8,0x0000000080019060,0x0000000080007a7a,0x000000000000000f,0x0000000080019430,0x00000000800190b0,0x0000000080019548,0x000000008000f238,0x0000000000000006,0x0000000000000006,0x000000008000f238,0x000000008000f2c0,0x000000008000f201,0x3fe543e7e13dd5c1,0x0000000000000000,0x00000000514826b8,0x00000000005863bb,0x3fedd0be6c43b492,0x00000000800049c8,0x0000000000000000,0x414fe5b13bf487fd,0x412a024041f212d7,0x4152075fb39db22d,0x3ff0000000000000,0x0000000000000000,0x0000000000000000,0x00000000800049c8,0x0000000001319843,0x000000000127c092,0x0000000001319843,0x000000000127c092,0x00000000001b3eac,0x000000000000088d,0x0000000000005231,0x0000000000000949,0x0000000000007008,0x00000000008e5c1a,0x000000000000148c
1784425890958,0x000000008000589c,0x0000000080018ed0,0x0000000080007a7a,0x0000000000000000,0x00000000800191f0,0x0000000080018f20,0x0000000080019280,0x0000000080019118,0x0000000000000006,0x0000000000000003,0x0000000080019280,0x0000000000000008,0x000000006fff47fa,0x0000000043f15990,0x0000000000000000,0x000000006fc54780,0x000000000055dc95,0x3fedd0be6c43b492,0x00000000800049a2,0x0000000000000000,0x4025772550fc5664,0x412a024041f212d7,0x4152075fb39db22d,0x401623e8e4790c0a,0x3fc733d476943792,0x3fc733d476943792,0x00000000800049a2,0x0000000001325452,0x0000000001287cee,0x0000000001325452,0x0000000001287cee,0x00000000001b4da7,0x0000000000000896,0x0000000000005231,0x0000000000000949,0x0000000000007031,0x00000000008eb796,0x000000000000148f
1784425891521,0x000000008000571c,0x0000000080019070,0x0000000080007a7a,0x000000000000000f,0x0000000080019310,0x00000000800190b0,0x0000000080019548,0x00000000800191f0,0x0000000000000006,0x00000000800191f0,0x0000000000000004,0x0000000000000002,0x000000008000f201,0x3fe84be4b52c4c34,0x0000000000000000,0x000000006a6aa3de,0x0000000000579d71,0x3fedd0be6c43a69f,0x0000000080004b4e,0x0000000000000000,0x414fe5b8aee2eb1c,0x412a025ea0f9096c,0x4152075cb3fb15b5,0x3ff0000000000000,0x0000000000000000,0x3ff0000000000000,0x0000000080004b4e,0x0000000001332d2c,0x0000000001294f9a,0x0000000001332d2c,0x0000000001294f9a,0x00000000001b6421,0x0000000000000898,0x0000000000005234,0x0000000000000956,0x000000000000707f,0x00000000008f1f6c,0x0000000000001492
1784425892110,0x00000000800058dc,0x0000000080018ee0,0x0000000080007a7a,0x0000000000000000,0x00000000800191f0,0x0000000080018f20,0x000000008000f208,0x0000000080019070,0x000000008000f208,0x0000000000000006,0x000000008000f208,0x000000008000f208,0x000000003cb76f5e,0x0000000043f157b6,0x0000000000000000,0x000000003ca3654e,0x000000000055dc95,0x3fedd0be6c43a69f,0x0000000080005516,0x0000000000000000,0x4025772550fc55ee,0x412a025ea0f9096c,0x4152075cb3fb15b5,0xc00f6bffac200000,0x414fe5b07264d442,0x414fe5b1f099426c,0x0000000080005516,0x000000000133dd49,0x000000000129ffbb,0x000000000133dd49,0x000000000129ffbb,0x00000000001b7280,0x00000000000008a1,0x0000000000005234,0x0000000000000956,0x00000000000070ae,0x00000000008f74f6,0x0000000000001495
1784425892694,0x00000000800056f8,0x0000000080019060,0x0000000080007a7a,0x000000000000000f,0x0000000080019430,0x00000000800190b0,0x0000000080019548,0x000000008000f238,0x0000000000000006,0x0000000000000006,0x0000000080019548,0x0000000080019618,0x000000008000f201,0x3fe720197b096349,0x0000000000000000,0x000000003acac73e,0x00000000005a5817,0x3fedd0be6c439abc,0x00000000800049a4,0x0000000000000000,0x414fe5b08a786c22,0x412a024afaacd9e8,0x4152075eccd9e83e,0x0000000000000000,0x0000000000000000,0x0000000000000000,0x00000000800049a4,0x00000000013492ec,0x00000000012aaf1b,0x00000000013492ec,0x00000000012aaf1b,0x00000000001b85c5,0x00000000000008a3,0x0000000000005236,0x0000000000000963,0x00000000000070fc,0x00000000008fcc89,0x0000000000001498
1784425893256,0x000000008000589c,0x0000000080018ed0,0x0000000080007a7a,0x0000000000000000,0x00000000800191f0,0x0000000080018f20,0x0000000080019280,0x0000000080019118,0x0000000000000006,0x0000000000000003,0x00000000800193a0,0x0000000000000001,0xffffffffe3fdfbfe,0x0000000043f15606,0x0000000000000000,0xffffffffe3e5fbee,0x000000000055dc95,0x3fedd0be6c439abc,0x0000000080004988,0x0000000000000000,0x4025772550fc5582,0x412a024afaacd9e8,0x4152075eccd9e83e,0x0000000000000000,0x0000000000000000,0x0000000000000000,0x0000000080004988,0x00000000013544d3,0x00000000012b6160,0x00000000013544d3,0x00000000012b6160,0x00000000001b93ea,0x00000000000008ac,0x0000000000005236,0x0000000000000963,0x0000000000007126,0x0000000000902341,0x000000000000149b
1784425893836,0x00000000800056f8,0x0000000080019060,0x0000000080007a7a,0x000000000000000f,0x0000000080019430,0x00000000800190b0,0x0000000080019548,0x000000008000f238,0x0000000000000006,0x0000000000000006,0x0000000000000006,0x0000000000000005,0x000000008000f201,0x3fe864f65e7ce5eb,0x0000000000000000,0xffffffff95885e00,0x0000000000581dc9,0x3fedd0be6c4390be,0x0000000080004a18,0x0000000000000000,0x414fe5b6b495182b,0x412a02465e00d1b7,0x4152075bdb212d77,0x0000000000000000,0x0000000000000000,0x0000000000000000,0x0000000080004a18,0x0000000001360393,0x00000000012c1a26,0x0000000001360393,0x00000000012c1a26,0x00000000001ba85b,0x00000000000008ae,0x0000000000005238,0x000000000000096e,0x000000000000716b,0x0000000000907eeb,0x000000000000149e
1784425894475,0x0000000080006260,0x0000000080019230,0x402a6014520d7fe8,0x0000000000000000,0x0000000000000000,0x0000000080019440,0x0000000080019698,0x00000000800194a0,0x000000008000f238,0x00000000800003f0,0x000000008000f238,0x0000000000000004,0xfffffffff9dffaef,0xffffffffd6a9117a,0x0000000000000000,0xfffffffff9dd48ee,0x00000000007a8665,0x3fedd0be6c43887b,0x0000000080005c1c,0x0000000000000000,0x402ea19975aa445f,0x412a02465e00d1b7,0x4152075bdb212d77,0x01a56e1fc2f8f359,0x0000000000000000,0x0000000000000000,0x0000000080005c1c,0x0000000001372cd3,0x00000000012d42ce,0x0000000001372cd3,0x00000000012d42ce,0x00000000001bc0ae,0x00000000000008b7,0x0000000000005238,0x000000000000096e,0x00000000000071b9,0x0000000000910e3b,0x00000000000014a1
1784425895124,0x0000000080005820,0x0000000080018ed0,0x0000000080007a7a,0x000000000000000f,0x00000000800191f0,0x0000000080018f20,0x000000008000f238,0x0000000080019310,0x0000000000000006,0x0000000000000006,0x0000000080019280,0x00000000800192f0,0x000000008000f201,0x3fe5c1e5841f0412,0x0000000000000000,0xffffffffc1e97c4e,0x000000000059162b,0x3fedd0be6c43887b,0x00000000800049f0,0x0000000000000000,0x414fe5b47cb5dcc6,0x412a02410d844d01,0x4152075bbb86c227,0x0000000000000000,0x0000000000000000,0x0000000000000000,0x00000000800049f0,0x000000000137e95a,0x00000000012dfa0f,0x000000000137e95a,0x00000000012dfa0f,0x00000000001bd43b,0x00000000000008b9,0x000000000000523b,0x000000000000097d,0x00000000000071de,0x0000000000916868,0x00000000000014a4
1784425895718,0x0000000080006260,0x0000000080019230,0x402a6014520d7a7e,0x0000000000000000,0x0000000000000000,0x0000000080019440,0x0000000080019698,0x00000000800194a0,0x000000008000f238,0x00000000800003f0,0x0000000000000000,0x0000000000000000,0x000000003ebaf7ee,0xfffffffff8fa50ea,0x0000000000000000,0x000000003eb2750e,0x00000000005719fc,0x3fedd0be6c4381c2,0x0000000080005bc0,0x0000000000000000,0x4025c67f3e3e943b,0x412a02410d844d01,0x4152075bbb86c227,0x01a56e1fc2f8f359,0x3fdcf46da09c9984,0x3fdcf46da09c9984,0x0000000080005bc0,0x000000000138a25b,0x00000000012eb258,0x000000000138a25b,0x00000000012eb258,0x00000000001be371,0x00000000000008c2,0x000000000000523b,0x000000000000097d,0x0000000000007225,0x000000000091c2ba,0x00000000000014a7
1784425896289,0x0000000080005820,0x0000000080018ed0,0x0000000080007a7a,0x000000000000000f,0x00000000800191f0,0x0000000080018f20,0x000000008000f238,0x0000000080019310,0x0000000000000006,0x0000000000000006,0x0000000000000002,0x0000000000000000,0x000000008000f201,0x3fe31e44e3ed388b,0x0000000000000000,0xffffffffec6b7e4e,0x00000000005889bc,0x3fedd0be6c4381c2,0x00000000800049ba,0x0000000000000000,0x414fe5b2d1f559b4,0x412a02462ee631f9,0x4152075b66c22681,0x0000000000000000,0x0000000000000000,0x0000000000000000,0x00000000800049ba,0x0000000001396487,0x00000000012f6f17,0x0000000001396487,0x00000000012f6f17,0x00000000001bf793,0x00000000000008c4,0x000000000000523e,0x000000000000098c,0x000000000000724d,0x0000000000921f97,0x00000000000014aa
1784425896890,0x0000000080006260,0x0000000080019230,0x402a6014520d75c3,0x0000000000000000,0x0000000000000000,0x0000000080019440,0x0000000080019698,0x00000000800194a0,0x000000008000f238,0x00000000800003f0,0x00000000800194a0,0x00000000800194c8,0x000000003c9a1ff6,0xfffffffffeb2d710,0x0000000000000000,0x000000003c8a0f80,0x000000000054834b,0x3fedd0be6c437c65,0x0000000080005bd8,0x0000000000000000,0x402520d2ffacb5c4,0x412a02462ee631f9,0x4152075b66c22681,0x01a56e1fc2f8f359,0x0000000000000000,0x3fdcf46da09c9984,0x0000000080005bd8,0x00000000013a18d6,0x00000000013022ed,0x00000000013a18d6,0x00000000013022ed,0x00000000001c0679,0x00000000000008cd,0x000000000000523e,0x000000000000098c,0x0000000000007290,0x00000000009277c7,0x00000000000014ad
1784425897480,0x0000000080005820,0x0000000080018ed0,0x0000000080007a7a,0x000000000000000f,0x00000000800191f0,0x0000000080018f20,0x000000008000f238,0x0000000080019310,0x0000000000000006,0x0000000000000006,0x0000000000000002,0x0000000000000005,0x000000008000f201,0x3fe0410b3fa25594,0x0000000000000000,0x0000000006230b78,0x0000000000588c58,0x3fedd0be6c437c65,0x00000000800049e4,0x0000000000000000,0x414fe5b06a64c2f8,0x412a0243a00d1b71,0x4152075db056d5d0,0x0000000000000000,0x0000000000000000,0x0000000000000000,0x00000000800049e4,0x00000000013ac93f,0x000000000130ce4a,0x00000000013ac93f,0x000000000130ce4a,0x00000000001c1923,0x00000000000008cf,0x000000000000523e,0x000000000000098d,0x00000000000072b9,0x000000000092cc78,0x00000000000014b0
1784425898062,0x00000000800057ae,0x0000000080018d90,0x0000000080007a7a,0x0000000000000000,0x00000000800191f0,0x0000000080018de0,0x0000000080018f50,0x000000008000f238,0x0000000000000006,0x0000000000000006,0x0000000000000002,0x0000000000000006,0xffffffffba977bfe,0x0000000043f150fe,0x0000000000000000,0xffffffffba1221fe,0x000000000055dc95,0x3fedd0be6c437c65,0x0000000080004a0a,0x0000000000000000,0x4025772550fc5440,0x412a0243a00d1b71,0x4152075db056d5d0,0x8000000000000000,0x0000000000000000,0x0000000000000000,0x0000000080004a0a,0x00000000013b85ba,0x0000000001318a91,0x00000000013b85ba,0x0000000001318a91,0x00000000001c289f,0x00000000000008d8,0x000000000000523e,0x000000000000098d,0x00000000000072e3,0x000000000093278b,0x00000000000014b3
1784425898622,0x0000000080005820,0x0000000080018ed0,0x0000000080007a7a,0x000000000000000f,0x00000000800191f0,0x0000000080018f20,0x000000008000f238,0x0000000080019310,0x0000000000000006,0x0000000000000006,0x0000000000000004,0x0000000000000003,0x000000008000f201,0x3fe0581e0d52ba44,0x0000000000000000,0xffffffffbb12c97e,0x00000000005813cd,0x3fedd0be6c437834,0x00000000800049b0,0x0000000000000000,0x414fe5aed5aee632,0x412a024d7fd8adac,0x4152075d849a0275,0x0000000000000000,0x0000000000000000,0x0000000000000000,0x00000000800049b0,0x00000000013c392c,0x000000000132388d,0x00000000013c392c,0x000000000132388d,0x00000000001c3ba6,0x00000000000008da,0x000000000000523f,0x0000000000000992,0x0000000000007333,0x0000000000937e91,0x00000000000014b6
1784425899202,0x00000000800057ae,0x0000000080018d90,0x0000000080007a7a,0x0000000000000000,0x00000000800191f0,0x0000000080018de0,0x0000000080018f50,0x000000008000f238,0x0000000000000006,0x0000000000000006,0x0000000000000005,0x0000000000000012,0x000000001d735fbf,0x0000000043f15022,0x0000000000000000,0x000000001d735dbe,0x000000000055dc95,0x3fedd0be6c437834,0x0000000080004998,0x0000000000000000,0x4025772550fc5409,0x412a024d7fd8adac,0x4152075d849a0275,0x8000000000000000,0x0000000000000000,0x0000000000000000,0x0000000080004998,0x00000000013ce598,0x000000000132e4f5,0x00000000013ce598,0x000000000132e4f5,0x00000000001c49d2,0x00000000000008e3,0x000000000000523f,0x0000000000000992,0x000000000000735a,0x000000000093d21c,0x00000000000014b9
1784425899779,0x0000000080005744,0x0000000080019060,0x0000000080007a7a,0x000000000000000f,0x00000000800191f0,0x00000000800190b0,0x0000000080019310,0x00000000800191f0,0x0000000000000006,0x0000000000000006,0x0000000000000003,0x0000000000000006,0x000000008000f201,0x3fe01100473694a6,0x0000000000000000,0x0000000021b0c538,0x000000000058508d,0x3fedd0be6c437505,0x000000008000498e,0x0000000000000000,0x414fe5aed288ce70,0x412a0252178d4fdf,0x4152075c3ae631f9,0x3fb85cd8e2c41b82,0x0000000000000000,0x0000000000000000,0x000000008000498e,0x00000000013d8fb6,0x00000000013389ae,0x00000000013d8fb6,0x00000000013389ae,0x00000000001c5c34,0x00000000000008e5,0x0000000000005240,0x0000000000000997,0x0000000000007398,0x00000000009424a5,0x00000000000014bc
1784425900382,0x00000000800057ae,0x0000000080018d90,0x0000000080007a7a,0x0000000000000000,0x00000000800191f0,0x0000000080018de0,0x0000000080018f50,0x000000008000f238,0x0000000000000006,0x0000000000000006,0x0000000000000003,0x0000000000000012,0xfffffffff2f7b5cf,0x0000000043f14f6a,0x0000000000000000,0xfffffffff2e4b40e,0x000000000055dc95,0x3fedd0be6c437505,0x0000000080004992,0x0000000000000000,0x4025772550fc53db,0x412a0252178d4fdf,0x4152075c3ae631f9,0x8000000000000000,0x0000000000000000,0x0000000000000000,0x0000000080004992,0x00000000013e5975,0x00000000013453d1,0x00000000013e5975,0x00000000013453d1,0x00000000001c6cb4,0x00000000000008ee,0x0000000000005240,0x0000000000000997,0x00000000000073bb,0x000000000094864f,0x00000000000014bf
1784425900939,0x000000008000575e,0x0000000080019070,0x0000000080007a7a,0x000000000000000f,0x00000000800191f0,0x00000000800190b0,0x00000000800190d0,0x00000000800002d0,0x000000008000f238,0x0000000000000006,0x000000008000f238,0x000000008000f268,0x000000008000f201,0x3fdc47773193060e,0x0000000000000000,0x0000000001854780,0x00000000005899e1,0x3fedd0be6c4372ac,0x0000000080004c62,0x0000000000000000,0x414fe5b1eb39c0ec,0x412a024cf9e83e42,0x4152075e019e83e4,0x3fc17a1e17d07650,0x3fe185d1eca6d032,0x3fe1aec7af362c5b,0x0000000080004c62,0x00000000013f199a,0x0000000001350dd9,0x00000000013f199a,0x0000000001350dd9,0x00000000001c80de,0x00000000000008f0,0x0000000000005241,0x000000000000099c,0x00000000000073ff,0x000000000094e2e3,0x00000000000014c2
1784425901567,0x0000000080009fc2,0x0000000080019420,0x402a6014520d68d9,0x00000000006bafd5,0x0000000000000000,0x0000000080019700,0x00000000006bafd6,0x0000000000000000,0x000000000017db40,0x0000000000000002,0x000000000035d7eb,0x0000000009000000,0x0000000000000000,0x0000000000000000,0x0000000000000000,0x0000000000000000,0x0000000000000000,0x3fedd0be6c437103,0x000000008000a0dc,0x4046a63aecfeb209,0x4046a63aecfeb209,0x412a024cf9e83e42,0x4152075e019e83e4,0x3ff0000000000000,0x40461856c8304ad6,0x4046a63aecfeb209,0x000000008000a0dc,0x00000000013febe1,0x000000000135dfe1,0x00000000013febe1,0x000000000135dfe1,0x00000000001c9205,0x00000000000008f9,0x0000000000005241,0x000000000000099c,0x0000000000007430,0x0000000000954887,0x00000000000014c5
1784425902172,0x0000000080005820,0x0000000080018ed0,0x0000000080007a7a,0x000000000000000f,0x00000000800191f0,0x0000000080018f20,0x000000008000f238,0x0000000080019310,0x0000000000000006,0x0000000000000006,0x0000000000000001,0x0000000000000003,0x000000008000f201,0x3fdce830ca8bf941,0x0000000000000000,0x000000004574c578,0x000000000058fd61,0x3fedd0be6c437103,0x00000000800049b0,0x0000000000000000,0x414fe5b02d810625,0x412a023781205bc0,0x4152075f8f611340,0x3fbaec350bb9de12,0x3fe1aec7af362c5b,0x3fe1aec7af362c5b,0x00000000800049b0,0x0000000001409ca0,0x0000000001368b77,0x0000000001409ca0,0x0000000001368b77,0x00000000001ca4d8,0x00000000000008fb,0x0000000000005241,0x000000000000099d,0x0000000000007462,0x0000000000959e22,0x00000000000014c8
1784425902777,0x00000000800057ae,0x0000000080018d90,0x0000000080007a7a,0x0000000000000000,0x00000000800191f0,0x0000000080018de0,0x0000000080018f50,0x000000008000f238,0x0000000000000006,0x0000000000000006,0x0000000080018f50,0x0000000080019018,0x0000000042d2ffde,0x0000000043f14e52,0x0000000000000000,0x0000000042d2f6de,0x000000000055dc95,0x3fedd0be6c437103,0x00000000800049a6,0x0000000000000000,0x4025772550fc5395,0x412a023781205bc0,0x4152075f8f611340,0x8000000000000000,0x0000000000000000,0x0000000000000000,0x00000000800049a6,0x000000000141537f,0x0000000001374240,0x000000000141537f,0x0000000001374240,0x00000000001cb3e1,0x0000000000000904,0x0000000000005241,0x000000000000099d,0x0000000000007483,0x000000000095f69b,0x00000000000014cb
1784425903334,0x000000008000583a,0x0000000080018ed0,0x0000000080007a7a,0x000000000000000f,0x00000000800191f0,0x0000000080018f20,0x00000000800194a0,0x000000008000f238,0x0000000000000003,0x0000000000000006,0x0000000000000004,0x0000000000000006,0x000000008000f201,0x3fe071c28b7a99c7,0x0000000000000000,0xfffffffffc33c58e,0x000000000057d051,0x3fedd0be6c436fe9,0x00000000800049b0,0x0000000000000000,0x414fe5aca0000000,0x412a023d97c1bda5,0x4152075fc2f69446,0x3ff0000000000000,0x0000000000000000,0x0000000000000000,0x00000000800049b0,0x0000000001423fce,0x00000000013828a7,0x0000000001423fce,0x00000000013828a7,0x00000000001ccb8b,0x0000000000000906,0x0000000000005242,0x00000000000009a2,0x00000000000074d1,0x000000000096682e,0x00000000000014cf
1784425903950,0x00000000800056f8,0x0000000080019060,0x0000000080007a7a,0x000000000000000f,0x0000000080019430,0x00000000800190b0,0x0000000080019548,0x000000008000f238,0x0000000000000006,0x0000000000000006,0x0000000000000003,0x0000000000000006,0x000000008000f201,0x3fe242820e41639f,0x0000000000000000,0x000000007b1f4df8,0x000000000057877a,0x3fedd0be6c436f41,0x00000000800049d6,0x0000000000000000,0x414fe5ad06353f7d,0x412a02476ae7d567,0x415207604fc84b5e,0x0000000000000000,0x0000000000000000,0x0000000000000000,0x00000000800049d6,0x00000000014323cb,0x0000000001390874,0x00000000014323cb,0x0000000001390874,0x00000000001ce2f9,0x0000000000000911,0x0000000000005243,0x00000000000009a7,0x000000000000752e,0x000000000096d90e,0x00000000000014d2
1784425904633,0x00000000800058f2,0x0000000080018ed0,0x0000000080007a7a,0x0000000000000000,0x00000000800191f0,0x0000000080018f20,0x00000000800193a0,0x00000000800194a0,0x0000000000000006,0x0000000000000003,0x0000000000000000,0x0000000000000000,0xffffffff90ebef7a,0x0000000043f14d9c,0x0000000000000000,0xffffffff90606478,0x000000000055dc95,0x3fedd0be6c436f41,0x00000000800049b4,0x0000000000000000,0x4025772550fc5367,0x412a02476ae7d567,0x415207604fc84b5e,0x0000000000000000,0x0000000000000000,0x0000000000000000,0x00000000800049b4,0x000000000143fc56,0x000000000139e1b5,0x000000000143fc56,0x000000000139e1b5,0x00000000001cf4a7,0x000000000000091a,0x0000000000005243,0x00000000000009a7,0x000000000000754d,0x00000000009741da,0x00000000000014d5
1784425905311,0x0000000080005744,0x0000000080019060,0x0000000080007a7a,0x000000000000000f,0x00000000800191f0,0x00000000800190b0,0x0000000080019310,0x00000000800191f0,0x0000000000000006,0x0000000000000006,0x00000000800190d0,0x00000000800190e8,0x000000008000f201,0x3fe4525b2c70f827,0x0000000000000000,0xffffffffd8e1cb6e,0x0000000000581d08,0x3fedd0be6c436ef0,0x0000000080004982,0x0000000000000000,0x414fe5b132786c22,0x412a0249d74bc6a8,0x41520762139f559b,0x0000000000000000,0x0000000000000000,0x0000000000000000,0x0000000080004982,0x000000000144bc22,0x00000000013a9be4,0x000000000144bc22,0x00000000013a9be4,0x00000000001d08b0,0x000000000000091c,0x0000000000005244,0x00000000000009ae,0x000000000000759a,0x0000000000979e7a,0x00000000000014d8
1784425905959,0x00000000800058f2,0x0000000080018ed0,0x0000000080007a7a,0x0000000000000000,0x00000000800191f0,0x0000000080018f20,0x00000000800193a0,0x00000000800194a0,0x0000000000000006,0x0000000000000003,0x0000000000000000,0x0000000000000006,0x0000000004d73fff,0x0000000043f14d5e,0x0000000000000000,0x0000000004d128be,0x000000000055dc95,0x3fedd0be6c436ef0,0x00000000800049b0,0x0000000000000000,0x4025772550fc5358,0x412a0249d74bc6a8,0x41520762139f559b,0x0000000000000000,0x0000000000000000,0x0000000000000000,0x00000000800049b0,0x0000000001457270,0x00000000013b5201,0x0000000001457270,0x00000000013b5201,0x00000000001d17ab,0x0000000000000925,0x0000000000005244,0x00000000000009ae,0x00000000000075c4,0x000000000097f6c5,0x00000000000014db
1784425906558,0x00000000800056f8,0x0000000080019060,0x0000000080007a7a,0x000000000000000f,0x0000000080019430,0x00000000800190b0,0x0000000080019548,0x000000008000f238,0x0000000000000006,0x0000000000000006,0x0000000000000005,0x000000000000001e,0x000000008000f201,0x3fe806fe428b3774,0x0000000000000000,0xffffffffb7be947e,0x0000000000590b2e,0x3fedd0be6c436ee2,0x00000000800049da,0x0000000000000000,0x414fe5ac419ce076,0x412a0241b6f0068e,0x415207613f404ea5,0x0000000000000000,0x0000000000000000,0x0000000000000000,0x00000000800049da,0x00000000014623a5,0x00000000013bfccd,0x00000000014623a5,0x00000000013bfccd,0x00000000001d2a97,0x0000000000000927,0x0000000000005244,0x00000000000009af,0x0000000000007611,0x0000000000984c39,0x00000000000014de
1784425907149,0x00000000800058c6,0x0000000080018ee0,0x0000000080007a7a,0x0000000000000000,0x00000000800191f0,0x0000000080018f20,0x00000000800193a0,0x0000000080019100,0x0000000080019070,0x0000000000000006,0x0000000000000003,0x0000000000000003,0x000000003a6dbba3,0x0000000043f14d30,0x0000000000000000,0x000000003a2d0b80,0x000000000055dc95,0x3fedd0be6c436ee2,0x0000000080004af4,0x0000000000000000,0x4025772550fc534c,0x412a0241b6f0068e,0x415207613f404ea5,0x401ae19fa4d00000,0xbfae0e026c191bd0,0xbfae0e026c191bd0,0x0000000080004af4,0x000000000146d853,0x00000000013cb20b,0x000000000146d853,0x00000000013cb20b,0x00000000001d3915,0x0000000000000930,0x0000000000005244,0x00000000000009af,0x000000000000763b,0x000000000098a43b,0x00000000000014e1
1784425907712,0x00000000800056f8,0x0000000080019060,0x0000000080007a7a,0x000000000000000f,0x0000000080019430,0x00000000800190b0,0x0000000080019548,0x000000008000f238,0x0000000000000006,0x0000000000000006,0x0000000000000004,0x0000000000000006,0x000000008000f201,0x3fea07f06f7970a8,0x0000000000000000,0xffffffff84eb1b8e,0x000000000057e1f0,0x3fedd0be6c436f02,0x000000008000498e,0x0000000000000000,0x414fe5b0cf212d77,0x412a0249c48e8a72,0x4152075e6a752546,0x0000000000000000,0x0000000000000000,0x0000000000000000,0x000000008000498e,0x0000000001478fa7,0x00000000013d6335,0x0000000001478fa7,0x00000000013d6335,0x00000000001d4ccd,0x0000000000000932,0x0000000000005246,0x00000000000009ba,0x0000000000007681,0x000000000098fc6e,0x00000000000014e4
1784425908273,0x000000008000589c,0x0000000080018ed0,0x0000000080007a7a,0x0000000000000000,0x00000000800191f0,0x0000000080018f20,0x0000000080019280,0x0000000080019118,0x0000000000000006,0x0000000000000003,0x00000000800193a0,0x0000000000000080,0xffffffffc85fffb8,0x0000000043f14d0c,0x0000000000000000,0xffffffffc81be3b8,0x000000000055dc95,0x3fedd0be6c436f02,0x0000000080004954,0x0000000000000000,0x4025772550fc5343,0x412a0249c48e8a72,0x4152075e6a752546,0x3ff12c1dda63747c,0x0000000000000000,0x0000000000000000,0x0000000080004954,0x0000000001484aee,0x00000000013e1f28,0x0000000001484aee,0x00000000013e1f28,0x00000000001d5bb9,0x000000000000093b,0x0000000000005246,0x00000000000009ba,0x00000000000076ae,0x00000000009957ae,0x00000000000014e7
1784425908856,0x00000000800056f8,0x0000000080019060,0x0000000080007a7a,0x000000000000000f,0x0000000080019430,0x00000000800190b0,0x0000000080019548,0x000000008000f238,0x0000000000000006,0x0000000000000006,0x0000000080019548,0x0000000080019618,0x000000008000f201,0x3fe826bfc043dffa,0x0000000000000000,0x000000003318624e,0x0000000000591ec9,0x3fedd0be6c436f41,0x00000000800049a4,0x0000000000000000,0x414fe5aab6d91687,0x412a023b335a8588,0x41520762c8c2f838,0x0000000000000000,0x0000000000000000,0x0000000000000000,0x00000000800049a4,0x0000000001490925,0x00000000013ed681,0x0000000001490925,0x00000000013ed681,0x00000000001d7019,0x000000000000093d,0x0000000000005249,0x00000000000009c9,0x00000000000076fb,0x000000000099b2b2,0x00000000000014ea
1784425909428,0x000000008000519e,0x0000000080018e90,0x0000000080007a7a,0x0000000000000000,0x00000000800191f0,0x0000000080018ee0,0x0000000000000000,0x0000000050fc533d,0x000000003fe00000,0x4025772550fc533d,0x0000000000000000,0x0000000000000000,0x0000000026ff7fbf,0x0000000043f14cf4,0x0000000000000000,0x0000000026bb1bb8,0x000000000055dc95,0x3fedd0be6c436f41,0x0000000080005298,0x0000000000000000,0x4025772550fc533d,0x412a023b335a8588,0x41520762c8c2f838,0x01a56e1fc2f8f359,0x3fc729f14d4a146a,0x3fa0c481d88c2013,0x0000000080005298,0x000000000149b0f8,0x00000000013f7eb5,0x000000000149b0f8,0x00000000013f7eb5,0x00000000001d7d7d,0x0000000000000946,0x0000000000005249,0x00000000000009c9,0x0000000000007722,0x00000000009a04bb,0x00000000000014ed
1784425910024,0x00000000800056f8,0x0000000080019060,0x0000000080007a7a,0x000000000000000f,0x0000000080019430,0x00000000800190b0,0x0000000080019548,0x000000008000f238,0x0000000000000006,0x0000000000000006,0x0000000080019310,0x00000000000000b0,0x000000008000f201,0x3feb811e101a910a,0x0000000000000000,0x000000006f588df8,0x0000000000577c2a,0x3fedd0be6c436f93,0x00000000800049ea,0x0000000000000000,0x414fe5aa9514e3bd,0x412a0242398c7e28,0x41520761b5119ce0,0x3ff0000000000000,0x0000000000000000,0x0000000000000000,0x00000000800049ea,0x00000000014a76dc,0x0000000001403e4d,0x00000000014a76dc,0x0000000001403e4d,0x00000000001d9263,0x0000000000000948,0x000000000000524c,0x00000000000009d6,0x0000000000007778,0x00000000009a63a8,0x00000000000014f0
1784425910607,0x00000000800058f2,0x0000000080018ed0,0x0000000080007a7a,0x0000000000000000,0x00000000800191f0,0x0000000080018f20,0x00000000800193a0,0x00000000800194a0,0x0000000000000006,0x0000000000000003,0x0000000000000001,0x0000000000000006,0x0000000065cffe7b,0x0000000043f14ce4,0x0000000000000000,0x0000000065cfea78,0x000000000055dc95,0x3fedd0be6c436f93,0x0000000080004998,0x0000000000000000,0x4025772550fc5339,0x412a0242398c7e28,0x41520761b5119ce0,0x0000000000000000,0x0000000000000000,0x0000000000000000,0x0000000080004998,0x00000000014b4ae9,0x000000000141129c,0x00000000014b4ae9,0x000000000141129c,0x00000000001da3ac,0x0000000000000951,0x000000000000524c,0x00000000000009d6,0x00000000000077a9,0x00000000009aca1c,0x00000000000014f3
1784425911231,0x00000000800056f8,0x0000000080019060,0x0000000080007a7a,0x000000000000000f,0x0000000080019430,0x00000000800190b0,0x0000000080019548,0x000000008000f238,0x0000000000000006,0x0000000000000006,0x0000000080019310,0x0000000080019400,0x000000008000f201,0x3fecdfe31d34ef45,0x0000000000000000,0xffffffffe0516e2e,0x000000000057d7b1,0x3fedd0be6c436ff0,0x00000000800049f0,0x0000000000000000,0x414fe5add1446738,0x412a023d24816f00,0x4152076551e4f766,0x0000000000000000,0x0000000000000000,0x0000000000000000,0x00000000800049f0,0x00000000014bf98f,0x000000000141bb14,0x00000000014bf98f,0x000000000141bb14,0x00000000001db66d,0x0000000000000953,0x000000000000524e,0x00000000000009e1,0x00000000000077fb,0x00000000009b1e92,0x00000000000014f6
1784425911810,0x00000000800058c6,0x0000000080018ee0,0x0000000080007a7a,0x0000000000000000,0x00000000800191f0,0x0000000080018f20,0x00000000800193a0,0x0000000080019100,0x0000000080019070,0x0000000000000006,0x0000000000000001,0x0000000000000003,0x000000000d3cff6e,0x0000000043f14cda,0x0000000000000000,0x000000000d3ceb2e,0x000000000055dc95,0x3fedd0be6c436ff0,0x0000000080004af4,0x0000000000000000,0x4025772550fc5337,0x412a023d24816f00,0x4152076551e4f766,0x4010537d6dd00000,0x0000000000000000,0x3fb2e8a6c628d7b8,0x0000000080004af4,0x00000000014cb14e,0x0000000001427347,0x00000000014cb14e,0x0000000001427347,0x00000000001dc51a,0x000000000000095c,0x000000000000524e,0x00000000000009e1,0x0000000000007825,0x00000000009b7801,0x00000000000014f9
1784425912426,0x000000008000571c,0x0000000080019070,0x0000000080007a7a,0x000000000000000f,0x0000000080019310,0x00000000800190b0,0x0000000080019548,0x00000000800191f0,0x0000000000000006,0x0000000000000005,0x00000000800195d0,0x0000000000000006,0x000000008000f201,0x3ff10d3e7932d83a,0x0000000000000000,0xffffffff8358de00,0x0000000000584cfb,0x3fedd0be6c437050,0x0000000080004b74,0x0000000000000000,0x414fe5acc236e2eb,0x412a0246d6a161e5,0x4152076280068db9,0x3ff0000000000000,0x0000000000000000,0x0000000000000000,0x0000000080004b74,0x00000000014d7ac6,0x000000000143365c,0x00000000014d7ac6,0x000000000143365c,0x00000000001dda3d,0x000000000000095e,0x0000000000005250,0x00000000000009ec,0x0000000000007872,0x00000000009bd8af,0x00000000000014fc
1784425913055,0x000000008000578a,0x0000000080018db0,0x0000000080007a7a,0x0000000000000000,0x00000000800191f0,0x0000000080018de0,0x0000000080018f50,0x0000000000000006,0x0000000000000006,0x0000000000000003,0x0000000000000001,0x0000000000000006,0xffffffffa4ffffff,0x0000000043f14cd4,0x0000000000000000,0xffffffffa4e4b838,0x000000000055dc95,0x3fedd0be6c437050,0x0000000080004d26,0x0000000000000000,0x4025772550fc5335,0x412a0246d6a161e5,0x4152076280068db9,0x3f8314f4c02b2967,0x0000000000000000,0xbfc733d476943792,0x0000000080004d26,0x00000000014e4939,0x00000000014404b5,0x00000000014e4939,0x00000000014404b5,0x00000000001deb16,0x0000000000000967,0x0000000000005250,0x00000000000009ec,0x000000000000789b,0x00000000009c3c4d,0x00000000000014ff
1784425913675,0x0000000080005744,0x0000000080019060,0x0000000080007a7a,0x000000000000000f,0x00000000800191f0,0x00000000800190b0,0x0000000080019310,0x00000000800191f0,0x0000000000000006,0x0000000000000006,0x0000000000000002,0x000000000000000c,0x000000008000f201,0x3ff17b26a05ac85a,0x0000000000000000,0xffffffffdd64f5e0,0x0000000000589697,0x3fedd0be6c4370ae,0x0000000080004970,0x0000000000000000,0x414fe5ab2fb15b57,0x412a024abbb2fec5,0x415207603eb851ec,0x3fe185d1eca6d032,0x0000000000000000,0x0000000000000000,0x0000000080004970,0x00000000014f08cc,0x000000000144be8b,0x00000000014f08cc,0x000000000144be8b,0x00000000001dff1f,0x0000000000000969,0x0000000000005251,0x00000000000009f1,0x00000000000078e3,0x00000000009c98e5,0x0000000000001502
1784425914338,0x00000000800057ae,0x0000000080018d90,0x0000000080007a7a,0x0000000000000000,0x00000000800191f0,0x0000000080018de0,0x0000000080018f50,0x000000008000f238,0x0000000000000006,0x0000000000000006,0x0000000000000000,0x0000000000000000,0xffffffffa4ffffff,0x0000000043f14cd4,0x0000000000000000,0xffffffffa4e4b838,0x000000000055dc95,0x3fedd0be6c4370ae,0x0000000080004970,0x0000000000000000,0x4025772550fc5335,0x412a024abbb2fec5,0x415207603eb851ec,0x3fea330ae25af21c,0x0000000000000000,0x0000000000000000,0x0000000080004970,0x00000000014fc85e,0x0000000001457e92,0x00000000014fc85e,0x0000000001457e92,0x00000000001e0ece,0x0000000000000972,0x0000000000005251,0x00000000000009f1,0x0000000000007901,0x00000000009cf5c8,0x0000000000001505
1784425915006,0x0000000080005744,0x0000000080019060,0x0000000080007a7a,0x000000000000000f,0x00000000800191f0,0x00000000800190b0,0x0000000080019310,0x00000000800191f0,0x0000000000000006,0x0000000000000006,0x0000000000000004,0x0000000000000006,0x000000008000f201,0x3ff0589d7d7dfa56,0x0000000000000000,0xffffffffe67f6f38,0x0000000000588e34,0x3fedd0be6c437104,0x0000000080004998,0x0000000000000000,0x414fe5a95e0aa64c,0x412a0239bfa43fe6,0x41520761bbc50481,0x0000000000000000,0x0000000000000000,0x0000000000000000,0x0000000080004998,0x0000000001507b5e,0x0000000001462be4,0x0000000001507b5e,0x0000000001462be4,0x00000000001e21e4,0x0000000000000974,0x0000000000005252,0x00000000000009f8,0x000000000000794a,0x00000000009d4c64,0x0000000000001508
1784425915581,0x00000000800058f2,0x0000000080018ed0,0x0000000080007a7a,0x0000000000000000,0x00000000800191f0,0x0000000080018f20,0x00000000800193a0,0x00000000800194a0,0x0000000000000006,0x0000000000000003,0x0000000000000005,0x0000000000000006,0xffffffffa4ffffff,0x0000000043f14cd4,0x0000000000000000,0xffffffffa4e4b838,0x000000000055dc95,0x3fedd0be6c437104,0x00000000800049d6,0x0000000000000000,0x4025772550fc5335,0x412a0239bfa43fe6,0x41520761bbc50481,0x0000000000000000,0x0000000000000000,0x0000000000000000,0x00000000800049d6,0x0000000001513072,0x000000000146e18c,0x0000000001513072,0x000000000146e18c,0x00000000001e30d2,0x000000000000097d,0x0000000000005252,0x00000000000009f8,0x000000000000795f,0x00000000009da469,0x000000000000150b
1784425916174,0x0000000080005744,0x0000000080019060,0x0000000080007a7a,0x000000000000000f,0x00000000800191f0,0x00000000800190b0,0x0000000080019310,0x00000000800191f0,0x0000000000000006,0x0000000000000006,0x0000000000000002,0x0000000000000006,0x000000008000f201,0x3ff018a0c10213c2,0x0000000000000000,0x00000000452dad78,0x0000000000578f9a,0x3fedd0be6c437152,0x00000000800049b0,0x0000000000000000,0x414fe5ab80d844d0,0x412a02417f7ced91,0x4152075fc8a57a78,0x0000000000000000,0x0000000000000000,0x0000000000000000,0x00000000800049b0,0x000000000151ec10,0x0000000001479799,0x000000000151ec10,0x0000000001479799,0x00000000001e447e,0x000000000000097f,0x0000000000005252,0x00000000000009f9,0x00000000000079b0,0x00000000009dff37,0x000000000000150e
1784425916752,0x00000000800057ae,0x0000000080018d90,0x0000000080007a7a,0x0000000000000000,0x00000000800191f0,0x0000000080018de0,0x0000000080018f50,0x000000008000f238,0x0000000000000006,0x0000000000000006,0x000000008000f238,0x000000008000f338,0x000000001d765e9f,0x0000000043f14cd6,0x0000000000000000,0x000000001d021e8e,0x000000000055dc95,0x3fedd0be6c437152,0x00000000800049c6,0x0000000000000000,0x4025772550fc5336,0x412a02417f7ced91,0x4152075fc8a57a78,0x8000000000000000,0x0000000000000000,0x0000000000000000,0x00000000800049c6,0x000000000152b4a7,0x00000000014860a3,0x000000000152b4a7,0x00000000014860a3,0x00000000001e54e9,0x0000000000000988,0x0000000000005252,0x00000000000009f9,0x00000000000079cc,0x00000000009e605e,0x0000000000001511
1784425917316,0x0000000080005744,0x0000000080019060,0x0000000080007a7a,0x000000000000000f,0x00000000800191f0,0x00000000800190b0,0x0000000080019310,0x00000000800191f0,0x0000000000000006,0x0000000000000006,0x00000000800190d0,0x0000000000000001,0x000000008000f201,0x3fed221c035da305,0x0000000000000000,0xffffffffcc56cb38,0x0000000000585c02,0x3fedd0be6c437195,0x0000000080004988,0x0000000000000000,0x414fe5aa4243fe5d,0x412a024adb573eab,0x41520763e315b574,0x0000000000000000,0x0000000000000000,0x0000000000000000,0x0000000080004988,0x00000000015366eb,0x0000000001490d48,0x00000000015366eb,0x0000000001490d48,0x00000000001e67ed,0x000000000000098a,0x0000000000005253,0x00000000000009fe,0x0000000000007a11,0x00000000009eb6bf,0x0000000000001514
1784425917879,0x00000000800058f2,0x0000000080018ed0,0x0000000080007a7a,0x0000000000000000,0x00000000800191f0,0x0000000080018f20,0x00000000800193a0,0x00000000800194a0,0x0000000000000006,0x0000000000000003,0x0000000000000005,0x0000000000000006,0x000000000d3cff6e,0x0000000043f14cda,0x0000000000000000,0x000000000d3ceb2e,0x000000000055dc95,0x3fedd0be6c437195,0x00000000800049d6,0x0000000000000000,0x4025772550fc5337,0x412a024adb573eab,0x41520763e315b574,0x0000000000000000,0x0000000000000000,0x0000000000000000,0x00000000800049d6,0x0000000001541ba2,0x000000000149c285,0x0000000001541ba2,0x000000000149c285,0x00000000001e76d1,0x0000000000000993,0x0000000000005253,0x00000000000009fe,0x0000000000007a2f,0x00000000009f0e93,0x0000000000001517
1784425918486,0x0000000080005744,0x0000000080019060,0x0000000080007a7a,0x000000000000000f,0x00000000800191f0,0x00000000800190b0,0x0000000080019310,0x00000000800191f0,0x0000000000000006,0x0000000000000006,0x0000000000000004,0x0000000000000004,0x000000008000f201,0x3fef19859e488afc,0x0000000000000000,0xfffffffff938d02e,0x000000000058a408,0x3fedd0be6c4371ce,0x00000000800049e2,0x0000000000000000,0x414fe5a9e1eecbfb,0x412a02452474538f,0x4152075c92027525,0x0000000000000000,0x0000000000000000,0x0000000000000000,0x00000000800049e2,0x000000000154d140,0x00000000014a724d,0x000000000154d140,0x00000000014a724d,0x00000000001e8a05,0x0000000000000995,0x0000000000005254,0x0000000000000a03,0x0000000000007a7a,0x00000000009f6646,0x000000000000151a
1784425919076,0x00000000800058f2,0x0000000080018ed0,0x0000000080007a7a,0x0000000000000000,0x00000000800191f0,0x0000000080018f20,0x00000000800193a0,0x00000000800194a0,0x0000000000000006,0x0000000000000003,0x0000000000000003,0x0000000000000000,0xfffffffffd77f7fe,0x0000000043f14cde,0x0000000000000000,0xfffffffffd77b7be,0x000000000055dc95,0x3fedd0be6c4371ce,0x0000000080004a12,0x0000000000000000,0x4025772550fc5338,0x412a02452474538f,0x4152075c92027525,0x0000000000000000,0x0000000000000000,0x0000000000000000,0x0000000080004a12,0x0000000001558282,0x00000000014b23af,0x0000000001558282,0x00000000014b23af,0x00000000001e98a0,0x000000000000099e,0x0000000000005254,0x0000000000000a03,0x0000000000007a97,0x00000000009fbc59,0x000000000000151d
1784425919667,0x00000000800056f8,0x0000000080019060,0x0000000080007a7a,0x000000000000000f,0x0000000080019430,0x00000000800190b0,0x0000000080019548,0x000000008000f238,0x0000000000000006,0x0000000000000006,0x0000000080019310,0x0000000080019428,0x000000008000f201,0x3fe7ca819bd3ba06,0x0000000000000000,0xffffffffdde9b74e,0x0000000000586b46,0x3fedd0be6c4371fd,0x00000000800049f0,0x0000000000000000,0x414fe5a7404b5dcc,0x412a023b1a6b50b1,0x4152075f237ced91,0x3ff0000000000000,0x0000000000000000,0x3fc17a1e17d077fd,0x00000000800049f0,0x0000000001563b23,0x00000000014bd5df,0x0000000001563b23,0x00000000014bd5df,0x00000000001eac34,0x00000000000009a0,0x0000000000005255,0x0000000000000a08,0x0000000000007ae2,0x0000000000a01548,0x0000000000001520
1784425920255,0x00000000800058f2,0x0000000080018ed0,0x0000000080007a7a,0x0000000000000000,0x00000000800191f0,0x0000000080018f20,0x00000000800193a0,0x00000000800194a0,0x0000000000000006,0x0000000000000003,0x0000000000000000,0x0000000000000003,0xffffffffedffefbf,0x0000000043f14ce2,0x0000000000000000,0xffffffffedb2843e,0x000000000055dc95,0x3fedd0be6c4371fd,0x000000008000498e,0x0000000000000000,0x4025772550fc5339,0x412a023b1a6b50b1,0x4152075f237ced91,0x0000000000000000,0x0000000000000000,0x0000000000000000,0x000000008000498e,0x000000000156f125,0x00000000014c8c76,0x000000000156f125,0x00000000014c8c76,0x00000000001ebb08,0x00000000000009a9,0x0000000000005255,0x0000000000000a08,0x0000000000007b0e,0x0000000000a06dc5,0x0000000000001523
1784425920813,0x00000000800056f8,0x0000000080019060,0x0000000080007a7a,0x000000000000000f,0x0000000080019430,0x00000000800190b0,0x0000000080019548,0x000000008000f238,0x0000000000000006,0x0000000000000006,0x0000000000000003,0x0000000000000012,0x000000008000f201,0x3fe4499b2021189e,0x0000000000000000,0x000000005e57b178,0x0000000000579064,0x3fedd0be6c437220,0x00000000800049b4,0x0000000000000000,0x414fe5ab8c395810,0x412a022cd780346e,0x41520762d7ec56d6,0x0000000000000000,0x0000000000000000,0x0000000000000000,0x00000000800049b4,0x000000000157a460,0x00000000014d39d5,0x000000000157a460,0x00000000014d39d5,0x00000000001ece29,0x00000000000009ab,0x0000000000005255,0x0000000000000a09,0x0000000000007b5a,0x0000000000a0c46d,0x0000000000001526
1784425921420,0x000000008000589c,0x0000000080018ed0,0x0000000080007a7a,0x0000000000000000,0x00000000800191f0,0x0000000080018f20,0x0000000080019280,0x0000000080019118,0x0000000000000006,0x0000000000000003,0x0000000000000000,0x0000000000000003,0xffffffffddff7dee,0x0000000043f14ce6,0x0000000000000000,0xffffffffdded50ae,0x000000000055dc95,0x3fedd0be6c437220,0x000000008000498e,0x0000000000000000,0x4025772550fc533a,0x412a022cd780346e,0x41520762d7ec56d6,0x0000000000000000,0x0000000000000000,0x0000000000000000,0x000000008000498e,0x0000000001585240,0x00000000014de846,0x0000000001585240,0x00000000014de846,0x00000000001edbfd,0x00000000000009b4,0x0000000000005255,0x0000000000000a09,0x0000000000007b81,0x0000000000a11960,0x0000000000001529
1784425922007,0x00000000800056f8,0x0000000080019060,0x0000000080007a7a,0x000000000000000f,0x0000000080019430,0x00000000800190b0,0x0000000080019548,0x000000008000f238,0x0000000000000006,0x0000000000000006,0x0000000000000002,0x0000000000000006,0x000000008000f201,0x3fe579b6e9ba4c1b,0x0000000000000000,0x000000003d3b25f8,0x000000000057c628,0x3fedd0be6c437238,0x00000000800049d6,0x0000000000000000,0x414fe5ab273eab36,0x412a0257eed91687,0x4152076088710cb3,0x3ff0000000000000,0x0000000000000000,0x4012207dfca3cb69,0x00000000800049d6,0x000000000159066e,0x00000000014e9670,0x000000000159066e,0x00000000014e9670,0x00000000001eef87,0x00000000000009b6,0x0000000000005256,0x0000000000000a0f,0x0000000000007bd1,0x0000000000a17012,0x000000000000152c
1784425922599,0x0000000080009fc2,0x0000000080018dc0,0x0000000080007a7a,0x0000000000080000,0x00000000800191f0,0x0000000080018e40,0x000000000055dc95,0xffffffffa1f80000,0x00000000000df508,0x0000000000000003,0x00000000002aee4a,0xffffffffc3f80000,0x00000000000df509,0x0000000043f00000,0x0000000000000014,0xffffffff87f00000,0x000000000055dc95,0x3fedd0be6c437238,0x000000008000a130,0x405ccc3930020bf8,0x405ccc3930020bf8,0x412a0257eed91687,0x4152076088710cb3,0x01a56e1fc2f8f359,0x0000000000000000,0x405ccc3930020bf8,0x000000008000a130,0x000000000159bf3e,0x00000000014f4fd7,0x000000000159bf3e,0x00000000014f4fd7,0x00000000001efdf5,0x00000000000009b9,0x0000000000005256,0x0000000000000a0f,0x0000000000007bea,0x0000000000a1c9ea,0x000000000000152f
1784425923195,0x00000000800056f8,0x0000000080019060,0x0000000080007a7a,0x000000000000000f,0x0000000080019430,0x00000000800190b0,0x0000000080019548,0x000000008000f238,0x0000000000000006,0x0000000000000006,0x0000000000000000,0x0000000000000006,0x000000008000f201,0x3fe38d15725e6ddc,0x0000000000000000,0x000000002ec82838,0x000000000059ae23,0x3fedd0be6c437249,0x00000000800049b0,0x0000000000000000,0x414fe5aa35916873,0x412a02504af4f0d8,0x415207644e6cf41f,0x0000000000000000,0x0000000000000000,0x0000000000000000,0x00000000800049b0,0x00000000015a8294,0x0000000001500c78,0x00000000015a8294,0x0000000001500c78,0x00000000001f12fe,0x00000000000009c1,0x0000000000005259,0x0000000000000a1f,0x0000000000007c46,0x0000000000a227b6,0x0000000000001532
1784425923829,0x0000000080009fc2,0x0000000080018dc0,0x0000000080007a7a,0x0000000000800000,0x00000000800191f0,0x0000000080018e40,0x00000000005869e6,0x0000000036000000,0x00000000000a44c4,0x0000000000000002,0x00000000002c34f3,0x0000000038000000,0x00000000000a44c4,0x000000006c000000,0x0000000000000018,0x0000000070000000,0x00000000005869e6,0x3fedd0be6c437249,0x000000008000a130,0x403e88fa391e4302,0x403e88fa391e4302,0x412a02504af4f0d8,0x415207644e6cf41f,0x01a56e1fc2f8f359,0x0000000000000000,0x403e88fa391e4302,0x000000008000a130,0x00000000015b325c,0x000000000150bbc9,0x00000000015b325c,0x000000000150bbc9,0x00000000001f20c0,0x00000000000009c3,0x0000000000005259,0x0000000000000a1f,0x0000000000007c5e,0x0000000000a27bc0,0x0000000000001535
1784425924482,0x00000000800056f8,0x0000000080019060,0x0000000080007a7a,0x000000000000000f,0x0000000080019430,0x00000000800190b0,0x0000000080019548,0x000000008000f238,0x0000000000000006,0x0000000000000006,0x0000000000000000,0x0000000000000006,0x000000008000f201,0x3fe632d57029a66c,0x0000000000000000,0xffffffffd1bf059e,0x00000000005941ef,0x3fedd0be6c437251,0x0000000080004a0a,0x0000000000000000,0x414fe5a6550e5604,0x412a023d79581062,0x4152075f357a786c,0x0000000000000000,0x0000000000000000,0x0000000000000000,0x0000000080004a0a,0x00000000015bebc9,0x0000000001516f05,0x00000000015bebc9,0x0000000001516f05,0x00000000001f34e6,0x00000000000009cc,0x000000000000525c,0x0000000000000a2f,0x0000000000007cbe,0x0000000000a2d632,0x0000000000001538
1784425925121,0x0000000080005866,0x0000000080018ee0,0x0000000080007a7a,0x000000000000000f,0x00000000800191f0,0x0000000080018f20,0x00000000800191a8,0x00000000800003f0,0x0000000080019160,0x0000000000000003,0x0000000080019160,0x0000000080019188,0x000000008000f201,0x3fe632d57029a66c,0x0000000000000000,0xffffffffd1bf059e,0x00000000005941ef,0x3fedd0be6c437251,0x0000000080004c62,0x0000000000000000,0x414fe5a6550e5604,0x412a023d79581062,0x4152075f357a786c,0x3ff12c1dda637635,0x0000000000000000,0x0000000000000000,0x0000000080004c62,0x00000000015ca1a3,0x00000000015223cf,0x00000000015ca1a3,0x00000000015223cf,0x00000000001f4378,0x00000000000009cc,0x000000000000525c,0x0000000000000a2f,0x0000000000007cc9,0x0000000000a32b60,0x000000000000153b
1784425925693,0x0000000080005a7c,0x00000000800193f0,0x0000000080007a7a,0x000000000000000f,0x0000000080007a96,0x0000000080019440,0x0000000080019548,0x0000000000000000,0x0000000000000008,0x000000008000f208,0x0000000080003a9a,0x00000000800195f0,0x000000007d7dfeae,0x000000001a0381e6,0x0000000000000000,0x000000007d5932ae,0x000000000057d25b,0x3fedd0be6c437254,0x0000000080005a9e,0x0000000000000000,0x414fe5a88236e2eb,0x412a0247ab6ae7d5,0x41520765b5c91d15,0x414fe4ae57a43fe6,0x415207621c9789b1,0x3ff0000000000000,0x0000000080005a9e,0x00000000015d527f,0x000000000152d01f,0x00000000015d527f,0x000000000152d01f,0x00000000001f56b2,0x00000000000009d7,0x000000000000525e,0x0000000000000a3b,0x0000000000007d30,0x0000000000a38406,0x000000000000153e
1784425926289,0x0000000080009fc2,0x0000000080018dc0,0x0000000080007a7a,0x0000000000000200,0x00000000800191f0,0x0000000080018e40,0x00000000005869e6,0x0000000036076e00,0x00000000004e4e08,0x0000000000000002,0x00000000002c34f3,0xffffffffb0665e00,0x00000000004e4e09,0x000000006c0edc00,0x000000000000000a,0x0000000060ccbc00,0x00000000005869e6,0x3fedd0be6c437254,0x000000008000a130,0x403e88fa391e4302,0x403e88fa391e4302,0x412a0247ab6ae7d5,0x41520765b5c91d15,0x3ff12c1dda637635,0x0000000000000000,0x403e88fa391e4302,0x000000008000a130,0x00000000015e1d0b,0x0000000001539945,0x00000000015e1d0b,0x0000000001539945,0x00000000001f66a0,0x00000000000009d7,0x000000000000525e,0x0000000000000a3b,0x0000000000007d42,0x0000000000a3e38c,0x0000000000001541
1784425926857,0x0000000080005a7c,0x00000000800193f0,0x0000000080007a7a,0x000000000000000f,0x0000000080007a96,0x0000000080019440,0x0000000080019548,0x0000000000000000,0x0000000000000008,0x000000008000f208,0x0000000000000004,0x0000000000000004,0xffffffff843ff97e,0xffffffff9b0d6964,0x0000000000000000,0xffffffff843a6878,0x000000000058bd3c,0x3fedd0be6c437253,0x0000000080005a88,0x0000000000000000,0x414fe5a96161e4f7,0x412a02497a0f9097,0x415207651d604189,0x414fe4adfa2d0e56,0x41520762b5b1b487,0x3ff0000000000000,0x0000000080005a88,0x00000000015ec9c5,0x0000000001544098,0x00000000015ec9c5,0x0000000001544098,0x00000000001f79b5,0x00000000000009e2,0x0000000000005260,0x0000000000000a47,0x0000000000007da4,0x0000000000a43905,0x0000000000001544
1784425927437,0x0000000080005850,0x0000000080018ed0,0x0000000080007a7a,0x000000000000000f,0x00000000800191f0,0x0000000080018f20,0x00000000800191f0,0x0000000080019310,0x0000000000000003,0x0000000000000006,0x0000000080019310,0x0000000080019360,0x000000008000f201,0x3fe65525e5a4d714,0x0000000000000000,0xffffffff843a6878,0x000000000058bd3c,0x3fedd0be6c437253,0x00000000800049c6,0x0000000000000000,0x414fe5a96161e4f7,0x412a02497a0f9097,0x415207651d604189,0x0000000000000000,0x0000000000000000,0x0000000000000000,0x00000000800049c6,0x00000000015f8290,0x000000000154f81e,0x00000000015f8290,0x000000000154f81e,0x00000000001f8878,0x00000000000009e2,0x0000000000005260,0x0000000000000a47,0x0000000000007dad,0x0000000000a48f77,0x0000000000001547
1784425928018,0x00000000800056f8,0x0000000080019060,0x0000000080007a7a,0x000000000000000f,0x0000000080019430,0x00000000800190b0,0x0000000080019548,0x000000008000f238,0x0000000000000006,0x0000000000000006,0x0000000080019310,0x0000000000000005,0x000000008000f201,0x3fe8fe26d732c5ef,0x0000000000000000,0xffffffffe35ab3b8,0x0000000000590b43,0x3fedd0be6c43724c,0x00000000800049fc,0x0000000000000000,0x414fe5a5897c1bda,0x412a0246f15b573f,0x4152076511f8a090,0x0000000000000000,0x0000000000000000,0x0000000000000000,0x00000000800049fc,0x00000000016051ad,0x000000000155c2cb,0x00000000016051ad,0x000000000155c2cb,0x00000000001f9e2f,0x00000000000009ed,0x0000000000005263,0x0000000000000a56,0x0000000000007e14,0x0000000000a4f64f,0x000000000000154a
1784425928625,0x0000000080009fc2,0x0000000080018dc0,0x0000000080007a7a,0x0000000000000080,0x00000000800191f0,0x0000000080018e40,0x00000000005869e6,0x0000000036076e00,0x000000000044322c,0x0000000000000002,0x00000000002c34f3,0xffffffffc1997800,0x000000006c0edc80,0x000000006c0edd00,0x0000000000000008,0x000000006c0edc80,0x00000000005869e6,0x3fedd0be6c43724c,0x000000008000a110,0x403e88fa391e4302,0x403e88fa391e4302,0x412a0246f15b573f,0x4152076511f8a090,0x3ff12c1dda63762d,0x0000000000000000,0x403e88fa391e4302,0x000000008000a110,0x0000000001610a0d,0x0000000001567a1d,0x0000000001610a0d,0x0000000001567a1d,0x00000000001facaa,0x00000000000009ed,0x0000000000005263,0x0000000000000a56,0x0000000000007e28,0x0000000000a54d7d,0x000000000000154d
1784425929261,0x00000000800056f8,0x0000000080019060,0x0000000080007a7a,0x000000000000000f,0x0000000080019430,0x00000000800190b0,0x0000000080019548,0x000000008000f238,0x0000000000000006,0x0000000000000006,0x0000000000000001,0x0000000000000006,0x000000008000f201,0x3feb0421c0f25ac6,0x0000000000000000,0x000000003922fef8,0x00000000005854ca,0x3fedd0be6c437243,0x00000000800049d6,0x0000000000000000,0x414fe5a6c96bb98c,0x412a02363b7e9100,0x415207632c432ca5,0x0000000000000000,0x0000000000000000,0x0000000000000000,0x00000000800049d6,0x000000000161c7e2,0x00000000015732c0,0x000000000161c7e2,0x00000000015732c0,0x00000000001fc132,0x00000000000009f8,0x0000000000005265,0x0000000000000a5f,0x0000000000007e7b,0x0000000000a5aafd,0x0000000000001550
1784425929875,0x0000000080005866,0x0000000080018ee0,0x0000000080007a7a,0x000000000000000f,0x00000000800191f0,0x0000000080018f20,0x00000000800191a8,0x00000000800003f0,0x0000000080019160,0x0000000000000003,0x0000000080019160,0x0000000000000003,0x000000008000f201,0x3feb0421c0f25ac6,0x0000000000000000,0x000000003922fef8,0x00000000005854ca,0x3fedd0be6c437243,0x0000000080004c6e,0x0000000000000000,0x414fe5a6c96bb98c,0x412a02363b7e9100,0x415207632c432ca5,0x3ff12c1dda637627,0x0000000000000000,0x0000000000000000,0x0000000080004c6e,0x0000000001627aa3,0x000000000157e45e,0x0000000001627aa3,0x000000000157e45e,0x00000000001fcf83,0x00000000000009f8,0x0000000000005265,0x0000000000000a5f,0x0000000000007e85,0x0000000000a5feab,0x0000000000001554
1784425930499,0x00000000800056f8,0x0000000080019060,0x0000000080007a7a,0x000000000000000f,0x0000000080019430,0x00000000800190b0,0x0000000080019548,0x000000008000f238,0x0000000000000006,0x0000000000000006,0x0000000080019310,0x0000000080019320,0x000000008000f201,0x3fea42193c61b8a4,0x0000000000000000,0xffffffff930c1b38,0x000000000057e196,0x3fedd0be6c437238,0x00000000800049f0,0x0000000000000000,0x414fe5a744f0d845,0x412a02468ab367a1,0x4152075e709a0275,0x0000000000000000,0x0000000000000000,0x0000000000000000,0x00000000800049f0,0x000000000163313a,0x00000000015896e8,0x000000000163313a,0x00000000015896e8,0x00000000001fe33a,0x0000000000000a03,0x0000000000005267,0x0000000000000a6a,0x0000000000007edc,0x0000000000a65a39,0x0000000000001557
1784425931094,0x000000008000583a,0x0000000080018ed0,0x0000000080007a7a,0x000000000000000f,0x00000000800191f0,0x0000000080018f20,0x00000000800194a0,0x000000008000f238,0x0000000000000003,0x0000000000000006,0x00000000800191f0,0x0000000080019278,0x000000008000f201,0x3fea42193c61b8a4,0x0000000000000000,0xffffffff930c1b38,0x000000000057e196,0x3fedd0be6c437238,0x0000000080004984,0x0000000000000000,0x414fe5a744f0d845,0x412a02468ab367a1,0x4152075e709a0275,0x0000000000000000,0x0000000000000000,0x0000000000000000,0x0000000080004984,0x000000000163e13b,0x00000000015945cd,0x000000000163e13b,0x00000000015945cd,0x00000000001ff156,0x0000000000000a03,0x0000000000005267,0x0000000000000a6a,0x0000000000007ee4,0x0000000000a6ac9c,0x000000000000155a
1784425931716,0x00000000800056f8,0x0000000080019060,0x0000000080007a7a,0x000000000000000f,0x0000000080019430,0x00000000800190b0,0x0000000080019548,0x000000008000f238,0x0000000000000006,0x0000000000000006,0x0000000000000000,0x0000000000000012,0x000000008000f201,0x3fe3b5f9bafbdef7,0x0000000000000000,0x0000000042835738,0x000000000058cb07,0x3fedd0be6c43722c,0x000000008000497a,0x0000000000000000,0x414fe5a5943fe5c9,0x412a0253a0902de0,0x415207665eb367a1,0x0000000000000000,0x0000000000000000,0x0000000000000000,0x000000008000497a,0x000000000164be92,0x00000000015a1f3d,0x000000000164be92,0x00000000015a1f3d,0x000000000020083c,0x0000000000000a0e,0x0000000000005269,0x0000000000000a75,0x0000000000007f33,0x0000000000a71a71,0x000000000000155d
1784425932285,0x0000000080009fc2,0x0000000080018dc0,0x0000000080007a7a,0x0000000000080000,0x00000000800191f0,0x0000000080018e40,0x00000000005869e6,0x0000000036000000,0x0000000000a44c46,0x0000000000000002,0x00000000002c34f3,0xffffffff80000000,0x0000000000a44c47,0x000000006c000000,0x0000000000000014,0x0000000000000000,0x00000000005869e6,0x3fedd0be6c43722c,0x000000008000a130,0x403e88fa391e4302,0x403e88fa391e4302,0x412a0253a0902de0,0x415207665eb367a1,0x01a56e1fc2f8f359,0x0000000000000000,0x403e88fa391e4302,0x000000008000a130,0x0000000001656d91,0x00000000015ace24,0x0000000001656d91,0x00000000015ace24,0x00000000002015ef,0x0000000000000a10,0x0000000000005269,0x0000000000000a75,0x0000000000007f42,0x0000000000a76e58,0x0000000000001560
1784425932890,0x00000000800056f8,0x0000000080019060,0x0000000080007a7a,0x000000000000000f,0x0000000080019430,0x00000000800190b0,0x0000000080019548,0x000000008000f238,0x0000000000000006,0x0000000000000006,0x0000000000000005,0x0000000000000006,0x000000008000f201,0x3fe74d021121d393,0x0000000000000000,0xffffffff8c57908e,0x0000000000592477,0x3fedd0be6c43721e,0x0000000080004998,0x0000000000000000,0x414fe5a5c5ab9f56,0x412a023c08db8bac,0x415207629cded289,0x0000000000000000,0x0000000000000000,0x0000000000000000,0x0000000080004998,0x00000000016625d4,0x00000000015b80e7,0x00000000016625d4,0x00000000015b80e7,0x0000000000202a09,0x0000000000000a19,0x000000000000526c,0x0000000000000a84,0x0000000000007f94,0x0000000000a7c876,0x0000000000001563
1784425933522,0x0000000080005850,0x0000000080018ed0,0x0000000080007a7a,0x000000000000000f,0x00000000800191f0,0x0000000080018f20,0x00000000800191f0,0x0000000080019310,0x0000000000000003,0x0000000000000006,0x0000000000000002,0x0000000000000006,0x000000008000f201,0x3fe74d021121d393,0x0000000000000000,0xffffffff8c57908e,0x0000000000592477,0x3fedd0be6c43721e,0x00000000800049b4,0x0000000000000000,0x414fe5a5c5ab9f56,0x412a023c08db8bac,0x415207629cded289,0x401623e8e4790c0a,0x0000000000000000,0x0000000000000000,0x00000000800049b4,0x000000000166d525,0x00000000015c2f43,0x000000000166d525,0x00000000015c2f43,0x0000000000203816,0x0000000000000a19,0x000000000000526c,0x0000000000000a84,0x0000000000007f9d,0x0000000000a81a9b,0x0000000000001566
1784425934179,0x00000000800056f8,0x0000000080019060,0x0000000080007a7a,0x000000000000000f,0x0000000080019430,0x00000000800190b0,0x0000000080019548,0x000000008000f238,0x0000000000000006,0x0000000000000006,0x0000000080019548,0x0000000080019560,0x000000008000f201,0x3fe5b82b5db7c91f,0x0000000000000000,0x000000002d6a61ee,0x00000000005830ec,0x3fedd0be6c437211,0x00000000800049a6,0x0000000000000000,0x414fe5a358624dd3,0x412a023a1a1cac08,0x41520763594c985f,0x0000000000000000,0x3fe185d1eca6d032,0x3fe185d1eca6d032,0x00000000800049a6,0x0000000001678fd9,0x00000000015ce61a,0x0000000001678fd9,0x00000000015ce61a,0x0000000000204c1c,0x0000000000000a24,0x000000000000526f,0x0000000000000a93,0x0000000000007ff1,0x0000000000a87828,0x0000000000001569
1784425934829,0x0000000080005850,0x0000000080018ed0,0x0000000080007a7a,0x000000000000000f,0x00000000800191f0,0x0000000080018f20,0x00000000800191f0,0x0000000080019310,0x0000000000000003,0x0000000000000006,0x0000000000000000,0x0000000000000000,0x000000008000f201,0x3fe5b82b5db7c91f,0x0000000000000000,0x000000002d6a61ee,0x00000000005830ec,0x3fedd0be6c437211,0x0000000080004976,0x0000000000000000,0x414fe5a358624dd3,0x412a023a1a1cac08,0x41520763594c985f,0x0000000000000000,0x3ff12c1dda637608,0x0000000000000000,0x0000000080004976,0x0000000001684205,0x00000000015d975a,0x0000000001684205,0x00000000015d975a,0x0000000000205a69,0x0000000000000a24,0x000000000000526f,0x0000000000000a93,0x0000000000007ff7,0x0000000000a8cba8,0x000000000000156c
1784425935432,0x0000000080006260,0x0000000080019230,0x402a6014520d6145,0x0000000000000000,0x0000000000000000,0x0000000080019440,0x0000000080019698,0x00000000800194a0,0x000000008000f238,0x00000000800003f0,0x0000000000000003,0x0000000080003cf8,0x0000000027c3dfee,0xffffffffa2815bf8,0x0000000000000000,0x000000002782dfe0,0x000000000075b886,0x3fedd0be6c437204,0x0000000080005e9c,0x0000000000000000,0x401d6e21a8a056fe,0x412a023a1a1cac08,0x41520763594c985f,0x0000000000000000,0x3ff0000000000000,0x3ee53eac819e67ed,0x0000000080005e9c,0x000000000168f746,0x00000000015e493c,0x000000000168f746,0x00000000015e493c,0x0000000000206d21,0x0000000000000a2e,0x000000000000526f,0x0000000000000a94,0x0000000000008033,0x0000000000a925fd,0x000000000000156f
1784425936032,0x000000008000583a,0x0000000080018ed0,0x0000000080007a7a,0x000000000000000f,0x00000000800191f0,0x0000000080018f20,0x00000000800194a0,0x000000008000f238,0x0000000000000003,0x0000000000000006,0x0000000000000003,0x000000000000000c,0x000000008000f201,0x3fe505a3089b19ae,0x0000000000000000,0x000000004dc37fde,0x000000000057c105,0x3fedd0be6c437204,0x0000000080004998,0x0000000000000000,0x414fe5a266425aee,0x412a023d9da5119d,0x415207644a2d0e56,0x0000000000000000,0x0000000000000000,0x0000000000000000,0x0000000080004998,0x000000000169af8e,0x00000000015eff6b,0x000000000169af8e,0x00000000015eff6b,0x0000000000207cab,0x0000000000000a2f,0x0000000000005271,0x0000000000000a9e,0x000000000000805b,0x0000000000a97cb8,0x0000000000001572
1784425936641,0x0000000080006270,0x0000000080019440,0x402a6014520d6141,0x0000000000000000,0x0000000000000000,0x0000000080019700,0x0000000080019698,0x00000000800194a0,0x000000008000f238,0x00000000800003f0,0x000000008000f208,0x000000008000f270,0xfffffffff89d5bde,0xffffffff90d85b12,0x0000000000000000,0xfffffffff89d195e,0x000000000056ecef,0x3fedd0be6c4371f7,0x00000000800062e2,0x0000000000000000,0x4000dfc5a6685ed6,0x412a023d9da5119d,0x415207644a2d0e56,0x0000000000000000,0x4012207dfca3cb69,0x401281f1602edbd7,0x00000000800062e2,0x00000000016a70bd,0x00000000015fbc31,0x00000000016a70bd,0x00000000015fbc31,0x0000000000209151,0x0000000000000a3a,0x0000000000005271,0x0000000000000a9f,0x00000000000080a0,0x0000000000a9dc12,0x0000000000001575
1784425937215,0x000000008000583a,0x0000000080018ed0,0x0000000080007a7a,0x000000000000000f,0x00000000800191f0,0x0000000080018f20,0x00000000800194a0,0x000000008000f238,0x0000000000000003,0x0000000000000006,0x0000000000000001,0x0000000000000000,0x000000008000f201,0x3fe557c79cc9f9f8,0x0000000000000000,0xffffffffae29b738,0x000000000057d24f,0x3fedd0be6c4371f7,0x00000000800049e0,0x0000000000000000,0x414fe5a1d3f7ced9,0x412a02398a3d70a4,0x4152075fe161e4f7,0x0000000000000000,0x3fe1aec7af362c5b,0x0000000000000000,0x00000000800049e0,0x00000000016b1582,0x0000000001605fac,0x00000000016b1582,0x0000000001605fac,0x0000000000209e53,0x0000000000000a3a,0x0000000000005273,0x0000000000000aa9,0x00000000000080c4,0x0000000000aa2a23,0x0000000000001578
1784425937847,0x0000000080006260,0x0000000080019230,0x402a6014520d613d,0x0000000000000000,0x0000000000000000,0x0000000080019440,0x0000000080019698,0x00000000800194a0,0x000000008000f238,0x00000000800003f0,0x000000008000f238,0x000000008000f298,0xffffffffe9573bee,0x000000002143cd4a,0x0000000000000000,0xffffffffe952334e,0x0000000000493cdd,0x3fedd0be6c4371ec,0x0000000080005bfc,0x0000000000000000,0x40324f374850f353,0x412a02398a3d70a4,0x4152075fe161e4f7,0x01a56e1fc2f8f359,0x0000000000000000,0x0000000000000000,0x0000000080005bfc,0x00000000016bd208,0x0000000001611a52,0x00000000016bd208,0x0000000001611a52,0x000000000020af4a,0x0000000000000a43,0x0000000000005273,0x0000000000000aa9,0x000000000000810b,0x0000000000aa86ca,0x000000000000157b
1784425938438,0x0000000080005820,0x0000000080018ed0,0x0000000080007a7a,0x000000000000000f,0x00000000800191f0,0x0000000080018f20,0x000000008000f238,0x0000000080019310,0x0000000000000006,0x0000000000000006,0x0000000000000004,0x0000000000000003,0x000000008000f201,0x3fe029f6ef2b5bb2,0x0000000000000000,0x000000006eec89fe,0x000000000057a37a,0x3fedd0be6c4371ec,0x00000000800049d6,0x0000000000000000,0x414fe5a4cae7d567,0x412a024001a36e2f,0x41520762a703afb8,0x402e61c980105fda,0x0000000000000000,0x0000000000000000,0x00000000800049d6,0x00000000016c8178,0x000000000161c539,0x00000000016c8178,0x000000000161c539,0x000000000020c072,0x0000000000000a45,0x0000000000005276,0x0000000000000ab7,0x0000000000008133,0x0000000000aada0c,0x000000000000157e
1784425939018,0x0000000080006260,0x0000000080019230,0x402a6014520d6139,0x0000000000000000,0x0000000000000000,0x0000000080019440,0x0000000080019698,0x00000000800194a0,0x000000008000f238,0x00000000800003f0,0x0000000000000005,0x0000000000000002,0xffffffffafaf7ffc,0x000000003bac8fe8,0x0000000000000000,0xffffffffafad7ee0,0x00000000005c4046,0x3fedd0be6c4371df,0x0000000080005c9e,0x0000000000000000,0x401710118eeb23fa,0x412a024001a36e2f,0x41520762a703afb8,0x01a56e1fc2f8f359,0x0000000000000000,0x402a6014520d6139,0x0000000080005c9e,0x00000000016d5a4b,0x0000000001629a13,0x00000000016d5a4b,0x0000000001629a13,0x000000000020d59b,0x0000000000000a4e,0x0000000000005276,0x0000000000000ab8,0x000000000000817e,0x0000000000ab44f4,0x0000000000001581
1784425939573,0x000000008000583a,0x0000000080018ed0,0x0000000080007a7a,0x000000000000000f,0x00000000800191f0,0x0000000080018f20,0x00000000800194a0,0x000000008000f238,0x0000000000000003,0x0000000000000006,0x0000000000000001,0x0000000000000006,0x000000008000f201,0x3fdda583bb0ea571,0x0000000000000000,0x000000007aafa70e,0x0000000000588187,0x3fedd0be6c4371df,0x00000000800049d6,0x0000000000000000,0x414fe5a480e21965,0x412a02430bc6a7f0,0x41520765d6027525,0x0000000000000000,0x401623e8e4790c0a,0x0000000000000000,0x00000000800049d6,0x00000000016e0dad,0x0000000001634aa1,0x00000000016e0dad,0x0000000001634aa1,0x000000000020e52c,0x0000000000000a50,0x0000000000005277,0x0000000000000abc,0x00000000000081aa,0x0000000000ab98e7,0x0000000000001584
1784425940152,0x0000000080006362,0x0000000080019440,0x402a6014520d6135,0x0000000000000000,0x0000000000000000,0x0000000080019700,0x0000000000000001,0x0000000043021d85,0x000000008000f3a8,0x0000000000000001,0x00000000000000f1,0x0000000000006970,0x000000005c77fb5f,0x000000000c087612,0x0000000000000000,0x000000005c35b35e,0x000000000058ab39,0x3fedd0be6c4371d4,0x00000000800063ae,0x0000000000000000,0x40862ace43021d85,0x412a02430bc6a7f0,0x41520765d6027525,0x01a56e1fc2f8f359,0x3ff0000000000000,0x3ff0000000000000,0x00000000800063ae,0x00000000016ed8aa,0x00000000016410f9,0x00000000016ed8aa,0x00000000016410f9,0x000000000020fa9d,0x0000000000000a5b,0x0000000000005277,0x0000000000000abd,0x000000000000820c,0x0000000000abfdb0,0x0000000000001587
1784425940788,0x000000008000583a,0x0000000080018ed0,0x0000000080007a7a,0x000000000000000f,0x00000000800191f0,0x0000000080018f20,0x00000000800194a0,0x000000008000f238,0x0000000000000003,0x0000000000000006,0x0000000000000001,0x0000000000000006,0x000000008000f201,0x3fe1516e3770c6ce,0x0000000000000000,0x000000005c35b35e,0x000000000058ab39,0x3fedd0be6c4371d4,0x0000000080004970,0x0000000000000000,0x414fe5a099ad42c4,0x412a0239f6ae7d56,0x41520760aac710cb,0x0000000000000000,0x0000000000000000,0x0000000000000000,0x0000000080004970,0x00000000016f8789,0x000000000164be60,0x00000000016f8789,0x000000000164be60,0x0000000000210883,0x0000000000000a5b,0x0000000000005279,0x0000000000000ac9,0x0000000000008217,0x0000000000ac4f63,0x000000000000158b
1784425941361,0x0000000080006128,0x0000000080019440,0x0000000080007a7a,0x000000000000000f,0x0000000080007a96,0x0000000080019700,0x0000000080019548,0x0000000000000000,0x0000000000000008,0x0000000080000438,0x0000000000000090,0x00000000800194a0,0xffffffffa7ebb77f,0x00000000324410c2,0x0000000000000000,0xffffffffa7eb967e,0x000000000057abaf,0x3fedd0be6c4371cb,0x000000008000613c,0x0000000000000000,0x414fe59ed78a0903,0x412a02472631f8a1,0x415207665e5aee63,0x414fe4a998adab9f,0x4129fe54e9446738,0x41520764750ff972,0x000000008000613c,0x00000000017050a4,0x00000000016582b1,0x00000000017050a4,0x00000000016582b1,0x0000000000211db6,0x0000000000000a66,0x000000000000527b,0x0000000000000ad4,0x000000000000828c,0x0000000000acb363,0x000000000000158e
1784425941954,0x0000000080005850,0x0000000080018ed0,0x0000000080007a7a,0x000000000000000f,0x00000000800191f0,0x0000000080018f20,0x00000000800191f0,0x0000000080019310,0x0000000000000003,0x0000000000000006,0x0000000000000001,0x0000000000000003,0x000000008000f201,0x3fda50ec9d52aaf5,0x0000000000000000,0xffffffffa7eb967e,0x000000000057abaf,0x3fedd0be6c4371cb,0x00000000800049d6,0x0000000000000000,0x414fe59ed78a0903,0x412a02472631f8a1,0x415207665e5aee63,0x0000000000000000,0x401623e8e4790c0a,0x0000000000000000,0x00000000800049d6,0x0000000001710ff0,0x00000000016640d2,0x0000000001710ff0,0x00000000016640d2,0x0000000000212d04,0x0000000000000a66,0x000000000000527b,0x0000000000000ad4,0x0000000000008291,0x0000000000ad0ce0,0x0000000000001591
1784425942523,0x0000000080006260,0x0000000080019230,0x402a6014520d612e,0x0000000000000000,0x0000000000000000,0x0000000080019440,0x0000000080019698,0x00000000800194a0,0x000000008000f238,0x00000000800003f0,0x0000000000000003,0x0000000080019440,0xfffffffff4d7f53e,0x000000006c3259d4,0x0000000000000000,0xfffffffff4d57438,0x000000000065b974,0x3fedd0be6c4371c3,0x0000000080006046,0x0000000000000000,0x40296e5d1b0c9675,0x412a02472631f8a1,0x415207665e5aee63,0x0000000000000000,0x0000000000000000,0x3fb7415f13e5e588,0x0000000080006046,0x000000000171c039,0x000000000166ece3,0x000000000171c039,0x000000000166ece3,0x0000000000213fff,0x0000000000000a70,0x000000000000527b,0x0000000000000ad5,0x00000000000082d2,0x0000000000ad6463,0x0000000000001594
1784425943073,0x000000008000589c,0x0000000080018ed0,0x0000000080007a7a,0x0000000000000000,0x00000000800191f0,0x0000000080018f20,0x0000000080019280,0x0000000080019118,0x0000000000000006,0x0000000000000003,0x0000000000000001,0x0000000000000003,0xffffffffce3f1fff,0x0000000043f14cea,0x0000000000000000,0xffffffffce281d0e,0x000000000055dc95,0x3fedd0be6c4371c3,0x0000000080004a06,0x0000000000000000,0x4025772550fc533b,0x412a02445288ce70,0x415207635af69446,0x401623e8e4790c0a,0x0000000000000000,0x3fc733d476943792,0x0000000080004a06,0x000000000172a0ae,0x000000000167cc96,0x000000000172a0ae,0x000000000167cc96,0x0000000000215215,0x0000000000000a7a,0x000000000000527e,0x0000000000000ae3,0x000000000000831a,0x0000000000add176,0x0000000000001597
1784425943697,0x00000000800056f8,0x0000000080019060,0x0000000080007a7a,0x000000000000000f,0x0000000080019430,0x00000000800190b0,0x0000000080019548,0x000000008000f238,0x0000000000000006,0x0000000000000006,0x0000000080019310,0x0000000080019368,0x000000008000f201,0x3fde47d00a0fe712,0x0000000000000000,0x0000000040cc32e0,0x0000000000594b6c,0x3fedd0be6c4371bc,0x00000000800049f0,0x0000000000000000,0x414fe5a36495182b,0x412a0236dbe76c8b,0x41520768341bda51,0x0000000000000000,0x0000000000000000,0x0000000000000000,0x00000000800049f0,0x0000000001735251,0x0000000001687833,0x0000000001735251,0x0000000001687833,0x0000000000216571,0x0000000000000a7c,0x0000000000005281,0x0000000000000af2,0x000000000000835d,0x0000000000ae26fc,0x000000000000159a
1784425944360,0x000000008000519e,0x0000000080018e90,0x0000000080007a7a,0x0000000000000000,0x00000000800191f0,0x0000000080018ee0,0x0000000000000000,0x0000000050fc533a,0x000000003fe00000,0x4025772550fc533a,0x0000000000000000,0x0000000000000000,0x00000000566af6fe,0x0000000043f14ce8,0x0000000000000000,0x00000000560ab6e0,0x000000000055dc95,0x3fedd0be6c4371bc,0x0000000080005298,0x0000000000000000,0x4025772550fc533a,0x412a0236dbe76c8b,0x41520768341bda51,0x01a56e1fc2f8f359,0x3fc729f14d4a146a,0x3fa0c481d88c2013,0x0000000080005298,0x0000000001741351,0x0000000001693946,0x0000000001741351,0x0000000001693946,0x00000000002174e3,0x0000000000000a85,0x0000000000005281,0x0000000000000af2,0x0000000000008387,0x0000000000ae84b7,0x000000000000159d
1784425944940,0x00000000800056f8,0x0000000080019060,0x0000000080007a7a,0x000000000000000f,0x0000000080019430,0x00000000800190b0,0x0000000080019548,0x000000008000f238,0x0000000000000006,0x0000000000000006,0x0000000000000006,0x0000000000000006,0x000000008000f201,0x3fe3d737f7a53324,0x0000000000000000,0xffffffff9eeb1d78,0x00000000005841e5,0x3fedd0be6c4371b6,0x0000000080004a06,0x0000000000000000,0x414fe59c9374bc6a,0x412a02400b6ae7d5,0x415207638f318fc5,0x0000000000000000,0x0000000000000000,0x0000000000000000,0x0000000080004a06,0x000000000174db17,0x000000000169fa80,0x000000000174db17,0x000000000169fa80,0x00000000002189f7,0x0000000000000a87,0x0000000000005283,0x0000000000000afd,0x00000000000083d2,0x0000000000aee459,0x00000000000015a0
1784425945496,0x000000008000519e,0x0000000080018e90,0x0000000080007a7a,0x0000000000000000,0x00000000800191f0,0x0000000080018ee0,0x0000000000000000,0x0000000050fc533a,0x000000003fe00000,0x4025772550fc533a,0x0000000000000001,0x0000000000000003,0xffffffffddff7dee,0x0000000043f14ce6,0x0000000000000000,0xffffffffdded50ae,0x000000000055dc95,0x3fedd0be6c4371b6,0x00000000800053a6,0x0000000000000000,0x4025772550fc533a,0x412a02400b6ae7d5,0x415207638f318fc5,0x0000000000000000,0x0000000000000000,0x3fa0c481d88c2013,0x00000000800053a6,0x00000000017589fb,0x00000000016aaa13,0x00000000017589fb,0x00000000016aaa13,0x00000000002197f1,0x0000000000000a90,0x0000000000005283,0x0000000000000afd,0x00000000000083ec,0x0000000000af39d8,0x00000000000015a3
1784425946106,0x0000000080005744,0x0000000080019060,0x0000000080007a7a,0x000000000000000f,0x00000000800191f0,0x00000000800190b0,0x0000000080019310,0x00000000800191f0,0x0000000000000006,0x0000000000000006,0x00000000800191f0,0x00000000800192e8,0x000000008000f201,0x3fe232991730ede4,0x0000000000000000,0xffffffffab84d38e,0x00000000005787bc,0x3fedd0be6c4371b0,0x00000000800049c6,0x0000000000000000,0x414fe5a3ef80346e,0x412a0247c92a3055,0x4152076387c50481,0x0000000000000000,0x3fe185d1eca6d032,0x3fe185d1eca6d032,0x00000000800049c6,0x0000000001766bcb,0x00000000016b862c,0x0000000001766bcb,0x00000000016b862c,0x000000000021aeff,0x0000000000000a92,0x0000000000005285,0x0000000000000b08,0x0000000000008438,0x0000000000afa636,0x00000000000015a6
1784425946678,0x00000000800058dc,0x0000000080018ee0,0x0000000080007a7a,0x0000000000000000,0x00000000800191f0,0x0000000080018f20,0x000000008000f208,0x0000000080019070,0x000000008000f208,0x0000000000000006,0x000000008000f208,0x0000000000000028,0xffffffffddff7dee,0x0000000043f14ce6,0x0000000000000000,0xffffffffdded50ae,0x000000000055dc95,0x3fedd0be6c4371b0,0x0000000080005510,0x0000000000000000,0x4025772550fc533a,0x412a0247c92a3055,0x4152076387c50481,0xc015dfed41f00000,0x3fe232991730ede4,0xbfaa1690447bbbe6,0x0000000080005510,0x000000000177160a,0x00000000016c308a,0x000000000177160a,0x00000000016c308a,0x000000000021bd0e,0x0000000000000a9b,0x0000000000005285,0x0000000000000b08,0x0000000000008450,0x0000000000aff8fe,0x00000000000015a9
1784425947253,0x00000000800056f8,0x0000000080019060,0x0000000080007a7a,0x000000000000000f,0x0000000080019430,0x00000000800190b0,0x0000000080019548,0x000000008000f238,0x0000000000000006,0x0000000000000006,0x0000000080019310,0x0000000080019428,0x000000008000f201,0x3fe0913012e93226,0x0000000000000000,0xfffffffffaf0be00,0x0000000000593e53,0x3fedd0be6c4371ac,0x00000000800049f0,0x0000000000000000,0x414fe5a532161e4f,0x412a02465566cf42,0x4152076153141206,0x0000000000000000,0x0000000000000000,0x0000000000000000,0x00000000800049f0,0x000000000177d909,0x00000000016ced24,0x000000000177d909,0x00000000016ced24,0x000000000021d17d,0x0000000000000a9d,0x0000000000005288,0x0000000000000b17,0x0000000000008499,0x0000000000b056d1,0x00000000000015ac
1784425947844,0x00000000800057ae,0x0000000080018d90,0x0000000080007a7a,0x0000000000000000,0x00000000800191f0,0x0000000080018de0,0x0000000080018f50,0x000000008000f238,0x0000000000000006,0x0000000000000006,0x0000000000000000,0x0000000000000000,0xffffffffddff7dee,0x0000000043f14ce6,0x0000000000000000,0xffffffffdded50ae,0x000000000055dc95,0x3fedd0be6c4371ac,0x0000000080004970,0x0000000000000000,0x4025772550fc533a,0x412a02465566cf42,0x4152076153141206,0x8000000000000000,0x0000000000000000,0x0000000000000000,0x0000000080004970,0x000000000178b3ab,0x00000000016dc95c,0x000000000178b3ab,0x00000000016dc95c,0x000000000021e347,0x0000000000000aa6,0x0000000000005288,0x0000000000000b17,0x00000000000084af,0x0000000000b0c0f2,0x00000000000015af
1784425948416,0x0000000080005744,0x0000000080019060,0x0000000080007a7a,0x000000000000000f,0x00000000800191f0,0x00000000800190b0,0x0000000080019310,0x00000000800191f0,0x0000000000000006,0x0000000000000006,0x0000000080019310,0x0000000080019428,0x000000008000f201,0x3fd8bbb2158801f2,0x0000000000000000,0x000000002d5c030e,0x0000000000597f7c,0x3fedd0be6c4371a8,0x00000000800049a6,0x0000000000000000,0x414fe5a5ff86c227,0x412a022f3e83e426,0x415207620d8793de,0x3fc17a1e17d07729,0x3fedd0be6c4371a8,0x3fedd0be6c4371a8,0x00000000800049a6,0x0000000001798986,0x00000000016e98bc,0x0000000001798986,0x00000000016e98bc,0x000000000021f930,0x0000000000000aa8,0x000000000000528b,0x0000000000000b24,0x00000000000084fd,0x0000000000b127a4,0x00000000000015b2
1784425949015,0x00000000800057ae,0x0000000080018d90,0x0000000080007a7a,0x0000000000000000,0x00000000800191f0,0x0000000080018de0,0x0000000080018f50,0x000000008000f238,0x0000000000000006,0x0000000000000006,0x0000000080018df0,0x0000000080018e88,0xffffffffddff7dee,0x0000000043f14ce6,0x0000000000000000,0xffffffffdded50ae,0x000000000055dc95,0x3fedd0be6c4371a8,0x0000000080004982,0x0000000000000000,0x4025772550fc533a,0x412a022f3e83e426,0x415207620d8793de,0x8000000000000000,0x0000000000000000,0x0000000000000000,0x0000000080004982,0x00000000017a4262,0x00000000016f5281,0x00000000017a4262,0x00000000016f5281,0x0000000000220859,0x0000000000000ab1,0x000000000000528b,0x0000000000000b24,0x0000000000008518,0x0000000000b18196,0x00000000000015b5
1784425949609,0x0000000080005744,0x0000000080019060,0x0000000080007a7a,0x000000000000000f,0x00000000800191f0,0x00000000800190b0,0x0000000080019310,0x00000000800191f0,0x0000000000000006,0x0000000000000006,0x00000000800191f0,0x0000000000000004,0x000000008000f201,0x3fd2f26000ac46f5,0x0000000000000000,0x00000000428f068e,0x000000000058b393,0x3fedd0be6c4371a6,0x00000000800049d0,0x0000000000000000,0x414fe5a368b43958,0x412a0233922d0e56,0x415207662efec56d,0x0000000000000000,0x0000000000000000,0x0000000000000000,0x00000000800049d0,0x00000000017af1dd,0x00000000016ffc96,0x00000000017af1dd,0x00000000016ffc96,0x0000000000221b2b,0x0000000000000ab3,0x000000000000528d,0x0000000000000b2f,0x0000000000008553,0x0000000000b1d6aa,0x00000000000015b8
1784425950184,0x00000000800057ae,0x0000000080018d90,0x0000000080007a7a,0x0000000000000000,0x00000000800191f0,0x0000000080018de0,0x0000000080018f50,0x000000008000f238,0x0000000000000006,0x0000000000000006,0x0000000000000003,0x0000000000000006,0xffffffffddff7dee,0x0000000043f14ce6,0x0000000000000000,0xffffffffdded50ae,0x000000000055dc95,0x3fedd0be6c4371a6,0x00000000800049b0,0x0000000000000000,0x4025772550fc533a,0x412a0233922d0e56,0x415207662efec56d,0x8000000000000000,0x0000000000000000,0x0000000000000000,0x00000000800049b0,0x00000000017bc460,0x000000000170cf6b,0x00000000017bc460,0x000000000170cf6b,0x0000000000222c69,0x0000000000000abc,0x000000000000528d,0x0000000000000b2f,0x0000000000008573,0x0000000000b23c6b,0x00000000000015bb
1784425950770,0x000000008000583a,0x0000000080018ed0,0x0000000080007a7a,0x000000000000000f,0x00000000800191f0,0x0000000080018f20,0x00000000800194a0,0x000000008000f238,0x0000000000000003,0x0000000000000006,0x0000000000000002,0x0000000000000006,0x000000008000f201,0x3fd79983bec2e575,0x0000000000000000,0x00000000614d875e,0x0000000000587d61,0x3fedd0be6c4371a4,0x000000008000498e,0x0000000000000000,0x414fe5a08f3eab36,0x412a0230458793de,0x41520769d0275254,0x0000000000000000,0x0000000000000000,0x0000000000000000,0x000000008000498e,0x00000000017cae00,0x000000000171b33b,0x00000000017cae00,0x000000000171b33b,0x00000000002243df,0x0000000000000abe,0x000000000000528f,0x0000000000000b3a,0x00000000000085b8,0x0000000000b2acbc,0x00000000000015be
1784425951368,0x0000000080006260,0x0000000080019230,0x402a6014520d6115,0x0000000000000000,0x0000000000000000,0x0000000080019440,0x0000000080019698,0x00000000800194a0,0x000000008000f238,0x00000000800003f0,0x0000000000000001,0x0000000080019468,0x000000001fafffdf,0x000000002043f52e,0x0000000000000000,0x000000001f8d75de,0x0000000000571535,0x3fedd0be6c4371a2,0x0000000080005d56,0x0000000000000000,0x4035c54d4810fd4c,0x412a0230458793de,0x41520769d0275254,0x01a56e1fc2f8f359,0x0000000000000000,0x0000000000000000,0x0000000080005d56,0x00000000017d6ad5,0x0000000001726c53,0x00000000017d6ad5,0x0000000001726c53,0x00000000002256a7,0x0000000000000ac7,0x000000000000528f,0x0000000000000b3b,0x0000000000008604,0x0000000000b30a70,0x00000000000015c1
1784425952004,0x0000000080005850,0x0000000080018ed0,0x0000000080007a7a,0x000000000000000f,0x00000000800191f0,0x0000000080018f20,0x00000000800191f0,0x0000000080019310,0x0000000000000003,0x0000000000000006,0x0000000000000005,0x000000000000000f,0x000000008000f201,0x3fe209c4fc06443d,0x0000000000000000,0x0000000008aba9ae,0x000000000057f03d,0x3fedd0be6c4371a2,0x00000000800049b4,0x0000000000000000,0x414fe5a40a7ef9db,0x412a023b01205bc0,0x41520769ec6c2268,0x0000000000000000,0x401623e8e4790c0a,0x401623e8e4790c0a,0x00000000800049b4,0x00000000017e2f11,0x0000000001732d65,0x00000000017e2f11,0x0000000001732d65,0x00000000002267ab,0x0000000000000ac9,0x0000000000005292,0x0000000000000b49,0x000000000000862b,0x0000000000b36652,0x00000000000015c4
1784425952624,0x00000000800056f8,0x0000000080019060,0x0000000080007a7a,0x000000000000000f,0x0000000080019430,0x00000000800190b0,0x0000000080019548,0x000000008000f238,0x0000000000000006,0x0000000000000006,0x0000000000000003,0x0000000000000021,0x000000008000f201,0x3fe76adc9e7208c1,0x0000000000000000,0x000000007f104538,0x0000000000591b28,0x3fedd0be6c4371a2,0x000000008000499c,0x0000000000000000,0x414fe59fece3bcd3,0x412a023c8631f8a1,0x415207655dd7dbf5,0x0000000000000000,0x0000000000000000,0x0000000000000000,0x000000008000499c,0x00000000017f208a,0x0000000001741a06,0x00000000017f208a,0x0000000001741a06,0x000000000022802c,0x0000000000000ad4,0x0000000000005295,0x0000000000000b58,0x0000000000008691,0x0000000000b3dd31,0x00000000000015c7
1784425953201,0x0000000080005794,0x0000000080018db0,0x0000000080007a7a,0x0000000000000000,0x00000000800191f0,0x0000000080018de0,0x0000000080018f50,0x0000000000000006,0x0000000000000006,0x0000000000000003,0x0000000000000001,0x0000000000000006,0x0000000065cffe7b,0x0000000043f14ce4,0x0000000000000000,0x0000000065cfea78,0x000000000055dc95,0x3fedd0be6c4371a2,0x0000000080004d78,0x0000000000000000,0x4025772550fc5339,0x412a023c8631f8a1,0x415207655dd7dbf5,0x3f8314f4c02b2a00,0xbfc733d476943792,0x3fea330ae25af21c,0x0000000080004d78,0x00000000017ffb2a,0x000000000174f5b4,0x00000000017ffb2a,0x000000000174f5b4,0x00000000002291e2,0x0000000000000add,0x0000000000005295,0x0000000000000b58,0x00000000000086b8,0x0000000000b4470b,0x00000000000015ca
1784425953896,0x0000000080005744,0x0000000080019060,0x0000000080007a7a,0x000000000000000f,0x00000000800191f0,0x00000000800190b0,0x0000000080019310,0x00000000800191f0,0x0000000000000006,0x0000000000000006,0x0000000000000004,0x0000000000000006,0x000000008000f201,0x3fe66f35ec4ffb6a,0x0000000000000000,0x0000000019725dee,0x0000000000588003,0x3fedd0be6c4371a2,0x0000000080004a26,0x0000000000000000,0x414fe59c42d42c3d,0x412a0236335a8588,0x41520763e6041893,0x0000000000000000,0x3fb85cd8e2c41b82,0x3fb85cd8e2c41b82,0x0000000080004a26,0x000000000180c268,0x000000000175b69d,0x000000000180c268,0x000000000175b69d,0x000000000022a6a9,0x0000000000000adf,0x0000000000005296,0x0000000000000b5f,0x0000000000008704,0x0000000000b4a6e9,0x00000000000015cd
1784425954567,0x00000000800057ae,0x0000000080018d90,0x0000000080007a7a,0x0000000000000000,0x00000000800191f0,0x0000000080018de0,0x0000000080018f50,0x000000008000f238,0x0000000000000006,0x0000000000000006,0x0000000080018df0,0x0000000000000040,0x0000000065cffe7b,0x0000000043f14ce4,0x0000000000000000,0x0000000065cfea78,0x000000000055dc95,0x3fedd0be6c4371a2,0x0000000080004954,0x0000000000000000,0x4025772550fc5339,0x412a0236335a8588,0x41520763e6041893,0x8000000000000000,0x3fb85cd8e2c41b82,0x3fb85cd8e2c41b82,0x0000000080004954,0x0000000001817e8f,0x00000000017672e0,0x0000000001817e8f,0x00000000017672e0,0x000000000022b606,0x0000000000000ae8,0x0000000000005296,0x0000000000000b5f,0x000000000000872f,0x0000000000b50206,0x00000000000015d0
1784425955169,0x0000000080005744,0x0000000080019060,0x0000000080007a7a,0x000000000000000f,0x00000000800191f0,0x00000000800190b0,0x0000000080019310,0x00000000800191f0,0x0000000000000006,0x0000000000000006,0x00000000800191f0,0x0000000080019208,0x000000008000f201,0x3fe39f0477ca70c4,0x0000000000000000,0xffffffffc0bb4e78,0x000000000057a8ab,0x3fedd0be6c4371a2,0x00000000800049c6,0x0000000000000000,0x414fe5a03e219653,0x412a023ad7dbf488,0x41520765053dd97f,0x0000000000000000,0x0000000000000000,0x0000000000000000,0x00000000800049c6,0x0000000001822e12,0x0000000001771d07,0x0000000001822e12,0x0000000001771d07,0x000000000022c8d0,0x0000000000000aea,0x0000000000005297,0x0000000000000b64,0x0000000000008774,0x0000000000b55749,0x00000000000015d3
1784425955745,0x00000000800057ae,0x0000000080018d90,0x0000000080007a7a,0x0000000000000000,0x00000000800191f0,0x0000000080018de0,0x0000000080018f50,0x000000008000f238,0x0000000000000006,0x0000000000000006,0x0000000000000001,0x0000000000000006,0x0000000065cffe7b,0x0000000043f14ce4,0x0000000000000000,0x0000000065cfea78,0x000000000055dc95,0x3fedd0be6c4371a2,0x000000008000496c,0x0000000000000000,0x4025772550fc5339,0x412a023ad7dbf488,0x41520765053dd97f,0x3ff0000000000000,0xbfb9a486f73efccb,0x3fdcf46da09c9983,0x000000008000496c,0x000000000182f1dc,0x000000000177e126,0x000000000182f1dc,0x000000000177e126,0x000000000022d8d4,0x0000000000000af3,0x0000000000005297,0x0000000000000b64,0x0000000000008798,0x0000000000b5b618,0x00000000000015d6
1784425956327,0x0000000080005744,0x0000000080019060,0x0000000080007a7a,0x000000000000000f,0x00000000800191f0,0x00000000800190b0,0x0000000080019310,0x00000000800191f0,0x0000000000000006,0x0000000000000006,0x0000000000000003,0x000000000000001b,0x000000008000f201,0x3fe2558cbbc25e49,0x0000000000000000,0xfffffffffd90f780,0x000000000058a3ab,0x3fedd0be6c4371a2,0x000000008000499a,0x0000000000000000,0x414fe5a211e4f766,0x412a023cc872b021,0x4152076b358adaba,0x0000000000000000,0x0000000000000000,0x0000000000000000,0x000000008000499a,0x000000000183b9cf,0x000000000178a318,0x000000000183b9cf,0x000000000178a318,0x000000000022eda2,0x0000000000000af5,0x0000000000005299,0x0000000000000b6f,0x00000000000087de,0x0000000000b61674,0x00000000000015d9
1784425956900,0x00000000800057ae,0x0000000080018d90,0x0000000080007a7a,0x0000000000000000,0x00000000800191f0,0x0000000080018de0,0x0000000080018f50,0x000000008000f238,0x0000000000000006,0x0000000000000006,0x0000000000000003,0x0000000000000012,0x0000000065cffe7b,0x0000000043f14ce4,0x0000000000000000,0x0000000065cfea78,0x000000000055dc95,0x3fedd0be6c4371a2,0x0000000080004992,0x0000000000000000,0x4025772550fc5339,0x412a023cc872b021,0x4152076b358adaba,0x8000000000000000,0x0000000000000000,0x0000000000000000,0x0000000080004992,0x00000000018479a4,0x000000000179632d,0x00000000018479a4,0x000000000179632d,0x000000000022fd4e,0x0000000000000afe,0x0000000000005299,0x0000000000000b6f,0x0000000000008806,0x0000000000b6735c,0x00000000000015dc
1784425957477,0x0000000080005744,0x0000000080019060,0x0000000080007a7a,0x000000000000000f,0x00000000800191f0,0x00000000800190b0,0x0000000080019310,0x00000000800191f0,0x0000000000000006,0x0000000000000006,0x0000000000000005,0x0000000000000006,0x000000008000f201,0x3fe86d433d4871c8,0x0000000000000000,0xffffffffbba5d1f8,0x0000000000592731,0x3fedd0be6c4371a2,0x000000008000496c,0x0000000000000000,0x414fe59d817f62b7,0x412a0234dd97f62b,0x41520764f1f8a090,0x3ff117a2f91bc7b6,0x0000000000000000,0x0000000000000000,0x000000008000496c,0x00000000018530af,0x00000000017a144e,0x00000000018530af,0x00000000017a144e,0x00000000002310b6,0x0000000000000b00,0x000000000000529a,0x0000000000000b74,0x000000000000884d,0x0000000000b6cbde,0x00000000000015df
1784425958061,0x00000000800057ae,0x0000000080018d90,0x0000000080007a7a,0x0000000000000000,0x00000000800191f0,0x0000000080018de0,0x0000000080018f50,0x000000008000f238,0x0000000000000006,0x0000000000000006,0x0000000000000002,0x0000000000000006,0x0000000065cffe7b,0x0000000043f14ce4,0x0000000000000000,0x0000000065cfea78,0x000000000055dc95,0x3fedd0be6c4371a2,0x00000000800049b0,0x0000000000000000,0x4025772550fc5339,0x412a0234dd97f62b,0x41520764f1f8a090,0x3fea330ae25af21c,0x0000000000000000,0x0000000000000000,0x00000000800049b0,0x000000000185ed26,0x00000000017ad103,0x000000000185ed26,0x00000000017ad103,0x000000000023201b,0x0000000000000b09,0x000000000000529a,0x0000000000000b74,0x0000000000008874,0x0000000000b72733,0x00000000000015e2
1784425958642,0x0000000080005744,0x0000000080019060,0x0000000080007a7a,0x000000000000000f,0x00000000800191f0,0x00000000800190b0,0x0000000080019310,0x00000000800191f0,0x0000000000000006,0x0000000000000006,0x00000000800190d0,0x0000000080019168,0x000000008000f201,0x3fe60493ce2fe5de,0x0000000000000000,0xfffffffffcdcfc7e,0x0000000000580c6f,0x3fedd0be6c4371a2,0x00000000800049f2,0x0000000000000000,0x414fe59eb6075f70,0x412a0236d3f7ced9,0x415207670e560419,0x3fdcf46da09c9983,0x0000000000000000,0x0000000000000000,0x00000000800049f2,0x00000000018696d1,0x00000000017b74a2,0x00000000018696d1,0x00000000017b74a2,0x0000000000233261,0x0000000000000b0b,0x000000000000529c,0x0000000000000b7f,0x00000000000088bb,0x0000000000b77943,0x00000000000015e5
1784425959241,0x00000000800057ae,0x0000000080018d90,0x0000000080007a7a,0x0000000000000000,0x00000000800191f0,0x0000000080018de0,0x0000000080018f50,0x000000008000f238,0x0000000000000006,0x0000000000000006,0x0000000000000000,0x0000000000000006,0x0000000065cffe7b,0x0000000043f14ce4,0x0000000000000000,0x0000000065cfea78,0x000000000055dc95,0x3fedd0be6c4371a2,0x00000000800049b0,0x0000000000000000,0x4025772550fc5339,0x412a0236d3f7ced9,0x415207670e560419,0x3fea330ae25af21c,0x0000000000000000,0x0000000000000000,0x00000000800049b0,0x0000000001874c0c,0x00000000017c2a3c,0x0000000001874c0c,0x00000000017c2a3c,0x000000000023412f,0x0000000000000b14,0x000000000000529c,0x0000000000000b7f,0x00000000000088e0,0x0000000000b7d13d,0x00000000000015e8
1784425959816,0x0000000080005744,0x0000000080019060,0x0000000080007a7a,0x000000000000000f,0x00000000800191f0,0x00000000800190b0,0x0000000080019310,0x00000000800191f0,0x0000000000000006,0x0000000000000006,0x00000000800190d0,0x0000000080019120,0x000000008000f201,0x3fe63d26021e050c,0x0000000000000000,0x0000000065ec1ff8,0x0000000000586bde,0x3fedd0be6c4371a2,0x00000000800049f0,0x0000000000000000,0x414fe5a22875f6fd,0x412a024029930be1,0x4152076591ed288d,0x0000000000000000,0x0000000000000000,0x0000000000000000,0x00000000800049f0,0x000000000187ff86,0x00000000017cd833,0x000000000187ff86,0x00000000017cd833,0x0000000000235456,0x0000000000000b16,0x000000000000529e,0x0000000000000b8a,0x000000000000891c,0x0000000000b82843,0x00000000000015eb
1784425960406,0x00000000800058f2,0x0000000080018ed0,0x0000000080007a7a,0x0000000000000000,0x00000000800191f0,0x0000000080018f20,0x00000000800193a0,0x00000000800194a0,0x0000000000000006,0x0000000000000003,0x00000000800194a0,0x00000000800194f0,0x0000000065cffe7b,0x0000000043f14ce4,0x0000000000000000,0x0000000065cfea78,0x000000000055dc95,0x3fedd0be6c4371a2,0x00000000800049c8,0x0000000000000000,0x4025772550fc5339,0x412a024029930be1,0x4152076591ed288d,0x0000000000000000,0x0000000000000000,0x0000000000000000,0x00000000800049c8,0x000000000188b382,0x00000000017d8c7f,0x000000000188b382,0x00000000017d8c7f,0x0000000000236325,0x0000000000000b1f,0x000000000000529e,0x0000000000000b8a,0x0000000000008935,0x0000000000b87fa6,0x00000000000015ee
1784425961015,0x0000000080005744,0x0000000080019060,0x0000000080007a7a,0x000000000000000f,0x00000000800191f0,0x00000000800190b0,0x0000000080019310,0x00000000800191f0,0x0000000000000006,0x0000000000000006,0x00000000800191f0,0x0000000000000038,0x000000008000f201,0x3fe473881abe3a38,0x0000000000000000,0x000000007e908fe0,0x0000000000598670,0x3fedd0be6c4371a2,0x00000000800049c4,0x0000000000000000,0x414fe59e68f5c28f,0x412a02353bf487fd,0x415207668798c7e3,0x0000000000000000,0x0000000000000000,0x0000000000000000,0x00000000800049c4,0x00000000018978c4,0x00000000017e4c19,0x00000000018978c4,0x00000000017e4c19,0x000000000023779f,0x0000000000000b21,0x00000000000052a1,0x0000000000000b99,0x0000000000008973,0x0000000000b8dedd,0x00000000000015f1
1784425961608,0x00000000800057ae,0x0000000080018d90,0x0000000080007a7a,0x0000000000000000,0x00000000800191f0,0x0000000080018de0,0x0000000080018f50,0x000000008000f238,0x0000000000000006,0x0000000000000006,0x0000000080018df0,0x0000000080018df8,0x0000000065cffe7b,0x0000000043f14ce4,0x0000000000000000,0x0000000065cfea78,0x000000000055dc95,0x3fedd0be6c4371a2,0x00000000800049f0,0x0000000000000000,0x4025772550fc5339,0x412a02353bf487fd,0x415207668798c7e3,0x8000000000000000,0x3fdcf46da09c9984,0x3fdcf46da09c9984,0x00000000800049f0,0x00000000018a3897,0x00000000017f0c4c,0x00000000018a3897,0x00000000017f0c4c,0x0000000000238754,0x0000000000000b2a,0x00000000000052a1,0x0000000000000b99,0x0000000000008996,0x0000000000b93bd6,0x00000000000015f4
1784425962209,0x0000000080005744,0x0000000080019060,0x0000000080007a7a,0x000000000000000f,0x00000000800191f0,0x00000000800190b0,0x0000000080019310,0x00000000800191f0,0x0000000000000006,0x0000000000000006,0x00000000800190d0,0x00000000800191c0,0x000000008000f201,0x3fe3da792298d613,0x0000000000000000,0x0000000002efd41e,0x0000000000587448,0x3fedd0be6c4371a2,0x00000000800049f2,0x0000000000000000,0x414fe59c7d66cf42,0x412a02383b98c7e3,0x4152076913da511a,0x0000000000000000,0x0000000000000000,0x0000000000000000,0x00000000800049f2,0x00000000018b086f,0x00000000017fd5dd,0x00000000018b086f,0x00000000017fd5dd,0x0000000000239cc2,0x0000000000000b2c,0x00000000000052a4,0x0000000000000ba8,0x00000000000089dd,0x0000000000b99fc8,0x00000000000015f7
1784425962814,0x00000000800057ae,0x0000000080018d90,0x0000000080007a7a,0x0000000000000000,0x00000000800191f0,0x0000000080018de0,0x0000000080018f50,0x000000008000f238,0x0000000000000006,0x0000000000000006,0x0000000000000005,0x000000000000001e,0x0000000065cffe7b,0x0000000043f14ce4,0x0000000000000000,0x0000000065cfea78,0x000000000055dc95,0x3fedd0be6c4371a2,0x0000000080004944,0x0000000000000000,0x4025772550fc5339,0x412a02383b98c7e3,0x4152076913da511a,0x8000000000000000,0x3fedd0be6c4371a2,0x3fedd0be6c4371a2,0x0000000080004944,0x00000000018bd918,0x000000000180a6f4,0x00000000018bd918,0x000000000180a6f4,0x000000000023add8,0x0000000000000b35,0x00000000000052a4,0x0000000000000ba8,0x00000000000089f8,0x0000000000ba04b4,0x00000000000015fa
1784425963382,0x0000000080005820,0x0000000080018ed0,0x0000000080007a7a,0x000000000000000f,0x00000000800191f0,0x0000000080018f20,0x000000008000f238,0x0000000080019310,0x0000000000000006,0x0000000000000006,0x0000000000000005,0x0000000000000006,0x000000008000f201,0x3fe63022b8250fad,0x0000000000000000,0x000000000b02620e,0x00000000005853d3,0x3fedd0be6c4371a2,0x000000008000498e,0x0000000000000000,0x414fe59f34f0d845,0x412a0237a8f5c28f,0x4152076599a02752,0x0000000000000000,0x0000000000000000,0x0000000000000000,0x000000008000498e,0x00000000018ca7d8,0x0000000001817006,0x00000000018ca7d8,0x0000000001817006,0x000000000023c31c,0x0000000000000b37,0x00000000000052a6,0x0000000000000bb3,0x0000000000008a41,0x0000000000ba687a,0x00000000000015fd
1784425964040,0x0000000080006260,0x0000000080019230,0x402a6014520d6113,0x0000000000000000,0x0000000000000000,0x0000000080019440,0x0000000080019698,0x00000000800194a0,0x000000008000f238,0x00000000800003f0,0x00000000800194a0,0x00000000800194a0,0x000000001369cd7f,0xffffffffb69a8aee,0x0000000000000000,0x000000001321455e,0x000000000040dced,0x3fedd0be6c4371a2,0x0000000080005ce6,0x0000000000000000,0x4020373b6da6a2bc,0x412a0237a8f5c28f,0x4152076599a02752,0x01a56e1fc2f8f359,0x0000000000000000,0x3ff0000000000000,0x0000000080005ce6,0x00000000018d7593,0x0000000001823b1e,0x00000000018d7593,0x0000000001823b1e,0x000000000023d6a0,0x0000000000000b40,0x00000000000052a6,0x0000000000000bb4,0x0000000000008a7c,0x0000000000bacdfd,0x0000000000001600
1784425964723,0x000000008000583a,0x0000000080018ed0,0x0000000080007a7a,0x000000000000000f,0x00000000800191f0,0x0000000080018f20,0x00000000800194a0,0x000000008000f238,0x0000000000000003,0x0000000000000006,0x00000000800191f0,0x0000000080019238,0x000000008000f201,0x3fe3dc5b7dd320bd,0x0000000000000000,0xffffffff8fa3f8fe,0x000000000058dcfa,0x3fedd0be6c4371a2,0x00000000800049f0,0x0000000000000000,0x414fe59c4ad77319,0x412a02350f0d844d,0x4152076721119ce0,0x3ff0000000000000,0x0000000000000000,0x3fe1aec7af362c5b,0x00000000800049f0,0x00000000018e3103,0x000000000182f31a,0x00000000018e3103,0x000000000182f31a,0x000000000023e7a4,0x0000000000000b42,0x00000000000052a8,0x0000000000000bbf,0x0000000000008aa4,0x0000000000bb264c,0x0000000000001603
1784425965357,0x0000000080006260,0x0000000080019230,0x402a6014520d6113,0x0000000000000000,0x0000000000000000,0x0000000080019440,0x0000000080019698,0x00000000800194a0,0x000000008000f238,0x00000000800003f0,0x0000000000000001,0x0000000000000001,0xffffffff99ffbcba,0xffffffffa93a20d4,0x0000000000000000,0xffffffff99dd2838,0x00000000007aef62,0x3fedd0be6c4371a2,0x0000000080005bba,0x0000000000000000,0x400ebbd8aa4e8835,0x412a02350f0d844d,0x4152076721119ce0,0x01a56e1fc2f8f359,0x0000000000000000,0x0000000000000000,0x0000000080005bba,0x00000000018edf78,0x000000000183a03f,0x00000000018edf78,0x000000000183a03f,0x000000000023f73c,0x0000000000000b4b,0x00000000000052a8,0x0000000000000bbf,0x0000000000008adf,0x0000000000bb7c5a,0x0000000000001606
1784425965975,0x0000000080005820,0x0000000080018ed0,0x0000000080007a7a,0x000000000000000f,0x00000000800191f0,0x0000000080018f20,0x000000008000f238,0x0000000080019310,0x0000000000000006,0x0000000000000006,0x0000000000000001,0x000000000000000d,0x000000008000f201,0x3fe37a9e06a86eef,0x0000000000000000,0xffffffffdeaaa8b8,0x0000000000584df6,0x3fedd0be6c4371a2,0x0000000080004978,0x0000000000000000,0x414fe598e2c710cb,0x412a023552bd3c36,0x41520763699b3d08,0x0000000000000000,0x0000000000000000,0x0000000000000000,0x0000000080004978,0x00000000018f91f1,0x0000000001844e19,0x00000000018f91f1,0x0000000001844e19,0x00000000002408e7,0x0000000000000b4d,0x00000000000052ab,0x0000000000000bcd,0x0000000000008b08,0x0000000000bbd12d,0x0000000000001609
1784425966580,0x00000000800057ae,0x0000000080018d90,0x0000000080007a7a,0x0000000000000000,0x00000000800191f0,0x0000000080018de0,0x0000000080018f50,0x000000008000f238,0x0000000000000006,0x0000000000000006,0x0000000080018df0,0x0000000080018ed8,0x0000000065cffe7b,0x0000000043f14ce4,0x0000000000000000,0x0000000065cfea78,0x000000000055dc95,0x3fedd0be6c4371a2,0x00000000800049f0,0x0000000000000000,0x4025772550fc5339,0x412a023552bd3c36,0x41520763699b3d08,0x8000000000000000,0x0000000000000000,0x0000000000000000,0x00000000800049f0,0x0000000001903b4b,0x000000000184f75e,0x0000000001903b4b,0x000000000184f75e,0x00000000002416d3,0x0000000000000b56,0x00000000000052ab,0x0000000000000bcd,0x0000000000008b31,0x0000000000bc234c,0x000000000000160c
1784425967167,0x0000000080005820,0x0000000080018ed0,0x0000000080007a7a,0x000000000000000f,0x00000000800191f0,0x0000000080018f20,0x000000008000f238,0x0000000080019310,0x0000000000000006,0x0000000000000006,0x0000000000000006,0x0000000000000003,0x000000008000f201,0x3fdd1126a02a94c3,0x0000000000000000,0x000000002a76a1f8,0x000000000057d264,0x3fedd0be6c4371a2,0x0000000080004a1c,0x0000000000000000,0x414fe59ebca2339c,0x412a023dbfd8adac,0x4152076a04275254,0x0000000000000000,0x0000000000000000,0x0000000000000000,0x0000000080004a1c,0x00000000019105d3,0x000000000185bc0e,0x00000000019105d3,0x000000000185bc0e,0x0000000000242bba,0x0000000000000b58,0x00000000000052ae,0x0000000000000bda,0x0000000000008b7b,0x0000000000bc850e,0x000000000000160f
1784425967779,0x0000000080006260,0x0000000080019230,0x402a6014520d6113,0x0000000000000000,0x0000000000000000,0x0000000080019440,0x0000000080019698,0x00000000800194a0,0x000000008000f238,0x00000000800003f0,0x0000000000000002,0x0000000000000000,0xffffffffb07f7ff7,0x000000001f12edd8,0x0000000000000000,0xffffffffb0532ce0,0x00000000006a22d3,0x3fedd0be6c4371a2,0x0000000080005bb6,0x0000000000000000,0x402a88b4c7c4bb76,0x412a023dbfd8adac,0x4152076a04275254,0x01a56e1fc2f8f359,0x0000000000000000,0x0000000000000000,0x0000000080005bb6,0x000000000191c421,0x000000000186794c,0x000000000191c421,0x000000000186794c,0x0000000000243b99,0x0000000000000b61,0x00000000000052ae,0x0000000000000bda,0x0000000000008bc1,0x0000000000bce1e2,0x0000000000001612
1784425968359,0x000000008000583a,0x0000000080018ed0,0x0000000080007a7a,0x000000000000000f,0x00000000800191f0,0x0000000080018f20,0x00000000800194a0,0x000000008000f238,0x0000000000000003,0x0000000000000006,0x0000000000000002,0x0000000000000008,0x000000008000f201,0x3fe1fb00c963b62f,0x0000000000000000,0x0000000023a45780,0x00000000005947dd,0x3fedd0be6c4371a2,0x00000000800049e4,0x0000000000000000,0x414fe598dc8b4396,0x412a02387b2fec57,0x4152076b82cbfb16,0x3ff0000000000000,0x0000000000000000,0x401623e8e4790c0a,0x00000000800049e4,0x00000000019292c5,0x0000000001874281,0x00000000019292c5,0x0000000001874281,0x0000000000245085,0x0000000000000b63,0x00000000000052b0,0x0000000000000be5,0x0000000000008be6,0x0000000000bd4473,0x0000000000001615
1784425968978,0x0000000080006260,0x0000000080019230,0x402a6014520d6113,0x0000000000000000,0x0000000000000000,0x0000000080019440,0x0000000080019698,0x00000000800194a0,0x000000008000f238,0x00000000800003f0,0x0000000000000000,0x0000000000000000,0xffffffffb177ff31,0x0000000062cf1d20,0x0000000000000000,0xffffffffb177de00,0x000000000043f3e7,0x3fedd0be6c4371a2,0x0000000080005ca2,0x0000000000000000,0x4030fcf9d8b3c748,0x412a02387b2fec57,0x4152076b82cbfb16,0x01a56e1fc2f8f359,0x4012207dfca3cb69,0x4012207dfca3cb69,0x0000000080005ca2,0x0000000001934cc1,0x000000000187f9ab,0x0000000001934cc1,0x000000000187f9ab,0x000000000024621a,0x0000000000000b6c,0x00000000000052b0,0x0000000000000be6,0x0000000000008c32,0x0000000000bda033,0x0000000000001618
1784425969576,0x0000000080005820,0x0000000080018ed0,0x0000000080007a7a,0x000000000000000f,0x00000000800191f0,0x0000000080018f20,0x000000008000f238,0x0000000080019310,0x0000000000000006,0x0000000000000006,0x0000000000000005,0x0000000000000006,0x000000008000f201,0x3fe696849f4c354d,0x0000000000000000,0xffffffffd794640e,0x000000000058190c,0x3fedd0be6c4371a2,0x000000008000498e,0x0000000000000000,0x414fe59a4c7e2824,0x412a022b0f0d844d,0x4152076830624dd3,0x3ff12c1dda6375ca,0x0000000000000000,0x0000000000000000,0x000000008000498e,0x000000000193fa85,0x000000000188a42d,0x000000000193fa85,0x000000000188a42d,0x0000000000247250,0x0000000000000b6e,0x00000000000052b2,0x0000000000000bf0,0x0000000000008c55,0x0000000000bdf27c,0x000000000000161b
1784425970146,0x0000000080006260,0x0000000080019230,0x402a6014520d6113,0x0000000000000000,0x0000000000000000,0x0000000080019440,0x0000000080019698,0x00000000800194a0,0x000000008000f238,0x00000000800003f0,0x00000000800194a0,0x00000000800194a8,0x000000000bd9fb7f,0xffffffffa2a65e42,0x0000000000000000,0x000000000bd9bb7e,0x000000000063cd61,0x3fedd0be6c4371a2,0x0000000080005bd6,0x0000000000000000,0x4018f35868a99791,0x412a022b0f0d844d,0x4152076830624dd3,0x01a56e1fc2f8f359,0x0000000000000000,0x0000000000000000,0x0000000080005bd6,0x000000000194afdb,0x00000000018958da,0x000000000194afdb,0x00000000018958da,0x0000000000248153,0x0000000000000b77,0x00000000000052b2,0x0000000000000bf0,0x0000000000008c9f,0x0000000000be4b22,0x000000000000161e
1784425970714,0x0000000080005820,0x0000000080018ed0,0x0000000080007a7a,0x000000000000000f,0x00000000800191f0,0x0000000080018f20,0x000000008000f238,0x0000000080019310,0x0000000000000006,0x0000000000000006,0x0000000000000001,0x0000000000000004,0x000000008000f201,0x3fe66a63977dbce3,0x0000000000000000,0xffffffffe5873a9e,0x000000000057d238,0x3fedd0be6c4371a2,0x0000000080004978,0x0000000000000000,0x414fe594cc25aee6,0x412a023ee0346dc6,0x41520769bb089a02,0x3fe1aec7af362c5b,0x0000000000000000,0x0000000000000000,0x0000000080004978,0x0000000001955d7f,0x00000000018a016b,0x0000000001955d7f,0x00000000018a016b,0x00000000002493b8,0x0000000000000b79,0x00000000000052b5,0x0000000000000bff,0x0000000000008cc7,0x0000000000be9e71,0x0000000000001621
1784425971289,0x00000000800057ae,0x0000000080018d90,0x0000000080007a7a,0x0000000000000000,0x00000000800191f0,0x0000000080018de0,0x0000000080018f50,0x000000008000f238,0x0000000000000006,0x0000000000000006,0x0000000080018df0,0x0000000080018ed8,0x0000000065cffe7b,0x0000000043f14ce4,0x0000000000000000,0x0000000065cfea78,0x000000000055dc95,0x3fedd0be6c4371a2,0x000000008000495c,0x0000000000000000,0x4025772550fc5339,0x412a023ee0346dc6,0x41520769bb089a02,0x8000000000000000,0x402a6014520d6113,0x0000000000000000,0x000000008000495c,0x0000000001961428,0x00000000018ab7ef,0x0000000001961428,0x00000000018ab7ef,0x000000000024a2ba,0x0000000000000b82,0x00000000000052b5,0x0000000000000bff,0x0000000000008cf2,0x0000000000bef6cb,0x0000000000001624
1784425971876,0x000000008000575e,0x0000000080019070,0x0000000080007a7a,0x000000000000000f,0x00000000800191f0,0x00000000800190b0,0x00000000800190d0,0x00000000800002d0,0x000000008000f238,0x0000000000000006,0x0000000000000000,0x0000000000000006,0x000000008000f201,0x3fe7e5475ae663b4,0x0000000000000000,0xffffffffa011284e,0x000000000057d07b,0x3fedd0be6c4371a2,0x0000000080004c6e,0x0000000000000000,0x414fe596aa305532,0x412a023c3404ea4b,0x4152076ba9ba5e35,0x3fc17a1e17d07729,0x0000000000000000,0x3fc17a1e17d07729,0x0000000080004c6e,0x000000000196c3ca,0x00000000018b61ad,0x000000000196c3ca,0x00000000018b61ad,0x000000000024b57f,0x0000000000000b84,0x00000000000052b8,0x0000000000000c0e,0x0000000000008d40,0x0000000000bf4bcc,0x0000000000001627
1784425972476,0x00000000800057ae,0x0000000080018d90,0x0000000080007a7a,0x0000000000000000,0x00000000800191f0,0x0000000080018de0,0x0000000080018f50,0x000000008000f238,0x0000000000000006,0x0000000000000006,0x0000000000000003,0x0000000000000006,0x0000000065cffe7b,0x0000000043f14ce4,0x0000000000000000,0x0000000065cfea78,0x000000000055dc95,0x3fedd0be6c4371a2,0x000000008000496c,0x0000000000000000,0x4025772550fc5339,0x412a023c3404ea4b,0x4152076ba9ba5e35,0x8000000000000000,0x0000000000000000,0x0000000000000000,0x000000008000496c,0x0000000001977b36,0x00000000018c1953,0x0000000001977b36,0x00000000018c1953,0x000000000024c480,0x0000000000000b8d,0x00000000000052b8,0x0000000000000c0e,0x0000000000008d6a,0x0000000000bfa4bc,0x000000000000162a
1784425973052,0x0000000080005820,0x0000000080018ed0,0x0000000080007a7a,0x000000000000000f,0x00000000800191f0,0x0000000080018f20,0x000000008000f238,0x0000000080019310,0x0000000000000006,0x0000000000000006,0x0000000080019310,0x0000000000000018,0x000000008000f201,0x3feb432f8b9c7066,0x0000000000000000,0x0000000001596b80,0x0000000000581b79,0x3fedd0be6c4371a2,0x00000000800049c4,0x0000000000000000,0x414fe59b5a7ef9db,0x412a023b91758e22,0x4152076cd566cf42,0x0000000000000000,0x0000000000000000,0x0000000000000000,0x00000000800049c4,0x0000000001984d01,0x00000000018ce56a,0x0000000001984d01,0x00000000018ce56a,0x000000000024da02,0x0000000000000b8f,0x00000000000052ba,0x0000000000000c19,0x0000000000008dae,0x0000000000c00a06,0x000000000000162d
1784425973678,0x00000000800057ae,0x0000000080018d90,0x0000000080007a7a,0x0000000000000000,0x00000000800191f0,0x0000000080018de0,0x0000000080018f50,0x000000008000f238,0x0000000000000006,0x0000000000000006,0x000000008000f238,0x000000008000f328,0x0000000065cffe7b,0x0000000043f14ce4,0x0000000000000000,0x0000000065cfea78,0x000000000055dc95,0x3fedd0be6c4371a2,0x00000000800049c8,0x0000000000000000,0x4025772550fc5339,0x412a023b91758e22,0x4152076cd566cf42,0x3ff0000000000000,0x0000000000000000,0x0000000000000000,0x00000000800049c8,0x0000000001990374,0x00000000018d9ba6,0x0000000001990374,0x00000000018d9ba6,0x000000000024e900,0x0000000000000b98,0x00000000000052ba,0x0000000000000c19,0x0000000000008dd4,0x0000000000c0623e,0x0000000000001630
1784425974379,0x000000008000575e,0x0000000080019070,0x0000000080007a7a,0x000000000000000f,0x00000000800191f0,0x00000000800190b0,0x00000000800190d0,0x00000000800002d0,0x000000008000f238,0x0000000000000006,0x00000000800002d0,0x0000000000000050,0x000000008000f201,0x3fef53cbb4c8422d,0x0000000000000000,0x00000000632355de,0x000000000058fd88,0x3fedd0be6c4371a2,0x0000000080004c3a,0x0000000000000000,0x414fe599f013a92a,0x412a0242b089a027,0x41520768a1916873,0x3fc17a1e17d07729,0x0000000000000000,0x0000000000000000,0x0000000080004c3a,0x000000000199b24f,0x00000000018e449a,0x000000000199b24f,0x00000000018e449a,0x000000000024fbb3,0x0000000000000b9a,0x00000000000052bc,0x0000000000000c24,0x0000000000008e27,0x0000000000c0b6e1,0x0000000000001633
1784425975009,0x0000000080006260,0x0000000080019230,0x402a6014520d6113,0x0000000000000000,0x0000000000000000,0x0000000080019440,0x0000000080019698,0x00000000800194a0,0x000000008000f238,0x00000000800003f0,0x0000000000000001,0x0000000000000006,0xffffffff83ad7f3f,0x0000000071d9e25a,0x0000000000000000,0xffffffff83a47c2e,0x0000000000467675,0x3fedd0be6c4371a2,0x0000000080005c3e,0x0000000000000000,0x40219d9d5c767897,0x412a0242b089a027,0x41520768a1916873,0x01a56e1fc2f8f359,0x0000000000000000,0x0000000000000000,0x0000000080005c3e,0x00000000019a8f89,0x00000000018f20a4,0x00000000019a8f89,0x00000000018f20a4,0x0000000000250ead,0x0000000000000ba3,0x00000000000052bc,0x0000000000000c24,0x0000000000008e6e,0x0000000000c122d0,0x0000000000001636
1784425975606,0x0000000080005820,0x0000000080018ed0,0x0000000080007a7a,0x000000000000000f,0x00000000800191f0,0x0000000080018f20,0x000000008000f238,0x0000000080019310,0x0000000000000006,0x0000000000000006,0x0000000080019280,0x00000000800192d0,0x000000008000f201,0x3fed8d64e4581e5a,0x0000000000000000,0xfffffffff5e674e0,0x0000000000591d09,0x3fedd0be6c4371a2,0x0000000080004982,0x0000000000000000,0x414fe5974a6809d5,0x412a02310f34d6a1,0x41520766b03fe5c9,0x0000000000000000,0x3fe1aec7af362c5b,0x3fe1aec7af362c5b,0x0000000080004982,0x00000000019b40d0,0x00000000018fcd0c,0x00000000019b40d0,0x00000000018fcd0c,0x0000000000252098,0x0000000000000ba5,0x00000000000052bf,0x0000000000000c32,0x0000000000008e95,0x0000000000c17736,0x0000000000001639
1784425976206,0x0000000080006260,0x0000000080019230,0x402a6014520d6113,0x0000000000000000,0x0000000000000000,0x0000000080019440,0x0000000080019698,0x00000000800194a0,0x000000008000f238,0x00000000800003f0,0x0000000000000005,0x000000000000000f,0xffffffff8cceff7a,0xffffffffe5f60eec,0x0000000000000000,0xffffffff8cc8ab38,0x000000000074fcf3,0x3fedd0be6c4371a2,0x0000000080005be6,0x0000000000000000,0x402d3f3cf97d83bb,0x412a02310f34d6a1,0x41520766b03fe5c9,0x01a56e1fc2f8f359,0x0000000000000000,0x0000000000000000,0x0000000080005be6,0x00000000019c05c1,0x00000000019090f1,0x00000000019c05c1,0x00000000019090f1,0x00000000002531a1,0x0000000000000bae,0x00000000000052bf,0x0000000000000c32,0x0000000000008ece,0x0000000000c1d7c1,0x000000000000163c
1784425976776,0x0000000080005850,0x0000000080018ed0,0x0000000080007a7a,0x000000000000000f,0x00000000800191f0,0x0000000080018f20,0x00000000800191f0,0x0000000080019310,0x0000000000000003,0x0000000000000006,0x0000000000000003,0x0000000000000003,0x000000008000f201,0x3fe96b51799bb510,0x0000000000000000,0xffffffff9a15aede,0x000000000057f3b3,0x3fedd0be6c4371a2,0x00000000800049b0,0x0000000000000000,0x414fe599a236e2eb,0x412a022cf89374bc,0x4152076a63c50481,0x3fe1aec7af362c5b,0x0000000000000000,0x0000000000000000,0x00000000800049b0,0x00000000019ce380,0x0000000001916985,0x00000000019ce380,0x0000000001916985,0x000000000025472a,0x0000000000000bb0,0x00000000000052c2,0x0000000000000c3e,0x0000000000008ef7,0x0000000000c24111,0x000000000000163f
1784425977391,0x00000000800056f8,0x0000000080019060,0x0000000080007a7a,0x000000000000000f,0x0000000080019430,0x00000000800190b0,0x0000000080019548,0x000000008000f238,0x0000000000000006,0x0000000000000006,0x0000000000000006,0x0000000000000006,0x000000008000f201,0x3fea022cbfe9c55d,0x0000000000000000,0x000000004cb6883e,0x000000000058417e,0x3fedd0be6c4371a2,0x0000000080004a26,0x0000000000000000,0x414fe5991381d7dc,0x412a02440bfb15b5,0x4152076e11ab9f56,0x0000000000000000,0x0000000000000000,0x0000000000000000,0x0000000080004a26,0x00000000019da80c,0x00000000019229db,0x00000000019da80c,0x00000000019229db,0x0000000000255c04,0x0000000000000bbb,0x00000000000052c4,0x0000000000000c48,0x0000000000008f5b,0x0000000000c2a31b,0x0000000000001642
1784425977980,0x0000000080005850,0x0000000080018ed0,0x0000000080007a7a,0x000000000000000f,0x00000000800191f0,0x0000000080018f20,0x00000000800191f0,0x0000000080019310,0x0000000000000003,0x0000000000000006,0x0000000000000001,0x0000000000000003,0x000000008000f201,0x3fea022cbfe9c55d,0x0000000000000000,0x000000004cb6883e,0x000000000058417e,0x3fedd0be6c4371a2,0x000000008000496c,0x0000000000000000,0x414fe5991381d7dc,0x412a02440bfb15b5,0x4152076e11ab9f56,0x0000000000000000,0x0000000000000000,0x0000000000000000,0x000000008000496c,0x00000000019e59fc,0x000000000192dac3,0x00000000019e59fc,0x000000000192dac3,0x0000000000256a47,0x0000000000000bbb,0x00000000000052c4,0x0000000000000c48,0x0000000000008f65,0x0000000000c2f671,0x0000000000001645
1784425978562,0x00000000800056f8,0x0000000080019060,0x0000000080007a7a,0x000000000000000f,0x0000000080019430,0x00000000800190b0,0x0000000080019548,0x000000008000f238,0x0000000000000006,0x0000000000000006,0x0000000000000005,0x0000000000000005,0x000000008000f201,0x3feeaa6d410f41e2,0x0000000000000000,0x0000000021c53abe,0x000000000059481b,0x3fedd0be6c4371a2,0x000000008000499a,0x0000000000000000,0x414fe5968c74538f,0x412a0231abd3c361,0x415207696413a92a,0x0000000000000000,0x3fe185d1eca6d032,0x3fe185d1eca6d032,0x000000008000499a,0x00000000019f1705,0x0000000001939414,0x00000000019f1705,0x0000000001939414,0x0000000000257e7e,0x0000000000000bc6,0x00000000000052c6,0x0000000000000c52,0x0000000000008fbb,0x0000000000c35524,0x0000000000001648
1784425979137,0x00000000800058f2,0x0000000080018ed0,0x0000000080007a7a,0x0000000000000000,0x00000000800191f0,0x0000000080018f20,0x00000000800193a0,0x00000000800194a0,0x0000000000000006,0x0000000000000003,0x0000000000000002,0x0000000000000005,0x0000000065cffe7b,0x0000000043f14ce4,0x0000000000000000,0x0000000065cfea78,0x000000000055dc95,0x3fedd0be6c4371a2,0x000000008000499c,0x0000000000000000,0x4025772550fc5339,0x412a0231abd3c361,0x415207696413a92a,0x0000000000000000,0x0000000000000000,0x0000000000000000,0x000000008000499c,0x0000000001a00539,0x000000000194830e,0x0000000001a00539,0x000000000194830e,0x00000000002591fd,0x0000000000000bcf,0x00000000000052c6,0x0000000000000c52,0x0000000000008fd1,0x0000000000c3c82d,0x000000000000164b
1784425979707,0x000000008000571c,0x0000000080019070,0x0000000080007a7a,0x000000000000000f,0x0000000080019310,0x00000000800190b0,0x0000000080019548,0x00000000800191f0,0x0000000000000006,0x0000000000000006,0x0000000000000000,0x0000000000000000,0x000000008000f201,0x3fecd808c261967d,0x0000000000000000,0x00000000354350de,0x0000000000581249,0x3fedd0be6c4371a2,0x0000000080004b62,0x0000000000000000,0x414fe596017f62b7,0x412a024536e2eb1c,0x4152076d12b020c5,0x3ff0000000000000,0x0000000000000000,0x3fc17a1e17d07729,0x0000000080004b62,0x0000000001a0c101,0x0000000001953868,0x0000000001a0c101,0x0000000001953868,0x000000000025a5c9,0x0000000000000bd1,0x00000000000052c9,0x0000000000000c60,0x0000000000009018,0x0000000000c42288,0x000000000000164e
1784425980284,0x00000000800058f2,0x0000000080018ed0,0x0000000080007a7a,0x0000000000000000,0x00000000800191f0,0x0000000080018f20,0x00000000800193a0,0x00000000800194a0,0x0000000000000006,0x0000000000000003,0x0000000000000000,0x0000000000000000,0x0000000065cffe7b,0x0000000043f14ce4,0x0000000000000000,0x0000000065cfea78,0x000000000055dc95,0x3fedd0be6c4371a2,0x0000000080004998,0x0000000000000000,0x4025772550fc5339,0x412a024536e2eb1c,0x4152076d12b020c5,0x0000000000000000,0x0000000000000000,0x0000000000000000,0x0000000080004998,0x0000000001a174a4,0x000000000195ed1a,0x0000000001a174a4,0x000000000195ed1a,0x000000000025b480,0x0000000000000bda,0x00000000000052c9,0x0000000000000c60,0x0000000000009031,0x0000000000c47a2d,0x0000000000001651
1784425980873,0x00000000800056f8,0x0000000080019060,0x0000000080007a7a,0x000000000000000f,0x0000000080019430,0x00000000800190b0,0x0000000080019548,0x000000008000f238,0x0000000000000006,0x0000000000000006,0x0000000000000004,0x0000000000000006,0x000000008000f201,0x3fef62859e1424da,0x0000000000000000,0xffffffffe63818fe,0x000000000058efbd,0x3fedd0be6c4371a2,0x00000000800049b0,0x0000000000000000,0x414fe596a5844d01,0x412a0224f8c7e282,0x4152076889e9e1b1,0x0000000000000000,0x0000000000000000,0x0000000000000000,0x00000000800049b0,0x0000000001a22df5,0x000000000196a032,0x0000000001a22df5,0x000000000196a032,0x000000000025c823,0x0000000000000bdc,0x00000000000052cc,0x0000000000000c6e,0x000000000000907e,0x0000000000c4d377,0x0000000000001654
1784425981458,0x000000008000589c,0x0000000080018ed0,0x0000000080007a7a,0x0000000000000000,0x00000000800191f0,0x0000000080018f20,0x0000000080019280,0x0000000080019118,0x0000000000000006,0x0000000000000003,0x0000000000000002,0x0000000000000003,0x0000000065cffe7b,0x0000000043f14ce4,0x0000000000000000,0x0000000065cfea78,0x000000000055dc95,0x3fedd0be6c4371a2,0x0000000080004966,0x0000000000000000,0x4025772550fc5339,0x412a0224f8c7e282,0x4152076889e9e1b1,0x3fe1aec7af362c5b,0x0000000000000000,0x0000000000000000,0x0000000080004966,0x0000000001a2deba,0x00000000019751b4,0x0000000001a2deba,0x00000000019751b4,0x000000000025d635,0x0000000000000be5,0x00000000000052cc,0x0000000000000c6e,0x000000000000909e,0x0000000000c529d2,0x0000000000001657
1784425982024,0x00000000800056f8,0x0000000080019060,0x0000000080007a7a,0x000000000000000f,0x0000000080019430,0x00000000800190b0,0x0000000080019548,0x000000008000f238,0x0000000000000006,0x0000000000000006,0x000000008000f238,0x000000008000f2b0,0x000000008000f201,0x3febe401cda9075c,0x0000000000000000,0xfffffffff0f038f8,0x000000000057b008,0x3fedd0be6c4371a2,0x00000000800049c8,0x0000000000000000,0x414fe596e3d70a3d,0x412a0242469ad42c,0x41520767193a92a3,0x0000000000000000,0x0000000000000000,0x3fdcf46da09c9984,0x00000000800049c8,0x0000000001a395e6,0x000000000198029b,0x0000000001a395e6,0x000000000198029b,0x000000000025e9ff,0x0000000000000be7,0x00000000000052ce,0x0000000000000c78,0x00000000000090e7,0x0000000000c581f6,0x000000000000165a
1784425982617,0x000000008000589c,0x0000000080018ed0,0x0000000080007a7a,0x0000000000000000,0x00000000800191f0,0x0000000080018f20,0x0000000080019280,0x0000000080019118,0x0000000000000006,0x0000000000000003,0x0000000080019118,0x0000000080019138,0x0000000065cffe7b,0x0000000043f14ce4,0x0000000000000000,0x0000000065cfea78,0x000000000055dc95,0x3fedd0be6c4371a2,0x00000000800049c6,0x0000000000000000,0x4025772550fc5339,0x412a0242469ad42c,0x41520767193a92a3,0x401623e8e4790c0a,0x0000000000000000,0x0000000000000000,0x00000000800049c6,0x0000000001a45195,0x000000000198bec6,0x0000000001a45195,0x000000000198bec6,0x000000000025f8f1,0x0000000000000bf0,0x00000000000052ce,0x0000000000000c78,0x000000000000910e,0x0000000000c5dd5a,0x000000000000165d
1784425983253,0x0000000080005744,0x0000000080019060,0x0000000080007a7a,0x000000000000000f,0x00000000800191f0,0x00000000800190b0,0x0000000080019310,0x00000000800191f0,0x0000000000000006,0x0000000000000006,0x0000000000000003,0x0000000000000006,0x000000008000f201,0x3fe6e13b867a1fe6,0x0000000000000000,0x00000000304391f8,0x0000000000591d83,0x3fedd0be6c4371a2,0x0000000080004940,0x0000000000000000,0x414fe59a1645a1cb,0x412a0223de0ded29,0x4152076b595e9e1b,0x0000000000000000,0x0000000000000000,0x0000000000000000,0x0000000080004940,0x0000000001a54597,0x000000000199ad5d,0x0000000001a54597,0x000000000199ad5d,0x000000000026119c,0x0000000000000bf2,0x00000000000052d0,0x0000000000000c82,0x0000000000009150,0x0000000000c65265,0x0000000000001660
1784425983962,0x00000000800056f8,0x0000000080019060,0x0000000080007a7a,0x000000000000000f,0x0000000080019430,0x00000000800190b0,0x0000000080019548,0x000000008000f238,0x0000000000000006,0x0000000000000006,0x0000000000000005,0x000000000000001e,0x000000008000f201,0x3fe762c95cda0090,0x0000000000000000,0x00000000141f36e0,0x0000000000586853,0x3fedd0be6c4371a2,0x00000000800049b4,0x0000000000000000,0x414fe5932fb15b57,0x412a022da1cac083,0x41520764a8553261,0x0000000000000000,0x0000000000000000,0x0000000000000000,0x00000000800049b4,0x0000000001a6643c,0x00000000019ac7a6,0x0000000001a6643c,0x00000000019ac7a6,0x0000000000262db7,0x0000000000000bfd,0x00000000000052d3,0x0000000000000c90,0x00000000000091be,0x0000000000c6dee0,0x0000000000001663
1784425984647,0x0000000080009fc2,0x0000000080018dc0,0x0000000080007a7a,0x0000000000000080,0x00000000800191f0,0x0000000080018e40,0x000000000055dc95,0xffffffffa1f8a600,0x0000000000997556,0x0000000000000003,0x00000000002aee4a,0x0000000063e8b800,0x0000000000997556,0x0000000043f14c00,0x0000000000000007,0xffffffffc7d17000,0x000000000055dc95,0x3fedd0be6c4371a2,0x000000008000a136,0x405ccc3930020bf5,0x405ccc3930020bf5,0x412a022da1cac083,0x41520764a8553261,0x01a56e1fc2f8f359,0x0000000000000000,0x405ccc3930020bf5,0x000000008000a136,0x0000000001a72f38,0x00000000019b9346,0x0000000001a72f38,0x00000000019b9346,0x0000000000263d97,0x0000000000000c00,0x00000000000052d3,0x0000000000000c90,0x00000000000091d8,0x0000000000c74188,0x0000000000001666
1784425985236,0x00000000800056f8,0x0000000080019060,0x0000000080007a7a,0x000000000000000f,0x0000000080019430,0x00000000800190b0,0x0000000080019548,0x000000008000f238,0x0000000000000006,0x0000000000000006,0x0000000080019310,0x0000000000000004,0x000000008000f201,0x3fdf40f55dafc950,0x0000000000000000,0x000000004091e000,0x000000000057bcf6,0x3fedd0be6c4371a2,0x00000000800049fc,0x0000000000000000,0x414fe597395b573f,0x412a0231eb5dcc64,0x41520768326b50b1,0x0000000000000000,0x0000000000000000,0x0000000000000000,0x00000000800049fc,0x0000000001a7db8f,0x00000000019c3906,0x0000000001a7db8f,0x00000000019c3906,0x00000000002650d4,0x0000000000000c08,0x00000000000052d6,0x0000000000000c9c,0x0000000000009227,0x0000000000c7944b,0x0000000000001669
1784425985880,0x000000008000589c,0x0000000080018ed0,0x0000000080007a7a,0x0000000000000000,0x00000000800191f0,0x0000000080018f20,0x0000000080019280,0x0000000080019118,0x0000000000000006,0x0000000000000003,0x00000000800193a0,0x0000000000000003,0x0000000065cffe7b,0x0000000043f14ce4,0x0000000000000000,0x0000000065cfea78,0x000000000055dc95,0x3fedd0be6c4371a2,0x00000000800049f8,0x0000000000000000,0x4025772550fc5339,0x412a0231eb5dcc64,0x41520768326b50b1,0x0000000000000000,0x0000000000000000,0x0000000000000000,0x00000000800049f8,0x0000000001a8b11e,0x00000000019d0eb5,0x0000000001a8b11e,0x00000000019d0eb5,0x00000000002661e7,0x0000000000000c11,0x00000000000052d6,0x0000000000000c9c,0x000000000000924a,0x0000000000c7fbb5,0x000000000000166c
1784425986468,0x00000000800056f8,0x0000000080019060,0x0000000080007a7a,0x000000000000000f,0x0000000080019430,0x00000000800190b0,0x0000000080019548,0x000000008000f238,0x0000000000000006,0x0000000000000006,0x0000000080019310,0x0000000080019368,0x000000008000f201,0x3fd9eeeaf0b2d8dd,0x0000000000000000,0x000000000be8d380,0x000000000058ad6d,0x3fedd0be6c4371a2,0x0000000080004984,0x0000000000000000,0x414fe59005810625,0x412a023095e9e1b1,0x4152076ae7404ea5,0x0000000000000000,0x0000000000000000,0x0000000000000000,0x0000000080004984,0x0000000001a95e3b,0x00000000019db5bd,0x0000000001a95e3b,0x00000000019db5bd,0x00000000002674e0,0x0000000000000c13,0x00000000000052d8,0x0000000000000ca6,0x000000000000929b,0x0000000000c84f09,0x000000000000166f
1784425987113,0x000000008000519e,0x0000000080018e90,0x0000000080007a7a,0x0000000000000000,0x00000000800191f0,0x0000000080018ee0,0x0000000000000000,0x0000000050fc5339,0x000000003fe00000,0x4025772550fc5339,0x0000000000000002,0x0000000000000006,0x0000000065cffe7b,0x0000000043f14ce4,0x0000000000000000,0x0000000065cfea78,0x000000000055dc95,0x3fedd0be6c4371a2,0x00000000800052e4,0x0000000000000000,0x4025772550fc5339,0x412a023095e9e1b1,0x4152076ae7404ea5,0x0000000000000000,0x3fa0c481d88c2013,0x3fa0c481d88c2013,0x00000000800052e4,0x0000000001aa1f62,0x00000000019e774a,0x0000000001aa1f62,0x00000000019e774a,0x000000000026845a,0x0000000000000c1c,0x00000000000052d8,0x0000000000000ca6,0x00000000000092bd,0x0000000000c8acfe,0x0000000000001672
1784425987691,0x00000000800056f8,0x0000000080019060,0x0000000080007a7a,0x000000000000000f,0x0000000080019430,0x00000000800190b0,0x0000000080019548,0x000000008000f238,0x0000000000000006,0x0000000000000006,0x0000000080019310,0x00000000800193a0,0x000000008000f201,0x3fdb8734ec1f02bd,0x0000000000000000,0xffffffffe4abef4e,0x0000000000576af2,0x3fedd0be6c4371a2,0x0000000080004984,0x0000000000000000,0x414fe5915b39c0ec,0x412a0235d5f6fd22,0x4152076ad1bda512,0x0000000000000000,0x0000000000000000,0x0000000000000000,0x0000000080004984,0x0000000001aade02,0x00000000019f2fac,0x0000000001aade02,0x00000000019f2fac,0x00000000002698ac,0x0000000000000c1e,0x00000000000052da,0x0000000000000cb0,0x000000000000930a,0x0000000000c90889,0x0000000000001675
1784425988308,0x000000008000589c,0x0000000080018ed0,0x0000000080007a7a,0x0000000000000000,0x00000000800191f0,0x0000000080018f20,0x0000000080019280,0x0000000080019118,0x0000000000000006,0x0000000000000003,0x0000000000000001,0x0000000000000009,0x0000000065cffe7b,0x0000000043f14ce4,0x0000000000000000,0x0000000065cfea78,0x000000000055dc95,0x3fedd0be6c4371a2,0x000000008000494a,0x0000000000000000,0x4025772550fc5339,0x412a0235d5f6fd22,0x4152076ad1bda512,0x0000000000000000,0x0000000000000000,0x0000000000000000,0x000000008000494a,0x0000000001aba0f2,0x00000000019ff2f6,0x0000000001aba0f2,0x00000000019ff2f6,0x000000000026a835,0x0000000000000c27,0x00000000000052da,0x0000000000000cb0,0x0000000000009335,0x0000000000c96745,0x0000000000001678
1784425988865,0x00000000800056f8,0x0000000080019060,0x0000000080007a7a,0x000000000000000f,0x0000000080019430,0x00000000800190b0,0x0000000080019548,0x000000008000f238,0x0000000000000006,0x0000000000000006,0x0000000080019310,0x0000000080019370,0x000000008000f201,0x3fdc74af029187a3,0x0000000000000000,0xffffffff8e12a95e,0x000000000057f688,0x3fedd0be6c4371a2,0x00000000800049f0,0x0000000000000000,0x414fe591c5e00d1b,0x412a0228a189374c,0x4152076523e425af,0x0000000000000000,0x0000000000000000,0x0000000000000000,0x00000000800049f0,0x0000000001ac4c53,0x0000000001a09833,0x0000000001ac4c53,0x0000000001a09833,0x000000000026bb0d,0x0000000000000c29,0x00000000000052dd,0x0000000000000cbe,0x000000000000937f,0x0000000000c9b9cb,0x000000000000167b
1784425989459,0x000000008000519e,0x0000000080018e40,0x0000000080007a7a,0x000000000000000f,0x00000000800191f0,0x0000000080018e90,0x0000000080019160,0x0000000080019118,0x0000000080018ef8,0x0000000080019118,0x00000000800191a0,0x0000000080019158,0x000000008000f201,0x3fdc74af029187a3,0x0000000000000000,0xffffffff8e12a95e,0x000000000057f688,0x3fedd0be6c4371a2,0x0000000080004fcc,0x0000000000000000,0x414fe591c5e00d1b,0x412a0228a189374c,0x4152076523e425af,0x3ff12c1dda6375ca,0x402e61c980105fa6,0x405ccc3930020bf5,0x0000000080004fcc,0x0000000001acfe55,0x0000000001a14940,0x0000000001acfe55,0x0000000001a14940,0x000000000026c93f,0x0000000000000c29,0x00000000000052dd,0x0000000000000cbe,0x0000000000009389,0x0000000000ca0d33,0x000000000000167e
1784425990042,0x0000000080006178,0x00000000800193f0,0x0000000080007a7a,0x000000000000000f,0x0000000080019530,0x0000000080019440,0x000000008000f208,0x0000000080019668,0x0000000080019548,0x000000008000f208,0x0000000000000005,0x0000000000000005,0x000000002a76f7bf,0xffffffffe2b075f2,0x0000000000000000,0x000000002a74739e,0x00000000005794b1,0x3fedd0be6c4371a2,0x0000000080005a42,0x0000000000000000,0x414fe5961205bc02,0x412a023a28ce703b,0x4152076af7b4a234,0x414fe49a43645a1d,0x41520769dfae9a5a,0x41520769ef21cd8b,0x0000000080005a42,0x0000000001adac3d,0x0000000001a1f2c7,0x0000000001adac3d,0x0000000001a1f2c7,0x000000000026dc54,0x0000000000000c34,0x00000000000052e0,0x0000000000000ccc,0x00000000000093e4,0x0000000000ca6495,0x0000000000001684
1784425990595,0x000000008000583a,0x0000000080018ed0,0x0000000080007a7a,0x000000000000000f,0x00000000800191f0,0x0000000080018f20,0x00000000800194a0,0x000000008000f238,0x0000000000000003,0x0000000000000006,0x00000000800191f0,0x0000000080019248,0x000000008000f201,0x3fcee66662de9d10,0x0000000000000000,0x000000002a74739e,0x00000000005794b1,0x3fedd0be6c4371a2,0x0000000080004984,0x0000000000000000,0x414fe5961205bc02,0x412a023a28ce703b,0x4152076af7b4a234,0x0000000000000000,0x0000000000000000,0x0000000000000000,0x0000000080004984,0x0000000001ae5a08,0x0000000001a29f43,0x0000000001ae5a08,0x0000000001a29f43,0x000000000026ea2b,0x0000000000000c34,0x00000000000052e0,0x0000000000000ccc,0x00000000000093ee,0x0000000000cab5c9,0x0000000000001688
1784425991173,0x0000000080006260,0x0000000080019230,0x402a6014520d6113,0x0000000000000000,0x0000000000000000,0x0000000080019440,0x0000000080019698,0x00000000800194a0,0x000000008000f238,0x00000000800003f0,0x0000000000000000,0xfffffffffffffff0,0x0000000020bdff7f,0xfffffffff74bac42,0x0000000000000000,0x0000000020b59f7e,0x000000000052b671,0x3fedd0be6c4371a2,0x0000000080005cba,0x0000000000000000,0x4024ad9c7dd2eb11,0x412a023a28ce703b,0x4152076af7b4a234,0x01a56e1fc2f8f359,0x3fedd0be6c4371a2,0x0000000000000000,0x0000000080005cba,0x0000000001af0d71,0x0000000001a350ca,0x0000000001af0d71,0x0000000001a350ca,0x000000000026fb25,0x0000000000000c3d,0x00000000000052e0,0x0000000000000ccc,0x0000000000009429,0x0000000000cb0eca,0x000000000000168b
1784425991725,0x0000000080005850,0x0000000080018ed0,0x0000000080007a7a,0x000000000000000f,0x00000000800191f0,0x0000000080018f20,0x00000000800191f0,0x0000000080019310,0x0000000000000003,0x0000000000000006,0x00000000800191a8,0x00000000800191a8,0x000000008000f201,0x3fd1ea44f7e6029d,0x0000000000000000,0x000000003cd02ee0,0x000000000059238f,0x3fedd0be6c4371a2,0x00000000800049f0,0x0000000000000000,0x414fe590b9eecbfb,0x412a0224bf2e48e9,0x4152076ad9f06f69,0x0000000000000000,0x401623e8e4790c0a,0x401623e8e4790c0a,0x00000000800049f0,0x0000000001afdabb,0x0000000001a41a68,0x0000000001afdabb,0x0000000001a41a68,0x0000000000270e08,0x0000000000000c3f,0x00000000000052e2,0x0000000000000cd6,0x000000000000944d,0x0000000000cb6fd5,0x000000000000168e
1784425992284,0x0000000080006260,0x0000000080019230,0x402a6014520d6113,0x0000000000000000,0x0000000000000000,0x0000000080019440,0x0000000080019698,0x00000000800194a0,0x000000008000f238,0x00000000800003f0,0x0000000000000001,0x000000000000000d,0xffffffffdffffe9f,0x00000000143a88c0,0x0000000000000000,0xffffffffdff9b800,0x000000000078fbe0,0x3fedd0be6c4371a2,0x0000000080005cb4,0x0000000000000000,0x401e3ef8050ea230,0x412a0224bf2e48e9,0x4152076ad9f06f69,0x01a56e1fc2f8f359,0x0000000000000000,0x0000000000000000,0x0000000080005cb4,0x0000000001b08be3,0x0000000001a4c8c4,0x0000000001b08be3,0x0000000001a4c8c4,0x0000000000271fcf,0x0000000000000c48,0x00000000000052e2,0x0000000000000cd6,0x0000000000009481,0x0000000000cbc84e,0x0000000000001691
1784425992860,0x0000000080005850,0x0000000080018ed0,0x0000000080007a7a,0x000000000000000f,0x00000000800191f0,0x0000000080018f20,0x00000000800191f0,0x0000000080019310,0x0000000000000003,0x0000000000000006,0x00000000800191a8,0x00000000800191e8,0x000000008000f201,0x3fd39c62536d1074,0x0000000000000000,0x0000000002fbe000,0x0000000000575378,0x3fedd0be6c4371a2,0x00000000800049f0,0x0000000000000000,0x414fe5914b6ae7d5,0x412a02329525460b,0x4152076998b5dcc6,0x3ff12c1dda6375ca,0x402e61c980105fa6,0x402e61c980105fa6,0x00000000800049f0,0x0000000001b15cd9,0x0000000001a596ad,0x0000000001b15cd9,0x0000000001a596ad,0x000000000027320c,0x0000000000000c4a,0x00000000000052e4,0x0000000000000ce0,0x00000000000094a0,0x0000000000cc2a48,0x0000000000001694
1784425993532,0x00000000800056f8,0x0000000080019060,0x0000000080007a7a,0x000000000000000f,0x0000000080019430,0x00000000800190b0,0x0000000080019548,0x000000008000f238,0x0000000000000006,0x0000000000000006,0x0000000000000002,0x000000000000000c,0x000000008000f201,0x3fd1e84471ed248f,0x0000000000000000,0x000000005161231e,0x0000000000581f8a,0x3fedd0be6c4371a2,0x0000000080004944,0x0000000000000000,0x414fe59565cfaace,0x412a023b4ef34d6a,0x4152076a753a92a3,0x0000000000000000,0x0000000000000000,0x0000000000000000,0x0000000080004944,0x0000000001b229e3,0x0000000001a65faf,0x0000000001b229e3,0x0000000001a65faf,0x0000000000274797,0x0000000000000c55,0x00000000000052e7,0x0000000000000cee,0x00000000000094fe,0x0000000000cc9063,0x0000000000001697
1784425994224,0x0000000080004ede,0x0000000080018de0,0x0000000080007a7a,0x0000000000000000,0x00000000800191f0,0x0000000080018e40,0x0000000000000001,0x000000001b03b771,0x000000003fe00000,0x40161a799b03b771,0x0000000080018ef8,0x0000000080018ef8,0xffffffffcfbb17fa,0x000000006c0eddc4,0x0000000000000000,0xffffffffcf3a00f8,0x00000000005869e6,0x3fedd0be6c4371a2,0x0000000080004ef2,0x0000000000000000,0x40161a799b03b771,0x412a023b4ef34d6a,0x4152076a753a92a3,0x01a56e1fc2f8f359,0x0000000000000000,0x0000000000000000,0x0000000080004ef2,0x0000000001b2d986,0x0000000001a70eb2,0x0000000001b2d986,0x0000000001a70eb2,0x0000000000275566,0x0000000000000c56,0x00000000000052e7,0x0000000000000cee,0x0000000000009509,0x0000000000cce3cb,0x000000000000169a
1784425994871,0x00000000800056f8,0x0000000080019060,0x0000000080007a7a,0x000000000000000f,0x0000000080019430,0x00000000800190b0,0x0000000080019548,0x000000008000f238,0x0000000000000006,0x0000000000000006,0x0000000000000000,0x0000000000000012,0x000000008000f201,0x3fd250f054cd3c6d,0x0000000000000000,0xffffffffdd78d99e,0x0000000000594e84,0x3fedd0be6c4371a2,0x0000000080004976,0x0000000000000000,0x414fe590bcc985f0,0x412a021180ded289,0x4152076c31cc63f1,0x0000000000000000,0x0000000000000000,0x0000000000000000,0x0000000080004976,0x0000000001b3a2b7,0x0000000001a7d2b5,0x0000000001b3a2b7,0x0000000001a7d2b5,0x0000000000276ad5,0x0000000000000c60,0x00000000000052e8,0x0000000000000cf2,0x0000000000009562,0x0000000000cd468c,0x000000000000169d
1784425995486,0x00000000800058f2,0x0000000080018ed0,0x0000000080007a7a,0x0000000000000000,0x00000000800191f0,0x0000000080018f20,0x00000000800193a0,0x00000000800194a0,0x0000000000000006,0x0000000000000003,0x0000000000000001,0x0000000000000002,0x0000000065cffe7b,0x0000000043f14ce4,0x0000000000000000,0x0000000065cfea78,0x000000000055dc95,0x3fedd0be6c4371a2,0x000000008000493a,0x0000000000000000,0x4025772550fc5339,0x412a021180ded289,0x4152076c31cc63f1,0x0000000000000000,0x0000000000000000,0x0000000000000000,0x000000008000493a,0x0000000001b479b0,0x0000000001a8aab8,0x0000000001b479b0,0x0000000001a8aab8,0x0000000000277c6a,0x0000000000000c69,0x00000000000052e8,0x0000000000000cf2,0x000000000000957a,0x0000000000cdaec2,0x00000000000016a0
1784425996047,0x00000000800056f8,0x0000000080019060,0x0000000080007a7a,0x000000000000000f,0x0000000080019430,0x00000000800190b0,0x0000000080019548,0x000000008000f238,0x0000000000000006,0x0000000000000006,0x0000000000000005,0x0000000000000006,0x000000008000f201,0x3fd6a4852128dc07,0x0000000000000000,0xffffffff9be94d78,0x000000000056b704,0x3fedd0be6c4371a2,0x000000008000498e,0x0000000000000000,0x414fe593598c7e28,0x412a0225605bc01a,0x4152076f11e83e42,0x0000000000000000,0x0000000000000000,0x0000000000000000,0x000000008000498e,0x0000000001b52ceb,0x0000000001a957c1,0x0000000001b52ceb,0x0000000001a957c1,0x0000000000278f8d,0x0000000000000c6b,0x00000000000052e8,0x0000000000000cf2,0x00000000000095ca,0x0000000000ce0535,0x00000000000016a3
1784425996643,0x00000000800058f2,0x0000000080018ed0,0x0000000080007a7a,0x0000000000000000,0x00000000800191f0,0x0000000080018f20,0x00000000800193a0,0x00000000800194a0,0x0000000000000006,0x0000000000000003,0x0000000000000000,0x0000000000000001,0x0000000065cffe7b,0x0000000043f14ce4,0x0000000000000000,0x0000000065cfea78,0x000000000055dc95,0x3fedd0be6c4371a2,0x000000008000493a,0x0000000000000000,0x4025772550fc5339,0x412a0225605bc01a,0x4152076f11e83e42,0x0000000000000000,0x0000000000000000,0x0000000000000000,0x000000008000493a,0x0000000001b5e9cb,0x0000000001aa1555,0x0000000001b5e9cb,0x0000000001aa1555,0x0000000000279ef5,0x0000000000000c74,0x00000000000052e8,0x0000000000000cf2,0x00000000000095f0,0x0000000000ce60fc,0x00000000000016a6
1784425997221,0x000000008000571c,0x0000000080019070,0x0000000080007a7a,0x000000000000000f,0x0000000080019310,0x00000000800190b0,0x0000000080019548,0x00000000800191f0,0x0000000000000006,0x00000000800191f0,0x0000000000000006,0x0000000000000001,0x000000008000f201,0x3fe085e8f1f9bfab,0x0000000000000000,0xffffffffd98b511e,0x00000000005823e6,0x3fedd0be6c4371a2,0x0000000080004bb8,0x0000000000000000,0x414fe5905c779a6b,0x412a0222b3333333,0x4152076e80ef34d7,0x3ff0000000000000,0x0000000000000000,0x0000000000000000,0x0000000080004bb8,0x0000000001b6a956,0x0000000001aacead,0x0000000001b6a956,0x0000000001aacead,0x000000000027b30a,0x0000000000000c76,0x00000000000052e9,0x0000000000000cf6,0x0000000000009641,0x0000000000cebd34,0x00000000000016a9
1784425997812,0x00000000800058f2,0x0000000080018ed0,0x0000000080007a7a,0x0000000000000000,0x00000000800191f0,0x0000000080018f20,0x00000000800193a0,0x00000000800194a0,0x0000000000000006,0x0000000000000003,0x0000000000000005,0x000000000000000b,0x0000000065cffe7b,0x0000000043f14ce4,0x0000000000000000,0x0000000065cfea78,0x000000000055dc95,0x3fedd0be6c4371a2,0x0000000080004978,0x0000000000000000,0x4025772550fc5339,0x412a0222b3333333,0x4152076e80ef34d7,0x0000000000000000,0x0000000000000000,0x0000000000000000,0x0000000080004978,0x0000000001b7649f,0x0000000001ab8a60,0x0000000001b7649f,0x0000000001ab8a60,0x000000000027c25b,0x0000000000000c7f,0x00000000000052e9,0x0000000000000cf6,0x0000000000009662,0x0000000000cf181f,0x00000000000016ac
1784425998387,0x0000000080005744,0x0000000080019060,0x0000000080007a7a,0x000000000000000f,0x00000000800191f0,0x00000000800190b0,0x0000000080019310,0x00000000800191f0,0x0000000000000006,0x0000000000000006,0x0000000000000004,0x0000000000000006,0x000000008000f201,0x3fe435a35e11a79d,0x0000000000000000,0x0000000057c73800,0x0000000000579092,0x3fedd0be6c4371a2,0x00000000800049ba,0x0000000000000000,0x414fe592d28240b8,0x412a021983bcd35b,0x4152076adc6594af,0x0000000000000000,0x0000000000000000,0x0000000000000000,0x00000000800049ba,0x0000000001b83c13,0x0000000001ac5c6d,0x0000000001b83c13,0x0000000001ac5c6d,0x000000000027d852,0x0000000000000c81,0x00000000000052ea,0x0000000000000cfa,0x00000000000096ad,0x0000000000cf8000,0x00000000000016af
1784425998951,0x00000000800057ae,0x0000000080018d90,0x0000000080007a7a,0x0000000000000000,0x00000000800191f0,0x0000000080018de0,0x0000000080018f50,0x000000008000f238,0x0000000000000006,0x0000000000000006,0x0000000080018f50,0x0000000080018f58,0x0000000065cffe7b,0x0000000043f14ce4,0x0000000000000000,0x0000000065cfea78,0x000000000055dc95,0x3fedd0be6c4371a2,0x00000000800049a4,0x0000000000000000,0x4025772550fc5339,0x412a021983bcd35b,0x4152076adc6594af,0x3fea330ae25af21c,0x0000000000000000,0x0000000000000000,0x00000000800049a4,0x0000000001b8f95c,0x0000000001ad1a1e,0x0000000001b8f95c,0x0000000001ad1a1e,0x000000000027e7ce,0x0000000000000c8a,0x00000000000052ea,0x0000000000000cfa,0x00000000000096d0,0x0000000000cfdbcb,0x00000000000016b2
1784425999532,0x0000000080005744,0x0000000080019060,0x0000000080007a7a,0x000000000000000f,0x00000000800191f0,0x00000000800190b0,0x0000000080019310,0x00000000800191f0,0x0000000000000006,0x0000000000000006,0x0000000000000003,0x0000000000000006,0x000000008000f201,0x3fe2e08bff09cf97,0x0000000000000000,0x00000000259ca538,0x000000000057ad51,0x3fedd0be6c4371a2,0x000000008000498e,0x0000000000000000,0x414fe58e16ab367a,0x412a022bb4a2339c,0x4152076d3a2339c1,0x0000000000000000,0x0000000000000000,0x0000000000000000,0x000000008000498e,0x0000000001b9b995,0x0000000001add460,0x0000000001b9b995,0x0000000001add460,0x000000000027fbf5,0x0000000000000c8c,0x00000000000052ed,0x0000000000000d08,0x000000000000971e,0x0000000000d03890,0x00000000000016b5
1784426000114,0x00000000800057ae,0x0000000080018d90,0x0000000080007a7a,0x0000000000000000,0x00000000800191f0,0x0000000080018de0,0x0000000080018f50,0x000000008000f238,0x0000000000000006,0x0000000000000006,0x0000000000000001,0x0000000000000007,0x0000000065cffe7b,0x0000000043f14ce4,0x0000000000000000,0x0000000065cfea78,0x000000000055dc95,0x3fedd0be6c4371a2,0x00000000800049e4,0x0000000000000000,0x4025772550fc5339,0x412a022bb4a2339c,0x4152076d3a2339c1,0x8000000000000000,0x3fb85cd8e2c41b82,0x8000000000000000,0x00000000800049e4,0x0000000001ba75d4,0x0000000001ae90f1,0x0000000001ba75d4,0x0000000001ae90f1,0x0000000000280b5a,0x0000000000000c95,0x00000000000052ed,0x0000000000000d08,0x0000000000009743,0x0000000000d093d3,0x00000000000016b8
1784426000700,0x0000000080005744,0x0000000080019060,0x0000000080007a7a,0x000000000000000f,0x00000000800191f0,0x00000000800190b0,0x0000000080019310,0x00000000800191f0,0x0000000000000006,0x0000000000000006,0x0000000000000004,0x0000000000000006,0x000000008000f201,0x3fe45dd3d44c74af,0x0000000000000000,0xffffffffeb4ef800,0x000000000057b633,0x3fedd0be6c4371a2,0x00000000800049d6,0x0000000000000000,0x414fe58fcb98c7e3,0x412a022f1e83e426,0x4152076f318c7e28,0x0000000000000000,0x0000000000000000,0x0000000000000000,0x00000000800049d6,0x0000000001bb3bc8,0x0000000001af50ca,0x0000000001bb3bc8,0x0000000001af50ca,0x0000000000281ffc,0x0000000000000c97,0x00000000000052ef,0x0000000000000d12,0x000000000000978f,0x0000000000d0f32d,0x00000000000016bb
1784426001289,0x00000000800057ae,0x0000000080018d90,0x0000000080007a7a,0x0000000000000000,0x00000000800191f0,0x0000000080018de0,0x0000000080018f50,0x000000008000f238,0x0000000000000006,0x0000000000000006,0x0000000080018df0,0x0000000000000058,0x0000000065cffe7b,0x0000000043f14ce4,0x0000000000000000,0x0000000065cfea78,0x000000000055dc95,0x3fedd0be6c4371a2,0x0000000080004954,0x0000000000000000,0x4025772550fc5339,0x412a022f1e83e426,0x4152076f318c7e28,0x8000000000000000,0x0000000000000000,0x0000000000000000,0x0000000080004954,0x0000000001bbf137,0x0000000001b00683,0x0000000001bbf137,0x0000000001b00683,0x0000000000282ed2,0x0000000000000ca0,0x00000000000052ef,0x0000000000000d12,0x00000000000097b7,0x0000000000d14b37,0x00000000000016be
1784426001858,0x0000000080005744,0x0000000080019060,0x0000000080007a7a,0x000000000000000f,0x00000000800191f0,0x00000000800190b0,0x0000000080019310,0x00000000800191f0,0x0000000000000006,0x0000000000000006,0x00000000800191f0,0x0000000080019280,0x000000008000f201,0x3fe7d09fa31296d2,0x0000000000000000,0x00000000390b3a7e,0x0000000000583f72,0x3fedd0be6c4371a2,0x00000000800049c6,0x0000000000000000,0x414fe58fc559b3d0,0x412a02209886594b,0x4152076aa6e48e8a,0x0000000000000000,0x0000000000000000,0x0000000000000000,0x00000000800049c6,0x0000000001bcb40f,0x0000000001b0c345,0x0000000001bcb40f,0x0000000001b0c345,0x000000000028432b,0x0000000000000ca2,0x00000000000052f1,0x0000000000000d1c,0x0000000000009806,0x0000000000d1a931,0x00000000000016c1
1784426002475,0x00000000800057ae,0x0000000080018d90,0x0000000080007a7a,0x0000000000000000,0x00000000800191f0,0x0000000080018de0,0x0000000080018f50,0x000000008000f238,0x0000000000000006,0x0000000000000006,0x0000000000000003,0x0000000000000015,0x0000000065cffe7b,0x0000000043f14ce4,0x0000000000000000,0x0000000065cfea78,0x000000000055dc95,0x3fedd0be6c4371a2,0x000000008000499a,0x0000000000000000,0x4025772550fc5339,0x412a02209886594b,0x4152076aa6e48e8a,0xbf9287f43dd4dd22,0x0000000000000000,0x0000000000000000,0x000000008000499a,0x0000000001bd791a,0x0000000001b1886d,0x0000000001bd791a,0x0000000001b1886d,0x0000000000285346,0x0000000000000cab,0x00000000000052f1,0x0000000000000d1c,0x000000000000982e,0x0000000000d2087e,0x00000000000016c4
1784426003133,0x0000000080005744,0x0000000080019060,0x0000000080007a7a,0x000000000000000f,0x00000000800191f0,0x00000000800190b0,0x0000000080019310,0x00000000800191f0,0x0000000000000006,0x0000000000000006,0x00000000800191f0,0x00000000800192a8,0x000000008000f201,0x3fe52b97d0e2011c,0x0000000000000000,0x000000003affa2e0,0x000000000057ae8c,0x3fedd0be6c4371a2,0x00000000800049c6,0x0000000000000000,0x414fe5924cc2f838,0x412a023e3487fcb9,0x4152076cd762b6ae,0x0000000000000000,0x0000000000000000,0x0000000000000000,0x00000000800049c6,0x0000000001be3195,0x0000000001b23ad9,0x0000000001be3195,0x0000000001b23ad9,0x00000000002866d0,0x0000000000000cad,0x00000000000052f4,0x0000000000000d2a,0x0000000000009870,0x0000000000d2617e,0x00000000000016c7
1784426003785,0x00000000800057ae,0x0000000080018d90,0x0000000080007a7a,0x0000000000000000,0x00000000800191f0,0x0000000080018de0,0x0000000080018f50,0x000000008000f238,0x0000000000000006,0x0000000000000006,0x000000008000f238,0x000000008000f2d0,0x0000000065cffe7b,0x0000000043f14ce4,0x0000000000000000,0x0000000065cfea78,0x000000000055dc95,0x3fedd0be6c4371a2,0x00000000800049c8,0x0000000000000000,0x4025772550fc5339,0x412a023e3487fcb9,0x4152076cd762b6ae,0x8000000000000000,0x0000000000000000,0x0000000000000000,0x00000000800049c8,0x0000000001bee175,0x0000000001b2eb01,0x0000000001bee175,0x0000000001b2eb01,0x000000000028752b,0x0000000000000cb6,0x00000000000052f4,0x0000000000000d2a,0x0000000000009898,0x0000000000d2b6e7,0x00000000000016ca
1784426004398,0x0000000080005744,0x0000000080019060,0x0000000080007a7a,0x000000000000000f,0x00000000800191f0,0x00000000800190b0,0x0000000080019310,0x00000000800191f0,0x0000000000000006,0x0000000000000006,0x0000000000000003,0x0000000000000006,0x000000008000f201,0x3fe549cdbe95dca7,0x0000000000000000,0x00000000470df34e,0x00000000005981a6,0x3fedd0be6c4371a2,0x000000008000496c,0x0000000000000000,0x414fe590caf1a9fc,0x412a0224a075f6fd,0x4152076bfd2a3055,0x0000000000000000,0x0000000000000000,0x0000000000000000,0x000000008000496c,0x0000000001bf959f,0x0000000001b39955,0x0000000001bf959f,0x0000000001b39955,0x000000000028885b,0x0000000000000cb8,0x00000000000052f7,0x0000000000000d36,0x00000000000098dd,0x0000000000d30e02,0x00000000000016cd
1784426004961,0x00000000800057ae,0x0000000080018d90,0x0000000080007a7a,0x0000000000000000,0x00000000800191f0,0x0000000080018de0,0x0000000080018f50,0x000000008000f238,0x0000000000000006,0x0000000000000006,0x0000000000000001,0x0000000000000012,0x0000000065cffe7b,0x0000000043f14ce4,0x0000000000000000,0x0000000065cfea78,0x000000000055dc95,0x3fedd0be6c4371a2,0x0000000080004976,0x0000000000000000,0x4025772550fc5339,0x412a0224a075f6fd,0x4152076bfd2a3055,0x8000000000000000,0x0000000000000000,0x0000000000000000,0x0000000080004976,0x0000000001c05fbd,0x0000000001b46401,0x0000000001c05fbd,0x0000000001b46401,0x00000000002898e9,0x0000000000000cc1,0x00000000000052f7,0x0000000000000d36,0x00000000000098fb,0x0000000000d36fe7,0x00000000000016d0
1784426005542,0x0000000080005744,0x0000000080019060,0x0000000080007a7a,0x000000000000000f,0x00000000800191f0,0x00000000800190b0,0x0000000080019310,0x00000000800191f0,0x0000000000000006,0x0000000000000006,0x0000000000000004,0x0000000000000004,0x000000008000f201,0x3fe42cffc30d3d8a,0x0000000000000000,0x0000000002bcbae0,0x00000000005830da,0x3fedd0be6c4371a2,0x00000000800049bc,0x0000000000000000,0x414fe591e2d77319,0x412a022744a8c155,0x4152076e0b381d7e,0x0000000000000000,0x0000000000000000,0x0000000000000000,0x00000000800049bc,0x0000000001c111eb,0x0000000001b5104d,0x0000000001c111eb,0x0000000001b5104d,0x000000000028abe8,0x0000000000000cc3,0x00000000000052f9,0x0000000000000d40,0x000000000000994d,0x0000000000d3c61f,0x00000000000016d3
1784426006112,0x00000000800057ae,0x0000000080018d90,0x0000000080007a7a,0x0000000000000000,0x00000000800191f0,0x0000000080018de0,0x0000000080018f50,0x000000008000f238,0x0000000000000006,0x0000000000000006,0x0000000000000001,0x0000000000000006,0x0000000065cffe7b,0x0000000043f14ce4,0x0000000000000000,0x0000000065cfea78,0x000000000055dc95,0x3fedd0be6c4371a2,0x000000008000498e,0x0000000000000000,0x4025772550fc5339,0x412a022744a8c155,0x4152076e0b381d7e,0xbf9287f43dd4dd22,0xbfb9a486f73efccb,0xbfb9a486f73efccb,0x000000008000498e,0x0000000001c1c1a0,0x0000000001b5c09f,0x0000000001c1c1a0,0x0000000001b5c09f,0x000000000028ba4b,0x0000000000000ccc,0x00000000000052f9,0x0000000000000d40,0x0000000000009969,0x0000000000d41b9c,0x00000000000016d6
1784426006679,0x0000000080005744,0x0000000080019060,0x0000000080007a7a,0x000000000000000f,0x00000000800191f0,0x00000000800190b0,0x0000000080019310,0x00000000800191f0,0x0000000000000006,0x0000000000000006,0x0000000080019310,0x0000000080019358,0x000000008000f201,0x3fe57902b6536c72,0x0000000000000000,0x00000000355b2e00,0x0000000000589392,0x3fedd0be6c4371a2,0x00000000800049a4,0x0000000000000000,0x414fe58f6c04ea4b,0x412a0237b3404ea5,0x4152076e5d3a92a3,0x0000000000000000,0x0000000000000000,0x0000000000000000,0x00000000800049a4,0x0000000001c26a2f,0x0000000001b66338,0x0000000001c26a2f,0x0000000001b66338,0x000000000028cc7d,0x0000000000000cce,0x00000000000052fb,0x0000000000000d4a,0x00000000000099c1,0x0000000000d46d42,0x00000000000016d9
1784426007288,0x000000008000578a,0x0000000080018db0,0x0000000080007a7a,0x0000000000000000,0x00000000800191f0,0x0000000080018de0,0x0000000080018f50,0x0000000000000006,0x0000000000000006,0x0000000000000003,0x0000000080018f50,0x0000000000000003,0x0000000065cffe7b,0x0000000043f14ce4,0x0000000000000000,0x0000000065cfea78,0x000000000055dc95,0x3fedd0be6c4371a2,0x0000000080004d18,0x0000000000000000,0x4025772550fc5339,0x412a0237b3404ea5,0x4152076e5d3a92a3,0x3f8314f4c02b2a00,0x0000000000000000,0x8000000000000000,0x0000000080004d18,0x0000000001c3289f,0x0000000001b721bd,0x0000000001c3289f,0x0000000001b721bd,0x000000000028dc23,0x0000000000000cd7,0x00000000000052fb,0x0000000000000d4a,0x00000000000099de,0x0000000000d4c970,0x00000000000016dc
1784426007893,0x00000000800066d4,0x0000000080019700,0x402a6014520d6113,0x0000000000000000,0x0000000000000000,0x00000000800199a0,0x0000000020000004,0x000000000000000a,0x000000008000f3a8,0x000000008000f3a8,0x000000000000070c,0x0000000004c4b000,0x000000001adff5f9,0x0000000044b8fc7c,0x0000000000000000,0x000000001a5dd1f8,0x000000000058f198,0x3fedd0be6c4371a2,0x00000000800066f6,0x0000000000000000,0x40863c66112e3f1f,0x412a0237b3404ea5,0x4152076e5d3a92a3,0x01a56e1fc2f8f359,0x3ff0000000000000,0x40863c66112e3f1f,0x00000000800066f6,0x0000000001c3dbc1,0x0000000001b7dc49,0x0000000001c3dbc1,0x0000000001b7dc49,0x000000000028e972,0x0000000000000cd9,0x000000000000530b,0x0000000000000d5c,0x0000000000009a23,0x0000000000d536f2,0x00000000000016e5
