timestamp_ms,ra,sp,t0,t1,t2,fp,a0,a1,a2,a3,a4,a5,a6,a7,t3,t4,t5,t6,pc,fs0,fa0,fa1,fa2,fa3,fa4,fa5,dpc,mcycle,minstret,cycle,instret,hpmcounter3,hpmcounter4,hpmcounter6,hpmcounter7,hpmcounter8,hpmcounter9,hpmcounter10
1784432984606,0x0000000080005744,0x0000000080019060,0x0000000080007a7a,0x000000000000000f,0x00000000800191f0,0x00000000800190b0,0x0000000080019310,0x00000000800191f0,0x0000000000000006,0x0000000000000006,0x00000000800190d0,0x0000000000000002,0x000000008000f201,0x3fdc7f280e6eb534,0x0000000000000000,0xffffffffa8ab13f8,0x00000000005bb7cd,0x3fedd0be65503670,0x00000000800049f8,0x0000000000000000,0x414fe4d8a6353f7d,0x4129fe6de3886595,0x4152074cab7b4a23,0x3fb85cd8e2c68ab4,0x0000000000000000,0x3fb85cd8e2c68ab4,0x00000000800049f8,0x0000000000bfa876,0x0000000000b7af5d,0x0000000000bfa876,0x0000000000b7af5d,0x00000000001097f5,0x0000000000000533,0x0000000000005170,0x0000000000000589,0x00000000000049ca,0x0000000000574f08,0x00000000000012b9
1784432985200,0x000000008000578a,0x0000000080018db0,0x0000000080007a7a,0x0000000000000000,0x00000000800191f0,0x0000000080018de0,0x0000000080018f50,0x0000000000000006,0x0000000000000006,0x0000000000000003,0x0000000000000001,0x0000000000000019,0x0000000011fd7fbe,0x0000000048b60e0e,0x0000000000000000,0x0000000011a93b9e,0x000000000055dc95,0x3fedd0be65503670,0x0000000080004d04,0x0000000000000000,0x40257725522d8384,0x4129fe6de3886595,0x4152074cab7b4a23,0x3f8314f4b9b97e3a,0x0000000000000000,0x0000000000000000,0x0000000080004d04,0x0000000000c06c7f,0x0000000000b872d4,0x0000000000c06c7f,0x0000000000b872d4,0x000000000010a7ef,0x000000000000053c,0x0000000000005170,0x0000000000000589,0x0000000000004a0e,0x000000000057ad73,0x00000000000012bc
1784432986118,0x0000000080005744,0x0000000080019060,0x0000000080007a7a,0x000000000000000f,0x00000000800191f0,0x00000000800190b0,0x0000000080019310,0x00000000800191f0,0x0000000000000006,0x0000000000000006,0x00000000800190d0,0x0000000000000003,0x000000008000f201,0x3fd440236ab5192c,0x0000000000000000,0x00000000615748f8,0x00000000004181ad,0x3fedd0be6231d53c,0x0000000080004a00,0x0000000000000000,0x414fe4d3fd6a161e,0x4129fe7687d566cf,0x4152074d4966cf42,0x0000000000000000,0x0000000000000000,0x0000000000000000,0x0000000080004a00,0x0000000000c14109,0x0000000000b940cb,0x0000000000c14109,0x0000000000b940cb,0x000000000010bdc1,0x000000000000053e,0x0000000000005172,0x0000000000000594,0x0000000000004a65,0x0000000000581362,0x00000000000012bf
1784432986914,0x00000000800057ae,0x0000000080018d90,0x0000000080007a7a,0x0000000000000000,0x00000000800191f0,0x0000000080018de0,0x0000000080018f50,0x000000008000f238,0x0000000000000006,0x0000000000000006,0x0000000080018f50,0x0000000080018fd0,0x000000003297ffe3,0x00000000474b5208,0x0000000000000000,0x0000000032836fe0,0x000000000055dc95,0x3fedd0be6231d53c,0x00000000800049a4,0x0000000000000000,0x4025772551d2d482,0x4129fe7687d566cf,0x4152074d4966cf42,0x8000000000000000,0x0000000000000000,0x0000000000000000,0x00000000800049a4,0x0000000000c200da,0x0000000000ba0014,0x0000000000c200da,0x0000000000ba0014,0x000000000010cd61,0x0000000000000547,0x0000000000005172,0x0000000000000594,0x0000000000004ab0,0x0000000000586fd2,0x00000000000012c2
1784432987764,0x0000000080005820,0x0000000080018ed0,0x0000000080007a7a,0x000000000000000f,0x00000000800191f0,0x0000000080018f20,0x000000008000f238,0x0000000080019310,0x0000000000000006,0x0000000000000006,0x0000000080019280,0x0000000080019288,0x000000008000f201,0x3fccbfc67e88e5cc,0x0000000000000000,0xffffffffded0e1e0,0x000000000066eaa2,0x3fedd0be60a0cafb,0x00000000800049f0,0x0000000000000000,0x414fe4d397d21ff3,0x4129fe7839b3d07d,0x415207522ff14120,0x401623e8e47b4837,0x0000000000000000,0x0000000000000000,0x00000000800049f0,0x0000000000c2ccfc,0x0000000000bac674,0x0000000000c2ccfc,0x0000000000bac674,0x000000000010e26e,0x0000000000000549,0x0000000000005175,0x00000000000005a3,0x0000000000004b05,0x000000000058d254,0x00000000000012c5
1784432988570,0x00000000800057ae,0x0000000080018d90,0x0000000080007a7a,0x0000000000000000,0x00000000800191f0,0x0000000080018de0,0x0000000080018f50,0x000000008000f238,0x0000000000000006,0x0000000000000006,0x0000000000000004,0x0000000000000006,0x0000000008b6f2bf,0x000000004631474c,0x0000000000000000,0x00000000088660b8,0x000000000055dc95,0x3fedd0be60a0cafb,0x00000000800049d6,0x0000000000000000,0x40257725518c51d3,0x4129fe7839b3d07d,0x415207522ff14120,0x3febc7aad2b21c9b,0x0000000000000000,0x0000000000000000,0x00000000800049d6,0x0000000000c38583,0x0000000000bb7e35,0x0000000000c38583,0x0000000000bb7e35,0x000000000010f185,0x0000000000000552,0x0000000000005175,0x00000000000005a3,0x0000000000004b4f,0x0000000000592b41,0x00000000000012c8
1784432989444,0x0000000080005820,0x0000000080018ed0,0x0000000080007a7a,0x000000000000000f,0x00000000800191f0,0x0000000080018f20,0x000000008000f238,0x0000000080019310,0x0000000000000006,0x0000000000000006,0x0000000000000002,0x0000000000000005,0x000000008000f201,0x3fd4d418dba0be6a,0x0000000000000000,0xffffffff848e338e,0x000000000070c9b2,0x3fedd0be603a78ea,0x0000000080004978,0x0000000000000000,0x414fe4d249e83e42,0x4129fe7d8b50b0f2,0x415207515fbcd35b,0x0000000000000000,0x0000000000000000,0x0000000000000000,0x0000000080004978,0x0000000000c44abe,0x0000000000bc3da0,0x0000000000c44abe,0x0000000000bc3da0,0x0000000000110601,0x0000000000000554,0x0000000000005178,0x00000000000005b2,0x0000000000004b9a,0x0000000000598a81,0x00000000000012cb
1784432990334,0x0000000080006260,0x0000000080019230,0x402a601457c46e4c,0x0000000000000000,0x0000000000000000,0x0000000080019440,0x0000000080019698,0x00000000800194a0,0x000000008000f238,0x00000000800003f0,0x000000008000f238,0x0000000000000068,0xffffffffc4dbf2fe,0x000000006a20cea2,0x0000000000000000,0xffffffffc45b70be,0x00000000007da0c3,0x3fedd0be60ac1b70,0x0000000080005bfa,0x0000000000000000,0x401f6830da8833a9,0x4129fe7d8b50b0f2,0x415207515fbcd35b,0x01a56e1fc2f8f359,0x0000000000000000,0x0000000000000000,0x0000000080005bfa,0x0000000000c51eac,0x0000000000bd0eb7,0x0000000000c51eac,0x0000000000bd0eb7,0x00000000001118f0,0x000000000000055d,0x0000000000005178,0x00000000000005b2,0x0000000000004c01,0x000000000059f1c2,0x00000000000012ce
1784432991096,0x000000008000583a,0x0000000080018ed0,0x0000000080007a7a,0x000000000000000f,0x00000000800191f0,0x0000000080018f20,0x00000000800194a0,0x000000008000f238,0x0000000000000003,0x0000000000000006,0x0000000000000003,0x0000000000000006,0x000000008000f201,0x3fd84c1f05a6d888,0x0000000000000000,0xfffffffff0e0c380,0x000000000060e790,0x3fedd0be60ac1b70,0x00000000800049b0,0x0000000000000000,0x414fe4d5aade00d2,0x4129fe7246dc5d64,0x4152074dfa5aee63,0x0000000000000000,0x0000000000000000,0x0000000000000000,0x00000000800049b0,0x0000000000c5e830,0x0000000000bdd3c6,0x0000000000c5e830,0x0000000000bdd3c6,0x0000000000112c18,0x000000000000055f,0x000000000000517a,0x00000000000005bc,0x0000000000004c2a,0x00000000005a5132,0x00000000000012d1
1784432991691,0x0000000080006260,0x0000000080019230,0x402a60145545142a,0x0000000000000000,0x0000000000000000,0x0000000080019440,0x0000000080019698,0x00000000800194a0,0x000000008000f238,0x00000000800003f0,0x0000000000000003,0x0000000000000000,0x00000000747febbe,0x00000000424f05de,0x0000000000000000,0x00000000746cc9be,0x0000000000536cfb,0x3fedd0be61b18094,0x0000000080005d80,0x0000000000000000,0x4024db3ed093c178,0x4129fe7246dc5d64,0x4152074dfa5aee63,0x01a56e1fc2f8f359,0x3fedd0be61b18094,0x3fedd0be61b18094,0x0000000080005d80,0x0000000000c69b7a,0x0000000000be83fa,0x0000000000c69b7a,0x0000000000be83fa,0x0000000000113cfa,0x0000000000000568,0x000000000000517a,0x00000000000005bd,0x0000000000004c93,0x00000000005aa99b,0x00000000000012d4
1784432992453,0x0000000080005850,0x0000000080018ed0,0x0000000080007a7a,0x000000000000000f,0x00000000800191f0,0x0000000080018f20,0x00000000800191f0,0x0000000080019310,0x0000000000000003,0x0000000000000006,0x00000000800191a8,0x00000000800191c8,0x000000008000f201,0x3fd2fb66dd6a4aff,0x0000000000000000,0xffffffffb022aab8,0x000000000062dfcd,0x3fedd0be61b18094,0x00000000800049f0,0x0000000000000000,0x414fe4d65538ef35,0x4129fe7d2ea4a8c1,0x4152074f607ae148,0x0000000000000000,0x401623e8e479bc1d,0x401623e8e479bc1d,0x00000000800049f0,0x0000000000c76f65,0x0000000000bf53f2,0x0000000000c76f65,0x0000000000bf53f2,0x000000000011505e,0x000000000000056a,0x000000000000517c,0x00000000000005c7,0x0000000000004cb9,0x00000000005b0dc4,0x00000000000012d7
1784432993348,0x00000000800056f8,0x0000000080019060,0x0000000080007a7a,0x000000000000000f,0x0000000080019430,0x00000000800190b0,0x0000000080019548,0x000000008000f238,0x0000000000000006,0x0000000000000006,0x0000000000000005,0x0000000000000006,0x000000008000f201,0x3fd1871050b294b7,0x0000000000000000,0x0000000029270c5e,0x000000000046779b,0x3fedd0be631396b9,0x00000000800049b0,0x0000000000000000,0x414fe4d197ced917,0x4129fe7df97f62b7,0x4152075648a8c155,0x0000000000000000,0x0000000000000000,0x0000000000000000,0x00000000800049b0,0x0000000000c8436d,0x0000000000c022ea,0x0000000000c8436d,0x0000000000c022ea,0x0000000000116669,0x0000000000000575,0x000000000000517f,0x00000000000005d6,0x0000000000004d31,0x00000000005b76a5,0x00000000000012da
1784432994157,0x00000000800058f2,0x0000000080018ed0,0x0000000080007a7a,0x0000000000000000,0x00000000800191f0,0x0000000080018f20,0x00000000800193a0,0x00000000800194a0,0x0000000000000006,0x0000000000000003,0x0000000080018f50,0x0000000000000000,0xffffffffa925bdfe,0x000000004400b366,0x0000000000000000,0xffffffffa92419ae,0x000000000055dc95,0x3fedd0be631396b9,0x00000000800049f6,0x0000000000000000,0x4025772551002cda,0x4129fe7df97f62b7,0x4152075648a8c155,0x3f9287f43dd54db5,0x0000000000000000,0x0000000000000000,0x00000000800049f6,0x0000000000c91959,0x0000000000c0f8ed,0x0000000000c91959,0x0000000000c0f8ed,0x00000000001177e1,0x000000000000057e,0x000000000000517f,0x00000000000005d6,0x0000000000004d5e,0x00000000005bddc9,0x00000000000012df
1784432995047,0x0000000080005744,0x0000000080019060,0x0000000080007a7a,0x000000000000000f,0x00000000800191f0,0x00000000800190b0,0x0000000080019310,0x00000000800191f0,0x0000000000000006,0x0000000000000006,0x00000000800190d0,0x0000000080019138,0x000000008000f201,0x3fe049c506af461a,0x0000000000000000,0x000000000b77755e,0x00000000005340a8,0x3fedd0be64a6e921,0x00000000800049f2,0x0000000000000000,0x414fe4d41c779a6b,0x4129fe9008240b78,0x415207522bd21ff3,0x0000000000000000,0x0000000000000000,0x0000000000000000,0x00000000800049f2,0x0000000000c9f116,0x0000000000c1caf0,0x0000000000c9f116,0x0000000000c1caf0,0x0000000000118ddc,0x0000000000000580,0x0000000000005182,0x00000000000005e3,0x0000000000004da8,0x00000000005c459e,0x00000000000012e2
1784432995909,0x00000000800057ae,0x0000000080018d90,0x0000000080007a7a,0x0000000000000000,0x00000000800191f0,0x0000000080018de0,0x0000000080018f50,0x000000008000f238,0x0000000000000006,0x0000000000000006,0x0000000080018f50,0x0000000000000020,0xffffffffea67ab7e,0x0000000043d165ee,0x0000000000000000,0xffffffffea672b5e,0x000000000055dc95,0x3fedd0be64a6e921,0x00000000800049a2,0x0000000000000000,0x4025772550f4597c,0x4129fe9008240b78,0x415207522bd21ff3,0x8000000000000000,0x0000000000000000,0x0000000000000000,0x00000000800049a2,0x0000000000cab0ee,0x0000000000c28b27,0x0000000000cab0ee,0x0000000000c28b27,0x0000000000119d8f,0x0000000000000589,0x0000000000005182,0x00000000000005e3,0x0000000000004dd3,0x00000000005ca288,0x00000000000012e5
1784432996809,0x000000008000575e,0x0000000080019070,0x0000000080007a7a,0x000000000000000f,0x00000000800191f0,0x00000000800190b0,0x00000000800190d0,0x00000000800002d0,0x000000008000f238,0x0000000000000006,0x000000008000f238,0x0000000000000003,0x000000008000f201,0x3fe1c37fa5677012,0x0000000000000000,0x00000000279bff8e,0x000000000068a768,0x3fedd0be664a1b25,0x0000000080004c72,0x0000000000000000,0x414fe4d3b03e425b,0x4129fe7b4f34d6a1,0x41520754490ff972,0x3fc17a1e1ada22e5,0x0000000000000000,0x0000000000000000,0x0000000080004c72,0x0000000000cb8ab8,0x0000000000c35e5c,0x0000000000cb8ab8,0x0000000000c35e5c,0x000000000011b3c6,0x000000000000058b,0x0000000000005184,0x00000000000005ee,0x0000000000004e24,0x00000000005d0b14,0x00000000000012e8
1784432997732,0x0000000080006260,0x0000000080019230,0x402a601451253ae6,0x0000000000000000,0x0000000000000000,0x0000000080019440,0x0000000080019698,0x00000000800194a0,0x000000008000f238,0x00000000800003f0,0x0000000000000005,0x000000000000000f,0x00000000403afeee,0xffffffffc21f058a,0x0000000000000000,0x00000000403aa8ce,0x000000000063466e,0x3fedd0be67e46f0e,0x0000000080005be6,0x0000000000000000,0x4028d19bb087c163,0x4129fe7b4f34d6a1,0x41520754490ff972,0x01a56e1fc2f8f359,0x0000000000000000,0x3fdcf46da09db4e2,0x0000000080005be6,0x0000000000cc60e3,0x0000000000c43430,0x0000000000cc60e3,0x0000000000c43430,0x000000000011c55e,0x0000000000000594,0x0000000000005184,0x00000000000005ee,0x0000000000004e6b,0x00000000005d734d,0x00000000000012eb
1784432998381,0x0000000080005820,0x0000000080018ed0,0x0000000080007a7a,0x000000000000000f,0x00000000800191f0,0x0000000080018f20,0x000000008000f238,0x0000000080019310,0x0000000000000006,0x0000000000000006,0x0000000000000002,0x000000000000000e,0x000000008000f201,0x3fe566897b9c2e8f,0x0000000000000000,0x000000000cae3380,0x00000000005996e8,0x3fedd0be67e46f0e,0x000000008000494e,0x0000000000000000,0x414fe4ceb19ce076,0x4129fe77aacd9e84,0x41520754e7765fd9,0x3ff12c1dd8a1634c,0x0000000000000000,0x0000000000000000,0x000000008000494e,0x0000000000cd1e04,0x0000000000c4ebd9,0x0000000000cd1e04,0x0000000000c4ebd9,0x000000000011d913,0x0000000000000596,0x0000000000005186,0x00000000000005f9,0x0000000000004e94,0x00000000005dcdbc,0x00000000000012ee
1784432998948,0x0000000080006260,0x0000000080019230,0x402a601450ff50d2,0x0000000000000000,0x0000000000000000,0x0000000080019440,0x0000000080019698,0x00000000800194a0,0x000000008000f238,0x00000000800003f0,0x00000000800003f0,0x0000000000000038,0x00000000249ab7fa,0xffffffffe7381e1c,0x0000000000000000,0x00000000241ab678,0x000000000076e709,0x3fedd0be69646230,0x0000000080005d2c,0x0000000000000000,0x402db9c279ce0787,0x4129fe77aacd9e84,0x41520754e7765fd9,0x01a56e1fc2f8f359,0x0000000000000000,0x0000000000000000,0x0000000080005d2c,0x0000000000cdf3f2,0x0000000000c5bdf9,0x0000000000cdf3f2,0x0000000000c5bdf9,0x000000000011ede2,0x000000000000059f,0x0000000000005186,0x00000000000005fa,0x0000000000004eea,0x00000000005e3738,0x00000000000012f1
1784432999824,0x0000000080009fc2,0x0000000080018dc0,0x0000000080007a7a,0x00000000005869a0,0x00000000800191f0,0x0000000080018e40,0x00000000005869c0,0x0000000000000010,0x00000000006a2839,0x0000000000000002,0x00000000002c34e0,0xffffffff8df80000,0x0000000000000001,0x0000000000000005,0x0000000000000000,0xffffffffafba1eb8,0x00000000005869e6,0x3fedd0be69646230,0x000000008000a0b6,0x403e88fa391e637e,0x403e88fa391e637e,0x4129fe7842a9930c,0x41520753c4ed9168,0x01a56e1fc2f8f359,0x0000000000000000,0x403e88fa391e637e,0x000000008000a0b6,0x0000000000ceccb0,0x0000000000c69442,0x0000000000ceccb0,0x0000000000c69442,0x000000000012005b,0x00000000000005a3,0x0000000000005189,0x0000000000000608,0x0000000000004f2d,0x00000000005e9e48,0x00000000000012f4
1784433000712,0x00000000800056f8,0x0000000080019060,0x0000000080007a7a,0x000000000000000f,0x0000000080019430,0x00000000800190b0,0x0000000080019548,0x000000008000f238,0x0000000000000006,0x0000000000000006,0x0000000080019548,0x0000000000000108,0x000000008000f201,0x3feab7a6f0c1c9ce,0x0000000000000000,0x0000000076021838,0x00000000005703fb,0x3fedd0be6abe6493,0x00000000800049a2,0x0000000000000000,0x414fe4d60ade00d2,0x4129fe854b295e9e,0x41520751fefd21ff,0x0000000000000000,0x0000000000000000,0x0000000000000000,0x00000000800049a2,0x0000000000cfa774,0x0000000000c768b0,0x0000000000cfa774,0x0000000000c768b0,0x000000000012172e,0x00000000000005ac,0x000000000000518c,0x0000000000000617,0x0000000000004f9c,0x00000000005f0890,0x00000000000012f7
1784433001632,0x00000000800058f2,0x0000000080018ed0,0x0000000080007a7a,0x0000000000000000,0x00000000800191f0,0x0000000080018f20,0x00000000800193a0,0x00000000800194a0,0x0000000000000006,0x0000000000000003,0x00000000800194a0,0x0000000000000005,0xffffffffb5af7ff9,0x0000000043ba5008,0x0000000000000000,0xffffffffb5ad7fe0,0x000000000055dc95,0x3fedd0be6abe6493,0x00000000800049d0,0x0000000000000000,0x4025772550ee9402,0x4129fe854b295e9e,0x41520751fefd21ff,0x0000000000000000,0x0000000000000000,0x0000000000000000,0x00000000800049d0,0x0000000000d07e4f,0x0000000000c83f9c,0x0000000000d07e4f,0x0000000000c83f9c,0x00000000001228aa,0x00000000000005b5,0x000000000000518c,0x0000000000000617,0x0000000000004fdb,0x00000000005f7022,0x00000000000012fb
1784433002499,0x0000000080005744,0x0000000080019060,0x0000000080007a7a,0x000000000000000f,0x00000000800191f0,0x00000000800190b0,0x0000000080019310,0x00000000800191f0,0x0000000000000006,0x0000000000000006,0x00000000800190d0,0x00000000000000a8,0x000000008000f201,0x3fe9c2d0bb87306d,0x0000000000000000,0xffffffffbc665638,0x00000000005cee00,0x3fedd0be6bebb065,0x0000000080004980,0x0000000000000000,0x414fe4d6906594af,0x4129fe6a2b923a2a,0x4152074eba40b780,0x0000000000000000,0x0000000000000000,0x0000000000000000,0x0000000080004980,0x0000000000d14c02,0x0000000000c90765,0x0000000000d14c02,0x0000000000c90765,0x0000000000123dd4,0x00000000000005b7,0x000000000000518e,0x0000000000000622,0x0000000000005024,0x00000000005fd347,0x00000000000012fe
1784433003341,0x00000000800057ae,0x0000000080018d90,0x0000000080007a7a,0x0000000000000000,0x00000000800191f0,0x0000000080018de0,0x0000000080018f50,0x000000008000f238,0x0000000000000006,0x0000000000000006,0x0000000080018df0,0x0000000080018ed0,0xffffffff93c0ddfe,0x0000000043c8aefe,0x0000000000000000,0xffffffff93c0ddfe,0x000000000055dc95,0x3fedd0be6bebb065,0x00000000800049f0,0x0000000000000000,0x4025772550f22bc0,0x4129fe6a2b923a2a,0x4152074eba40b780,0x8000000000000000,0x0000000000000000,0x0000000000000000,0x00000000800049f0,0x0000000000d227e8,0x0000000000c9e315,0x0000000000d227e8,0x0000000000c9e315,0x0000000000124fca,0x00000000000005c0,0x000000000000518e,0x0000000000000622,0x0000000000005057,0x0000000000603d39,0x0000000000001301
1784433004250,0x00000000800058f2,0x0000000080018ed0,0x0000000080007a7a,0x0000000000000000,0x00000000800191f0,0x0000000080018f20,0x00000000800193a0,0x00000000800194a0,0x0000000000000006,0x0000000000000003,0x0000000000000002,0x0000000000000006,0xfffffffff2576bef,0x0000000043d961fa,0x0000000000000000,0xfffffffff2564bee,0x000000000055dc95,0x3fedd0be6ce94306,0x00000000800049b0,0x0000000000000000,0x4025772550f6587f,0x4129fe7bba43fe5d,0x4152074f8abd3c36,0x0000000000000000,0x0000000000000000,0x0000000000000000,0x00000000800049b0,0x0000000000d350ee,0x0000000000cb072e,0x0000000000d350ee,0x0000000000cb072e,0x0000000000126cac,0x00000000000005cb,0x0000000000005190,0x000000000000062d,0x00000000000050e1,0x000000000060ce52,0x0000000000001304
1784433005137,0x0000000080005744,0x0000000080019060,0x0000000080007a7a,0x000000000000000f,0x00000000800191f0,0x00000000800190b0,0x0000000080019310,0x00000000800191f0,0x0000000000000006,0x0000000000000006,0x0000000080019310,0x0000000080019348,0x000000008000f201,0x3fe141cc98c7105e,0x0000000000000000,0xffffffff95d94de0,0x00000000006da698,0x3fedd0be6db6f839,0x00000000800049a4,0x0000000000000000,0x414fe4d35ff97247,0x4129fe7d69e1b08a,0x4152075465f3b646,0x3fdcf46da09da3d1,0x3fdcf46da09da3d1,0x3fdcf46da09da3d1,0x00000000800049a4,0x0000000000d42090,0x0000000000cbd14f,0x0000000000d42090,0x0000000000cbd14f,0x00000000001281fc,0x00000000000005cd,0x0000000000005193,0x000000000000063c,0x000000000000512f,0x0000000000613277,0x0000000000001307
1784433005762,0x00000000800058f2,0x0000000080018ed0,0x0000000080007a7a,0x0000000000000000,0x00000000800191f0,0x0000000080018f20,0x00000000800193a0,0x00000000800194a0,0x0000000000000006,0x0000000000000003,0x0000000080018f50,0x0000000080018fa0,0xffffffffccbe3938,0x0000000043eaab2c,0x0000000000000000,0xffffffffcc8e1838,0x000000000055dc95,0x3fedd0be6db6f839,0x00000000800049f0,0x0000000000000000,0x4025772550faaacb,0x4129fe7d69e1b08a,0x4152075465f3b646,0x0000000000000000,0x0000000000000000,0x0000000000000000,0x00000000800049f0,0x0000000000d4ce08,0x0000000000cc7e12,0x0000000000d4ce08,0x0000000000cc7e12,0x000000000012903b,0x00000000000005d6,0x0000000000005193,0x000000000000063c,0x000000000000516a,0x0000000000618652,0x000000000000130a
1784433006367,0x00000000800056f8,0x0000000080019060,0x0000000080007a7a,0x000000000000000f,0x0000000080019430,0x00000000800190b0,0x0000000080019548,0x000000008000f238,0x0000000000000006,0x0000000000000006,0x0000000080019548,0x0000000080019610,0x000000008000f201,0x3fe3d18f5484c6a1,0x0000000000000000,0x000000005b178f7e,0x0000000000505c1b,0x3fedd0be6e56c69f,0x00000000800049a4,0x0000000000000000,0x414fe4cf2ba92a30,0x4129fe6792fec56d,0x4152074e80346dc6,0x0000000000000000,0x0000000000000000,0x0000000000000000,0x00000000800049a4,0x0000000000d57e5a,0x0000000000cd282b,0x0000000000d57e5a,0x0000000000cd282b,0x000000000012a30e,0x00000000000005d8,0x0000000000005196,0x0000000000000649,0x00000000000051b8,0x000000000061db79,0x000000000000130d
1784433007286,0x00000000800058f2,0x0000000080018ed0,0x0000000080007a7a,0x0000000000000000,0x00000000800191f0,0x0000000080018f20,0x00000000800193a0,0x00000000800194a0,0x0000000000000006,0x0000000000000003,0x0000000080018f50,0x00000000000000a0,0x000000006bbbdf7e,0x0000000043fb493e,0x0000000000000000,0x000000006bbbca7e,0x000000000055dc95,0x3fedd0be6e56c69f,0x0000000080004980,0x0000000000000000,0x4025772550fed250,0x4129fe6792fec56d,0x4152074e80346dc6,0x3f9287f43dd56155,0x0000000000000000,0x3f9287f43dd56155,0x0000000080004980,0x0000000000d64ca6,0x0000000000cdf6cc,0x0000000000d64ca6,0x0000000000cdf6cc,0x000000000012b3dc,0x00000000000005e1,0x0000000000005196,0x0000000000000649,0x00000000000051ef,0x0000000000623f40,0x0000000000001310
1784433008201,0x0000000080005744,0x0000000080019060,0x0000000080007a7a,0x000000000000000f,0x00000000800191f0,0x00000000800190b0,0x0000000080019310,0x00000000800191f0,0x0000000000000006,0x0000000000000006,0x0000000080019310,0x00000000800193c8,0x000000008000f201,0x3fdda60a4f7f7bba,0x0000000000000000,0xfffffffff2572780,0x00000000004947bb,0x3fedd0be6ecc1bbb,0x00000000800049a6,0x0000000000000000,0x414fe4cf5f381d7e,0x4129fe72883e425b,0x415207519ef34d6a,0x0000000000000000,0x0000000000000000,0x0000000000000000,0x00000000800049a6,0x0000000000d720e3,0x0000000000cec522,0x0000000000d720e3,0x0000000000cec522,0x000000000012c98e,0x00000000000005e3,0x0000000000005198,0x0000000000000654,0x0000000000005237,0x000000000062a565,0x0000000000001313
1784433009074,0x00000000800057ae,0x0000000080018d90,0x0000000080007a7a,0x0000000000000000,0x00000000800191f0,0x0000000080018de0,0x0000000080018f50,0x000000008000f238,0x0000000000000006,0x0000000000000006,0x0000000080018df0,0x0000000080018e50,0x00000000519ffebc,0x00000000440a6134,0x0000000000000000,0x000000005183c6b8,0x000000000055dc95,0x3fedd0be6ecc1bbb,0x0000000080004982,0x0000000000000000,0x402577255102984d,0x4129fe72883e425b,0x415207519ef34d6a,0x8000000000000000,0x0000000000000000,0x0000000000000000,0x0000000080004982,0x0000000000d7e7a5,0x0000000000cf8bd7,0x0000000000d7e7a5,0x0000000000cf8bd7,0x000000000012d9d0,0x00000000000005ec,0x0000000000005198,0x0000000000000654,0x000000000000526b,0x0000000000630547,0x0000000000001316
1784433009949,0x0000000080005820,0x0000000080018ed0,0x0000000080007a7a,0x000000000000000f,0x00000000800191f0,0x0000000080018f20,0x000000008000f238,0x0000000080019310,0x0000000000000006,0x0000000000000006,0x0000000000000000,0x0000000000000003,0x000000008000f201,0x3fdc24a79daaead1,0x0000000000000000,0x0000000071615ff8,0x000000000055efea,0x3fedd0be6f1b5529,0x00000000800049d6,0x0000000000000000,0x414fe4ce25b22d0e,0x4129fe7d18e21965,0x415207503810624e,0x0000000000000000,0x0000000000000000,0x0000000000000000,0x00000000800049d6,0x0000000000d8bc8e,0x0000000000d05aef,0x0000000000d8bc8e,0x0000000000d05aef,0x000000000012ef8e,0x00000000000005ee,0x000000000000519a,0x000000000000065f,0x00000000000052b3,0x0000000000636bec,0x0000000000001319
1784433010818,0x00000000800057ae,0x0000000080018d90,0x0000000080007a7a,0x0000000000000000,0x00000000800191f0,0x0000000080018de0,0x0000000080018f50,0x000000008000f238,0x0000000000000006,0x0000000000000006,0x0000000000000004,0x0000000000000016,0x0000000050bf1aff,0x0000000044176a82,0x0000000000000000,0x00000000502a0afe,0x000000000055dc95,0x3fedd0be6f1b5529,0x00000000800049be,0x0000000000000000,0x402577255105daa1,0x4129fe7d18e21965,0x415207503810624e,0x3ff0000000000000,0x0000000000000000,0x0000000000000000,0x00000000800049be,0x0000000000d96dbe,0x0000000000d10b8e,0x0000000000d96dbe,0x0000000000d10b8e,0x000000000012fe1b,0x00000000000005f7,0x000000000000519a,0x000000000000065f,0x00000000000052f1,0x000000000063c158,0x000000000000131c
1784433011711,0x0000000080005820,0x0000000080018ed0,0x0000000080007a7a,0x000000000000000f,0x00000000800191f0,0x0000000080018f20,0x000000008000f238,0x0000000080019310,0x0000000000000006,0x0000000000000006,0x0000000000000001,0x0000000000000006,0x000000008000f201,0x3fd73aefe0065062,0x0000000000000000,0x000000005e251f0e,0x0000000000657866,0x3fedd0be6f495447,0x0000000080004992,0x0000000000000000,0x414fe4cd52c3c9ef,0x4129fe87734d6a16,0x41520751a4f765fe,0x0000000000000000,0x0000000000000000,0x0000000000000000,0x0000000080004992,0x0000000000da3716,0x0000000000d1cebb,0x0000000000da3716,0x0000000000d1cebb,0x00000000001312e2,0x00000000000005f9,0x000000000000519d,0x000000000000066e,0x0000000000005348,0x0000000000642252,0x000000000000131f
1784433012587,0x0000000080006260,0x0000000080019230,0x402a601452d2cd24,0x0000000000000000,0x0000000000000000,0x0000000080019440,0x0000000080019698,0x00000000800194a0,0x000000008000f238,0x00000000800003f0,0x000000008000f238,0x000000008000f300,0xffffffff90fd5f3e,0xffffffffd6567ea6,0x0000000000000000,0xffffffff90e8162e,0x00000000004f70a1,0x3fedd0be6f5b2958,0x0000000080005bfe,0x0000000000000000,0x4023dc2875959faa,0x4129fe87734d6a16,0x41520751a4f765fe,0x01a56e1fc2f8f359,0x0000000000000000,0x0000000000000000,0x0000000080005bfe,0x0000000000db0708,0x0000000000d29cce,0x0000000000db0708,0x0000000000d29cce,0x00000000001324c1,0x0000000000000602,0x000000000000519d,0x000000000000066e,0x00000000000053a9,0x00000000006487a7,0x0000000000001322
1784433013419,0x0000000080005820,0x0000000080018ed0,0x0000000080007a7a,0x000000000000000f,0x00000000800191f0,0x0000000080018f20,0x000000008000f238,0x0000000080019310,0x0000000000000006,0x0000000000000006,0x0000000000000003,0x0000000000000012,0x000000008000f201,0x3fd6260ce1d2964c,0x0000000000000000,0x0000000044f80000,0x000000000063675e,0x3fedd0be6f5b2958,0x0000000080004998,0x0000000000000000,0x414fe4cd395b573f,0x4129fe7de594af4f,0x4152074ede9c779a,0x3fe1aec7af3670ca,0x0000000000000000,0x0000000000000000,0x0000000080004998,0x0000000000dbb6b8,0x0000000000d347a8,0x0000000000dbb6b8,0x0000000000d347a8,0x0000000000133693,0x0000000000000604,0x00000000000051a0,0x000000000000067c,0x00000000000053d6,0x000000000064db5f,0x0000000000001325
1784433014008,0x0000000080006260,0x0000000080019230,0x402a601452f44640,0x0000000000000000,0x0000000000000000,0x0000000080019440,0x0000000080019698,0x00000000800194a0,0x000000008000f238,0x00000000800003f0,0x0000000000000000,0x0000000000000000,0x0000000042b5fbae,0xffffffffddf82726,0x0000000000000000,0x000000004231b32e,0x00000000006cdd17,0x3fedd0be6f55d326,0x0000000080005bc4,0x0000000000000000,0x402b3745f77e09ca,0x4129fe7de594af4f,0x4152074ede9c779a,0x01a56e1fc2f8f359,0x3fdcf46da09cf889,0x0000000000000000,0x0000000080005bc4,0x0000000000dc7768,0x0000000000d4075b,0x0000000000dc7768,0x0000000000d4075b,0x0000000000134675,0x000000000000060d,0x00000000000051a0,0x000000000000067c,0x000000000000542e,0x0000000000653939,0x0000000000001328
1784433014720,0x000000008000583a,0x0000000080018ed0,0x0000000080007a7a,0x000000000000000f,0x00000000800191f0,0x0000000080018f20,0x00000000800194a0,0x000000008000f238,0x0000000000000003,0x0000000000000006,0x00000000800194a0,0x00000000800194f0,0x000000008000f201,0x3fccc4f91f23b45a,0x0000000000000000,0x000000004597e9b8,0x00000000004cef4f,0x3fedd0be6f55d326,0x00000000800049a4,0x0000000000000000,0x414fe4d286c56d5d,0x4129fe661318fc50,0x415207517a5460aa,0x0000000000000000,0x0000000000000000,0x0000000000000000,0x00000000800049a4,0x0000000000dd464e,0x0000000000d4d0e8,0x0000000000dd464e,0x0000000000d4d0e8,0x0000000000135b92,0x000000000000060f,0x00000000000051a3,0x000000000000068a,0x0000000000005458,0x0000000000659c1c,0x000000000000132b
1784433015578,0x0000000080006260,0x0000000080019230,0x402a6014530c2ee3,0x0000000000000000,0x0000000000000000,0x0000000080019440,0x0000000080019698,0x00000000800194a0,0x000000008000f238,0x00000000800003f0,0x0000000000000000,0x0000000000000002,0x00000000457fff2c,0x000000004a76a7a0,0x0000000000000000,0x00000000455eee00,0x00000000006b5253,0x3fedd0be6f3e1017,0x0000000080005bb6,0x0000000000000000,0x402ad494d29da9e8,0x4129fe661318fc50,0x415207517a5460aa,0x01a56e1fc2f8f359,0x0000000000000000,0x0000000000000000,0x0000000080005bb6,0x0000000000ddfbe2,0x0000000000d58430,0x0000000000ddfbe2,0x0000000000d58430,0x0000000000136c29,0x0000000000000618,0x00000000000051a3,0x000000000000068a,0x00000000000054b2,0x000000000065f571,0x000000000000132e
1784433016517,0x000000008000583a,0x0000000080018ed0,0x0000000080007a7a,0x000000000000000f,0x00000000800191f0,0x0000000080018f20,0x00000000800194a0,0x000000008000f238,0x0000000000000003,0x0000000000000006,0x00000000800191f0,0x0000000080019260,0x000000008000f201,0x3fcb76c6f452f58d,0x0000000000000000,0xffffffffa04b8000,0x00000000006ae6fd,0x3fedd0be6f3e1017,0x0000000080004982,0x0000000000000000,0x414fe4cadb089a02,0x4129fe68fae147ae,0x41520751e2339c0f,0x0000000000000000,0x0000000000000000,0x0000000000000000,0x0000000080004982,0x0000000000dec7e3,0x0000000000d64bd6,0x0000000000dec7e3,0x0000000000d64bd6,0x0000000000137f6f,0x000000000000061a,0x00000000000051a5,0x0000000000000695,0x00000000000054df,0x0000000000665614,0x0000000000001331
1784433017417,0x00000000800056f8,0x0000000080019060,0x0000000080007a7a,0x000000000000000f,0x0000000080019430,0x00000000800190b0,0x0000000080019548,0x000000008000f238,0x0000000000000006,0x0000000000000006,0x0000000000000001,0x0000000000000006,0x000000008000f201,0x3fcc02a9e09c6d86,0x0000000000000000,0xffffffffac2ec71e,0x0000000000583934,0x3fedd0be6f183dfc,0x00000000800049d6,0x0000000000000000,0x414fe4d01075f6fd,0x4129fe71a1cac083,0x415207575de353f8,0x0000000000000000,0x0000000000000000,0x0000000000000000,0x00000000800049d6,0x0000000000df9b07,0x0000000000d71a31,0x0000000000df9b07,0x0000000000d71a31,0x0000000000139571,0x0000000000000625,0x00000000000051a8,0x00000000000006a4,0x0000000000005552,0x000000000066be9b,0x0000000000001334
1784433018271,0x000000008000589c,0x0000000080018ed0,0x0000000080007a7a,0x0000000000000000,0x00000000800191f0,0x0000000080018f20,0x0000000080019280,0x0000000080019118,0x0000000000000006,0x0000000000000003,0x0000000080019280,0x0000000000000080,0xffffffff81fddffb,0x000000004435bbf4,0x0000000000000000,0xffffffff817ccfb8,0x000000000055dc95,0x3fedd0be6f183dfc,0x00000000800049a2,0x0000000000000000,0x40257725510d6efd,0x4129fe71a1cac083,0x415207575de353f8,0x0000000000000000,0x0000000000000000,0x0000000000000000,0x00000000800049a2,0x0000000000e072bd,0x0000000000d7f244,0x0000000000e072bd,0x0000000000d7f244,0x000000000013a6af,0x000000000000062e,0x00000000000051a8,0x00000000000006a4,0x0000000000005582,0x0000000000672721,0x0000000000001337
1784433019159,0x0000000080005744,0x0000000080019060,0x0000000080007a7a,0x000000000000000f,0x00000000800191f0,0x00000000800190b0,0x0000000080019310,0x00000000800191f0,0x0000000000000006,0x0000000000000006,0x0000000000000000,0x0000000000000006,0x000000008000f201,0x3fdb30c38acde9ba,0x0000000000000000,0x00000000278e6ff8,0x000000000074696d,0x3fedd0be6ee845f1,0x00000000800049d6,0x0000000000000000,0x414fe4cf4f79a6b5,0x4129fe65828f5c29,0x4152075420346dc6,0x4013efc4d6adb36a,0x0000000000000000,0x0000000000000000,0x00000000800049d6,0x0000000000e143d9,0x0000000000d8bdb3,0x0000000000e143d9,0x0000000000d8bdb3,0x000000000013bc75,0x0000000000000630,0x00000000000051ab,0x00000000000006b1,0x00000000000055d3,0x0000000000678bba,0x000000000000133a
1784433020050,0x00000000800057ae,0x0000000080018d90,0x0000000080007a7a,0x0000000000000000,0x00000000800191f0,0x0000000080018de0,0x0000000080018f50,0x000000008000f238,0x0000000000000006,0x0000000000000006,0x0000000080018df0,0x0000000080018e50,0xffffffff8be7bdf6,0x000000004435bdd8,0x0000000000000000,0xffffffff8be3ace0,0x000000000055dc95,0x3fedd0be6ee845f1,0x00000000800049f0,0x0000000000000000,0x40257725510d6f76,0x4129fe65828f5c29,0x4152075420346dc6,0x8000000000000000,0x0000000000000000,0x0000000000000000,0x00000000800049f0,0x0000000000e2252b,0x0000000000d99f04,0x0000000000e2252b,0x0000000000d99f04,0x000000000013cee2,0x0000000000000639,0x00000000000051ab,0x00000000000006b1,0x0000000000005604,0x000000000067f857,0x000000000000133d
1784433020708,0x0000000080005744,0x0000000080019060,0x0000000080007a7a,0x000000000000000f,0x00000000800191f0,0x00000000800190b0,0x0000000080019310,0x00000000800191f0,0x0000000000000006,0x0000000000000006,0x0000000000000006,0x0000000000000005,0x000000008000f201,0x3fdea7366e3ce54e,0x0000000000000000,0x0000000032e0272e,0x0000000000761615,0x3fedd0be6eb191e3,0x0000000080004a38,0x0000000000000000,0x414fe4cb75b573eb,0x4129fe6d65c91d15,0x415207548c240b78,0x3ff117a2fa7b3077,0x0000000000000000,0x3ff117a2fa7b3077,0x0000000080004a38,0x0000000000e2e45b,0x0000000000da5824,0x0000000000e2e45b,0x0000000000da5824,0x000000000013e2f3,0x000000000000063b,0x00000000000051ad,0x00000000000006bc,0x000000000000564a,0x0000000000685487,0x0000000000001340
1784433021262,0x00000000800057ae,0x0000000080018d90,0x0000000080007a7a,0x0000000000000000,0x00000000800191f0,0x0000000080018de0,0x0000000080018f50,0x000000008000f238,0x0000000000000006,0x0000000000000006,0x000000008000f238,0x000000008000f350,0x0000000059fdd67e,0x0000000044344fba,0x0000000000000000,0x0000000059cdd66e,0x000000000055dc95,0x3fedd0be6eb191e3,0x00000000800049c8,0x0000000000000000,0x40257725510d13ef,0x4129fe6d65c91d15,0x415207548c240b78,0x8000000000000000,0x0000000000000000,0x3fc2c1cc2d8e1d77,0x00000000800049c8,0x0000000000e39a97,0x0000000000db0e35,0x0000000000e39a97,0x0000000000db0e35,0x000000000013f1cc,0x0000000000000644,0x00000000000051ad,0x00000000000006bc,0x000000000000568c,0x000000000068acc1,0x0000000000001343
1784433022103,0x0000000080005820,0x0000000080018ed0,0x0000000080007a7a,0x000000000000000f,0x00000000800191f0,0x0000000080018f20,0x000000008000f238,0x0000000080019310,0x0000000000000006,0x0000000000000006,0x0000000080019280,0x00000000800192b0,0x000000008000f201,0x3fe1308c6dbbf832,0x0000000000000000,0xffffffffc798e8b8,0x00000000007ef803,0x3fedd0be6e7709b2,0x0000000080004982,0x0000000000000000,0x414fe4cd8f3eab36,0x4129fe75c95182aa,0x4152074f0ffe5c92,0x0000000000000000,0x0000000000000000,0x0000000000000000,0x0000000080004982,0x0000000000e477ab,0x0000000000dbe51c,0x0000000000e477ab,0x0000000000dbe51c,0x0000000000140839,0x0000000000000646,0x00000000000051af,0x00000000000006c7,0x00000000000056e7,0x0000000000691703,0x0000000000001346
1784433022998,0x0000000080006260,0x0000000080019230,0x402a60145311ecd1,0x0000000000000000,0x0000000000000000,0x0000000080019440,0x0000000080019698,0x00000000800194a0,0x000000008000f238,0x00000000800003f0,0x0000000000000001,0x0000000000000002,0xffffffffd6fcebfc,0x000000000edd58fc,0x0000000000000000,0xffffffffd6fce3f8,0x0000000000464c87,0x3fedd0be6e3b1613,0x0000000080005bbe,0x0000000000000000,0x40319321c3b7563f,0x4129fe75c95182aa,0x4152074f0ffe5c92,0x01a56e1fc2f8f359,0x0000000000000000,0x0000000000000000,0x0000000080005bbe,0x0000000000e547a8,0x0000000000dcb2b5,0x0000000000e547a8,0x0000000000dcb2b5,0x0000000000141a8a,0x000000000000064f,0x00000000000051af,0x00000000000006c7,0x0000000000005745,0x0000000000697c62,0x0000000000001349
1784433023878,0x000000008000583a,0x0000000080018ed0,0x0000000080007a7a,0x000000000000000f,0x00000000800191f0,0x0000000080018f20,0x00000000800194a0,0x000000008000f238,0x0000000000000003,0x0000000000000006,0x0000000000000003,0x0000000000000003,0x000000008000f201,0x3fd835f76d9a14ca,0x0000000000000000,0xffffffffa1c8b44e,0x0000000000567f67,0x3fedd0be6e3b1613,0x0000000080004a46,0x0000000000000000,0x414fe4cbde631f8a,0x4129fe6c786c2268,0x415207593a26809d,0x0000000000000000,0x3ff12c1ddb7baeee,0x3ff12c1ddb7baeee,0x0000000080004a46,0x0000000000e61c45,0x0000000000dd8281,0x0000000000e61c45,0x0000000000dd8281,0x0000000000142eec,0x0000000000000651,0x00000000000051b2,0x00000000000006d5,0x0000000000005771,0x000000000069e133,0x000000000000134c
1784433024792,0x00000000800056f8,0x0000000080019060,0x0000000080007a7a,0x000000000000000f,0x0000000080019430,0x00000000800190b0,0x0000000080019548,0x000000008000f238,0x0000000000000006,0x0000000000000006,0x0000000000000005,0x0000000000000006,0x000000008000f201,0x3fe3b3906b4fb628,0x0000000000000000,0x000000007cf53f80,0x00000000004adff0,0x3fedd0be6dffa78a,0x00000000800049b0,0x0000000000000000,0x414fe4cb487c84b6,0x4129fe7074af4f0e,0x41520754bffe5c92,0x0000000000000000,0x0000000000000000,0x0000000000000000,0x00000000800049b0,0x0000000000e6ed56,0x0000000000de4e16,0x0000000000e6ed56,0x0000000000de4e16,0x00000000001444aa,0x000000000000065c,0x00000000000051b5,0x00000000000006e8,0x00000000000057f3,0x00000000006a4877,0x000000000000134f
1784433025663,0x00000000800058f2,0x0000000080018ed0,0x0000000080007a7a,0x0000000000000000,0x00000000800191f0,0x0000000080018f20,0x00000000800193a0,0x00000000800194a0,0x0000000000000006,0x0000000000000003,0x0000000000000004,0x0000000000000018,0xffffffffd35ff6aa,0x00000000442a1f80,0x0000000000000000,0xffffffffd30fe000,0x000000000055dc95,0x3fedd0be6dffa78a,0x00000000800049e0,0x0000000000000000,0x40257725510a87e0,0x4129fe7074af4f0e,0x41520754bffe5c92,0x0000000000000000,0x0000000000000000,0x0000000000000000,0x00000000800049e0,0x0000000000e7df78,0x0000000000df4054,0x0000000000e7df78,0x0000000000df4054,0x0000000000145866,0x0000000000000665,0x00000000000051b5,0x00000000000006e8,0x000000000000582e,0x00000000006abcf6,0x0000000000001352
1784433026574,0x0000000080005744,0x0000000080019060,0x0000000080007a7a,0x000000000000000f,0x00000000800191f0,0x00000000800190b0,0x0000000080019310,0x00000000800191f0,0x0000000000000006,0x0000000000000006,0x0000000000000004,0x0000000000000006,0x000000008000f201,0x3fe4c5c860aad989,0x0000000000000000,0xffffffffe67173de,0x000000000051c6b8,0x3fedd0be6dc64044,0x0000000080004940,0x0000000000000000,0x414fe4cd52c3c9ef,0x4129fe87734d6a16,0x41520751a4f765fe,0x0000000000000000,0x0000000000000000,0x0000000000000000,0x0000000080004940,0x0000000000e8b538,0x0000000000e00fce,0x0000000000e8b538,0x0000000000e00fce,0x0000000000146e3b,0x0000000000000667,0x00000000000051b7,0x00000000000006f3,0x0000000000005873,0x00000000006b2396,0x0000000000001355
1784433027477,0x00000000800057ae,0x0000000080018d90,0x0000000080007a7a,0x0000000000000000,0x00000000800191f0,0x0000000080018de0,0x0000000080018f50,0x000000008000f238,0x0000000000000006,0x0000000000000006,0x0000000000000000,0x0000000000000000,0xffffffffdd1f47be,0x00000000442593e6,0x0000000000000000,0xffffffffdd0906ae,0x000000000055dc95,0x3fedd0be6dc64044,0x00000000800049e0,0x0000000000000000,0x40257725510964fa,0x4129fe87734d6a16,0x41520751a4f765fe,0x8000000000000000,0x4012207dfca3d11e,0x8000000000000000,0x00000000800049e0,0x0000000000e962b8,0x0000000000e0bd48,0x0000000000e962b8,0x0000000000e0bd48,0x0000000000147c62,0x0000000000000670,0x00000000000051b7,0x00000000000006f3,0x00000000000058b5,0x00000000006b77b5,0x0000000000001358
1784433028040,0x0000000080005744,0x0000000080019060,0x0000000080007a7a,0x000000000000000f,0x00000000800191f0,0x00000000800190b0,0x0000000080019310,0x00000000800191f0,0x0000000000000006,0x0000000000000006,0x00000000800190d0,0x0000000000000001,0x000000008000f201,0x3fe1ce20e68a2619,0x0000000000000000,0x00000000376912e0,0x0000000000470867,0x3fedd0be6d8fffb2,0x0000000080004988,0x0000000000000000,0x414fe4cd395b573f,0x4129fe7de594af4f,0x4152074ede9c779a,0x0000000000000000,0x3fe185d1eca6d1e0,0x3fe185d1eca6d1e0,0x0000000080004988,0x0000000000ea10cc,0x0000000000e1656f,0x0000000000ea10cc,0x0000000000e1656f,0x0000000000148f14,0x0000000000000672,0x00000000000051b9,0x00000000000006fe,0x00000000000058fb,0x00000000006bcbd4,0x000000000000135b
1784433028635,0x00000000800057ae,0x0000000080018d90,0x0000000080007a7a,0x0000000000000000,0x00000000800191f0,0x0000000080018de0,0x0000000080018f50,0x000000008000f238,0x0000000000000006,0x0000000000000006,0x0000000000000000,0x0000000000000006,0xffffffff85a9fdff,0x000000004420cd02,0x0000000000000000,0xffffffff85a9e5fe,0x000000000055dc95,0x3fedd0be6d8fffb2,0x00000000800049b0,0x0000000000000000,0x4025772551083341,0x4129fe7de594af4f,0x4152074ede9c779a,0x3fea330ae25af0cd,0x0000000000000000,0x0000000000000000,0x00000000800049b0,0x0000000000eadd0d,0x0000000000e231aa,0x0000000000eadd0d,0x0000000000e231aa,0x0000000000149fc4,0x000000000000067b,0x00000000000051b9,0x00000000000006fe,0x0000000000005930,0x00000000006c2e80,0x000000000000135e
1784433029530,0x0000000080005744,0x0000000080019060,0x0000000080007a7a,0x000000000000000f,0x00000000800191f0,0x00000000800190b0,0x0000000080019310,0x00000000800191f0,0x0000000000000006,0x0000000000000006,0x00000000800190d0,0x0000000000000004,0x000000008000f201,0x3fd782022ac1228a,0x0000000000000000,0x000000006aec4e78,0x000000000068787a,0x3fedd0be6d5daef7,0x00000000800049fc,0x0000000000000000,0x414fe4d286c56d5d,0x4129fe661318fc50,0x415207517a5460aa,0x0000000000000000,0x0000000000000000,0x0000000000000000,0x00000000800049fc,0x0000000000eba605,0x0000000000e2f477,0x0000000000eba605,0x0000000000e2f477,0x000000000014b4a1,0x000000000000067d,0x00000000000051bc,0x000000000000070d,0x0000000000005982,0x00000000006c8f50,0x0000000000001361
1784433030361,0x00000000800057ae,0x0000000080018d90,0x0000000080007a7a,0x0000000000000000,0x00000000800191f0,0x0000000080018de0,0x0000000080018f50,0x000000008000f238,0x0000000000000006,0x0000000000000006,0x0000000000000000,0x0000000000000018,0xffffffffe1e7b3ff,0x00000000441bf43a,0x0000000000000000,0xffffffffe162b16e,0x000000000055dc95,0x3fedd0be6d5daef7,0x00000000800049e0,0x0000000000000000,0x402577255106fd0f,0x4129fe661318fc50,0x415207517a5460aa,0x8000000000000000,0x0000000000000000,0x8000000000000000,0x00000000800049e0,0x0000000000ec741e,0x0000000000e3c263,0x0000000000ec741e,0x0000000000e3c263,0x000000000014c56e,0x0000000000000686,0x00000000000051bc,0x000000000000070d,0x00000000000059bc,0x00000000006cf2c5,0x0000000000001364
1784433031283,0x0000000080005820,0x0000000080018ed0,0x0000000080007a7a,0x000000000000000f,0x00000000800191f0,0x0000000080018f20,0x000000008000f238,0x0000000080019310,0x0000000000000006,0x0000000000000006,0x0000000080019280,0x00000000800192c8,0x000000008000f201,0x3fd300f02aadd564,0x0000000000000000,0xffffffffac12eee0,0x0000000000589db2,0x3fedd0be6d2fcd83,0x00000000800049f0,0x0000000000000000,0x414fe4cadb089a02,0x4129fe68fae147ae,0x41520751e2339c0f,0x0000000000000000,0x0000000000000000,0x0000000000000000,0x00000000800049f0,0x0000000000ed434f,0x0000000000e48bef,0x0000000000ed434f,0x0000000000e48bef,0x000000000014dabc,0x0000000000000688,0x00000000000051bf,0x000000000000071a,0x0000000000005a09,0x00000000006d56cb,0x0000000000001367
1784433032204,0x0000000080006260,0x0000000080019230,0x402a601452a688c6,0x0000000000000000,0x0000000000000000,0x0000000080019440,0x0000000080019698,0x00000000800194a0,0x000000008000f238,0x00000000800003f0,0x000000008000f238,0x000000008000f250,0x00000000097b99fe,0xffffffffc3243aba,0x0000000000000000,0x00000000091b986e,0x000000000076f246,0x3fedd0be6d069d66,0x0000000080005bfc,0x0000000000000000,0x401dbc91b0c90eaf,0x4129fe68fae147ae,0x41520751e2339c0f,0x01a56e1fc2f8f359,0x0000000000000000,0x0000000000000000,0x0000000080005bfc,0x0000000000ee124e,0x0000000000e558d2,0x0000000000ee124e,0x0000000000e558d2,0x000000000014ed89,0x0000000000000691,0x00000000000051bf,0x000000000000071a,0x0000000000005a51,0x00000000006dbc5c,0x000000000000136a
1784433033055,0x0000000080005850,0x0000000080018ed0,0x0000000080007a7a,0x000000000000000f,0x00000000800191f0,0x0000000080018f20,0x00000000800191f0,0x0000000080019310,0x0000000000000003,0x0000000000000006,0x0000000000000002,0x0000000000000008,0x000000008000f201,0x3fcfc4b9140e6dca,0x0000000000000000,0x0000000017b11cde,0x0000000000749dae,0x3fedd0be6d069d66,0x0000000080004978,0x0000000000000000,0x414fe4d01075f6fd,0x4129fe71a1cac083,0x415207575de353f8,0x0000000000000000,0x0000000000000000,0x0000000000000000,0x0000000080004978,0x0000000000eeef81,0x0000000000e63147,0x0000000000eeef81,0x0000000000e63147,0x000000000015020f,0x0000000000000693,0x00000000000051c1,0x0000000000000724,0x0000000000005a87,0x00000000006e24b9,0x000000000000136d
1784433033971,0x00000000800056f8,0x0000000080019060,0x0000000080007a7a,0x000000000000000f,0x0000000080019430,0x00000000800190b0,0x0000000080019548,0x000000008000f238,0x0000000000000006,0x0000000000000006,0x0000000000000005,0x0000000000000011,0x000000008000f201,0x3fda1b54422ccb3e,0x0000000000000000,0xfffffffffa0025e0,0x00000000006f9708,0x3fedd0be6ce22ee5,0x000000008000499c,0x0000000000000000,0x414fe4cf4f79a6b5,0x4129fe65828f5c29,0x4152075420346dc6,0x0000000000000000,0x3fe185d1eca6d029,0x3fe185d1eca6d029,0x000000008000499c,0x0000000000efbbcd,0x0000000000e6f92b,0x0000000000efbbcd,0x0000000000e6f92b,0x0000000000151782,0x000000000000069e,0x00000000000051c3,0x000000000000072f,0x0000000000005af7,0x00000000006e8a56,0x0000000000001370
1784433034871,0x0000000080009fc2,0x0000000080018dc0,0x0000000080007a7a,0x000000000055a000,0x00000000800191f0,0x0000000080018e40,0x000000000055c000,0x0000000000002000,0x00000000004ca4c0,0x0000000000000003,0x00000000002ae000,0x000000002ad73800,0x0000000000000000,0x000000000000000d,0x0000000000000000,0x000000002841f0f8,0x00000000005869e6,0x3fedd0be6ce22ee5,0x000000008000a0d6,0x405ccc3930156b9c,0x405ccc3930156b9c,0x4129fe65828f5c29,0x4152075420346dc6,0x01a56e1fc2f8f359,0x0000000000000000,0x405ccc3930156b9c,0x000000008000a0d6,0x0000000000f07173,0x0000000000e7af1c,0x0000000000f07173,0x0000000000e7af1c,0x00000000001525c4,0x00000000000006a1,0x00000000000051c3,0x000000000000072f,0x0000000000005b13,0x00000000006ee21d,0x0000000000001373
1784433035427,0x00000000800056f8,0x0000000080019060,0x0000000080007a7a,0x000000000000000f,0x0000000080019430,0x00000000800190b0,0x0000000080019548,0x000000008000f238,0x0000000000000006,0x0000000000000006,0x0000000000000001,0x0000000000000006,0x000000008000f201,0x3fdb01ec11fa0a59,0x0000000000000000,0xffffffff9cc14ce0,0x00000000006e6b38,0x3fedd0be6cc26b14,0x00000000800049b0,0x0000000000000000,0x414fe4cb75b573eb,0x4129fe6d65c91d15,0x415207548c240b78,0x3ff0000000000000,0x0000000000000000,0x0000000000000000,0x00000000800049b0,0x0000000000f11ded,0x0000000000e8552b,0x0000000000f11ded,0x0000000000e8552b,0x00000000001538cc,0x00000000000006a9,0x00000000000051c6,0x000000000000073e,0x0000000000005b81,0x00000000006f35ca,0x0000000000001376
1784433036024,0x000000008000519e,0x0000000080018e90,0x0000000080007a7a,0x0000000000000000,0x00000000800191f0,0x0000000080018ee0,0x0000000000000000,0x0000000051028749,0x000000003fe00000,0x4025772551028749,0x0000000000000002,0x0000000000000000,0x000000004aff6b7b,0x00000000440a1d24,0x0000000000000000,0x000000004aef6978,0x000000000055dc95,0x3fedd0be6cc26b14,0x0000000080005358,0x0000000000000000,0x4025772551028749,0x4129fe6d65c91d15,0x415207548c240b78,0x0000000000000000,0x0000000000000000,0x0000000000000000,0x0000000080005358,0x0000000000f1eebe,0x0000000000e925af,0x0000000000f1eebe,0x0000000000e925af,0x000000000015498b,0x00000000000006b2,0x00000000000051c6,0x000000000000073e,0x0000000000005bb2,0x00000000006f9ab6,0x0000000000001379
1784433036905,0x00000000800056f8,0x0000000080019060,0x0000000080007a7a,0x000000000000000f,0x0000000080019430,0x00000000800190b0,0x0000000080019548,0x000000008000f238,0x0000000000000006,0x0000000000000006,0x0000000000000005,0x0000000000000006,0x000000008000f201,0x3fdc8b237c64d3a0,0x0000000000000000,0xffffffff9e6de2b8,0x00000000006f7b94,0x3fedd0be6ca71d5f,0x00000000800049d6,0x0000000000000000,0x414fe4cd8f3eab36,0x4129fe75c95182aa,0x4152074f0ffe5c92,0x0000000000000000,0x0000000000000000,0x0000000000000000,0x00000000800049d6,0x0000000000f2bfea,0x0000000000e9f03f,0x0000000000f2bfea,0x0000000000e9f03f,0x0000000000155f5b,0x00000000000006b4,0x00000000000051c9,0x000000000000074d,0x0000000000005bfe,0x00000000006ffed4,0x000000000000137c
1784433037804,0x00000000800058f2,0x0000000080018ed0,0x0000000080007a7a,0x0000000000000000,0x00000000800191f0,0x0000000080018f20,0x00000000800193a0,0x00000000800194a0,0x0000000000000006,0x0000000000000003,0x0000000000000001,0x0000000000000006,0x000000007dfbdff7,0x0000000044066288,0x0000000000000000,0x000000007dd9cbe0,0x000000000055dc95,0x3fedd0be6ca71d5f,0x000000008000496c,0x0000000000000000,0x40257725510198a2,0x4129fe75c95182aa,0x4152074f0ffe5c92,0x3f9287f43dd4dd16,0x0000000000000000,0x0000000000000000,0x000000008000496c,0x0000000000f38445,0x0000000000eab50c,0x0000000000f38445,0x0000000000eab50c,0x0000000000156f5e,0x00000000000006bd,0x00000000000051c9,0x000000000000074d,0x0000000000005c2e,0x0000000000705dfb,0x000000000000137f
1784433038712,0x0000000080005744,0x0000000080019060,0x0000000080007a7a,0x000000000000000f,0x00000000800191f0,0x00000000800190b0,0x0000000080019310,0x00000000800191f0,0x0000000000000006,0x0000000000000006,0x0000000000000002,0x0000000000000006,0x000000008000f201,0x3fd08732dc9766b4,0x0000000000000000,0x000000000d627800,0x00000000007728d0,0x3fedd0be6c8ffbd6,0x000000008000498e,0x0000000000000000,0x414fe4cbde631f8a,0x4129fe6c786c2268,0x415207593a26809d,0x3fe185d1eca6d050,0x0000000000000000,0x0000000000000000,0x000000008000498e,0x0000000000f45e71,0x0000000000eb8925,0x0000000000f45e71,0x0000000000eb8925,0x0000000000158585,0x00000000000006bf,0x00000000000051cb,0x0000000000000758,0x0000000000005c79,0x000000000070c6bf,0x0000000000001382
1784433039532,0x00000000800057ae,0x0000000080018d90,0x0000000080007a7a,0x0000000000000000,0x00000000800191f0,0x0000000080018de0,0x0000000080018f50,0x000000008000f238,0x0000000000000006,0x0000000000000006,0x0000000000000003,0x0000000000000006,0x0000000044b6efbd,0x00000000440303cc,0x0000000000000000,0x000000004494cab8,0x000000000055dc95,0x3fedd0be6c8ffbd6,0x000000008000496c,0x0000000000000000,0x402577255100c0f3,0x4129fe6c786c2268,0x415207593a26809d,0x8000000000000000,0x0000000000000000,0x0000000000000000,0x000000008000496c,0x0000000000f5380f,0x0000000000ec62bd,0x0000000000f5380f,0x0000000000ec62bd,0x0000000000159751,0x00000000000006c8,0x00000000000051cb,0x0000000000000758,0x0000000000005ca8,0x0000000000712fa3,0x0000000000001385
1784433040387,0x0000000080005820,0x0000000080018ed0,0x0000000080007a7a,0x000000000000000f,0x00000000800191f0,0x0000000080018f20,0x000000008000f238,0x0000000080019310,0x0000000000000006,0x0000000000000006,0x0000000000000002,0x0000000000000005,0x000000008000f201,0x3fde303a8075b326,0x0000000000000000,0x000000003a22fc78,0x00000000006c6cb4,0x3fedd0be6c7cae55,0x00000000800049e2,0x0000000000000000,0x414fe4cb487c84b6,0x4129fe7074af4f0e,0x41520754bffe5c92,0x0000000000000000,0x0000000000000000,0x0000000000000000,0x00000000800049e2,0x0000000000f60315,0x0000000000ed27ae,0x0000000000f60315,0x0000000000ed27ae,0x000000000015ac34,0x00000000000006ca,0x00000000000051cd,0x0000000000000763,0x0000000000005cf7,0x0000000000719188,0x0000000000001388
1784433041296,0x0000000080006260,0x0000000080019230,0x402a60145248de14,0x0000000000000000,0x0000000000000000,0x0000000080019440,0x0000000080019698,0x00000000800194a0,0x000000008000f238,0x00000000800003f0,0x0000000000000004,0x0000000000000010,0xffffffff92d9fdfc,0xfffffffff3eaa4b8,0x0000000000000000,0xffffffff92d1dde0,0x0000000000639cc0,0x3fedd0be6c6cd46a,0x0000000080005bcc,0x0000000000000000,0x4008e7303cfaa92e,0x4129fe7074af4f0e,0x41520754bffe5c92,0x01a56e1fc2f8f359,0x0000000000000000,0x0000000000000000,0x0000000080005bcc,0x0000000000f6da1b,0x0000000000edfc1a,0x0000000000f6da1b,0x0000000000edfc1a,0x000000000015bfe4,0x00000000000006d3,0x00000000000051cd,0x0000000000000763,0x0000000000005d4c,0x000000000071fabb,0x000000000000138b
1784433042155,0x0000000080005820,0x0000000080018ed0,0x0000000080007a7a,0x000000000000000f,0x00000000800191f0,0x0000000080018f20,0x000000008000f238,0x0000000080019310,0x0000000000000006,0x0000000000000006,0x0000000000000002,0x000000000000000b,0x000000008000f201,0x3fdf1639b44bd19d,0x0000000000000000,0x00000000687816ae,0x000000000048ed6a,0x3fedd0be6c6cd46a,0x0000000080004978,0x0000000000000000,0x414fe4cd7dab9f56,0x4129fe64f7c1bda5,0x4152075493f487fd,0x0000000000000000,0x0000000000000000,0x0000000000000000,0x0000000080004978,0x0000000000f78271,0x0000000000eea098,0x0000000000f78271,0x0000000000eea098,0x000000000015cfea,0x00000000000006d5,0x00000000000051d0,0x0000000000000771,0x0000000000005d7c,0x0000000000724a7a,0x000000000000138e
1784433042701,0x00000000800057ae,0x0000000080018d90,0x0000000080007a7a,0x0000000000000000,0x00000000800191f0,0x0000000080018de0,0x0000000080018f50,0x000000008000f238,0x0000000000000006,0x0000000000000006,0x000000008000f238,0x000000008000f338,0xfffffffff67aed7a,0x0000000043fd5d24,0x0000000000000000,0xfffffffff67a6978,0x000000000055dc95,0x3fedd0be6c6cd46a,0x00000000800049c6,0x0000000000000000,0x4025772550ff5749,0x4129fe64f7c1bda5,0x4152075493f487fd,0x3ff0000000000000,0x0000000000000000,0x0000000000000000,0x00000000800049c6,0x0000000000f83466,0x0000000000ef524d,0x0000000000f83466,0x0000000000ef524d,0x000000000015de80,0x00000000000006de,0x00000000000051d0,0x0000000000000771,0x0000000000005dbb,0x000000000072a0a3,0x0000000000001391
1784433043329,0x0000000080005820,0x0000000080018ed0,0x0000000080007a7a,0x000000000000000f,0x00000000800191f0,0x0000000080018f20,0x000000008000f238,0x0000000080019310,0x0000000000000006,0x0000000000000006,0x0000000000000006,0x0000000000000000,0x000000008000f201,0x3fdf2ab33271fa33,0x0000000000000000,0xffffffffe5aba9f8,0x0000000000739a66,0x3fedd0be6c600a3c,0x0000000080004a12,0x0000000000000000,0x414fe4cad9724745,0x4129fe7000ded289,0x415207546ef9db23,0x3fc2c1cc2c4d59c3,0x0000000000000000,0x0000000000000000,0x0000000080004a12,0x0000000000f8ffbe,0x0000000000f01809,0x0000000000f8ffbe,0x0000000000f01809,0x000000000015f380,0x00000000000006e0,0x00000000000051d3,0x000000000000077e,0x0000000000005dfe,0x00000000007302cc,0x0000000000001394
1784433044202,0x0000000080006260,0x0000000080019230,0x402a60145234dd85,0x0000000000000000,0x0000000000000000,0x0000000080019440,0x0000000080019698,0x00000000800194a0,0x000000008000f238,0x00000000800003f0,0x00000000800003f0,0x0000000000000000,0x000000007adf7bef,0xfffffffffaed89fa,0x0000000000000000,0x000000007a5f3bee,0x0000000000741714,0x3fedd0be6c55ec5e,0x0000000080005d34,0x0000000000000000,0x400d05c53ebb627f,0x4129fe7000ded289,0x415207546ef9db23,0x01a56e1fc2f8f359,0x4039000000000000,0x4012207dfca3cb91,0x0000000080005d34,0x0000000000f9ca8b,0x0000000000f0dfc4,0x0000000000f9ca8b,0x0000000000f0dfc4,0x000000000016066b,0x00000000000006e9,0x00000000000051d3,0x000000000000077f,0x0000000000005e61,0x0000000000736676,0x0000000000001397
1784433045084,0x0000000080005850,0x0000000080018ed0,0x0000000080007a7a,0x000000000000000f,0x00000000800191f0,0x0000000080018f20,0x00000000800191f0,0x0000000080019310,0x0000000000000003,0x0000000000000006,0x0000000080019310,0x0000000000000001,0x000000008000f201,0x3fde99ee2f5107a1,0x0000000000000000,0x000000001da428ee,0x00000000005c13f2,0x3fedd0be6c55ec5e,0x00000000800049d0,0x0000000000000000,0x414fe4c96eb50b0f,0x4129fe70c154c986,0x41520751e982a993,0x0000000000000000,0x0000000000000000,0x0000000000000000,0x00000000800049d0,0x0000000000fa9c19,0x0000000000f1ad59,0x0000000000fa9c19,0x0000000000f1ad59,0x0000000000161979,0x00000000000006eb,0x00000000000051d5,0x0000000000000789,0x0000000000005e96,0x000000000073c94a,0x000000000000139a
1784433045893,0x00000000800056f8,0x0000000080019060,0x0000000080007a7a,0x000000000000000f,0x0000000080019430,0x00000000800190b0,0x0000000080019548,0x000000008000f238,0x0000000000000006,0x0000000000000006,0x0000000000000003,0x0000000000000006,0x000000008000f201,0x3fd7cfad04f9324c,0x0000000000000000,0x0000000058f0e278,0x0000000000529ba7,0x3fedd0be6c4e1ac5,0x000000008000498e,0x0000000000000000,0x414fe4ce8141205c,0x4129fe6f80f9096c,0x41520750d33b645a,0x0000000000000000,0x0000000000000000,0x0000000000000000,0x000000008000498e,0x0000000000fb7566,0x0000000000f2820a,0x0000000000fb7566,0x0000000000f2820a,0x0000000000162ff7,0x00000000000006f6,0x00000000000051d7,0x0000000000000794,0x0000000000005f0f,0x00000000007434f5,0x000000000000139d
1784433046731,0x00000000800058f2,0x0000000080018ed0,0x0000000080007a7a,0x0000000000000000,0x00000000800191f0,0x0000000080018f20,0x00000000800193a0,0x00000000800194a0,0x0000000000000006,0x0000000000000003,0x0000000080018f50,0x0000000080018f60,0x0000000077adb7ba,0x0000000043f76a6c,0x0000000000000000,0x0000000077ad3138,0x000000000055dc95,0x3fedd0be6c4e1ac5,0x0000000080004982,0x0000000000000000,0x4025772550fdda9b,0x4129fe6f80f9096c,0x41520750d33b645a,0x0000000000000000,0x0000000000000000,0x0000000000000000,0x0000000080004982,0x0000000000fc43b1,0x0000000000f350ba,0x0000000000fc43b1,0x0000000000f350ba,0x00000000001640c9,0x00000000000006ff,0x00000000000051d7,0x0000000000000794,0x0000000000005f3e,0x00000000007498e2,0x00000000000013a0
1784433047644,0x0000000080005744,0x0000000080019060,0x0000000080007a7a,0x000000000000000f,0x00000000800191f0,0x00000000800190b0,0x0000000080019310,0x00000000800191f0,0x0000000000000006,0x0000000000000006,0x0000000000000001,0x0000000000000006,0x000000008000f201,0x3fce3434637dca42,0x0000000000000000,0x00000000388f46e0,0x000000000075dc35,0x3fedd0be6c483ae9,0x00000000800049d6,0x0000000000000000,0x414fe4c9596f0069,0x4129fe78dc0ebee0,0x415207551229c77a,0x0000000000000000,0x3fb85cd8e2c41c4d,0x0000000000000000,0x00000000800049d6,0x0000000000fd1578,0x0000000000f41cb0,0x0000000000fd1578,0x0000000000f41cb0,0x0000000000165637,0x0000000000000701,0x00000000000051da,0x00000000000007a3,0x0000000000005f8e,0x000000000074fdde,0x00000000000013a3
1784433048496,0x00000000800058f2,0x0000000080018ed0,0x0000000080007a7a,0x0000000000000000,0x00000000800191f0,0x0000000080018f20,0x00000000800193a0,0x00000000800194a0,0x0000000000000006,0x0000000000000003,0x0000000000000001,0x000000000000001f,0x0000000060fbf77f,0x0000000043f60412,0x0000000000000000,0x0000000060abb75e,0x000000000055dc95,0x3fedd0be6c483ae9,0x00000000800049e2,0x0000000000000000,0x4025772550fd8105,0x4129fe78dc0ebee0,0x415207551229c77a,0x0000000000000000,0x0000000000000000,0x0000000000000000,0x00000000800049e2,0x0000000000fdd194,0x0000000000f4d8bf,0x0000000000fdd194,0x0000000000f4d8bf,0x00000000001665ac,0x000000000000070a,0x00000000000051da,0x00000000000007a3,0x0000000000005fbc,0x00000000007558e8,0x00000000000013a6
1784433049310,0x0000000080005744,0x0000000080019060,0x0000000080007a7a,0x000000000000000f,0x00000000800191f0,0x00000000800190b0,0x0000000080019310,0x00000000800191f0,0x0000000000000006,0x0000000000000006,0x0000000000000003,0x0000000000000006,0x000000008000f201,0x3fd1871e7f65079f,0x0000000000000000,0xffffffffaba2569e,0x000000000061ca74,0x3fedd0be6c43f94b,0x00000000800049d6,0x0000000000000000,0x414fe4c951eb851f,0x4129fe57f7a786c2,0x415207594fc6a7f0,0x0000000000000000,0x0000000000000000,0x0000000000000000,0x00000000800049d6,0x0000000000fea11f,0x0000000000f5a205,0x0000000000fea11f,0x0000000000f5a205,0x0000000000167af4,0x000000000000070c,0x00000000000051dd,0x00000000000007b2,0x0000000000006010,0x000000000075bcc7,0x00000000000013a9
1784433050158,0x00000000800057ae,0x0000000080018d90,0x0000000080007a7a,0x0000000000000000,0x00000000800191f0,0x0000000080018de0,0x0000000080018f50,0x000000008000f238,0x0000000000000006,0x0000000000000006,0x0000000000000000,0x0000000000000006,0x0000000006dd51fd,0x0000000043f4dc7c,0x0000000000000000,0x0000000006dd51f8,0x000000000055dc95,0x3fedd0be6c43f94b,0x00000000800049d6,0x0000000000000000,0x4025772550fd371f,0x4129fe57f7a786c2,0x415207594fc6a7f0,0x8000000000000000,0x0000000000000000,0x8000000000000000,0x00000000800049d6,0x0000000000ff5803,0x0000000000f6590d,0x0000000000ff5803,0x0000000000f6590d,0x00000000001689de,0x0000000000000715,0x00000000000051dd,0x00000000000007b2,0x0000000000006048,0x0000000000761581,0x00000000000013ac
1784433050793,0x0000000080005744,0x0000000080019060,0x0000000080007a7a,0x000000000000000f,0x00000000800191f0,0x00000000800190b0,0x0000000080019310,0x00000000800191f0,0x0000000000000006,0x0000000000000006,0x0000000000000004,0x000000000000000c,0x000000008000f201,0x3fdd95de8ec58d8c,0x0000000000000000,0x00000000608e97be,0x00000000007143a0,0x3fedd0be6c410a4f,0x00000000800049ba,0x0000000000000000,0x414fe4c97beab368,0x4129fe5adfd8adac,0x41520754c51eb852,0x4013efc4d6ad9534,0x0000000000000000,0x0000000000000000,0x00000000800049ba,0x000000000100103b,0x0000000000f70b48,0x000000000100103b,0x0000000000f70b48,0x0000000000169d5a,0x0000000000000717,0x00000000000051df,0x00000000000007bd,0x0000000000006094,0x0000000000766e77,0x00000000000013af
1784433051344,0x00000000800058f2,0x0000000080018ed0,0x0000000080007a7a,0x0000000000000000,0x00000000800191f0,0x0000000080018f20,0x00000000800193a0,0x00000000800194a0,0x0000000000000006,0x0000000000000003,0x0000000000000001,0x0000000000000003,0x000000005aefaf9e,0x0000000043f3ec4e,0x0000000000000000,0x000000005ae60c1e,0x000000000055dc95,0x3fedd0be6c410a4f,0x0000000080004a06,0x0000000000000000,0x4025772550fcfb14,0x4129fe5adfd8adac,0x41520754c51eb852,0x0000000000000000,0x0000000000000000,0x0000000000000000,0x0000000080004a06,0x000000000100bf8e,0x0000000000f7ba9e,0x000000000100bf8e,0x0000000000f7ba9e,0x000000000016abc0,0x0000000000000720,0x00000000000051df,0x00000000000007bd,0x00000000000060c7,0x000000000076c394,0x00000000000013b2
1784433052200,0x0000000080005744,0x0000000080019060,0x0000000080007a7a,0x000000000000000f,0x00000000800191f0,0x00000000800190b0,0x0000000080019310,0x00000000800191f0,0x0000000000000006,0x0000000000000006,0x00000000800191f0,0x00000000800192a8,0x000000008000f201,0x3fdcf1c6d501495f,0x0000000000000000,0x000000006466e000,0x000000000040140e,0x3fedd0be6c3f2abd,0x00000000800049c6,0x0000000000000000,0x414fe4cca4e3bcd3,0x4129fe7245aee632,0x415207524dd7dbf5,0x0000000000000000,0x0000000000000000,0x0000000000000000,0x00000000800049c6,0x000000000101a411,0x0000000000f898af,0x000000000101a411,0x0000000000f898af,0x000000000016c2c2,0x0000000000000722,0x00000000000051e1,0x00000000000007c8,0x0000000000006115,0x0000000000773117,0x00000000000013b5
1784433053125,0x00000000800057ae,0x0000000080018d90,0x0000000080007a7a,0x0000000000000000,0x00000000800191f0,0x0000000080018de0,0x0000000080018f50,0x000000008000f238,0x0000000000000006,0x0000000000000006,0x0000000080018df0,0x0000000080018f08,0xffffffffe4cfb9de,0x0000000043f32c56,0x0000000000000000,0xffffffffe487298e,0x000000000055dc95,0x3fedd0be6c3f2abd,0x0000000080004982,0x0000000000000000,0x4025772550fccb16,0x4129fe7245aee632,0x415207524dd7dbf5,0x8000000000000000,0x0000000000000000,0x0000000000000000,0x0000000080004982,0x00000000010274ce,0x0000000000f9699f,0x00000000010274ce,0x0000000000f9699f,0x000000000016d3d4,0x000000000000072b,0x00000000000051e1,0x00000000000007c8,0x0000000000006144,0x00000000007795fe,0x00000000000013b8
1784433053963,0x000000008000583a,0x0000000080018ed0,0x0000000080007a7a,0x000000000000000f,0x00000000800191f0,0x0000000080018f20,0x00000000800194a0,0x000000008000f238,0x0000000000000003,0x0000000000000006,0x00000000800191f0,0x0000000080019238,0x000000008000f201,0x3fd63c8af8d98288,0x0000000000000000,0x00000000490fb2b8,0x000000000069f04b,0x3fedd0be6c3e1fcc,0x00000000800049f0,0x0000000000000000,0x414fe4c7321cac08,0x4129fe709404ea4b,0x4152075b726cf41f,0x0000000000000000,0x3fe1aec7af362ca3,0x3fe1aec7af362ca3,0x00000000800049f0,0x0000000001034f56,0x0000000000fa3e54,0x0000000001034f56,0x0000000000fa3e54,0x000000000016ea07,0x000000000000072d,0x00000000000051e4,0x00000000000007d7,0x0000000000006195,0x000000000077ff44,0x00000000000013bb
1784433054870,0x000000008000626c,0x0000000080019420,0x402a601452129310,0x0000000000000000,0x0000000000000000,0x0000000080019440,0x0000000080019698,0x00000000800194a0,0x000000008000f238,0x00000000800003f0,0x000000008000f358,0x000000008000f390,0xffffffffe0bbd77f,0xffffffffafc8a6b2,0x0000000000000000,0xffffffffe0aa561e,0x00000000006e29e6,0x3fedd0be6c3db6ea,0x0000000080005970,0x0000000000000000,0x40205401a025ed8c,0x4129fe709404ea4b,0x4152075b726cf41f,0x0000000000000000,0x403bb69b3ac612a2,0x40205401a025ed8c,0x0000000080005970,0x0000000001041446,0x0000000000fafef4,0x0000000001041446,0x0000000000fafef4,0x000000000016fec0,0x0000000000000737,0x00000000000051e4,0x00000000000007d8,0x00000000000061dd,0x0000000000786081,0x00000000000013be
1784433055758,0x0000000080005850,0x0000000080018ed0,0x0000000080007a7a,0x000000000000000f,0x00000000800191f0,0x0000000080018f20,0x00000000800191f0,0x0000000080019310,0x0000000000000003,0x0000000000000006,0x0000000000000001,0x0000000000000006,0x000000008000f201,0x3fe301c86babb4da,0x0000000000000000,0x000000000c6218b8,0x000000000077f141,0x3fedd0be6c3db6ea,0x000000008000498e,0x0000000000000000,0x414fe4c8d989374c,0x4129fe7536f0068e,0x415207559793dd98,0x3fe1aec7af362c9a,0x0000000000000000,0x0000000000000000,0x000000008000498e,0x000000000104db3f,0x0000000000fbc3ff,0x000000000104db3f,0x0000000000fbc3ff,0x0000000000170eb8,0x0000000000000738,0x00000000000051e7,0x00000000000007e4,0x0000000000006209,0x000000000078be68,0x00000000000013c1
1784433056664,0x00000000800056f8,0x0000000080019060,0x0000000080007a7a,0x000000000000000f,0x0000000080019430,0x00000000800190b0,0x0000000080019548,0x000000008000f238,0x0000000000000006,0x0000000000000006,0x0000000000000003,0x0000000000000015,0x000000008000f201,0x3fe2b214e8edfe1b,0x0000000000000000,0xffffffffbfa13778,0x000000000070c2f9,0x3fedd0be6c3dc559,0x0000000080004978,0x0000000000000000,0x414fe4c7fd7a786c,0x4129fe63637b4a23,0x41520753409a0275,0x0000000000000000,0x0000000000000000,0x0000000000000000,0x0000000080004978,0x000000000105b48b,0x0000000000fc989d,0x000000000105b48b,0x0000000000fc989d,0x000000000017253c,0x0000000000000743,0x00000000000051e9,0x00000000000007ef,0x0000000000006273,0x0000000000792a00,0x00000000000013c4
1784433057616,0x00000000800058f2,0x0000000080018ed0,0x0000000080007a7a,0x0000000000000000,0x00000000800191f0,0x0000000080018f20,0x00000000800193a0,0x00000000800194a0,0x0000000000000006,0x0000000000000003,0x0000000000000005,0x0000000000000005,0xffffffffc6ddedde,0x0000000043f1cbb6,0x0000000000000000,0xffffffffc69ced4e,0x000000000055dc95,0x3fedd0be6c3dc559,0x00000000800049e4,0x0000000000000000,0x4025772550fc72ee,0x4129fe63637b4a23,0x41520753409a0275,0x0000000000000000,0x0000000000000000,0x0000000000000000,0x00000000800049e4,0x0000000001068202,0x0000000000fd66e5,0x0000000001068202,0x0000000000fd66e5,0x0000000000173603,0x000000000000074c,0x00000000000051e9,0x00000000000007ef,0x0000000000006299,0x0000000000798dbb,0x00000000000013c7
1784433058499,0x00000000800056f8,0x0000000080019060,0x0000000080007a7a,0x000000000000000f,0x0000000080019430,0x00000000800190b0,0x0000000080019548,0x000000008000f238,0x0000000000000006,0x0000000000000006,0x0000000000000005,0x0000000000000006,0x000000008000f201,0x3fdeebe605e1be3d,0x0000000000000000,0xffffffffedb2cae0,0x000000000056cfcd,0x3fedd0be6c3e2798,0x00000000800049d6,0x0000000000000000,0x414fe4c415604189,0x4129fe674a3d70a4,0x41520759e5810625,0x0000000000000000,0x0000000000000000,0x0000000000000000,0x00000000800049d6,0x0000000001073b96,0x0000000000fe1a56,0x0000000001073b96,0x0000000000fe1a56,0x00000000001749a7,0x000000000000074e,0x00000000000051eb,0x00000000000007fa,0x00000000000062e0,0x000000000079e74e,0x00000000000013ca
1784433059100,0x00000000800058f2,0x0000000080018ed0,0x0000000080007a7a,0x0000000000000000,0x00000000800191f0,0x0000000080018f20,0x00000000800193a0,0x00000000800194a0,0x0000000000000006,0x0000000000000003,0x0000000080018f50,0x0000000080018f90,0xffffffffdeff6ba6,0x0000000043f18d30,0x0000000000000000,0xffffffffdee10b80,0x000000000055dc95,0x3fedd0be6c3e2798,0x00000000800049f0,0x0000000000000000,0x4025772550fc634c,0x4129fe674a3d70a4,0x41520759e5810625,0x3f9287f43dd4dd4a,0x0000000000000000,0x0000000000000000,0x00000000800049f0,0x000000000107f9f1,0x0000000000fed980,0x000000000107f9f1,0x0000000000fed980,0x0000000000175933,0x0000000000000757,0x00000000000051eb,0x00000000000007fa,0x0000000000006308,0x00000000007a43d6,0x00000000000013cd
1784433059800,0x0000000080005744,0x0000000080019060,0x0000000080007a7a,0x000000000000000f,0x00000000800191f0,0x00000000800190b0,0x0000000080019310,0x00000000800191f0,0x0000000000000006,0x0000000000000006,0x0000000000000006,0x0000000000000002,0x000000008000f201,0x3fe46eaca7db2118,0x0000000000000000,0xffffffffe3149dee,0x0000000000611f8c,0x3fedd0be6c3ec0b8,0x0000000080004a34,0x0000000000000000,0x414fe4c70dfd8adb,0x4129fe78f780346e,0x41520758d92d7732,0x0000000000000000,0x0000000000000000,0x0000000000000000,0x0000000080004a34,0x000000000108cde4,0x0000000000ffa76b,0x000000000108cde4,0x0000000000ffa76b,0x0000000000176edd,0x0000000000000759,0x00000000000051ee,0x0000000000000809,0x0000000000006355,0x00000000007aa9ac,0x00000000000013d0
1784433060732,0x00000000800057ae,0x0000000080018d90,0x0000000080007a7a,0x0000000000000000,0x00000000800191f0,0x0000000080018de0,0x0000000080018f50,0x000000008000f238,0x0000000000000006,0x0000000000000006,0x0000000000000003,0x0000000000000006,0x0000000001feef6f,0x0000000043f161ea,0x0000000000000000,0x0000000001fc6b0e,0x000000000055dc95,0x3fedd0be6c3ec0b8,0x00000000800049b0,0x0000000000000000,0x4025772550fc587b,0x4129fe78f780346e,0x41520758d92d7732,0x8000000000000000,0x0000000000000000,0x0000000000000000,0x00000000800049b0,0x00000000010992ac,0x0000000001006c28,0x00000000010992ac,0x0000000001006c28,0x0000000000177eeb,0x0000000000000762,0x00000000000051ee,0x0000000000000809,0x0000000000006388,0x00000000007b08d0,0x00000000000013d3
1784433061581,0x000000008000575e,0x0000000080019070,0x0000000080007a7a,0x000000000000000f,0x00000000800191f0,0x00000000800190b0,0x00000000800190d0,0x00000000800002d0,0x000000008000f238,0x0000000000000006,0x0000000000000001,0x0000000000000006,0x000000008000f201,0x3fe74ecf8d2d66da,0x0000000000000000,0x000000004a4c932e,0x000000000052ada5,0x3fedd0be6c3f79a7,0x0000000080004c04,0x0000000000000000,0x414fe4c72b645a1d,0x4129fe6795b573eb,0x4152075c7d205bc0,0x3fc17a1e17d18b7f,0x0000000000000000,0x0000000000000000,0x0000000080004c04,0x00000000010a6b3d,0x0000000001013e0b,0x00000000010a6b3d,0x0000000001013e0b,0x0000000000179507,0x0000000000000764,0x00000000000051f1,0x0000000000000818,0x00000000000063d9,0x00000000007b70b7,0x00000000000013d6
1784433062531,0x0000000080006260,0x0000000080019230,0x402a6014520d44b7,0x0000000000000000,0x0000000000000000,0x0000000080019440,0x0000000080019698,0x00000000800194a0,0x000000008000f238,0x00000000800003f0,0x000000008000f238,0x000000008000f2b0,0xffffffffc7f9fce1,0x000000002b878a28,0x0000000000000000,0xffffffffc7a06ce0,0x00000000005934ed,0x3fedd0be6c404079,0x0000000080005c0e,0x0000000000000000,0x40364d3b4ae1e28a,0x4129fe6795b573eb,0x4152075c7d205bc0,0x01a56e1fc2f8f359,0x0000000000000000,0x0000000000000000,0x0000000080005c0e,0x00000000010b436c,0x000000000102158b,0x00000000010b436c,0x000000000102158b,0x000000000017a701,0x000000000000076d,0x00000000000051f1,0x0000000000000818,0x0000000000006426,0x00000000007bd9f4,0x00000000000013d9
1784433063400,0x0000000080005850,0x0000000080018ed0,0x0000000080007a7a,0x000000000000000f,0x00000000800191f0,0x0000000080018f20,0x00000000800191f0,0x0000000080019310,0x0000000000000003,0x0000000000000006,0x0000000000000001,0x0000000000000003,0x000000008000f201,0x3fededbb0564b8cc,0x0000000000000000,0x0000000009e750be,0x000000000043d602,0x3fedd0be6c404079,0x00000000800049d6,0x0000000000000000,0x414fe4c9463bcd36,0x4129fe78dfbe76c9,0x4152075d86c710cb,0x0000000000000000,0x401623e8e4790c26,0x0000000000000000,0x00000000800049d6,0x00000000010c2874,0x000000000102f493,0x00000000010c2874,0x000000000102f493,0x000000000017bdb2,0x000000000000076f,0x00000000000051f3,0x0000000000000823,0x0000000000006457,0x00000000007c46c2,0x00000000000013dc
1784433064267,0x00000000800056f8,0x0000000080019060,0x0000000080007a7a,0x000000000000000f,0x0000000080019430,0x00000000800190b0,0x0000000080019548,0x000000008000f238,0x0000000000000006,0x0000000000000006,0x0000000000000004,0x0000000000000006,0x000000008000f201,0x3ff251481c1833a2,0x0000000000000000,0x000000004d5ec278,0x00000000005f2280,0x3fedd0be6c4107ab,0x000000008000498e,0x0000000000000000,0x414fe4c9dec22681,0x4129fe6e5566cf42,0x4152075860d6a162,0x0000000000000000,0x0000000000000000,0x0000000000000000,0x000000008000498e,0x00000000010d07e2,0x000000000103ced0,0x00000000010d07e2,0x000000000103ced0,0x000000000017d4aa,0x000000000000077a,0x00000000000051f5,0x000000000000082e,0x00000000000064c7,0x00000000007cb4ef,0x00000000000013df
1784433065198,0x00000000800058f2,0x0000000080018ed0,0x0000000080007a7a,0x0000000000000000,0x00000000800191f0,0x0000000080018f20,0x00000000800193a0,0x00000000800194a0,0x0000000000000006,0x0000000000000003,0x0000000080018f50,0x0000000080018f98,0xffffffffcf47fffb,0x0000000043f12e18,0x0000000000000000,0xffffffffcf41aee0,0x000000000055dc95,0x3fedd0be6c4107ab,0x0000000080004982,0x0000000000000000,0x4025772550fc4b86,0x4129fe6e5566cf42,0x4152075860d6a162,0x3f9287f43dd4dd31,0x0000000000000000,0x0000000000000000,0x0000000080004982,0x00000000010dd3d1,0x0000000001049b51,0x00000000010dd3d1,0x0000000001049b51,0x000000000017e54c,0x0000000000000783,0x00000000000051f5,0x000000000000082e,0x00000000000064fa,0x00000000007d17c5,0x00000000000013e2
1784433066042,0x00000000800056f8,0x0000000080019060,0x0000000080007a7a,0x000000000000000f,0x0000000080019430,0x00000000800190b0,0x0000000080019548,0x000000008000f238,0x0000000000000006,0x0000000000000006,0x0000000000000002,0x0000000000000018,0x000000008000f201,0x3ff1fce75b840dd1,0x0000000000000000,0x0000000000f4ecae,0x00000000007b27e8,0x3fedd0be6c41c575,0x00000000800049ba,0x0000000000000000,0x414fe4c7188ce704,0x4129fe8267381d7e,0x4152075506c3c9ef,0x3ff0000000000000,0x0000000000000000,0x0000000000000000,0x00000000800049ba,0x00000000010e8153,0x0000000001054282,0x00000000010e8153,0x0000000001054282,0x000000000017f7f3,0x0000000000000785,0x00000000000051f8,0x000000000000083d,0x0000000000006545,0x00000000007d6b7f,0x00000000000013e5
1784433066594,0x000000008000589c,0x0000000080018ed0,0x0000000080007a7a,0x0000000000000000,0x00000000800191f0,0x0000000080018f20,0x0000000080019280,0x0000000080019118,0x0000000000000006,0x0000000000000003,0x00000000800193a0,0x0000000000000000,0x000000002ed833fb,0x0000000043f12cfc,0x0000000000000000,0x000000002ed033f8,0x000000000055dc95,0x3fedd0be6c41c575,0x00000000800049ea,0x0000000000000000,0x4025772550fc4b3f,0x4129fe8267381d7e,0x4152075506c3c9ef,0x0000000000000000,0x3fc733d4769437a0,0x0000000000000000,0x00000000800049ea,0x00000000010f2f70,0x000000000105f10c,0x00000000010f2f70,0x000000000105f10c,0x00000000001805c8,0x000000000000078e,0x00000000000051f8,0x000000000000083d,0x0000000000006572,0x00000000007dc08a,0x00000000000013e8
1784433067258,0x00000000800056f8,0x0000000080019060,0x0000000080007a7a,0x000000000000000f,0x0000000080019430,0x00000000800190b0,0x0000000080019548,0x000000008000f238,0x0000000000000006,0x0000000000000006,0x0000000080019310,0x0000000080019410,0x000000008000f201,0x3fef1224b46eca38,0x0000000000000000,0xffffffffd9c2ee78,0x00000000005e04fa,0x3fedd0be6c42732b,0x0000000080004984,0x0000000000000000,0x414fe4c0c0e56042,0x4129fe669a858794,0x41520757c4c63f14,0x0000000000000000,0x0000000000000000,0x0000000000000000,0x0000000080004984,0x00000000011000a4,0x000000000106bbe5,0x00000000011000a4,0x000000000106bbe5,0x0000000000181bb9,0x0000000000000790,0x00000000000051fb,0x000000000000084a,0x00000000000065b3,0x00000000007e24c8,0x00000000000013eb
1784433068154,0x000000008000578a,0x0000000080018db0,0x0000000080007a7a,0x0000000000000000,0x00000000800191f0,0x0000000080018de0,0x0000000080018f50,0x0000000000000006,0x0000000000000006,0x0000000000000003,0x0000000080018f50,0x0000000000000003,0xffffffffc779b77e,0x0000000043f13042,0x0000000000000000,0xffffffffc751977e,0x000000000055dc95,0x3fedd0be6c42732b,0x0000000080004cf0,0x0000000000000000,0x4025772550fc4c11,0x4129fe669a858794,0x41520757c4c63f14,0x3f8314f4c02ae960,0x0000000000000000,0x0000000000000000,0x0000000080004cf0,0x000000000110d89f,0x0000000001079497,0x000000000110d89f,0x0000000001079497,0x0000000000182d40,0x0000000000000799,0x00000000000051fb,0x000000000000084a,0x00000000000065e8,0x00000000007e8d3a,0x00000000000013ee
1784433069118,0x0000000080005744,0x0000000080019060,0x0000000080007a7a,0x000000000000000f,0x00000000800191f0,0x00000000800190b0,0x0000000080019310,0x00000000800191f0,0x0000000000000006,0x0000000000000006,0x0000000000000005,0x000000000000001e,0x000000008000f201,0x3fedcb304f68e44e,0x0000000000000000,0x000000002d4d895e,0x00000000006fc27b,0x3fedd0be6c430ca6,0x00000000800049b4,0x0000000000000000,0x414fe4c37dfd8adb,0x4129fe748504816f,0x415207596f886595,0x3ff117a2f91bd007,0x402c3d2038d11e10,0x402c3d2038d11e10,0x00000000800049b4,0x000000000111ad79,0x00000000010862fe,0x000000000111ad79,0x00000000010862fe,0x0000000000184308,0x000000000000079b,0x00000000000051fd,0x0000000000000857,0x0000000000006635,0x00000000007ef388,0x00000000000013f1
1784433069991,0x00000000800057ae,0x0000000080018d90,0x0000000080007a7a,0x0000000000000000,0x00000000800191f0,0x0000000080018de0,0x0000000080018f50,0x000000008000f238,0x0000000000000006,0x0000000000000006,0x000000008000f238,0x000000008000f308,0x00000000592b3e78,0x0000000043f13654,0x0000000000000000,0x0000000059283a38,0x000000000055dc95,0x3fedd0be6c430ca6,0x00000000800049c8,0x0000000000000000,0x4025772550fc4d95,0x4129fe748504816f,0x415207596f886595,0xbf8314f4c02b3d47,0x0000000000000000,0x0000000000000000,0x00000000800049c8,0x00000000011284a1,0x0000000001093a36,0x00000000011284a1,0x0000000001093a36,0x000000000018549f,0x00000000000007a4,0x00000000000051fd,0x0000000000000857,0x0000000000006661,0x00000000007f5b58,0x00000000000013f4
1784433070911,0x000000008000583a,0x0000000080018ed0,0x0000000080007a7a,0x000000000000000f,0x00000000800191f0,0x0000000080018f20,0x00000000800194a0,0x000000008000f238,0x0000000000000003,0x0000000000000006,0x00000000800194a0,0x0000000080019518,0x000000008000f201,0x3fee653eeb373e83,0x0000000000000000,0x0000000049ee8fe0,0x0000000000789dc1,0x3fedd0be6c438fbd,0x00000000800049a4,0x0000000000000000,0x414fe4c48514e3bd,0x4129fe6ba29c779a,0x4152075ce80d1b71,0x0000000000000000,0x0000000000000000,0x0000000000000000,0x00000000800049a4,0x0000000001136b74,0x00000000010a1ad4,0x0000000001136b74,0x00000000010a1ad4,0x0000000000186bd6,0x00000000000007a6,0x00000000000051ff,0x0000000000000862,0x00000000000066b7,0x00000000007fca30,0x00000000000013f7
1784433071823,0x00000000800056f8,0x0000000080019060,0x0000000080007a7a,0x000000000000000f,0x0000000080019430,0x00000000800190b0,0x0000000080019548,0x000000008000f238,0x0000000000000006,0x0000000000000006,0x0000000000000005,0x0000000000000011,0x000000008000f201,0x3ff16312e075dfa3,0x0000000000000000,0xffffffffeee0ce7e,0x0000000000746880,0x3fedd0be6c43fbd4,0x00000000800049be,0x0000000000000000,0x414fe4c9461b089a,0x4129fe7c232ca57a,0x415207575472b021,0x0000000000000000,0x0000000000000000,0x0000000000000000,0x00000000800049be,0x0000000001144224,0x00000000010aecc3,0x0000000001144224,0x00000000010aecc3,0x000000000018821e,0x00000000000007b1,0x0000000000005202,0x0000000000000871,0x000000000000672c,0x000000000080348b,0x00000000000013fa
1784433072631,0x00000000800058c6,0x0000000080018ee0,0x0000000080007a7a,0x0000000000000000,0x00000000800191f0,0x0000000080018f20,0x00000000800193a0,0x0000000080019100,0x0000000080019070,0x0000000000000006,0x0000000080019100,0x0000000080019100,0x000000005b7befff,0x0000000043f1462e,0x0000000000000000,0x000000005b1367de,0x000000000055dc95,0x3fedd0be6c43fbd4,0x0000000080004aa8,0x0000000000000000,0x4025772550fc518c,0x4129fe7c232ca57a,0x415207575472b021,0x40243809728c0000,0x0000000000000000,0x0000000000000000,0x0000000080004aa8,0x0000000001151787,0x00000000010bc270,0x0000000001151787,0x00000000010bc270,0x0000000000189349,0x00000000000007ba,0x0000000000005202,0x0000000000000871,0x000000000000675b,0x0000000000809bd3,0x00000000000013fd
1784433073354,0x00000000800056f8,0x0000000080019060,0x0000000080007a7a,0x000000000000000f,0x0000000080019430,0x00000000800190b0,0x0000000080019548,0x000000008000f238,0x0000000000000006,0x0000000000000006,0x0000000000000002,0x0000000000000012,0x000000008000f201,0x3fef99b3a144f1fd,0x0000000000000000,0x000000003aab47e0,0x00000000005abdb7,0x3fedd0be6c445178,0x00000000800049e0,0x0000000000000000,0x414fe4c6fac3c9ef,0x4129fe5eba92a305,0x41520753d189374c,0x0000000000000000,0x0000000000000000,0x0000000000000000,0x00000000800049e0,0x000000000115c603,0x00000000010c6a8e,0x000000000115c603,0x00000000010c6a8e,0x000000000018a641,0x00000000000007bc,0x0000000000005205,0x0000000000000880,0x00000000000067a8,0x000000000080efd7,0x0000000000001400
1784433073905,0x0000000080009fc2,0x0000000080018dc0,0x0000000080007a7a,0x0000000008000000,0x00000000800191f0,0x0000000080018e40,0x00000000005869e6,0x0000000030000000,0x000000000042a193,0x0000000000000002,0x00000000002c34f3,0x0000000000000000,0x0000000068000000,0x0000000060000000,0x000000000000001c,0x0000000068000000,0x00000000005869e6,0x3fedd0be6c445178,0x000000008000a0f4,0x403e88fa391e4304,0x403e88fa391e4304,0x4129fe5eba92a305,0x41520753d189374c,0x3ff12c1dda641c79,0x0000000000000000,0x403e88fa391e4304,0x000000008000a0f4,0x0000000001166ebf,0x00000000010d1226,0x0000000001166ebf,0x00000000010d1226,0x000000000018b38f,0x00000000000007bc,0x0000000000005205,0x0000000000000880,0x00000000000067b3,0x0000000000813f32,0x0000000000001403
1784433074631,0x00000000800056f8,0x0000000080019060,0x0000000080007a7a,0x000000000000000f,0x0000000080019430,0x00000000800190b0,0x0000000080019548,0x000000008000f238,0x0000000000000006,0x0000000000000006,0x000000008000f238,0x000000008000f320,0x000000008000f201,0x3fe85cf794228121,0x0000000000000000,0x0000000071b669b8,0x0000000000736728,0x3fedd0be6c449209,0x00000000800049c8,0x0000000000000000,0x414fe4c7d23d70a4,0x4129fe72e83e425b,0x4152075a4f0be0df,0x3ff0000000000000,0x0000000000000000,0x3fedd0be6c449209,0x00000000800049c8,0x0000000001174b23,0x00000000010de941,0x0000000001174b23,0x00000000010de941,0x000000000018ca6f,0x00000000000007c7,0x0000000000005207,0x000000000000088b,0x000000000000681c,0x000000000081ab9c,0x0000000000001406
1784433075552,0x00000000800057ae,0x0000000080018d90,0x0000000080007a7a,0x0000000000000000,0x00000000800191f0,0x0000000080018de0,0x0000000080018f50,0x000000008000f238,0x0000000000000006,0x0000000000000006,0x0000000080018df0,0x0000000000000000,0xffffffffe9f3f77f,0x0000000043f155e4,0x0000000000000000,0xffffffffe9f36678,0x000000000055dc95,0x3fedd0be6c449209,0x00000000800049f6,0x0000000000000000,0x4025772550fc5579,0x4129fe72e83e425b,0x4152075a4f0be0df,0x3fea330ae25af21c,0x0000000000000000,0x3fdcf46da09c9984,0x00000000800049f6,0x0000000001182c84,0x00000000010ecbf5,0x0000000001182c84,0x00000000010ecbf5,0x000000000018dcc2,0x00000000000007d0,0x0000000000005207,0x000000000000088b,0x0000000000006843,0x00000000008218d1,0x0000000000001409
1784433076420,0x0000000080005744,0x0000000080019060,0x0000000080007a7a,0x000000000000000f,0x00000000800191f0,0x00000000800190b0,0x0000000080019310,0x00000000800191f0,0x0000000000000006,0x0000000000000006,0x00000000800190d0,0x00000000800191b0,0x000000008000f201,0x3fe997ff4be213be,0x0000000000000000,0x000000002435a5e0,0x000000000043e9fa,0x3fedd0be6c44bf72,0x0000000080004982,0x0000000000000000,0x414fe4c6be872b02,0x4129fe7a8ce703b0,0x415207597da9fbe7,0x0000000000000000,0x0000000000000000,0x0000000000000000,0x0000000080004982,0x000000000118fade,0x00000000010f9427,0x000000000118fade,0x00000000010f9427,0x000000000018f20e,0x00000000000007d2,0x0000000000005209,0x0000000000000896,0x000000000000688f,0x0000000000827c33,0x000000000000140c
1784433077320,0x00000000800057ae,0x0000000080018d90,0x0000000080007a7a,0x0000000000000000,0x00000000800191f0,0x0000000080018de0,0x0000000080018f50,0x000000008000f238,0x0000000000000006,0x0000000000000006,0x000000008000f238,0x000000008000f2f8,0xffffffff9bb557ae,0x0000000043f15c90,0x0000000000000000,0xffffffff9bb41780,0x000000000055dc95,0x3fedd0be6c44bf72,0x00000000800049c8,0x0000000000000000,0x4025772550fc5724,0x4129fe7a8ce703b0,0x415207597da9fbe7,0xbf8314f4c02c11e8,0x0000000000000000,0x0000000000000000,0x00000000800049c8,0x000000000119cfa7,0x000000000110692c,0x000000000119cfa7,0x000000000110692c,0x0000000000190376,0x00000000000007db,0x0000000000005209,0x0000000000000896,0x00000000000068b4,0x000000000082e2fe,0x000000000000140f
1784433078144,0x000000008000583a,0x0000000080018ed0,0x0000000080007a7a,0x000000000000000f,0x00000000800191f0,0x0000000080018f20,0x00000000800194a0,0x000000008000f238,0x0000000000000003,0x0000000000000006,0x00000000800191f0,0x0000000000000000,0x000000008000f201,0x3fe972b8f22993d3,0x0000000000000000,0xffffffffd2de513e,0x000000000047c7db,0x3fedd0be6c44dbf3,0x0000000080004988,0x0000000000000000,0x414fe4c37fcb923a,0x4129fe6f9bf487fd,0x4152075b17dd97f6,0x0000000000000000,0x3fe1aec7af362c5b,0x3fe1aec7af362c5b,0x0000000080004988,0x00000000011aa3eb,0x0000000001113745,0x00000000011aa3eb,0x0000000001113745,0x0000000000191928,0x00000000000007dd,0x000000000000520c,0x00000000000008a5,0x0000000000006904,0x0000000000834911,0x0000000000001412
1784433079038,0x0000000080009fc2,0x0000000080019420,0x402a6014520db722,0x0000000000000020,0x0000000000000000,0x0000000080019700,0x0000000000505de0,0x0000000062a74340,0x00000000005b9359,0x0000000000000003,0x0000000000282ef0,0xffffffffd186ab80,0xffffffffc54e86a0,0xffffffffc54e86c0,0x0000000000000006,0xffffffffc54e86a0,0x0000000000505de0,0x3fedd0be6c44e9f4,0x000000008000a100,0x40593acee865c92d,0x40593acee865c92d,0x4129fe6f9bf487fd,0x4152075b17dd97f6,0x3fff6a7ef9c00000,0x4058441124ed35ba,0x40593acee865c92d,0x000000008000a100,0x00000000011b7955,0x000000000112081b,0x00000000011b7955,0x000000000112081b,0x0000000000192f6f,0x00000000000007e8,0x000000000000520c,0x00000000000008a6,0x0000000000006966,0x000000000083b2b8,0x0000000000001415
1784433079909,0x0000000080005018,0x0000000080018e40,0x0000000080007a7a,0x0000000000000000,0x00000000800191f0,0x0000000080018e90,0x0000000000000000,0x0000000050fc59a8,0x000000003fe00000,0x4025772550fc59a8,0x0000000000000002,0x0000000000000003,0xffffffffeeefaf32,0x0000000043f166a0,0x0000000000000000,0xffffffffeece0e00,0x000000000055dc95,0x3fedd0be6c44e9f4,0x0000000080005074,0x0000000000000000,0x4025772550fc59a8,0x4129fe5bb126e979,0x4152075f63a29c78,0x01a56e1fc2f8f359,0x3ff0000000000000,0x0000000000000000,0x0000000080005074,0x00000000011c506d,0x000000000112df17,0x00000000011c506d,0x000000000112df17,0x000000000019407d,0x00000000000007ef,0x000000000000520f,0x00000000000008b2,0x0000000000006993,0x0000000000841af3,0x0000000000001418
1784433080806,0x00000000800056f8,0x0000000080019060,0x0000000080007a7a,0x000000000000000f,0x0000000080019430,0x00000000800190b0,0x0000000080019548,0x000000008000f238,0x0000000000000006,0x0000000000000006,0x0000000000000001,0x0000000000000006,0x000000008000f201,0x3ff09afff6bfdab4,0x0000000000000000,0x000000003bf7e5ee,0x000000000053a35d,0x3fedd0be6c44ebde,0x0000000080004a06,0x0000000000000000,0x414fe4c0314e3bcd,0x4129fe62ed6a161e,0x4152075acc6a7efa,0x0000000000000000,0x0000000000000000,0x0000000000000000,0x0000000080004a06,0x00000000011d26e1,0x000000000113ae6b,0x00000000011d26e1,0x000000000113ae6b,0x00000000001956d4,0x00000000000007f3,0x0000000000005211,0x00000000000008bd,0x00000000000069e4,0x0000000000848152,0x000000000000141b
1784433081475,0x00000000800058c6,0x0000000080018ee0,0x0000000080007a7a,0x0000000000000000,0x00000000800191f0,0x0000000080018f20,0x00000000800193a0,0x0000000080019100,0x0000000080019070,0x0000000000000006,0x0000000080019070,0x0000000080019088,0xffffffffeefe6f3e,0x0000000043f169ec,0x0000000000000000,0xffffffffeeea4738,0x000000000055dc95,0x3fedd0be6c44ebde,0x0000000080004a9a,0x0000000000000000,0x4025772550fc5a7b,0x4129fe62ed6a161e,0x4152075acc6a7efa,0xbff4dc0fd1400000,0x0000000000000000,0x0000000000000000,0x0000000080004a9a,0x00000000011ddd13,0x0000000001146542,0x00000000011ddd13,0x0000000001146542,0x000000000019657c,0x00000000000007fc,0x0000000000005211,0x00000000000008bd,0x0000000000006a0f,0x000000000084da14,0x000000000000141e
1784433082062,0x00000000800056f8,0x0000000080019060,0x0000000080007a7a,0x000000000000000f,0x0000000080019430,0x00000000800190b0,0x0000000080019548,0x000000008000f238,0x0000000000000006,0x0000000000000006,0x0000000080019310,0x00000000800193c0,0x000000008000f201,0x3ff0693eacda60b4,0x0000000000000000,0x0000000043f1b1f8,0x00000000007cf1b9,0x3fedd0be6c44e406,0x0000000080004982,0x0000000000000000,0x414fe4c19883126f,0x4129fe6e01cac083,0x4152075f886dc5d6,0x0000000000000000,0x0000000000000000,0x0000000000000000,0x0000000080004982,0x00000000011e8e22,0x000000000115103d,0x00000000011e8e22,0x000000000115103d,0x000000000019789c,0x00000000000007fe,0x0000000000005213,0x00000000000008c8,0x0000000000006a57,0x0000000000852f84,0x0000000000001421
1784433082956,0x00000000800058f2,0x0000000080018ed0,0x0000000080007a7a,0x0000000000000000,0x00000000800191f0,0x0000000080018f20,0x00000000800193a0,0x00000000800194a0,0x0000000000000006,0x0000000000000003,0x0000000000000002,0x0000000000000003,0x000000002f54fdf8,0x0000000043f16c24,0x0000000000000000,0x000000002f44cd78,0x000000000055dc95,0x3fedd0be6c44e406,0x000000008000498e,0x0000000000000000,0x4025772550fc5b09,0x4129fe6e01cac083,0x4152075f886dc5d6,0x3fc733d476943792,0x3fc733d476943792,0x3fc733d476943792,0x000000008000498e,0x00000000011f6196,0x000000000115e44c,0x00000000011f6196,0x000000000115e44c,0x00000000001989dd,0x0000000000000807,0x0000000000005213,0x00000000000008c8,0x0000000000006a81,0x00000000008595d8,0x0000000000001424
1784433083874,0x0000000080005744,0x0000000080019060,0x0000000080007a7a,0x000000000000000f,0x00000000800191f0,0x00000000800190b0,0x0000000080019310,0x00000000800191f0,0x0000000000000006,0x0000000000000006,0x0000000000000003,0x0000000000000006,0x000000008000f201,0x3ff2e9a3dafbf0a5,0x0000000000000000,0xffffffff8a9b80e0,0x00000000004e34e6,0x3fedd0be6c44d495,0x000000008000498e,0x0000000000000000,0x414fe4c4f2339c0f,0x4129fe63b0be0ded,0x4152075a73e28241,0x0000000000000000,0x0000000000000000,0x0000000000000000,0x000000008000498e,0x0000000001203ec2,0x000000000116bb55,0x0000000001203ec2,0x000000000116bb55,0x000000000019a047,0x0000000000000809,0x0000000000005216,0x00000000000008d7,0x0000000000006ad0,0x0000000000860008,0x0000000000001427
1784433084742,0x00000000800057ae,0x0000000080018d90,0x0000000080007a7a,0x0000000000000000,0x00000000800191f0,0x0000000080018de0,0x0000000080018f50,0x000000008000f238,0x0000000000000006,0x0000000000000006,0x000000008000f238,0x000000008000f340,0xffffffffe8fbff2f,0x0000000043f16d5a,0x0000000000000000,0xffffffffe8eb1e2e,0x000000000055dc95,0x3fedd0be6c44d495,0x00000000800049c8,0x0000000000000000,0x4025772550fc5b57,0x4129fe63b0be0ded,0x4152075a73e28241,0x8000000000000000,0x3fb85cd8e2c41b82,0x0000000000000000,0x00000000800049c8,0x0000000001211100,0x0000000001178d83,0x0000000001211100,0x0000000001178d83,0x000000000019b172,0x0000000000000812,0x0000000000005216,0x00000000000008d7,0x0000000000006afa,0x000000000086657f,0x000000000000142a
1784433085657,0x0000000080005820,0x0000000080018ed0,0x0000000080007a7a,0x000000000000000f,0x00000000800191f0,0x0000000080018f20,0x000000008000f238,0x0000000080019310,0x0000000000000006,0x0000000000000006,0x0000000000000003,0x0000000000000006,0x000000008000f201,0x3ff1e0f2379d6f27,0x0000000000000000,0xffffffffa70d9ff8,0x000000000077685e,0x3fedd0be6c44bf84,0x000000008000498e,0x0000000000000000,0x414fe4c0d889a027,0x4129fe74c902de01,0x415207578b62b6ae,0x3fe1aec7af362c5b,0x0000000000000000,0x0000000000000000,0x000000008000498e,0x000000000121e6df,0x0000000001185d46,0x000000000121e6df,0x0000000001185d46,0x000000000019c73d,0x0000000000000814,0x0000000000005219,0x00000000000008e6,0x0000000000006b4d,0x000000000086cc76,0x000000000000142e
1784433086572,0x0000000080006260,0x0000000080019230,0x402a6014520de5c1,0x0000000000000000,0x0000000000000000,0x0000000080019440,0x0000000080019698,0x00000000800194a0,0x000000008000f238,0x00000000800003f0,0x0000000000000000,0x0000000000000000,0x000000004c7bd75e,0x000000005b3f4d6e,0x0000000000000000,0x000000004c38525e,0x00000000004f5b0a,0x3fedd0be6c44a690,0x0000000080006006,0x0000000000000000,0x4033d6c296cfd35c,0x4129fe74c902de01,0x415207578b62b6ae,0x0000000000000000,0x3fa156583e435801,0x0000000000000000,0x0000000080006006,0x000000000122c332,0x0000000001193520,0x000000000122c332,0x0000000001193520,0x000000000019dd88,0x000000000000081e,0x0000000000005219,0x00000000000008e7,0x0000000000006b9f,0x00000000008738a2,0x0000000000001431
1784433087439,0x0000000080009fc2,0x0000000080018dc0,0x0000000080007a7a,0x0000000000000010,0x00000000800191f0,0x0000000080018e40,0x00000000005869e6,0x0000000036076ee0,0x00000000001e2bf8,0x0000000000000002,0x00000000002c34f3,0x0000000023fbabc0,0x0000000000000000,0x000000006c0eddc0,0x0000000000000005,0x000000006c0eddd0,0x00000000005869e6,0x3fedd0be6c44a690,0x000000008000a128,0x403e88fa391e4302,0x403e88fa391e4302,0x4129fe56e71de69b,0x4152075b41d7dbf5,0x3ff12c1dda6424ee,0x0000000000000000,0x403e88fa391e4302,0x000000008000a128,0x000000000123974c,0x00000000011a0754,0x000000000123974c,0x00000000011a0754,0x000000000019eea5,0x000000000000081f,0x000000000000521b,0x00000000000008f1,0x0000000000006bd6,0x0000000000879d8f,0x0000000000001434
1784433088353,0x00000000800056f8,0x0000000080019060,0x0000000080007a7a,0x000000000000000f,0x0000000080019430,0x00000000800190b0,0x0000000080019548,0x000000008000f238,0x0000000000000006,0x0000000000000006,0x0000000000000005,0x000000000000001d,0x000000008000f201,0x3fed72e688bc5b3b,0x0000000000000000,0xffffffffbf8eb278,0x000000000077b111,0x3fedd0be6c448b37,0x00000000800049e2,0x0000000000000000,0x414fe4c13f381d7e,0x4129fe6ec189374c,0x4152075c465c91d1,0x0000000000000000,0x0000000000000000,0x0000000000000000,0x00000000800049e2,0x00000000012471ef,0x00000000011adc53,0x00000000012471ef,0x00000000011adc53,0x00000000001a057c,0x000000000000082a,0x000000000000521d,0x00000000000008fc,0x0000000000006c41,0x0000000000880884,0x0000000000001437
1784433089187,0x000000008000589c,0x0000000080018ed0,0x0000000080007a7a,0x0000000000000000,0x00000000800191f0,0x0000000080018f20,0x0000000080019280,0x0000000080019118,0x0000000000000006,0x0000000000000003,0x00000000800193a0,0x00000000800193b8,0x00000000293dfe7f,0x0000000043f16c46,0x0000000000000000,0x0000000029346e6e,0x000000000055dc95,0x3fedd0be6c448b37,0x00000000800049f2,0x0000000000000000,0x4025772550fc5b12,0x4129fe6ec189374c,0x4152075c465c91d1,0x0000000000000000,0x3f9287f43dd4dd22,0x3f9287f43dd4dd22,0x00000000800049f2,0x0000000001251e88,0x00000000011b899c,0x0000000001251e88,0x00000000011b899c,0x00000000001a1339,0x0000000000000833,0x000000000000521d,0x00000000000008fc,0x0000000000006c66,0x0000000000885ce8,0x000000000000143a
1784433089754,0x00000000800056f8,0x0000000080019060,0x0000000080007a7a,0x000000000000000f,0x0000000080019430,0x00000000800190b0,0x0000000080019548,0x000000008000f238,0x0000000000000006,0x0000000000000006,0x0000000000000000,0x0000000000000006,0x000000008000f201,0x3fedc529684e7b14,0x0000000000000000,0x0000000068d9d378,0x000000000056ed53,0x3fedd0be6c446eb7,0x00000000800049b0,0x0000000000000000,0x414fe4bce0b43958,0x4129fe637e83e426,0x41520757985bc01a,0x0000000000000000,0x0000000000000000,0x0000000000000000,0x00000000800049b0,0x000000000125d0b9,0x00000000011c35d4,0x000000000125d0b9,0x00000000011c35d4,0x00000000001a2698,0x0000000000000835,0x0000000000005220,0x000000000000090b,0x0000000000006cb5,0x000000000088b2b9,0x000000000000143d
1784433090414,0x00000000800058f2,0x0000000080018ed0,0x0000000080007a7a,0x0000000000000000,0x00000000800191f0,0x0000000080018f20,0x00000000800193a0,0x00000000800194a0,0x0000000000000006,0x0000000000000003,0x0000000080018f50,0x0000000080018f78,0x00000000137db7ff,0x0000000043f16ac6,0x0000000000000000,0x000000001355b76e,0x000000000055dc95,0x3fedd0be6c446eb7,0x000000008000495a,0x0000000000000000,0x4025772550fc5ab2,0x4129fe637e83e426,0x41520757985bc01a,0x0000000000000000,0x0000000000000000,0x0000000000000000,0x000000008000495a,0x000000000126a8eb,0x00000000011d0e73,0x000000000126a8eb,0x00000000011d0e73,0x00000000001a3842,0x000000000000083e,0x0000000000005220,0x000000000000090b,0x0000000000006cdd,0x0000000000891b42,0x0000000000001440
1784433091344,0x0000000080005744,0x0000000080019060,0x0000000080007a7a,0x000000000000000f,0x00000000800191f0,0x00000000800190b0,0x0000000080019310,0x00000000800191f0,0x0000000000000006,0x0000000000000006,0x0000000000000002,0x0000000000000006,0x000000008000f201,0x3fe830cece1b8506,0x0000000000000000,0x000000007480c3e0,0x000000000045b522,0x3fedd0be6c445218,0x000000008000496c,0x0000000000000000,0x414fe4c2a48b4396,0x4129fe6fa7bb2fec,0x41520756dacf41f2,0x0000000000000000,0x0000000000000000,0x0000000000000000,0x000000008000496c,0x0000000001277ff3,0x00000000011ddf63,0x0000000001277ff3,0x00000000011ddf63,0x00000000001a4e26,0x0000000000000840,0x0000000000005223,0x0000000000000918,0x0000000000006d41,0x000000000089828a,0x0000000000001443
1784433092197,0x00000000800057ae,0x0000000080018d90,0x0000000080007a7a,0x0000000000000000,0x00000000800191f0,0x0000000080018de0,0x0000000080018f50,0x000000008000f238,0x0000000000000006,0x0000000000000006,0x0000000000000003,0x0000000000000012,0xffffffffe073ff7a,0x0000000043f168ec,0x0000000000000000,0xffffffffe053b338,0x000000000055dc95,0x3fedd0be6c445218,0x00000000800049b4,0x0000000000000000,0x4025772550fc5a3b,0x4129fe6fa7bb2fec,0x41520756dacf41f2,0x8000000000000000,0x0000000000000000,0x0000000000000000,0x00000000800049b4,0x0000000001285195,0x00000000011eb18e,0x0000000001285195,0x00000000011eb18e,0x00000000001a5f50,0x0000000000000849,0x0000000000005223,0x0000000000000918,0x0000000000006d5f,0x000000000089e7fc,0x0000000000001446
1784433093129,0x0000000080005820,0x0000000080018ed0,0x0000000080007a7a,0x000000000000000f,0x00000000800191f0,0x0000000080018f20,0x000000008000f238,0x0000000080019310,0x0000000000000006,0x0000000000000006,0x0000000080019280,0x0000000080019288,0x000000008000f201,0x3fe23d0f9d3e867e,0x0000000000000000,0x000000006c3a9978,0x000000000066d58a,0x3fedd0be6c443628,0x00000000800049f2,0x0000000000000000,0x414fe4c089096bba,0x4129fe67d2fec56d,0x4152075af4dd2f1b,0x0000000000000000,0x0000000000000000,0x0000000000000000,0x00000000800049f2,0x000000000129262f,0x00000000011f805b,0x000000000129262f,0x00000000011f805b,0x00000000001a7512,0x000000000000084b,0x0000000000005225,0x0000000000000924,0x0000000000006db1,0x00000000008a4e7b,0x0000000000001449
1784433094066,0x0000000080006260,0x0000000080019230,0x402a6014520dc9fa,0x0000000000000000,0x0000000000000000,0x0000000080019440,0x0000000080019698,0x00000000800194a0,0x000000008000f238,0x00000000800003f0,0x00000000800194a0,0x00000000800194a8,0x000000001a7b7c7e,0xffffffffc9155f9c,0x0000000000000000,0x000000001a596c78,0x00000000004f5103,0x3fedd0be6c441b86,0x0000000080005bd6,0x0000000000000000,0x4003d440f24557e7,0x4129fe67d2fec56d,0x4152075af4dd2f1b,0x01a56e1fc2f8f359,0x0000000000000000,0x0000000000000000,0x0000000080005bd6,0x000000000129f329,0x0000000001204c41,0x000000000129f329,0x0000000001204c41,0x00000000001a85f8,0x0000000000000854,0x0000000000005225,0x0000000000000924,0x0000000000006dfb,0x00000000008ab210,0x000000000000144c
1784433094958,0x000000008000583a,0x0000000080018ed0,0x0000000080007a7a,0x000000000000000f,0x00000000800191f0,0x0000000080018f20,0x00000000800194a0,0x000000008000f238,0x0000000000000003,0x0000000000000006,0x000000008000f238,0x000000008000f2c0,0x000000008000f201,0x3fe1cb11c697d905,0x0000000000000000,0xffffffffd8a85b9e,0x00000000005cc20c,0x3fedd0be6c441b86,0x00000000800049c6,0x0000000000000000,0x414fe4c094a8c155,0x4129fe60490ff972,0x4152075a08a2339c,0x3ff0000000000000,0x0000000000000000,0x0000000000000000,0x00000000800049c6,0x00000000012ac7ca,0x0000000001211b2c,0x00000000012ac7ca,0x0000000001211b2c,0x00000000001a9b80,0x0000000000000856,0x0000000000005227,0x0000000000000930,0x0000000000006e32,0x00000000008b176f,0x000000000000144f
1784433095873,0x00000000800056f8,0x0000000080019060,0x0000000080007a7a,0x000000000000000f,0x0000000080019430,0x00000000800190b0,0x0000000080019548,0x000000008000f238,0x0000000000000006,0x0000000000000006,0x0000000000000004,0x000000000000000a,0x000000008000f201,0x3fe023effe2902da,0x0000000000000000,0xffffffff9c5de838,0x00000000007508f2,0x3fedd0be6c44029f,0x00000000800049e2,0x0000000000000000,0x414fe4bcc7559b3d,0x4129fe5f63fe5c92,0x415207585dd2f1aa,0x0000000000000000,0x0000000000000000,0x0000000000000000,0x00000000800049e2,0x00000000012ba38f,0x000000000121f233,0x00000000012ba38f,0x000000000121f233,0x00000000001ab237,0x0000000000000861,0x000000000000522a,0x0000000000000940,0x0000000000006ea3,0x00000000008b841b,0x0000000000001452
1784433096768,0x0000000080005866,0x0000000080018ee0,0x0000000080007a7a,0x000000000000000f,0x00000000800191f0,0x0000000080018f20,0x00000000800191a8,0x00000000800003f0,0x0000000080019160,0x0000000000000003,0x0000000000000002,0x0000000000000005,0x000000008000f201,0x3fe023effe2902da,0x0000000000000000,0xffffffff9c5de838,0x00000000007508f2,0x3fedd0be6c44029f,0x0000000080004c56,0x0000000000000000,0x414fe4bcc7559b3d,0x4129fe5f63fe5c92,0x415207585dd2f1aa,0x3ff12c1dda63c4ae,0x0000000000000000,0x0000000000000000,0x0000000080004c56,0x00000000012c56c7,0x000000000122a460,0x00000000012c56c7,0x000000000122a460,0x00000000001ac091,0x0000000000000861,0x000000000000522a,0x0000000000000940,0x0000000000006eb0,0x00000000008bd80d,0x0000000000001455
1784433097326,0x00000000800056f8,0x0000000080019060,0x0000000080007a7a,0x000000000000000f,0x0000000080019430,0x00000000800190b0,0x0000000080019548,0x000000008000f238,0x0000000000000006,0x0000000000000006,0x0000000000000000,0x0000000000000000,0x000000008000f201,0x3fd9222d1878d961,0x0000000000000000,0xfffffffff3969e00,0x00000000004619c2,0x3fedd0be6c43ebc1,0x00000000800049e4,0x0000000000000000,0x414fe4c1012d7732,0x4129fe6baf0d844d,0x4152075a8be90ff9,0x0000000000000000,0x4013efc4d6ad9501,0x0000000000000000,0x00000000800049e4,0x00000000012d0a12,0x000000000123537a,0x00000000012d0a12,0x000000000123537a,0x00000000001ad405,0x000000000000086c,0x000000000000522d,0x0000000000000950,0x0000000000006f15,0x00000000008c31e0,0x0000000000001458
1784433097920,0x00000000800058c6,0x0000000080018ee0,0x0000000080007a7a,0x0000000000000000,0x00000000800191f0,0x0000000080018f20,0x00000000800193a0,0x0000000080019100,0x0000000080019070,0x0000000000000006,0x0000000080019070,0x0000000000000000,0xffffffffb57dbfef,0x0000000043f15ff6,0x0000000000000000,0xffffffffb56dbfce,0x000000000055dc95,0x3fedd0be6c43ebc1,0x0000000080004ad8,0x0000000000000000,0x4025772550fc57fe,0x4129fe6baf0d844d,0x4152075a8be90ff9,0x400ef29d65280000,0x3fef132277ea54e0,0x0000000000000000,0x0000000080004ad8,0x00000000012dee7d,0x0000000001243842,0x00000000012dee7d,0x0000000001243842,0x00000000001ae658,0x0000000000000875,0x000000000000522d,0x0000000000000950,0x0000000000006f3c,0x00000000008ca060,0x000000000000145b
1784433098845,0x000000008000571c,0x0000000080019070,0x0000000080007a7a,0x000000000000000f,0x0000000080019310,0x00000000800190b0,0x0000000080019548,0x00000000800191f0,0x0000000000000006,0x00000000800191f0,0x0000000080019570,0x0000000000000005,0x000000008000f201,0x3fd7e4fcffe7ed39,0x0000000000000000,0xffffffffc8fd7e7e,0x0000000000425639,0x3fedd0be6c43d719,0x0000000080004b6e,0x0000000000000000,0x414fe4b996113405,0x4129fe7c526e978d,0x4152075b681205bc,0x3ff0000000000000,0x0000000000000000,0x0000000000000000,0x0000000080004b6e,0x00000000012eb6fc,0x000000000124fa51,0x00000000012eb6fc,0x000000000124fa51,0x00000000001afb7e,0x0000000000000877,0x000000000000522f,0x000000000000095b,0x0000000000006f8a,0x00000000008d0088,0x000000000000145e
1784433099693,0x00000000800057ae,0x0000000080018d90,0x0000000080007a7a,0x0000000000000000,0x00000000800191f0,0x0000000080018de0,0x0000000080018f50,0x000000008000f238,0x0000000000000006,0x0000000000000006,0x0000000080018f50,0x0000000000000003,0xffffffff948befce,0x0000000043f15db6,0x0000000000000000,0xffffffff9483214e,0x000000000055dc95,0x3fedd0be6c43d719,0x00000000800049aa,0x0000000000000000,0x4025772550fc576e,0x4129fe7c526e978d,0x4152075b681205bc,0x8000000000000000,0x0000000000000000,0x0000000000000000,0x00000000800049aa,0x00000000012fa6fb,0x000000000125eb15,0x00000000012fa6fb,0x000000000125eb15,0x00000000001b0f09,0x0000000000000880,0x000000000000522f,0x000000000000095b,0x0000000000006fb4,0x00000000008d7466,0x0000000000001461
1784433100528,0x0000000080005820,0x0000000080018ed0,0x0000000080007a7a,0x000000000000000f,0x00000000800191f0,0x0000000080018f20,0x000000008000f238,0x0000000080019310,0x0000000000000006,0x0000000000000006,0x0000000080019280,0x00000000800192b8,0x000000008000f201,0x3fd8a5c4d80f937e,0x0000000000000000,0xffffffff8c71d92e,0x0000000000734c5a,0x3fedd0be6c43c4b4,0x00000000800049f0,0x0000000000000000,0x414fe4bde0ef34d7,0x4129fe6bbb573eab,0x4152075fcae2eb1c,0x0000000000000000,0x401623e8e4790c0a,0x401623e8e4790c0a,0x00000000800049f0,0x0000000001307e05,0x000000000126bbeb,0x0000000001307e05,0x000000000126bbeb,0x00000000001b24f3,0x0000000000000882,0x0000000000005231,0x0000000000000966,0x000000000000700a,0x00000000008ddbe8,0x0000000000001464
1784433101441,0x00000000800057ae,0x0000000080018d90,0x0000000080007a7a,0x0000000000000000,0x00000000800191f0,0x0000000080018de0,0x0000000080018f50,0x000000008000f238,0x0000000000000006,0x0000000000000006,0x0000000080018df0,0x0000000000000005,0x00000000057f7f5e,0x0000000043f15b92,0x0000000000000000,0x00000000052d705e,0x000000000055dc95,0x3fedd0be6c43c4b4,0x0000000080004a00,0x0000000000000000,0x4025772550fc56e5,0x4129fe6bbb573eab,0x4152075fcae2eb1c,0xbf8314f4c02b54d9,0x0000000000000000,0x0000000000000000,0x0000000080004a00,0x000000000131348a,0x0000000001277287,0x000000000131348a,0x0000000001277287,0x00000000001b33f7,0x000000000000088b,0x0000000000005231,0x0000000000000966,0x000000000000702f,0x00000000008e344c,0x0000000000001467
1784433102327,0x000000008000583a,0x0000000080018ed0,0x0000000080007a7a,0x000000000000000f,0x00000000800191f0,0x0000000080018f20,0x00000000800194a0,0x000000008000f238,0x0000000000000003,0x0000000000000006,0x0000000000000000,0x0000000000000006,0x000000008000f201,0x3fe1c441b64fd1c2,0x0000000000000000,0xffffffffe79cad6e,0x000000000073fb7f,0x3fedd0be6c43b492,0x000000008000496c,0x0000000000000000,0x414fe4bc40b43958,0x4129fe4d3b573eab,0x4152075ae0c7e282,0x0000000000000000,0x0000000000000000,0x0000000000000000,0x000000008000496c,0x0000000001320afc,0x00000000012842ed,0x0000000001320afc,0x00000000012842ed,0x00000000001b49d6,0x000000000000088d,0x0000000000005234,0x0000000000000975,0x000000000000708a,0x00000000008e9b87,0x000000000000146a
1784433103198,0x0000000080006128,0x0000000080019440,0x0000000080007a7a,0x000000000000000f,0x0000000080007a96,0x0000000080019700,0x0000000080019548,0x0000000000000000,0x0000000000000008,0x0000000080000438,0x0000000080019660,0xfffffffffffffff8,0x00000000197b3bff,0x000000004393d104,0x0000000000000000,0x0000000019603bf8,0x000000000079c6ee,0x3fedd0be6c43a69f,0x0000000080007aa0,0x0000000000000000,0x414fe4bc97a0f909,0x4129fe5ede425aee,0x4152075f828f5c29,0x414fe4b8eded288d,0x4129fe61686594af,0x4152075d71205bc0,0x0000000080007aa0,0x000000000132dd9e,0x0000000001291089,0x000000000132dd9e,0x0000000001291089,0x00000000001b5fd0,0x0000000000000898,0x0000000000005237,0x0000000000000982,0x0000000000007109,0x00000000008f03e6,0x000000000000146d
1784433104023,0x000000008000589c,0x0000000080018ed0,0x0000000080007a7a,0x0000000000000000,0x00000000800191f0,0x0000000080018f20,0x0000000080019280,0x0000000080019118,0x0000000000000006,0x0000000000000003,0x0000000080019118,0x0000000080019148,0x000000003cb76f5e,0x0000000043f157b6,0x0000000000000000,0x000000003ca3654e,0x000000000055dc95,0x3fedd0be6c43a69f,0x00000000800049c6,0x0000000000000000,0x4025772550fc55ee,0x4129fe5ede425aee,0x4152075f828f5c29,0x0000000000000000,0x3fc733d476943792,0x3fc733d476943792,0x00000000800049c6,0x000000000133b865,0x000000000129eace,0x000000000133b865,0x000000000129eace,0x00000000001b7134,0x00000000000008a1,0x0000000000005237,0x0000000000000982,0x0000000000007142,0x00000000008f6d69,0x0000000000001470
1784433104651,0x00000000800056f8,0x0000000080019060,0x0000000080007a7a,0x000000000000000f,0x0000000080019430,0x00000000800190b0,0x0000000080019548,0x000000008000f238,0x0000000000000006,0x0000000000000006,0x0000000000000000,0x0000000000000018,0x000000008000f201,0x3fe4b4b6717de8be,0x0000000000000000,0x000000005167491e,0x000000000058fb18,0x3fedd0be6c439abc,0x00000000800049ba,0x0000000000000000,0x414fe4bb24b923a3,0x4129fe678161e4f7,0x41520759f4db8bac,0x0000000000000000,0x0000000000000000,0x0000000000000000,0x00000000800049ba,0x0000000001346adb,0x00000000012a9724,0x0000000001346adb,0x00000000012a9724,0x00000000001b84a0,0x00000000000008a3,0x0000000000005239,0x000000000000098d,0x000000000000718d,0x00000000008fc328,0x0000000000001473
1784433105212,0x0000000080005850,0x0000000080018ed0,0x0000000080007a7a,0x000000000000000f,0x00000000800191f0,0x0000000080018f20,0x00000000800191f0,0x0000000080019310,0x0000000000000003,0x0000000000000006,0x0000000080019310,0x0000000080019390,0x000000008000f201,0x3fe4b4b6717de8be,0x0000000000000000,0x000000005167491e,0x000000000058fb18,0x3fedd0be6c439abc,0x00000000800049c6,0x0000000000000000,0x414fe4bb24b923a3,0x4129fe678161e4f7,0x41520759f4db8bac,0x0000000000000000,0x401623e8e4790c0a,0x401623e8e4790c0a,0x00000000800049c6,0x0000000001351385,0x00000000012b3ed6,0x0000000001351385,0x00000000012b3ed6,0x00000000001b9222,0x00000000000008a3,0x0000000000005239,0x000000000000098d,0x0000000000007197,0x000000000090122c,0x0000000000001476
1784433106061,0x00000000800056f8,0x0000000080019060,0x0000000080007a7a,0x000000000000000f,0x0000000080019430,0x00000000800190b0,0x0000000080019548,0x000000008000f238,0x0000000000000006,0x0000000000000006,0x0000000080019310,0x0000000080019390,0x000000008000f201,0x3fe192422cc71133,0x0000000000000000,0xfffffffff03d424e,0x00000000007e8fe8,0x3fedd0be6c4390be,0x00000000800049f0,0x0000000000000000,0x414fe4bdd096bb99,0x4129fe5d12b020c5,0x4152075e3e8240b8,0x3ff0000000000000,0x0000000000000000,0x0000000000000000,0x00000000800049f0,0x000000000135e6bf,0x00000000012c0d06,0x000000000135e6bf,0x00000000012c0d06,0x00000000001ba824,0x00000000000008ae,0x000000000000523b,0x0000000000000998,0x0000000000007213,0x0000000000907abf,0x0000000000001479
1784433106930,0x00000000800058f2,0x0000000080018ed0,0x0000000080007a7a,0x0000000000000000,0x00000000800191f0,0x0000000080018f20,0x00000000800193a0,0x00000000800194a0,0x0000000000000006,0x0000000000000003,0x0000000000000001,0x0000000000000006,0x0000000055d8cdfd,0x0000000043f15484,0x0000000000000000,0x0000000055c88df8,0x000000000055dc95,0x3fedd0be6c4390be,0x00000000800049b0,0x0000000000000000,0x4025772550fc5521,0x4129fe5d12b020c5,0x4152075e3e8240b8,0x3f9287f43dd4dd22,0x0000000000000000,0x0000000000000000,0x00000000800049b0,0x000000000136c840,0x00000000012ceeb2,0x000000000136c840,0x00000000012ceeb2,0x00000000001bba81,0x00000000000008b7,0x000000000000523b,0x0000000000000998,0x0000000000007248,0x000000000090e774,0x000000000000147c
1784433107841,0x0000000080005744,0x0000000080019060,0x0000000080007a7a,0x000000000000000f,0x00000000800191f0,0x00000000800190b0,0x0000000080019310,0x00000000800191f0,0x0000000000000006,0x0000000000000006,0x00000000800190d0,0x0000000000000001,0x000000008000f201,0x3fe3cccb4d9a5ef2,0x0000000000000000,0xffffffff9d1fd380,0x00000000005c4f0c,0x3fedd0be6c43887b,0x0000000080004a00,0x0000000000000000,0x414fe4bbe339c0ec,0x4129fe6559096bba,0x4152075d202de00d,0x0000000000000000,0x0000000000000000,0x0000000000000000,0x0000000080004a00,0x000000000137a4e6,0x00000000012dc593,0x000000000137a4e6,0x00000000012dc593,0x00000000001bd0e6,0x00000000000008b9,0x000000000000523e,0x00000000000009a7,0x0000000000007299,0x00000000009151a8,0x000000000000147f
1784433108648,0x00000000800057ae,0x0000000080018d90,0x0000000080007a7a,0x0000000000000000,0x00000000800191f0,0x0000000080018de0,0x0000000080018f50,0x000000008000f238,0x0000000000000006,0x0000000000000006,0x0000000000000001,0x000000000000000d,0xffffffffa271bcf8,0x0000000043f1532c,0x0000000000000000,0xffffffffa2113838,0x000000000055dc95,0x3fedd0be6c43887b,0x000000008000499a,0x0000000000000000,0x4025772550fc54cb,0x4129fe6559096bba,0x4152075d202de00d,0x8000000000000000,0x0000000000000000,0x0000000000000000,0x000000008000499a,0x0000000001386ba5,0x00000000012e8c63,0x0000000001386ba5,0x00000000012e8c63,0x00000000001be121,0x00000000000008c2,0x000000000000523e,0x00000000000009a7,0x00000000000072c7,0x000000000091b1bf,0x0000000000001482
1784433109492,0x0000000080005820,0x0000000080018ed0,0x0000000080007a7a,0x000000000000000f,0x00000000800191f0,0x0000000080018f20,0x000000008000f238,0x0000000080019310,0x0000000000000006,0x0000000000000006,0x0000000000000002,0x0000000000000003,0x000000008000f201,0x3fe4376172ff8628,0x0000000000000000,0x0000000008b63af8,0x0000000000488d44,0x3fedd0be6c4381c2,0x000000008000496c,0x0000000000000000,0x414fe4b726f0068e,0x4129fe5ee31f8a09,0x4152075d0ba5e354,0x401623e8e4790c0a,0x0000000000000000,0x401623e8e4790c0a,0x000000008000496c,0x0000000001394266,0x00000000012f5d0a,0x0000000001394266,0x00000000012f5d0a,0x00000000001bf708,0x00000000000008c4,0x0000000000005241,0x00000000000009b6,0x0000000000007326,0x000000000092190c,0x0000000000001485
1784433110325,0x0000000080006260,0x0000000080019230,0x402a6014520d75c3,0x0000000000000000,0x0000000000000000,0x0000000080019440,0x0000000080019698,0x00000000800194a0,0x000000008000f238,0x00000000800003f0,0x000000008000f238,0x0000000000000004,0x0000000032eff9fe,0xffffffffb102f03c,0x0000000000000000,0x0000000032cfb8f8,0x00000000007d28c7,0x3fedd0be6c437c65,0x0000000080005c12,0x0000000000000000,0x401f4a31ec40bc0f,0x4129fe5ee31f8a09,0x4152075d0ba5e354,0x01a56e1fc2f8f359,0x0000000000000000,0x0000000000000000,0x0000000080005c12,0x00000000013a110b,0x00000000013029a5,0x00000000013a110b,0x00000000013029a5,0x00000000001c0963,0x00000000000008cd,0x0000000000005241,0x00000000000009b6,0x0000000000007378,0x0000000000927e01,0x0000000000001488
1784433111231,0x0000000080005850,0x0000000080018ed0,0x0000000080007a7a,0x000000000000000f,0x00000000800191f0,0x0000000080018f20,0x00000000800191f0,0x0000000080019310,0x0000000000000003,0x0000000000000006,0x0000000000000000,0x0000000000000003,0x000000008000f201,0x3fe44b3454ba4aaa,0x0000000000000000,0xffffffffe3581af8,0x000000000045b32a,0x3fedd0be6c437c65,0x00000000800049d6,0x0000000000000000,0x414fe4b9da57a787,0x4129fe6f28db8bac,0x4152075ede147ae1,0x0000000000000000,0x0000000000000000,0x0000000000000000,0x00000000800049d6,0x00000000013ae792,0x000000000130fb59,0x00000000013ae792,0x000000000130fb59,0x00000000001c1dcf,0x00000000000008cf,0x0000000000005241,0x00000000000009b6,0x00000000000073a4,0x000000000092e39d,0x000000000000148b
1784433111869,0x0000000080005a7c,0x00000000800193f0,0x0000000080005a7c,0x000000000000000f,0x0000000080019660,0x0000000080019440,0x0000000080019548,0x0000000000000000,0x0000000000000008,0x000000008000f208,0x0000000080019590,0xfffffffffffffff8,0xffffffff8879399c,0xffffffffb2dfa6c0,0x0000000000000000,0xffffffff88713800,0x00000000004d81b1,0x3fedd0be6c437834,0x0000000080007a68,0x0000000000000000,0x414fe4b8a0d4fdf4,0x4129fe6eab0f27bb,0x4152075c457f62b7,0x414fe4b6bd2f1aa0,0x4152075d5fde0df6,0x3fe658486c744c31,0x0000000080007a68,0x00000000013ba3d4,0x000000000131b338,0x00000000013ba3d4,0x000000000131b338,0x00000000001c3205,0x00000000000008da,0x0000000000005242,0x00000000000009bb,0x000000000000740e,0x00000000009341a5,0x000000000000148e
1784433112435,0x000000008000583a,0x0000000080018ed0,0x0000000080007a7a,0x000000000000000f,0x00000000800191f0,0x0000000080018f20,0x00000000800194a0,0x000000008000f238,0x0000000000000003,0x0000000000000006,0x00000000800191f0,0x0000000080019278,0x000000008000f201,0x3fe658486c744c31,0x0000000000000000,0xffffffff88713800,0x00000000004d81b1,0x3fedd0be6c437834,0x00000000800049f0,0x0000000000000000,0x414fe4b8a0d4fdf4,0x4129fe6eab0f27bb,0x4152075c457f62b7,0x0000000000000000,0x0000000000000000,0x0000000000000000,0x00000000800049f0,0x00000000013c59d3,0x00000000013267f7,0x00000000013c59d3,0x00000000013267f7,0x00000000001c4090,0x00000000000008da,0x0000000000005242,0x00000000000009bb,0x0000000000007417,0x00000000009396c0,0x0000000000001491
1784433113340,0x0000000080009fc2,0x0000000080019420,0x402a6014520d6e34,0x0000000000040000,0x0000000000000000,0x0000000080019700,0x000000000060cb7a,0x000000001c400000,0x000000000086e8b0,0x0000000000000003,0x00000000003065bd,0x000000007c000000,0x000000000086e8b0,0x0000000038800000,0x0000000000000013,0xfffffffff8000000,0x000000000060cb7a,0x3fedd0be6c437505,0x000000008000a130,0x40624c9eb2ba1616,0x40624c9eb2ba1616,0x4129fe6eab0f27bb,0x4152075c457f62b7,0xc021618937480000,0x4051b7a73ba41fbd,0x40624c9eb2ba1616,0x000000008000a130,0x00000000013d1586,0x0000000001331fa5,0x00000000013d1586,0x0000000001331fa5,0x00000000001c54d4,0x00000000000008e5,0x0000000000005242,0x00000000000009bc,0x000000000000746d,0x000000000093f441,0x0000000000001494
1784433114278,0x0000000080005018,0x0000000080018e40,0x0000000080007a7a,0x0000000000000000,0x00000000800191f0,0x0000000080018e90,0x0000000000000000,0x0000000050fc53db,0x000000003fe00000,0x4025772550fc53db,0x0000000080003cf8,0x0000000080019118,0xfffffffff2f7b5cf,0x0000000043f14f6a,0x0000000000000000,0xfffffffff2e4b40e,0x000000000055dc95,0x3fedd0be6c437505,0x000000008000505c,0x0000000000000000,0x4025772550fc53db,0x4129fe6ed80346dc,0x4152075a34f765fe,0x01a56e1fc2f8f359,0x3ff0000000000000,0x40161a799b03b771,0x000000008000505c,0x00000000013debc8,0x000000000133f6a1,0x00000000013debc8,0x000000000133f6a1,0x00000000001c6576,0x00000000000008e8,0x0000000000005243,0x00000000000009c0,0x0000000000007497,0x0000000000945cdc,0x0000000000001497
1784433115054,0x0000000080005744,0x0000000080019060,0x0000000080007a7a,0x000000000000000f,0x00000000800191f0,0x00000000800190b0,0x0000000080019310,0x00000000800191f0,0x0000000000000006,0x0000000000000006,0x00000000800191f0,0x0000000080019260,0x000000008000f201,0x3fe0d79c6892c364,0x0000000000000000,0x00000000158762be,0x000000000057243b,0x3fedd0be6c4372ac,0x00000000800049c8,0x0000000000000000,0x414fe4b7abbcd35b,0x4129fe61a95e9e1b,0x4152075c93ac710d,0x0000000000000000,0x0000000000000000,0x3ff0000000000000,0x00000000800049c8,0x00000000013ed1b0,0x000000000134d672,0x00000000013ed1b0,0x000000000134d672,0x00000000001c7d41,0x00000000000008f0,0x0000000000005244,0x00000000000009c5,0x00000000000074e6,0x000000000094cae6,0x000000000000149a
1784433115955,0x00000000800057ae,0x0000000080018d90,0x0000000080007a7a,0x0000000000000000,0x00000000800191f0,0x0000000080018de0,0x0000000080018f50,0x000000008000f238,0x0000000000000006,0x0000000000000006,0x0000000080018f50,0x0000000080018fa8,0xffffffffd23e4f94,0x0000000043f14ed0,0x0000000000000000,0xffffffffd20e4b80,0x000000000055dc95,0x3fedd0be6c4372ac,0x00000000800049a4,0x0000000000000000,0x4025772550fc53b4,0x4129fe61a95e9e1b,0x4152075c93ac710d,0x8000000000000000,0x3fdcf46da09c9983,0x3fdcf46da09c9983,0x00000000800049a4,0x00000000013fa96e,0x000000000135ae7e,0x00000000013fa96e,0x000000000135ae7e,0x00000000001c8eea,0x00000000000008f9,0x0000000000005244,0x00000000000009c5,0x0000000000007506,0x0000000000953318,0x000000000000149d
1784433116904,0x0000000080005820,0x0000000080018ed0,0x0000000080007a7a,0x000000000000000f,0x00000000800191f0,0x0000000080018f20,0x000000008000f238,0x0000000080019310,0x0000000000000006,0x0000000000000006,0x0000000080019280,0x00000000800192b8,0x000000008000f201,0x3fe00eb92533da51,0x0000000000000000,0xffffffffd06c813e,0x00000000004c0739,0x3fedd0be6c437103,0x0000000080004982,0x0000000000000000,0x414fe4b5278a0903,0x4129fe68a189374c,0x4152075dc075f6fd,0x0000000000000000,0x0000000000000000,0x0000000000000000,0x0000000080004982,0x0000000001408f18,0x0000000001368e47,0x0000000001408f18,0x0000000001368e47,0x00000000001ca610,0x00000000000008fb,0x0000000000005244,0x00000000000009c6,0x0000000000007550,0x000000000095a195,0x00000000000014a0
1784433117823,0x00000000800056f8,0x0000000080019060,0x0000000080007a7a,0x000000000000000f,0x0000000080019430,0x00000000800190b0,0x0000000080019548,0x000000008000f238,0x0000000000000006,0x0000000000000006,0x0000000080019310,0x0000000000000003,0x000000008000f201,0x3fe0a0c02aeeae66,0x0000000000000000,0x000000006036c838,0x00000000006f247a,0x3fedd0be6c436fe9,0x0000000080004a00,0x0000000000000000,0x414fe4b97e3f1412,0x4129fe64c2c3c9ef,0x4152075f50189375,0x0000000000000000,0x3fe185d1eca6d032,0x3fe185d1eca6d032,0x0000000080004a00,0x0000000001417dfa,0x000000000137793a,0x0000000001417dfa,0x000000000137793a,0x00000000001cbe63,0x0000000000000906,0x0000000000005245,0x00000000000009cb,0x00000000000075a9,0x00000000009617ae,0x00000000000014a3
1784433118568,0x0000000080005850,0x0000000080018ed0,0x0000000080007a7a,0x000000000000000f,0x00000000800191f0,0x0000000080018f20,0x00000000800191f0,0x0000000080019310,0x0000000000000003,0x0000000000000006,0x0000000000000002,0x000000000000000b,0x000000008000f201,0x3fe0a0c02aeeae66,0x0000000000000000,0x000000006036c838,0x00000000006f247a,0x3fedd0be6c436fe9,0x00000000800049be,0x0000000000000000,0x414fe4b97e3f1412,0x4129fe64c2c3c9ef,0x4152075f50189375,0x0000000000000000,0x0000000000000000,0x0000000000000000,0x00000000800049be,0x0000000001423433,0x0000000001382e62,0x0000000001423433,0x0000000001382e62,0x00000000001cccff,0x0000000000000906,0x0000000000005245,0x00000000000009cb,0x00000000000075b2,0x0000000000966d09,0x00000000000014a6
1784433119138,0x0000000080006260,0x0000000080019230,0x402a6014520d6543,0x0000000000000000,0x0000000000000000,0x0000000080019440,0x0000000080019698,0x00000000800194a0,0x000000008000f238,0x00000000800003f0,0x00000000800194a0,0x00000000800194d8,0xffffffff8c77f7f9,0x000000006e9cedd4,0x0000000000000000,0xffffffff8c56e438,0x000000000046c801,0x3fedd0be6c436f41,0x0000000080005ce4,0x0000000000000000,0x4021b2005ba73b75,0x4129fe64c2c3c9ef,0x4152075f50189375,0x01a56e1fc2f8f359,0x0000000000000000,0x0000000000000000,0x0000000080005ce4,0x000000000142dfcd,0x000000000138d717,0x000000000142dfcd,0x000000000138d717,0x00000000001cddde,0x000000000000090f,0x0000000000005245,0x00000000000009cc,0x0000000000007601,0x000000000096c286,0x00000000000014a9
1784433119889,0x000000008000519e,0x0000000080018e90,0x0000000080007a7a,0x0000000000000000,0x00000000800191f0,0x0000000080018ee0,0x0000000000000000,0x0000000050fc5367,0x000000003fe00000,0x4025772550fc5367,0x0000000000000002,0x0000000000000003,0xffffffff90ebef7a,0x0000000043f14d9c,0x0000000000000000,0xffffffff90606478,0x000000000055dc95,0x3fedd0be6c436f41,0x00000000800052e0,0x0000000000000000,0x4025772550fc5367,0x4129fe648dab9f56,0x4152075c98553261,0x0000000000000000,0x3fa0c481d88c2013,0x3fa0c481d88c2013,0x00000000800052e0,0x000000000143c573,0x000000000139bae4,0x000000000143c573,0x000000000139bae4,0x00000000001cf22a,0x000000000000091a,0x0000000000005246,0x00000000000009d1,0x000000000000764d,0x0000000000973216,0x00000000000014ac
1784433120767,0x00000000800056f8,0x0000000080019060,0x0000000080007a7a,0x000000000000000f,0x0000000080019430,0x00000000800190b0,0x0000000080019548,0x000000008000f238,0x0000000000000006,0x0000000000000006,0x0000000080019310,0x0000000080019420,0x000000008000f201,0x3fe153280e7e1d9b,0x0000000000000000,0xffffffffedf983ce,0x00000000005d7c66,0x3fedd0be6c436ef0,0x0000000080004982,0x0000000000000000,0x414fe4b70ed5cfab,0x4129fe5855dcc63f,0x41520760df46dc5d,0x0000000000000000,0x0000000000000000,0x0000000000000000,0x0000000080004982,0x0000000001449d62,0x00000000013a8c6b,0x0000000001449d62,0x00000000013a8c6b,0x00000000001d0891,0x000000000000091c,0x0000000000005247,0x00000000000009d8,0x0000000000007698,0x0000000000979983,0x00000000000014af
1784433121671,0x00000000800057ae,0x0000000080018d90,0x0000000080007a7a,0x0000000000000000,0x00000000800191f0,0x0000000080018de0,0x0000000080018f50,0x000000008000f238,0x0000000000000006,0x0000000000000006,0x0000000080018df0,0x0000000080018df8,0x0000000004d73fff,0x0000000043f14d5e,0x0000000000000000,0x0000000004d128be,0x000000000055dc95,0x3fedd0be6c436ef0,0x0000000080004982,0x0000000000000000,0x4025772550fc5358,0x4129fe5855dcc63f,0x41520760df46dc5d,0x8000000000000000,0x3fdcf46da09c9984,0x3fdcf46da09c9984,0x0000000080004982,0x0000000001457864,0x00000000013b689c,0x0000000001457864,0x00000000013b689c,0x00000000001d1a5b,0x0000000000000925,0x0000000000005247,0x00000000000009d8,0x00000000000076c0,0x00000000009803a5,0x00000000000014b2
1784433122541,0x0000000080005744,0x0000000080019060,0x0000000080007a7a,0x000000000000000f,0x00000000800191f0,0x00000000800190b0,0x0000000080019310,0x00000000800191f0,0x0000000000000006,0x0000000000000006,0x0000000000000003,0x0000000000000006,0x000000008000f201,0x3fe4f52e3d0c29e5,0x0000000000000000,0x00000000090687fe,0x000000000040a3d2,0x3fedd0be6c436ee2,0x00000000800049b0,0x0000000000000000,0x414fe4b1c40b7803,0x4129fe5992474539,0x4152075fb8a3d70a,0x0000000000000000,0x0000000000000000,0x0000000000000000,0x00000000800049b0,0x0000000001465066,0x00000000013c3a9e,0x0000000001465066,0x00000000013c3a9e,0x00000000001d3079,0x0000000000000927,0x0000000000005247,0x00000000000009d9,0x0000000000007709,0x0000000000986b9a,0x00000000000014b5
1784433123450,0x0000000080006260,0x0000000080019230,0x402a6014520d6245,0x0000000000000000,0x0000000000000000,0x0000000080019440,0x0000000080019698,0x00000000800194a0,0x000000008000f238,0x00000000800003f0,0x0000000000000001,0x0000000000000001,0x0000000017b579e1,0x00000000265ebbc8,0x0000000000000000,0x0000000017b119e0,0x000000000059fff7,0x3fedd0be6c436f02,0x0000000080005be0,0x0000000000000000,0x40267ffdc997aef2,0x4129fe5992474539,0x4152075fb8a3d70a,0x01a56e1fc2f8f359,0x0000000000000000,0x3fdcf46da09c9984,0x0000000080005be0,0x0000000001472892,0x00000000013d1279,0x0000000001472892,0x00000000013d1279,0x00000000001d4222,0x0000000000000930,0x0000000000005247,0x00000000000009d9,0x0000000000007750,0x000000000098d4d1,0x00000000000014b8
1784433124371,0x0000000080009fc2,0x0000000080018dc0,0x0000000080007a7a,0x0000000000586940,0x00000000800191f0,0x0000000080018e40,0x0000000000586980,0x0000000000000040,0x00000000008d7dbc,0x0000000000000002,0x00000000002c34c0,0x0000000043020000,0x0000000000000000,0x0000000000000006,0x0000000000000000,0x00000000429ff93e,0x000000000053e95d,0x3fedd0be6c436f02,0x000000008000a0d6,0x403e88fa391e4302,0x403e88fa391e4302,0x4129fe59e3c9eecc,0x41520760c832ca58,0x3ff12c1dda63747c,0x0000000000000000,0x403e88fa391e4302,0x000000008000a0d6,0x0000000001481a9d,0x00000000013dfea2,0x0000000001481a9d,0x00000000013dfea2,0x00000000001d5a16,0x0000000000000932,0x0000000000005249,0x00000000000009e4,0x0000000000007782,0x0000000000994846,0x00000000000014bb
1784433125254,0x0000000080005744,0x0000000080019060,0x0000000080007a7a,0x000000000000000f,0x00000000800191f0,0x00000000800190b0,0x0000000080019310,0x00000000800191f0,0x0000000000000006,0x0000000000000006,0x00000000800191f0,0x0000000000000000,0x000000008000f201,0x3fe8f9ba6b6b47f5,0x0000000000000000,0xffffffffb2ebb238,0x000000000073dbb3,0x3fedd0be6c436f41,0x00000000800049d0,0x0000000000000000,0x414fe4b4cf1de69b,0x4129fe5d4f765fd9,0x4152075f5a8db8bb,0x0000000000000000,0x3fe185d1eca6d032,0x0000000000000000,0x00000000800049d0,0x000000000149091a,0x00000000013ee879,0x000000000149091a,0x00000000013ee879,0x00000000001d7248,0x000000000000093d,0x000000000000524c,0x00000000000009f3,0x00000000000077f4,0x000000000099bda2,0x00000000000014be
1784433125902,0x00000000800058f2,0x0000000080018ed0,0x0000000080007a7a,0x0000000000000000,0x00000000800191f0,0x0000000080018f20,0x00000000800193a0,0x00000000800194a0,0x0000000000000006,0x0000000000000003,0x0000000080018f50,0x0000000080018fa8,0x0000000026ff7fbf,0x0000000043f14cf4,0x0000000000000000,0x0000000026bb1bb8,0x000000000055dc95,0x3fedd0be6c436f41,0x00000000800049f0,0x0000000000000000,0x4025772550fc533d,0x4129fe5d4f765fd9,0x4152075f5a8db8bb,0x0000000000000000,0x0000000000000000,0x0000000000000000,0x00000000800049f0,0x000000000149bde5,0x00000000013f9cc0,0x000000000149bde5,0x00000000013f9cc0,0x00000000001d8125,0x0000000000000946,0x000000000000524c,0x00000000000009f3,0x0000000000007820,0x00000000009a1513,0x00000000000014c1
1784433126485,0x00000000800056f8,0x0000000080019060,0x0000000080007a7a,0x000000000000000f,0x0000000080019430,0x00000000800190b0,0x0000000080019548,0x000000008000f238,0x0000000000000006,0x0000000000000006,0x0000000000000003,0x000000000000001e,0x000000008000f201,0x3fe926881fe1a2dc,0x0000000000000000,0xffffffffdea132f8,0x0000000000737c51,0x3fedd0be6c436f93,0x00000000800049ba,0x0000000000000000,0x414fe4b57b2ca57a,0x4129fe5aa95e9e1b,0x4152075eabd3c361,0x3ff0000000000000,0x0000000000000000,0x0000000000000000,0x00000000800049ba,0x00000000014a6b56,0x00000000014043e2,0x00000000014a6b56,0x00000000014043e2,0x00000000001d93c7,0x0000000000000948,0x000000000000524f,0x0000000000000a00,0x000000000000786b,0x00000000009a68c3,0x00000000000014c4
1784433127372,0x00000000800058f2,0x0000000080018ed0,0x0000000080007a7a,0x0000000000000000,0x00000000800191f0,0x0000000080018f20,0x00000000800193a0,0x00000000800194a0,0x0000000000000006,0x0000000000000003,0x0000000080018f50,0x0000000080018f70,0x0000000065cffe7b,0x0000000043f14ce4,0x0000000000000000,0x0000000065cfea78,0x000000000055dc95,0x3fedd0be6c436f93,0x000000008000495a,0x0000000000000000,0x4025772550fc5339,0x4129fe5aa95e9e1b,0x4152075eabd3c361,0x0000000000000000,0x0000000000000000,0x0000000000000000,0x000000008000495a,0x00000000014b2df9,0x00000000014106de,0x00000000014b2df9,0x00000000014106de,0x00000000001da3a7,0x0000000000000951,0x000000000000524f,0x0000000000000a00,0x0000000000007899,0x00000000009ac718,0x00000000000014c7
1784433128200,0x0000000080005744,0x0000000080019060,0x0000000080007a7a,0x000000000000000f,0x00000000800191f0,0x00000000800190b0,0x0000000080019310,0x00000000800191f0,0x0000000000000006,0x0000000000000006,0x0000000000000005,0x0000000000000000,0x000000008000f201,0x3fe8410e2ce62320,0x0000000000000000,0xffffffff9f77dff8,0x0000000000790660,0x3fedd0be6c436ff0,0x00000000800049ba,0x0000000000000000,0x414fe4b8dee631f9,0x4129fe564e075f70,0x4152075fff4d6a16,0x3fdcf46da09c9983,0x0000000000000000,0x0000000000000000,0x00000000800049ba,0x00000000014c0436,0x000000000141d741,0x00000000014c0436,0x000000000141d741,0x00000000001db97b,0x0000000000000953,0x0000000000005251,0x0000000000000a0b,0x00000000000078e3,0x00000000009b2e33,0x00000000000014ca
1784433129123,0x00000000800057ae,0x0000000080018d90,0x0000000080007a7a,0x0000000000000000,0x00000000800191f0,0x0000000080018de0,0x0000000080018f50,0x000000008000f238,0x0000000000000006,0x0000000000000006,0x0000000000000004,0x000000000000000c,0x000000000d3cff6e,0x0000000043f14cda,0x0000000000000000,0x000000000d3ceb2e,0x000000000055dc95,0x3fedd0be6c436ff0,0x00000000800049e0,0x0000000000000000,0x4025772550fc5337,0x4129fe564e075f70,0x4152075fff4d6a16,0x8000000000000000,0x0000000000000000,0x8000000000000000,0x00000000800049e0,0x00000000014cdd36,0x000000000142b07a,0x00000000014cdd36,0x000000000142b07a,0x00000000001dcb3e,0x000000000000095c,0x0000000000005251,0x0000000000000a0b,0x0000000000007908,0x00000000009b96f6,0x00000000000014cd
1784433130023,0x0000000080005820,0x0000000080018ed0,0x0000000080007a7a,0x000000000000000f,0x00000000800191f0,0x0000000080018f20,0x000000008000f238,0x0000000080019310,0x0000000000000006,0x0000000000000006,0x0000000000000006,0x0000000000000006,0x000000008000f201,0x3fe8d4da7d188c8f,0x0000000000000000,0xffffffffb6640f4e,0x000000000065b21e,0x3fedd0be6c437050,0x0000000080004a06,0x0000000000000000,0x414fe4b5e6e631f9,0x4129fe5bc4189375,0x4152075b82219653,0x3ff12c1dda637538,0x0000000000000000,0x0000000000000000,0x0000000080004a06,0x00000000014dbf12,0x0000000001438c6c,0x00000000014dbf12,0x0000000001438c6c,0x00000000001de213,0x000000000000095e,0x0000000000005253,0x0000000000000a16,0x000000000000794d,0x00000000009c039e,0x00000000000014d0
1784433130961,0x0000000080006260,0x0000000080019230,0x402a6014520d60d7,0x0000000000000000,0x0000000000000000,0x0000000080019440,0x0000000080019698,0x00000000800194a0,0x000000008000f238,0x00000000800003f0,0x0000000000000003,0x0000000000000001,0x00000000747eaee1,0x0000000065e541a8,0x0000000000000000,0x00000000744ca0e0,0x00000000004541de,0x3fedd0be6c4370ae,0x0000000080005c9e,0x0000000000000000,0x403150779979506a,0x4129fe5bc4189375,0x4152075b82219653,0x01a56e1fc2f8f359,0x0000000000000000,0x4012207dfca3cb69,0x0000000080005c9e,0x00000000014e9011,0x0000000001445ab1,0x00000000014e9011,0x0000000001445ab1,0x00000000001df615,0x0000000000000967,0x0000000000005253,0x0000000000000a17,0x0000000000007986,0x00000000009c6ac3,0x00000000000014d3
1784433131887,0x000000008000583a,0x0000000080018ed0,0x0000000080007a7a,0x000000000000000f,0x00000000800191f0,0x0000000080018f20,0x00000000800194a0,0x000000008000f238,0x0000000000000003,0x0000000000000006,0x00000000800191f0,0x0000000080019270,0x000000008000f201,0x3fe3bf695494e1d4,0x0000000000000000,0x000000003172b20e,0x000000000053f9a7,0x3fedd0be6c4370ae,0x0000000080004982,0x0000000000000000,0x414fe4ba08be0ded,0x4129fe649c91d14e,0x4152075faa786c22,0x0000000000000000,0x0000000000000000,0x0000000000000000,0x0000000080004982,0x00000000014f54a3,0x0000000001451bd1,0x00000000014f54a3,0x0000000001451bd1,0x00000000001e07a0,0x0000000000000969,0x0000000000005254,0x0000000000000a1c,0x00000000000079b8,0x00000000009cc735,0x00000000000014d6
1784433132628,0x0000000080009fc2,0x0000000080019420,0x402a6014520d60d0,0x0000000000446a00,0x0000000000000000,0x0000000080019700,0x0000000000446c00,0x0000000000000200,0x0000000000523cd4,0x0000000000000004,0x0000000000223600,0xffffffffbd02c000,0x0000000000000001,0x000000000000000a,0x0000000000000000,0xffffffffb78d405e,0x000000000064d483,0x3fedd0be6c437104,0x000000008000a0d0,0x40724ad68355e816,0x40724ad68355e816,0x4129fe649c91d14e,0x4152075faa786c22,0xc00e6353f7e00000,0x407163faf54c779b,0x40724ad68355e816,0x000000008000a0d0,0x0000000001501113,0x000000000145d3c4,0x0000000001501113,0x000000000145d3c4,0x00000000001e1c03,0x0000000000000974,0x0000000000005254,0x0000000000000a1d,0x00000000000079f8,0x00000000009d246d,0x00000000000014d9
1784433133184,0x000000008000583a,0x0000000080018ed0,0x0000000080007a7a,0x000000000000000f,0x00000000800191f0,0x0000000080018f20,0x00000000800194a0,0x000000008000f238,0x0000000000000003,0x0000000000000006,0x0000000000000000,0x0000000000000000,0x000000008000f201,0x3fe41bd82dc8f5f8,0x0000000000000000,0xffffffff8b6f66e0,0x0000000000446e67,0x3fedd0be6c437104,0x00000000800049b4,0x0000000000000000,0x414fe4b48cf765fe,0x4129fe6ecd42c3ca,0x4152075d8adab9f5,0x0000000000000000,0x0000000000000000,0x0000000000000000,0x00000000800049b4,0x000000000150c29c,0x00000000014683ef,0x000000000150c29c,0x00000000014683ef,0x00000000001e29f4,0x0000000000000974,0x0000000000005255,0x0000000000000a23,0x0000000000007a1a,0x00000000009d7837,0x00000000000014dc
1784433133934,0x0000000080005a7c,0x00000000800193f0,0x0000000080007a7a,0x000000000000000f,0x0000000080007a96,0x0000000080019440,0x0000000080019548,0x0000000000000000,0x0000000000000008,0x000000008000f208,0x0000000000000002,0x0000000000000002,0xffffffff88f2befa,0xffffffffdb20924c,0x0000000000000000,0xffffffff88b29cb8,0x000000000044c8a1,0x3fedd0be6c437152,0x0000000080005ac8,0x0000000000000000,0x414fe4b26ef0068e,0x4129fe567bcd35a8,0x4152075f355b573f,0x414fe4b1434d6a16,0x4152075f4b48a070,0x3ff0000000000000,0x0000000080005ac8,0x0000000001518d0a,0x0000000001474a39,0x0000000001518d0a,0x0000000001474a39,0x00000000001e3f50,0x000000000000097f,0x0000000000005255,0x0000000000000a24,0x0000000000007a7c,0x00000000009ddd20,0x00000000000014df
1784433134844,0x0000000080009fc2,0x0000000080018dc0,0x0000000080007a7a,0x0000000000000800,0x00000000800191f0,0x0000000080018e40,0x000000000055dc95,0xffffffffa1f8a000,0x000000000044e91a,0x0000000000000003,0x00000000002aee4a,0xffffffffa9338000,0x000000000044e91a,0x0000000043f14000,0x000000000000000c,0xffffffffa9338000,0x000000000055dc95,0x3fedd0be6c437152,0x000000008000a13e,0x405ccc3930020bec,0x405ccc3930020bec,0x4129fe567bcd35a8,0x4152075f355b573f,0x01a56e1fc2f8f359,0x0000000000000000,0x405ccc3930020bec,0x000000008000a13e,0x0000000001525d90,0x0000000001481b24,0x0000000001525d90,0x0000000001481b24,0x00000000001e4f9b,0x0000000000000982,0x0000000000005255,0x0000000000000a24,0x0000000000007a92,0x00000000009e421d,0x00000000000014e2
1784433135760,0x00000000800056f8,0x0000000080019060,0x0000000080007a7a,0x000000000000000f,0x0000000080019430,0x00000000800190b0,0x0000000080019548,0x000000008000f238,0x0000000000000006,0x0000000000000006,0x0000000000000002,0x0000000000000006,0x000000008000f201,0x3fe16f6c7dd39d55,0x0000000000000000,0x000000005b7b5ee0,0x00000000007b5e6d,0x3fedd0be6c437195,0x00000000800049b0,0x0000000000000000,0x414fe4b56780346e,0x4129fe4a0710cb29,0x4152076037487fcc,0x0000000000000000,0x0000000000000000,0x0000000000000000,0x00000000800049b0,0x0000000001532d35,0x000000000148e3b1,0x0000000001532d35,0x000000000148e3b1,0x00000000001e65b0,0x000000000000098a,0x0000000000005256,0x0000000000000a29,0x0000000000007ae8,0x00000000009ea56b,0x00000000000014e5
1784433136660,0x00000000800058f2,0x0000000080018ed0,0x0000000080007a7a,0x0000000000000000,0x00000000800191f0,0x0000000080018f20,0x00000000800193a0,0x00000000800194a0,0x0000000000000006,0x0000000000000003,0x0000000080018f50,0x0000000080018fe8,0x000000000d3cff6e,0x0000000043f14cda,0x0000000000000000,0x000000000d3ceb2e,0x000000000055dc95,0x3fedd0be6c437195,0x0000000080004982,0x0000000000000000,0x4025772550fc5337,0x4129fe4a0710cb29,0x4152076037487fcc,0x3f9287f43dd4dd22,0x0000000000000000,0x0000000000000000,0x0000000080004982,0x000000000153feeb,0x000000000149b5c5,0x000000000153feeb,0x000000000149b5c5,0x00000000001e76c8,0x0000000000000993,0x0000000000005256,0x0000000000000a29,0x0000000000007b13,0x00000000009f0ad4,0x00000000000014e9
1784433137549,0x0000000080005744,0x0000000080019060,0x0000000080007a7a,0x000000000000000f,0x00000000800191f0,0x00000000800190b0,0x0000000080019310,0x00000000800191f0,0x0000000000000006,0x0000000000000006,0x0000000080019310,0x0000000000000005,0x000000008000f201,0x3fe23e1619125325,0x0000000000000000,0xffffffffefd5fe00,0x000000000066c7e7,0x3fedd0be6c4371ce,0x00000000800049aa,0x0000000000000000,0x414fe4b4e6e978d5,0x4129fe687a786c22,0x4152075ed6219653,0x3ff117a2f91bc7e8,0x402c3d2038d19806,0x402c3d2038d19806,0x00000000800049aa,0x000000000154e368,0x00000000014a944b,0x000000000154e368,0x00000000014a944b,0x00000000001e8dcb,0x0000000000000995,0x0000000000005257,0x0000000000000a2e,0x0000000000007b67,0x00000000009f78a9,0x00000000000014ec
1784433138386,0x00000000800057ae,0x0000000080018d90,0x0000000080007a7a,0x0000000000000000,0x00000000800191f0,0x0000000080018de0,0x0000000080018f50,0x000000008000f238,0x0000000000000006,0x0000000000000006,0x0000000080018f50,0x0000000080019040,0xfffffffffd77f7fe,0x0000000043f14cde,0x0000000000000000,0xfffffffffd77b7be,0x000000000055dc95,0x3fedd0be6c4371ce,0x00000000800049a6,0x0000000000000000,0x4025772550fc5338,0x4129fe687a786c22,0x4152075ed6219653,0x8000000000000000,0x0000000000000000,0x0000000000000000,0x00000000800049a6,0x000000000155b994,0x00000000014b6a9c,0x000000000155b994,0x00000000014b6a9c,0x00000000001e9f4f,0x000000000000099e,0x0000000000005257,0x0000000000000a2e,0x0000000000007b8d,0x00000000009fe010,0x00000000000014ef
1784433139305,0x000000008000583a,0x0000000080018ed0,0x0000000080007a7a,0x000000000000000f,0x00000000800191f0,0x0000000080018f20,0x00000000800194a0,0x000000008000f238,0x0000000000000003,0x0000000000000006,0x00000000800191f0,0x0000000000000000,0x000000008000f201,0x3fe120ceb4364b3a,0x0000000000000000,0xffffffff89c1981e,0x000000000076d0e4,0x3fedd0be6c4371fd,0x0000000080004988,0x0000000000000000,0x414fe4b791eecbfb,0x4129fe717ff2e48f,0x4152075e77bcd35b,0x0000000000000000,0x0000000000000000,0x0000000000000000,0x0000000080004988,0x0000000001568d53,0x00000000014c3889,0x0000000001568d53,0x00000000014c3889,0x00000000001eb4f9,0x00000000000009a0,0x0000000000005258,0x0000000000000a33,0x0000000000007bd9,0x0000000000a0461c,0x00000000000014f2
1784433139908,0x00000000800057c6,0x0000000080018de0,0x402a6014520d610b,0x0000000000000000,0x0000000000000000,0x0000000080018f20,0x000000008000f238,0x0000000080018f10,0x0000000000000000,0x000000008000f358,0x000000008000f35f,0x000000008000f358,0x000000008000f351,0x3fedd0be6c437220,0x0000000000000000,0x0000000000000000,0x0000000000000000,0x3fedd0be6c437220,0x0000000080007b56,0x0000000000000000,0x4025772550fc5339,0x4129fe717ff2e48f,0x4152075e77bcd35b,0x3ff0000000000000,0xbf847ae147ae152c,0x3fc17a1e17d077f2,0x0000000080007b56,0x0000000001573667,0x00000000014ce120,0x0000000001573667,0x00000000014ce120,0x00000000001ec2d1,0x00000000000009a9,0x0000000000005258,0x0000000000000a33,0x0000000000007c03,0x0000000000a097d0,0x00000000000014f5
1784433140516,0x000000008000583a,0x0000000080018ed0,0x0000000080007a7a,0x000000000000000f,0x00000000800191f0,0x0000000080018f20,0x00000000800194a0,0x000000008000f238,0x0000000000000003,0x0000000000000006,0x0000000000000000,0x0000000000000006,0x000000008000f201,0x3fdf1f70bbab1dfc,0x0000000000000000,0xffffffffdd80ec78,0x00000000005920e1,0x3fedd0be6c437220,0x000000008000496c,0x0000000000000000,0x414fe4b2d7765fd9,0x4129fe670a3d70a4,0x41520763042c3c9f,0x0000000000000000,0x3fe1aec7af362c5b,0x0000000000000000,0x000000008000496c,0x000000000158035e,0x00000000014da813,0x000000000158035e,0x00000000014da813,0x00000000001ed7f2,0x00000000000009ab,0x0000000000005258,0x0000000000000a34,0x0000000000007c60,0x0000000000a0fa99,0x00000000000014f8
1784433141450,0x0000000080009fc2,0x0000000080019420,0x402a6014520d611a,0x0000000000544424,0x0000000000000000,0x0000000080019700,0x0000000000544420,0x0000000000000002,0x000000000027bbc5,0x0000000000000003,0x00000000002a2210,0x000000000c600000,0x0000000000000001,0x0000000000000002,0x0000000000000000,0x000000006bffbdb8,0x0000000000703dcd,0x3fedd0be6c437238,0x000000008000a0b6,0x405bbcc85ee22863,0x405bbcc85ee22863,0x4129fe670a3d70a4,0x41520763042c3c9f,0x401660902de00000,0x4053e9d38d89b9d2,0x405bbcc85ee22863,0x000000008000a0b6,0x000000000158d5e1,0x00000000014e7609,0x000000000158d5e1,0x00000000014e7609,0x00000000001eee28,0x00000000000009b6,0x0000000000005258,0x0000000000000a35,0x0000000000007caa,0x0000000000a16253,0x00000000000014fb
1784433142347,0x000000008000519e,0x0000000080018e90,0x0000000080007a7a,0x0000000000000000,0x00000000800191f0,0x0000000080018ee0,0x0000000000000000,0x0000000050fc533a,0x000000003fe00000,0x4025772550fc533a,0x0000000000000002,0x0000000000000003,0x00000000566af6fe,0x0000000043f14ce8,0x0000000000000000,0x00000000560ab6e0,0x000000000055dc95,0x3fedd0be6c437238,0x0000000080005380,0x0000000000000000,0x4025772550fc533a,0x4129fe6856bb98c8,0x4152075c464f7660,0x0000000000000000,0x0000000000000000,0x0000000000000000,0x0000000080005380,0x000000000159b0fc,0x00000000014f515e,0x000000000159b0fc,0x00000000014f515e,0x00000000001eff84,0x00000000000009bf,0x0000000000005259,0x0000000000000a3b,0x0000000000007cdc,0x0000000000a1cd28,0x00000000000014fe
1784433143269,0x0000000080005744,0x0000000080019060,0x0000000080007a7a,0x000000000000000f,0x00000000800191f0,0x00000000800190b0,0x0000000080019310,0x00000000800191f0,0x0000000000000006,0x0000000000000006,0x00000000800190d0,0x0000000000000004,0x000000008000f201,0x3fdd52ecaccbd62a,0x0000000000000000,0x000000006166b078,0x00000000006184ef,0x3fedd0be6c437249,0x00000000800049f6,0x0000000000000000,0x414fe4b51e9ad42c,0x4129fe6102f837b5,0x41520762957dbf48,0x0000000000000000,0x0000000000000000,0x0000000000000000,0x00000000800049f6,0x00000000015a9cf9,0x0000000001503756,0x00000000015a9cf9,0x0000000001503756,0x00000000001f1767,0x00000000000009c1,0x000000000000525c,0x0000000000000a4a,0x0000000000007d36,0x0000000000a23e1c,0x0000000000001501
1784433144174,0x00000000800057ae,0x0000000080018d90,0x0000000080007a7a,0x0000000000000000,0x00000000800191f0,0x0000000080018de0,0x0000000080018f50,0x000000008000f238,0x0000000000000006,0x0000000000000006,0x0000000080018df0,0x0000000080018e40,0x000000004657d3f9,0x0000000043f14cec,0x0000000000000000,0x0000000046458338,0x000000000055dc95,0x3fedd0be6c437249,0x00000000800049f0,0x0000000000000000,0x4025772550fc533b,0x4129fe6102f837b5,0x41520762957dbf48,0x8000000000000000,0x0000000000000000,0x0000000000000000,0x00000000800049f0,0x00000000015b7158,0x0000000001510bef,0x00000000015b7158,0x0000000001510bef,0x00000000001f28c9,0x00000000000009ca,0x000000000000525c,0x0000000000000a4a,0x0000000000007d58,0x0000000000a2a4b3,0x0000000000001504
1784433145086,0x0000000080005820,0x0000000080018ed0,0x0000000080007a7a,0x000000000000000f,0x00000000800191f0,0x0000000080018f20,0x000000008000f238,0x0000000080019310,0x0000000000000006,0x0000000000000006,0x000000008000f238,0x000000008000f2f0,0x000000008000f201,0x3fe1ddcd43a362c1,0x0000000000000000,0x0000000048dc66e0,0x0000000000677552,0x3fedd0be6c437251,0x00000000800049a6,0x0000000000000000,0x414fe4b39fec56d6,0x4129fe630631f8a1,0x4152075f62bedfa4,0x0000000000000000,0x0000000000000000,0x0000000000000000,0x00000000800049a6,0x00000000015c584e,0x000000000151ec93,0x00000000015c584e,0x000000000151ec93,0x00000000001f4001,0x00000000000009cc,0x000000000000525f,0x0000000000000a59,0x0000000000007db0,0x0000000000a3138b,0x0000000000001507
1784433146004,0x0000000080006260,0x0000000080019230,0x402a6014520d613d,0x0000000000000000,0x0000000000000000,0x0000000080019440,0x0000000080019698,0x00000000800194a0,0x000000008000f238,0x00000000800003f0,0x0000000000000002,0x000000000000000c,0x00000000421f7f80,0xffffffffb5d77b50,0x0000000000000000,0x00000000421d0380,0x0000000000409be2,0x3fedd0be6c437254,0x0000000080005cac,0x0000000000000000,0x401026f8ad75ded4,0x4129fe630631f8a1,0x4152075f62bedfa4,0x01a56e1fc2f8f359,0x0000000000000000,0x0000000000000000,0x0000000080005cac,0x00000000015d2ff4,0x000000000152c0b3,0x00000000015d2ff4,0x000000000152c0b3,0x00000000001f54c9,0x00000000000009d5,0x000000000000525f,0x0000000000000a5a,0x0000000000007e00,0x0000000000a37dcf,0x000000000000150a
1784433146827,0x000000008000583a,0x0000000080018ed0,0x0000000080007a7a,0x000000000000000f,0x00000000800191f0,0x0000000080018f20,0x00000000800194a0,0x000000008000f238,0x0000000000000003,0x0000000000000006,0x00000000800191f0,0x0000000080019238,0x000000008000f201,0x3fe0aae49aa0b695,0x0000000000000000,0x000000000abddf0e,0x00000000007c2fe3,0x3fedd0be6c437254,0x0000000080004982,0x0000000000000000,0x414fe4b58507c84b,0x4129fe4732ca57a8,0x4152076150a8c155,0x0000000000000000,0x0000000000000000,0x0000000000000000,0x0000000080004982,0x00000000015de6ff,0x00000000015374be,0x00000000015de6ff,0x00000000015374be,0x00000000001f64f1,0x00000000000009d7,0x0000000000005261,0x0000000000000a65,0x0000000000007e2a,0x0000000000a3d3c5,0x000000000000150d
1784433147401,0x0000000080006260,0x0000000080019230,0x402a6014520d6144,0x0000000000000000,0x0000000000000000,0x0000000080019440,0x0000000080019698,0x00000000800194a0,0x000000008000f238,0x00000000800003f0,0x0000000000000003,0x0000000080003cf8,0xffffffffff9ede7f,0xffffffffe37f8dc2,0x0000000000000000,0xffffffffff825c7e,0x0000000000772da9,0x3fedd0be6c437253,0x0000000080005f40,0x0000000000000000,0x402dcb6a78dfe371,0x4129fe4732ca57a8,0x4152076150a8c155,0x0000000000000000,0x403d881f7f28f2da,0x3fa156583e435800,0x0000000080005f40,0x00000000015eaa87,0x0000000001543448,0x00000000015eaa87,0x0000000001543448,0x00000000001f790b,0x00000000000009e1,0x0000000000005261,0x0000000000000a66,0x0000000000007e7a,0x0000000000a43488,0x0000000000001510
1784433148004,0x0000000080005850,0x0000000080018ed0,0x0000000080007a7a,0x000000000000000f,0x00000000800191f0,0x0000000080018f20,0x00000000800191f0,0x0000000080019310,0x0000000000000003,0x0000000000000006,0x0000000000000002,0x0000000000000003,0x000000008000f201,0x3fe1c5c06a649c0c,0x0000000000000000,0xffffffffa10db75e,0x00000000004518f6,0x3fedd0be6c437253,0x00000000800049d6,0x0000000000000000,0x414fe4b019f8a090,0x4129fe6f2b9f559b,0x4152075e00418937,0x0000000000000000,0x0000000000000000,0x0000000000000000,0x00000000800049d6,0x00000000015f7865,0x000000000154ffc3,0x00000000015f7865,0x000000000154ffc3,0x00000000001f8a1a,0x00000000000009e2,0x0000000000005263,0x0000000000000a70,0x0000000000007ea4,0x0000000000a49564,0x0000000000001513
1784433148873,0x00000000800056f8,0x0000000080019060,0x0000000080007a7a,0x000000000000000f,0x0000000080019430,0x00000000800190b0,0x0000000080019548,0x000000008000f238,0x0000000000000006,0x0000000000000006,0x000000008000f238,0x0000000000000005,0x000000008000f201,0x3fdd3a31a3e68bbb,0x0000000000000000,0xffffffffbad288e0,0x000000000056261a,0x3fedd0be6c43724c,0x00000000800049d0,0x0000000000000000,0x414fe4b1a0b0f27c,0x4129fe5b257a786c,0x4152076306353f7d,0x0000000000000000,0x0000000000000000,0x0000000000000000,0x00000000800049d0,0x0000000001605d09,0x000000000155e010,0x0000000001605d09,0x000000000155e010,0x00000000001fa198,0x00000000000009ed,0x0000000000005266,0x0000000000000a7f,0x0000000000007efb,0x0000000000a50682,0x0000000000001516
1784433149745,0x00000000800058f2,0x0000000080018ed0,0x0000000080007a7a,0x0000000000000000,0x00000000800191f0,0x0000000080018f20,0x00000000800193a0,0x00000000800194a0,0x0000000000000006,0x0000000000000003,0x0000000000000004,0x0000000000000006,0xffffffffae9db7df,0x0000000043f14cf2,0x0000000000000000,0xffffffffae9db59e,0x000000000055dc95,0x3fedd0be6c43724c,0x00000000800049d6,0x0000000000000000,0x4025772550fc533d,0x4129fe5b257a786c,0x4152076306353f7d,0x0000000000000000,0x0000000000000000,0x0000000000000000,0x00000000800049d6,0x0000000001612a52,0x000000000156ae4b,0x0000000001612a52,0x000000000156ae4b,0x00000000001fb25d,0x00000000000009f6,0x0000000000005266,0x0000000000000a7f,0x0000000000007f1a,0x0000000000a56a17,0x0000000000001519
1784433150570,0x0000000080005744,0x0000000080019060,0x0000000080007a7a,0x000000000000000f,0x00000000800191f0,0x00000000800190b0,0x0000000080019310,0x00000000800191f0,0x0000000000000006,0x0000000000000006,0x00000000800190d0,0x0000000080019160,0x000000008000f201,0x3fe1b9e0079598d3,0x0000000000000000,0x00000000195b4f1e,0x00000000004299b7,0x3fedd0be6c437243,0x00000000800049f0,0x0000000000000000,0x414fe4b0f1e1b08a,0x4129fe506bfb15b5,0x41520760d35dcc64,0x0000000000000000,0x0000000000000000,0x0000000000000000,0x00000000800049f0,0x000000000161f9e7,0x00000000015777e6,0x000000000161f9e7,0x00000000015777e6,0x00000000001fc7af,0x00000000000009f8,0x0000000000005268,0x0000000000000a88,0x0000000000007f60,0x0000000000a5ce0c,0x000000000000151c
1784433151436,0x00000000800057ae,0x0000000080018d90,0x0000000080007a7a,0x0000000000000000,0x00000000800191f0,0x0000000080018de0,0x0000000080018f50,0x000000008000f238,0x0000000000000006,0x0000000000000006,0x0000000000000003,0x0000000000000006,0xffffffffae9db7df,0x0000000043f14cf2,0x0000000000000000,0xffffffffae9db59e,0x000000000055dc95,0x3fedd0be6c437243,0x000000008000498e,0x0000000000000000,0x4025772550fc533d,0x4129fe506bfb15b5,0x41520760d35dcc64,0x3ff0000000000000,0x0000000000000000,0x0000000000000000,0x000000008000498e,0x000000000162d2f6,0x0000000001585155,0x000000000162d2f6,0x0000000001585155,0x00000000001fd976,0x0000000000000a01,0x0000000000005268,0x0000000000000a88,0x0000000000007f78,0x0000000000a636e9,0x000000000000151f
1784433152349,0x0000000080005820,0x0000000080018ed0,0x0000000080007a7a,0x000000000000000f,0x00000000800191f0,0x0000000080018f20,0x000000008000f238,0x0000000080019310,0x0000000000000006,0x0000000000000006,0x0000000080019310,0x0000000000000040,0x000000008000f201,0x3fe1a40ac665382c,0x0000000000000000,0x0000000016479dee,0x00000000005b462e,0x3fedd0be6c437238,0x00000000800049c4,0x0000000000000000,0x414fe4b3859b3d08,0x4129fe626a9930be,0x4152075f8a71de6a,0x0000000000000000,0x0000000000000000,0x0000000000000000,0x00000000800049c4,0x000000000163aa42,0x0000000001592281,0x000000000163aa42,0x0000000001592281,0x00000000001fef68,0x0000000000000a03,0x000000000000526a,0x0000000000000a93,0x0000000000007fc7,0x0000000000a69e73,0x0000000000001522
1784433153201,0x0000000080006260,0x0000000080019230,0x402a6014520d614d,0x0000000000000000,0x0000000000000000,0x0000000080019440,0x0000000080019698,0x00000000800194a0,0x000000008000f238,0x00000000800003f0,0x00000000800194a0,0x00000000800194d0,0xffffffffabafeede,0xffffffffb551d492,0x0000000000000000,0xffffffffab8cee5e,0x00000000007844f0,0x3fedd0be6c43722c,0x0000000080005cee,0x0000000000000000,0x401e113c2d547525,0x4129fe626a9930be,0x4152075f8a71de6a,0x01a56e1fc2f8f359,0x0000000000000000,0x0000000000000000,0x0000000080005cee,0x0000000001647dbe,0x000000000159f320,0x0000000001647dbe,0x000000000159f320,0x00000000002003fc,0x0000000000000a0c,0x000000000000526a,0x0000000000000a94,0x0000000000008006,0x0000000000a70719,0x0000000000001525
1784433153950,0x000000008000583a,0x0000000080018ed0,0x0000000080007a7a,0x000000000000000f,0x00000000800191f0,0x0000000080018f20,0x00000000800194a0,0x000000008000f238,0x0000000000000003,0x0000000000000006,0x0000000000000001,0x0000000000000007,0x000000008000f201,0x3fdfbd77a88a30dc,0x0000000000000000,0x0000000019de71ae,0x00000000004f3395,0x3fedd0be6c43722c,0x00000000800049be,0x0000000000000000,0x414fe4ad19f212d7,0x4129fe4dab923a2a,0x415207613d7dbf48,0x0000000000000000,0x0000000000000000,0x0000000000000000,0x00000000800049be,0x00000000016530e9,0x00000000015aa36d,0x00000000016530e9,0x00000000015aa36d,0x00000000002013c2,0x0000000000000a0e,0x000000000000526c,0x0000000000000a9e,0x000000000000802c,0x0000000000a75b33,0x0000000000001528
1784433154507,0x0000000080006260,0x0000000080019230,0x402a6014520d614b,0x0000000000000000,0x0000000000000000,0x0000000080019440,0x0000000080019698,0x00000000800194a0,0x000000008000f238,0x00000000800003f0,0x0000000000000003,0x0000000000000009,0x0000000009d762ef,0xffffffffa7a0de46,0x0000000000000000,0x0000000009c1426e,0x000000000062b6f7,0x3fedd0be6c43721e,0x0000000080005be6,0x0000000000000000,0x4028adbde9e83792,0x4129fe4dab923a2a,0x415207613d7dbf48,0x01a56e1fc2f8f359,0x0000000000000000,0x3fdcf46da09c9984,0x0000000080005be6,0x000000000165e185,0x00000000015b52e6,0x000000000165e185,0x00000000015b52e6,0x0000000000202361,0x0000000000000a17,0x000000000000526c,0x0000000000000a9e,0x0000000000008069,0x0000000000a7b248,0x000000000000152b
1784433155248,0x0000000080005850,0x0000000080018ed0,0x0000000080007a7a,0x000000000000000f,0x00000000800191f0,0x0000000080018f20,0x00000000800191f0,0x0000000080019310,0x0000000000000003,0x0000000000000006,0x0000000000000000,0x0000000000000003,0x000000008000f201,0x3fe0363219614880,0x0000000000000000,0xffffffffa121610e,0x0000000000480c1d,0x3fedd0be6c43721e,0x000000008000496c,0x0000000000000000,0x414fe4af772e48e9,0x4129fe5693b645a2,0x41520760601d7dbf,0x401623e8e4790c0a,0x0000000000000000,0x0000000000000000,0x000000008000496c,0x000000000166b9c4,0x00000000015c25f8,0x000000000166b9c4,0x00000000015c25f8,0x000000000020383e,0x0000000000000a19,0x000000000000526f,0x0000000000000aac,0x0000000000008098,0x0000000000a818bd,0x000000000000152e
1784433156125,0x0000000080005744,0x0000000080019060,0x0000000080007a7a,0x000000000000000f,0x00000000800191f0,0x00000000800190b0,0x0000000080019310,0x00000000800191f0,0x0000000000000006,0x0000000000000006,0x0000000080019310,0x0000000000000020,0x000000008000f201,0x3fdea6e05e3dd310,0x0000000000000000,0x0000000041bbb6fe,0x00000000006b3d9e,0x3fedd0be6c437211,0x00000000800049a2,0x0000000000000000,0x414fe4aff6ae7d56,0x4129fe671fb15b57,0x415207645c418937,0x0000000000000000,0x0000000000000000,0x0000000000000000,0x00000000800049a2,0x000000000167bd94,0x00000000015d2626,0x000000000167bd94,0x00000000015d2626,0x0000000000205220,0x0000000000000a24,0x0000000000005272,0x0000000000000aba,0x00000000000080fe,0x0000000000a898e2,0x0000000000001531
1784433157048,0x00000000800057ae,0x0000000080018d90,0x0000000080007a7a,0x0000000000000000,0x00000000800191f0,0x0000000080018de0,0x0000000080018f50,0x000000008000f238,0x0000000000000006,0x0000000000000006,0x0000000080018df0,0x0000000080018e38,0x0000000036bbdff4,0x0000000043f14cf0,0x0000000000000000,0x0000000036804f80,0x000000000055dc95,0x3fedd0be6c437211,0x00000000800049f0,0x0000000000000000,0x4025772550fc533c,0x4129fe671fb15b57,0x415207645c418937,0x8000000000000000,0x0000000000000000,0x0000000000000000,0x00000000800049f0,0x000000000168949a,0x00000000015dfd35,0x000000000168949a,0x00000000015dfd35,0x00000000002063b8,0x0000000000000a2d,0x0000000000005272,0x0000000000000aba,0x0000000000008129,0x0000000000a9009d,0x0000000000001534
1784433157953,0x0000000080005806,0x0000000080018ee0,0x0000000080007a7a,0x000000000000000f,0x00000000800191f0,0x0000000080018f20,0x00000000800194a0,0x0000000080019310,0x0000000000000003,0x0000000080019310,0x0000000000000002,0x0000000000000006,0x000000008000f201,0x3fe32aaa50ce66df,0x0000000000000000,0x0000000044165780,0x00000000006218c4,0x3fedd0be6c437204,0x0000000080004b5e,0x0000000000000000,0x414fe4ae0c32ca58,0x4129fe61813a92a3,0x4152076163765fd9,0x3fc17a1e17d07752,0x3fc17a1e17d07752,0x0000000000000000,0x0000000080004b5e,0x00000000016969de,0x00000000015ecc7d,0x00000000016969de,0x00000000015ecc7d,0x000000000020798e,0x0000000000000a2f,0x0000000000005274,0x0000000000000ac4,0x0000000000008172,0x0000000000a96740,0x0000000000001537
1784433158857,0x0000000080006260,0x0000000080019230,0x402a6014520d6141,0x0000000000000000,0x0000000000000000,0x0000000080019440,0x0000000080019698,0x00000000800194a0,0x000000008000f238,0x00000000800003f0,0x000000008000f238,0x000000008000f328,0xffffffffe02efeef,0xffffffff872ae0d6,0x0000000000000000,0xffffffffe028668e,0x00000000004c00a2,0x3fedd0be6c4371f7,0x0000000080005c06,0x0000000000000000,0x40130028a1cab836,0x4129fe61813a92a3,0x4152076163765fd9,0x01a56e1fc2f8f359,0x0000000000000000,0x0000000000000000,0x0000000080005c06,0x00000000016a3fdd,0x00000000015fa125,0x00000000016a3fdd,0x00000000015fa125,0x0000000000208bd2,0x0000000000000a38,0x0000000000005274,0x0000000000000ac4,0x00000000000081bd,0x0000000000a9cf7d,0x000000000000153a
1784433159774,0x0000000080005850,0x0000000080018ed0,0x0000000080007a7a,0x000000000000000f,0x00000000800191f0,0x0000000080018f20,0x00000000800191f0,0x0000000080019310,0x0000000000000003,0x0000000000000006,0x00000000800191a8,0x00000000800191b0,0x000000008000f201,0x3fe2c72d112cedab,0x0000000000000000,0x000000006b4ea938,0x00000000005e0f5e,0x3fedd0be6c4371f7,0x00000000800049f0,0x0000000000000000,0x414fe4b1fc361134,0x4129fe639fbe76c9,0x415207648a05bc02,0x0000000000000000,0x0000000000000000,0x0000000000000000,0x00000000800049f0,0x00000000016b1c1e,0x0000000001607831,0x00000000016b1c1e,0x0000000001607831,0x000000000020a162,0x0000000000000a3a,0x0000000000005276,0x0000000000000ace,0x00000000000081ea,0x0000000000aa382a,0x000000000000153d
1784433160665,0x00000000800056f8,0x0000000080019060,0x0000000080007a7a,0x000000000000000f,0x0000000080019430,0x00000000800190b0,0x0000000080019548,0x000000008000f238,0x0000000000000006,0x0000000000000006,0x0000000000000002,0x0000000000000002,0x000000008000f201,0x3fe605ef0489f6b3,0x0000000000000000,0xffffffffafd1deae,0x00000000007da97b,0x3fedd0be6c4371ec,0x00000000800049e4,0x0000000000000000,0x414fe4b3f926e979,0x4129fe637288ce70,0x41520764a4154c98,0x3ff0000000000000,0x0000000000000000,0x0000000000000000,0x00000000800049e4,0x00000000016bdd52,0x00000000016135c0,0x00000000016bdd52,0x00000000016135c0,0x000000000020b5f2,0x0000000000000a45,0x0000000000005279,0x0000000000000adc,0x000000000000824c,0x0000000000aa98fe,0x0000000000001540
1784433161363,0x0000000080005850,0x0000000080018ed0,0x0000000080007a7a,0x000000000000000f,0x00000000800191f0,0x0000000080018f20,0x00000000800191f0,0x0000000080019310,0x0000000000000003,0x0000000000000006,0x0000000000000002,0x0000000000000003,0x000000008000f201,0x3fe605ef0489f6b3,0x0000000000000000,0xffffffffafd1deae,0x00000000007da97b,0x3fedd0be6c4371ec,0x0000000080004940,0x0000000000000000,0x414fe4b3f926e979,0x4129fe637288ce70,0x41520764a4154c98,0x3ff12c1dda6375f2,0x0000000000000000,0x0000000000000000,0x0000000080004940,0x00000000016c9ad8,0x000000000161f226,0x00000000016c9ad8,0x000000000161f226,0x000000000020c52b,0x0000000000000a45,0x0000000000005279,0x0000000000000adc,0x0000000000008254,0x0000000000aaf1bf,0x0000000000001543
1784433161937,0x00000000800066ae,0x0000000080019700,0x402a6014520d6139,0x0000000000000000,0x0000000000000000,0x00000000800199a0,0x0000000000000001,0x000000005f569450,0x000000008000f3a8,0x000000008000f3a8,0x00000000000000f0,0x0000000080015ca8,0x00000000229bb8a5,0x000000007d5a5140,0x0000000000000000,0x00000000229b3800,0x00000000004fdd0b,0x3fedd0be6c4371df,0x00000000800066ae,0x0000000000000000,0x4033f742df569450,0x4129fe637288ce70,0x41520764a4154c98,0x01a56e1fc2f8f359,0x3ff0000000000000,0x4033f742df569450,0x00000000800066ae,0x00000000016d4b9b,0x0000000001629eeb,0x00000000016d4b9b,0x0000000001629eeb,0x000000000020d881,0x0000000000000a50,0x0000000000005279,0x0000000000000adc,0x00000000000082bc,0x0000000000ab4ab4,0x0000000000001546
1784433162794,0x000000008000519e,0x0000000080018e90,0x0000000080007a7a,0x0000000000000000,0x00000000800191f0,0x0000000080018ee0,0x0000000000000000,0x0000000050fc533b,0x000000003fe00000,0x4025772550fc533b,0x0000000000000001,0x0000000000000006,0x000000004657d3f9,0x0000000043f14cec,0x0000000000000000,0x0000000046458338,0x000000000055dc95,0x3fedd0be6c4371df,0x000000008000538a,0x0000000000000000,0x4025772550fc533b,0x4129fe4e628240b8,0x41520761b718fc50,0x0000000000000000,0x0000000000000000,0x3fa0c481d88c2013,0x000000008000538a,0x00000000016e24df,0x00000000016377e7,0x00000000016e24df,0x00000000016377e7,0x000000000020e9cd,0x0000000000000a59,0x000000000000527a,0x0000000000000ae0,0x00000000000082e6,0x0000000000abb394,0x0000000000001549
1784433163624,0x00000000800056f8,0x0000000080019060,0x0000000080007a7a,0x000000000000000f,0x0000000080019430,0x00000000800190b0,0x0000000080019548,0x000000008000f238,0x0000000000000006,0x0000000000000006,0x0000000080019310,0x0000000080019420,0x000000008000f201,0x3fe768d9ddebda41,0x0000000000000000,0xffffffffa2ad46f8,0x000000000046d692,0x3fedd0be6c4371d4,0x00000000800049f0,0x0000000000000000,0x414fe4acd2eb1c43,0x4129fe6113dd97f6,0x41520762ca31f8a1,0x0000000000000000,0x0000000000000000,0x0000000000000000,0x00000000800049f0,0x00000000016efb3d,0x000000000164474f,0x00000000016efb3d,0x000000000164474f,0x0000000000210011,0x0000000000000a5b,0x000000000000527c,0x0000000000000aea,0x0000000000008341,0x0000000000ac19f3,0x000000000000154c
1784433164502,0x000000008000578a,0x0000000080018db0,0x0000000080007a7a,0x0000000000000000,0x00000000800191f0,0x0000000080018de0,0x0000000080018f50,0x0000000000000006,0x0000000000000006,0x0000000000000003,0x0000000080018f50,0x0000000080018fc8,0x000000004657d3f9,0x0000000043f14cec,0x0000000000000000,0x0000000046458338,0x000000000055dc95,0x3fedd0be6c4371d4,0x0000000080004d10,0x0000000000000000,0x4025772550fc533b,0x4129fe6113dd97f6,0x41520762ca31f8a1,0x3f8314f4c02b2a1c,0x0000000000000000,0x8000000000000000,0x0000000080004d10,0x00000000016fcfe8,0x0000000001651cf4,0x00000000016fcfe8,0x0000000001651cf4,0x000000000021115c,0x0000000000000a64,0x000000000000527c,0x0000000000000aea,0x0000000000008369,0x0000000000ac80fc,0x000000000000154f
1784433165382,0x0000000080005744,0x0000000080019060,0x0000000080007a7a,0x000000000000000f,0x00000000800191f0,0x00000000800190b0,0x0000000080019310,0x00000000800191f0,0x0000000000000006,0x0000000000000006,0x0000000000000005,0x000000000000000b,0x000000008000f201,0x3fe74dbdf8eb5649,0x0000000000000000,0x000000007ce28e6e,0x00000000005196c9,0x3fedd0be6c4371cb,0x00000000800049be,0x0000000000000000,0x414fe4aa33d3c361,0x4129fe508a4a8c15,0x415207625c0ebee0,0x0000000000000000,0x0000000000000000,0x0000000000000000,0x00000000800049be,0x0000000001709c2b,0x000000000165e318,0x0000000001709c2b,0x000000000165e318,0x0000000000212678,0x0000000000000a66,0x000000000000527e,0x0000000000000af4,0x00000000000083b7,0x0000000000ace352,0x0000000000001552
1784433166144,0x00000000800057ae,0x0000000080018d90,0x0000000080007a7a,0x0000000000000000,0x00000000800191f0,0x0000000080018de0,0x0000000080018f50,0x000000008000f238,0x0000000000000006,0x0000000000000006,0x0000000080018f50,0x0000000080019060,0xffffffffce3f1fff,0x0000000043f14cea,0x0000000000000000,0xffffffffce281d0e,0x000000000055dc95,0x3fedd0be6c4371cb,0x00000000800049a4,0x0000000000000000,0x4025772550fc533b,0x4129fe508a4a8c15,0x415207625c0ebee0,0x8000000000000000,0x0000000000000000,0x0000000000000000,0x00000000800049a4,0x0000000001717a5d,0x000000000166c144,0x0000000001717a5d,0x000000000166c144,0x00000000002138a4,0x0000000000000a6f,0x000000000000527e,0x0000000000000af4,0x00000000000083e1,0x0000000000ad4e6b,0x0000000000001555
1784433167011,0x000000008000583a,0x0000000080018ed0,0x0000000080007a7a,0x000000000000000f,0x00000000800191f0,0x0000000080018f20,0x00000000800194a0,0x000000008000f238,0x0000000000000003,0x0000000000000006,0x0000000000000002,0x0000000000000002,0x000000008000f201,0x3fe67b4585a45a84,0x0000000000000000,0x0000000050e73800,0x0000000000460a2c,0x3fedd0be6c4371c3,0x00000000800049be,0x0000000000000000,0x414fe4abccbfb15b,0x4129fe5344a8c155,0x4152075f58aa64c3,0x3ff0000000000000,0x0000000000000000,0x0000000000000000,0x00000000800049be,0x0000000001724df6,0x0000000001678f18,0x0000000001724df6,0x0000000001678f18,0x0000000000214e43,0x0000000000000a71,0x0000000000005281,0x0000000000000b02,0x0000000000008424,0x0000000000adb464,0x0000000000001558
1784433167905,0x0000000080009fc2,0x0000000080019420,0x402a6014520d612a,0x0000000000000001,0x0000000000000000,0x0000000080019700,0x0000000000402208,0x00000000618a32c1,0x00000000000d85cc,0x0000000000000004,0x0000000000201104,0xfffffffffbdc0a7f,0x0000000000000001,0xffffffffc3146582,0x0000000000000001,0xffffffffc3146581,0x0000000000402208,0x3fedd0be6c4371bc,0x000000008000a128,0x40701108e7de50f2,0x40701108e7de50f2,0x4129fe5344a8c155,0x4152075f58aa64c3,0x3ff0000000000000,0x403b8fad291a8b8c,0x40701108e7de50f2,0x000000008000a128,0x000000000172fac5,0x0000000001683bd9,0x000000000172fac5,0x0000000001683bd9,0x0000000000215c52,0x0000000000000a7a,0x0000000000005281,0x0000000000000b02,0x0000000000008466,0x0000000000ae08f7,0x000000000000155b
1784433168469,0x0000000080005820,0x0000000080018ed0,0x0000000080007a7a,0x000000000000000f,0x00000000800191f0,0x0000000080018f20,0x000000008000f238,0x0000000080019310,0x0000000000000006,0x0000000000000006,0x0000000080019280,0x00000000800192a0,0x000000008000f201,0x3fe1f6f57a4be1ba,0x0000000000000000,0xfffffffff4599b9e,0x000000000056f3eb,0x3fedd0be6c4371bc,0x00000000800049f0,0x0000000000000000,0x414fe4acea8f5c29,0x4129fe4a9d2f1aa0,0x4152076237a29c78,0x3fe1aec7af362c5b,0x0000000000000000,0x0000000000000000,0x00000000800049f0,0x000000000173ab5b,0x000000000168e6d2,0x000000000173ab5b,0x000000000168e6d2,0x0000000000216f47,0x0000000000000a7c,0x0000000000005284,0x0000000000000b10,0x000000000000848f,0x0000000000ae5dac,0x000000000000155e
1784433169120,0x0000000080006260,0x0000000080019230,0x402a6014520d6125,0x0000000000000000,0x0000000000000000,0x0000000080019440,0x0000000080019698,0x00000000800194a0,0x000000008000f238,0x00000000800003f0,0x0000000000000005,0x000000000000000c,0xffffffffe8ee6f3f,0xffffffff98b2b81e,0x0000000000000000,0xffffffffe8ee6e3e,0x0000000000723d4e,0x3fedd0be6c4371b6,0x0000000080005c3e,0x0000000000000000,0x401c8f53a62cae08,0x4129fe4a9d2f1aa0,0x4152076237a29c78,0x01a56e1fc2f8f359,0x3fedd0be6c4371b6,0x3fedd0be6c4371b6,0x0000000080005c3e,0x0000000001748638,0x000000000169bf19,0x0000000001748638,0x000000000169bf19,0x0000000000218373,0x0000000000000a85,0x0000000000005284,0x0000000000000b10,0x00000000000084d8,0x0000000000aec8e5,0x0000000000001561
1784433170004,0x000000008000589c,0x0000000080018ed0,0x0000000080007a7a,0x0000000000000000,0x00000000800191f0,0x0000000080018f20,0x0000000080019280,0x0000000080019118,0x0000000000000006,0x0000000000000003,0x0000000000000000,0x0000000000000000,0xffffffffddff7dee,0x0000000043f14ce6,0x0000000000000000,0xffffffffdded50ae,0x000000000055dc95,0x3fedd0be6c4371b6,0x00000000800049bc,0x0000000000000000,0x4025772550fc533a,0x4129fe543141205c,0x41520766f2d42c3d,0x3fe1aec7af362c5b,0x0000000000000000,0x0000000000000000,0x00000000800049bc,0x000000000175769c,0x00000000016aad23,0x000000000175769c,0x00000000016aad23,0x0000000000219922,0x0000000000000a90,0x0000000000005286,0x0000000000000b1a,0x0000000000008522,0x0000000000af3ddd,0x0000000000001564
1784433170933,0x000000008000571c,0x0000000080019070,0x0000000080007a7a,0x000000000000000f,0x0000000080019310,0x00000000800190b0,0x0000000080019548,0x00000000800191f0,0x0000000000000006,0x00000000800191f0,0x0000000000000005,0x0000000000000003,0x000000008000f201,0x3fe634596d4eab57,0x0000000000000000,0xffffffffd969cab8,0x00000000004882db,0x3fedd0be6c4371b0,0x0000000080004b4e,0x0000000000000000,0x414fe4aaca305532,0x4129fe52e538ef35,0x4152075d4d119ce0,0x3ff0000000000000,0x0000000000000000,0x0000000000000000,0x0000000080004b4e,0x0000000001764e25,0x00000000016b7e85,0x0000000001764e25,0x00000000016b7e85,0x000000000021af76,0x0000000000000a92,0x0000000000005288,0x0000000000000b25,0x000000000000856e,0x0000000000afa533,0x0000000000001567
1784433171849,0x00000000800057ae,0x0000000080018d90,0x0000000080007a7a,0x0000000000000000,0x00000000800191f0,0x0000000080018de0,0x0000000080018f50,0x000000008000f238,0x0000000000000006,0x0000000000000006,0x0000000000000004,0x0000000000000010,0xffffffffddff7dee,0x0000000043f14ce6,0x0000000000000000,0xffffffffdded50ae,0x000000000055dc95,0x3fedd0be6c4371b0,0x00000000800049bc,0x0000000000000000,0x4025772550fc533a,0x4129fe52e538ef35,0x4152075d4d119ce0,0x3fea330ae25af21c,0x0000000000000000,0x0000000000000000,0x00000000800049bc,0x0000000001773a34,0x00000000016c6b0d,0x0000000001773a34,0x00000000016c6b0d,0x000000000021c2b9,0x0000000000000a9b,0x0000000000005288,0x0000000000000b25,0x000000000000858b,0x0000000000b01709,0x000000000000156a
1784433172714,0x0000000080005806,0x0000000080018ee0,0x0000000080007a7a,0x000000000000000f,0x00000000800191f0,0x0000000080018f20,0x00000000800194a0,0x0000000080019310,0x0000000000000003,0x0000000000000003,0x00000000800194e8,0x0000000000000003,0x000000008000f201,0x3fdd7fb95d1fb1f2,0x0000000000000000,0xffffffffd371af9e,0x00000000007efcd5,0x3fedd0be6c4371ac,0x0000000080004b74,0x0000000000000000,0x414fe4a946a161e5,0x4129fe5916872b02,0x41520762e56872b0,0x3fc17a1e17d0772a,0x3fc17a1e17d0772a,0x3ff0000000000000,0x0000000080004b74,0x00000000017805b0,0x00000000016d3069,0x00000000017805b0,0x00000000016d3069,0x000000000021d7ae,0x0000000000000a9d,0x000000000000528b,0x0000000000000b34,0x00000000000085dd,0x0000000000b0792b,0x000000000000156d
1784433173618,0x0000000080006260,0x0000000080019230,0x402a6014520d611c,0x0000000000000000,0x0000000000000000,0x0000000080019440,0x0000000080019698,0x00000000800194a0,0x000000008000f238,0x00000000800003f0,0x0000000000000004,0x0000000000000010,0x00000000285367bf,0xffffffffd237539a,0x0000000000000000,0x00000000284363ae,0x00000000004e215b,0x3fedd0be6c4371a8,0x0000000080005bf2,0x0000000000000000,0x40138856f48dd4e7,0x4129fe5916872b02,0x41520762e56872b0,0x01a56e1fc2f8f359,0x0000000000000000,0x0000000000000000,0x0000000080005bf2,0x000000000178e613,0x00000000016e0eec,0x000000000178e613,0x00000000016e0eec,0x000000000021ec13,0x0000000000000aa6,0x000000000000528b,0x0000000000000b34,0x000000000000861b,0x0000000000b0e732,0x0000000000001570
1784433174548,0x0000000080005850,0x0000000080018ed0,0x0000000080007a7a,0x000000000000000f,0x00000000800191f0,0x0000000080018f20,0x00000000800191f0,0x0000000080019310,0x0000000000000003,0x0000000000000006,0x0000000080019310,0x0000000080019348,0x000000008000f201,0x3fdda03816cdebcb,0x0000000000000000,0xffffffff8b172f8e,0x0000000000538184,0x3fedd0be6c4371a8,0x00000000800049c6,0x0000000000000000,0x414fe4ad1cbc6a7f,0x4129fe53663f1412,0x41520765dc710cb3,0x0000000000000000,0x0000000000000000,0x0000000000000000,0x00000000800049c6,0x000000000179bff9,0x00000000016ee484,0x000000000179bff9,0x00000000016ee484,0x0000000000220029,0x0000000000000aa8,0x000000000000528e,0x0000000000000b40,0x0000000000008648,0x0000000000b14e12,0x0000000000001573
1784433175230,0x00000000800056f8,0x0000000080019060,0x0000000080007a7a,0x000000000000000f,0x0000000080019430,0x00000000800190b0,0x0000000080019548,0x000000008000f238,0x0000000000000006,0x0000000000000006,0x0000000080019548,0x0000000080019580,0x000000008000f201,0x3fe2441e2ef5a997,0x0000000000000000,0xffffffffac9ce000,0x00000000005c3520,0x3fedd0be6c4371a6,0x00000000800049a4,0x0000000000000000,0x414fe4ab6c3fe5c9,0x4129fe60edd2f1aa,0x41520763547fcb92,0x0000000000000000,0x0000000000000000,0x0000000000000000,0x00000000800049a4,0x00000000017a867e,0x00000000016fa716,0x00000000017a867e,0x00000000016fa716,0x0000000000221530,0x0000000000000ab3,0x0000000000005290,0x0000000000000b4b,0x00000000000086ab,0x0000000000b1b131,0x0000000000001576
1784433175796,0x0000000080005850,0x0000000080018ed0,0x0000000080007a7a,0x000000000000000f,0x00000000800191f0,0x0000000080018f20,0x00000000800191f0,0x0000000080019310,0x0000000000000003,0x0000000000000006,0x00000000800191a8,0x0000000000000028,0x000000008000f201,0x3fe2441e2ef5a997,0x0000000000000000,0xffffffffac9ce000,0x00000000005c3520,0x3fedd0be6c4371a6,0x00000000800049ea,0x0000000000000000,0x414fe4ab6c3fe5c9,0x4129fe60edd2f1aa,0x41520763547fcb92,0x0000000000000000,0x0000000000000000,0x0000000000000000,0x00000000800049ea,0x00000000017b32ff,0x000000000170529d,0x00000000017b32ff,0x000000000170529d,0x0000000000222303,0x0000000000000ab3,0x0000000000005290,0x0000000000000b4b,0x00000000000086b5,0x0000000000b20201,0x0000000000001579
1784433176577,0x00000000800056f8,0x0000000080019060,0x0000000080007a7a,0x000000000000000f,0x0000000080019430,0x00000000800190b0,0x0000000080019548,0x000000008000f238,0x0000000000000006,0x0000000000000006,0x0000000080019548,0x00000000800195b0,0x000000008000f201,0x3fe2133b16362c8b,0x0000000000000000,0x00000000248b8f0e,0x0000000000742d23,0x3fedd0be6c4371a4,0x00000000800049a4,0x0000000000000000,0x414fe4aca3e425af,0x4129fe5102d0e560,0x4152076242acd9e8,0x0000000000000000,0x0000000000000000,0x0000000000000000,0x00000000800049a4,0x00000000017c0256,0x0000000001711d88,0x00000000017c0256,0x0000000001711d88,0x00000000002238be,0x0000000000000abe,0x0000000000005292,0x0000000000000b56,0x0000000000008726,0x0000000000b26902,0x000000000000157c
1784433177457,0x00000000800058c6,0x0000000080018ee0,0x0000000080007a7a,0x0000000000000000,0x00000000800191f0,0x0000000080018f20,0x00000000800193a0,0x0000000080019100,0x0000000080019070,0x0000000000000006,0x0000000000000001,0x000000000000000a,0x0000000065cffe7b,0x0000000043f14ce4,0x0000000000000000,0x0000000065cfea78,0x000000000055dc95,0x3fedd0be6c4371a4,0x0000000080004ac0,0x0000000000000000,0x4025772550fc5339,0x4129fe5102d0e560,0x4152076242acd9e8,0xc00032ec97bc0000,0x0000000000000000,0x0000000000000000,0x0000000080004ac0,0x00000000017cd2a3,0x000000000171ee1f,0x00000000017cd2a3,0x000000000171ee1f,0x0000000000224990,0x0000000000000ac7,0x0000000000005292,0x0000000000000b56,0x0000000000008752,0x0000000000b2cddc,0x000000000000157f
1784433178320,0x00000000800056f8,0x0000000080019060,0x0000000080007a7a,0x000000000000000f,0x0000000080019430,0x00000000800190b0,0x0000000080019548,0x000000008000f238,0x0000000000000006,0x0000000000000006,0x000000008000f238,0x000000008000f348,0x000000008000f201,0x3fe0771c4761b3c0,0x0000000000000000,0xffffffffc24118e0,0x00000000004a0990,0x3fedd0be6c4371a2,0x00000000800049c8,0x0000000000000000,0x414fe4ace1ba5e35,0x4129fe47aebedfa4,0x415207620b7e9100,0x3ff0000000000000,0x402a6014520d6115,0x3fedd0be6c4371a2,0x00000000800049c8,0x00000000017d8d3f,0x000000000172a249,0x00000000017d8d3f,0x000000000172a249,0x0000000000225d7a,0x0000000000000ac9,0x0000000000005295,0x0000000000000b65,0x0000000000008797,0x0000000000b3278a,0x0000000000001582
1784433179132,0x00000000800058f2,0x0000000080018ed0,0x0000000080007a7a,0x0000000000000000,0x00000000800191f0,0x0000000080018f20,0x00000000800193a0,0x00000000800194a0,0x0000000000000006,0x0000000000000003,0x0000000080018f50,0x0000000080019048,0x0000000065cffe7b,0x0000000043f14ce4,0x0000000000000000,0x0000000065cfea78,0x000000000055dc95,0x3fedd0be6c4371a2,0x0000000080004982,0x0000000000000000,0x4025772550fc5339,0x4129fe47aebedfa4,0x415207620b7e9100,0x0000000000000000,0x0000000000000000,0x0000000000000000,0x0000000080004982,0x00000000017e647e,0x0000000001737a38,0x00000000017e647e,0x0000000001737a38,0x0000000000226f0b,0x0000000000000ad2,0x0000000000005295,0x0000000000000b65,0x00000000000087c3,0x0000000000b38fa9,0x0000000000001585
1784433180016,0x0000000080005744,0x0000000080019060,0x0000000080007a7a,0x000000000000000f,0x00000000800191f0,0x00000000800190b0,0x0000000080019310,0x00000000800191f0,0x0000000000000006,0x0000000000000006,0x0000000000000001,0x000000000000001f,0x000000008000f201,0x3fdd5083200964e6,0x0000000000000000,0xffffffff923052de,0x000000000054761e,0x3fedd0be6c4371a2,0x0000000080004978,0x0000000000000000,0x414fe4adc5b22d0e,0x4129fe56e9446738,0x41520765763a29c7,0x3fedd0be6c4371a1,0x0000000000000000,0x0000000000000000,0x0000000080004978,0x00000000017f4415,0x0000000001745362,0x00000000017f4415,0x0000000001745362,0x00000000002285a7,0x0000000000000ad4,0x0000000000005298,0x0000000000000b74,0x000000000000881f,0x0000000000b3fae6,0x0000000000001588
1784433180893,0x00000000800057ae,0x0000000080018d90,0x0000000080007a7a,0x0000000000000000,0x00000000800191f0,0x0000000080018de0,0x0000000080018f50,0x000000008000f238,0x0000000000000006,0x0000000000000006,0x0000000000000003,0x0000000000000012,0x0000000065cffe7b,0x0000000043f14ce4,0x0000000000000000,0x0000000065cfea78,0x000000000055dc95,0x3fedd0be6c4371a2,0x0000000080004944,0x0000000000000000,0x4025772550fc5339,0x4129fe56e9446738,0x41520765763a29c7,0x8000000000000000,0x0000000000000000,0x0000000000000000,0x0000000080004944,0x00000000018001cd,0x000000000175115b,0x00000000018001cd,0x000000000175115b,0x0000000000229529,0x0000000000000add,0x0000000000005298,0x0000000000000b74,0x000000000000884c,0x0000000000b456d1,0x000000000000158b
1784433181813,0x000000008000575e,0x0000000080019070,0x0000000080007a7a,0x000000000000000f,0x00000000800191f0,0x00000000800190b0,0x00000000800190d0,0x00000000800002d0,0x000000008000f238,0x0000000000000006,0x0000000000000000,0x0000000000000006,0x000000008000f201,0x3fe106b3721f5f78,0x0000000000000000,0xffffffffbccde000,0x0000000000404987,0x3fedd0be6c4371a2,0x0000000080004c48,0x0000000000000000,0x414fe4a9e0c154ca,0x4129fe5487a0f909,0x41520769a4d1b717,0x3fc17a1e17d07729,0x0000000000000000,0x0000000000000000,0x0000000080004c48,0x000000000180c126,0x000000000175ca5f,0x000000000180c126,0x000000000175ca5f,0x000000000022a938,0x0000000000000adf,0x0000000000005299,0x0000000000000b7b,0x000000000000889f,0x0000000000b4b2e3,0x000000000000158e
1784433182392,0x00000000800057ae,0x0000000080018d90,0x0000000080007a7a,0x0000000000000000,0x00000000800191f0,0x0000000080018de0,0x0000000080018f50,0x000000008000f238,0x0000000000000006,0x0000000000000006,0x0000000000000002,0x000000000000000c,0x0000000065cffe7b,0x0000000043f14ce4,0x0000000000000000,0x0000000065cfea78,0x000000000055dc95,0x3fedd0be6c4371a2,0x0000000080004992,0x0000000000000000,0x4025772550fc5339,0x4129fe5487a0f909,0x41520769a4d1b717,0x8000000000000000,0x4012207dfca3cb69,0x4012207dfca3cb69,0x0000000080004992,0x000000000181714d,0x0000000001767b2b,0x000000000181714d,0x0000000001767b2b,0x000000000022b7a8,0x0000000000000ae8,0x0000000000005299,0x0000000000000b7b,0x00000000000088c4,0x0000000000b50899,0x0000000000001591
1784433183003,0x0000000080005820,0x0000000080018ed0,0x0000000080007a7a,0x000000000000000f,0x00000000800191f0,0x0000000080018f20,0x000000008000f238,0x0000000080019310,0x0000000000000006,0x0000000000000006,0x0000000000000002,0x0000000000000003,0x000000008000f201,0x3fe7e95d2cba49c1,0x0000000000000000,0x000000002c2e9c8e,0x00000000007fdbe4,0x3fedd0be6c4371a2,0x00000000800049d6,0x0000000000000000,0x414fe4a90b295e9e,0x4129fe62e7ef9db2,0x41520764d9ed288d,0x401623e8e4790c0a,0x0000000000000000,0x0000000000000000,0x00000000800049d6,0x00000000018249c3,0x0000000001774dea,0x00000000018249c3,0x0000000001774dea,0x000000000022cdb7,0x0000000000000aea,0x000000000000529a,0x0000000000000b80,0x0000000000008910,0x0000000000b570fc,0x0000000000001594
1784433183942,0x0000000080006260,0x0000000080019230,0x402a6014520d6113,0x0000000000000000,0x0000000000000000,0x0000000080019440,0x0000000080019698,0x00000000800194a0,0x000000008000f238,0x00000000800003f0,0x0000000000000003,0x0000000000000009,0xffffffffcedfdeff,0x0000000074e89b7e,0x0000000000000000,0xffffffffce9716fe,0x0000000000487931,0x3fedd0be6c4371a2,0x0000000080005cdc,0x0000000000000000,0x40221e4c5d3a26e0,0x4129fe62e7ef9db2,0x41520764d9ed288d,0x01a56e1fc2f8f359,0x0000000000000000,0x0000000000000000,0x0000000080005cdc,0x000000000183235e,0x0000000001782485,0x000000000183235e,0x0000000001782485,0x000000000022e1f6,0x0000000000000af3,0x000000000000529a,0x0000000000000b81,0x0000000000008963,0x0000000000b5dbb4,0x0000000000001597
1784433184824,0x0000000080004ede,0x0000000080018de0,0x0000000080007a7a,0x0000000000000000,0x00000000800191f0,0x0000000080018e40,0x0000000000000001,0x000000001b03b771,0x000000003fe00000,0x40161a799b03b771,0x0000000080019118,0xffffffffffffffff,0xffffffffcfbb17fa,0x000000006c0eddc4,0x0000000000000000,0xffffffffcf3a00f8,0x00000000005869e6,0x3fedd0be6c4371a2,0x0000000080004e9e,0x0000000000000000,0x40161a799b03b771,0x4129fe51941f212d,0x415207652487fcb9,0x01a56e1fc2f8f359,0x3ff0000000000000,0x0000000000000000,0x0000000080004e9e,0x000000000184026c,0x0000000001790034,0x000000000184026c,0x0000000001790034,0x000000000022f5d7,0x0000000000000af5,0x000000000000529c,0x0000000000000b8b,0x000000000000899c,0x0000000000b64604,0x000000000000159a
1784433185758,0x00000000800056f8,0x0000000080019060,0x0000000080007a7a,0x000000000000000f,0x0000000080019430,0x00000000800190b0,0x0000000080019548,0x000000008000f238,0x0000000000000006,0x0000000000000006,0x0000000080019310,0x0000000000000006,0x000000008000f201,0x3fe81bd2684a37b0,0x0000000000000000,0x000000004f331ef8,0x0000000000726b48,0x3fedd0be6c4371a2,0x00000000800049f8,0x0000000000000000,0x414fe4aeab2ca57a,0x4129fe4de2de00d2,0x415207664798c7e3,0x3ff0000000000000,0x0000000000000000,0x0000000000000000,0x00000000800049f8,0x000000000184d605,0x000000000179cdb7,0x000000000184d605,0x000000000179cdb7,0x0000000000230c1a,0x0000000000000b00,0x000000000000529d,0x0000000000000b90,0x0000000000008a10,0x0000000000b6ad3d,0x000000000000159d
1784433186618,0x00000000800058f2,0x0000000080018ed0,0x0000000080007a7a,0x0000000000000000,0x00000000800191f0,0x0000000080018f20,0x00000000800193a0,0x00000000800194a0,0x0000000000000006,0x0000000000000003,0x00000000800193a0,0x0000000000000058,0x0000000065cffe7b,0x0000000043f14ce4,0x0000000000000000,0x0000000065cfea78,0x000000000055dc95,0x3fedd0be6c4371a2,0x00000000800049a2,0x0000000000000000,0x4025772550fc5339,0x4129fe4de2de00d2,0x415207664798c7e3,0x3f9287f43dd4dd22,0x3f9287f43dd4dd22,0x3f9287f43dd4dd22,0x00000000800049a2,0x000000000185aa84,0x00000000017aa2d5,0x000000000185aa84,0x00000000017aa2d5,0x0000000000231d71,0x0000000000000b09,0x000000000000529d,0x0000000000000b90,0x0000000000008a36,0x0000000000b71411,0x00000000000015a0
1784433187484,0x0000000080005744,0x0000000080019060,0x0000000080007a7a,0x000000000000000f,0x00000000800191f0,0x00000000800190b0,0x0000000080019310,0x00000000800191f0,0x0000000000000006,0x0000000000000006,0x0000000000000003,0x0000000000000009,0x000000008000f201,0x3fe9609a1c6f6f04,0x0000000000000000,0xffffffffb21093f8,0x000000000052154a,0x3fedd0be6c4371a2,0x00000000800049be,0x0000000000000000,0x414fe4a3fc01a36e,0x4129fe59429c779a,0x4152076505096bba,0x0000000000000000,0x0000000000000000,0x0000000000000000,0x00000000800049be,0x0000000001868253,0x00000000017b74cd,0x0000000001868253,0x00000000017b74cd,0x0000000000233371,0x0000000000000b0b,0x000000000000529f,0x0000000000000b9b,0x0000000000008a82,0x0000000000b77bdd,0x00000000000015a3
1784433188381,0x0000000080006260,0x0000000080019230,0x402a6014520d6113,0x0000000000000000,0x0000000000000000,0x0000000080019440,0x0000000080019698,0x00000000800194a0,0x000000008000f238,0x00000000800003f0,0x0000000000000005,0x0000000080019458,0xffffffffbae7bfe8,0xffffffffa10f0c10,0x0000000000000000,0xffffffffbac73f80,0x000000000060b701,0x3fedd0be6c4371a2,0x0000000080005cc0,0x0000000000000000,0x40282dc06843c304,0x4129fe59429c779a,0x4152076505096bba,0x01a56e1fc2f8f359,0x0000000000000000,0x0000000000000000,0x0000000080005cc0,0x00000000018786de,0x00000000017c767a,0x00000000018786de,0x00000000017c767a,0x0000000000234b5a,0x0000000000000b14,0x000000000000529f,0x0000000000000b9c,0x0000000000008ac6,0x0000000000b7fafc,0x00000000000015a6
1784433189257,0x0000000080005820,0x0000000080018ed0,0x0000000080007a7a,0x000000000000000f,0x00000000800191f0,0x0000000080018f20,0x000000008000f238,0x0000000080019310,0x0000000000000006,0x0000000000000006,0x000000008000f238,0x000000008000f330,0x000000008000f201,0x3fe8bd547d6c236c,0x0000000000000000,0x0000000051092be0,0x00000000004781ce,0x3fedd0be6c4371a2,0x00000000800049a4,0x0000000000000000,0x414fe4a8735dcc64,0x4129fe54436e2eb2,0x415207645f3eab36,0x0000000000000000,0x0000000000000000,0x0000000000000000,0x00000000800049a4,0x000000000188301e,0x00000000017d1c67,0x000000000188301e,0x00000000017d1c67,0x0000000000235ae7,0x0000000000000b16,0x00000000000052a1,0x0000000000000ba6,0x0000000000008afc,0x0000000000b84ad2,0x00000000000015aa
1784433189817,0x00000000800057ae,0x0000000080018d90,0x0000000080007a7a,0x0000000000000000,0x00000000800191f0,0x0000000080018de0,0x0000000080018f50,0x000000008000f238,0x0000000000000006,0x0000000000000006,0x0000000000000001,0x0000000000000006,0x0000000065cffe7b,0x0000000043f14ce4,0x0000000000000000,0x0000000065cfea78,0x000000000055dc95,0x3fedd0be6c4371a2,0x0000000080004a0a,0x0000000000000000,0x4025772550fc5339,0x4129fe54436e2eb2,0x415207645f3eab36,0x8000000000000000,0x0000000000000000,0x0000000000000000,0x0000000080004a0a,0x000000000188dd40,0x00000000017dc9ea,0x000000000188dd40,0x00000000017dc9ea,0x0000000000236932,0x0000000000000b1f,0x00000000000052a1,0x0000000000000ba6,0x0000000000008b14,0x0000000000b89eef,0x00000000000015ad
1784433190455,0x000000008000583a,0x0000000080018ed0,0x0000000080007a7a,0x000000000000000f,0x00000000800191f0,0x0000000080018f20,0x00000000800194a0,0x000000008000f238,0x0000000000000003,0x0000000000000006,0x000000008000f238,0x0000000000000000,0x000000008000f201,0x3fe72eda9da8ef44,0x0000000000000000,0xfffffffffc427b80,0x0000000000750e95,0x3fedd0be6c4371a2,0x00000000800049d0,0x0000000000000000,0x414fe4a744ea4a8c,0x4129fe5328e8a71e,0x415207684ad288ce,0x0000000000000000,0x401623e8e4790c0a,0x0000000000000000,0x00000000800049d0,0x000000000189aba8,0x00000000017e9255,0x000000000189aba8,0x00000000017e9255,0x0000000000237e64,0x0000000000000b21,0x00000000000052a4,0x0000000000000bb5,0x0000000000008b6f,0x0000000000b9025e,0x00000000000015b0
1784433191281,0x0000000080006260,0x0000000080019230,0x402a6014520d6113,0x0000000000000000,0x0000000000000000,0x0000000080019440,0x0000000080019698,0x00000000800194a0,0x000000008000f238,0x00000000800003f0,0x0000000000000001,0x0000000080019438,0xfffffffff6f1feff,0xffffffffb29ebfe8,0x0000000000000000,0xfffffffff6e1fee0,0x0000000000541e4b,0x3fedd0be6c4371a2,0x0000000080005cbc,0x0000000000000000,0x40250792eca7affa,0x4129fe5328e8a71e,0x415207684ad288ce,0x01a56e1fc2f8f359,0x0000000000000000,0x0000000000000000,0x0000000080005cbc,0x00000000018a7271,0x00000000017f56b8,0x00000000018a7271,0x00000000017f56b8,0x0000000000239140,0x0000000000000b2a,0x00000000000052a4,0x0000000000000bb6,0x0000000000008bab,0x0000000000b96497,0x00000000000015b3
1784433192183,0x0000000080005850,0x0000000080018ed0,0x0000000080007a7a,0x000000000000000f,0x00000000800191f0,0x0000000080018f20,0x00000000800191f0,0x0000000080019310,0x0000000000000003,0x0000000000000006,0x00000000800191f0,0x0000000000000001,0x000000008000f201,0x3fea4a8379bea997,0x0000000000000000,0x000000006825c0ee,0x000000000047015b,0x3fedd0be6c4371a2,0x00000000800049aa,0x0000000000000000,0x414fe4a691096bba,0x4129fe5182a9930c,0x415207629c3fe5c9,0x0000000000000000,0x0000000000000000,0x0000000000000000,0x00000000800049aa,0x00000000018b45f8,0x000000000180264b,0x00000000018b45f8,0x000000000180264b,0x000000000023a450,0x0000000000000b2c,0x00000000000052a7,0x0000000000000bc5,0x0000000000008be0,0x0000000000b9c81f,0x00000000000015b6
1784433193110,0x00000000800056f8,0x0000000080019060,0x0000000080007a7a,0x000000000000000f,0x0000000080019430,0x00000000800190b0,0x0000000080019548,0x000000008000f238,0x0000000000000006,0x0000000000000006,0x0000000080019310,0x00000000800193a0,0x000000008000f201,0x3fe5f7c972d8597e,0x0000000000000000,0xffffffffd08e40e0,0x000000000052c144,0x3fedd0be6c4371a2,0x0000000080004982,0x0000000000000000,0x414fe4a893089a02,0x4129fe50ca57a787,0x41520763bf1f8a09,0x0000000000000000,0x0000000000000000,0x0000000000000000,0x0000000080004982,0x00000000018c1941,0x000000000180f56c,0x00000000018c1941,0x000000000180f56c,0x000000000023ba5f,0x0000000000000b37,0x00000000000052a9,0x0000000000000bd0,0x0000000000008c34,0x0000000000ba310b,0x00000000000015b9
1784433193951,0x00000000800058f2,0x0000000080018ed0,0x0000000080007a7a,0x0000000000000000,0x00000000800191f0,0x0000000080018f20,0x00000000800193a0,0x00000000800194a0,0x0000000000000006,0x0000000000000003,0x00000000800193a0,0x0000000000000028,0x0000000065cffe7b,0x0000000043f14ce4,0x0000000000000000,0x0000000065cfea78,0x000000000055dc95,0x3fedd0be6c4371a2,0x00000000800049a2,0x0000000000000000,0x4025772550fc5339,0x4129fe50ca57a787,0x41520763bf1f8a09,0x0000000000000000,0x0000000000000000,0x0000000000000000,0x00000000800049a2,0x00000000018cee77,0x000000000181cb33,0x00000000018cee77,0x000000000181cb33,0x000000000023cbc8,0x0000000000000b40,0x00000000000052a9,0x0000000000000bd0,0x0000000000008c57,0x0000000000ba9836,0x00000000000015bc
1784433194848,0x0000000080005744,0x0000000080019060,0x0000000080007a7a,0x000000000000000f,0x00000000800191f0,0x00000000800190b0,0x0000000080019310,0x00000000800191f0,0x0000000000000006,0x0000000000000006,0x0000000000000002,0x0000000000000006,0x000000008000f201,0x3fe35d837618b60a,0x0000000000000000,0xffffffffdfb763f8,0x00000000004e2b74,0x3fedd0be6c4371a2,0x000000008000496c,0x0000000000000000,0x414fe4a9041205bc,0x4129fe5b715b573f,0x4152076622d288ce,0x0000000000000000,0x0000000000000000,0x0000000000000000,0x000000008000496c,0x00000000018dc485,0x0000000001829ba7,0x00000000018dc485,0x0000000001829ba7,0x000000000023e1a3,0x0000000000000b42,0x00000000000052ab,0x0000000000000bdb,0x0000000000008ca4,0x0000000000baff55,0x00000000000015bf
1784433195766,0x00000000800057ae,0x0000000080018d90,0x0000000080007a7a,0x0000000000000000,0x00000000800191f0,0x0000000080018de0,0x0000000080018f50,0x000000008000f238,0x0000000000000006,0x0000000000000006,0x0000000000000001,0x0000000000000018,0x0000000065cffe7b,0x0000000043f14ce4,0x0000000000000000,0x0000000065cfea78,0x000000000055dc95,0x3fedd0be6c4371a2,0x00000000800049ba,0x0000000000000000,0x4025772550fc5339,0x4129fe5b715b573f,0x4152076622d288ce,0x8000000000000000,0x0000000000000000,0x0000000000000000,0x00000000800049ba,0x00000000018e9dda,0x000000000183755e,0x00000000018e9dda,0x000000000183755e,0x000000000023f36f,0x0000000000000b4b,0x00000000000052ab,0x0000000000000bdb,0x0000000000008cc8,0x0000000000bb6852,0x00000000000015c2
1784433196478,0x0000000080005744,0x0000000080019060,0x0000000080007a7a,0x000000000000000f,0x00000000800191f0,0x00000000800190b0,0x0000000080019310,0x00000000800191f0,0x0000000000000006,0x0000000000000006,0x0000000000000001,0x0000000000000018,0x000000008000f201,0x3fe3c67009b4bd38,0x0000000000000000,0x0000000063d9abae,0x000000000040f8af,0x3fedd0be6c4371a2,0x0000000080004998,0x0000000000000000,0x414fe4a5c573eab3,0x4129fe449e353f7d,0x415207606e31f8a1,0x0000000000000000,0x0000000000000000,0x0000000000000000,0x0000000080004998,0x00000000018f4cd1,0x0000000001841e80,0x00000000018f4cd1,0x0000000001841e80,0x0000000000240628,0x0000000000000b4d,0x00000000000052ae,0x0000000000000bea,0x0000000000008d1c,0x0000000000bbbd0f,0x00000000000015c5
1784433197057,0x00000000800057ae,0x0000000080018d90,0x0000000080007a7a,0x0000000000000000,0x00000000800191f0,0x0000000080018de0,0x0000000080018f50,0x000000008000f238,0x0000000000000006,0x0000000000000006,0x0000000080018f50,0x0000000080018fe8,0x0000000065cffe7b,0x0000000043f14ce4,0x0000000000000000,0x0000000065cfea78,0x000000000055dc95,0x3fedd0be6c4371a2,0x00000000800049a4,0x0000000000000000,0x4025772550fc5339,0x4129fe449e353f7d,0x415207606e31f8a1,0x8000000000000000,0x0000000000000000,0x0000000000000000,0x00000000800049a4,0x0000000001901330,0x000000000184e54e,0x0000000001901330,0x000000000184e54e,0x0000000000241665,0x0000000000000b56,0x00000000000052ae,0x0000000000000bea,0x0000000000008d3e,0x0000000000bc1d25,0x00000000000015c8
1784433197901,0x000000008000583a,0x0000000080018ed0,0x0000000080007a7a,0x000000000000000f,0x00000000800191f0,0x0000000080018f20,0x00000000800194a0,0x000000008000f238,0x0000000000000003,0x0000000000000006,0x00000000800191f0,0x00000000800191f0,0x000000008000f201,0x3fda48c706d04758,0x0000000000000000,0x00000000696174e0,0x00000000007e04c9,0x3fedd0be6c4371a2,0x0000000080004982,0x0000000000000000,0x414fe4a5964f7660,0x4129fe428ff97247,0x415207681f46dc5d,0x0000000000000000,0x401623e8e4790c0a,0x401623e8e4790c0a,0x0000000080004982,0x000000000190f7c0,0x000000000185c3c6,0x000000000190f7c0,0x000000000185c3c6,0x0000000000242d69,0x0000000000000b58,0x00000000000052b1,0x0000000000000bf7,0x0000000000008d81,0x0000000000bc8af3,0x00000000000015cb
1784433198799,0x0000000080009fc2,0x0000000080019420,0x402a6014520d6113,0x0000000000000000,0x0000000000000000,0x0000000080019700,0x00000000004fd18b,0xffffffffd4b88f57,0x0000000000430347,0x0000000000000003,0x000000000027e8c5,0x00000000155b60de,0x00000000155b63df,0xffffffffa9711eae,0x0000000000000000,0x00000000155b60de,0x00000000004fd18b,0x3fedd0be6c4371a2,0x000000008000a146,0x4058e2ffb7eaad15,0x4058e2ffb7eaad15,0x4129fe428ff97247,0x415207681f46dc5d,0xbfa404ea50000000,0x4058e2e6ab9f6286,0x4058e2ffb7eaad15,0x000000008000a146,0x000000000191cedb,0x0000000001869616,0x000000000191cedb,0x0000000001869616,0x00000000002443c9,0x0000000000000b63,0x00000000000052b1,0x0000000000000bf8,0x0000000000008def,0x0000000000bcf56c,0x00000000000015ce
1784433199712,0x000000008000589c,0x0000000080018ed0,0x0000000080007a7a,0x0000000000000000,0x00000000800191f0,0x0000000080018f20,0x0000000080019280,0x0000000080019118,0x0000000000000006,0x0000000000000003,0x00000000800193a0,0x0000000000000002,0x0000000065cffe7b,0x0000000043f14ce4,0x0000000000000000,0x0000000065cfea78,0x000000000055dc95,0x3fedd0be6c4371a2,0x00000000800049f8,0x0000000000000000,0x4025772550fc5339,0x4129fe53b404ea4b,0x4152076551ff2e49,0x0000000000000000,0x0000000000000000,0x0000000000000000,0x00000000800049f8,0x000000000192b851,0x0000000001877fd6,0x000000000192b851,0x0000000001877fd6,0x0000000000245671,0x0000000000000b6c,0x00000000000052b3,0x0000000000000c02,0x0000000000008e15,0x0000000000bd664a,0x00000000000015d1
1784433200554,0x0000000080005744,0x0000000080019060,0x0000000080007a7a,0x000000000000000f,0x00000000800191f0,0x00000000800190b0,0x0000000080019310,0x00000000800191f0,0x0000000000000006,0x0000000000000006,0x0000000000000002,0x0000000000000002,0x000000008000f201,0x3fdf98c330d045c0,0x0000000000000000,0x0000000069ebf16e,0x00000000006bd978,0x3fedd0be6c4371a2,0x000000008000499a,0x0000000000000000,0x414fe4a59a05bc02,0x4129fe58d53f7cee,0x415207672554c986,0x3fe185d1eca6d032,0x0000000000000000,0x0000000000000000,0x000000008000499a,0x0000000001938df4,0x0000000001884fc0,0x0000000001938df4,0x0000000001884fc0,0x0000000000246c99,0x0000000000000b6e,0x00000000000052b5,0x0000000000000c0d,0x0000000000008e60,0x0000000000bdccf4,0x00000000000015d4
1784433201403,0x000000008000578a,0x0000000080018db0,0x0000000080007a7a,0x0000000000000000,0x00000000800191f0,0x0000000080018de0,0x0000000080018f50,0x0000000000000006,0x0000000000000006,0x0000000000000003,0x0000000000000002,0x0000000000000014,0x0000000065cffe7b,0x0000000043f14ce4,0x0000000000000000,0x0000000065cfea78,0x000000000055dc95,0x3fedd0be6c4371a2,0x0000000080004d02,0x0000000000000000,0x4025772550fc5339,0x4129fe58d53f7cee,0x415207672554c986,0x3f8314f4c02b2a00,0x0000000000000000,0x3f9287f43dd4dd22,0x0000000080004d02,0x00000000019453e2,0x00000000018915a4,0x00000000019453e2,0x00000000018915a4,0x0000000000247cc6,0x0000000000000b77,0x00000000000052b5,0x0000000000000c0d,0x0000000000008e89,0x0000000000be2c98,0x00000000000015d7
1784433202291,0x0000000080005744,0x0000000080019060,0x0000000080007a7a,0x000000000000000f,0x00000000800191f0,0x00000000800190b0,0x0000000080019310,0x00000000800191f0,0x0000000000000006,0x0000000000000006,0x00000000800190d0,0x00000000800191e0,0x000000008000f201,0x3fe146a10efc3ae7,0x0000000000000000,0xffffffffba960478,0x000000000061c713,0x3fedd0be6c4371a2,0x00000000800049f0,0x0000000000000000,0x414fe4a60ecf41f2,0x4129fe5850e56042,0x41520766a37e9100,0x3fedd0be6c4371a1,0x0000000000000000,0x3fedd0be6c4371a1,0x00000000800049f0,0x00000000019531af,0x000000000189ecd4,0x00000000019531af,0x000000000189ecd4,0x000000000024934e,0x0000000000000b79,0x00000000000052b8,0x0000000000000c1c,0x0000000000008edf,0x0000000000be9715,0x00000000000015db
1784433203157,0x00000000800057ae,0x0000000080018d90,0x0000000080007a7a,0x0000000000000000,0x00000000800191f0,0x0000000080018de0,0x0000000080018f50,0x000000008000f238,0x0000000000000006,0x0000000000000006,0x0000000000000001,0x000000000000000d,0x0000000065cffe7b,0x0000000043f14ce4,0x0000000000000000,0x0000000065cfea78,0x000000000055dc95,0x3fedd0be6c4371a2,0x00000000800049e4,0x0000000000000000,0x4025772550fc5339,0x4129fe5850e56042,0x41520766a37e9100,0x8000000000000000,0x0000000000000000,0x8000000000000000,0x00000000800049e4,0x000000000195e217,0x00000000018a9dc6,0x000000000195e217,0x00000000018a9dc6,0x000000000024a1b9,0x0000000000000b82,0x00000000000052b8,0x0000000000000c1c,0x0000000000008f07,0x0000000000beecdd,0x00000000000015df
1784433203733,0x0000000080005744,0x0000000080019060,0x0000000080007a7a,0x000000000000000f,0x00000000800191f0,0x00000000800190b0,0x0000000080019310,0x00000000800191f0,0x0000000000000006,0x0000000000000006,0x00000000800190d0,0x0000000080019178,0x000000008000f201,0x3fe1caf1485054f1,0x0000000000000000,0x00000000593ecfee,0x0000000000761b1e,0x3fedd0be6c4371a2,0x00000000800049f0,0x0000000000000000,0x414fe49f8e7a0f91,0x4129fe56a7525461,0x41520765ab18fc50,0x0000000000000000,0x3fb85cd8e2c41b82,0x3fb85cd8e2c41b82,0x00000000800049f0,0x00000000019693d2,0x00000000018b4992,0x00000000019693d2,0x00000000018b4992,0x000000000024b4b7,0x0000000000000b84,0x00000000000052bb,0x0000000000000c2b,0x0000000000008f4d,0x0000000000bf42bc,0x00000000000015e2
1784433204360,0x00000000800057ae,0x0000000080018d90,0x0000000080007a7a,0x0000000000000000,0x00000000800191f0,0x0000000080018de0,0x0000000080018f50,0x000000008000f238,0x0000000000000006,0x0000000000000006,0x0000000000000004,0x0000000000000006,0x0000000065cffe7b,0x0000000043f14ce4,0x0000000000000000,0x0000000065cfea78,0x000000000055dc95,0x3fedd0be6c4371a2,0x00000000800049d6,0x0000000000000000,0x4025772550fc5339,0x4129fe56a7525461,0x41520765ab18fc50,0x3febc7aad426d1c0,0x0000000000000000,0x0000000000000000,0x00000000800049d6,0x00000000019768f3,0x00000000018c1f39,0x00000000019768f3,0x00000000018c1f39,0x000000000024c62b,0x0000000000000b8d,0x00000000000052bb,0x0000000000000c2b,0x0000000000008f69,0x0000000000bfa9cd,0x00000000000015e5
1784433205268,0x0000000080005820,0x0000000080018ed0,0x0000000080007a7a,0x000000000000000f,0x00000000800191f0,0x0000000080018f20,0x000000008000f238,0x0000000080019310,0x0000000000000006,0x0000000000000006,0x0000000080019280,0x00000000800192c8,0x000000008000f201,0x3fe0eb1ffdeb9443,0x0000000000000000,0xffffffffa5f5261e,0x00000000006b816a,0x3fedd0be6c4371a2,0x0000000080004982,0x0000000000000000,0x414fe4a0d99ce076,0x4129fe3d810624dd,0x41520762e7c6a7f0,0x3fbaec350bb9de12,0x0000000000000000,0x0000000000000000,0x0000000080004982,0x00000000019836ef,0x00000000018ce78c,0x00000000019836ef,0x00000000018ce78c,0x000000000024db63,0x0000000000000b8f,0x00000000000052bd,0x0000000000000c38,0x0000000000008fa6,0x0000000000c00d31,0x00000000000015e8
1784433206081,0x0000000080006260,0x0000000080019230,0x402a6014520d6113,0x0000000000000000,0x0000000000000000,0x0000000080019440,0x0000000080019698,0x00000000800194a0,0x000000008000f238,0x00000000800003f0,0x0000000000000000,0x0000000000000002,0xffffffffc0effdde,0xffffffffe371c88e,0x0000000000000000,0xffffffffc0c2e89e,0x00000000004899b9,0x3fedd0be6c4371a2,0x0000000080005d6e,0x0000000000000000,0x4032266e78dc7224,0x4129fe3d810624dd,0x41520762e7c6a7f0,0x01a56e1fc2f8f359,0x0000000000000000,0x0000000000000000,0x0000000080005d6e,0x0000000001990cbc,0x00000000018dbae2,0x0000000001990cbc,0x00000000018dbae2,0x000000000024ef96,0x0000000000000b98,0x00000000000052bd,0x0000000000000c39,0x0000000000008fde,0x0000000000c07688,0x00000000000015eb
1784433206988,0x000000008000519e,0x0000000080018e40,0x0000000080007a7a,0x000000000000000f,0x00000000800191f0,0x0000000080018e90,0x0000000080019160,0x0000000080019118,0x0000000080018ef8,0x0000000080019118,0x0000000080019188,0x0000000000000001,0x000000008000f201,0x3fd969cfe4e8d354,0x0000000000000000,0xffffffffab8a844e,0x00000000006621c6,0x3fedd0be6c4371a2,0x0000000080004fae,0x0000000000000000,0x414fe4a66460aa65,0x4129fe6187bb2fec,0x4152076adb22d0e5,0x3ff12c1dda6375ca,0x402e61c980105fa6,0x403e88fa391e4302,0x0000000080004fae,0x000000000199e66b,0x00000000018e9093,0x000000000199e66b,0x00000000018e9093,0x00000000002502fa,0x0000000000000b9a,0x00000000000052bf,0x0000000000000c44,0x000000000000900f,0x0000000000c0dcd2,0x00000000000015ee
1784433207879,0x00000000800056f8,0x0000000080019060,0x0000000080007a7a,0x000000000000000f,0x0000000080019430,0x00000000800190b0,0x0000000080019548,0x000000008000f238,0x0000000000000006,0x0000000000000006,0x0000000000000004,0x0000000000000006,0x000000008000f201,0x3fe269f952f97208,0x0000000000000000,0xffffffff82621938,0x00000000004b46e4,0x3fedd0be6c4371a2,0x00000000800049b0,0x0000000000000000,0x414fe4a7ca786c22,0x4129fe3c41205bc0,0x415207698b886595,0x3ff0000000000000,0x0000000000000000,0x0000000000000000,0x00000000800049b0,0x00000000019abc6f,0x00000000018f621a,0x00000000019abc6f,0x00000000018f621a,0x000000000025194d,0x0000000000000ba5,0x00000000000052c2,0x0000000000000c53,0x0000000000009068,0x0000000000c146f9,0x00000000000015f1
1784433208799,0x00000000800058f2,0x0000000080018ed0,0x0000000080007a7a,0x0000000000000000,0x00000000800191f0,0x0000000080018f20,0x00000000800193a0,0x00000000800194a0,0x0000000000000006,0x0000000000000003,0x0000000000000003,0x0000000000000009,0x0000000065cffe7b,0x0000000043f14ce4,0x0000000000000000,0x0000000065cfea78,0x000000000055dc95,0x3fedd0be6c4371a2,0x0000000080004992,0x0000000000000000,0x4025772550fc5339,0x4129fe3c41205bc0,0x415207698b886595,0x0000000000000000,0x0000000000000000,0x0000000000000000,0x0000000080004992,0x00000000019b92f2,0x000000000190397d,0x00000000019b92f2,0x000000000190397d,0x0000000000252ad5,0x0000000000000bae,0x00000000000052c2,0x0000000000000c53,0x0000000000009086,0x0000000000c1aedc,0x00000000000015f4
1784433209681,0x0000000080005744,0x0000000080019060,0x0000000080007a7a,0x000000000000000f,0x00000000800191f0,0x00000000800190b0,0x0000000080019310,0x00000000800191f0,0x0000000000000006,0x0000000000000006,0x0000000000000006,0x0000000000000000,0x000000008000f201,0x3fe5a2319da6a902,0x0000000000000000,0x00000000185d410e,0x00000000004d51d3,0x3fedd0be6c4371a2,0x0000000080004a12,0x0000000000000000,0x414fe49eda752546,0x4129fe405d8adaba,0x415207695fdd97f6,0x0000000000000000,0x0000000000000000,0x0000000000000000,0x0000000080004a12,0x00000000019c6590,0x0000000001910610,0x00000000019c6590,0x0000000001910610,0x0000000000254063,0x0000000000000bb0,0x00000000000052c5,0x0000000000000c60,0x00000000000090d1,0x0000000000c21435,0x00000000000015f7
1784433210385,0x00000000800058f2,0x0000000080018ed0,0x0000000080007a7a,0x0000000000000000,0x00000000800191f0,0x0000000080018f20,0x00000000800193a0,0x00000000800194a0,0x0000000000000006,0x0000000000000003,0x0000000000000000,0x0000000000000006,0x0000000065cffe7b,0x0000000043f14ce4,0x0000000000000000,0x0000000065cfea78,0x000000000055dc95,0x3fedd0be6c4371a2,0x00000000800049b0,0x0000000000000000,0x4025772550fc5339,0x4129fe405d8adaba,0x415207695fdd97f6,0x0000000000000000,0x0000000000000000,0x0000000000000000,0x00000000800049b0,0x00000000019d12a6,0x000000000191b3a5,0x00000000019d12a6,0x000000000191b3a5,0x0000000000254ea7,0x0000000000000bb9,0x00000000000052c5,0x0000000000000c60,0x00000000000090f4,0x0000000000c2686b,0x00000000000015fa
1784433210947,0x0000000080005744,0x0000000080019060,0x0000000080007a7a,0x000000000000000f,0x00000000800191f0,0x00000000800190b0,0x0000000080019310,0x00000000800191f0,0x0000000000000006,0x0000000000000006,0x0000000000000002,0x0000000000000006,0x000000008000f201,0x3fe8060a03e8e083,0x0000000000000000,0x000000006a9f6538,0x00000000005d6387,0x3fedd0be6c4371a2,0x0000000080004940,0x0000000000000000,0x414fe4a44bc01a37,0x4129fe459c0ebee0,0x41520763dde1b08a,0x0000000000000000,0x0000000000000000,0x0000000000000000,0x0000000080004940,0x00000000019dd242,0x0000000001926d68,0x00000000019dd242,0x0000000001926d68,0x00000000002562a9,0x0000000000000bbb,0x00000000000052c7,0x0000000000000c6b,0x0000000000009139,0x0000000000c2c4fc,0x00000000000015fd
1784433211727,0x00000000800057ae,0x0000000080018d90,0x0000000080007a7a,0x0000000000000000,0x00000000800191f0,0x0000000080018de0,0x0000000080018f50,0x000000008000f238,0x0000000000000006,0x0000000000000006,0x0000000000000006,0x0000000000000006,0x0000000065cffe7b,0x0000000043f14ce4,0x0000000000000000,0x0000000065cfea78,0x000000000055dc95,0x3fedd0be6c4371a2,0x0000000080004a06,0x0000000000000000,0x4025772550fc5339,0x4129fe459c0ebee0,0x41520763dde1b08a,0x8000000000000000,0x3fdcf46da09c9984,0x3fdcf46da09c9984,0x0000000080004a06,0x00000000019ea816,0x0000000001934333,0x00000000019ea816,0x0000000001934333,0x0000000000257426,0x0000000000000bc4,0x00000000000052c7,0x0000000000000c6b,0x0000000000009161,0x0000000000c32c20,0x0000000000001600
1784433212486,0x0000000080005820,0x0000000080018ed0,0x0000000080007a7a,0x000000000000000f,0x00000000800191f0,0x0000000080018f20,0x000000008000f238,0x0000000080019310,0x0000000000000006,0x0000000000000006,0x0000000000000002,0x0000000000000003,0x000000008000f201,0x3fe34e53223ced9a,0x0000000000000000,0x000000004b73a32e,0x000000000068cd08,0x3fedd0be6c4371a2,0x00000000800049d6,0x0000000000000000,0x414fe49da19652bd,0x4129fe4c69930be1,0x4152076a5671de6a,0x401623e8e4790c0a,0x0000000000000000,0x401623e8e4790c0a,0x00000000800049d6,0x00000000019f8078,0x00000000019415b0,0x00000000019f8078,0x00000000019415b0,0x0000000000258a2d,0x0000000000000bc6,0x00000000000052c9,0x0000000000000c76,0x00000000000091b7,0x0000000000c39456,0x0000000000001603
1784433213393,0x0000000080006260,0x0000000080019230,0x402a6014520d6113,0x0000000000000000,0x0000000000000000,0x0000000080019440,0x0000000080019698,0x00000000800194a0,0x000000008000f238,0x00000000800003f0,0x0000000000000001,0x0000000000000006,0xffffffffdd6e3a58,0xffffffff8a802540,0x0000000000000000,0xffffffffdd4a3800,0x000000000075efce,0x3fedd0be6c4371a2,0x0000000080005cd2,0x0000000000000000,0x402d7bf3a2a00950,0x4129fe4c69930be1,0x4152076a5671de6a,0x01a56e1fc2f8f359,0x0000000000000000,0x0000000000000000,0x0000000080005cd2,0x0000000001a05822,0x000000000194ea8f,0x0000000001a05822,0x000000000194ea8f,0x0000000000259e4e,0x0000000000000bcf,0x00000000000052c9,0x0000000000000c77,0x00000000000091fe,0x0000000000c3fe24,0x0000000000001606
1784433214209,0x000000008000519e,0x0000000080018e90,0x0000000080007a7a,0x000000000000000f,0x00000000800191f0,0x0000000080018ee0,0x0000000080019160,0x0000000080019118,0x0000000080018ef8,0x0000000000000003,0x0000000080019118,0x0000000000000003,0x000000008000f201,0x3fe6bf797a63177e,0x0000000000000000,0xffffffff8e170a8e,0x000000000048bf71,0x3fedd0be6c4371a2,0x0000000080004f64,0x0000000000000000,0x414fe4a632d77319,0x4129fe529bb2fec5,0x41520765bb7318fc,0x3ff12c1dda6375ca,0x402e61c980105fa6,0x405ccc3930020bf5,0x0000000080004f64,0x0000000001a132d8,0x000000000195c138,0x0000000001a132d8,0x000000000195c138,0x000000000025b207,0x0000000000000bd1,0x00000000000052cc,0x0000000000000c85,0x0000000000009230,0x0000000000c4651f,0x0000000000001609
1784433215031,0x00000000800056f8,0x0000000080019060,0x0000000080007a7a,0x000000000000000f,0x0000000080019430,0x00000000800190b0,0x0000000080019548,0x000000008000f238,0x0000000000000006,0x0000000000000006,0x0000000000000002,0x0000000000000006,0x000000008000f201,0x3fe40812c818da68,0x0000000000000000,0x000000001d084b80,0x0000000000620801,0x3fedd0be6c4371a2,0x0000000080004a06,0x0000000000000000,0x414fe49e1e703afb,0x4129fe4e3fbe76c9,0x4152076a0ef4f0d8,0x3ff0000000000000,0x0000000000000000,0x0000000000000000,0x0000000080004a06,0x0000000001a1ec75,0x000000000196766e,0x0000000001a1ec75,0x000000000196766e,0x000000000025c5f4,0x0000000000000bdc,0x00000000000052cf,0x0000000000000c94,0x000000000000929b,0x0000000000c4c1f5,0x000000000000160c
1784433215925,0x000000008000519e,0x0000000080018e90,0x0000000080007a7a,0x0000000000000000,0x00000000800191f0,0x0000000080018ee0,0x0000000000000000,0x0000000050fc5339,0x000000003fe00000,0x4025772550fc5339,0x0000000000000002,0x0000000000000008,0x0000000065cffe7b,0x0000000043f14ce4,0x0000000000000000,0x0000000065cfea78,0x000000000055dc95,0x3fedd0be6c4371a2,0x00000000800053b0,0x0000000000000000,0x4025772550fc5339,0x4129fe4e3fbe76c9,0x4152076a0ef4f0d8,0x0000000000000000,0x0000000000000000,0x3fa0c481d88c2013,0x00000000800053b0,0x0000000001a2b946,0x0000000001974370,0x0000000001a2b946,0x0000000001974370,0x000000000025d65c,0x0000000000000be5,0x00000000000052cf,0x0000000000000c94,0x00000000000092bf,0x0000000000c5254d,0x000000000000160f
1784433216834,0x00000000800056f8,0x0000000080019060,0x0000000080007a7a,0x000000000000000f,0x0000000080019430,0x00000000800190b0,0x0000000080019548,0x000000008000f238,0x0000000000000006,0x0000000000000006,0x0000000080019310,0x0000000080019420,0x000000008000f201,0x3fe6a56e352593c4,0x0000000000000000,0x0000000026491b2e,0x0000000000521150,0x3fedd0be6c4371a2,0x00000000800049f0,0x0000000000000000,0x414fe49b65916873,0x4129fe50342c3c9f,0x415207670867381d,0x0000000000000000,0x0000000000000000,0x0000000000000000,0x00000000800049f0,0x0000000001a39017,0x0000000001981364,0x0000000001a39017,0x0000000001981364,0x000000000025eca7,0x0000000000000be7,0x00000000000052d1,0x0000000000000c9f,0x000000000000931d,0x0000000000c58beb,0x0000000000001612
1784433217454,0x00000000800058dc,0x0000000080018ee0,0x0000000080007a7a,0x0000000000000000,0x00000000800191f0,0x0000000080018f20,0x000000008000f208,0x0000000080019070,0x000000008000f208,0x0000000000000006,0x000000008000f208,0x0000000000000004,0x0000000065cffe7b,0x0000000043f14ce4,0x0000000000000000,0x0000000065cfea78,0x000000000055dc95,0x3fedd0be6c4371a2,0x0000000080005522,0x0000000000000000,0x4025772550fc5339,0x4129fe50342c3c9f,0x415207670867381d,0xc014c9c5e1300000,0xbfcb89c7119d8070,0xbfc499cda55090c6,0x0000000080005522,0x0000000001a44491,0x000000000198c84c,0x0000000001a44491,0x000000000198c84c,0x000000000025fb59,0x0000000000000bf0,0x00000000000052d1,0x0000000000000c9f,0x0000000000009344,0x0000000000c5e3a1,0x0000000000001615
1784433218019,0x00000000800056f8,0x0000000080019060,0x0000000080007a7a,0x000000000000000f,0x0000000080019430,0x00000000800190b0,0x0000000080019548,0x000000008000f238,0x0000000000000006,0x0000000000000006,0x0000000080019310,0x00000000800193c0,0x000000008000f201,0x3fe518c0e20dfbac,0x0000000000000000,0x0000000062515c38,0x00000000006d81c9,0x3fedd0be6c4371a2,0x0000000080004982,0x0000000000000000,0x414fe4a22d013a93,0x4129fe3c65119ce0,0x4152076b2de69ad4,0x0000000000000000,0x0000000000000000,0x0000000000000000,0x0000000080004982,0x0000000001a4f3c9,0x0000000001997166,0x0000000001a4f3c9,0x0000000001997166,0x0000000000260e20,0x0000000000000bf2,0x00000000000052d3,0x0000000000000caa,0x000000000000938e,0x0000000000c6384e,0x0000000000001618
1784433218924,0x00000000800058f2,0x0000000080018ed0,0x0000000080007a7a,0x0000000000000000,0x00000000800191f0,0x0000000080018f20,0x00000000800193a0,0x00000000800194a0,0x0000000000000006,0x0000000000000003,0x0000000080018f50,0x0000000000000003,0x0000000065cffe7b,0x0000000043f14ce4,0x0000000000000000,0x0000000065cfea78,0x000000000055dc95,0x3fedd0be6c4371a2,0x0000000080004a00,0x0000000000000000,0x4025772550fc5339,0x4129fe3c65119ce0,0x4152076b2de69ad4,0x0000000000000000,0x0000000000000000,0x0000000000000000,0x0000000080004a00,0x0000000001a5caa2,0x00000000019a48b6,0x0000000001a5caa2,0x00000000019a48b6,0x0000000000261fa7,0x0000000000000bfb,0x00000000000052d3,0x0000000000000caa,0x00000000000093b9,0x0000000000c6a02a,0x000000000000161b
1784433219785,0x0000000080005744,0x0000000080019060,0x0000000080007a7a,0x000000000000000f,0x00000000800191f0,0x00000000800190b0,0x0000000080019310,0x00000000800191f0,0x0000000000000006,0x0000000000000006,0x0000000000000003,0x0000000000000006,0x000000008000f201,0x3fe880070d2657c1,0x0000000000000000,0xffffffffa1601dce,0x00000000006d4c0f,0x3fedd0be6c4371a2,0x00000000800049d6,0x0000000000000000,0x414fe4a34e17c1be,0x4129fe5af2bd3c36,0x4152076cd4ce703b,0x3fdcf46da09c9983,0x0000000000000000,0x0000000000000000,0x00000000800049d6,0x0000000001a6a01f,0x00000000019b181e,0x0000000001a6a01f,0x00000000019b181e,0x0000000000263569,0x0000000000000bfd,0x00000000000052d6,0x0000000000000cb9,0x000000000000940f,0x0000000000c706dc,0x000000000000161e
1784433220693,0x00000000800057ae,0x0000000080018d90,0x0000000080007a7a,0x0000000000000000,0x00000000800191f0,0x0000000080018de0,0x0000000080018f50,0x000000008000f238,0x0000000000000006,0x0000000000000006,0x000000008000f238,0x000000008000f2e0,0x0000000065cffe7b,0x0000000043f14ce4,0x0000000000000000,0x0000000065cfea78,0x000000000055dc95,0x3fedd0be6c4371a2,0x00000000800049c6,0x0000000000000000,0x4025772550fc5339,0x4129fe5af2bd3c36,0x4152076cd4ce703b,0x3ff0000000000000,0xbf847ae147ae147c,0xbf847ae147ae147c,0x00000000800049c6,0x0000000001a77606,0x00000000019bee2e,0x0000000001a77606,0x00000000019bee2e,0x00000000002646eb,0x0000000000000c06,0x00000000000052d6,0x0000000000000cb9,0x000000000000943c,0x0000000000c76e22,0x0000000000001621
1784433221603,0x0000000080005820,0x0000000080018ed0,0x0000000080007a7a,0x000000000000000f,0x00000000800191f0,0x0000000080018f20,0x000000008000f238,0x0000000080019310,0x0000000000000006,0x0000000000000006,0x0000000000000000,0x0000000000000003,0x000000008000f201,0x3fed32539f1249e8,0x0000000000000000,0x0000000030060be0,0x00000000004baddc,0x3fedd0be6c4371a2,0x00000000800049bc,0x0000000000000000,0x414fe49fa8f5c28f,0x4129fe4d89c779a7,0x41520766543c9eed,0x0000000000000000,0x0000000000000000,0x0000000000000000,0x00000000800049bc,0x0000000001a851f0,0x00000000019cc42d,0x0000000001a851f0,0x00000000019cc42d,0x0000000000265d3b,0x0000000000000c08,0x00000000000052d9,0x0000000000000cc6,0x0000000000009487,0x0000000000c7d807,0x0000000000001624
1784433222502,0x00000000800056f8,0x0000000080019060,0x0000000080007a7a,0x000000000000000f,0x0000000080019430,0x00000000800190b0,0x0000000080019548,0x000000008000f238,0x0000000000000006,0x0000000000000006,0x0000000000000005,0x0000000000000023,0x000000008000f201,0x3fe93f3cc174c848,0x0000000000000000,0xffffffffa0e2276e,0x00000000004e9eb2,0x3fedd0be6c4371a2,0x0000000080004978,0x0000000000000000,0x414fe49ee7ae147b,0x4129fe442ded288d,0x4152076acb3d07c8,0x0000000000000000,0x0000000000000000,0x0000000000000000,0x0000000080004978,0x0000000001a96932,0x00000000019dd63d,0x0000000001a96932,0x00000000019dd63d,0x00000000002678cf,0x0000000000000c13,0x00000000000052db,0x0000000000000cd1,0x00000000000094eb,0x0000000000c8609d,0x0000000000001627
1784433223430,0x00000000800058f2,0x0000000080018ed0,0x0000000080007a7a,0x0000000000000000,0x00000000800191f0,0x0000000080018f20,0x00000000800193a0,0x00000000800194a0,0x0000000000000006,0x0000000000000003,0x0000000080018f50,0x0000000000000004,0x0000000065cffe7b,0x0000000043f14ce4,0x0000000000000000,0x0000000065cfea78,0x000000000055dc95,0x3fedd0be6c4371a2,0x0000000080004988,0x0000000000000000,0x4025772550fc5339,0x4129fe442ded288d,0x4152076acb3d07c8,0x3fc0e154af64b901,0x0000000000000000,0x0000000000000000,0x0000000080004988,0x0000000001aa340c,0x00000000019ea246,0x0000000001aa340c,0x00000000019ea246,0x0000000000268964,0x0000000000000c1c,0x00000000000052db,0x0000000000000cd1,0x000000000000950c,0x0000000000c8c324,0x000000000000162a
1784433224209,0x00000000800056f8,0x0000000080019060,0x0000000080007a7a,0x000000000000000f,0x0000000080019430,0x00000000800190b0,0x0000000080019548,0x000000008000f238,0x0000000000000006,0x0000000000000006,0x000000008000f238,0x000000008000f2b8,0x000000008000f201,0x3feae86de14ffe9d,0x0000000000000000,0x00000000021415ce,0x0000000000793542,0x3fedd0be6c4371a2,0x00000000800049c8,0x0000000000000000,0x414fe4a079581062,0x4129fe4a7ac710cb,0x4152076d6c154c98,0x0000000000000000,0x0000000000000000,0x0000000000000000,0x00000000800049c8,0x0000000001aaddbb,0x00000000019f451a,0x0000000001aaddbb,0x00000000019f451a,0x0000000000269bab,0x0000000000000c1e,0x00000000000052dd,0x0000000000000cdc,0x0000000000009564,0x0000000000c914ee,0x000000000000162d
1784433224756,0x000000008000589c,0x0000000080018ed0,0x0000000080007a7a,0x0000000000000000,0x00000000800191f0,0x0000000080018f20,0x0000000080019280,0x0000000080019118,0x0000000000000006,0x0000000000000003,0x0000000080019118,0x0000000000000020,0x0000000065cffe7b,0x0000000043f14ce4,0x0000000000000000,0x0000000065cfea78,0x000000000055dc95,0x3fedd0be6c4371a2,0x00000000800049c4,0x0000000000000000,0x4025772550fc5339,0x4129fe4a7ac710cb,0x4152076d6c154c98,0x0000000000000000,0x0000000000000000,0x0000000000000000,0x00000000800049c4,0x0000000001ab8a97,0x00000000019ff29e,0x0000000001ab8a97,0x00000000019ff29e,0x000000000026a967,0x0000000000000c27,0x00000000000052dd,0x0000000000000cdc,0x000000000000958b,0x0000000000c96966,0x0000000000001630
1784433225527,0x0000000080005744,0x0000000080019060,0x0000000080007a7a,0x000000000000000f,0x00000000800191f0,0x00000000800190b0,0x0000000080019310,0x00000000800191f0,0x0000000000000006,0x0000000000000006,0x0000000000000000,0x0000000000000006,0x000000008000f201,0x3fef3bcfeec5a4df,0x0000000000000000,0xffffffffbc91674e,0x0000000000724cd0,0x3fedd0be6c4371a2,0x00000000800049b0,0x0000000000000000,0x414fe49ae5e00d1b,0x4129fe45eb367a10,0x4152076de46594af,0x4013efc4d6ad9501,0x0000000000000000,0x0000000000000000,0x00000000800049b0,0x0000000001ac6354,0x0000000001a0c5a9,0x0000000001ac6354,0x0000000001a0c5a9,0x000000000026bfcd,0x0000000000000c29,0x00000000000052e0,0x0000000000000ceb,0x00000000000095d0,0x0000000000c9d198,0x0000000000001633
1784433226396,0x00000000800057ae,0x0000000080018d90,0x0000000080007a7a,0x0000000000000000,0x00000000800191f0,0x0000000080018de0,0x0000000080018f50,0x000000008000f238,0x0000000000000006,0x0000000000000006,0x0000000000000004,0x0000000000000012,0x0000000065cffe7b,0x0000000043f14ce4,0x0000000000000000,0x0000000065cfea78,0x000000000055dc95,0x3fedd0be6c4371a2,0x00000000800049ba,0x0000000000000000,0x4025772550fc5339,0x4129fe45eb367a10,0x4152076de46594af,0x8000000000000000,0x0000000000000000,0x0000000000000000,0x00000000800049ba,0x0000000001ad3393,0x0000000001a19637,0x0000000001ad3393,0x0000000001a19637,0x000000000026d0d9,0x0000000000000c32,0x00000000000052e0,0x0000000000000ceb,0x00000000000095ef,0x0000000000ca3644,0x0000000000001636
1784433227282,0x0000000080005744,0x0000000080019060,0x0000000080007a7a,0x000000000000000f,0x00000000800191f0,0x00000000800190b0,0x0000000080019310,0x00000000800191f0,0x0000000000000006,0x0000000000000006,0x00000000800191f0,0x0000000000000088,0x000000008000f201,0x3ff1a112ab7fd6dd,0x0000000000000000,0xffffffff929070e0,0x000000000053a280,0x3fedd0be6c4371a2,0x00000000800049c4,0x0000000000000000,0x414fe49d42dab9f5,0x4129fe523afb7e91,0x41520763681a36e3,0x0000000000000000,0x0000000000000000,0x0000000000000000,0x00000000800049c4,0x0000000001ae07c1,0x0000000001a263df,0x0000000001ae07c1,0x0000000001a263df,0x000000000026e693,0x0000000000000c34,0x00000000000052e3,0x0000000000000cfa,0x000000000000963d,0x0000000000ca9c2a,0x0000000000001639
1784433228192,0x0000000080006260,0x0000000080019230,0x402a6014520d6113,0x0000000000000000,0x0000000000000000,0x0000000080019440,0x0000000080019698,0x00000000800194a0,0x000000008000f238,0x00000000800003f0,0x000000008000f238,0x000000008000f318,0xffffffffeabe77ff,0x0000000058e19702,0x0000000000000000,0xffffffffeab451fe,0x00000000007ed724,0x3fedd0be6c4371a2,0x0000000080005bfe,0x0000000000000000,0x403fb5c9163865c1,0x4129fe523afb7e91,0x41520763681a36e3,0x01a56e1fc2f8f359,0x0000000000000000,0x402a6014520d6113,0x0000000080005bfe,0x0000000001aee3d1,0x0000000001a33f60,0x0000000001aee3d1,0x0000000001a33f60,0x000000000026f90c,0x0000000000000c3d,0x00000000000052e3,0x0000000000000cfa,0x0000000000009679,0x0000000000cb0773,0x000000000000163c
1784433229038,0x0000000080005820,0x0000000080018ed0,0x0000000080007a7a,0x000000000000000f,0x00000000800191f0,0x0000000080018f20,0x000000008000f238,0x0000000080019310,0x0000000000000006,0x0000000000000006,0x0000000000000003,0x0000000000000003,0x000000008000f201,0x3fe9eb2b8ea4826a,0x0000000000000000,0xffffffff846615fe,0x0000000000425cb7,0x3fedd0be6c4371a2,0x00000000800049d6,0x0000000000000000,0x414fe4a141bda512,0x4129fe43f8ef34d7,0x4152076840538ef3,0x0000000000000000,0x0000000000000000,0x0000000000000000,0x00000000800049d6,0x0000000001af9651,0x0000000001a3ecd1,0x0000000001af9651,0x0000000001a3ecd1,0x0000000000270b80,0x0000000000000c3f,0x00000000000052e5,0x0000000000000d04,0x000000000000969f,0x0000000000cb5cc6,0x000000000000163f
1784433229849,0x0000000080006260,0x0000000080019230,0x402a6014520d6113,0x0000000000000000,0x0000000000000000,0x0000000080019440,0x0000000080019698,0x00000000800194a0,0x000000008000f238,0x00000000800003f0,0x000000008000f238,0x000000008000f288,0xffffffff8cffee7a,0xffffffffdff8ef9c,0x0000000000000000,0xffffffff8cbdac78,0x0000000000629267,0x3fedd0be6c4371a2,0x0000000080005c0a,0x0000000000000000,0x4028a499f7fe3be7,0x4129fe43f8ef34d7,0x4152076840538ef3,0x01a56e1fc2f8f359,0x0000000000000000,0x0000000000000000,0x0000000080005c0a,0x0000000001b06093,0x0000000001a4b5db,0x0000000001b06093,0x0000000001a4b5db,0x0000000000271d56,0x0000000000000c48,0x00000000000052e5,0x0000000000000d04,0x00000000000096de,0x0000000000cbc008,0x0000000000001642
1784433230768,0x0000000080005866,0x0000000080018ee0,0x0000000080007a7a,0x000000000000000f,0x00000000800191f0,0x0000000080018f20,0x00000000800191a8,0x00000000800003f0,0x0000000080019160,0x0000000000000003,0x0000000000000001,0x0000000000000004,0x000000008000f201,0x3fe758cc1fd03e8c,0x0000000000000000,0x000000000619229e,0x00000000005074f6,0x3fedd0be6c4371a2,0x0000000080004c54,0x0000000000000000,0x414fe49f9e147ae1,0x4129fe4b6bc6a7f0,0x41520765be944674,0x3ff12c1dda6375ca,0x401623e8e4790c0a,0x4039000000000000,0x0000000080004c54,0x0000000001b144e4,0x0000000001a5952b,0x0000000001b144e4,0x0000000001a5952b,0x0000000000273310,0x0000000000000c4a,0x00000000000052e7,0x0000000000000d0e,0x000000000000970c,0x0000000000cc2c31,0x0000000000001645
1784433231461,0x0000000080005a7c,0x00000000800193f0,0x0000000080007a7a,0x000000000000000f,0x0000000080007a96,0x0000000080019440,0x0000000080019548,0x0000000000000000,0x0000000000000008,0x000000008000f208,0x0000000080003cf8,0x0000000000000002,0x0000000008fdf7f6,0x0000000012989fb8,0x0000000000000000,0x0000000008ecf5e0,0x00000000006cc30e,0x3fedd0be6c4371a2,0x0000000080005ab0,0x0000000000000000,0x414fe4a025d97f63,0x4129fe40ce560419,0x415207695e594af5,0x414fe4992b055326,0x41520769b4451ea3,0x3ff0000000000000,0x0000000080005ab0,0x0000000001b1f565,0x0000000001a64165,0x0000000001b1f565,0x0000000001a64165,0x0000000000274651,0x0000000000000c55,0x00000000000052ea,0x0000000000000d1c,0x000000000000976b,0x0000000000cc84c2,0x0000000000001648
1784433232034,0x0000000080005850,0x0000000080018ed0,0x0000000080007a7a,0x000000000000000f,0x00000000800191f0,0x0000000080018f20,0x00000000800191f0,0x0000000080019310,0x0000000000000003,0x0000000000000006,0x00000000800191a8,0x00000000800191e0,0x000000008000f201,0x3fe1e833e32af51b,0x0000000000000000,0x0000000008ecf5e0,0x00000000006cc30e,0x3fedd0be6c4371a2,0x0000000080004984,0x0000000000000000,0x414fe4a025d97f63,0x4129fe40ce560419,0x415207695e594af5,0x402e61c980105fa6,0x0000000000000000,0x0000000000000000,0x0000000080004984,0x0000000001b2b7e5,0x0000000001a7029a,0x0000000001b2b7e5,0x0000000001a7029a,0x00000000002755e2,0x0000000000000c55,0x00000000000052ea,0x0000000000000d1c,0x0000000000009774,0x0000000000ccdfc7,0x000000000000164b
1784433232817,0x0000000080005a7c,0x00000000800193f0,0x0000000080007a7a,0x000000000000000f,0x0000000080007a96,0x0000000080019440,0x0000000080019548,0x0000000000000000,0x0000000000000008,0x000000008000f208,0x0000000000000000,0x0000000000000000,0xffffffff93ce7fff,0xfffffffff0efa01c,0x0000000000000000,0xffffffff93ca7e78,0x000000000046f66c,0x3fedd0be6c4371a2,0x0000000080005a88,0x0000000000000000,0x414fe49ac83126e9,0x4129fe458dab9f56,0x415207695b9f559b,0x414fe498cd8e2196,0x41520769c807b190,0x3fe15704eb1a3e3f,0x0000000080005a88,0x0000000001b36b42,0x0000000001a7b1cd,0x0000000001b36b42,0x0000000001a7b1cd,0x0000000000276953,0x0000000000000c60,0x00000000000052eb,0x0000000000000d20,0x00000000000097e4,0x0000000000cd39c2,0x000000000000164e
1784433233689,0x00000000800058f2,0x0000000080018ed0,0x0000000080007a7a,0x0000000000000000,0x00000000800191f0,0x0000000080018f20,0x00000000800193a0,0x00000000800194a0,0x0000000000000006,0x0000000000000003,0x0000000000000000,0x0000000000000003,0x0000000065cffe7b,0x0000000043f14ce4,0x0000000000000000,0x0000000065cfea78,0x000000000055dc95,0x3fedd0be6c4371a2,0x0000000080004a0a,0x0000000000000000,0x4025772550fc5339,0x4129fe458dab9f56,0x415207695b9f559b,0x0000000000000000,0x3fc733d476943792,0x0000000000000000,0x0000000080004a0a,0x0000000001b4578d,0x0000000001a89e6c,0x0000000001b4578d,0x0000000001a89e6c,0x0000000000277c9b,0x0000000000000c69,0x00000000000052eb,0x0000000000000d20,0x0000000000009809,0x0000000000cdabb8,0x0000000000001651
1784433234624,0x0000000080005744,0x0000000080019060,0x0000000080007a7a,0x000000000000000f,0x00000000800191f0,0x00000000800190b0,0x0000000080019310,0x00000000800191f0,0x0000000000000006,0x0000000000000006,0x0000000000000003,0x0000000000000006,0x000000008000f201,0x3fe0ac5ee96dd15e,0x0000000000000000,0x0000000001870b1e,0x00000000005ebf42,0x3fedd0be6c4371a2,0x00000000800049ba,0x0000000000000000,0x414fe49b26872b02,0x4129fe44f020c49c,0x41520770d56d5cfb,0x0000000000000000,0x0000000000000000,0x0000000000000000,0x00000000800049ba,0x0000000001b5362a,0x0000000001a9777b,0x0000000001b5362a,0x0000000001a9777b,0x0000000000279327,0x0000000000000c6b,0x00000000000052eb,0x0000000000000d21,0x0000000000009855,0x0000000000ce16eb,0x0000000000001654
1784433235466,0x00000000800057ae,0x0000000080018d90,0x0000000080007a7a,0x0000000000000000,0x00000000800191f0,0x0000000080018de0,0x0000000080018f50,0x000000008000f238,0x0000000000000006,0x0000000000000006,0x0000000000000004,0x0000000000000010,0x0000000065cffe7b,0x0000000043f14ce4,0x0000000000000000,0x0000000065cfea78,0x000000000055dc95,0x3fedd0be6c4371a2,0x000000008000499c,0x0000000000000000,0x4025772550fc5339,0x4129fe44f020c49c,0x41520770d56d5cfb,0x8000000000000000,0x0000000000000000,0x0000000000000000,0x000000008000499c,0x0000000001b60b04,0x0000000001aa4c7c,0x0000000001b60b04,0x0000000001aa4c7c,0x000000000027a493,0x0000000000000c74,0x00000000000052eb,0x0000000000000d21,0x000000000000987b,0x0000000000ce7db1,0x0000000000001657
1784433236237,0x000000008000583a,0x0000000080018ed0,0x0000000080007a7a,0x000000000000000f,0x00000000800191f0,0x0000000080018f20,0x00000000800194a0,0x000000008000f238,0x0000000000000003,0x0000000000000006,0x0000000000000001,0x0000000000000006,0x000000008000f201,0x3fe8dae447d5e568,0x0000000000000000,0x00000000684091e0,0x00000000004bb3a8,0x3fedd0be6c4371a2,0x00000000800049da,0x0000000000000000,0x414fe49c69eb851f,0x4129fe4f6fd21ff3,0x415207693fc6a7f0,0x0000000000000000,0x401623e8e4790c0a,0x0000000000000000,0x00000000800049da,0x0000000001b6fec6,0x0000000001ab3a09,0x0000000001b6fec6,0x0000000001ab3a09,0x000000000027bcd4,0x0000000000000c76,0x00000000000052ec,0x0000000000000d25,0x00000000000098d0,0x0000000000cef2ab,0x000000000000165a
1784433237149,0x00000000800056f8,0x0000000080019060,0x0000000080007a7a,0x000000000000000f,0x0000000080019430,0x00000000800190b0,0x0000000080019548,0x000000008000f238,0x0000000000000006,0x0000000000000006,0x0000000080019310,0x0000000000000004,0x000000008000f201,0x3fe6ae43c3ce1ea4,0x0000000000000000,0x0000000050c5eb80,0x000000000040a6ef,0x3fedd0be6c4371a2,0x0000000080004a00,0x0000000000000000,0x414fe49fcb9c0ebf,0x4129fe4e742c3c9f,0x4152076b2a48e8a7,0x0000000000000000,0x0000000000000000,0x0000000000000000,0x0000000080004a00,0x0000000001b7dae0,0x0000000001ac11c4,0x0000000001b7dae0,0x0000000001ac11c4,0x000000000027d39d,0x0000000000000c81,0x00000000000052ed,0x0000000000000d29,0x0000000000009939,0x0000000000cf5faf,0x000000000000165d
1784433238072,0x00000000800058f2,0x0000000080018ed0,0x0000000080007a7a,0x0000000000000000,0x00000000800191f0,0x0000000080018f20,0x00000000800193a0,0x00000000800194a0,0x0000000000000006,0x0000000000000003,0x0000000000000002,0x0000000000000003,0x0000000065cffe7b,0x0000000043f14ce4,0x0000000000000000,0x0000000065cfea78,0x000000000055dc95,0x3fedd0be6c4371a2,0x000000008000493a,0x0000000000000000,0x4025772550fc5339,0x4129fe4e742c3c9f,0x4152076b2a48e8a7,0x0000000000000000,0x0000000000000000,0x0000000000000000,0x000000008000493a,0x0000000001b8c775,0x0000000001acfee9,0x0000000001b8c775,0x0000000001acfee9,0x000000000027e6ee,0x0000000000000c8a,0x00000000000052ed,0x0000000000000d29,0x000000000000995a,0x0000000000cfd1d4,0x0000000000001660
1784433238651,0x00000000800056f8,0x0000000080019060,0x0000000080007a7a,0x000000000000000f,0x0000000080019430,0x00000000800190b0,0x0000000080019548,0x000000008000f238,0x0000000000000006,0x0000000000000006,0x0000000080019310,0x0000000080019420,0x000000008000f201,0x3fe6ddef07244243,0x0000000000000000,0xffffffff8b41b30e,0x000000000046c4d9,0x3fedd0be6c4371a2,0x00000000800049f0,0x0000000000000000,0x414fe4998e703afb,0x4129fe50d2ca57a8,0x41520766c868db8c,0x0000000000000000,0x0000000000000000,0x0000000000000000,0x00000000800049f0,0x0000000001b977c9,0x0000000001ada8a5,0x0000000001b977c9,0x0000000001ada8a5,0x000000000027f9d2,0x0000000000000c8c,0x00000000000052f0,0x0000000000000d37,0x00000000000099af,0x0000000000d026d1,0x0000000000001663
1784433239238,0x0000000080005900,0x0000000080018de0,0x0000000080007a7a,0x0000000000000000,0x00000000800191f0,0x0000000080018f20,0x000000008000f208,0x0000000080018f50,0x0000000000000006,0x0000000000000003,0x0000000000000006,0x0000000080018f50,0x0000000065cffe7b,0x0000000043f14ce4,0x0000000000000000,0x0000000065cfea78,0x000000000055dc95,0x3fedd0be6c4371a2,0x0000000080005780,0x0000000000000000,0x4025772550fc5339,0x4129fe50d2ca57a8,0x41520766c868db8c,0x3f8314f4c02b2a00,0x0000000000000000,0x0000000000000000,0x0000000080005780,0x0000000001ba4a7e,0x0000000001ae7c66,0x0000000001ba4a7e,0x0000000001ae7c66,0x0000000000280b02,0x0000000000000c95,0x00000000000052f0,0x0000000000000d37,0x00000000000099d4,0x0000000000d08cf7,0x0000000000001666
1784433240121,0x000000008000571c,0x0000000080019070,0x0000000080007a7a,0x000000000000000f,0x0000000080019310,0x00000000800190b0,0x0000000080019548,0x00000000800191f0,0x0000000000000006,0x00000000800191f0,0x0000000000000005,0x0000000000000006,0x000000008000f201,0x3fe196ce888202f8,0x0000000000000000,0xffffffffa6c0681e,0x000000000064600c,0x3fedd0be6c4371a2,0x0000000080004b54,0x0000000000000000,0x414fe498d7b4a234,0x4129fe451bda511a,0x4152076c27765fd9,0x3ff0000000000000,0x0000000000000000,0x0000000000000000,0x0000000080004b54,0x0000000001baf515,0x0000000001af2142,0x0000000001baf515,0x0000000001af2142,0x0000000000281d49,0x0000000000000c97,0x00000000000052f2,0x0000000000000d41,0x0000000000009a22,0x0000000000d0dfa9,0x000000000000166b
1784433241039,0x00000000800057ae,0x0000000080018d90,0x0000000080007a7a,0x0000000000000000,0x00000000800191f0,0x0000000080018de0,0x0000000080018f50,0x000000008000f238,0x0000000000000006,0x0000000000000006,0x0000000000000002,0x0000000000000006,0x0000000065cffe7b,0x0000000043f14ce4,0x0000000000000000,0x0000000065cfea78,0x000000000055dc95,0x3fedd0be6c4371a2,0x00000000800049b0,0x0000000000000000,0x4025772550fc5339,0x4129fe451bda511a,0x4152076c27765fd9,0x8000000000000000,0x0000000000000000,0x0000000000000000,0x00000000800049b0,0x0000000001bbcd38,0x0000000001aff9ee,0x0000000001bbcd38,0x0000000001aff9ee,0x0000000000282ef2,0x0000000000000ca0,0x00000000000052f2,0x0000000000000d41,0x0000000000009a3b,0x0000000000d1481f,0x000000000000166e
1784433241951,0x000000008000575e,0x0000000080019070,0x0000000080007a7a,0x000000000000000f,0x00000000800191f0,0x00000000800190b0,0x00000000800190d0,0x00000000800002d0,0x000000008000f238,0x0000000000000006,0x00000000800002d0,0x0000000000000003,0x000000008000f201,0x3fe33fd16926ad61,0x0000000000000000,0x000000002b1a6cde,0x00000000004fb393,0x3fedd0be6c4371a2,0x0000000080004c42,0x0000000000000000,0x414fe49a93da511a,0x4129fe3982c3c9ef,0x4152076ceb9096bc,0x3fc17a1e17d07729,0x3fe185d1eca6d032,0x3f747ae147ae147c,0x0000000080004c42,0x0000000001bca638,0x0000000001b0cce6,0x0000000001bca638,0x0000000001b0cce6,0x000000000028451f,0x0000000000000ca2,0x00000000000052f4,0x0000000000000d4b,0x0000000000009a81,0x0000000000d1b089,0x0000000000001671
1784433242834,0x0000000080006260,0x0000000080019230,0x402a6014520d6113,0x0000000000000000,0x0000000000000000,0x0000000080019440,0x0000000080019698,0x00000000800194a0,0x000000008000f238,0x00000000800003f0,0x0000000000000005,0x0000000000000005,0x000000005fed7dea,0xffffffffdcff6fd8,0x0000000000000000,0x000000005f697ce0,0x000000000054f123,0x3fedd0be6c4371a2,0x0000000080005bce,0x0000000000000000,0x40253c48f73fdbf6,0x4129fe3982c3c9ef,0x4152076ceb9096bc,0x01a56e1fc2f8f359,0x4012207dfca3cb69,0x4012207dfca3cb69,0x0000000080005bce,0x0000000001bd7915,0x0000000001b19fdb,0x0000000001bd7915,0x0000000001b19fdb,0x0000000000285651,0x0000000000000cab,0x00000000000052f4,0x0000000000000d4b,0x0000000000009ab7,0x0000000000d21767,0x0000000000001674
1784433243733,0x0000000080005850,0x0000000080018ed0,0x0000000080007a7a,0x000000000000000f,0x00000000800191f0,0x0000000080018f20,0x00000000800191f0,0x0000000080019310,0x0000000000000003,0x0000000000000006,0x0000000080019310,0x0000000000000001,0x000000008000f201,0x3fe56cbdb95fa0a7,0x0000000000000000,0x0000000021eccde0,0x00000000004fb31b,0x3fedd0be6c4371a2,0x00000000800049d0,0x0000000000000000,0x414fe498bef34d6a,0x4129fe42ab439581,0x4152076be88b4396,0x0000000000000000,0x0000000000000000,0x0000000000000000,0x00000000800049d0,0x0000000001be5fe0,0x0000000001b280d6,0x0000000001be5fe0,0x0000000001b280d6,0x0000000000286d88,0x0000000000000cad,0x00000000000052f7,0x0000000000000d59,0x0000000000009adc,0x0000000000d2857d,0x0000000000001678
1784433244613,0x00000000800056f8,0x0000000080019060,0x0000000080007a7a,0x000000000000000f,0x0000000080019430,0x00000000800190b0,0x0000000080019548,0x000000008000f238,0x0000000000000006,0x0000000000000006,0x0000000000000002,0x000000000000000c,0x000000008000f201,0x3fe5e834222ef825,0x0000000000000000,0x0000000036e5f3ae,0x000000000079c62e,0x3fedd0be6c4371a2,0x0000000080004970,0x0000000000000000,0x414fe498abd70a3d,0x4129fe4327d566cf,0x4152076aca90ff97,0x0000000000000000,0x0000000000000000,0x0000000000000000,0x0000000080004970,0x0000000001bf331d,0x0000000001b34fd0,0x0000000001bf331d,0x0000000001b34fd0,0x0000000000288399,0x0000000000000cb8,0x00000000000052fa,0x0000000000000d65,0x0000000000009b34,0x0000000000d2ee6a,0x000000000000167b
1784433245378,0x0000000080005018,0x0000000080018de0,0x0000000080007a7a,0x000000000000000f,0x00000000800191f0,0x0000000080018e40,0x0000000080019118,0x0000000080018ef8,0x0000000000000003,0x0000000080019118,0x0000000080019118,0xffffffffffffffff,0x000000008000f201,0x3fe5e834222ef825,0x0000000000000000,0x0000000036e5f3ae,0x000000000079c62e,0x3fedd0be6c4371a2,0x0000000080004e9a,0x0000000000000000,0x414fe498abd70a3d,0x4129fe4327d566cf,0x4152076aca90ff97,0x3ff12c1dda6375ca,0x402e61c980105fa6,0x403e88fa391e4302,0x0000000080004e9a,0x0000000001bfe042,0x0000000001b3fbfe,0x0000000001bfe042,0x0000000001b3fbfe,0x0000000000289161,0x0000000000000cb8,0x00000000000052fa,0x0000000000000d65,0x0000000000009b3d,0x0000000000d33f82,0x000000000000167e
1784433245931,0x00000000800056f8,0x0000000080019060,0x0000000080007a7a,0x000000000000000f,0x0000000080019430,0x00000000800190b0,0x0000000080019548,0x000000008000f238,0x0000000000000006,0x0000000000000006,0x0000000000000000,0x0000000000000018,0x000000008000f201,0x3fe4ca11c75e7e34,0x0000000000000000,0x0000000064c3adf8,0x00000000006111e9,0x3fedd0be6c4371a2,0x00000000800049e0,0x0000000000000000,0x414fe49ace9ad42c,0x4129fe47bedfa440,0x4152076c793404ea,0x0000000000000000,0x0000000000000000,0x0000000000000000,0x00000000800049e0,0x0000000001c0b526,0x0000000001b4cc79,0x0000000001c0b526,0x0000000001b4cc79,0x000000000028a794,0x0000000000000cc3,0x00000000000052fc,0x0000000000000d6f,0x0000000000009ba0,0x0000000000d3a933,0x0000000000001681
1784433246685,0x00000000800058f2,0x0000000080018ed0,0x0000000080007a7a,0x0000000000000000,0x00000000800191f0,0x0000000080018f20,0x00000000800193a0,0x00000000800194a0,0x0000000000000006,0x0000000000000003,0x0000000000000001,0x0000000000000009,0x0000000065cffe7b,0x0000000043f14ce4,0x0000000000000000,0x0000000065cfea78,0x000000000055dc95,0x3fedd0be6c4371a2,0x0000000080004998,0x0000000000000000,0x4025772550fc5339,0x4129fe47bedfa440,0x4152076c793404ea,0x0000000000000000,0x0000000000000000,0x0000000000000000,0x0000000080004998,0x0000000001c1888e,0x0000000001b5a0af,0x0000000001c1888e,0x0000000001b5a0af,0x000000000028b8da,0x0000000000000ccc,0x00000000000052fc,0x0000000000000d6f,0x0000000000009bc0,0x0000000000d40f9b,0x0000000000001685
1784433247556,0x0000000080005744,0x0000000080019060,0x0000000080007a7a,0x000000000000000f,0x00000000800191f0,0x00000000800190b0,0x0000000080019310,0x00000000800191f0,0x0000000000000006,0x0000000000000006,0x0000000080019310,0x00000000800193a8,0x000000008000f201,0x3fe5a1aaabb0f31c,0x0000000000000000,0xffffffffa88d0b4e,0x00000000005d6f2c,0x3fedd0be6c4371a2,0x00000000800049a4,0x0000000000000000,0x414fe4971d32617c,0x4129fe52a8c154ca,0x4152076c64cb295f,0x0000000000000000,0x0000000000000000,0x0000000000000000,0x00000000800049a4,0x0000000001c26294,0x0000000001b674af,0x0000000001c26294,0x0000000001b674af,0x000000000028cf00,0x0000000000000cce,0x00000000000052fe,0x0000000000000d79,0x0000000000009c13,0x0000000000d47879,0x0000000000001688
1784433248439,0x00000000800057ae,0x0000000080018d90,0x0000000080007a7a,0x0000000000000000,0x00000000800191f0,0x0000000080018de0,0x0000000080018f50,0x000000008000f238,0x0000000000000006,0x0000000000000006,0x0000000080018df0,0x0000000080018ea8,0x0000000065cffe7b,0x0000000043f14ce4,0x0000000000000000,0x0000000065cfea78,0x000000000055dc95,0x3fedd0be6c4371a2,0x0000000080004982,0x0000000000000000,0x4025772550fc5339,0x4129fe52a8c154ca,0x4152076c64cb295f,0xbf9287f43dd4dd22,0x0000000000000000,0x0000000000000000,0x0000000080004982,0x0000000001c3374b,0x0000000001b74973,0x0000000001c3374b,0x0000000001b74973,0x000000000028e067,0x0000000000000cd7,0x00000000000052fe,0x0000000000000d79,0x0000000000009c3a,0x0000000000d4df21,0x000000000000168b
1784433249361,0x00000000800066d4,0x0000000080019700,0x402a6014520d6113,0x0000000000000000,0x0000000000000000,0x00000000800199a0,0x0000000020000004,0x000000000000000a,0x000000008000f3a8,0x000000008000f3a8,0x0000000000000ed1,0x0000000000000ed2,0x000000001df9cf3a,0xffffffffba66e6ec,0x0000000000000000,0x000000001dd18b38,0x00000000004fc762,0x3fedd0be6c4371a2,0x00000000800066e4,0x0000000000000000,0x4023f1d8ae99b9bb,0x4129fe52a8c154ca,0x4152076c64cb295f,0x01a56e1fc2f8f359,0x3ff0000000000000,0x4023f1d8ae99b9bb,0x00000000800066e4,0x0000000001c40e9e,0x0000000001b837f9,0x0000000001c40e9e,0x0000000001b837f9,0x000000000028ea61,0x0000000000000cd9,0x000000000000530e,0x0000000000000d8b,0x0000000000009c86,0x0000000000d5775d,0x0000000000001694
